query_phase,layer,head,mean_active_minus_inactive,cohens_d_vs_zero,abs_cohens_d,active_preference_rate,harmful_mean,benign_mean,n
post_selector,9,11,0.007659504120965669,2.4206529315506735,2.4206529315506735,1.0,0.007969470781972585,0.007349537459958753,64
post_selector,14,11,0.010783369623823043,1.9385738263266712,1.9385738263266712,0.984375,0.00967627926729615,0.011890459980349934,64
post_selector,18,13,-0.010619507236697195,-1.9273379524331105,1.9273379524331105,0.0,-0.00944439454178786,-0.011794619931606527,64
post_selector,18,12,-0.011008808563929004,-1.8937893158003263,1.8937893158003263,0.0,-0.012033957318635612,-0.009983659809222396,64
post_selector,19,30,-0.027035867176891725,-1.8858862195598873,1.8858862195598873,0.0,-0.032183287694351706,-0.021888446659431748,64
post_selector,13,14,0.01920394375338215,1.7719118749404537,1.7719118749404537,1.0,0.019235196552472147,0.019172690954292148,64
post_selector,24,21,0.003087762945142413,1.6837658202765755,1.6837658202765755,1.0,0.0026808269285538205,0.0034946989617310065,64
post_selector,21,31,0.010599245018965989,1.6615768471636343,1.6615768471636343,0.984375,0.009679709983174651,0.01151878005475733,64
post_selector,16,23,0.0465763646207051,1.5764769635773213,1.5764769635773213,0.921875,0.038133670226670774,0.05501905901473943,64
post_selector,20,9,0.0020585490092343674,1.5695901052727308,1.5695901052727308,0.921875,0.001843584585003511,0.0022735134334652242,64
post_selector,15,5,0.0038176585694599894,1.4885630724536796,1.4885630724536796,0.96875,0.0035375261140870406,0.004097791024832938,64
post_selector,20,15,0.033937614687602,1.4814501386410144,1.4814501386410144,0.90625,0.02856762480223548,0.039307604572968516,64
post_selector,18,15,0.030917855699954037,1.4770525025583074,1.4770525025583074,1.0,0.02330543832795224,0.038530273071955834,64
post_selector,17,15,0.042935810044582426,1.4475755517811166,1.4475755517811166,1.0,0.034485821481212,0.05138579860795284,64
post_selector,19,0,-0.009800771789741659,-1.4030376829750786,1.4030376829750786,0.03125,-0.01015901383652813,-0.009442529742955185,64
post_selector,21,18,0.011288636214885583,1.380780540466817,1.380780540466817,0.984375,0.01346356725844085,0.009113705171330313,64
post_selector,16,17,-0.021857548839761834,-1.3720558025763798,1.3720558025763798,0.0,-0.023921626576338853,-0.019793471103184815,64
post_selector,17,4,0.02260508643303178,1.3624776680353947,1.3624776680353947,1.0,0.014941987443307828,0.030268185422755736,64
post_selector,9,8,0.002047665100690168,1.35332111286986,1.35332111286986,0.9375,0.002140762171620694,0.001954568029759643,64
post_selector,9,10,0.010014408719143778,1.3498420077264912,1.3498420077264912,1.0,0.011530068673891896,0.008498748764395658,64
post_selector,20,12,-0.004750565651192984,-1.3377681852248795,1.3377681852248795,0.03125,-0.005282196740154128,-0.004218934562231841,64
post_selector,19,31,0.023738067087833728,1.3187138658093756,1.3187138658093756,1.0,0.02020802372135217,0.02726811045431528,64
post_selector,18,11,-0.027390130282583372,-1.2815653978579074,1.2815653978579074,0.046875,-0.033205015410203445,-0.021575245154963292,64
post_selector,23,5,0.004438924044734413,1.2659240709455433,1.2659240709455433,0.90625,0.003517248427669947,0.0053605996617988785,64
post_selector,19,21,-0.0028086239981348236,-1.2453326593183165,1.2453326593183165,0.09375,-0.002753033535554959,-0.0028642144607146872,64
post_selector,20,23,0.008663591652293646,1.2215326146621697,1.2215326146621697,0.9375,0.008066268695984001,0.009260914608603291,64
post_selector,19,25,0.006226653240446422,1.2111654903901519,1.2111654903901519,0.90625,0.0032619190897093687,0.009191387391183477,64
post_selector,21,11,0.011472947760921637,1.1921781834716925,1.1921781834716925,0.90625,0.008785377860476703,0.014160517661366572,64
post_selector,24,29,0.012248521232322632,1.1878535922329898,1.1878535922329898,0.953125,0.00986562132675314,0.014631421137892123,64
post_selector,12,28,-0.0021718323323511443,-1.1816432473921823,1.1816432473921823,0.09375,-0.002057781874100288,-0.002285882790602,64
post_selector,12,31,0.02331858401521454,1.1809163327353989,1.1809163327353989,0.984375,0.023337310223723717,0.023299857806705356,64
post_selector,26,26,0.0051106597420584425,1.1504478753610476,1.1504478753610476,0.953125,0.002714990339882169,0.007506329144234715,64
post_selector,24,5,0.002786830620607324,1.1272306197098632,1.1272306197098632,0.921875,0.002816865433487658,0.0027567958077269897,64
post_selector,17,12,0.003969027447965307,1.1259145833628939,1.1259145833628939,0.890625,0.0034570151183288223,0.004481039777601794,64
post_selector,14,7,0.026436575404659334,1.1235232153843056,1.1235232153843056,0.984375,0.021479371105669956,0.03139377970364871,64
post_selector,27,16,0.0025618535219109314,1.1153017502229416,1.1153017502229416,0.859375,0.0024105022457660934,0.0027132047980557685,64
post_selector,15,7,0.039693802231340634,1.1069305794584121,1.1069305794584121,0.859375,0.02706715071690266,0.0523204537457786,64
post_selector,13,13,0.0038734479121557723,1.0886827674004433,1.0886827674004433,0.984375,0.005026242753956411,0.0027206530703551314,64
post_selector,26,24,0.002753713823039972,1.084842383913567,1.084842383913567,0.953125,0.0019621211358753126,0.003545306510204632,64
post_selector,18,10,-0.008607942389062328,-1.0738121460002272,1.0738121460002272,0.0625,-0.00808303887606595,-0.009132845902058706,64
post_selector,23,10,0.026281544327503032,1.068717664184854,1.068717664184854,0.9375,0.023998325923457707,0.028564762731548354,64
post_selector,29,7,0.007029204623904623,1.041688765179639,1.041688765179639,0.875,0.004616086775058623,0.009442322472750623,64
post_selector,23,4,0.004379692033580747,1.0037312267888945,1.0037312267888945,0.953125,0.0030679174542455655,0.005691466612915928,64
post_selector,33,15,0.010252753214444925,1.0006390957302218,1.0006390957302218,0.90625,0.009494554338743865,0.011010952090145985,64
post_selector,28,23,0.002964329458336543,0.9998750116975067,0.9998750116975067,0.890625,0.0015023356681922173,0.004426323248480869,64
post_selector,29,2,0.0025225657136615657,0.99169500231634,0.99169500231634,0.90625,0.0022722574321960153,0.0027728739951271156,64
post_selector,34,3,0.0038073923169576725,0.982030958592425,0.982030958592425,0.796875,0.001174832541437347,0.006439952092477997,64
post_selector,33,18,0.003717953135492243,0.9662455440346756,0.9662455440346756,0.890625,0.0032166731107281135,0.004219233160256372,64
post_selector,23,30,0.009300621277361606,0.9498499894062745,0.9498499894062745,0.84375,0.005577249568887031,0.013023992985836182,64
post_selector,31,30,0.004260554223947062,0.9485414515151731,0.9485414515151731,0.921875,0.0029046813833701465,0.005616427064523978,64
post_selector,31,6,0.0014590821547244294,0.9411172651265951,0.9411172651265951,0.78125,0.0011393741970095717,0.0017787901124392874,64
post_selector,34,5,0.0021168199182283985,0.9213230882855548,0.9213230882855548,0.78125,0.0010775984228530312,0.003156041413603766,64
post_selector,34,1,0.0012198249960419737,0.9190788179623686,0.9190788179623686,0.875,0.0008495868551108037,0.0015900631369731438,64
post_selector,18,8,0.010746766878582972,0.9103962084155172,0.9103962084155172,0.8125,0.009831501272856225,0.011662032484309717,64
post_selector,24,23,0.010898203876422437,0.9103229534580907,0.9103229534580907,1.0,0.011654307108983583,0.01014210064386129,64
post_selector,24,7,0.00033523580930247185,0.9070362255463723,0.9070362255463723,0.78125,0.0003401414799099851,0.0003303301386949587,64
post_selector,13,31,-0.00762258630857102,-0.9050688652049075,0.9050688652049075,0.21875,-0.007709734840318535,-0.007535437776823504,64
post_selector,33,10,0.002565555385444858,0.9021246600261039,0.9021246600261039,0.828125,0.000591182069911129,0.004539928700978588,64
post_selector,20,7,0.0014582126223103605,0.8988895082207154,0.8988895082207154,0.765625,0.001123033012845546,0.001793392231775175,64
post_selector,22,11,0.004998895679818783,0.8977923646786617,0.8977923646786617,0.890625,0.0050593758714967095,0.0049384154881408565,64
post_selector,13,15,0.006020547666139414,0.8964327029438582,0.8964327029438582,0.9375,0.007160910720813206,0.004880184611465622,64
post_selector,28,16,0.00038034413728380045,0.8926999960427944,0.8926999960427944,0.828125,0.00017398332329320493,0.0005867049512743959,64
post_selector,19,11,-0.0016714561843400172,-0.8897939901643104,0.8897939901643104,0.171875,-0.0020017611350339843,-0.00134115123364605,64
post_selector,20,29,0.020351396437035846,0.886638284859376,0.886638284859376,0.765625,0.022195411394932273,0.01850738147913942,64
post_selector,34,2,0.002071478227662708,0.8782575739650018,0.8782575739650018,0.796875,0.0013244938854768283,0.0028184625698485875,64
post_selector,33,30,0.0015491094363823882,0.8751412653771226,0.8751412653771226,0.859375,0.0006776126610929889,0.0024206062116717874,64
post_selector,32,2,0.005881480406969744,0.8674997571941748,0.8674997571941748,0.90625,0.0028178639040561115,0.008945096909883378,64
post_selector,17,7,0.004626327972800917,0.8609732755819173,0.8609732755819173,0.734375,0.0039105998803279154,0.005342056065273919,64
post_selector,20,13,0.006599468953936562,0.8525165136808698,0.8525165136808698,0.859375,0.004375930744572516,0.00882300716330061,64
post_selector,28,21,0.001788062403647899,0.8510367834870257,0.8510367834870257,0.796875,0.0011302268831059163,0.0024458979241898816,64
post_selector,29,5,0.0033219453689525558,0.8385930183564679,0.8385930183564679,0.8125,0.0014538661380356557,0.005190024599869456,64
post_selector,20,8,0.0031787325024197027,0.8299697395843397,0.8299697395843397,0.859375,0.003433811194554405,0.002923653810285001,64
post_selector,12,11,0.007239771828608321,0.8284148553390125,0.8284148553390125,0.90625,0.010012700622610244,0.004466843034606397,64
post_selector,31,28,0.002639091366290784,0.8260038918185719,0.8260038918185719,0.765625,0.000978555348410728,0.0042996273841708395,64
post_selector,32,11,0.0043724513234337445,0.8192558921583519,0.8192558921583519,0.875,0.00367273038500568,0.005072172261861808,64
post_selector,34,7,0.002865919996111159,0.8161497287589858,0.8161497287589858,0.78125,0.0023199619790830028,0.0034118780131393153,64
post_selector,16,2,0.0015773290610922642,0.8149685055305996,0.8149685055305996,0.953125,0.0012205804769109313,0.001934077645273597,64
post_selector,12,29,0.016226342769641588,0.8113640361214781,0.8113640361214781,0.984375,0.019867623313075407,0.012585062226207767,64
post_selector,14,9,0.002011678585404277,0.8023633586760105,0.8023633586760105,0.75,0.001966252455531485,0.002057104715277069,64
post_selector,20,21,0.010606737556372516,0.7976421438820538,0.7976421438820538,0.734375,0.01030895846633937,0.010904516646405665,64
post_selector,14,23,0.0002991134792864233,0.797145455512864,0.797145455512864,0.75,0.0002559131144152669,0.0003423138441575797,64
post_selector,24,4,0.0007869924875194316,0.7902488452013172,0.7902488452013172,0.75,0.0010867705022974076,0.0004872144727414556,64
post_selector,30,27,0.0035106345385429033,0.7868064835198463,0.7868064835198463,0.90625,0.002280576016346416,0.00474069306073939,64
post_selector,18,16,0.001289698426262446,0.7646959417182161,0.7646959417182161,0.78125,0.0010500620846869142,0.0015293347678379781,64
post_selector,24,31,0.006744648577296154,0.7619041211677102,0.7619041211677102,0.734375,0.006697007716866191,0.006792289437726119,64
post_selector,20,0,-0.006299724180280448,-0.756789890252661,0.756789890252661,0.296875,-0.006136173207778463,-0.0064632751527824335,64
post_selector,29,11,0.00306928120198787,0.7561230591304066,0.7561230591304066,0.875,0.0018077641734634813,0.00433079823051226,64
post_selector,34,0,0.0010527666672714598,0.7533283744013881,0.7533283744013881,0.859375,0.0008730127283342523,0.001232520606208667,64
post_selector,11,7,0.003984795150245161,0.752288032919052,0.752288032919052,0.796875,0.0036952296904928373,0.004274360609997484,64
post_selector,32,10,0.0016643186081637062,0.7499073146532623,0.7499073146532623,0.890625,0.0014099645777605188,0.0019186726385668935,64
post_selector,24,13,0.004924283801301457,0.7475698229706436,0.7475698229706436,0.890625,0.0034357733020442234,0.006412794300558691,64
post_selector,29,6,0.004304058715206311,0.7403283667593359,0.7403283667593359,0.765625,0.0022549612403963562,0.006353156190016265,64
post_selector,16,28,-0.006034362741047499,-0.7398623009251064,0.7398623009251064,0.296875,-0.005306838720571238,-0.006761886761523759,64
post_selector,16,22,-0.01846730497709359,-0.7377281029184976,0.7377281029184976,0.5,-0.017316919984295964,-0.019617689969891213,64
post_selector,15,15,0.0032619591283946396,0.7371103552695948,0.7371103552695948,0.765625,0.004227461025948256,0.002296457230841023,64
post_selector,21,8,0.0032598629368294184,0.7318091338939042,0.7318091338939042,0.78125,0.003553723392542416,0.0029660024811164207,64
response_mean,24,12,0.002221171012934036,0.7290444059720173,0.7290444059720173,0.78125,0.0018563717130745865,0.002585970312793485,64
post_selector,31,29,0.0010504443434910865,0.7267673321845761,0.7267673321845761,0.765625,0.0005960749440418867,0.0015048137429402864,64
post_selector,31,31,0.003258892003032067,0.7263122880537936,0.7263122880537936,0.765625,0.0027512270917213677,0.0037665569143427663,64
post_selector,17,13,0.0034415646587148963,0.7224246852056861,0.7224246852056861,0.75,0.002569782387581628,0.004313346929848163,64
post_selector,13,24,0.0006668165979135375,0.7188525296048207,0.7188525296048207,0.8125,0.0005474092067742964,0.0007862239890527787,64
post_selector,26,27,0.001773883587702539,0.7176096297441052,0.7176096297441052,0.859375,0.0020371182890812165,0.0015106488863238616,64
post_selector,33,16,0.0027124970110889704,0.7170200015342141,0.7170200015342141,0.859375,0.0008906878174457091,0.004534306204732231,64
post_selector,29,0,0.00735732139582976,0.7109844614883067,0.7109844614883067,0.765625,0.0034735012668534087,0.01124114152480611,64
post_selector,18,30,0.014866971738229007,0.7090890631588911,0.7090890631588911,0.859375,0.007718692577327576,0.022015250899130437,64
post_selector,16,25,0.002755881541816027,0.7076312497115946,0.7076312497115946,0.75,0.0036894850927637595,0.0018222779908682947,64
post_selector,20,1,0.0024378315538342334,0.7069006525847771,0.7069006525847771,0.703125,0.002745607867836928,0.002130055239831539,64
post_selector,23,23,0.0018192282077506897,0.7054711371886545,0.7054711371886545,0.703125,0.0013996891284477812,0.002238767287053598,64
post_selector,12,1,0.005875732071217486,0.6970383605230528,0.6970383605230528,0.625,0.005355274835892474,0.006396189306542497,64
response_mean,24,14,0.003028546709174384,0.6943132596830447,0.6943132596830447,0.75,0.0015035234928291031,0.004553569925519666,64
post_selector,15,8,0.00247416895945205,0.6939603197797355,0.6939603197797355,0.765625,0.001812186746974464,0.0031361511719296365,64
post_selector,12,15,0.010681248209948516,0.6934331421088277,0.6934331421088277,0.6875,0.012588994424731914,0.008773501995165118,64
post_selector,12,22,-0.0005694339697583659,-0.6911648325257839,0.6911648325257839,0.234375,-0.000573838780837801,-0.0005650291586789308,64
post_selector,31,7,0.0008976569174592098,0.6891447811841551,0.6891447811841551,0.859375,0.0006634612009292723,0.0011318526339891472,64
post_selector,20,31,-0.010015308695074046,-0.6889992357355756,0.6889992357355756,0.40625,-0.009814042667130696,-0.010216574723017395,64
post_selector,33,19,0.003644855176389661,0.6860179644371378,0.6860179644371378,0.734375,0.0013870261391275502,0.005902684213651772,64
post_selector,23,31,0.0032110892871059964,0.6842118845092732,0.6842118845092732,0.609375,0.0036638830770243562,0.0027582954971876366,64
post_selector,27,18,0.0009570414572408201,0.6824099217552401,0.6824099217552401,0.78125,0.00020116589530515754,0.0017129170191764827,64
post_selector,21,10,0.00232589475126585,0.6800988880496347,0.6800988880496347,0.796875,0.0015968166990205377,0.0030549728035111634,64
post_selector,18,2,0.0012782020444319358,0.6783182165912603,0.6783182165912603,0.8125,0.0009101041578105362,0.001646299931053335,64
post_selector,16,4,0.0018092050049744622,0.6756199575827406,0.6756199575827406,0.875,0.001467766256610016,0.0021506437533389084,64
post_selector,32,3,0.00401271657210597,0.6711428633222686,0.6711428633222686,0.828125,0.0027394458411435845,0.005285987303068356,64
post_selector,16,11,0.0005136772751938887,0.6692684369473666,0.6692684369473666,0.734375,0.0004368688223621305,0.0005904857280256468,64
post_selector,10,24,0.00305339251826807,0.6688776782502202,0.6688776782502202,0.640625,0.003600397194531962,0.002506387842004178,64
post_selector,11,22,0.0007272574252397008,0.6671636962663268,0.6671636962663268,0.53125,0.0008403518379509311,0.0006141630125284705,64
post_selector,26,16,0.0007624520048920954,0.665621867585136,0.665621867585136,0.703125,0.0008665646128065128,0.0006583393969776781,64
post_selector,31,14,0.0022018813970134726,0.6645278071843508,0.6645278071843508,0.765625,0.0016793054037407091,0.0027244573902862356,64
post_selector,11,15,0.0028689238897640903,0.6610671478084769,0.6610671478084769,0.78125,0.0019826551324513024,0.0037551926470768783,64
post_selector,34,29,0.0009395796059834341,0.6572445311687668,0.6572445311687668,0.671875,9.113021587836952e-05,0.0017880289960884987,64
post_selector,0,2,-0.0016997093830468661,-0.6496281721092914,0.6496281721092914,0.5,-0.0011504048306960634,-0.002249013935397669,64
post_selector,33,29,0.0015434862079927994,0.6473979499110499,0.6473979499110499,0.765625,0.0003921977877325707,0.002694774628253028,64
post_selector,32,0,0.00201591094082684,0.6472569393441235,0.6472569393441235,0.78125,0.0010018139219027835,0.0030300079597508967,64
post_selector,30,25,0.0010511520836189066,0.6456132739840076,0.6456132739840076,0.890625,0.0010289610045219563,0.0010733431627158565,64
post_selector,33,13,0.0020673056733357636,0.6439838488090885,0.6439838488090885,0.828125,0.0015001166757428802,0.002634494670928647,64
post_selector,15,6,0.007100325512510592,0.6439209112699099,0.6439209112699099,0.640625,0.005070297105703491,0.009130353919317694,64
post_selector,32,5,0.0013296853012434123,0.6422662457885894,0.6422662457885894,0.859375,0.00037326041456251977,0.0022861101879243046,64
post_selector,33,17,0.0022269389746724954,0.641918694074393,0.641918694074393,0.796875,0.00019406836690905052,0.0042598095824359404,64
post_selector,24,15,0.0018174710839957467,0.6390752629184474,0.6390752629184474,0.765625,0.002076793527521631,0.0015581486404698621,64
post_selector,24,0,0.00022134799803550937,0.6358342774774962,0.6358342774774962,0.640625,0.00017251666827176887,0.0002701793277992499,64
post_selector,0,22,-4.903368869689255e-05,-0.634027797613214,0.634027797613214,0.5,-4.343545936078911e-05,-5.463191803299599e-05,64
post_selector,12,30,0.00965841268589426,0.6335055920636493,0.6335055920636493,0.84375,0.011417553494538846,0.007899271877249672,64
post_selector,16,21,0.0025376792473252707,0.6335011976928123,0.6335011976928123,0.65625,0.0022719176049577016,0.002803440889692841,64
post_selector,33,9,0.0012978361401110121,0.6297463077598792,0.6297463077598792,0.71875,0.000507698430737949,0.002087973849484075,64
post_selector,29,12,0.0011410990246076653,0.6280404111255369,0.6280404111255369,0.71875,0.0005163538426131604,0.0017658442066021698,64
response_mean,26,26,0.0033710284521930325,0.6269869595683308,0.6269869595683308,0.75,0.002407800210676208,0.004334256693709857,64
response_mean,26,27,0.00206212247712753,0.6203273629008815,0.6203273629008815,0.84375,0.0012628029635379612,0.002861441990717099,64
post_selector,15,9,0.0007920272075807263,0.619575201045888,0.619575201045888,0.84375,0.0004782405312653049,0.0011058138838961479,64
post_selector,29,3,0.004226846755045678,0.6175429846196303,0.6175429846196303,0.75,0.0008633218749309877,0.007590371635160369,64
post_selector,11,5,0.00038004775649368367,0.6167627388631974,0.6167627388631974,0.625,0.0004609244545008425,0.00029917105848652496,64
response_mean,26,20,0.00019279045903884074,0.6162785639367537,0.6162785639367537,0.78125,0.00020523777027390747,0.00018034314780377404,64
response_mean,23,30,0.002589414036719951,0.6135127953808193,0.6135127953808193,0.734375,0.0007799193354003388,0.004398908738039562,64
post_selector,10,25,0.0009948780391368772,0.6109720006206649,0.6109720006206649,0.609375,0.0012402186384861005,0.000749537439787654,64
post_selector,22,22,0.0005748667595071042,0.6069040395804715,0.6069040395804715,0.78125,0.0006617016679228724,0.00048803185109133585,64
post_selector,0,26,0.003601849437472992,0.606167625232905,0.606167625232905,0.5,0.0033968898787861625,0.003806808996159822,64
post_selector,34,31,0.0010409703986624442,0.5988275794173014,0.5988275794173014,0.65625,0.00012562067786348272,0.0019563201194614053,64
post_selector,28,19,0.0006263200052671653,0.5979280016525009,0.5979280016525009,0.703125,0.00033550039734108996,0.0009171396131932406,64
post_selector,14,20,0.0008869008377132487,0.5976728880938288,0.5976728880938288,0.5,0.000971070222476541,0.0008027314529499565,64
post_selector,29,9,0.0038274847975116994,0.596358323169947,0.596358323169947,0.703125,0.002929358994151688,0.004725610600871712,64
post_selector,28,0,0.006429754235796271,0.5946417806719626,0.5946417806719626,0.578125,0.004849757489864706,0.008009750981727837,64
post_selector,11,28,0.00044205612221047847,0.5943734021250462,0.5943734021250462,0.5,0.0004926712213091215,0.0003914410231118352,64
post_selector,11,4,0.00216045755041703,0.594072365995098,0.594072365995098,0.671875,0.0023742979974485743,0.0019466171033854856,64
response_mean,24,31,0.00097818589142659,0.5921823537809108,0.5921823537809108,0.78125,0.0004354562897788046,0.0015209154930743755,64
response_mean,23,10,0.005025787831982575,0.5912993093113104,0.5912993093113104,0.71875,0.0017800855275709095,0.00827149013639424,64
post_selector,14,29,0.000474561961709694,0.586128229263024,0.586128229263024,0.546875,0.000607282324381214,0.000341841599038174,64
post_selector,27,15,0.0005748438125010423,0.5852240673668678,0.5852240673668678,0.71875,-0.00015142495249164374,0.001301112577493728,64
post_selector,35,28,0.0004869856347795323,0.582078082568584,0.582078082568584,0.71875,0.00033276522663070786,0.0006412060429283568,64
post_selector,31,4,0.0021302711629686754,0.5768151152536964,0.5768151152536964,0.8125,0.0007126506425265504,0.0035478916834108002,64
post_selector,16,13,0.0014250267540773848,0.5744127831859761,0.5744127831859761,0.6875,0.0018500409569241658,0.0010000125512306037,64
post_selector,33,12,0.0029900598019593915,0.5722325505541163,0.5722325505541163,0.875,0.0029134231335774204,0.0030666964703413625,64
post_selector,21,29,0.0005190883102841034,0.5720533869838309,0.5720533869838309,0.75,0.000823613787360919,0.0002145628332072879,64
post_selector,4,25,0.005755260041041762,0.5719572500474152,0.5719572500474152,0.59375,0.007591456815134723,0.0039190632669488,64
post_selector,20,2,0.0020715175151053518,0.5696312416528145,0.5696312416528145,0.65625,0.003179233824994269,0.0009638012052164343,64
post_selector,24,30,0.0009904313196784365,0.5680004117487948,0.5680004117487948,0.859375,0.0013754882265857031,0.0006053744127711699,64
post_selector,20,20,0.0014950124805181817,0.5660533905949454,0.5660533905949454,0.640625,0.0012329427991062281,0.0017570821619301348,64
post_selector,14,26,0.00023613794178343247,0.5656797745215609,0.5656797745215609,0.734375,0.0001589987296028859,0.000313277153963979,64
post_selector,33,11,0.0025164929393213034,0.5649077205245837,0.5649077205245837,0.734375,3.958649904234381e-05,0.004993399379600262,64
post_selector,33,31,0.0009436817836103569,0.5647206350373761,0.5647206350373761,0.6875,-0.00029775432449240507,0.0021851178917131186,64
post_selector,29,13,0.00045545618604590353,0.5641131705409465,0.5641131705409465,0.703125,0.00028713090250674563,0.0006237814695850613,64
post_selector,0,17,0.006515831461911146,0.5637014245481227,0.5637014245481227,0.515625,0.009614638061975699,0.003417024861846592,64
post_selector,32,7,0.0034717024473138484,0.5624506034753202,0.5624506034753202,0.796875,0.0018526808944443435,0.005090724000183353,64
post_selector,28,1,0.003346728402902936,0.5620522899527187,0.5620522899527187,0.71875,0.0018651342143129997,0.0048283225914928715,64
post_selector,0,13,0.006158383926958761,0.561762602852792,0.561762602852792,0.6875,0.007546086271759098,0.0047706815821584245,64
post_selector,31,15,0.0028949109855602494,0.5611904047342345,0.5611904047342345,0.765625,0.002673998278623903,0.003115823692496595,64
post_selector,24,28,0.001910757691803147,0.5596126060080857,0.5596126060080857,0.65625,0.00279726116423261,0.0010242542193736846,64
post_selector,5,2,0.004864462360274027,0.5592774013965575,0.5592774013965575,0.6875,0.003087362623773494,0.006641562096774559,64
post_selector,19,9,0.0016627641498416705,0.5558028389737875,0.5558028389737875,0.59375,0.0013903083436161813,0.0019352199560671596,64
post_selector,34,13,0.00015811590412793966,0.5541301852846799,0.5541301852846799,0.6875,0.00024375412954211176,7.247767871376762e-05,64
post_selector,22,20,0.0024292238122143282,0.5524282288092794,0.5524282288092794,0.5625,0.0012089944139006593,0.0036494532105279965,64
post_selector,9,9,-0.005808199179227806,-0.5517925861283883,0.5517925861283883,0.5,-0.005819100373628299,-0.005797297984827312,64
post_selector,18,27,0.0013190435356591288,0.5509961571347414,0.5509961571347414,0.6875,0.001217331579027787,0.0014207554922904704,64
response_mean,26,24,0.0014315858409190397,0.5503346380885651,0.5503346380885651,0.796875,0.0019613606541497314,0.0009018110276883479,64
post_selector,18,4,0.0012010471982648405,0.5484363043126147,0.5484363043126147,0.734375,0.000623928157438051,0.0017781662390916298,64
post_selector,14,10,0.0018466827677911927,0.5440514194159717,0.5440514194159717,0.65625,0.0017630401089263439,0.0019303254266560413,64
post_selector,30,8,0.0014057449343453901,0.5392527458758639,0.5392527458758639,0.78125,0.0009951722731784617,0.0018163175955123187,64
post_selector,11,30,0.0006302826429873691,0.5333309728066243,0.5333309728066243,0.5,0.0006708171522404882,0.00058974813373425,64
post_selector,17,14,-0.004093663806997924,-0.5311253928879378,0.5311253928879378,0.375,-0.0043392067818785966,-0.0038481208321172527,64
post_selector,25,9,0.0002588130761296002,0.5302314071222091,0.5302314071222091,0.75,0.00044423395502231924,7.339219723688116e-05,64
post_selector,20,30,0.0028370498748699654,0.5284050326566812,0.5284050326566812,0.734375,0.0025095705459534374,0.003164529203786493,64
post_selector,29,15,0.00037634232762682714,0.5283052554683401,0.5283052554683401,0.703125,-5.902979864848249e-07,0.0007532749532401391,64
post_selector,31,3,0.0012164566760475073,0.5278815861739758,0.5278815861739758,0.703125,0.0009498813888057928,0.001483031963289222,64
post_selector,31,5,0.0033356244894093626,0.527879246067928,0.527879246067928,0.75,0.002248632052214798,0.004422616926603926,64
post_selector,18,22,-0.0022652024708804514,-0.5269367235022071,0.5269367235022071,0.25,-0.0013938915217295174,-0.003136513420031386,64
post_selector,11,29,0.0004565411551879909,0.5264079957276689,0.5264079957276689,0.6875,0.0006370268738464616,0.0002760554365295203,64
post_selector,11,6,0.000717872497034472,0.523682205162429,0.523682205162429,0.703125,0.0006351537690534242,0.0008005912250155197,64
post_selector,24,14,0.0015441976720466984,0.5221154786587648,0.5221154786587648,0.734375,0.0009240854560630281,0.0021643098880303685,64
post_selector,13,23,0.00010581544400166084,0.5210774525449188,0.5210774525449188,0.703125,0.00011217184567156727,9.94590423317544e-05,64
post_selector,33,28,0.0008677092500874725,0.5203026461971602,0.5203026461971602,0.765625,-5.1855349738623815e-05,0.0017872738499135686,64
post_selector,20,28,-0.004533844565230531,-0.5177246347172334,0.5177246347172334,0.375,-0.001650809943384953,-0.007416879187076109,64
post_selector,29,4,0.000768703592257205,0.5170082456390639,0.5170082456390639,0.703125,0.00043503368942764684,0.001102373495086763,64
post_selector,28,3,0.00597224728608125,0.5163266715838334,0.5163266715838334,0.5625,0.003852626257867088,0.008091868314295413,64
post_selector,13,19,0.0030184022600678534,0.5143604727653431,0.5143604727653431,0.875,0.002813144130868709,0.0032236603892669977,64
post_selector,22,21,-0.0003809841409747322,-0.5133563330375018,0.5133563330375018,0.265625,-0.00036439769974091845,-0.000397570582208546,64
post_selector,13,20,0.00021867014834241083,0.5111014705483815,0.5111014705483815,0.5625,0.0002337832349894431,0.0002035570616953785,64
response_mean,24,29,0.0010278460565586824,0.510734208963943,0.510734208963943,0.6875,6.0408152421587066e-05,0.0019952839606957777,64
post_selector,12,18,-0.0036144795412837816,-0.508001298895237,0.508001298895237,0.328125,-0.0033031541534000813,-0.0039258049291674806,64
post_selector,11,24,0.0053870524825469866,0.5073813691350814,0.5073813691350814,0.703125,0.004164849837252394,0.006609255127841578,64
post_selector,18,1,-0.0027315892803017024,-0.5066292599667048,0.5066292599667048,0.4375,-0.003401708228921053,-0.002061470331682352,64
response_mean,26,18,0.001918915149872176,0.5053311468700159,0.5053311468700159,0.703125,0.000963776521075484,0.0028740537786688678,64
post_selector,32,8,0.003027801275493372,0.5050675339492317,0.5050675339492317,0.84375,0.0027880887300852698,0.003267513820901475,64
post_selector,30,11,0.0024696424979992688,0.5045487241389046,0.5045487241389046,0.796875,0.0025310907167294984,0.002408194279269039,64
post_selector,9,4,0.00043160176937818143,0.5043499480717504,0.5043499480717504,0.5,0.00047180135334201287,0.00039140218541435,64
post_selector,25,6,0.0003256763502576963,0.5040909559247801,0.5040909559247801,0.703125,0.00028861268128819637,0.0003627400192271962,64
post_selector,17,1,-0.011185517432750203,-0.5028509858029565,0.5028509858029565,0.5,-0.006340711537632172,-0.01603032332786823,64
post_selector,17,20,-0.0005052180413258469,-0.5027883620486489,0.5027883620486489,0.328125,-0.0004993342145098596,-0.0005111018681418344,64
post_selector,24,8,0.0035732915457628908,0.5022555885440494,0.5022555885440494,0.75,0.0026116857916349376,0.0045348972998908435,64
post_selector,16,20,-0.000744778697480786,-0.5011570811681594,0.5011570811681594,0.328125,-0.0005287113199301545,-0.0009608460750314173,64
response_mean,24,15,0.0008398799197948226,0.4999548542092767,0.4999548542092767,0.65625,0.00044317562128525813,0.0012365842183043871,64
post_selector,22,4,0.0016668051994201782,0.4995661928071516,0.4995661928071516,0.671875,0.002468259306624503,0.0008653510922158531,64
post_selector,15,19,-0.0020431576595001215,-0.49952728163640686,0.49952728163640686,0.375,-0.0020317703383625385,-0.0020545449806377044,64
post_selector,11,0,0.002909746286604769,0.4994466703431825,0.4994466703431825,0.671875,0.002173035129089819,0.003646457444119718,64
post_selector,11,19,0.0006045215391168281,0.498459713597593,0.498459713597593,0.5,0.0007259324984261125,0.0004831105798075437,64
response_mean,24,11,0.00028198311463255207,0.49762162262583,0.49762162262583,0.703125,1.5149340470092322e-05,0.0005488168887950117,64
post_selector,22,23,0.00015602097653297844,0.4941300643898718,0.4941300643898718,0.78125,0.00017188991682812857,0.00014015203623782833,64
post_selector,25,10,0.0015821052047613,0.49354115580705327,0.49354115580705327,0.734375,0.0028686759433185,0.0002955344662041001,64
post_selector,28,2,0.00641303488009725,0.4934056704591939,0.4934056704591939,0.53125,0.006265748743317075,0.006560321016877426,64
response_mean,24,13,0.0013355895075619442,0.4908333869576593,0.4908333869576593,0.640625,9.435252695767457e-05,0.002576826488166214,64
post_selector,23,6,0.001159090355940851,0.4899839118740329,0.4899839118740329,0.640625,0.0007965590593812437,0.001521621652500458,64
final_prompt,26,26,0.002123247650160908,0.4890855818017611,0.4890855818017611,0.671875,0.002622796102514263,0.0016236991978075537,64
post_selector,6,5,0.0013291140567161938,0.48690965478001086,0.48690965478001086,0.671875,0.0014664584450656344,0.0011917696683667535,64
post_selector,10,14,-0.002994357335410311,-0.4843758003059726,0.4843758003059726,0.40625,-0.0030270405259216217,-0.0029616741448989996,64
post_selector,18,6,0.0017133736510004161,0.4841702583120758,0.4841702583120758,0.71875,0.0024331645909114437,0.0009935827110893886,64
post_selector,22,17,0.0006446752267947656,0.48415679004824436,0.48415679004824436,0.734375,0.0004798897571163,0.0008094606964732312,64
post_selector,19,2,0.003042438085685699,0.4826062721339007,0.4826062721339007,0.671875,0.004330802068579914,0.001754074102791484,64
post_selector,12,23,0.0008115455639199313,0.48157680303935435,0.48157680303935435,0.5,0.000729541525288375,0.0008935496025514874,64
post_selector,23,3,0.00010542493976116229,0.4810941471651997,0.4810941471651997,0.640625,0.0001490876154548219,6.176226406750266e-05,64
post_selector,21,27,-0.0013671222077391344,-0.4789425256601486,0.4789425256601486,0.296875,-0.0015594658907502655,-0.0011747785247280035,64
post_selector,21,24,-0.0010595043277134963,-0.4784025096644834,0.4784025096644834,0.359375,-0.0007666112687729658,-0.001352397386654027,64
post_selector,23,9,-0.0020224276304361298,-0.4758553966890364,0.4758553966890364,0.34375,-8.26792384032156e-05,-0.0039621760224690435,64
post_selector,33,20,0.0022832293834653375,0.47583753450158406,0.47583753450158406,0.71875,-8.075487130563934e-06,0.004574534254061239,64
post_selector,21,20,0.0012371032571536296,0.47444817682135293,0.47444817682135293,0.71875,0.001112035693950003,0.0013621708203572559,64
post_selector,17,17,0.004071523770107874,0.4725579866078181,0.4725579866078181,0.671875,0.00631612108554689,0.0018269264546688583,64
post_selector,19,10,0.006373500997142392,0.4723262552920425,0.4723262552920425,0.578125,0.005210470801102925,0.0075365311931818585,64
post_selector,30,24,0.00047897375816318604,0.4684504573850424,0.4684504573850424,0.609375,-0.0001913120004246337,0.0011492595167510058,64
post_selector,17,27,0.0063763440339243875,0.4660486474633844,0.4660486474633844,0.640625,0.0035206937463954035,0.009231994321453371,64
post_selector,33,14,0.003322908618429177,0.46561624001785507,0.46561624001785507,0.84375,0.003700687735545184,0.00294512950131317,64
post_selector,20,3,-0.0017138001094281062,-0.4643146691642151,0.4643146691642151,0.390625,-0.0007539520229329311,-0.0026736481959232813,64
post_selector,22,5,0.00154304448551555,0.4640268219086831,0.4640268219086831,0.671875,0.0010404324784758375,0.002045656492555262,64
response_mean,25,10,0.003267127635581329,0.4628278254952204,0.4628278254952204,0.734375,0.003557458097475312,0.0029767971736873464,64
response_mean,26,25,-0.0014827200120634872,-0.4626149592693893,0.4626149592693893,0.3125,-0.0002144133377441906,-0.002751026686382784,64
post_selector,22,2,0.0015378854732261836,0.46009785072297676,0.46009785072297676,0.703125,0.0008427656212006626,0.0022330053252517046,64
post_selector,29,8,0.0008914763511711269,0.45765153539102854,0.45765153539102854,0.765625,-0.00011563743828447439,0.001898590140626728,64
post_selector,34,19,0.0012271088962734107,0.45676182222331935,0.45676182222331935,0.609375,-0.00023963802050273815,0.0026938558130495593,64
post_selector,8,24,-0.0018918034129455823,-0.45477679959366696,0.45477679959366696,0.453125,-0.002817773201968506,-0.0009658336239226584,64
final_prompt,24,31,0.0001542659176720688,0.4543223527313656,0.4543223527313656,0.65625,-2.5040094442290445e-06,0.0003110358447883666,64
response_mean,26,31,0.0025241302532776704,0.45159811472257855,0.45159811472257855,0.671875,-0.0002526610587665344,0.0053009215653218745,64
post_selector,30,9,0.001193087752653783,0.4506777248016362,0.4506777248016362,0.8125,0.001276560040423625,0.0011096154648839408,64
post_selector,21,9,0.006066461661248459,0.44874332036467823,0.44874332036467823,0.609375,0.004257340173353428,0.007875583149143491,64
post_selector,16,8,0.0004910495044896336,0.4440250512591813,0.4440250512591813,0.5,0.000492736899104775,0.0004893621098744921,64
post_selector,12,27,0.0005221711380727285,0.4439058646594661,0.4439058646594661,0.546875,0.0004910674233542405,0.0005532748527912164,64
post_selector,18,24,0.0034852551270887436,0.44364810399411225,0.44364810399411225,0.53125,0.004105329298909038,0.00286518095526845,64
post_selector,13,16,0.0020022316948597883,0.4434559656354322,0.4434559656354322,0.640625,0.0020510325903160096,0.001953430799403567,64
final_prompt,24,29,0.00015420897568672393,0.4417554773849804,0.4417554773849804,0.71875,5.894299829377468e-05,0.00024947495307967314,64
post_selector,10,7,0.003773916654608912,0.439914745321734,0.439914745321734,0.5,0.004020201762614306,0.0035276315466035188,64
post_selector,6,29,-0.001463041922761472,-0.43966267932381786,0.43966267932381786,0.421875,-0.0018437204453220911,-0.0010823634002008532,64
response_mean,21,18,0.0021731150620780512,0.4394587470304666,0.4394587470304666,0.671875,0.001057979881011306,0.0032882502431447963,64
post_selector,16,15,-0.0019449284282018265,-0.43885266697287145,0.43885266697287145,0.5,-0.001573046680277928,-0.002316810176125725,64
post_selector,21,6,-0.0005850580291735094,-0.43571196359103714,0.43571196359103714,0.375,-0.0002574381487647832,-0.0009126779095822357,64
final_prompt,26,24,0.00044848538641416064,0.4355911576312462,0.4355911576312462,0.6875,0.0005604333450719297,0.00033653742775639154,64
post_selector,7,26,0.0005781959062005547,0.43450214875159215,0.43450214875159215,0.578125,0.0006871700352348805,0.00046922177716622886,64
post_selector,32,9,0.0011095164918515233,0.43420642110858937,0.43420642110858937,0.625,0.0010057585204776781,0.0012132744632253685,64
post_selector,31,20,0.002982854775837033,0.4328513948368567,0.4328513948368567,0.59375,0.0019323546985106094,0.004033354853163456,64
post_selector,25,30,0.0037733958488388496,0.4317073556818145,0.4317073556818145,0.5,0.004054558623465713,0.003492233074211987,64
post_selector,31,13,0.003187245751178097,0.4288124424229158,0.4288124424229158,0.796875,5.628434882964706e-05,0.006318207153526547,64
post_selector,16,24,-0.00228578828682658,-0.42829618107632345,0.42829618107632345,0.484375,-0.001038177935697619,-0.003533398637955541,64
post_selector,24,6,0.00040827304610501934,0.4263594144191993,0.4263594144191993,0.5,0.0005323336004039291,0.0002842124918061093,64
post_selector,14,14,0.0024827627421473014,0.4263393751904431,0.4263393751904431,0.640625,0.0023414777606376312,0.002624047723656972,64
post_selector,18,29,-0.001698106803814863,-0.42490646274337524,0.42490646274337524,0.3125,-0.0010899559129029406,-0.0023062576947267856,64
post_selector,15,29,-0.0004280120415387403,-0.42476184036104886,0.42476184036104886,0.34375,-0.0005993274353386236,-0.0002566966477388572,64
post_selector,32,1,0.00048550400424573115,0.42442989214118715,0.42442989214118715,0.671875,-1.8463506421541654e-05,0.000989471514913004,64
response_mean,27,16,0.0011125742912554174,0.4244112997478971,0.4244112997478971,0.71875,0.0006365533226926313,0.0015885952598182033,64
post_selector,33,23,0.0015836020957067172,0.42203527035881166,0.42203527035881166,0.71875,0.000208286473935,0.0029589177174784344,64
post_selector,34,14,-0.00014129069086263983,-0.4204458066913259,0.4204458066913259,0.234375,-0.0002776786559479286,-4.902725777351055e-06,64
post_selector,26,22,8.870069950715359e-05,0.41863810599388673,0.41863810599388673,0.84375,4.701297098107838e-05,0.00013038842803322881,64
post_selector,15,22,9.898176062959831e-05,0.414463373987666,0.414463373987666,0.53125,9.811282166081417e-05,9.985069959838241e-05,64
post_selector,17,23,0.0004709517197625044,0.4120568813695018,0.4120568813695018,0.71875,0.0006266689415496923,0.0003152344979753165,64
post_selector,12,4,0.010149192232347563,0.41203532302915086,0.41203532302915086,0.515625,0.005128792967298065,0.015169591497397057,64
post_selector,21,13,0.00043159107667631644,0.4107581143131416,0.4107581143131416,0.703125,0.0005224312349127855,0.0003407509184398474,64
post_selector,15,12,0.0031559462349832795,0.41015747523289176,0.41015747523289176,0.5,0.004031989457871528,0.0022799030120950314,64
post_selector,26,23,0.00030845009064249534,0.4095728311551195,0.4095728311551195,0.640625,0.00019867313176290133,0.0004182270495220893,64
post_selector,17,5,0.003657198212749786,0.409449978915824,0.409449978915824,0.625,0.003626681733294385,0.003687714692205187,64
post_selector,35,24,-0.0007501076390781288,-0.4086476847061498,0.4086476847061498,0.5,-0.0010244083691759514,-0.0004758069089803063,64
post_selector,29,26,0.002020966527197721,0.40731794744517075,0.40731794744517075,0.78125,-0.00035254826070741106,0.004394481315102852,64
post_selector,15,13,0.005788133938040093,0.4070312735752023,0.4070312735752023,0.734375,0.008287469710921841,0.003288798165158344,64
response_mean,23,13,0.0026190640683125656,0.40642678988375225,0.40642678988375225,0.625,0.0006410290361600372,0.004597099100465093,64
post_selector,13,12,3.0960491251286193e-07,0.4058093394550526,0.4058093394550526,0.890625,4.283591068521275e-07,1.9085071817359633e-07,64
post_selector,27,13,0.0006750644079147475,0.40540440903303593,0.40540440903303593,0.640625,-0.0004916576799587142,0.0018417864957882093,64
response_mean,24,16,0.002825076746375981,0.40424323391192907,0.40424323391192907,0.640625,0.0025058971732505376,0.003144256319501425,64
post_selector,25,7,0.00028378352351410025,0.4035511542021265,0.4035511542021265,0.5625,0.00020626208379326014,0.0003613049632349403,64
post_selector,24,26,0.002089772491672158,0.4027988147341439,0.4027988147341439,0.859375,0.0004309765317884473,0.003748568451555869,64
post_selector,14,27,0.0035128805466229014,0.4017905093524428,0.4017905093524428,0.578125,0.0058196711470372845,0.0012060899462085187,64
post_selector,0,20,-0.002559133656177435,-0.40064412527819626,0.40064412527819626,0.453125,-0.002160248175641763,-0.002958019136713108,64
post_selector,26,4,-0.0003116922412118474,-0.40037506612484847,0.40037506612484847,0.390625,-0.0004106999676878068,-0.0002126845147358881,64
response_mean,24,8,0.001540253510711396,0.4001806851199458,0.4001806851199458,0.59375,-0.00045201933471614945,0.0035325263561389415,64
post_selector,13,25,0.00020285206210244488,0.40016728670797086,0.40016728670797086,0.625,0.0002594303687146468,0.00014627375549024286,64
post_selector,13,7,0.0007675448619011125,0.39898130730379006,0.39898130730379006,0.5,0.0011203480316908062,0.0004147416921114187,64
post_selector,17,2,-0.0027535255612747174,-0.3969516141275262,0.3969516141275262,0.40625,-0.0011097133174189312,-0.004397337805130504,64
post_selector,17,9,-0.0023771034393575965,-0.3969435373015928,0.3969435373015928,0.453125,-0.001403923997713725,-0.0033502828810014684,64
post_selector,1,1,0.001088300543869992,0.39380795341478764,0.39380795341478764,0.515625,0.0012460836751415556,0.0009305174125984286,64
post_selector,26,19,0.0005955834358246424,0.3913017793494627,0.3913017793494627,0.6875,0.0008005641320778205,0.0003906027395714644,64
post_selector,11,23,0.00023246011710396813,0.38966029629944626,0.38966029629944626,0.578125,8.9227179614682e-05,0.00037569305459325426,64
post_selector,11,26,0.0008832090761643432,0.3892588940965598,0.3892588940965598,0.5625,0.0007295012692338695,0.001036916883094817,64
post_selector,11,31,0.008709970119525673,0.388511377845188,0.388511377845188,0.5,0.009203506255289536,0.008216433983761814,64
response_mean,24,5,0.0005026948630017914,0.38833583226491036,0.38833583226491036,0.609375,-6.752312765455682e-05,0.0010729128536581397,64
post_selector,29,21,0.00013852720792328132,0.38754766747447456,0.38754766747447456,0.546875,4.0309146015718915e-05,0.00023674526983084371,64
post_selector,28,8,0.0003476567273992156,0.38708724169390507,0.38708724169390507,0.640625,0.00011448209397714175,0.0005808313608212894,64
response_first,26,26,0.00018590101620928254,0.38601615430384456,0.38601615430384456,0.703125,0.0001440366100950905,0.00022776542232347458,64
post_selector,28,20,9.503751516602746e-05,0.3853746783771462,0.3853746783771462,0.671875,7.9110075148528e-06,0.0001821640228172021,64
post_selector,17,6,-0.0005789251044916197,-0.3848324769406916,0.3848324769406916,0.296875,-0.0006645007815677343,-0.0004933494274155051,64
response_mean,25,24,0.0003170172778936696,0.384340215824179,0.384340215824179,0.625,0.0005506959138301449,8.333864195719416e-05,64
post_selector,26,21,4.793101277299401e-05,0.3841576179601366,0.3841576179601366,0.65625,4.3293440512561155e-05,5.2568585033426884e-05,64
post_selector,17,22,0.0010743612856458464,0.38079984311910725,0.38079984311910725,0.625,0.0007829703208699285,0.0013657522504217643,64
post_selector,10,15,-0.000769945176671165,-0.3806773817818236,0.3806773817818236,0.4375,-0.0011910298671864452,-0.00034886048615588464,64
post_selector,30,15,0.0017932031105374327,0.3779998487971121,0.3779998487971121,0.5,0.0027247504494880437,0.0008616557715868218,64
response_mean,28,2,0.0015284238156709675,0.3775486725169042,0.3775486725169042,0.59375,-0.00012952110409967607,0.003186368735441611,64
post_selector,24,22,0.0004705395649580036,0.3770373642859374,0.3770373642859374,0.625,0.00014172297051117958,0.0007993561594048276,64
post_selector,15,23,5.45649468506205e-05,0.376359966388034,0.376359966388034,0.53125,5.967749308409431e-05,4.945240061714669e-05,64
final_prompt,26,20,0.00017794878976927215,0.3763293886882891,0.3763293886882891,0.65625,0.00031504538856094375,4.0852190977600624e-05,64
post_selector,10,19,-0.00010945493613688628,-0.37554698345507637,0.37554698345507637,0.328125,-0.00016095344926723046,-5.795642300654211e-05,64
post_selector,10,3,0.00024844701920300795,0.373531113006675,0.373531113006675,0.609375,0.00019913392861781062,0.00029776010978820527,64
post_selector,0,28,0.0036653751703852266,0.3735158588185826,0.3735158588185826,0.59375,0.0073765842535067185,-4.583391273626548e-05,64
post_selector,24,10,0.000814385265130114,0.37216271831836445,0.37216271831836445,0.5,0.0009800967454793813,0.0006486737847808469,64
post_selector,34,28,0.0005850808229297374,0.3717917438636173,0.3717917438636173,0.609375,-0.00047340371020252543,0.0016435653560619998,64
post_selector,23,0,0.0005973030611130479,0.36932853471748534,0.36932853471748534,0.59375,0.000807898210041453,0.0003867079121846426,64
post_selector,12,19,9.659755096434733e-05,0.36851083283659847,0.36851083283659847,0.609375,0.00012678851771850586,6.64065842101888e-05,64
post_selector,2,26,-0.001800304116841294,-0.36757312499846284,0.36757312499846284,0.5,-0.001400300421664731,-0.002200307812017856,64
response_mean,24,26,0.0006666451490673092,0.3668906844234324,0.3668906844234324,0.765625,-0.00026862343111134596,0.0016019137292459643,64
post_selector,9,7,7.174656764161813e-05,0.36676068650201277,0.36676068650201277,0.5,5.672912106999846e-05,8.67640142132378e-05,64
post_selector,8,12,-9.639255051751618e-05,-0.3665941211789906,0.3665941211789906,0.484375,-0.00011757544848478239,-7.520965255024996e-05,64
post_selector,16,12,0.00043206564532736357,0.3640768725790896,0.3640768725790896,0.671875,0.000532868378286334,0.000331262912368393,64
post_selector,30,6,0.00035845211539252495,0.36379704142588054,0.36379704142588054,0.609375,0.00031104461800169145,0.00040585961278335857,64
response_mean,24,4,0.00028900203324154706,0.3632175553739327,0.3632175553739327,0.671875,-9.510382096777811e-05,0.0006731078874508722,64
post_selector,6,30,0.0008745919367356638,0.3616457753821968,0.3616457753821968,0.625,0.0008646861679153434,0.0008844977055559843,64
post_selector,18,19,0.003977421345553013,0.3613526717229142,0.3613526717229142,0.515625,0.005769741841504578,0.002185100849601447,64
post_selector,11,17,0.0001347195002381183,0.3606538883270686,0.3606538883270686,0.703125,0.00010682620813894706,0.00016261279233728955,64
post_selector,9,27,-0.0009124934067585843,-0.3602822267243899,0.3602822267243899,0.5,-0.0005736175280617343,-0.0012513692854554343,64
post_selector,16,14,0.0015565552348562003,0.3600339912383606,0.3600339912383606,0.578125,0.0015223185546346845,0.0015907919150777157,64
response_mean,24,1,1.3131967705248016e-05,0.3599055813224818,0.3599055813224818,0.640625,1.5623274407515254e-05,1.0640661002980778e-05,64
post_selector,16,0,-0.0008498359256918658,-0.3586388146534597,0.3586388146534597,0.375,-0.00012777784650096875,-0.0015718940048827627,64
post_selector,28,12,0.0014633864466304593,0.3583258293662738,0.3583258293662738,0.5625,0.0009228493836417282,0.002003923509619191,64
post_selector,28,14,0.0004300730543036442,0.3580231030258717,0.3580231030258717,0.59375,0.0003563368363757075,0.000503809272231581,64
post_selector,13,29,0.0002610556020954222,0.35742809716908436,0.35742809716908436,0.671875,0.00018029425154963134,0.0003418169526412131,64
post_selector,8,13,0.00046795879165984465,0.3570866604147003,0.3570866604147003,0.46875,0.0005901151712350821,0.00034580241208460725,64
post_selector,32,20,4.1020275773448684e-05,0.3568795017307689,0.3568795017307689,0.5,4.224626900393996e-05,3.9794282542957406e-05,64
response_first,26,24,4.277337325219501e-05,0.35660717519216634,0.35660717519216634,0.640625,1.048136653025535e-05,7.506537997413468e-05,64
post_selector,18,7,-0.0021212635620031406,-0.35628859731903106,0.35628859731903106,0.390625,-0.0011998204718111092,-0.0030427066521951716,64
final_prompt,24,14,0.00021541283149416335,0.35455264456344837,0.35455264456344837,0.640625,0.0001558939347887565,0.00027493172819957016,64
post_selector,2,7,-0.0010653645931597516,-0.3534049088353496,0.3534049088353496,0.46875,-0.0001196880566567562,-0.002011041129662747,64
post_selector,14,16,0.001092466884983871,0.34960675525050733,0.34960675525050733,0.546875,0.0014484536877716714,0.0007364800821960707,64
post_selector,32,6,0.0017829009539127362,0.34921805491935176,0.34921805491935176,0.734375,0.001610207749763494,0.0019555941580619786,64
post_selector,34,30,0.00038649390444333545,0.3486233444481949,0.3486233444481949,0.5625,-0.00021133690279382444,0.0009843247116804953,64
post_selector,14,24,0.0006189127357174482,0.3474253799510292,0.3474253799510292,0.578125,0.0009650888277974222,0.00027273664363747447,64
post_selector,11,18,0.0015318758132707453,0.34685266651364094,0.34685266651364094,0.5,0.0016183399511646656,0.001445411675376825,64
post_selector,23,22,0.0019994000322185387,0.34680323483430125,0.34680323483430125,0.546875,0.0027357400103937652,0.0012630600540433125,64
post_selector,10,2,-0.0003748363551494558,-0.3438142821458169,0.3438142821458169,0.5,-8.897263251130027e-05,-0.0006607000777876115,64
response_mean,21,19,0.0003412697885778336,0.3437193370491199,0.3437193370491199,0.59375,0.00036810305709876733,0.0003144365200568999,64
response_mean,21,26,0.001805450671326964,0.34105708312861494,0.34105708312861494,0.671875,0.0010844845182873424,0.0025264168243665855,64
response_mean,24,9,0.00012480530452306662,0.3399935095594643,0.3399935095594643,0.734375,-6.6162002099201764e-06,0.00025622680925605336,64
response_mean,22,5,0.002785019725934022,0.33684736008756044,0.33684736008756044,0.671875,0.0018707166150306752,0.0036993228368373673,64
post_selector,8,2,0.00016344968116753706,0.33630381095631756,0.33630381095631756,0.59375,0.0002982153241646088,2.8684038170465288e-05,64
post_selector,26,18,0.0009393139553139767,0.33556831678098975,0.33556831678098975,0.640625,0.0011697244372044062,0.000708903473423547,64
post_selector,10,11,-0.00012086860533599609,-0.33430494592020704,0.33430494592020704,0.46875,-0.0001608463326192492,-8.089087805274297e-05,64
post_selector,8,19,0.0008752474914217568,0.33312442085239313,0.33312442085239313,0.546875,0.0009918721261783572,0.0007586228566651564,64
response_first,26,27,0.0002476841309544272,0.333084136995673,0.333084136995673,0.609375,0.0003057263581922461,0.00018964190371660824,64
post_selector,24,9,0.000388453306186414,0.3327317320974649,0.3327317320974649,0.53125,0.0003102953305642486,0.0004666112818085794,64
response_mean,23,28,0.0013882726389056028,0.33006984976626513,0.33006984976626513,0.640625,-0.0006314257771009497,0.0034079710549121548,64
post_selector,18,14,0.0022400883171940066,0.3283303852618487,0.3283303852618487,0.59375,0.0020988252363167478,0.002381351398071265,64
post_selector,29,28,2.8155196602592154e-05,0.3280790519248399,0.3280790519248399,0.671875,-2.2742481178241827e-06,5.8584641323008486e-05,64
post_selector,17,26,-0.0014327012358989993,-0.32807709949485775,0.32807709949485775,0.40625,-0.0017678308431641105,-0.0010975716286338883,64
post_selector,20,14,0.0022016698421793816,0.3278316415795436,0.3278316415795436,0.640625,0.001020839932607478,0.0033824997517512855,64
post_selector,21,23,0.0010075954251078467,0.3277576128914665,0.3277576128914665,0.703125,0.0014316627202788123,0.0005835281299368812,64
post_selector,9,26,-0.0005542105191125185,-0.3275558190085195,0.3275558190085195,0.421875,-0.0006379784172168008,-0.000470442621008236,64
post_selector,17,3,0.00920442880305927,0.326424757185013,0.326424757185013,0.5,0.011813727847766124,0.006595129758352419,64
post_selector,22,8,0.0010229440067632655,0.3263476200761743,0.3263476200761743,0.65625,-0.00044667374822893294,0.002492561761755464,64
post_selector,7,10,0.00012155564536440625,0.32613556357772383,0.32613556357772383,0.640625,3.3147244721479456e-05,0.00020996404600733305,64
post_selector,21,17,-0.0025973867232096325,-0.3260115711364487,0.3260115711364487,0.4375,0.0006770538893761034,-0.0058718273357953685,64
post_selector,30,19,0.0001858633245319626,0.32573965785758596,0.32573965785758596,0.46875,1.3364974620352088e-05,0.0003583616744435731,64
response_mean,26,19,0.0006684548715156671,0.3245586348360649,0.3245586348360649,0.640625,0.0006596539838028455,0.0006772557592284888,64
response_mean,26,30,0.00046911844469831656,0.3235886205833281,0.3235886205833281,0.609375,0.00029615237053802577,0.0006420845188586074,64
post_selector,14,5,0.0007200589298008574,0.32264756543505607,0.32264756543505607,0.609375,0.0010823551747307506,0.00035776268487096394,64
post_selector,22,0,0.0012886138465546483,0.322312834072896,0.322312834072896,0.53125,0.0006268349097808719,0.0019503927833284251,64
post_selector,0,21,0.002776600853394483,0.32109225989673607,0.32109225989673607,0.5,0.002691878820769481,0.0028613228860194843,64
response_mean,25,26,0.001980392612495035,0.32042229719443355,0.32042229719443355,0.65625,0.004137214356887823,-0.0001764291318977529,64
post_selector,29,1,0.00043074292534581746,0.32000633021199115,0.32000633021199115,0.640625,2.3581415916835427e-05,0.0008379044347747993,64
response_mean,23,29,-0.00019473747221353697,-0.31998540884331733,0.31998540884331733,0.421875,-0.000363905455060356,-2.556948936671785e-05,64
post_selector,13,22,0.0005546071326989484,0.31878011592598404,0.31878011592598404,0.5,0.0005090431732242,0.0006001710921736969,64
final_prompt,24,13,0.0007281718158082958,0.3187510163234415,0.3187510163234415,0.625,-0.00035502480932335937,0.0018113684409399513,64
post_selector,25,17,0.0005313252509040469,0.3186975656055486,0.3186975656055486,0.5,0.000457028111668475,0.0006056223901396187,64
post_selector,12,20,-4.3355754883118967e-05,-0.31827183666312836,0.31827183666312836,0.40625,-6.145157726681288e-06,-8.056635203955665e-05,64
post_selector,31,19,0.0011062109333579407,0.3181716333184367,0.3181716333184367,0.515625,0.0011584413878153875,0.0010539804789004938,64
post_selector,28,29,0.00014660693568657843,0.31654525017917595,0.31654525017917595,0.5,0.00022866507424622895,6.454879712692792e-05,64
post_selector,0,24,-0.0024212071402871594,-0.3163053639661479,0.3163053639661479,0.5,-0.0014118525796220811,-0.0034305617009522376,64
post_selector,15,27,3.0971477343650486e-05,0.3144949726206633,0.3144949726206633,0.609375,2.348789263350919e-05,3.845506205379177e-05,64
post_selector,21,2,0.0005092015717309512,0.3127105888783184,0.3127105888783184,0.53125,0.0006329579518933231,0.00038544519156857935,64
post_selector,16,6,0.0010896721450990281,0.31210847443399814,0.31210847443399814,0.53125,0.0011689827988448091,0.0010103614913532471,64
post_selector,15,21,3.854166817517632e-05,0.31177793425497924,0.31177793425497924,0.53125,6.748668988619167e-05,9.596646464160958e-06,64
final_prompt,24,12,0.00037203647025306204,0.31170992928287394,0.31170992928287394,0.625,0.00040483199700245,0.0003392409435036742,64
response_mean,24,23,0.00033588698227047533,0.31075735754034073,0.31075735754034073,0.65625,-6.866331091259973e-05,0.0007404372754535504,64
post_selector,20,16,0.00040784765315038753,0.31071023171093515,0.31071023171093515,0.515625,0.0007627530067111261,5.294229958964898e-05,64
post_selector,29,16,0.00014061090951143185,0.3107009632800503,0.3107009632800503,0.609375,-6.417579061235458e-05,0.0003453976096352183,64
post_selector,32,28,1.2416304940642927e-05,0.31003443257559604,0.31003443257559604,0.578125,2.291402284981722e-05,1.9185870314686326e-06,64
post_selector,26,7,0.0008438026270596107,0.30944931680740045,0.30944931680740045,0.65625,0.0012911123521916702,0.0003964929019275515,64
post_selector,16,5,0.00043561652273637675,0.3038776182096332,0.3038776182096332,0.53125,0.0007274013532878465,0.0001438316921849071,64
post_selector,14,31,0.0022899475989106594,0.30353435467353657,0.30353435467353657,0.5,0.0029547838348662403,0.0016251113629550781,64
final_prompt,26,27,0.0003796654417555866,0.30320646837350024,0.30320646837350024,0.734375,8.645906655145417e-05,0.0006728718169597189,64
post_selector,12,6,0.0011927327159355643,0.3023453490623058,0.3023453490623058,0.5,0.0014811741821176782,0.00090429124975345,64
post_selector,32,16,-0.0007046485079626928,-0.3022828326495443,0.3022828326495443,0.375,-0.0015219703127513345,0.00011267329682594884,64
post_selector,22,6,0.0018246909748995631,0.3003089299598517,0.3003089299598517,0.546875,0.0016718337137717658,0.001977548236027361,64
post_selector,33,8,0.0001819608069126739,0.29953931953302093,0.29953931953302093,0.640625,-7.322447163459236e-05,0.0004371460854599402,64
post_selector,25,13,0.00023394536992781635,0.2986506375949174,0.2986506375949174,0.546875,0.00023608286755915736,0.0002318078722964754,64
post_selector,27,14,0.00018649290564097607,0.2983378525093356,0.2983378525093356,0.671875,-0.00012455471187422545,0.0004975405231561775,64
post_selector,30,30,-0.00013782743792489435,-0.29784114277175594,0.29784114277175594,0.5,-0.00015586675158374189,-0.00011978812426604682,64
response_mean,24,30,8.919714463217079e-05,0.2974427073056181,0.2974427073056181,0.625,-6.181861243702722e-05,0.0002402129017013688,64
post_selector,33,21,0.0016300698043778595,0.2966982122535297,0.2966982122535297,0.5,0.001319470953603744,0.0019406686551519752,64
post_selector,26,11,0.00013578482776210155,0.2947344448445367,0.2947344448445367,0.5,0.00011855477009701596,0.00015301488542718715,64
post_selector,1,6,0.0003402348338567998,0.29458775587461244,0.29458775587461244,0.625,0.0005645662677124864,0.00011590340000111325,64
post_selector,28,9,0.00036492733579506436,0.2945177158472964,0.2945177158472964,0.578125,-0.00029146853830750726,0.001021323209897636,64
post_selector,10,12,0.00048548250560998175,0.2934547996346864,0.2934547996346864,0.546875,-0.00026289666129740533,0.0012338616725173688,64
post_selector,15,0,-0.0009127301527769162,-0.29340243830113166,0.29340243830113166,0.390625,-0.00046776719682383437,-0.0013576931087299978,64
post_selector,6,24,0.0001393389093209371,0.2933270138039814,0.2933270138039814,0.59375,0.00022272658043219896,5.595123820967523e-05,64
response_mean,23,31,0.0010818595699220062,0.29315610132902814,0.29315610132902814,0.59375,-0.0003819996131824104,0.0025457187530264227,64
post_selector,13,6,6.367595074151609e-05,0.2925727570501306,0.2925727570501306,0.59375,0.00010494545176696216,2.240644971607001e-05,64
post_selector,32,14,3.281640459817269e-05,0.29123640104738213,0.29123640104738213,0.609375,5.181993356017133e-05,1.3812875636174035e-05,64
post_selector,32,4,0.00032006712990549906,0.29122995718176736,0.29122995718176736,0.59375,0.00033602567236810623,0.00030410858744289184,64
post_selector,18,23,-0.0012093132208974551,-0.2908171753169734,0.2908171753169734,0.453125,-0.0005271624249871809,-0.0018914640168077295,64
response_mean,27,17,0.0001550480019432002,0.29074617332623753,0.29074617332623753,0.640625,-0.00010716757151385164,0.00041726357540025204,64
post_selector,7,14,-0.0007038597887003578,-0.290666113785223,0.290666113785223,0.46875,-0.000573911205719925,-0.0008338083716807905,64
post_selector,31,9,0.0006003410744597135,0.290639357914808,0.290639357914808,0.578125,0.0001529818619019313,0.001047700287017496,64
post_selector,24,18,-0.0006124148249000276,-0.2888659617279798,0.2888659617279798,0.296875,-0.001176162300907868,-4.866734889218708e-05,64
post_selector,14,22,3.851174449208922e-05,0.28786344987527407,0.28786344987527407,0.546875,3.82519694994621e-05,3.8771519484716324e-05,64
post_selector,10,27,0.0006226591144695706,0.28775786223924155,0.28775786223924155,0.5,0.000577788065129422,0.0006675301638097192,64
post_selector,10,13,0.004575307633785998,0.2866774661853101,0.2866774661853101,0.5,0.006225324264960357,0.0029252910026116405,64
response_first,24,12,0.00016301778020987493,0.28613733596672697,0.28613733596672697,0.59375,7.731577989032761e-05,0.00024871978052942224,64
final_prompt,24,8,9.948644060385965e-05,0.2852337346660232,0.2852337346660232,0.65625,-6.51077166366918e-05,0.0002640805978444111,64
final_prompt,24,26,0.0007909277610451636,0.28510299581993725,0.28510299581993725,0.578125,-0.00047203255599013495,0.002053888078080462,64
post_selector,27,31,0.00016222657427532498,0.284922139159685,0.284922139159685,0.734375,3.414509183129952e-05,0.0002903080567193505,64
post_selector,25,28,0.0008579544419262644,0.28424842825684365,0.28424842825684365,0.53125,0.00042321009095756866,0.00129269879289496,64
post_selector,35,17,0.0017488669527665499,0.2840552337940305,0.2840552337940305,0.5,0.0018726451671682216,0.0016250887383648781,64
post_selector,13,8,0.0009722908653202554,0.2836765432658006,0.2836765432658006,0.453125,0.0015530632153968374,0.00039151851524367334,64
post_selector,23,1,0.001078694774150783,0.2826913371894958,0.2826913371894958,0.53125,0.002422123388896563,-0.00026473384059499694,64
post_selector,1,3,-0.003092047882091719,-0.28235833604669547,0.28235833604669547,0.484375,-0.0038407300016842835,-0.0023433657624991533,64
response_mean,28,9,0.0006017160235387482,0.2820089437951794,0.2820089437951794,0.609375,-0.00011837940292024952,0.0013218114499977459,64
post_selector,27,4,0.00025839559521046525,0.28133115414401355,0.28133115414401355,0.453125,0.0002529280918679447,0.0002638630985529858,64
post_selector,26,28,0.0002441264641674825,0.2811327444750783,0.2811327444750783,0.640625,0.00025726705462145795,0.000230985873713507,64
post_selector,16,31,0.001608975173439838,0.2811221770338193,0.2811221770338193,0.515625,0.0025632475153543033,0.0006547028315253721,64
post_selector,0,12,0.0024580476965638874,0.280502183228486,0.280502183228486,0.4375,0.0017381418147124372,0.003177953578415337,64
post_selector,8,8,-0.0004924345821564235,-0.28028482891720474,0.28028482891720474,0.5,-0.0004474132583709531,-0.0005374559059418938,64
post_selector,15,28,7.606977965222756e-05,0.27802468610689507,0.27802468610689507,0.59375,0.00013185693433112526,2.028262497332986e-05,64
post_selector,8,18,0.0013913899110775687,0.2780040323839107,0.2780040323839107,0.5,0.0015596254452248186,0.001223154376930319,64
post_selector,30,7,5.609736751920293e-05,0.27773938978825913,0.27773938978825913,0.59375,8.009499129001246e-05,3.20997437483934e-05,64
post_selector,30,5,3.8490397173511194e-05,0.27744352850040244,0.27744352850040244,0.546875,2.987446566748869e-05,4.7106328679533696e-05,64
response_mean,23,4,4.186294349039305e-05,0.27671753375525776,0.27671753375525776,0.5,-4.946574101437958e-05,0.0001331916279951657,64
post_selector,7,21,0.00020600462403307085,0.2766706171869727,0.2766706171869727,0.59375,0.00013740285885432195,0.0002746063892118197,64
post_selector,31,12,0.00027596883546720564,0.27516048003606886,0.27516048003606886,0.546875,-7.809703129167596e-05,0.0006300347022260872,64
post_selector,31,23,-0.0003033895038697731,-0.27506256799896617,0.27506256799896617,0.5625,-0.0004307950775910293,-0.00017598393014851686,64
post_selector,14,13,-0.0038685085964971127,-0.2747273055860345,0.2747273055860345,0.484375,-0.004370135022327295,-0.0033668821706669314,64
post_selector,18,21,-0.0025597147177904784,-0.274620986722938,0.274620986722938,0.375,-0.003630417413660313,-0.001489012021920644,64
post_selector,29,25,0.0028386441681504814,0.2742204725932764,0.2742204725932764,0.6875,-0.002374554002017237,0.0080518423383182,64
response_mean,24,6,1.658177521335249e-05,0.27391561275757875,0.27391561275757875,0.609375,-1.4203808120780684e-05,4.736735854748566e-05,64
post_selector,32,31,0.00014427296673601793,0.2739023781990513,0.2739023781990513,0.515625,0.00013467361031869747,0.00015387232315333842,64
post_selector,0,8,0.0024524495966033906,0.2734602836348146,0.2734602836348146,0.625,0.005043097873567581,-0.0001381986803607999,64
post_selector,7,11,-0.00017631756963964708,-0.2730858287152136,0.2730858287152136,0.453125,-0.00024589071017543134,-0.00010674442910386281,64
post_selector,14,2,0.00011565574800442795,0.2714217837524749,0.2714217837524749,0.546875,4.0568198755872175e-05,0.0001907432972529837,64
post_selector,32,23,-0.00012997419310067975,-0.2705404352605,0.2705404352605,0.53125,-9.486884414400844e-05,-0.00016507954205735104,64
response_mean,26,17,0.00019398907812728298,0.2691436033480952,0.2691436033480952,0.578125,-0.0002316855228627684,0.0006196636791173343,64
post_selector,27,6,0.00015902631531616114,0.26839338803267243,0.26839338803267243,0.5625,-1.3505971764972378e-05,0.0003315586023972946,64
post_selector,18,31,0.0027067305200034622,0.2682981938995536,0.2682981938995536,0.671875,-9.867551852950416e-05,0.005512136558536428,64
post_selector,18,5,0.0024707867851247924,0.2682303496410059,0.2682303496410059,0.578125,0.0032049860747065282,0.0017365874955430568,64
response_mean,25,9,0.00028450635966237087,0.26471674396803213,0.26471674396803213,0.578125,-3.238345811949036e-05,0.000601396177444232,64
response_mean,22,11,0.000564861295060836,0.26450838018887207,0.26450838018887207,0.546875,-0.00025823927353484685,0.0013879618636565188,64
response_mean,22,4,0.0032065854202300926,0.26401547390500685,0.26401547390500685,0.640625,0.0007092650603226368,0.005703905780137547,64
post_selector,14,18,0.0011495307117002159,0.2634530278642148,0.2634530278642148,0.515625,0.0006869010321679532,0.0016121603912324783,64
post_selector,5,12,0.0008021918565645908,0.2633904813432624,0.2633904813432624,0.640625,0.000834894461149802,0.0007694892519793798,64
post_selector,20,6,0.0004550954899968897,0.26221361420997885,0.26221361420997885,0.53125,-7.824057502148024e-05,0.0009884315550152596,64
response_mean,23,5,6.64465504200852e-05,0.2621926820958355,0.2621926820958355,0.53125,-3.5691577693337985e-05,0.00016858467853350838,64
post_selector,23,16,0.0003197193236701316,0.2614640006974503,0.2614640006974503,0.609375,0.00019332985539220935,0.0004461087919480538,64
response_mean,23,6,0.00010275402098613275,0.26097113194735555,0.26097113194735555,0.578125,3.4230659366584034e-05,0.0001712773826056815,64
response_mean,21,9,0.00041063266860418154,0.2604447945229182,0.2604447945229182,0.625,-0.00010470587130838871,0.0009259712085167519,64
post_selector,8,22,0.0003992700694652551,0.2602356865659359,0.2602356865659359,0.625,-7.50298568164085e-05,0.0008735699957469188,64
post_selector,5,15,0.0014475557472905997,0.2599457400184543,0.2599457400184543,0.578125,0.0011637398565653718,0.0017313716380158283,64
response_first,25,10,0.0002393991018720922,0.2589859537755245,0.2589859537755245,0.59375,5.9789683746320785e-06,0.0004728192353695523,64
response_mean,26,22,7.134567476895744e-05,0.25865556925124517,0.25865556925124517,0.546875,-1.2672611148897275e-05,0.00015536396068681216,64
post_selector,2,31,0.0003999474415650111,0.2586187210456992,0.2586187210456992,0.5625,0.001077297022220569,-0.00027740213909054675,64
post_selector,9,22,-0.001887448859633877,-0.2585820827100344,0.2585820827100344,0.453125,-0.0024718571366974997,-0.001303040582570253,64
post_selector,20,19,0.000522267697306227,0.2583577626099524,0.2583577626099524,0.5625,0.0007128158140403524,0.0003317195805721018,64
post_selector,12,13,0.004294136166208771,0.2583216727206522,0.2583216727206522,0.546875,0.007765309328533469,0.0008229630038840733,64
response_mean,25,31,-0.00019521872218319442,-0.2574867645265099,0.2574867645265099,0.5,-0.0002749249251792153,-0.00011551251918717361,64
post_selector,14,12,0.00051455404445732,0.25726118761497224,0.25726118761497224,0.5,0.00019123387755825004,0.0008378742113563897,64
post_selector,14,3,5.731881310565858e-05,0.2571942062416176,0.2571942062416176,0.59375,1.65829599154717e-05,9.805466629584546e-05,64
post_selector,23,7,0.000281540594187371,0.25706319906408065,0.25706319906408065,0.671875,0.0005058962196926313,5.718496868211076e-05,64
post_selector,23,2,0.00018610645793157383,0.25702528991287416,0.25702528991287416,0.65625,0.00015714105575168936,0.00021507186011145832,64
post_selector,24,24,0.0006175763628561946,0.25669517825756544,0.25669517825756544,0.578125,0.001439371582819128,-0.00020421885710673887,64
post_selector,21,7,-2.700902410879079e-05,-0.25666644788944837,0.25666644788944837,0.34375,-4.817033345715728e-05,-5.8477147604243035e-06,64
post_selector,1,23,-0.004215955574181859,-0.2562432758000136,0.2562432758000136,0.5,-0.001960905967280269,-0.00647100518108345,64
response_mean,28,0,0.0002576343441162937,0.2561029688046407,0.2561029688046407,0.515625,-0.0002834596006379995,0.0007987282888705868,64
post_selector,26,20,0.0003116389575552387,0.25533413451295184,0.25533413451295184,0.671875,0.0006749297835994772,-5.165186848899991e-05,64
post_selector,31,16,0.0001647507990583095,0.25477702577282535,0.25477702577282535,0.5,0.0002239406808257541,0.00010556091729086487,64
response_mean,24,19,0.0011891359497440022,0.25442214773579647,0.25442214773579647,0.625,0.0006667423547241886,0.001711529544763816,64
post_selector,21,26,0.000986184870271249,0.25383347268043727,0.25383347268043727,0.5,0.001683041140495322,0.00028932860004717573,64
post_selector,8,16,0.00022945143609831898,0.25343836147615084,0.25343836147615084,0.5,0.00013885560201743792,0.0003200472701792,64
post_selector,8,28,4.2206586101656285e-06,0.25280286360772364,0.25280286360772364,0.5625,5.174722858214409e-06,3.266594362116848e-06,64
post_selector,34,22,-4.288841421384435e-05,-0.25174302429256123,0.25174302429256123,0.46875,-4.612871123298933e-05,-3.964811719469937e-05,64
post_selector,8,10,0.0005218539772613422,0.2509811549089247,0.2509811549089247,0.5,0.0006943027219676813,0.00034940523255500315,64
post_selector,0,14,-0.0019552879821276336,-0.25011618573315847,0.25011618573315847,0.53125,-0.0009281942766392788,-0.0029823816876159894,64
response_mean,21,4,0.00033625712831052504,0.24973858609500502,0.24973858609500502,0.5625,-6.406644888557679e-05,0.0007365807055066268,64
post_selector,25,29,3.0081622469419676e-05,0.24969740975124452,0.24969740975124452,0.65625,-2.494109821779385e-06,6.265735476061874e-05,64
post_selector,12,9,0.0009847621731751046,0.24964872233495852,0.24964872233495852,0.59375,0.0007834468415239812,0.0011860775048262281,64
post_selector,13,10,-0.000859918334754178,-0.2487761828054506,0.2487761828054506,0.515625,-0.0009544277345412313,-0.0007654089349671247,64
post_selector,32,21,-0.000208676492547962,-0.24877200714030043,0.24877200714030043,0.46875,-0.0003263036251155373,-9.104935998038673e-05,64
post_selector,28,11,-0.0014344932242238507,-0.248434633222797,0.248434633222797,0.546875,-0.0033927158092410545,0.0005237293607933538,64
post_selector,35,2,0.0002771281133391328,0.2483303934317735,0.2483303934317735,0.5,0.00025092299802053757,0.00030333322865772815,64
response_mean,27,15,0.00025064601595658153,0.24761493615883534,0.24761493615883534,0.546875,-0.00043517730864547357,0.0009364693405586367,64
post_selector,18,25,0.0021631463223457073,0.24658149948516214,0.24658149948516214,0.546875,0.002466943898980378,0.0018593487457110377,64
final_prompt,24,11,3.4728885225371416e-05,0.24501150236500457,0.24501150236500457,0.59375,6.108029697314188e-05,8.377473477600967e-06,64
post_selector,18,17,0.0007950684130264608,0.24466619400513312,0.24466619400513312,0.53125,0.000711614802639809,0.0008785220234131124,64
response_mean,21,28,0.0009426796400475708,0.24459383336187648,0.24459383336187648,0.546875,0.0007386797042272502,0.0011466795758678914,64
response_mean,24,0,1.1945312749615132e-05,0.24436213897849507,0.24436213897849507,0.5625,-1.4091796785464794e-05,3.798242228469506e-05,64
post_selector,9,30,-1.8971401787304387e-06,-0.2437560756402861,0.2437560756402861,0.453125,-3.8015669634461347e-07,-3.414123661116264e-06,64
post_selector,28,10,0.0004208290147289321,0.2431231149229611,0.2431231149229611,0.703125,-0.0001468943119107398,0.000988552341368604,64
response_mean,29,6,0.0005530410899154869,0.24128464634198973,0.24128464634198973,0.609375,-0.0005628544695355021,0.0016689366493664762,64
response_mean,25,11,0.0011299872201106958,0.2403743684105976,0.2403743684105976,0.578125,-0.0015473123453375308,0.003807286785558923,64
post_selector,23,17,0.00036825710981247973,0.2399332210363761,0.2399332210363761,0.5,0.00016713908462406875,0.0005693751350008907,64
post_selector,20,17,0.00027803543071058454,0.23960052979218502,0.23960052979218502,0.578125,0.0005042334214522069,5.183743996896233e-05,64
response_mean,27,7,0.0002526299531382272,0.23941007833151723,0.23941007833151723,0.625,-9.601189321983897e-05,0.0006012717994962934,64
post_selector,15,18,5.7676370659003065e-05,0.23938211450800712,0.23938211450800712,0.5,9.21478988402524e-05,2.320484247775373e-05,64
response_first,25,24,5.1380645516019285e-06,0.23816672563904848,0.23816672563904848,0.59375,5.7554030945539125e-06,4.5207260086499446e-06,64
post_selector,33,25,0.00021318481321939888,0.23799925391909124,0.23799925391909124,0.65625,0.00021352842668419274,0.00021284119975460496,64
post_selector,14,21,0.00010124643767994998,0.23760980343484425,0.23760980343484425,0.5,0.00013398334749581233,6.850952786408764e-05,64
final_prompt,24,9,2.1511342652041975e-05,0.23760117764525632,0.23760117764525632,0.578125,2.3249718651635055e-05,1.97729666524489e-05,64
post_selector,16,27,-5.475152050848254e-05,-0.23642077085835514,0.23642077085835514,0.4375,-1.5606668853251985e-05,-9.389637216371307e-05,64
post_selector,14,15,-0.0016903346586332204,-0.23631686657685158,0.23631686657685158,0.5,-0.0016200077952817156,-0.0017606615219847251,64
final_prompt,21,19,5.0626984489094663e-05,0.23609359516039374,0.23609359516039374,0.5625,0.00010329780673144708,-2.0438377532577533e-06,64
post_selector,14,30,-0.0002541026960898292,-0.23608411979819238,0.23608411979819238,0.484375,-0.00023633091768716165,-0.00027187447449249685,64
post_selector,15,10,0.00011137861588395374,0.23569068950819264,0.23569068950819264,0.5,9.59979406616206e-05,0.00012675929110628686,64
post_selector,20,24,-1.402442880049648e-06,-0.235507663527567,0.235507663527567,0.390625,-1.6228694832420842e-06,-1.1820162768572118e-06,64
post_selector,26,31,0.0008825369404803397,0.23515135427473496,0.23515135427473496,0.625,0.0005158561580173999,0.0012492177229432796,64
post_selector,11,16,0.00219772124910378,0.23468138362023586,0.23468138362023586,0.5,0.0016299886192427907,0.0027654538789647688,64
response_first,26,20,6.755836267302584e-06,0.2340632081834993,0.2340632081834993,0.578125,1.092168449190467e-05,2.5899880427004973e-06,64
final_prompt,25,31,-6.482295066233744e-05,-0.23342437689307446,0.23342437689307446,0.390625,-6.6767570388013164e-06,-0.00012296914428587357,64
response_mean,26,28,0.00034199581432401956,0.23299258238407783,0.23299258238407783,0.640625,0.00022790112871005268,0.0004560904999379864,64
post_selector,9,2,-0.00030085340767981885,-0.23192866428158138,0.23192866428158138,0.46875,-0.00010417764497105558,-0.0004975291703885821,64
post_selector,8,1,-0.00014918264287187312,-0.2318617564094817,0.2318617564094817,0.296875,-0.00022460184482039886,-7.37634409233474e-05,64
post_selector,25,12,6.404594012109328e-05,0.2317714635180212,0.2317714635180212,0.609375,7.566189810858021e-05,5.242998213360635e-05,64
post_selector,34,11,-2.7548144316812903e-05,-0.23161143042644416,0.23161143042644416,0.46875,-4.161865058448562e-05,-1.3477638049140183e-05,64
post_selector,9,20,-0.0001464368942833962,-0.2301912343891546,0.2301912343891546,0.4375,-0.00033730891846059916,4.4435129893806686e-05,64
post_selector,15,31,0.0004297320365367406,0.2301392561332421,0.2301392561332421,0.5,0.0005329989689926125,0.0003264651040808688,64
post_selector,31,27,3.609729571962669e-05,0.22926068454091333,0.22926068454091333,0.546875,4.1124321683123276e-05,3.10702697561301e-05,64
post_selector,3,9,0.0006925138695805691,0.22901569947117476,0.22901569947117476,0.609375,0.00018520430603530388,0.0011998234331258345,64
post_selector,25,18,4.254633699928649e-05,0.22873162648627013,0.22873162648627013,0.5,2.280372234508145e-05,6.228895165349152e-05,64
post_selector,0,18,0.003369495512743008,0.22854582967563675,0.22854582967563675,0.53125,0.007655243098270141,-0.0009162520727841251,64
post_selector,28,13,0.00012989346714674773,0.2283202770416586,0.2283202770416586,0.59375,9.512571887171328e-05,0.0001646612154217821,64
post_selector,28,18,0.0002626603982207495,0.2278482251521847,0.2278482251521847,0.59375,0.00016758581841712285,0.0003577349780243763,64
post_selector,34,24,8.157993352142265e-05,0.2274056957404459,0.2274056957404459,0.5,0.000119698538583171,4.346132845967433e-05,64
post_selector,23,27,0.00014444965222536944,0.22731931086161908,0.22731931086161908,0.609375,5.13349768880282e-05,0.00023756432756271068,64
post_selector,0,30,0.0023379515341730417,0.22634543689881492,0.22634543689881492,0.515625,0.0042367051701148704,0.0004391978982312126,64
post_selector,25,11,0.00039912305192044075,0.22596568375811907,0.22596568375811907,0.765625,0.00038220730493773746,0.00041603879890314414,64
post_selector,3,17,0.0002107509715187871,0.2258894963256669,0.2258894963256669,0.59375,0.00017939644658327073,0.00024210549645430345,64
post_selector,10,20,0.00013404805304161803,0.2256233939491535,0.2256233939491535,0.546875,-8.364271707250425e-06,0.0002764603777904865,64
post_selector,35,18,0.000633105395536403,0.2254471804147956,0.2254471804147956,0.515625,0.0005109749545226751,0.0007552358365501313,64
post_selector,28,17,0.001138008170528336,0.22447967458147824,0.22447967458147824,0.53125,0.001690858611254944,0.0005851577298017282,64
post_selector,20,18,0.00045447486809280176,0.22441884179140872,0.22441884179140872,0.5,0.0012865099524787967,-0.0003775602162931934,64
post_selector,11,11,0.0009412002707449464,0.22430547257627145,0.22430547257627145,0.609375,0.0017316029561697875,0.00015079758532010563,64
post_selector,23,29,-0.0003937212704840855,-0.22422403154528744,0.22422403154528744,0.40625,-0.00018735790217761476,-0.0006000846387905563,64
post_selector,32,29,-1.2032751978804755e-05,-0.22335700805184208,0.22335700805184208,0.46875,-5.7087369000896615e-06,-1.835676705751985e-05,64
post_selector,34,12,-0.00014523032791657388,-0.22315566621218727,0.22315566621218727,0.484375,-0.00021344048400350266,-7.70201718296451e-05,64
final_prompt,24,15,0.0002330429429093669,0.2229802203550914,0.2229802203550914,0.609375,0.00022880519645694956,0.0002372806893617842,64
post_selector,19,16,-0.001762445128406394,-0.22294074852088652,0.22294074852088652,0.5,-0.0022069934784667627,-0.001317896778346025,64
post_selector,11,27,0.001716821836453161,0.2226554781226876,0.2226554781226876,0.5,0.003168315088259975,0.00026532858464634675,64
post_selector,28,22,0.00038873936682647277,0.22184558473278998,0.22184558473278998,0.625,-0.0001966127456398705,0.000974091479292816,64
post_selector,21,14,0.00032825114340085,0.2215554600767297,0.2215554600767297,0.5,0.00041418791624891246,0.0002423143705527875,64
post_selector,31,0,0.00044398411409929427,0.22109666007686962,0.22109666007686962,0.546875,-8.630246884421252e-05,0.0009742706970428011,64
post_selector,2,13,-0.0006947549409233014,-0.22075180478696024,0.22075180478696024,0.484375,0.0002672466944204501,-0.0016567565762670533,64
post_selector,6,27,-0.0001104025591303024,-0.2199239691977521,0.2199239691977521,0.421875,-9.298781878896707e-05,-0.00012781729947163771,64
post_selector,10,29,-0.0007776188758725764,-0.2199199260264611,0.2199199260264611,0.484375,-0.0002358980491408244,-0.0013193397026043281,64
post_selector,29,10,0.003962950863069607,0.21950212116025808,0.21950212116025808,0.8125,0.003808236967415713,0.004117664758723501,64
post_selector,35,3,0.0003917161984645641,0.21947120521365956,0.21947120521365956,0.5,0.0008016669398784812,-1.8234542949353122e-05,64
post_selector,9,6,4.713409418854406e-05,0.2190278368855006,0.2190278368855006,0.5,9.281312918573375e-05,1.4550591913543754e-06,64
post_selector,8,15,0.00041567780135665306,0.2181069707654046,0.2181069707654046,0.5,0.0004760096580867001,0.0003553459446266063,64
post_selector,25,31,-0.0005434588219941307,-0.21795048513043003,0.21795048513043003,0.4375,-0.0010576814711384939,-2.9236172849767678e-05,64
post_selector,1,22,-0.0046861665905453265,-0.2179259269595996,0.2179259269595996,0.5,-0.004311076598241929,-0.005061256582848724,64
final_prompt,21,18,6.261566901599134e-05,0.2178111794827829,0.2178111794827829,0.671875,6.257806609255009e-05,6.265327193943255e-05,64
post_selector,17,10,0.0017941098994924778,0.21765022994255762,0.21765022994255762,0.5,0.0004584535199683283,0.0031297662790166283,64
post_selector,30,22,8.874483341969207e-05,0.21750618503969077,0.21750618503969077,0.5625,0.00014450557091548734,3.2984095923896784e-05,64
response_mean,25,8,0.0009098105085740761,0.21686065429484133,0.21686065429484133,0.5625,-0.0006638895151809157,0.002483510532329068,64
post_selector,32,13,-0.00020228396942912184,-0.2166348148330656,0.2166348148330656,0.5,-0.00010239423863823437,-0.00030217370022000934,64
post_selector,29,18,0.00014608686524296847,0.21634388699948795,0.21634388699948795,0.65625,-8.760550917941345e-05,0.0003797792396653504,64
post_selector,7,1,0.00015923620867396563,0.21578249224555993,0.21578249224555993,0.53125,0.00017105745973821246,0.00014741495760971874,64
post_selector,30,28,-0.00015220657331838617,-0.21526042891626193,0.21526042891626193,0.53125,-0.0002714854040277795,-3.2927742608992825e-05,64
response_mean,21,24,0.0007375826718316495,0.21258636696010919,0.21258636696010919,0.5625,0.0011413214253934568,0.0003338439182698422,64
final_prompt,24,23,0.00011734561530829148,0.2124661915945223,0.2124661915945223,0.53125,5.007816525903324e-05,0.0001846130653575497,64
post_selector,17,21,-2.3882094126287384e-05,-0.21142951202386212,0.21142951202386212,0.40625,1.1935797601836937e-05,-5.969998585441171e-05,64
post_selector,12,21,-5.5978934142322826e-05,-0.21141641240780837,0.21141641240780837,0.40625,-0.00011964234181503463,7.684473530389006e-06,64
post_selector,21,1,1.6838316014400507e-05,0.2114004369546616,0.2114004369546616,0.5625,-6.608158628292007e-06,4.028479065709303e-05,64
post_selector,21,25,-0.0017225557421625094,-0.21075459296991353,0.21075459296991353,0.4375,-0.0036964068349334372,0.00025129535060841867,64
post_selector,22,3,-0.0007803860280546296,-0.21069436307508002,0.21069436307508002,0.46875,-0.0014355585590237687,-0.0001252134970854906,64
response_first,24,15,1.7712823108690638e-05,0.2098776304747477,0.2098776304747477,0.5625,9.177446145257769e-06,2.6248200072123508e-05,64
response_mean,21,30,0.00040312635019289987,0.20949634999874633,0.20949634999874633,0.5625,-0.0003424377509872881,0.0011486904513730882,64
post_selector,30,17,0.0013279518379931449,0.2094465537289894,0.2094465537289894,0.71875,-0.001278085983358329,0.0039339896593446185,64
post_selector,7,12,6.317203360594825e-05,0.2087960444502633,0.2087960444502633,0.5,1.2204609447518189e-05,0.0001141394577643783,64
post_selector,8,4,0.00019036607318411396,0.20852998632812028,0.20852998632812028,0.5625,0.00025075844496312647,0.00012997370140510148,64
post_selector,17,16,-0.00048158133131436784,-0.20833344920928626,0.20833344920928626,0.484375,0.0008799756806183455,-0.0018431383432470812,64
post_selector,26,0,-0.0005486623558681417,-0.20747331235468058,0.20747331235468058,0.4375,-3.4782140573965615e-05,-0.0010625425711623178,64
response_mean,27,29,0.0003316775500934362,0.20704001577731845,0.20704001577731845,0.546875,0.0006180699983815277,4.5285101805344724e-05,64
post_selector,24,2,0.00019399110294670012,0.206704664922002,0.206704664922002,0.5625,-0.0003823106678737384,0.0007702928737671386,64
post_selector,13,17,-0.0006832681974628858,-0.20624413645154602,0.20624413645154602,0.375,-0.001068940719051175,-0.0002975956758745965,64
final_prompt,25,10,0.0018389039287285231,0.2060211504540606,0.2060211504540606,0.625,-0.0007145159252104446,0.004392323782667492,64
post_selector,11,14,0.0013697302347281796,0.20596531704626098,0.20596531704626098,0.6875,-0.0005124217568664,0.0032518822263227594,64
final_prompt,24,5,1.2903141914931661e-05,0.205876183459462,0.205876183459462,0.65625,-1.5127470902584605e-06,2.7319030920121783e-05,64
post_selector,25,16,0.00015874446148699347,0.2056944281473366,0.2056944281473366,0.625,-1.846815075624232e-05,0.00033595707373022923,64
post_selector,19,13,-0.0044943191351194435,-0.20568543679262186,0.20568543679262186,0.5,-0.004351321840658793,-0.0046373164295800936,64
post_selector,2,8,0.0010369320589234045,0.20527718458370542,0.20527718458370542,0.625,0.002568508774857025,-0.0004946446570102156,64
post_selector,32,15,0.00027626825294646936,0.20489165229661593,0.20489165229661593,0.5,0.0002877278493542721,0.0002648086565386667,64
post_selector,2,14,-0.0007967957790242447,-0.20403320944459752,0.20403320944459752,0.4375,0.000524479604791845,-0.0021180711628403345,64
post_selector,6,10,0.0001523401715530665,0.20352221832874406,0.20352221832874406,0.609375,0.00012087550021531388,0.00018380484289081913,64
post_selector,19,17,0.0007713398154010109,0.20318679446562213,0.20318679446562213,0.5,0.0005238693993305812,0.0010188102314714405,64
post_selector,2,15,0.0005755564707214818,0.20285093248045527,0.20285093248045527,0.609375,0.00016757314733693748,0.0009835397941060262,64
final_prompt,25,24,0.0001301466261338583,0.20266483603616336,0.20266483603616336,0.546875,0.0005338915359515902,-0.0002735982836838736,64
response_mean,28,1,0.00015137197601689285,0.20264679377087916,0.20264679377087916,0.515625,-0.0003442928243657269,0.0006470367763995126,64
post_selector,29,17,0.00016473470805066694,0.2013716049778892,0.2013716049778892,0.546875,-0.00016246450468313854,0.0004919339207844724,64
post_selector,0,19,0.003076613549637849,0.20109525540678455,0.20109525540678455,0.5,0.0070041510698501935,-0.000850923970574497,64
post_selector,7,23,0.0012060877488693255,0.20050397962423294,0.20050397962423294,0.515625,0.0004686760003096502,0.0019434994974290014,64
post_selector,23,25,0.0004190850731902156,0.20044709887270937,0.20044709887270937,0.53125,0.0008305729825224125,7.597163858018776e-06,64
post_selector,35,4,-0.0001448777547921067,-0.199929306654792,0.199929306654792,0.5,-9.695119206299687e-05,-0.0001928043175212166,64
post_selector,17,8,0.0005510251539817562,0.1995645738077761,0.1995645738077761,0.484375,-0.0003255088886362406,0.001427559196599753,64
response_first,25,26,2.6218345851701206e-05,0.19939761689271143,0.19939761689271143,0.609375,5.437324125522321e-05,-1.9365495518208044e-06,64
post_selector,3,13,-0.0009817058707994875,-0.1985269719847267,0.1985269719847267,0.484375,-0.003231136463000422,0.0012677247214014468,64
response_first,24,29,6.330121192376528e-05,0.19825237793397157,0.19825237793397157,0.625,-0.00014961456815851644,0.000276216992006047,64
response_first,24,31,3.985520748982909e-05,0.19817106193644418,0.19817106193644418,0.609375,-6.276683166105278e-05,0.00014247724664071096,64
post_selector,29,24,0.00032452474488307436,0.19795961117765118,0.19795961117765118,0.671875,-0.00025862665279419573,0.0009076761425603446,64
post_selector,1,8,-0.0011027767723135174,-0.19794423523293322,0.19794423523293322,0.46875,-0.00044922036613571925,-0.0017563331784913156,64
post_selector,27,29,0.0007811414911884529,0.19783618197830832,0.19783618197830832,0.640625,-4.5023612983649455e-05,0.001607306595360555,64
response_mean,21,16,0.0002972984519260446,0.1975096272817718,0.1975096272817718,0.5625,0.0006878617450638267,-9.326484121173754e-05,64
response_mean,28,3,0.0002121396985330536,0.19742783526720487,0.19742783526720487,0.515625,-0.0004724289779005476,0.0008967083749666547,64
post_selector,23,24,0.00029587605331471455,0.19711998390276803,0.19711998390276803,0.53125,0.0004119316399737656,0.0001798204666556635,64
response_mean,33,18,0.00016866072064658245,0.1968140003202174,0.1968140003202174,0.515625,-9.547149784338262e-05,0.0004327929391365475,64
post_selector,24,11,0.0008897390052879866,0.19666810740611335,0.19666810740611335,0.578125,0.0007262917097250323,0.0010531863008509407,64
post_selector,5,4,0.00045619961667853567,0.19663532364152705,0.19663532364152705,0.4375,0.0011933211601444704,-0.00028092192678739905,64
post_selector,20,25,-0.00026221501593681155,-0.19599171751889663,0.19599171751889663,0.421875,-0.00043807839574581915,-8.635163612780396e-05,64
post_selector,0,11,-0.004564750102872493,-0.1957016616218324,0.1957016616218324,0.5,-0.0039030346961226267,-0.005226465509622356,64
response_mean,23,26,7.269254001584426e-05,0.19469380309689066,0.19469380309689066,0.625,8.891247034625754e-05,5.647260968543095e-05,64
post_selector,34,23,0.00010285035233437738,0.19430522938613035,0.19430522938613035,0.484375,-6.010306640289679e-05,0.0002658037710716515,64
post_selector,14,4,-0.0018801331680151625,-0.19395835579855175,0.19395835579855175,0.46875,-6.400591519195912e-05,-0.0036962604208383657,64
post_selector,12,0,8.546490528260624e-05,0.19394499930512302,0.19394499930512302,0.5,0.00010144429688807187,6.948551367714062e-05,64
post_selector,7,6,1.4774825086047558e-05,0.1937343073359337,0.1937343073359337,0.5,6.569720746086459e-06,2.297992942600866e-05,64
post_selector,23,18,3.040015178611368e-05,0.19238982992856696,0.19238982992856696,0.5,1.066584542285604e-05,5.013445814937132e-05,64
post_selector,13,1,0.0023838991583033904,0.19215207568989148,0.19215207568989148,0.515625,0.0045402252289932134,0.00022757308761356897,64
post_selector,35,19,0.0014815176291449533,0.1921323356550255,0.1921323356550255,0.484375,-0.0015978545416146343,0.0045608897999045404,64
post_selector,12,14,0.0006887978324812127,0.19200858728073072,0.19200858728073072,0.515625,0.0013834895544277907,-5.893889465365273e-06,64
post_selector,17,28,6.796672698783349e-05,0.19171269026115278,0.19171269026115278,0.5,0.00011071834569519927,2.5215108280467717e-05,64
post_selector,28,15,0.0006041271335561672,0.19167733413573276,0.19167733413573276,0.546875,0.0003066013305214998,0.0009016529365908345,64
post_selector,16,29,0.0023185014288173876,0.19096457662482763,0.19096457662482763,0.59375,0.0015881222498137404,0.003048880607821035,64
response_mean,21,11,0.0007529301952899834,0.19092426986828268,0.19092426986828268,0.546875,-0.0008267771404461982,0.0023326375310261647,64
post_selector,14,17,-0.0007742374073131883,-0.19089098823584832,0.19089098823584832,0.453125,-0.001348347563180136,-0.00020012725144624065,64
post_selector,30,29,6.43854385771094e-05,0.19082389448613055,0.19082389448613055,0.59375,6.999345259826315e-05,5.8777424555955696e-05,64
final_prompt,24,1,1.559296492814321e-05,0.19081126398131565,0.19081126398131565,0.671875,9.438341521669767e-06,2.1747588334616655e-05,64
post_selector,13,18,0.0004753211087518112,0.1905192965778598,0.1905192965778598,0.53125,0.0012813432294933437,-0.0003307010119897213,64
post_selector,1,14,-0.0013605227759398923,-0.19035048859413925,0.19035048859413925,0.421875,-0.0012558959133457221,-0.0014651496385340627,64
post_selector,2,21,-0.0008092476346064125,-0.18909850710652637,0.18909850710652637,0.265625,0.0003113639759249219,-0.0019298592451377468,64
post_selector,9,3,0.00013771068779533957,0.188832829307835,0.188832829307835,0.5,0.00026155492832913546,1.3866447261543739e-05,64
post_selector,4,27,0.0004301898003404625,0.18848464740676507,0.18848464740676507,0.796875,0.0010848356637324914,-0.00022445606305156643,64
response_first,27,16,0.000258842752373307,0.18848237297433373,0.18848237297433373,0.5625,-8.137416443789507e-06,0.0005258229211904034,64
post_selector,21,12,-0.0002893474359097905,-0.18832776086619446,0.18832776086619446,0.40625,-0.0008031767124520861,0.0002244818406325052,64
post_selector,10,1,0.00026266020086040986,0.18832448278488578,0.18832448278488578,0.484375,0.0004739215910376438,5.139881068317597e-05,64
final_prompt,24,16,0.0007306052666535797,0.1876763679425116,0.1876763679425116,0.5625,0.0010358021791034688,0.00042540835420369063,64
response_mean,21,17,-0.00035292342818137783,-0.1860480986902929,0.1860480986902929,0.4375,-0.0006955236494832088,-1.0323206879546767e-05,64
post_selector,28,28,3.121907423064003e-05,0.18546671904565004,0.18546671904565004,0.5,5.215771057008455e-05,1.028043789119551e-05,64
post_selector,26,1,-0.0005571298734139263,-0.1850497995192893,0.1850497995192893,0.34375,0.0007053907211229722,-0.001819650467950825,64
public_task_span,12,1,-2.364019678679519e-05,-0.1846209317719982,0.1846209317719982,0.453125,-6.0435650084387e-05,1.3155256510796631e-05,64
post_selector,2,19,0.0012529439845820828,0.1842170592572764,0.1842170592572764,0.546875,0.0029792084824293652,-0.00047332051326520004,64
post_selector,21,30,0.00043076060865133,0.18344934458176537,0.18344934458176537,0.46875,-0.00036510705103863495,0.001226628268341295,64
post_selector,10,6,-9.513269515082243e-05,-0.18321709642172712,0.18321709642172712,0.515625,-1.941402388184799e-05,-0.00017085136641979687,64
response_mean,21,10,0.0007184522297336562,0.1826837343297696,0.1826837343297696,0.546875,-0.0010899883442334426,0.0025268928037007555,64
post_selector,7,13,0.0006942423369764609,0.1817182396126001,0.1817182396126001,0.5,0.0006671307673968783,0.0007213539065560439,64
post_selector,26,8,-3.8392697348401335e-05,-0.18158337749771725,0.18158337749771725,0.515625,-6.827457548296925e-05,-8.510819213833434e-06,64
final_prompt,26,31,0.0006594062087969997,0.18114449273623245,0.18114449273623245,0.578125,-0.0006917751998116663,0.0020105876174056655,64
final_prompt,24,30,1.531870930193086e-05,0.18014759844044054,0.18014759844044054,0.546875,3.70013378869626e-05,-6.3639192831008815e-06,64
post_selector,26,5,-6.12088959996904e-05,-0.17998390449736623,0.17998390449736623,0.375,-0.0001392397439303604,1.6821951930979586e-05,64
post_selector,10,17,-0.0002572252074060037,-0.1799404331060673,0.1799404331060673,0.46875,-0.0003778886712097968,-0.00013656174360221046,64
post_selector,27,24,0.00021946901233603692,0.1798587632000646,0.1798587632000646,0.5625,-0.00012429060370776655,0.0005632286283798404,64
post_selector,4,21,0.0015013821393949922,0.17922344110349753,0.17922344110349753,0.515625,0.0014035378553671814,0.0015992264234228034,64
final_prompt,26,25,-0.000252217246725184,-0.17880899248733073,0.17880899248733073,0.40625,0.00019334582157171115,-0.0006977803150220791,64
post_selector,3,21,0.0010580266352917514,0.17871705989537043,0.17871705989537043,0.53125,0.00213741797051625,-2.1364699932746806e-05,64
post_selector,26,29,0.0007135880687201198,0.17838747942615724,0.17838747942615724,0.578125,0.0011342470388626548,0.00029292909857758483,64
response_first,24,14,0.00012080328338015014,0.17735862808999378,0.17735862808999378,0.625,-0.00016629775996078808,0.0004079043267210884,64
response_mean,23,15,0.0006439752669677909,0.17634640134911084,0.17634640134911084,0.578125,-0.0006562939116747536,0.0019442444456103354,64
post_selector,28,4,-0.0001648280476729236,-0.1760393936973804,0.1760393936973804,0.421875,-9.281807888328192e-05,-0.00023683801646256526,64
post_selector,7,31,-5.021684864913162e-05,-0.176005017145295,0.176005017145295,0.515625,-3.929343665730647e-05,-6.114026064095679e-05,64
post_selector,10,16,0.00029778073076158876,0.17586243014315162,0.17586243014315162,0.5,0.000590823043239647,4.738418283530514e-06,64
post_selector,21,22,-0.0009592014230292905,-0.1753235759200237,0.1753235759200237,0.484375,-0.001986075210879775,6.767236482119376e-05,64
final_prompt,26,19,0.00048689117102185785,0.1751648974750784,0.1751648974750784,0.546875,0.0017465906721554187,-0.000772808330111703,64
post_selector,30,3,-8.951795643951957e-05,-0.17454157475589327,0.17454157475589327,0.453125,-0.00012767865882778887,-5.135725405125026e-05,64
post_selector,14,28,-0.00048336136933358126,-0.17428657188127197,0.17428657188127197,0.5,-0.00021355524222600625,-0.0007531674964411562,64
post_selector,21,15,0.0004920532010146469,0.17406724675085206,0.17406724675085206,0.515625,0.0002430254608043593,0.0007410809412249343,64
response_mean,26,23,9.933499450198145e-05,0.17348598364743328,0.17348598364743328,0.546875,5.047996341998683e-05,0.00014819002558397605,64
post_selector,6,23,0.0005041328950028375,0.1733857901274773,0.1733857901274773,0.5,0.000954451086727197,5.381470327847811e-05,64
response_mean,20,15,0.0007776166580697433,0.17327749084683378,0.17327749084683378,0.5625,-0.0015490369869439464,0.003104270303083433,64
final_prompt,21,28,9.489192291311076e-05,0.17327727617164856,0.17327727617164856,0.59375,4.702560090667513e-06,0.00018508128573555398,64
response_mean,29,5,0.0003759414439628013,0.1731073695175496,0.1731073695175496,0.515625,-0.0011248279897699478,0.0018767108776955503,64
post_selector,16,30,-0.0004594153033394756,-0.17272195364057716,0.17272195364057716,0.453125,0.00031568308622808926,-0.0012345136929070406,64
response_mean,22,7,0.0006345487721546249,0.17224453641836285,0.17224453641836285,0.53125,0.0018788821366797293,-0.0006097845923704794,64
response_mean,22,9,5.276503361528231e-05,0.17203984115733228,0.17203984115733228,0.5625,1.8283977169626625e-05,8.724609006093798e-05,64
response_mean,27,13,0.00018754136135612222,0.17022798134630227,0.17022798134630227,0.5,-0.0004628360720743905,0.0008379187947866349,64
post_selector,22,10,0.0003462363492872041,0.16939602881339463,0.16939602881339463,0.5625,0.0003432923112995824,0.00034918038727482586,64
post_selector,11,9,5.609691282160204e-06,0.1693412842914186,0.1693412842914186,0.484375,1.0332820885137268e-05,8.865616791831375e-07,64
post_selector,26,14,-0.0006517744532175091,-0.1692127452928113,0.1692127452928113,0.515625,-0.002064131807856008,0.0007605829014209894,64
response_mean,24,7,0.0001008685664203205,0.16901621084083915,0.16901621084083915,0.59375,-0.00022604681095116504,0.00042778394379180604,64
post_selector,14,1,3.4537263900343105e-05,0.16874683015561312,0.16874683015561312,0.546875,1.6539187299710466e-05,5.253534050097575e-05,64
post_selector,8,21,0.00018568249788586145,0.1686428848953359,0.1686428848953359,0.515625,0.0003164946783726822,5.487031739904064e-05,64
post_selector,17,30,3.1137816790754915e-05,0.16831323563846495,0.16831323563846495,0.59375,3.6192986726745946e-05,2.608264685476388e-05,64
post_selector,28,25,0.00044263738527660463,0.1679421394035589,0.1679421394035589,0.5,0.0005665003955073094,0.00031877437504590007,64
post_selector,15,30,-0.00032097480925584503,-0.1677373493938276,0.1677373493938276,0.453125,-0.00027154578310726967,-0.0003704038354044203,64
post_selector,6,21,0.000496758439112451,0.1675970664972329,0.1675970664972329,0.53125,0.0013003130661672748,-0.0003067961879423731,64
final_prompt,24,6,4.018646919234925e-06,0.1675689516023046,0.1675689516023046,0.53125,2.1990803986682295e-06,5.8382134398016206e-06,64
response_mean,29,7,0.00039819584208089205,0.1672528890525858,0.1672528890525858,0.53125,-0.0011265604434811003,0.0019229521276428845,64
post_selector,17,19,0.0006440401048166638,0.1671199260207817,0.1671199260207817,0.546875,0.0018577388109406246,-0.0005696586013072969,64
response_mean,28,10,0.00011830566529624481,0.16710262635897608,0.16710262635897608,0.53125,-0.0001476053253099866,0.00038421665590247626,64
response_first,23,30,0.00010902464902073091,0.16670866942798082,0.16670866942798082,0.5625,-0.0001465402888243161,0.0003645895868657779,64
post_selector,22,1,0.0002553302674641548,0.1663623284189524,0.1663623284189524,0.53125,0.0002319406085007314,0.0002787199264275783,64
response_mean,23,11,0.0007259895457991585,0.16631418347830035,0.16631418347830035,0.515625,6.601002814933071e-05,0.0013859690634489864,64
response_mean,22,6,0.0002557611833253687,0.16582745893062575,0.16582745893062575,0.546875,0.00023687052089371344,0.0002746518457570239,64
response_first,24,30,1.6262562088087407e-06,0.1658222808128316,0.1658222808128316,0.578125,-1.026440266116424e-08,3.2627768202786456e-06,64
post_selector,23,28,0.0016460934966744402,0.16578508895397384,0.16578508895397384,0.515625,-0.0012619022672879436,0.0045540892606368245,64
post_selector,13,21,6.430143244528659e-06,0.16538058107926576,0.16538058107926576,0.625,1.426511545332821e-06,1.1433774943724497e-05,64
post_selector,6,11,-0.0004422834899742125,-0.16449982882517805,0.16449982882517805,0.46875,-0.0013657970630447187,0.0004812300830962937,64
response_first,25,31,-1.99790724764122e-05,-0.16448660938363965,0.16448660938363965,0.46875,-1.2915229490311207e-05,-2.70429154625132e-05,64
post_selector,28,24,0.00017400862225258747,0.16433071335498087,0.16433071335498087,0.5,-4.191183143120626e-05,0.0003899290759363813,64
post_selector,22,30,0.000276151718026088,0.16416891567239722,0.16416891567239722,0.5,0.00039815572563385403,0.0001541477104183218,64
response_mean,32,6,0.00013737555173065413,0.1641292534215813,0.1641292534215813,0.515625,-0.00036088637762075946,0.0006356374810820677,64
post_selector,11,20,2.9721568182587357e-05,0.16382867075096083,0.16382867075096083,0.609375,-7.284872481249326e-06,6.672800884642403e-05,64
public_task_span,11,7,-2.5033060069286597e-05,-0.1637666094665393,0.1637666094665393,0.4375,-4.278878918739173e-05,-7.27733095118147e-06,64
post_selector,12,2,1.2189753135771729e-05,0.16340087064518785,0.16340087064518785,0.515625,-8.813991485106703e-06,3.319349775665016e-05,64
post_selector,7,20,0.0006395162881744797,0.1631484293886507,0.1631484293886507,0.546875,0.0009118823472817626,0.00036715022906719697,64
post_selector,29,23,7.717593575762142e-05,0.16298846784175136,0.16298846784175136,0.453125,-9.822428319238111e-05,0.00025257615470762395,64
response_mean,19,28,0.0005014565867895726,0.16253516857694236,0.16253516857694236,0.515625,-0.0005840049916514436,0.001586918165230589,64
post_selector,9,14,-0.000499663969094391,-0.16244689956404076,0.16244689956404076,0.421875,-0.0009905805054586203,-8.747432730161602e-06,64
post_selector,5,0,0.00031728773865323897,0.16229536658538118,0.16229536658538118,0.640625,0.0004691427348006875,0.00016543274250579044,64
response_mean,23,22,0.00013101540480419614,0.16210813694763782,0.16210813694763782,0.546875,0.00011075258498749985,0.00015127822462089244,64
post_selector,16,26,0.00034622104976732797,0.161123402907158,0.161123402907158,0.59375,0.001147031143773319,-0.0004545890442386629,64
post_selector,27,17,0.00016286606933134853,0.160928018549764,0.160928018549764,0.578125,0.00020285636946935437,0.0001228757691933427,64
post_selector,30,14,-1.59707042826044e-05,-0.1604333671312555,0.1604333671312555,0.5,-3.8512589412666135e-05,6.5711808474573245e-06,64
post_selector,26,9,4.922791367789084e-05,0.16040345280906299,0.16040345280906299,0.5,5.1056433676411806e-05,4.739939367936988e-05,64
post_selector,30,31,-7.205846964097618e-05,-0.16028150327134746,0.16028150327134746,0.578125,-0.00014454815004683762,4.312107648853009e-07,64
response_mean,24,25,0.0004979473087587375,0.16011111713629683,0.16011111713629683,0.515625,-0.0012851420433434904,0.0022810366608609655,64
post_selector,15,20,6.632817530771136e-05,0.159839370827802,0.159839370827802,0.515625,6.461556540670407e-05,6.804078520871864e-05,64
response_mean,32,5,0.00010089181773764048,0.15960042823109363,0.15960042823109363,0.546875,-0.00021916881132709662,0.00042095244680237764,64
response_mean,22,2,0.0003350177917127342,0.1591681180393659,0.1591681180393659,0.59375,-0.00023716868327027608,0.0009072042666957445,64
post_selector,35,1,-6.259136762309695e-05,-0.15871543635501356,0.15871543635501356,0.5,-3.3508326851062375e-06,-0.00012183190256108764,64
post_selector,6,15,-0.00043449807071738286,-0.15856416995777828,0.15856416995777828,0.484375,-1.603615237400101e-05,-0.0008529599890607646,64
post_selector,1,27,0.0034230972087243555,0.15777626752252716,0.15777626752252716,0.53125,0.008878662483766668,-0.0020324680663179567,64
post_selector,25,0,-0.00011438170349719947,-0.15776553340113364,0.15776553340113364,0.390625,-0.0004062617281306198,0.00017749832113622094,64
post_selector,19,7,0.00021795475186081294,0.15759376400878444,0.15759376400878444,0.515625,0.0002143786041415182,0.00022153089958010762,64
post_selector,7,3,0.00017880830637295264,0.15732676093774334,0.15732676093774334,0.546875,0.0001491389903094312,0.00020847762243647402,64
response_mean,23,0,9.347113348212605e-05,0.1572403485793928,0.1572403485793928,0.515625,-5.596813275586516e-05,0.00024291039972011727,64
final_prompt,27,16,0.00028805304100386613,0.1567931410185465,0.1567931410185465,0.546875,-0.0007031394779914834,0.0012792455599992154,64
post_selector,18,9,0.00041665810749691055,0.1566956389812751,0.1566956389812751,0.5625,0.0005831940034113218,0.0002501222115824992,64
post_selector,0,7,-0.0031324621886597045,-0.15656503714730355,0.15656503714730355,0.5,-0.0017340582271572259,-0.0045308661501621845,64
response_first,26,19,1.3610405417807146e-05,0.15637141348666314,0.15637141348666314,0.609375,1.6592625854626306e-05,1.0628184980987988e-05,64
final_prompt,21,16,5.174953685127442e-05,0.15619095566887609,0.15619095566887609,0.515625,0.0002209017989116292,-0.00011740272520908037,64
post_selector,29,14,-0.0002918311511166324,-0.15597030077390012,0.15597030077390012,0.453125,-0.0008127760906972749,0.00022911378846401015,64
response_mean,20,14,0.0010137705001795917,0.15469681759040502,0.15469681759040502,0.546875,-0.0016385107882115008,0.0036660517885706845,64
post_selector,9,17,-0.0005453891481010946,-0.15461428156348814,0.15461428156348814,0.46875,-0.0008044065871217704,-0.0002863717090804187,64
post_selector,35,11,-0.00018553753034210928,-0.15441306562700152,0.15441306562700152,0.40625,-0.00027296776534057536,-9.810729534364317e-05,64
response_mean,29,8,0.00018221336040368774,0.153544958304383,0.153544958304383,0.578125,-0.0004694232968631464,0.0008338500176705219,64
post_selector,19,22,0.0003574271249817656,0.1526064321273131,0.1526064321273131,0.515625,0.0005434914564830124,0.00017136279348051875,64
post_selector,34,26,-3.977030269197181e-05,-0.15234409170168625,0.15234409170168625,0.46875,-5.5746892712701644e-05,-2.379371267124197e-05,64
post_selector,35,16,0.00019643261202872812,0.15214876332546104,0.15214876332546104,0.5,6.815636243117813e-05,0.00032470886162627813,64
response_mean,22,22,5.3740394548635364e-05,0.15208005646952089,0.15208005646952089,0.59375,-7.000265355826531e-05,0.00017748344265553604,64
response_mean,23,14,0.000520763342137788,0.1520271621816486,0.1520271621816486,0.546875,8.702219645328191e-05,0.0009545044878222939,64
post_selector,4,4,-0.0010735131199908216,-0.15195857751758693,0.15195857751758693,0.46875,0.0004708630804088937,-0.0026178893203905374,64
response_mean,30,25,9.277237268178279e-05,0.15180831480162285,0.15180831480162285,0.578125,-5.4793886420153345e-05,0.00024033863178371892,64
final_prompt,23,10,0.0005716312471122302,0.15145866476607342,0.15145866476607342,0.546875,-2.251417936349916e-05,0.0011657766735879596,64
post_selector,35,26,0.0006992943635850687,0.1513465789470849,0.1513465789470849,0.515625,-0.0002714087968342938,0.0016699975240044313,64
post_selector,25,8,0.0001344352481282695,0.1511750589072478,0.1511750589072478,0.6875,0.00026029228502009197,8.578211236447006e-06,64
post_selector,25,14,0.0005353021897462859,0.15086238324979376,0.15086238324979376,0.515625,0.0005320178825058844,0.0005385864969866873,64
post_selector,29,19,9.722396043799197e-05,0.15084691246824564,0.15084691246824564,0.5,-0.000185249733476649,0.000379697654352633,64
post_selector,3,3,-0.0005305538161337495,-0.15050066023502467,0.15050066023502467,0.359375,0.0005439280521386499,-0.0016050356844061486,64
response_mean,20,13,0.0002522171528198596,0.15040069478478146,0.15040069478478146,0.609375,-0.0005700565729966728,0.0010744908786363922,64
response_mean,28,16,3.3560603412750156e-05,0.15025168138962475,0.15025168138962475,0.5625,-7.662754239844737e-05,0.0001437487492239477,64
post_selector,4,9,0.0009232603251802968,0.14988128031690934,0.14988128031690934,0.5625,0.001777896182829862,6.862446753073129e-05,64
response_mean,21,8,0.00043294510010128155,0.14983174890972056,0.14983174890972056,0.515625,-0.0005003248334105447,0.001366215033613108,64
post_selector,24,16,-0.0014326384285823343,-0.1495649072359747,0.1495649072359747,0.703125,-0.002811384374126657,-5.389248303801157e-05,64
post_selector,30,4,2.735437442424555e-05,0.14947077552050342,0.14947077552050342,0.609375,1.0158395525657894e-05,4.4550353322833216e-05,64
post_selector,8,23,0.0001502649858480314,0.1493779454862379,0.1493779454862379,0.4375,0.0004173308053623241,-0.00011680083366626123,64
final_prompt,24,25,0.000275524691460306,0.14929300973196472,0.14929300973196472,0.515625,-0.00024000084522411935,0.0007910502281447313,64
post_selector,34,18,5.4414131113846706e-05,0.14922974906938125,0.14922974906938125,0.46875,4.468605675357116e-05,6.414220547412225e-05,64
final_prompt,25,26,0.00013319915615283477,0.1488782857274877,0.1488782857274877,0.578125,0.00021497265697688626,5.142565532878331e-05,64
post_selector,17,11,0.0011253388620389218,0.14843356414458797,0.14843356414458797,0.46875,-0.0003748860253835908,0.0026255637494614348,64
post_selector,9,5,8.59566259805411e-05,0.1480410553305605,0.1480410553305605,0.453125,0.00014806861190662978,2.3844640054452423e-05,64
response_mean,20,8,0.0002377180660317889,0.1476395217259198,0.1476395217259198,0.515625,0.00013106696965793651,0.0003443691624056413,64
post_selector,25,20,6.553139792231057e-05,0.14746719463541394,0.14746719463541394,0.546875,0.0001252458364433431,5.816959401278108e-06,64
post_selector,16,16,-0.0014641499074059545,-0.14734488256793332,0.14734488256793332,0.5,-0.0009700867376523128,-0.0019582130771595967,64
post_selector,5,5,-0.0006887899944558714,-0.14724858289315657,0.14724858289315657,0.484375,-0.0003974630817538156,-0.0009801169071579272,64
post_selector,13,4,0.00018668359916773752,0.1469864199901369,0.1469864199901369,0.5,0.0004182623197266312,-4.489512139115625e-05,64
post_selector,21,5,0.0008697515058884093,0.14660163383304597,0.14660163383304597,0.59375,0.0013642373596667219,0.0003752656521100969,64
post_selector,7,22,0.001465223849663739,0.1465713510327962,0.1465713510327962,0.5625,0.0006708998698741094,0.002259547829453369,64
post_selector,12,25,2.265110901067402e-07,0.14648679143582746,0.14648679143582746,0.53125,9.414478610025867e-07,-4.884256807891063e-07,64
final_prompt,27,17,0.00010000747079173771,0.14620010949911502,0.14620010949911502,0.640625,0.00021458601349875686,-1.4571071915281435e-05,64
post_selector,13,28,0.0005179878935450703,0.1461785167551637,0.1461785167551637,0.46875,0.0007339207259065,0.00030205506118364064,64
post_selector,24,19,-0.0008387780673899763,-0.1458818225603858,0.1458818225603858,0.71875,-0.0017620391500941064,8.448301531415343e-05,64
final_prompt,23,31,3.377791131242187e-05,0.14579413628377838,0.14579413628377838,0.59375,7.856153388277564e-06,5.969966923656617e-05,64
post_selector,10,10,0.0008334077574545602,0.14562293159185352,0.14562293159185352,0.453125,4.87874785905019e-06,0.0016619367670500703,64
post_selector,31,26,8.893651420293986e-05,0.14529856219759615,0.14529856219759615,0.484375,-9.295020572607048e-05,0.0002708232341319502,64
final_prompt,21,7,5.867706761363269e-06,0.14519996470143337,0.14519996470143337,0.53125,1.3515403679772611e-05,-1.7799901570460736e-06,64
post_selector,19,28,-0.001136575443524622,-0.14476473267187998,0.14476473267187998,0.4375,-0.0022911995183676308,1.8048631318386675e-05,64
final_prompt,21,29,1.6466249746822437e-05,0.1441898337446871,0.1441898337446871,0.53125,2.8629045459631407e-05,4.30345403401347e-06,64
post_selector,33,26,-0.000241513825130824,-0.14416170937006403,0.14416170937006403,0.46875,-0.00022622855431109998,-0.000256799095950548,64
post_selector,7,2,0.00030040534966246403,0.1436264373139841,0.1436264373139841,0.53125,0.0007503966116928344,-0.0001495859123679063,64
post_selector,4,29,0.0003823342321993511,0.1432646634771362,0.1432646634771362,0.53125,-8.585548130212589e-05,0.0008505239457008279,64
post_selector,18,0,0.00011591701581892201,0.14323546922751948,0.14323546922751948,0.5625,7.009414684943966e-05,0.00016173988478840437,64
post_selector,7,0,0.00019790134228968949,0.14239440323019364,0.14239440323019364,0.546875,1.026733843900195e-05,0.00038553534614037705,64
post_selector,28,27,8.930367164339251e-05,0.14218903129854876,0.14218903129854876,0.546875,-3.322885095258816e-05,0.0002118361942393732,64
response_mean,26,7,7.362958899648374e-05,0.14218012285296025,0.14218012285296025,0.53125,-8.773839317653069e-05,0.00023499757116949815,64
response_mean,26,21,-7.722774728335513e-05,-0.1420479210640291,0.1420479210640291,0.390625,-0.00033710920843074937,0.00018265371386403913,64
post_selector,12,24,9.067695656028264e-05,0.14163564531947043,0.14163564531947043,0.65625,0.0003306884065636762,-0.00014933449344311096,64
response_first,24,1,3.47164154135271e-06,0.14160946298947105,0.14160946298947105,0.578125,4.746001351918494e-06,2.1972817307869268e-06,64
response_first,24,4,9.550746597140656e-06,0.1414810436099925,0.1414810436099925,0.546875,-1.5440267020491616e-05,3.454176021477293e-05,64
public_task_span,21,19,9.29497159631811e-05,0.1414283458277633,0.1414283458277633,0.5625,-2.9864038424314685e-06,0.00018888583576879363,64
response_first,21,18,5.178058372077425e-06,0.1413697218167807,0.1413697218167807,0.53125,1.553596631785059e-06,8.802520112369794e-06,64
response_mean,31,30,0.000260888085904292,0.1413314523021218,0.1413314523021218,0.53125,-0.0009877395623334173,0.0015095157341420014,64
post_selector,15,1,-0.001521084472187789,-0.1413085493098752,0.1413085493098752,0.5,-0.00010111200390383124,-0.0029410569404717465,64
post_selector,33,2,9.952262155366024e-05,0.14072874249030232,0.14072874249030232,0.515625,0.00012090346569948835,7.814177740783217e-05,64
final_prompt,24,19,0.0023731353867333313,0.14068406147447207,0.14068406147447207,0.546875,-0.00024112392566166515,0.004987394699128328,64
post_selector,25,22,-8.632382332507113e-05,-0.14056744889673722,0.14056744889673722,0.5,-9.590856552677973e-05,-7.67390811233625e-05,64
post_selector,13,3,-0.0012932160752825422,-0.14008993288643032,0.14008993288643032,0.484375,0.0002714859583647877,-0.002857918108929872,64
post_selector,25,21,0.00013510992221199049,0.13971251764613227,0.13971251764613227,0.5,9.046240847971552e-06,0.00026117360357600934,64
final_prompt,21,25,3.481898789913255e-05,0.13964504196427724,0.13964504196427724,0.59375,3.370210401952687e-05,3.593587177873824e-05,64
post_selector,2,5,-0.0005040351161369482,-0.13932944815692103,0.13932944815692103,0.578125,0.0010931669548881313,-0.002101237187162028,64
response_mean,20,18,0.00018339668298493987,0.139103618015319,0.139103618015319,0.5625,-0.0002705887549154786,0.0006373821208853583,64
post_selector,19,15,0.0004909963281534196,0.13900111512988161,0.13900111512988161,0.46875,0.0004463575969566574,0.000535635059350182,64
final_prompt,24,10,1.9415116298653355e-05,0.13853534656208838,0.13853534656208838,0.578125,2.2942765554025193e-06,3.653595604190419e-05,64
response_mean,21,29,0.0001213240900028682,0.1384288023123708,0.1384288023123708,0.609375,0.0003767886551031424,-0.00013414047509740593,64
post_selector,32,24,0.00029206694216554996,0.13834269893550677,0.13834269893550677,0.5,0.0003321782896819,0.00025195559464919994,64
post_selector,22,7,-0.00025774126243049706,-0.13810163803588732,0.13810163803588732,0.453125,8.595067083659033e-05,-0.0006014331956975844,64
post_selector,30,0,0.0002944563566415931,0.1377359349297101,0.1377359349297101,0.65625,-0.0006092551884648862,0.0011981679017480725,64
final_prompt,23,7,7.059823531109963e-06,0.13770506183010253,0.13770506183010253,0.5625,7.749800147394705e-06,6.369846914825221e-06,64
post_selector,34,20,-1.7474692768360136e-05,-0.1376980426904084,0.1376980426904084,0.546875,-2.5941385359829016e-05,-9.008000176891255e-06,64
response_mean,29,9,0.0001221890580609383,0.13758299515791178,0.13758299515791178,0.515625,-0.0004405131203384072,0.0006848912364602838,64
post_selector,18,18,0.0002777876006803128,0.13738858336897,0.13738858336897,0.484375,0.0007382733720078007,-0.00018269817064717507,64
post_selector,35,30,6.14122325259715e-05,0.13726993820961453,0.13726993820961453,0.5625,0.00018493179049980477,-6.210732544786177e-05,64
post_selector,12,7,0.00019675240446304063,0.1371998684615591,0.1371998684615591,0.5,0.00013705533274332508,0.0002564494761827563,64
post_selector,10,31,0.0002954445362775048,0.13704678389845246,0.13704678389845246,0.484375,0.0008531111780030154,-0.0002622221054480057,64
post_selector,1,16,-0.0005303725265548559,-0.13668887894917403,0.13668887894917403,0.5,-0.00037959768087603136,-0.0006811473722336806,64
final_prompt,23,30,7.262299186549548e-05,0.13637382028590062,0.13637382028590062,0.5625,-0.00016694547821315933,0.0003121914619441503,64
response_mean,25,23,1.3291511180564022e-05,0.13628731348551815,0.13628731348551815,0.5,-1.0928127210264635e-05,3.751114957139268e-05,64
final_prompt,26,17,4.4370131377026734e-05,0.13613338145744852,0.13613338145744852,0.578125,-5.880942012480854e-05,0.000147549682878862,64
response_mean,29,0,0.0002756941084953691,0.1359857233324009,0.1359857233324009,0.546875,-0.0008622605218988305,0.0014136487388895689,64
response_mean,32,11,0.00012279244219825453,0.13596478815703225,0.13596478815703225,0.53125,-0.0004048691534989991,0.0006504540378955081,64
post_selector,19,8,0.00011269894139332119,0.13589992972064222,0.13589992972064222,0.5,0.00022826284293842367,-2.8649601517812478e-06,64
post_selector,28,26,3.431524748975415e-05,0.1357986704117609,0.1357986704117609,0.5,2.94819913051337e-05,3.91485036743746e-05,64
post_selector,18,26,0.00055061348393792,0.1347953745496615,0.1347953745496615,0.46875,0.0014322725328383829,-0.00033104556496254303,64
response_first,26,17,1.2474050208762887e-05,0.13447361795568696,0.13447361795568696,0.5625,-1.3977626736050053e-05,3.8925727153575835e-05,64
post_selector,33,24,0.00019305524301670612,0.13442348959599948,0.13442348959599948,0.59375,0.00046133862724671767,-7.522814121330531e-05,64
response_mean,33,14,0.000130268223642812,0.13431840029435907,0.13431840029435907,0.53125,-0.00038492534304167145,0.0006454617903272955,64
response_mean,28,8,0.0002531722919911702,0.13431462830964166,0.13431462830964166,0.515625,-0.00044382967735144844,0.0009501742613337888,64
response_mean,28,23,0.00021982635553285793,0.13422793805918787,0.13422793805918787,0.53125,-0.0007682556379222335,0.0012079083489879494,64
post_selector,20,27,3.302602226539545e-05,0.1339169731612072,0.1339169731612072,0.5,4.060539413329639e-05,2.5446650397494515e-05,64
post_selector,0,10,-0.0021697038719139467,-0.13378848815217298,0.13378848815217298,0.5,-0.0008274458523374036,-0.003511961891490491,64
post_selector,15,11,-0.0005541764003282983,-0.1330365707849113,0.1330365707849113,0.578125,-0.002013771245401581,0.0009054184447449845,64
post_selector,6,12,-0.00036052446921530136,-0.13282929514535108,0.13282929514535108,0.40625,-6.501596726593442e-05,-0.0006560329711646682,64
post_selector,35,31,-4.946502463098485e-05,-0.13245975671641685,0.13245975671641685,0.421875,-0.0001757355289555438,7.680547969357408e-05,64
response_mean,20,19,0.00029743612776655644,0.13220974206118663,0.13220974206118663,0.53125,0.0008881213589120129,-0.0002932491033789,64
response_mean,24,10,6.169816094825188e-05,0.13207093706348497,0.13207093706348497,0.59375,-2.191075282102607e-06,0.00012558739717860633,64
response_mean,22,15,0.00019269791118858804,0.13205465806959082,0.13205465806959082,0.515625,-5.605484329861447e-05,0.00044145066567579066,64
post_selector,28,31,-7.997321654329062e-05,-0.1320316752272801,0.1320316752272801,0.5,1.4824883237449987e-05,-0.00017477131632403126,64
post_selector,3,19,0.0011121929383079924,0.13174036163207334,0.13174036163207334,0.515625,0.001645654163439759,0.0005787317131762252,64
response_mean,21,31,0.0004316375307098506,0.13172255345672412,0.13172255345672412,0.546875,-0.000335905556312344,0.0011991806177320454,64
post_selector,3,25,-0.0011767404321289946,-0.1316826677201917,0.1316826677201917,0.421875,0.0011298812733002736,-0.003483362137558263,64
post_selector,6,2,-7.528974344949861e-05,-0.13163175599936555,0.13163175599936555,0.5,2.8657377015398935e-05,-0.00017923686391439615,64
post_selector,29,29,0.00012202298114516037,0.13151769001792696,0.13151769001792696,0.546875,0.0003257716621191984,-8.172569982887769e-05,64
response_mean,22,0,0.0003275794451837977,0.13124370492296344,0.13124370492296344,0.53125,-0.0004423463242346748,0.0010975052146022703,64
response_first,25,11,0.00015045394377466504,0.13093155410978208,0.13093155410978208,0.5,-0.0005545193868101356,0.0008554272743594657,64
post_selector,9,13,-0.0003022365290235097,-0.13023385103477664,0.13023385103477664,0.546875,-0.00045603229955304674,-0.00014844075849397255,64
post_selector,7,9,7.847713152386526e-05,0.13021072157179914,0.13021072157179914,0.640625,-1.0881897651423882e-05,0.00016783616069915438,64
post_selector,35,0,-0.000104412764812875,-0.13005831824529315,0.13005831824529315,0.453125,-0.0003454046691331115,0.0001365791395073615,64
post_selector,5,17,0.0005334107272574329,0.12976469944660327,0.12976469944660327,0.515625,0.0017048490408342186,-0.0006380275863193531,64
post_selector,30,16,0.00023781224263074414,0.12973927952872236,0.12973927952872236,0.5625,-0.0006895927181176276,0.0011652172033791157,64
post_selector,5,13,0.0006649086392371918,0.12968185096240936,0.12968185096240936,0.4375,0.002289559963628559,-0.000959742685154176,64
final_prompt,25,8,0.0001482208217566853,0.12950083866346232,0.12950083866346232,0.546875,0.00023721097113593216,5.923067237743838e-05,64
response_first,26,31,0.0001298212023357297,0.1294549256607996,0.1294549256607996,0.5625,-7.85944480412549e-05,0.0003382368527127143,64
response_mean,23,1,5.4529939916385573e-05,0.129236183663144,0.129236183663144,0.5625,0.0001922340434248121,-8.317416359204091e-05,64
post_selector,34,25,0.00019014771487492214,0.12916201579618034,0.12916201579618034,0.4375,0.0006080524135541034,-0.00022775698380425916,64
post_selector,29,27,0.0004352739661044055,0.12884570650725613,0.12884570650725613,0.796875,-0.0007333363955695069,0.0016038843277783178,64
post_selector,27,9,4.9057902742785894e-05,0.1288067699037985,0.1288067699037985,0.53125,-0.00012390903975755007,0.00022202484524312183,64
post_selector,8,30,5.6133779253288795e-05,0.12872268262749118,0.12872268262749118,0.5,9.400930389346515e-05,1.8258254613112454e-05,64
post_selector,6,20,0.00039916064451971865,0.1285279123994773,0.1285279123994773,0.5,0.0008581804322602626,-5.98591432208249e-05,64
post_selector,19,12,0.00216369552072138,0.12819392708862745,0.12819392708862745,0.515625,0.00402632645273115,0.0003010645887116094,64
post_selector,35,23,0.00041412606879021356,0.12798764321132855,0.12798764321132855,0.5,0.0005912379965593587,0.00023701414102106838,64
post_selector,30,2,0.00012134250846429056,0.1279349484250652,0.1279349484250652,0.546875,-5.9976355260005654e-05,0.00030266137218858683,64
post_selector,13,27,0.00035683866917679216,0.12788537417898121,0.12788537417898121,0.53125,0.00024781676256679393,0.0004658605757867903,64
final_prompt,22,5,6.929472363026201e-05,0.12778814687380077,0.12778814687380077,0.53125,0.0002808660678965507,-0.00014227662063602667,64
post_selector,7,15,-0.0001524061253803688,-0.1275994025625765,0.1275994025625765,0.5,-5.673409032171562e-05,-0.00024807816043902187,64
post_selector,33,27,0.00010392111926193907,0.12736304035953247,0.12736304035953247,0.46875,0.00016004911913113215,4.7793119392745976e-05,64
post_selector,12,8,7.892304256528518e-05,0.12733520353462413,0.12733520353462413,0.53125,0.00010123682113770042,5.660926399286991e-05,64
post_selector,27,20,-0.0002595281184767344,-0.1270828899901871,0.1270828899901871,0.484375,-0.0008886174618964813,0.00036956122494301237,64
post_selector,8,29,-3.33783041241879e-05,-0.1268674389665513,0.1268674389665513,0.453125,-7.615977892781582e-05,9.403170679440024e-06,64
final_prompt,24,4,1.370977525993877e-05,0.12674397541763435,0.12674397541763435,0.53125,5.11832625988894e-05,-2.3763712079011854e-05,64
post_selector,34,15,0.0005404230396379764,0.12647413737942081,0.12647413737942081,0.5,0.0007306737024919063,0.000350172376784047,64
post_selector,29,31,1.904870327962178e-05,0.12603633974404882,0.12603633974404882,0.546875,-8.722152870173404e-06,4.681955942941696e-05,64
response_mean,26,13,3.261399518805733e-05,0.1259916759962769,0.1259916759962769,0.515625,-9.986561803996328e-05,0.00016509360841607793,64
response_mean,28,19,0.00010755537022077673,0.12544119409911444,0.12544119409911444,0.53125,-0.0002894338314263009,0.0005045445718678544,64
post_selector,34,9,0.00024325109370693798,0.12502743796465518,0.12502743796465518,0.5,-8.088375398072718e-05,0.0005673859413946031,64
response_mean,33,17,0.00012690220216881958,0.12479006455941252,0.12479006455941252,0.5625,-0.000505373643591125,0.0007591780479287641,64
final_prompt,21,4,2.9155536594768606e-05,0.1247056801960825,0.1247056801960825,0.546875,8.168992440004044e-05,-2.3378851210503205e-05,64
post_selector,4,30,-0.0005043006894993578,-0.12465919839430505,0.12465919839430505,0.453125,-0.00024592447152826875,-0.000762676907470447,64
post_selector,24,12,0.0007562423452327437,0.12465098264731972,0.12465098264731972,0.546875,0.0009109730235650095,0.0006015116669004781,64
post_selector,7,4,-4.038543075790546e-07,-0.1245654009140816,0.1245654009140816,0.59375,-3.546662519227084e-07,-4.530423632354008e-07,64
final_prompt,32,5,0.00011801118148468429,0.12439827912037191,0.12439827912037191,0.5,0.00010899988456003587,0.00012702247840933273,64
response_mean,20,1,8.204228430485331e-05,0.12424691757681681,0.12424691757681681,0.53125,9.357754288429817e-05,7.050702572540844e-05,64
post_selector,13,11,1.0540386881527754e-05,0.12419237954446867,0.12419237954446867,0.578125,2.7468258593894635e-05,-6.3874848308391255e-06,64
response_mean,22,1,9.420104788658532e-05,0.12384048539473247,0.12384048539473247,0.59375,-0.00011769539901252467,0.00030609749478569535,64
post_selector,13,30,0.0006180422333272842,0.1237349774326085,0.1237349774326085,0.5,0.0008748881155042844,0.00036119635115028435,64
post_selector,19,26,-0.00035691339871844703,-0.12369673836897652,0.12369673836897652,0.40625,-0.00021321972417352058,-0.0005006070732633734,64
post_selector,19,6,0.0007259332523972234,0.12357658451704226,0.12357658451704226,0.5,-0.0007222434942377751,0.0021741099990322216,64
post_selector,12,5,6.836684633525194e-05,0.12339721722900887,0.12339721722900887,0.59375,2.4980728085196223e-05,0.00011175296458530763,64
post_selector,1,30,0.0002977312615257663,0.1232454450858414,0.1232454450858414,0.53125,1.1219126463409869e-05,0.0005842433965881226,64
post_selector,35,25,0.0001097996691896696,0.12310350130898819,0.12310350130898819,0.46875,-0.00012984312706976314,0.0003494424654491023,64
post_selector,22,31,0.0006879965949337938,0.12294058132914659,0.12294058132914659,0.5,-0.0002633145777508593,0.0016393077676184471,64
response_mean,31,7,5.6411755167570355e-05,0.12290889261958221,0.12290889261958221,0.5625,-0.00022473537160292093,0.00033755888193806165,64
response_mean,29,13,4.6587232475298147e-05,0.12285831873813963,0.12285831873813963,0.53125,-8.888527793259821e-05,0.0001820597428831945,64
post_selector,33,1,0.00012926667932333695,0.12258259644837455,0.12258259644837455,0.46875,-0.0003949654928874078,0.0006534988515340817,64
post_selector,12,3,-0.000691115958034061,-0.12242996768281993,0.12242996768281993,0.515625,-0.0013413851847872064,-4.084673128091574e-05,64
post_selector,23,26,0.00039734029087411927,0.12241448975396663,0.12241448975396663,0.609375,-0.0005478137682075685,0.0013424943499558075,64
post_selector,1,12,0.0007602876421515217,0.1223374204614799,0.1223374204614799,0.5625,-4.951336086378758e-05,0.001570088645166831,64
response_mean,35,22,0.000545360711839741,0.12223989592224596,0.12223989592224596,0.546875,0.00031853881228015714,0.000772182611399325,64
response_mean,26,29,0.0003527339687252621,0.12216951900488732,0.12216951900488732,0.515625,0.0006524645284571429,5.300340899338136e-05,64
post_selector,8,31,5.3803264790977786e-05,0.121951031246799,0.121951031246799,0.609375,5.945522980253519e-05,4.8151299779420356e-05,64
post_selector,35,20,-9.718480623632215e-05,-0.1218947039632193,0.1218947039632193,0.453125,-0.0003711430781549761,0.00017677346568233178,64
response_first,24,5,9.601825425419897e-06,0.12184478035767003,0.12184478035767003,0.53125,-2.0439926664999196e-05,3.964357751583899e-05,64
post_selector,13,2,0.0003973785019297752,0.1217095734704835,0.1217095734704835,0.515625,0.00039597291106474076,0.0003987840927948098,64
response_mean,32,10,0.00013187999400087966,0.12164223829396165,0.12164223829396165,0.5625,-0.0003738965544925799,0.0006376565424943393,64
post_selector,34,16,0.00012458234596124046,0.12151848156225888,0.12151848156225888,0.53125,-0.0006012565936543623,0.0008504212855768433,64
post_selector,4,14,0.0005889772437512738,0.12068706789888121,0.12068706789888121,0.59375,0.0011058668678742911,7.208761962825634e-05,64
response_mean,33,16,8.722755319467754e-05,0.12035453379649065,0.12035453379649065,0.578125,-0.00039132593883547376,0.0005657810452248289,64
post_selector,9,12,0.00012395534849929938,0.12019778712207596,0.12019778712207596,0.515625,0.00045266817323861755,-0.0002047574762400188,64
response_first,24,11,9.305103986888316e-06,0.1198384158440089,0.1198384158440089,0.53125,-2.342652243214221e-05,4.203673040591884e-05,64
post_selector,0,31,0.0013790916145808283,0.11964653955080394,0.11964653955080394,0.546875,0.003278254480392203,-0.000520071251230547,64
response_first,23,13,5.9295871608348377e-05,0.11944513336172513,0.11944513336172513,0.546875,-7.460810047632096e-05,0.00019319984369301768,64
response_mean,21,7,5.636979153678648e-06,0.11914307514454801,0.11914307514454801,0.515625,3.8886372521970533e-07,1.0885094582137591e-05,64
post_selector,12,17,0.00011361527458575327,0.11861194640953884,0.11861194640953884,0.484375,-2.9625769457194157e-05,0.0002568563186287007,64
post_selector,2,25,0.0006108448214945344,0.1185137374580633,0.1185137374580633,0.5,0.000670714638545169,0.0005509750044438999,64
post_selector,10,5,2.8511888558566307e-05,0.11849926058945957,0.11849926058945957,0.40625,2.6213870569330032e-05,3.080990654780259e-05,64
final_prompt,21,26,1.6404457255706474e-05,0.11849245228663785,0.11849245228663785,0.578125,9.886412556179714e-06,2.2922501955233233e-05,64
post_selector,32,17,0.00011524652836669634,0.11842628774455984,0.11842628774455984,0.46875,-0.0002553322428866448,0.0004858252996200375,64
public_task_span,16,20,4.1947665295076784e-05,0.11801094855109735,0.11801094855109735,0.5625,-1.3077756193585272e-06,8.520310620951212e-05,64
response_mean,27,19,0.00013218506023803507,0.11780642472929095,0.11780642472929095,0.515625,-0.0004994735800209817,0.0007638437004970518,64
post_selector,27,12,-0.00011834345650641104,-0.11758588058713222,0.11758588058713222,0.5,-0.0004888029552603121,0.00025211604224749005,64
post_selector,7,18,-5.026794906370337e-05,-0.11703434247689035,0.11703434247689035,0.46875,-7.701276263103524e-05,-2.3523135496371547e-05,64
post_selector,6,6,0.0010632247795001556,0.11696217832972287,0.11696217832972287,0.5625,0.0039018687675706812,-0.00177541920857037,64
post_selector,22,29,-0.0003033750399481499,-0.11592038800638184,0.11592038800638184,0.5,-0.0008503721292072407,0.00024362204931094067,64
response_mean,29,10,3.212231881377766e-05,0.11573630315998334,0.11573630315998334,0.53125,-0.00011530878259689251,0.00017955342022444782,64
final_prompt,29,10,1.694538152463565e-06,0.11561957988663253,0.11561957988663253,0.546875,-4.382303934846732e-06,7.771380239773862e-06,64
response_mean,21,25,0.00046823221060776225,0.11552486363346583,0.11552486363346583,0.5625,0.0007896213538742709,0.00014684306734125374,64
post_selector,5,31,0.0010723535187935288,0.11488527731032025,0.11488527731032025,0.5625,0.0028475020681071345,-0.0007027950305200758,64
response_mean,30,2,2.9420153396123684e-05,0.1147864172234446,0.1147864172234446,0.515625,-8.48877593853018e-05,0.00014372806617754915,64
post_selector,4,26,0.0012642824349313514,0.11418820846868236,0.11418820846868236,0.734375,0.0040803190349833806,-0.0015517541651206774,64
post_selector,3,18,-0.0029599720000987907,-0.11408925904907563,0.11408925904907563,0.5,-0.0070267850824166055,0.0011068410822190223,64
post_selector,6,18,-0.0003156172597300655,-0.11356497997961651,0.11356497997961651,0.53125,-0.00031458974444830866,-0.00031664477501182223,64
post_selector,19,29,0.00017209144516528528,0.11348614126928093,0.11348614126928093,0.484375,0.0004816529108211281,-0.0001374700204905575,64
response_mean,25,30,0.00043798374190373655,0.11347987458509205,0.11347987458509205,0.53125,-0.002022762069827829,0.002898729553635302,64
post_selector,1,19,0.0023730046013952233,0.11336131051014292,0.11336131051014292,0.546875,0.008041717279411378,-0.0032957080766209314,64
post_selector,10,22,3.4743410651572496e-05,0.11319178912591647,0.11319178912591647,0.5,-9.179828157356254e-05,0.00016128510287670753,64
post_selector,0,29,0.0008439473749603981,0.11318900185050278,0.11318900185050278,0.515625,0.001987032475881262,-0.00029913772596046654,64
response_mean,33,29,0.00010837179866029618,0.11292122332262265,0.11292122332262265,0.53125,-0.00043097544266853963,0.000647719039989132,64
post_selector,1,24,0.0002902390551753235,0.11222245666319348,0.11222245666319348,0.578125,0.0009486566123086688,-0.0003681785019580219,64
response_mean,27,31,5.8097259170611577e-05,0.11218452543353497,0.11218452543353497,0.546875,-0.000143767158533581,0.0002599616768748042,64
final_prompt,29,19,-7.189554992235957e-06,-0.11194815676479554,0.11194815676479554,0.484375,-4.4935049459120036e-05,3.055593947464812e-05,64
post_selector,2,23,0.0008248373283094962,0.11177829454763144,0.11177829454763144,0.625,0.00286372147866129,-0.0012140468220422978,64
post_selector,21,28,0.0004363708394521225,0.11176656539483568,0.11176656539483568,0.59375,0.001080624562746358,-0.00020788288384211316,64
final_prompt,23,13,6.294156401053688e-05,0.11158385655248397,0.11158385655248397,0.546875,-0.00021320120822564074,0.0003390843362467145,64
final_prompt,25,9,0.0001163253098184149,0.11146610675008964,0.11146610675008964,0.59375,5.518164880412242e-05,0.00017746897083270737,64
response_first,24,9,1.3127728184514353e-06,0.11118337561106781,0.11118337561106781,0.578125,-2.425508970560486e-06,5.051054607463357e-06,64
response_mean,28,17,2.6651166763256856e-05,0.11099361983093167,0.11099361983093167,0.546875,-0.00011713610206240785,0.00017043843558892156,64
response_first,26,25,-3.886735134982821e-05,-0.11065629280473917,0.11065629280473917,0.40625,6.185874667607755e-05,-0.00013959344937573397,64
public_task_span,15,25,-1.165118817425272e-05,-0.11060329416866745,0.11060329416866745,0.484375,3.972038962273446e-05,-6.302276597123991e-05,64
response_first,24,13,5.916107816972057e-05,0.11049122015579396,0.11049122015579396,0.578125,-0.00017280248059845595,0.00029112463693789715,64
public_task_span,11,24,-0.0001600649316060264,-0.1100786087919231,0.1100786087919231,0.46875,-0.0002938328643722082,-2.6296998839844636e-05,64
post_selector,20,22,-0.00039029561412462174,-0.1098910611008345,0.1098910611008345,0.4375,-0.0007455181148543405,-3.507311339490303e-05,64
post_selector,3,26,0.0006526134347950596,0.10902398958578012,0.10902398958578012,0.5,0.0020421987283043563,-0.0007369718587142374,64
response_mean,34,31,6.464579826115027e-05,0.10886761538443102,0.10886761538443102,0.515625,-0.00013825359474139518,0.00026754519126369575,64
response_mean,29,15,7.142088361433311e-05,0.10882881460928004,0.10882881460928004,0.5,-0.00027943894338020297,0.0004222807106088692,64
post_selector,1,2,-0.0008225157162087266,-0.10853302010111589,0.10853302010111589,0.5,0.0006906788366904905,-0.002335710269107944,64
post_selector,19,14,-0.0009598517499398494,-0.10840405418458278,0.10840405418458278,0.484375,-0.001339656257187024,-0.0005800472426926751,64
post_selector,1,9,0.0007685283126193156,0.10829303280766443,0.10829303280766443,0.53125,0.0016389915108447812,-0.00010193488560615008,64
post_selector,24,3,2.831381357281436e-05,0.10781860217960984,0.10781860217960984,0.5,2.647426117617775e-05,3.0153365969450966e-05,64
response_mean,21,15,3.4925998420475116e-05,0.10769935577278872,0.10769935577278872,0.515625,0.000120005845246842,-5.015384840589177e-05,64
post_selector,34,8,-0.00023947388399391887,-0.10754966391004595,0.10754966391004595,0.46875,-0.0013889720576116531,0.0009100242896238154,64
response_mean,33,19,0.0001211997087011646,0.10726174407492746,0.10726174407492746,0.5625,-0.00044365863868732155,0.0006860580560896507,64
response_mean,27,28,0.0002844858856860733,0.10721015726751623,0.10721015726751623,0.546875,-0.0005075297331131937,0.0010765015044853405,64
post_selector,9,18,-6.590972720483677e-06,-0.10720308607916883,0.10720308607916883,0.5,-1.9379305204115133e-05,6.197359763147781e-06,64
response_mean,22,20,0.0002136746179530709,0.10709692409760697,0.10709692409760697,0.53125,-0.000548147721019623,0.0009754969569257647,64
post_selector,23,13,0.0012383290704747142,0.10688802664429925,0.10688802664429925,0.546875,0.002491749837645316,-1.5091696695887242e-05,64
post_selector,19,5,-7.353642013185958e-05,-0.10687543771122279,0.10687543771122279,0.484375,-0.00011751253259716609,-2.956030766655309e-05,64
response_mean,34,7,0.00010136580431208337,0.10687260891626595,0.10687260891626595,0.5,-0.0005478008879435585,0.0007505324965677252,64
post_selector,27,11,0.00012069296371919501,0.1067629561339801,0.1067629561339801,0.5625,-0.00014441572238866246,0.0003858016498270524,64
response_first,26,28,1.6865191128086653e-05,0.1062821974049609,0.1062821974049609,0.5625,2.6906659513768836e-05,6.823722742404475e-06,64
response_first,23,10,2.460091468492153e-05,0.10627810500999894,0.10627810500999894,0.546875,-1.3374044385726083e-05,6.257587375556916e-05,64
response_first,24,16,1.7512665692715274e-05,0.10614256137706025,0.10614256137706025,0.59375,2.222968328167767e-05,1.2795648103752877e-05,64
final_prompt,24,7,6.771569488248924e-06,0.10566306268190295,0.10566306268190295,0.640625,2.1297200049726868e-05,-7.754061073229018e-06,64
final_prompt,33,18,0.00026814489319804564,0.10563949895593844,0.10563949895593844,0.5,0.0007212963282654571,-0.0001850065418693656,64
post_selector,27,2,7.714070488873105e-05,0.1052511207905445,0.1052511207905445,0.5,5.025555401515939e-05,0.00010402585576230277,64
post_selector,4,24,0.00013618397247226884,0.10517944992815872,0.10517944992815872,0.578125,0.0004487833002712979,-0.00017641535532676017,64
response_mean,31,4,0.00010670670349099612,0.10498851830266222,0.10498851830266222,0.53125,-0.0005241761969045752,0.0007375896038865676,64
response_mean,29,17,4.6112086920398655e-05,0.10435992671504256,0.10435992671504256,0.53125,-0.00020094096862519604,0.0002931651424659934,64
response_mean,34,21,0.000266109387666796,0.10423705974470515,0.10423705974470515,0.546875,-0.0008741988967812878,0.0014064176721148795,64
post_selector,30,10,4.391652282719377e-05,0.10417856443958988,0.10417856443958988,0.578125,1.6698695617365672e-05,7.113435003702187e-05,64
post_selector,11,1,0.00010750738965726141,0.10414998201249055,0.10414998201249055,0.5,0.0005545569511013874,-0.00033954217178686465,64
post_selector,7,27,-3.682630836010313e-05,-0.10400893435210011,0.10400893435210011,0.5,-9.8942477961844e-06,-6.375836892402189e-05,64
response_mean,31,3,8.73821081768211e-05,0.10389966660138976,0.10389966660138976,0.53125,-0.0002918469590440374,0.0004666111753976796,64
public_task_span,7,22,5.439532742456706e-05,0.10363440122455245,0.10363440122455245,0.5625,-0.0001785924832802187,0.00028738313812935284,64
response_first,23,11,4.889360400997134e-06,0.10350537086474997,0.10350537086474997,0.546875,7.789116857283559e-06,1.989603944710708e-06,64
response_mean,25,29,2.30302492809642e-06,0.1031575224807013,0.1031575224807013,0.546875,-7.529830583052899e-06,1.2135880439245739e-05,64
post_selector,23,20,6.264571516111875e-05,0.10311252464484807,0.10311252464484807,0.5,7.268589843078125e-05,5.260553189145627e-05,64
post_selector,26,17,0.00017740506746121148,0.10297203566130306,0.10297203566130306,0.609375,-0.0002837378951881045,0.0006385480301105276,64
response_first,22,5,1.6181026609271952e-05,0.10291873245033886,0.10291873245033886,0.546875,7.830898019277613e-05,-4.594692697423223e-05,64
response_mean,30,27,0.00013317792991074102,0.10278017387572576,0.10278017387572576,0.53125,-0.0006378592643158949,0.0009042151241373769,64
post_selector,11,13,-0.00012893292023364,-0.10267655307809515,0.10267655307809515,0.5,0.0002756091907940325,-0.0005334750312613124,64
final_prompt,31,3,0.00023452113055099445,0.10262119554259944,0.10262119554259944,0.546875,-0.0003480003215372673,0.0008170425826392563,64
post_selector,25,4,7.103286679920902e-05,0.1021322816041672,0.1021322816041672,0.5,-6.471692631748495e-05,0.000206782659915903,64
post_selector,20,26,-2.5885655304590987e-05,-0.1020497466587209,0.1020497466587209,0.515625,-1.355410836367714e-05,-3.821720224550481e-05,64
response_mean,23,8,0.0005916087222885773,0.10187033461855179,0.10187033461855179,0.59375,-0.0009726984221742781,0.0021559158667514323,64
response_mean,34,5,0.00020486470111791256,0.10171170516564733,0.10171170516564733,0.5,-0.0008193150861188561,0.0012290444883546812,64
response_first,24,10,2.8660353876830413e-06,0.10162314144245158,0.10162314144245158,0.515625,2.4086315590921004e-06,3.3234392162739823e-06,64
post_selector,18,28,-0.0006903657049406191,-0.10132970898890613,0.10132970898890613,0.40625,-0.0030246257883845542,0.0016438943785033158,64
final_prompt,26,23,3.822566219469286e-05,0.1012577384651698,0.1012577384651698,0.53125,6.971049117509862e-05,6.7408332142870894e-06,64
post_selector,29,22,0.00010409242531750094,0.10121029133455366,0.10121029133455366,0.53125,-0.00010903367001447231,0.00031721852064947424,64
response_first,29,0,4.734987010124618e-05,0.10075208804204305,0.10075208804204305,0.546875,-0.00022378219091476564,0.00031848193111725796,64
post_selector,19,20,-1.4771971621029118e-05,-0.10071123347517354,0.10071123347517354,0.453125,3.815799647099239e-05,-6.770193971305063e-05,64
response_mean,34,28,0.0002886827887777993,0.1006144510611845,0.1006144510611845,0.53125,-0.001280903525184827,0.0018582691027404256,64
post_selector,6,22,-0.000641567257844143,-0.10032261675897042,0.10032261675897042,0.453125,-7.058859046083464e-05,-0.0012125459252274513,64
response_mean,29,12,0.00021029025765528322,0.10020163265745773,0.10020163265745773,0.5,-0.0009578614644851554,0.0013784419797957222,64
response_mean,27,18,0.00032997442940540026,0.10013953933376848,0.10013953933376848,0.546875,-0.0011893611517734685,0.0018493100105842692,64
response_mean,32,0,0.00014017245939612353,0.10011928413565394,0.10011928413565394,0.53125,-0.0005214504822106131,0.0008017954010028603,64
response_mean,25,20,2.3604251815356747e-06,0.09939839507202167,0.09939839507202167,0.53125,7.975528930614928e-06,-3.2546785675435785e-06,64
public_task_span,11,15,-0.00013539509927795637,-0.09938705095885163,0.09938705095885163,0.484375,-0.0003662583258119377,9.5468127256025e-05,64
post_selector,31,11,9.648726882004123e-05,0.09930486412909653,0.09930486412909653,0.625,-0.00022256459487835037,0.0004155391325184329,64
post_selector,6,1,-0.0003539190529409054,-0.09923696783630231,0.09923696783630231,0.421875,-0.0002530924975871952,-0.00045474560829461563,64
response_mean,21,22,0.00018004476496003336,0.09900176400850252,0.09900176400850252,0.53125,-0.0006669240753467196,0.0010270136052667861,64
response_mean,33,15,8.51682634674889e-05,0.09879046903958574,0.09879046903958574,0.53125,-0.00042308082447560036,0.0005934173514105781,64
response_mean,24,24,-7.352820375671791e-05,-0.09874255879918203,0.09874255879918203,0.421875,2.290972952323141e-05,-0.00016996613703666724,64
public_task_span,7,20,0.00012017144126730422,0.09865067291615982,0.09865067291615982,0.5,8.227671969502585e-06,0.00023211521056510585,64
response_mean,27,6,5.892412502814898e-06,0.09809594655748759,0.09809594655748759,0.484375,-1.863321375594514e-05,3.0418038761574936e-05,64
post_selector,25,5,2.2368202849064477e-05,0.09805582922931166,0.09805582922931166,0.5,1.3083143812764841e-05,3.165326188536412e-05,64
response_mean,33,28,0.00010796747278617733,0.09788347580046682,0.09788347580046682,0.53125,-0.000442935964201736,0.0006588709097740908,64
response_mean,29,19,-1.1651367543661373e-05,-0.09778280496315872,0.09778280496315872,0.484375,-5.030533668559427e-05,2.7002601598271518e-05,64
post_selector,7,8,6.415214602384063e-05,0.097436780007579,0.097436780007579,0.5,0.0001642180195631125,-3.591372751543125e-05,64
post_selector,5,28,9.933715318764886e-05,0.0974008893143274,0.0974008893143274,0.703125,0.00030138246256681953,-0.00010270815619152172,64
post_selector,1,17,0.0006023639434715735,0.09709773519078255,0.09709773519078255,0.5,0.0011678351002046782,3.689278673846871e-05,64
response_mean,21,23,0.0005424496137038663,0.09697346965392531,0.09697346965392531,0.5,-0.0019602130016664584,0.003045112229074191,64
response_first,23,26,9.81408129518807e-06,0.09683793743491163,0.09683793743491163,0.546875,3.6457679470899674e-06,1.5982394643286177e-05,64
response_mean,33,13,6.856130892174303e-05,0.09680591634735893,0.09680591634735893,0.53125,-0.0003210224247140861,0.00045814504255757213,64
post_selector,25,24,7.728805417170743e-05,0.09674057221010753,0.09674057221010753,0.75,-4.518554487732109e-05,0.00019976165322073593,64
post_selector,21,3,0.00016822146108097342,0.09673130975912066,0.09673130975912066,0.5,1.6861624317234398e-05,0.00031958129784471253,64
post_selector,27,26,-9.60657089308359e-05,-0.09664890583394399,0.09664890583394399,0.53125,-0.0007190467295003756,0.0005269153116387038,64
post_selector,26,30,-0.00015167788365033353,-0.096540329425581,0.096540329425581,0.5,-8.857017837727503e-05,-0.000214785588923392,64
public_task_span,12,6,-5.7943459296432285e-05,-0.09650310815979175,0.09650310815979175,0.421875,-1.628100289962504e-05,-9.960591569323954e-05,64
response_mean,31,15,0.00017682823886389315,0.0964845186299114,0.0964845186299114,0.546875,-0.00037210717664492036,0.0007257636543727067,64
public_task_span,14,21,-2.5110366550507024e-06,-0.09635713094660703,0.09635713094660703,0.46875,-7.518415657159494e-06,2.4963423470580892e-06,64
response_mean,30,9,4.4305558105860385e-05,0.09605164729426807,0.09605164729426807,0.546875,-3.9311540263038723e-05,0.00012792265647475947,64
post_selector,22,15,0.0005431522549770227,0.09599224658872661,0.09599224658872661,0.5625,-0.0003392212529433969,0.0014255257628974422,64
public_task_span,21,16,2.8216433236135174e-05,0.09583043326716768,0.09583043326716768,0.515625,0.00015000904977567834,-9.357618330340797e-05,64
response_mean,23,24,4.519662763868164e-05,0.09553546941868166,0.09553546941868166,0.5625,-7.302999802050238e-05,0.00016342325329786564,64
response_mean,32,8,0.00013429673549580608,0.09487276346460047,0.09487276346460047,0.515625,-0.00069866585408815,0.0009672593250797622,64
final_prompt,23,28,2.2192410199290964e-05,0.09480292463257606,0.09480292463257606,0.609375,-9.682103598150483e-05,0.00014120585638008676,64
post_selector,2,0,-0.00046413769814534166,-0.09463091857828451,0.09463091857828451,0.421875,0.0008784181845840158,-0.001806693580874699,64
final_prompt,22,11,2.1229644971748406e-05,0.0945677234224252,0.0945677234224252,0.546875,3.5465888004167615e-05,6.993401939329195e-06,64
post_selector,21,21,-0.00021572613150055297,-0.0943980822338785,0.0943980822338785,0.46875,-9.373924694954812e-05,-0.000337713016051558,64
response_mean,33,31,0.00013283193152346592,0.09423583060940857,0.09423583060940857,0.515625,-0.0006481823947978873,0.0009138462578448191,64
post_selector,22,18,-0.00012386135767882835,-0.09415506548802689,0.09415506548802689,0.453125,-0.0004049994668093727,0.000157276751451716,64
public_task_span,13,29,3.115302888545092e-05,0.09374182750435249,0.09374182750435249,0.5625,1.9169115148536037e-05,4.313694262236581e-05,64
post_selector,30,13,0.00015410040168716617,0.09343626304382176,0.09343626304382176,0.546875,-0.0002227328886874619,0.0005309336920617942,64
post_selector,10,28,-8.785053341852968e-05,-0.0933923642126892,0.0933923642126892,0.5,0.0001953283699549375,-0.0003710294367919969,64
response_mean,31,13,0.00016762743700837312,0.09329335700985902,0.09329335700985902,0.578125,-0.0008938472271892949,0.001229102101206041,64
final_prompt,23,26,4.008576365776639e-05,0.09328667598531801,0.09328667598531801,0.546875,7.312099614863444e-05,7.050531166898333e-06,64
post_selector,30,12,0.00030756952310184845,0.09312024474459882,0.09312024474459882,0.5,-0.00021237753026072194,0.0008275165764644188,64
post_selector,27,3,3.860388005705114e-05,0.09274309666058472,0.09274309666058472,0.53125,9.951072979673699e-05,-2.230296968263469e-05,64
final_prompt,32,7,0.00021892077347729371,0.09271432277059144,0.09271432277059144,0.5,-1.0968854439859395e-05,0.00044881040139444693,64
response_mean,26,12,2.2197624957694036e-05,0.09270352808038382,0.09270352808038382,0.515625,-0.00012801549655703248,0.00017241074647242056,64
post_selector,11,25,4.337538211984693e-05,0.09266982588737128,0.09266982588737128,0.5,7.074010136419868e-05,1.601066287549518e-05,64
post_selector,14,6,0.0003136851046292578,0.09239397524341865,0.09239397524341865,0.515625,0.0007567472493974469,-0.0001293770401389312,64
post_selector,31,1,-3.859778394143522e-05,-0.0921135868495416,0.0921135868495416,0.484375,-3.559850165400796e-05,-4.1597066228862484e-05,64
post_selector,32,27,-0.00039523318628198294,-0.09195318767343562,0.09195318767343562,0.5,0.00023950482136569695,-0.0010299711939296624,64
post_selector,32,12,-0.00013068498356005423,-0.091582760746998,0.091582760746998,0.5,-0.00016527327534277138,-9.609669177733707e-05,64
response_mean,34,16,3.3627551829336954e-05,0.09157112309498738,0.09157112309498738,0.5625,-0.00018079075925923107,0.000248045862917905,64
final_prompt,23,14,2.3160233752145958e-05,0.09111372359610348,0.09111372359610348,0.546875,3.3204943292727074e-05,1.3115524211564841e-05,64
response_mean,20,12,-0.00031571764429827535,-0.0909068349157405,0.0909068349157405,0.453125,-0.0015035133164928844,0.0008720780278963336,64
response_mean,29,24,6.82263469116143e-05,0.09085581179071019,0.09085581179071019,0.53125,-0.00029576624956459836,0.000432218943387827,64
response_first,29,10,7.278145815799943e-06,0.09051429258375045,0.09051429258375045,0.53125,-3.744307392138975e-05,5.199936555298964e-05,64
public_task_span,11,6,-2.8207617674525225e-05,-0.08994795368900747,0.08994795368900747,0.5,-0.00010733115414040623,5.0915918791355785e-05,64
response_mean,23,23,3.092222186750752e-05,0.08988759077750126,0.08988759077750126,0.515625,-0.00015676926432204474,0.0002186137080570598,64
post_selector,9,19,-1.6164877454372117e-06,-0.08983855463223545,0.08983855463223545,0.4375,-4.065063690994464e-06,8.320882001200403e-07,64
response_mean,23,12,0.0003095271376878394,0.08981303570581887,0.08981303570581887,0.546875,-0.0009579319928434285,0.0015769862682191071,64
post_selector,4,17,0.0006910481097293013,0.08977334589052688,0.08977334589052688,0.53125,0.0025473365785728644,-0.0011652403591142617,64
response_first,27,15,1.1668896377155452e-05,0.08953278618957865,0.08953278618957865,0.5,-8.167052828865145e-05,0.00010500832104296236,64
response_first,26,7,2.9241081392686692e-05,0.08946955073880988,0.08946955073880988,0.484375,-9.093080416276268e-05,0.00014941296694813603,64
post_selector,10,18,8.038296300583128e-05,0.08931443047593891,0.08931443047593891,0.453125,-9.19878084459968e-05,0.00025275373445765933,64
response_mean,21,5,0.00012770493776769913,0.08925084322184731,0.08925084322184731,0.53125,-0.0005748741896240864,0.0008302840651594847,64
response_mean,19,12,0.0003142348255096301,0.08903267691490517,0.08903267691490517,0.5,0.0009737155091897813,-0.00034524585817052097,64
post_selector,25,26,-0.0001288709020173066,-0.08854407277618546,0.08854407277618546,0.625,4.750953939945794e-05,-0.0003052513434340712,64
response_first,35,19,1.0357144446969703e-05,0.08845732233696173,0.08845732233696173,0.53125,3.46863621416481e-05,-1.3972073247708696e-05,64
response_mean,31,29,0.0001617013112991125,0.08838048901755874,0.08838048901755874,0.5,-0.0011073135356127499,0.001430716158210975,64
response_first,26,30,4.816476348422654e-06,0.08829433791190516,0.08829433791190516,0.578125,-1.4955310689396565e-05,2.4588263386241872e-05,64
post_selector,5,30,-0.0003987919305359338,-0.08768132039873823,0.08768132039873823,0.53125,0.0008232307110347383,-0.001620814572106606,64
response_mean,31,28,5.6733958729182415e-05,0.0876039059247079,0.0876039059247079,0.515625,-0.0002902522136309627,0.00040372013108932753,64
post_selector,7,29,2.2605887124882077e-05,0.08756231301376098,0.08756231301376098,0.484375,7.99903461938796e-05,-3.4778571944115446e-05,64
final_prompt,27,0,-5.883919129700265e-06,-0.08739721980364283,0.08739721980364283,0.453125,-1.8226417068940647e-05,6.458578809540117e-06,64
post_selector,14,19,-0.0012068083087797298,-0.0872220466426266,0.0872220466426266,0.5,0.00034704913559835036,-0.002760665753157809,64
final_prompt,28,9,6.33935383120727e-05,0.0867741565619646,0.0867741565619646,0.59375,-0.00011652209650492063,0.00024330917312906603,64
post_selector,1,31,-0.0004231962226981424,-0.08667451562644377,0.08667451562644377,0.453125,0.0013082571053928441,-0.002154649550789129,64
final_prompt,31,15,0.00039442894740204576,0.08665810609587841,0.08665810609587841,0.5625,0.0011782851397583653,-0.0003894272449542735,64
post_selector,8,11,6.145431120785663e-05,0.08662748777171406,0.08662748777171406,0.53125,4.415903367771562e-05,7.874958873799767e-05,64
post_selector,2,2,0.0003081759459746525,0.08648949767821554,0.08648949767821554,0.5,0.0007735448016319373,-0.00015719290968263218,64
final_prompt,25,11,0.00027080538256995157,0.08645787347233193,0.08645787347233193,0.578125,-0.0008737277876207352,0.0014153385527606382,64
response_mean,19,31,0.00014192228763931165,0.08642697098225385,0.08642697098225385,0.59375,-0.0003283118558101698,0.0006121564310887933,64
response_mean,22,17,4.073686977790268e-05,0.0862547002580824,0.0862547002580824,0.515625,-9.769323241924779e-05,0.00017916697197505315,64
public_task_span,11,26,-2.1019369398795755e-05,-0.08587034664388038,0.08587034664388038,0.484375,-6.400036579634114e-05,2.1961626998749638e-05,64
post_selector,13,9,0.000793942863310797,0.08585026508253502,0.08585026508253502,0.53125,0.003208574798918544,-0.00162068907229695,64
response_first,26,23,7.139390547192669e-06,0.085802553594932,0.085802553594932,0.53125,3.0052933084329714e-05,-1.5774151989944375e-05,64
response_mean,31,31,2.947935342945236e-05,0.0857973117807185,0.0857973117807185,0.5,-0.00021390148322094488,0.0002728601900798496,64
response_mean,26,15,0.00020414074879227328,0.08576932738998685,0.08576932738998685,0.5,-0.0014533671628668848,0.0018616486604514312,64
post_selector,22,26,4.871462442679079e-05,0.08530415406783844,0.08530415406783844,0.5,3.620369989220031e-05,6.122554896138125e-05,64
post_selector,27,28,-0.00041453964718131706,-0.08520153056681153,0.08520153056681153,0.671875,-0.0018498195049687772,0.0010207402106061432,64
final_prompt,23,4,1.0219257484678224e-07,0.08492426496182279,0.08492426496182279,0.546875,8.518699345927416e-08,1.1919815623429031e-07,64
post_selector,15,25,0.00015683911396991248,0.08477512864241642,0.08477512864241642,0.5,0.00016868076636455313,0.00014499746157527188,64
response_mean,30,26,2.6421013956222954e-05,0.08454984454985576,0.08454984454985576,0.546875,1.9008792378372794e-05,3.383323553407309e-05,64
response_mean,28,11,0.00013171164891900275,0.08451997601959246,0.08451997601959246,0.515625,-0.000608647127137351,0.0008720704249753565,64
final_prompt,20,1,3.232295111387641e-05,0.08442114416418946,0.08442114416418946,0.5,0.00016606370508041475,-0.00010141780285266191,64
post_selector,6,13,8.873727324497767e-05,0.08437141980776151,0.08437141980776151,0.640625,0.00034853331771954023,-0.00017105877122958494,64
post_selector,10,26,-0.00039190925599541873,-0.08433971185960447,0.08433971185960447,0.5,-0.0007379107046290343,-4.5907807361803124e-05,64
response_first,24,6,4.070316663271749e-06,0.08398093495490555,0.08398093495490555,0.515625,5.049387596045184e-06,3.0912457304983152e-06,64
response_mean,20,9,4.692451250320513e-05,0.08388705898067697,0.08388705898067697,0.5,-7.974852951518758e-05,0.00017359755452159783,64
response_mean,23,21,2.3662539945241016e-05,0.08373790895771711,0.08373790895771711,0.484375,-0.00010868288165963418,0.00015600796155011622,64
response_first,23,31,8.565215878773233e-06,0.08353795525110418,0.08353795525110418,0.515625,-8.193985649995191e-06,2.532441740754166e-05,64
post_selector,17,18,-0.0001493853897045465,-0.08329454478680483,0.08329454478680483,0.5,0.0004807779350812609,-0.000779548714490354,64
response_mean,29,26,0.0003965732039432592,0.08322410512612419,0.08322410512612419,0.5625,-0.0015844718909647656,0.002377618298851284,64
response_mean,25,28,2.88834310140402e-05,0.08300984993632472,0.08300984993632472,0.53125,-0.0001230968955496562,0.00018086375757773662,64
post_selector,6,3,7.53796562094079e-05,0.08296129807328628,0.08296129807328628,0.546875,8.043278558035082e-05,7.032652683846493e-05,64
post_selector,19,3,-0.0006767897866666321,-0.08294842928536972,0.08294842928536972,0.453125,0.0026377327376394385,-0.003991312310972703,64
response_first,28,2,0.00015119643376238325,0.08287778209554839,0.08287778209554839,0.53125,-0.0009077028089449902,0.0012100956764697567,64
post_selector,17,25,0.0003983809965575421,0.08275476614233765,0.08275476614233765,0.4375,0.0011249206399952536,-0.0003281586468801694,64
response_mean,31,5,9.383848782817477e-05,0.08271998977312608,0.08271998977312608,0.515625,-0.0005780216715720395,0.0007656986472283889,64
post_selector,4,10,0.0005154002237759407,0.08270071805167774,0.08270071805167774,0.484375,0.002658630732184972,-0.0016278302846330906,64
post_selector,2,9,0.0007058400224195843,0.08268149505237182,0.08268149505237182,0.5,-0.0024982122558867377,0.003909892300725906,64
post_selector,24,25,-0.0003693377802846927,-0.08260231268482798,0.08260231268482798,0.4375,-0.0010370517193223168,0.00029837615875293115,64
post_selector,8,9,-6.398509731297345e-05,-0.08234203700526865,0.08234203700526865,0.5,6.483490597020314e-05,-0.00019280510059615,64
post_selector,29,30,2.47129921717737e-05,0.08222483624241754,0.08222483624241754,0.5,0.00010825817457770339,-5.8832190234155965e-05,64
post_selector,5,29,0.0005556226869884935,0.0822185942481326,0.0822185942481326,0.609375,0.0016942755410127627,-0.0005830301670357753,64
final_prompt,26,22,1.936784298095316e-05,0.08204834856663296,0.08204834856663296,0.515625,-1.3571988688457204e-05,5.2307674650363514e-05,64
response_mean,27,11,2.853506362044274e-05,0.08204613590531487,0.08204613590531487,0.515625,-2.7162659080193764e-05,8.423278632107924e-05,64
post_selector,32,19,5.9984497966067585e-05,0.08198004227343934,0.08198004227343934,0.5,-0.0002960087895189457,0.0004159777854510809,64
post_selector,35,14,0.00026018443168141365,0.08191298312722183,0.08191298312722183,0.484375,-0.0016286122408928135,0.002148981104255641,64
post_selector,25,15,0.00021076581651867344,0.08190436432607447,0.08190436432607447,0.609375,0.00048283347314278754,-6.130184010544066e-05,64
response_mean,32,3,0.00017860246475719956,0.08179932105062485,0.08179932105062485,0.53125,-0.0011245585737924284,0.0014817635033068273,64
post_selector,3,24,-0.0004165188784099777,-0.08144701318722125,0.08144701318722125,0.421875,0.0009339753942185847,-0.0017670131510385402,64
response_mean,25,21,6.1269755917647725e-06,0.08096907465555948,0.08096907465555948,0.5,-3.352647161136377e-05,4.5780422794893305e-05,64
response_mean,30,11,5.7237244050152857e-05,0.08095825748736489,0.08095825748736489,0.53125,-0.00010240780011371596,0.0002168822882140216,64
post_selector,4,2,-0.00030467991382465806,-0.08050510972545727,0.08050510972545727,0.5,0.0006093529973441091,-0.001218712824993425,64
response_mean,24,18,0.00039126144292821874,0.08024033674170505,0.08024033674170505,0.515625,-0.001118354703066872,0.0019008775889233095,64
response_mean,31,12,8.745750221799572e-06,0.07999466630647292,0.07999466630647292,0.515625,-3.971658509271494e-05,5.720808553631409e-05,64
post_selector,2,24,0.0005078578615211891,0.0798326912937594,0.0798326912937594,0.5,0.0012438039993867157,-0.00022808827634433748,64
post_selector,0,23,-0.0007255855089169952,-0.07983037411373156,0.07983037411373156,0.5,0.00014438404468819087,-0.0015955550625221812,64
post_selector,5,11,-0.0009915463779179797,-0.07975159504714824,0.07975159504714824,0.46875,0.0028341411489236626,-0.004817233904759622,64
post_selector,33,22,9.471152407059109e-05,0.07968368070568478,0.07968368070568478,0.46875,-0.0005203636246733145,0.0007097866728144967,64
response_mean,34,30,0.00013566237703344168,0.07962193145013609,0.07962193145013609,0.515625,-0.0007244707112476837,0.000995795465314567,64
final_prompt,28,2,0.0001029336226565558,0.07961025466060298,0.07961025466060298,0.546875,-0.0004767535583596169,0.0006826208036727285,64
post_selector,26,6,0.00011879254543600731,0.07915177963889651,0.07915177963889651,0.5,-0.0005070060942671155,0.0007445911851391301,64
public_task_span,11,22,-1.0260142119023855e-05,-0.07903921772726068,0.07903921772726068,0.453125,-3.134088319711253e-05,1.0820598959064825e-05,64
response_mean,34,3,0.00013697716985916586,0.07903502976153744,0.07903502976153744,0.5,-0.0010962244195979705,0.0013701787593163022,64
response_mean,16,20,6.582743503713178e-05,0.07871155359026995,0.07871155359026995,0.546875,-0.0002487935967110358,0.00038044846678529935,64
post_selector,32,26,-0.0002492372914275604,-0.07862478021905643,0.07862478021905643,0.484375,-0.00046424930951615936,-3.4225273338961415e-05,64
final_prompt,29,8,4.292106450519807e-05,0.07844447826100807,0.07844447826100807,0.5,-0.0002968801259157556,0.00038272225492615175,64
post_selector,11,10,-6.870012521176278e-05,-0.0783495138063202,0.0783495138063202,0.515625,0.00010278475133418199,-0.00024018500175770758,64
public_task_span,11,27,-3.594732652344715e-05,-0.0783325001452775,0.0783325001452775,0.40625,3.985988314538759e-06,-7.588064136143306e-05,64
post_selector,2,20,-0.00037392008334790537,-0.07810569793519057,0.07810569793519057,0.453125,0.0014973407933211885,-0.002245180960016999,64
final_prompt,33,20,0.00011941946490878554,0.07802745352380633,0.07802745352380633,0.53125,-0.00018429486181047758,0.0004231337916280485,64
response_first,25,30,0.00014570431903848375,0.07800064965693816,0.07800064965693816,0.53125,-0.0010711806862672894,0.0013625893243442572,64
response_mean,28,14,8.363854419710655e-06,0.07798688109748592,0.07798688109748592,0.53125,1.6602085224802023e-05,1.2562361461929037e-07,64
response_mean,25,14,7.336978342208974e-05,0.07777116688940972,0.07777116688940972,0.546875,-0.0002252819813293042,0.00037202154817348365,64
post_selector,1,7,-0.0002709415439312516,-0.07777017872264368,0.07777017872264368,0.5,0.00013341199883143748,-0.0006752950866939406,64
response_first,24,23,1.7982992289943174e-05,0.07764280300707702,0.07764280300707702,0.546875,-8.031234187909058e-05,0.00011627832645897693,64
post_selector,34,6,1.4492583034099327e-05,0.07743572512807886,0.07743572512807886,0.46875,-9.487920090120931e-05,0.00012386436696940796,64
post_selector,2,6,0.0007505703251808846,0.0773312017565592,0.0773312017565592,0.5,0.0003598128096200437,0.001141327840741725,64
post_selector,5,8,-0.0009841183491516889,-0.07719014525178716,0.07719014525178716,0.5,0.00018513374379835286,-0.0021533704421017315,64
post_selector,31,17,-9.277688650399683e-05,-0.07708115067266251,0.07708115067266251,0.5,-0.00010254004610033125,-8.301372690766251e-05,64
response_first,23,4,1.3189462393370377e-06,0.07698323701096829,0.07698323701096829,0.515625,-7.746110236794834e-06,1.038400271546891e-05,64
post_selector,15,24,-2.6121355972462322e-05,-0.07649251651021322,0.07649251651021322,0.4375,-8.962765218711646e-05,3.7384940242191824e-05,64
final_prompt,26,21,-1.283934881257729e-05,-0.07648115699198683,0.07648115699198683,0.453125,-2.4100791279125715e-05,-1.5779063460288666e-06,64
response_mean,34,1,9.249192180504724e-05,0.07641326950723941,0.07641326950723941,0.515625,-0.00038154281355671853,0.0005665266571668131,64
post_selector,6,16,-0.0005099882255308188,-0.07610260801426663,0.07610260801426663,0.328125,-0.00048213191621470015,-0.0005378445348469374,64
post_selector,31,24,-0.0008112399045785406,-0.07589282069439142,0.07589282069439142,0.5,-0.002112900627253103,0.0004904208180960219,64
response_first,24,25,0.00018630201702762704,0.07571939331424826,0.07571939331424826,0.5,-0.0008796970687399055,0.0012523011027951595,64
response_first,28,18,2.4672636754984274e-05,0.07557741200752606,0.07557741200752606,0.5625,-8.487224965846434e-05,0.00013421752316843284,64
response_first,31,3,9.589707701703174e-06,0.075478807762798,0.075478807762798,0.546875,-4.3029931475753034e-05,6.220934687915938e-05,64
response_mean,21,21,2.6695839267176604e-05,0.07540352706665157,0.07540352706665157,0.53125,-0.0001227820692690602,0.0001761737478034134,64
post_selector,32,18,-0.00011142725588797515,-0.07526417840537004,0.07526417840537004,0.515625,-0.0005870763197890346,0.00036422180801308436,64
post_selector,2,22,0.0005691200312867201,0.07506621714014634,0.07506621714014634,0.546875,0.002916546420237843,-0.0017783063576644032,64
post_selector,17,0,-8.905613685783439e-05,-0.07500445393413402,0.07500445393413402,0.453125,0.0001797681343304895,-0.0003578804080461583,64
final_prompt,26,4,-0.00010594819013931717,-0.07496419116671547,0.07496419116671547,0.5,-0.0005393179289967468,0.0003274215487181125,64
response_mean,33,20,0.0001390893061170511,0.07493060235207032,0.07493060235207032,0.53125,-0.000913137781026288,0.0011913163932603902,64
post_selector,26,2,0.0003130480836262096,0.0748388100018518,0.0748388100018518,0.453125,0.0013491988647729126,-0.000723102697520493,64
post_selector,13,0,-0.00014997727066657577,-0.0748056724216981,0.0748056724216981,0.5,-0.0006495822417491592,0.00034962770041600767,64
post_selector,23,19,1.1392348852723239e-05,0.0748031879209904,0.0748031879209904,0.5625,1.8482409245735953e-05,4.302288459710531e-06,64
response_mean,20,16,0.000500714134886948,0.07473372636360281,0.07473372636360281,0.515625,0.0003155924491693394,0.0006858358206045568,64
public_task_span,11,17,-8.666039434500165e-06,-0.07468978005724464,0.07468978005724464,0.453125,-2.3360398245128928e-05,6.028319376128602e-06,64
response_mean,25,27,0.00014106558592175377,0.0745212517011156,0.0745212517011156,0.53125,-0.0003357709920237432,0.0006179021638672507,64
post_selector,23,12,-0.0003054850285479953,-0.07447644405361525,0.07447644405361525,0.546875,-0.00016077422696981252,-0.00045019583012617816,64
final_prompt,23,8,4.371524028101133e-05,0.07445057153481124,0.07445057153481124,0.5,-4.3224105866103574e-05,0.00013065458642812626,64
post_selector,15,4,0.00012719677852145858,0.0741957679773717,0.0741957679773717,0.484375,9.700124790449911e-08,0.00025429655579501265,64
post_selector,3,2,0.0012035541003569939,0.07414798028297596,0.07414798028297596,0.5,0.0026894096226896974,-0.00028230142197570914,64
post_selector,4,31,0.000151998767705661,0.07383542358706446,0.07383542358706446,0.578125,0.0004901471356788406,-0.0001861496002675186,64
post_selector,4,3,-0.0004912604399578405,-0.07381914857688447,0.07381914857688447,0.5,-4.149200685787512e-05,-0.0009410288730578062,64
post_selector,3,8,0.0013100319483783113,0.07378126301409507,0.07378126301409507,0.5,0.00034968004911207183,0.0022703838476445496,64
response_mean,20,20,1.4004944205219367e-05,0.07375436223005451,0.07375436223005451,0.53125,-3.694101906148449e-05,6.495090747192323e-05,64
public_task_span,12,4,-9.967855157810816e-05,-0.07356763543199887,0.07356763543199887,0.5,-0.0005918151045989185,0.0003924580014427022,64
response_mean,29,3,9.669313840277401e-05,0.07342543776045188,0.07342543776045188,0.53125,-0.0007820385699232796,0.0009754248467288275,64
final_prompt,29,6,5.5704093028906715e-05,0.07332501808039092,0.07332501808039092,0.609375,-0.0003280081127740964,0.00043941629883190983,64
post_selector,34,27,-6.16266170254602e-05,-0.07275931197902341,0.07275931197902341,0.421875,8.928130409914237e-05,-0.00021253453815006274,64
response_first,33,18,5.788508133263387e-05,0.07271102599369182,0.07271102599369182,0.546875,-0.0003349052840348949,0.0004506754467001626,64
response_first,24,8,2.439086924255703e-05,0.072647576726746,0.072647576726746,0.53125,-0.0001318610631244378,0.00018064280160955183,64
final_prompt,31,14,0.00022877718583913192,0.07247636911348201,0.07247636911348201,0.546875,0.0004512132427407745,6.341128937489252e-06,64
final_prompt,21,11,8.299317897805224e-06,0.0723413446466592,0.0723413446466592,0.609375,-4.0370662361506505e-05,5.696929815711696e-05,64
post_selector,15,3,0.0007247486428241204,0.07223543324108722,0.07223543324108722,0.5,0.002486629178747522,-0.0010371318930992813,64
response_first,24,7,1.2729267027111746e-06,0.07206463186419924,0.07206463186419924,0.578125,-4.267639127419898e-06,6.813492532842247e-06,64
response_first,19,13,1.7827200313725863e-06,0.07204276295793288,0.07204276295793288,0.5,8.184597929392856e-06,-4.619157866647683e-06,64
response_mean,31,6,8.533307413926523e-05,0.07203244776030462,0.07203244776030462,0.5,-0.0004473244657674383,0.0006179906140459687,64
post_selector,27,27,4.78910715173675e-05,0.0720234297985834,0.0720234297985834,0.515625,-0.000389062098292895,0.00048484424132763,64
post_selector,35,8,0.00039288821426453047,0.0719545607248382,0.0719545607248382,0.515625,-0.0008206797792808968,0.0016064562078099574,64
final_prompt,22,17,3.321210488138284e-05,0.07192690244492551,0.07192690244492551,0.515625,7.683670901317476e-06,5.874053886144822e-05,64
post_selector,21,0,6.421244961529687e-05,0.07192194594739251,0.07192194594739251,0.5,-0.00013132170988683866,0.00025974660911743237,64
post_selector,35,29,-0.00017544374350108465,-0.07178686651574176,0.07178686651574176,0.46875,0.000531999023223756,-0.0008828865102259255,64
response_first,29,3,2.8121268769608373e-05,0.07168355828356286,0.07168355828356286,0.546875,-0.0002348541543142063,0.00029109669185342304,64
public_task_span,13,20,-2.1757435035851813e-06,-0.07166750316851003,0.07166750316851003,0.484375,-1.8698505073189153e-06,-2.4816364998514473e-06,64
response_first,29,11,4.026590453952767e-06,0.07159285910892685,0.07159285910892685,0.53125,-1.390123408384443e-05,2.1954414991749962e-05,64
response_mean,26,14,2.1081670297462253e-05,0.07142680495096794,0.07142680495096794,0.515625,-0.0001612173801958976,0.00020338072079082207,64
post_selector,27,5,-0.00011293173815829779,-0.071412664775683,0.071412664775683,0.5,-0.0005943084429418285,0.0003684449666252331,64
final_prompt,31,20,0.0001810381982067993,0.07139712561576964,0.07139712561576964,0.5625,0.00044562398215931327,-8.35475857457146e-05,64
final_prompt,21,10,1.8416938161180182e-05,0.07128651579021791,0.07128651579021791,0.53125,-2.7334895662540377e-06,3.956736588861441e-05,64
public_task_span,13,22,-3.9313044339893085e-06,-0.0711465166052342,0.0711465166052342,0.46875,-5.531876468009088e-06,-2.3307323999695307e-06,64
post_selector,0,16,0.0009624726935726359,0.07111977808078167,0.07111977808078167,0.453125,0.0051240363718534285,-0.003199090984708156,64
post_selector,25,25,-9.422110588276278e-05,-0.07080735293842104,0.07080735293842104,0.546875,-0.00034418993891450854,0.00015574772714898303,64
post_selector,19,18,-6.0815110828121873e-05,-0.07072479650666415,0.07072479650666415,0.5,-3.4166218029000003e-05,-8.746400362724374e-05,64
public_task_span,14,22,-8.627068979194519e-07,-0.07070011464463227,0.07070011464463227,0.46875,-1.7133378094058571e-06,-1.2075986433046637e-08,64
response_mean,20,31,0.00025979574638768316,0.07042604942219306,0.07042604942219306,0.515625,0.0014381939695340268,-0.0009186024767586604,64
final_prompt,34,21,0.0003800269296334545,0.07032650791218908,0.07032650791218908,0.546875,-0.0013884659892937595,0.0021485198485606686,64
public_task_span,14,10,-1.9298715415056888e-05,-0.0702156102105117,0.0702156102105117,0.46875,-0.00012052609508826376,8.192866425815e-05,64
post_selector,11,3,0.00017453616601414534,0.07011153358125918,0.07011153358125918,0.578125,-0.00016176091594388437,0.0005108332479721749,64
response_mean,33,23,0.00011622124645781806,0.07010196705377239,0.07010196705377239,0.53125,-0.0007271204090102196,0.0009595629019258558,64
post_selector,4,12,-0.000634641975011603,-0.07008899722882193,0.07008899722882193,0.328125,0.0017263578356505845,-0.002995641785673791,64
post_selector,6,0,-0.00013393877725320906,-0.06996311963230879,0.06996311963230879,0.53125,-3.314932473585722e-05,-0.00023472822977056105,64
post_selector,22,24,5.8980497215085485e-05,0.069892260570187,0.069892260570187,0.59375,0.00010835790544659505,9.603088983575875e-06,64
post_selector,6,8,0.0002019491494138438,0.06974149102647069,0.06974149102647069,0.515625,0.0005990368481434375,-0.00019513854931574998,64
response_mean,19,3,0.00010076034374150956,0.06967689330205716,0.06967689330205716,0.515625,0.0004546644175888788,-0.0002531437301058597,64
response_mean,31,20,6.642463847583626e-05,0.06966064590825476,0.06966064590825476,0.515625,-0.00011135894328617069,0.0002442082202378432,64
post_selector,31,22,7.354777062573421e-05,0.06962114707222225,0.06962114707222225,0.5,-2.266856154165628e-05,0.0001697641027931247,64
response_mean,30,24,1.5935413415489622e-05,0.06961686456597344,0.06961686456597344,0.5,-0.00012914136380002395,0.0001610121906310032,64
post_selector,30,20,0.00014308161553345345,0.06950829060952343,0.06950829060952343,0.453125,-0.0007255373129737343,0.0010117005440406415,64
post_selector,10,0,1.9304146007928214e-05,0.06880194360438978,0.06880194360438978,0.453125,9.573362285663827e-05,-5.712533084078183e-05,64
post_selector,28,7,-7.567242755613963e-05,-0.0687986482538774,0.0687986482538774,0.5625,5.428298027252069e-05,-0.0002056278353848,64
response_mean,28,18,6.775686028958979e-05,0.06869027251745578,0.06869027251745578,0.515625,-0.000567620328865781,0.0007031340494449605,64
response_first,26,18,3.7255405800352897e-05,0.06861811296560379,0.06861811296560379,0.5625,-0.0001400862086597804,0.0002145970202604862,64
response_mean,22,8,3.168939201714294e-05,0.06846004166053887,0.06846004166053887,0.5,-7.880589328122529e-05,0.00014218467731551116,64
public_task_span,20,30,-1.8885175336441214e-05,-0.0683883330627196,0.0683883330627196,0.5,-5.800893825380356e-05,2.023858758092115e-05,64
public_task_span,14,18,-1.788107056199914e-05,-0.06807009650309336,0.06807009650309336,0.5,-7.867606655054358e-05,4.2913925426545305e-05,64
post_selector,10,30,-8.980222628452404e-05,-0.06787431250387164,0.06787431250387164,0.546875,4.5971532017559385e-05,-0.0002255759845866074,64
post_selector,8,14,5.693924276783963e-05,0.06783031369344347,0.06783031369344347,0.515625,0.00018533443744672614,-7.145595191104687e-05,64
post_selector,3,11,0.0012619837943930157,0.06773392900394758,0.06773392900394758,0.546875,-0.002566173963714391,0.005090141552500422,64
post_selector,1,26,-0.0009572655399097093,-0.06771845371909652,0.06771845371909652,0.5,0.0004312357050366719,-0.0023457667848560907,64
response_mean,33,11,0.00016122678925967621,0.06766852045394946,0.06766852045394946,0.5,-0.001189282620998676,0.0015117361995180283,64
post_selector,30,21,0.00010245036628475361,0.06763489619575348,0.06763489619575348,0.515625,-0.0003936681714549053,0.0005985689040244125,64
response_first,31,20,2.703349639431712e-05,0.06761908871705564,0.06761908871705564,0.5,-2.396648551437973e-05,7.803347830301398e-05,64
final_prompt,29,7,0.00014958446445234287,0.0675506661358437,0.0675506661358437,0.515625,-0.001136504208261603,0.0014356731371662891,64
final_prompt,25,7,-8.940309754734699e-07,-0.0675328814838984,0.0675328814838984,0.515625,-4.7379128602642595e-06,2.9498509093173197e-06,64
post_selector,2,10,-0.0008458814445475595,-0.0675230350273247,0.0675230350273247,0.484375,-0.0018622972638695533,0.00017053437477443454,64
response_mean,33,10,0.00011663871896416852,0.06751169737429448,0.06751169737429448,0.53125,-0.0009410294910594097,0.0011743069289877467,64
public_task_span,11,29,-8.977149036577054e-06,-0.06746054509050428,0.06746054509050428,0.484375,9.688838872534316e-06,-2.7643136945688424e-05,64
post_selector,27,0,5.425660219770972e-05,0.06739933144788368,0.06739933144788368,0.5,-4.617524245987021e-05,0.0001546884468552896,64
final_prompt,22,10,3.207992222088411e-06,0.06736127253037026,0.06736127253037026,0.53125,9.511063581160652e-06,-3.0950791369838287e-06,64
post_selector,15,14,0.00013919493903813526,0.0673475780614219,0.0673475780614219,0.515625,0.00045207089351605807,-0.0001736810154397875,64
response_mean,22,12,6.919268912494102e-06,0.06732056243739266,0.06732056243739266,0.53125,-1.3327377473613903e-05,2.7165915298602107e-05,64
response_mean,31,14,0.00016457880241205327,0.06727718349791818,0.06727718349791818,0.53125,-0.0009506850667548662,0.0012798426715789728,64
post_selector,9,25,0.0005464945643325204,0.06715410367167816,0.06715410367167816,0.59375,0.0008044885180424749,0.00028850061062256566,64
response_mean,15,18,4.145820259537716e-06,0.06711417210139949,0.06711417210139949,0.5,1.1744597429696168e-05,-3.452956910620735e-06,64
response_mean,20,21,0.0001261919142052615,0.06687877253962414,0.06687877253962414,0.5,-0.0004389672993738642,0.0006913511277843874,64
response_mean,29,25,0.0002692585130716881,0.06681958537887848,0.06681958537887848,0.484375,-0.001898923881526556,0.002437440907669932,64
final_prompt,27,15,3.1651711196892596e-05,0.06681675431397434,0.06681675431397434,0.53125,-0.0002658406974660289,0.0003291441198598141,64
final_prompt,26,28,4.3268095168969405e-05,0.06652514324195885,0.06652514324195885,0.515625,0.00016992511837088191,-8.338892803294312e-05,64
response_mean,29,4,8.452843121631035e-05,0.06633521458877915,0.06633521458877915,0.5,-0.0008346182421518781,0.001003675104584499,64
final_prompt,25,20,2.1890584491759595e-06,0.06630426330647352,0.06630426330647352,0.53125,1.4013674899613991e-05,-9.635558001262072e-06,64
response_mean,25,17,1.2206375643586398e-06,0.06605661588605535,0.06605661588605535,0.53125,-7.386366135619937e-06,9.827641264337217e-06,64
final_prompt,21,30,5.14065986862959e-05,0.06582847784483505,0.06582847784483505,0.5,-0.00013384193857744834,0.00023665513595004013,64
response_first,25,29,5.653616170775422e-07,0.06581166032813873,0.06581166032813873,0.5625,-1.1132526651635999e-06,2.2439758993186842e-06,64
response_mean,23,20,2.991123869833272e-05,0.06578182543337281,0.06578182543337281,0.515625,8.636025665964839e-05,-2.6537779262982945e-05,64
response_mean,23,7,-9.175023762968663e-06,-0.06539249662511168,0.06539249662511168,0.484375,-7.239580850181907e-05,5.404576097588174e-05,64
final_prompt,27,11,-2.1285194634409918e-05,-0.0653142342521382,0.0653142342521382,0.5,-0.0001815695907225636,0.00013899920145374377,64
post_selector,35,22,-0.0004994902155886016,-0.06526587118756808,0.06526587118756808,0.546875,-0.0017679333614069046,0.0007689529302297016,64
post_selector,8,3,2.4870533252394197e-05,0.06524561371083308,0.06524561371083308,0.546875,5.593562127614625e-05,-6.194554771357862e-06,64
post_selector,6,19,0.000728517246898267,0.06511954158194329,0.06511954158194329,0.484375,-0.00040755554800853133,0.0018645900418050657,64
post_selector,9,24,0.00010440819278300533,0.06500950365146034,0.06500950365146034,0.53125,-0.0001391936111758709,0.00034800999674188156,64
public_task_span,21,27,-5.4271036219684854e-05,-0.06483927767294582,0.06483927767294582,0.46875,-0.00038038205798328654,0.00027183998554391683,64
response_mean,27,5,3.311843784102871e-06,0.06466482158743138,0.06466482158743138,0.515625,-1.2161150607426559e-05,1.8784838175632303e-05,64
final_prompt,29,24,4.535274683802988e-05,0.0645412195841687,0.0645412195841687,0.515625,-0.00020515405321930286,0.00029585954689536264,64
public_task_span,24,13,-4.040339251787199e-05,-0.0644865609283811,0.0644865609283811,0.515625,-0.000346777827417079,0.00026597104238133503,64
response_first,29,6,5.8672080058382724e-05,0.06448321637456661,0.06448321637456661,0.546875,-0.00040432467676508176,0.0005216688368818471,64
post_selector,1,15,0.0002154241205971567,0.06438903726919691,0.06438903726919691,0.546875,-0.0008221353946282709,0.0012529836358225843,64
final_prompt,32,6,0.00011368404739187197,0.06438747812430479,0.06438747812430479,0.5,-0.0006733157060807436,0.0009006838008644875,64
post_selector,33,7,6.970130516493025e-05,0.06416785416054815,0.06416785416054815,0.515625,-0.00035691810535352117,0.0004963207156833818,64
final_prompt,21,9,2.634841493432646e-06,0.0641509109033835,0.0641509109033835,0.578125,-7.594355579949768e-06,1.286403856681506e-05,64
final_prompt,27,28,0.00038654848958685295,0.063988446593877,0.063988446593877,0.546875,-0.000538459482413602,0.001311556461587308,64
response_first,21,16,6.370138468266131e-06,0.06390422418196882,0.06390422418196882,0.5,4.3925162067624685e-05,-3.118488513109243e-05,64
post_selector,17,31,2.5518378663493145e-05,0.06384535394275911,0.06384535394275911,0.53125,9.669612256856712e-05,-4.5659365241580826e-05,64
post_selector,28,6,-0.00010942474136754598,-0.06365237202036104,0.06365237202036104,0.5,-0.0001816680078263825,-3.718147490870941e-05,64
post_selector,27,19,-0.00040260245441459065,-0.06361905268395351,0.06361905268395351,0.515625,9.248183414455589e-05,-0.000897686742973737,64
public_task_span,21,18,4.6755563033677985e-05,0.0633634356504207,0.0633634356504207,0.53125,0.0002478189641123969,-0.00015430783804504098,64
response_mean,21,6,8.676961840593068e-05,0.06336080895310833,0.06336080895310833,0.515625,-0.0006031288021403955,0.000776668038952257,64
response_first,23,28,4.588445608533517e-05,0.0633560887254956,0.0633560887254956,0.53125,-0.00023011563484940674,0.0003218845470200771,64
public_task_span,23,4,-1.8134723092089189e-06,-0.0632140049696977,0.0632140049696977,0.5,-1.4234140479629787e-05,1.0607195861211949e-05,64
post_selector,15,16,-0.00012235504073032885,-0.06308085027325616,0.06308085027325616,0.5,-0.0001995713864744205,-4.513869498623725e-05,64
post_selector,0,3,0.0002416631905361984,0.06281673399360434,0.06281673399360434,0.515625,0.0021205547855060844,-0.0016372284044336876,64
post_selector,27,8,6.66040136820792e-05,0.06280254480606264,0.06280254480606264,0.546875,-0.00044170623914394357,0.0005749142665081019,64
response_mean,31,8,3.837403619399986e-05,0.06270153587784565,0.06270153587784565,0.53125,-0.00017576145364727076,0.00025250952603527046,64
post_selector,5,16,5.7920083918354255e-05,0.06246836091485065,0.06246836091485065,0.625,0.00033668210699033016,-0.00022084193915362162,64
response_mean,29,11,5.843674474093982e-06,0.06223524032715011,0.06223524032715011,0.5,-3.706309232853033e-05,4.875044127671829e-05,64
final_prompt,24,17,0.0002497099048923751,0.06216376298679246,0.06216376298679246,0.5,0.0015211111203825437,-0.0010216913105977937,64
public_task_span,21,3,-2.3063302023729193e-06,-0.06194532906372629,0.06194532906372629,0.5,-2.4232624582509743e-06,-2.1893979464948643e-06,64
public_task_span,14,1,-4.062152697771427e-06,-0.06185922021592935,0.06185922021592935,0.40625,-1.3873277339369907e-05,5.748971943827052e-06,64
final_prompt,27,13,7.405025826300772e-05,0.06182626035741042,0.06182626035741042,0.515625,-0.0005897255541640193,0.0007378260706900347,64
public_task_span,14,11,-9.147339710579798e-06,-0.061813555599241364,0.061813555599241364,0.5,-5.24568065429679e-05,3.416212712180831e-05,64
final_prompt,34,28,7.865416000641213e-05,0.06181272447062021,0.06181272447062021,0.515625,-0.0002822918368110315,0.00043960015682385567,64
public_task_span,8,2,-6.275686416756134e-06,-0.06169456487700501,0.06169456487700501,0.5,1.1719845474537997e-05,-2.4271218308050265e-05,64
final_prompt,23,22,1.413572385899701e-05,0.06163885285187613,0.06163885285187613,0.5,9.96379153548167e-05,-7.136646763682269e-05,64
response_mean,20,11,9.320587015080074e-06,0.061420539609939775,0.061420539609939775,0.515625,3.4319227069036657e-06,1.5209251323256485e-05,64
post_selector,11,2,-0.00033815895585575633,-0.061314175486153824,0.061314175486153824,0.515625,-0.0004825754149351313,-0.00019374249677638132,64
public_task_span,11,16,-2.340730566174984e-05,-0.06127662881381825,0.06127662881381825,0.453125,-8.697971406945154e-05,4.016510274595186e-05,64
final_prompt,31,10,1.1423688192729527e-05,0.061175402270799074,0.061175402270799074,0.515625,-1.4173682757248893e-05,3.702105914270794e-05,64
post_selector,6,17,1.6455803802269073e-05,0.06116139441877906,0.06116139441877906,0.515625,9.863503646555336e-05,-6.572342886101522e-05,64
response_mean,28,25,5.344022440565685e-06,0.06077788605687667,0.06077788605687667,0.5,-2.535943110614654e-05,3.6047475987277915e-05,64
post_selector,6,7,-0.00022087436445871356,-0.06072641763014459,0.06072641763014459,0.390625,0.00023155440430856712,-0.0006733031332259942,64
final_prompt,26,14,-4.6996219225549926e-05,-0.060190072745563025,0.060190072745563025,0.515625,-0.0004275873882306625,0.0003335949497795627,64
post_selector,28,5,-0.00012983908550268772,-0.060160610483335854,0.060160610483335854,0.546875,-0.0006979031804803369,0.0004382250094749614,64
response_first,29,24,1.1320232033543143e-05,0.060158008143345335,0.060158008143345335,0.546875,-6.0544153711808196e-05,8.318461777889448e-05,64
public_task_span,23,28,-6.298631433310106e-05,-0.06004252926963187,0.06004252926963187,0.484375,-0.000696420925123645,0.0005704482964574429,64
post_selector,22,12,2.3202652869260074e-05,0.06002514131367401,0.06002514131367401,0.4375,3.530339427015653e-05,1.1101911468363602e-05,64
public_task_span,19,28,6.318246278169378e-05,0.05971952508718213,0.05971952508718213,0.546875,-4.486892044042382e-05,0.00017123384600381143,64
response_first,24,26,3.5258098250773206e-05,0.0595984778501163,0.0595984778501163,0.53125,-0.00011035357943001698,0.00018086977593156337,64
post_selector,9,0,7.828336674719102e-05,0.059470039057934125,0.059470039057934125,0.546875,-6.589352051377762e-05,0.00022246025400815967,64
final_prompt,29,26,0.0007616924522153537,0.05938979187964611,0.05938979187964611,0.515625,-0.0010048944386653626,0.0025282793430960694,64
response_first,26,21,-4.7342073017375697e-07,-0.059206442177931314,0.059206442177931314,0.484375,5.152469881863908e-07,-1.4620884485339047e-06,64
response_mean,17,30,3.853589959135355e-06,0.05918400101986407,0.05918400101986407,0.5,-1.0354674657263296e-05,1.8061854575534007e-05,64
post_selector,11,12,0.0002466161095071595,0.05896352051817557,0.05896352051817557,0.515625,0.0005010806489735845,-7.848429959265697e-06,64
response_first,29,8,1.90498889196503e-05,0.05881081308895662,0.05881081308895662,0.515625,-0.00012085171169927801,0.0001589514895385786,64
response_mean,32,7,0.00015968958484790168,0.05878666783277655,0.05878666783277655,0.59375,-0.0011861779375976682,0.0015055571072934717,64
response_mean,30,8,5.176953087015305e-05,0.058690975653129425,0.058690975653129425,0.515625,-0.00032280263951632273,0.0004263417012566289,64
final_prompt,22,22,4.240718044457031e-05,0.05861245514795546,0.05861245514795546,0.5,-0.0001730654239508875,0.0002578797848400282,64
post_selector,23,21,0.00014819645002716095,0.05842809072606515,0.05842809072606515,0.5625,0.00022718509717378012,6.920780288054178e-05,64
post_selector,9,1,2.5036000351979143e-05,0.05842511112859495,0.05842511112859495,0.40625,-3.172212927842041e-07,5.038922199674252e-05,64
public_task_span,11,12,-3.3437832371420716e-05,-0.05842326868014901,0.05842326868014901,0.46875,-0.0001779465173967673,0.00011107085265392588,64
post_selector,11,21,-4.628599384656441e-06,-0.0582335663764935,0.0582335663764935,0.578125,-8.767309083162514e-06,-4.898896861503664e-07,64
post_selector,15,17,5.2027977289979704e-05,0.058186843339758036,0.058186843339758036,0.546875,5.1847722716043715e-05,5.2208231863915646e-05,64
post_selector,4,19,0.00010411132871014261,0.05807471541247408,0.05807471541247408,0.359375,0.00033476709631943255,-0.00012654443889914728,64
response_first,23,24,6.745238010809897e-06,0.05802519901898099,0.05802519901898099,0.5,5.0266486368840143e-05,-3.677601034722034e-05,64
response_mean,19,21,-8.109642840280906e-05,-0.057846002358544826,0.057846002358544826,0.484375,0.0003923800213669812,-0.0005545728781725993,64
public_task_span,12,29,-1.7626157443825315e-05,-0.05770843832108002,0.05770843832108002,0.5,-6.028443863213983e-05,2.5032123744489184e-05,64
response_first,34,5,7.974123673193461e-05,0.057686558084520674,0.057686558084520674,0.5,-0.0007272677958098678,0.0008867502692737372,64
post_selector,28,30,3.416299955460765e-05,0.05761483881794434,0.05761483881794434,0.5,0.00019739639310499782,-0.00012907039399578254,64
final_prompt,20,7,8.756618541383432e-07,0.05753371708709123,0.05753371708709123,0.515625,-3.3586763947823783e-07,2.087191347754924e-06,64
response_mean,28,13,7.57284529981901e-05,0.05736543783594631,0.05736543783594631,0.5625,-0.00036294754636401075,0.000514404452360391,64
response_mean,33,12,7.012738956291014e-05,0.05722365517859478,0.05722365517859478,0.578125,-0.0003022754335688586,0.0004425302126946789,64
post_selector,25,19,3.1353783242588106e-05,0.057094937975012076,0.057094937975012076,0.53125,2.020586634898001e-05,4.2501700136196264e-05,64
final_prompt,20,2,4.368927625364048e-05,0.0569635133043856,0.0569635133043856,0.515625,-4.855200586463299e-06,9.223375309374426e-05,64
post_selector,10,23,-9.724448136694953e-05,-0.056893875312447766,0.056893875312447766,0.5625,-0.0004880457563558631,0.0002935567936219641,64
response_mean,25,15,1.3073233958489431e-05,0.0567991041257383,0.0567991041257383,0.515625,4.084132797287378e-05,-1.469486005589491e-05,64
response_first,34,7,4.240370708430235e-05,0.056771005437910624,0.056771005437910624,0.5,-0.0004576661613100146,0.0005424735754786193,64
post_selector,27,30,-7.983264549693713e-05,-0.056767231832258465,0.056767231832258465,0.484375,-0.0004365464865259094,0.0002768811955320352,64
response_first,30,25,9.207433492973388e-06,0.0566893045535856,0.0566893045535856,0.53125,-8.3284610695944e-05,0.00010169947768189076,64
public_task_span,19,3,7.65731833780583e-05,0.05646903043306081,0.05646903043306081,0.5,0.0002823246650223123,-0.00012917829826619573,64
post_selector,35,21,-7.17156485734453e-05,-0.05645968823122117,0.05645968823122117,0.515625,-0.00040800772785585783,0.00026457643070896733,64
post_selector,34,17,9.42060491979652e-05,0.05640947703533616,0.05640947703533616,0.53125,-0.0004147110339545009,0.0006031231323504313,64
post_selector,31,18,3.272042431490312e-05,0.056289442699444955,0.056289442699444955,0.5,6.922318470969376e-05,-3.7823360798875104e-06,64
response_first,28,3,6.0804233044108055e-05,0.0562459276259203,0.0562459276259203,0.5,-0.0005955969472779168,0.0007172054133661328,64
public_task_span,13,31,6.636420039285622e-05,0.05621549479113523,0.05621549479113523,0.515625,-8.722342681720627e-05,0.00021995182760291878,64
post_selector,4,0,0.00047149991587502963,0.05615099431520196,0.05615099431520196,0.46875,-0.0007029492116998813,0.001645949043449941,64
post_selector,0,0,0.000986503204330805,0.05614327134632543,0.05614327134632543,0.515625,0.000895307166501881,0.0010776992421597286,64
post_selector,31,25,5.683565086655715e-05,0.05612525907716755,0.05612525907716755,0.5,-0.00019847894600389195,0.00031215024773700623,64
response_mean,24,17,0.00016421834004631293,0.0560364475844228,0.0560364475844228,0.546875,-0.0007468630608400315,0.0010752997409326573,64
public_task_span,19,21,-7.581316594950936e-05,-0.05601858200114432,0.05601858200114432,0.5,-0.00024090173519652493,8.92754032975063e-05,64
final_prompt,20,14,-9.054665587980164e-06,-0.05594447893121931,0.05594447893121931,0.53125,-6.205569556882472e-05,4.394636439286439e-05,64
post_selector,1,11,-0.0002629954688018187,-0.05570743807753998,0.05570743807753998,0.546875,0.00030759780202060623,-0.0008335887396242438,64
response_mean,33,4,3.708624035425553e-05,0.055670997859894274,0.055670997859894274,0.515625,-0.00029079111527607145,0.0003649635959845825,64
public_task_span,15,20,-4.011807334338971e-06,-0.055641488363387476,0.055641488363387476,0.5,-1.951466492755008e-05,1.149105025887214e-05,64
response_mean,34,0,4.948711489305962e-05,0.05556715800213254,0.05556715800213254,0.5,-0.00035430428215473756,0.00045327851194085694,64
public_task_span,17,6,2.210282593750852e-05,0.05550157121477178,0.05550157121477178,0.515625,3.857499905277371e-06,4.034815196973966e-05,64
response_mean,19,15,5.806909848615833e-05,0.055442756518818935,0.055442756518818935,0.546875,5.83379051022327e-05,5.780029187008398e-05,64
post_selector,31,2,-5.541530208574969e-05,-0.05530333807619478,0.05530333807619478,0.453125,-1.627862184250965e-05,-9.455198232898973e-05,64
response_mean,19,8,1.60662901862442e-05,0.05528136574834309,0.05528136574834309,0.515625,-6.278707132871101e-06,3.84112875053595e-05,64
post_selector,4,16,0.0005095838641864148,0.05519038802281876,0.05519038802281876,0.609375,0.0027454990995465682,-0.001726331371173739,64
final_prompt,28,17,7.199523111011038e-06,0.05515222877757462,0.05515222877757462,0.53125,-2.8959002065666247e-05,4.3358048287688315e-05,64
post_selector,22,28,-0.00011211961918888909,-0.055087149125533294,0.055087149125533294,0.5,-0.0008353387947863625,0.0006110995564085844,64
public_task_span,20,21,1.8767081471081515e-06,0.055067851646341516,0.055067851646341516,0.5,-9.589125383512633e-06,1.3342541677728935e-05,64
public_task_span,24,5,-3.4965930524322806e-06,-0.05471793793188013,0.05471793793188013,0.5,-3.7535706852047366e-05,3.054252074718281e-05,64
response_mean,26,16,5.2227559081077264e-05,0.05468139881507861,0.05468139881507861,0.484375,-0.00029964792702228587,0.00040410304518444045,64
post_selector,0,1,-7.690296229151227e-06,-0.0546181228201182,0.0546181228201182,0.515625,-1.885368169495367e-05,3.4730892366512093e-06,64
public_task_span,12,15,-6.900291532473812e-05,-0.0543555315496305,0.0543555315496305,0.484375,-0.0003956870450565282,0.00025768121440705196,64
response_mean,33,6,0.00020811272497666593,0.0542623740238909,0.0542623740238909,0.515625,-0.0019572055298340053,0.0023734309797873374,64
public_task_span,12,31,-2.928715889538585e-05,-0.05419179767899352,0.05419179767899352,0.484375,-1.6951805264397258e-05,-4.162251252637443e-05,64
post_selector,9,16,-1.7009627299558404e-05,-0.054159889489185424,0.054159889489185424,0.59375,6.487704911249334e-05,-9.889630371161012e-05,64
post_selector,7,24,5.976252487016718e-05,0.05415077551822642,0.05415077551822642,0.5,0.00017743663374857814,-5.791158400824375e-05,64
response_mean,23,18,-4.2862446107957514e-06,-0.05410870924901763,0.05410870924901763,0.5,-2.6673374918570758e-05,1.8100885696979255e-05,64
public_task_span,14,20,-3.5848669313058346e-06,-0.05409527587742889,0.05409527587742889,0.484375,-2.2552874270329255e-05,1.538314040771759e-05,64
response_first,21,4,2.7189201148289897e-06,0.05397155543495146,0.05397155543495146,0.5,2.286474796145874e-07,5.209192750043393e-06,64
post_selector,27,21,-5.074350610811135e-05,-0.05395483006670172,0.05395483006670172,0.484375,-0.0003032290287592168,0.000201742016542994,64
public_task_span,15,22,-2.082111990374534e-06,-0.05387798920723156,0.05387798920723156,0.484375,-5.321238518260781e-06,1.1570145375117136e-06,64
response_mean,17,14,-1.1392087344576276e-05,-0.05380876345904321,0.05380876345904321,0.5,-8.752765404550438e-05,6.474347935635184e-05,64
response_mean,34,29,1.8244876287095868e-05,0.053794909003380825,0.053794909003380825,0.53125,-0.00013744014245274875,0.0001739298950269405,64
public_task_span,19,27,1.7389651247867732e-06,0.05367095839745342,0.05367095839745342,0.5,-1.5009077444005925e-05,1.848700769357947e-05,64
final_prompt,33,12,9.655995472711623e-05,0.053555931285414804,0.053555931285414804,0.5625,0.00015427209473271956,3.8847814721512865e-05,64
post_selector,1,5,-0.0004871645724051609,-0.05336291113993492,0.05336291113993492,0.5,0.0014735284348716938,-0.0024478575796820154,64
response_mean,24,3,1.967199395379675e-06,0.05335621208233771,0.05335621208233771,0.53125,-1.0898455201412745e-05,1.4832853992172097e-05,64
post_selector,4,8,0.0005015991184791264,0.053308876295561275,0.053308876295561275,0.578125,0.0026209862153336776,-0.001617787978375425,64
response_first,25,20,4.222674618858946e-07,0.05327990799630314,0.05327990799630314,0.515625,2.160196984846152e-06,-1.315662061074363e-06,64
final_prompt,34,6,1.661831015552608e-05,0.053259610682250144,0.053259610682250144,0.5,-0.0001165462099379545,0.00014978283024900667,64
post_selector,2,11,-0.00033860750045278137,-0.053195164174906946,0.053195164174906946,0.5,-0.0036028406830155126,0.00292562568210995,64
public_task_span,10,15,-1.1991866813327704e-05,-0.053121438524591676,0.053121438524591676,0.5,-1.218715624414597e-06,-2.27650180022408e-05,64
post_selector,32,25,3.2626556503600007e-05,0.05309156695626158,0.05309156695626158,0.5,0.00012840350791520626,-6.315039490800624e-05,64
final_prompt,33,6,0.0001430507800250709,0.05307878191344934,0.05307878191344934,0.5625,-3.9536556869278075e-05,0.00032563811691941995,64
response_first,27,29,3.275439507888043e-05,0.05307004696921446,0.05307004696921446,0.53125,-0.00013062917400929092,0.00019613796416705176,64
response_mean,22,10,5.05955512153303e-06,0.053034593376343524,0.053034593376343524,0.5,-1.2469924513422551e-05,2.258903475648861e-05,64
public_task_span,23,13,-5.47945026028065e-05,-0.05302180049721314,0.05302180049721314,0.453125,-0.0004575771299641688,0.0003479881247585556,64
public_task_span,19,31,2.5060258849406516e-05,0.052999835028149984,0.052999835028149984,0.53125,9.318858928872683e-07,4.918863180592578e-05,64
response_mean,20,5,-3.65746727766305e-05,-0.05278648568915556,0.05278648568915556,0.46875,-0.00029946169888716266,0.0002263123533339016,64
post_selector,7,16,2.3197117457130924e-05,0.05278524286921516,0.05278524286921516,0.515625,6.575505040012412e-06,3.981872987424941e-05,64
post_selector,22,27,1.1967773275496563e-05,0.0527761023005303,0.0527761023005303,0.59375,-3.556110550561884e-05,5.9496652056611967e-05,64
final_prompt,19,1,1.6520091151049576e-05,0.052769218956864254,0.052769218956864254,0.5,7.680271471598444e-05,-4.376253241388528e-05,64
final_prompt,25,5,-9.110515748035309e-06,-0.05270512776195031,0.05270512776195031,0.515625,-6.291779618549187e-05,4.4696764689421234e-05,64
response_mean,24,2,2.286684002683728e-05,0.052548765839832604,0.052548765839832604,0.515625,-0.00017115074206229086,0.00021688442211596542,64
response_mean,21,20,6.233446629267375e-05,0.05251780955334319,0.05251780955334319,0.5,-0.0006658307993347582,0.0007904997319201059,64
response_mean,35,23,8.700734179001475e-05,0.052455590236416286,0.052455590236416286,0.515625,-0.00020341376148280067,0.0003774284450628302,64
post_selector,4,22,-0.00025438244483666397,-0.05244306332026315,0.05244306332026315,0.5,-0.0023615044920006567,0.0018527396023273286,64
response_mean,28,20,2.611402067031083e-06,0.052388998079345606,0.052388998079345606,0.5,-1.7562967286720623e-05,2.278577142078279e-05,64
final_prompt,30,24,-1.2455307683014058e-05,-0.052384240890344956,0.052384240890344956,0.5625,-0.0001308913873571992,0.00010598077199117109,64
public_task_span,24,29,-1.1759535937018176e-05,-0.052380906306410326,0.052380906306410326,0.484375,-9.822832430471514e-05,7.47092524306788e-05,64
response_first,23,12,1.5317574302287085e-06,0.052322629341290734,0.052322629341290734,0.515625,-2.1714385489701726e-06,5.23495340942759e-06,64
post_selector,0,5,-0.000580691033974289,-0.052048657025683044,0.052048657025683044,0.5,0.0017940210236702095,-0.002955403091618787,64
post_selector,4,5,0.0001618226488062586,0.05201094080806793,0.05201094080806793,0.5625,0.0005413906401372483,-0.0002177453425247312,64
post_selector,16,9,-0.00045658622548217014,-0.051903229138524104,0.051903229138524104,0.5,-0.00043123935756740324,-0.00048193309339693746,64
response_mean,20,30,0.00022401803516913256,0.05190195627473884,0.05190195627473884,0.515625,-0.0014394214640560622,0.0018874575343943276,64
response_mean,33,24,1.2465924783103836e-05,0.05188148417808917,0.05188148417808917,0.5,3.8713814319639206e-05,-1.3781964753431527e-05,64
response_first,20,14,9.023361107196592e-07,0.05184367982438508,0.05184367982438508,0.5,-3.850180283926363e-06,5.654852505365682e-06,64
post_selector,21,19,-0.0003331659936520812,-0.05173117160604811,0.05173117160604811,0.5,-0.00016527717525606565,-0.0005010548120480969,64
final_prompt,23,24,1.5519583257624505e-05,0.05166407410760832,0.05166407410760832,0.515625,8.035586233744119e-05,-4.931669582219218e-05,64
post_selector,34,10,-6.0328834706521874e-05,-0.051602887396254224,0.051602887396254224,0.5,-0.00038941866387175313,0.00026876099445870933,64
public_task_span,14,26,-2.0524157207544144e-05,-0.05152752302903279,0.05152752302903279,0.5,-2.304291228894133e-07,-4.081788529219885e-05,64
response_first,26,13,9.246275226357373e-06,0.0514955506787404,0.0514955506787404,0.5,-8.006742302766539e-05,9.855997348038014e-05,64
response_mean,33,9,4.891349658464196e-05,0.05135426668318986,0.05135426668318986,0.515625,-0.00048418896881227214,0.000582015961981556,64
response_first,29,13,1.0317812975554524e-05,0.0512841404564973,0.0512841404564973,0.515625,-8.818356785410611e-05,0.00010881919380521515,64
response_first,34,1,1.478793228670697e-05,0.051196193444574684,0.051196193444574684,0.53125,-0.00015266983791659573,0.00018224570249000962,64
public_task_span,21,29,1.2943364680497546e-05,0.05115454662651495,0.05115454662651495,0.5,3.625377757999152e-06,2.226135160299594e-05,64
post_selector,19,27,-8.14180584711729e-05,-0.05114582112939158,0.05114582112939158,0.53125,-0.00016153527940331676,-1.300837539029156e-06,64
response_first,22,11,7.750880854468368e-06,0.051144142651582056,0.051144142651582056,0.546875,-1.9498398444288914e-05,3.500016015322565e-05,64
response_mean,34,2,9.052526206687229e-05,0.05098219806008138,0.05098219806008138,0.53125,-0.0007735875578873475,0.000954638082021092,64
response_mean,35,19,1.7492867982581596e-05,0.050758299515516046,0.050758299515516046,0.53125,3.686984200611615e-05,-1.884106040952958e-06,64
post_selector,26,12,-6.992883572820588e-05,-0.05065477391519451,0.05065477391519451,0.5,-0.000864617781189712,0.0007247601097333002,64
response_first,27,31,9.803664340780225e-06,0.050622013175919627,0.050622013175919627,0.515625,-6.0932318888255034e-05,8.053964756981547e-05,64
public_task_span,12,27,-1.2718926654995835e-05,-0.050525101208542256,0.050525101208542256,0.5,-5.63112016607142e-05,3.0873348350722516e-05,64
final_prompt,34,30,3.261496112828234e-05,0.050454771595628015,0.050454771595628015,0.5,-0.0002539209608584985,0.0003191508831150632,64
response_first,29,19,-1.1932540076031728e-06,-0.0504378259865733,0.0504378259865733,0.5,-1.0769349700012754e-05,8.382841684806408e-06,64
response_first,29,15,5.482611760140789e-06,0.050437760754218054,0.050437760754218054,0.5,-4.68065434979706e-05,5.7771767018252175e-05,64
response_mean,33,30,2.8639963147722515e-05,0.050283433850732265,0.050283433850732265,0.484375,-0.0003099991808994479,0.0003672791071948929,64
response_mean,19,9,1.3784384179867503e-05,0.05025709682021547,0.05025709682021547,0.515625,-6.513427797471619e-05,9.270304633445122e-05,64
final_prompt,28,27,8.702491527401435e-07,0.04999418565659486,0.04999418565659486,0.546875,-1.1204992347302325e-06,2.8609975402105192e-06,64
public_task_span,8,8,-5.100092266726018e-06,-0.04996065702468892,0.04996065702468892,0.46875,-5.744888312613581e-06,-4.45529622083846e-06,64
response_first,22,2,5.395878361012402e-06,0.04975181306613395,0.04975181306613395,0.515625,-3.535961695890075e-06,1.432771841791488e-05,64
post_selector,35,12,-0.00011894611816387792,-0.04959263462016003,0.04959263462016003,0.46875,-0.0014658956206403434,0.0012280033843125875,64
final_prompt,20,13,3.817507604249609e-06,0.04957439572217764,0.04957439572217764,0.515625,-1.132062641318179e-05,1.8955641621681008e-05,64
post_selector,8,5,2.6236981057077933e-05,0.04957213999943951,0.04957213999943951,0.515625,0.00019800840436799425,-0.00014553444225383837,64
response_mean,19,1,0.00013172553826735068,0.0495576868450776,0.0495576868450776,0.515625,-0.0003550182609615023,0.0006184693374962035,64
response_mean,15,5,5.6782535466482704e-05,0.049302485867947124,0.049302485867947124,0.5,-0.0004661284006033179,0.0005796934715362834,64
final_prompt,21,31,3.7071739313885393e-06,0.04928137794248947,0.04928137794248947,0.5625,-1.6069598842699978e-05,2.348394670547706e-05,64
response_first,29,9,1.557638660188045e-05,0.04924001130777901,0.04924001130777901,0.5,-0.00016743803541882922,0.00019859080862259012,64
public_task_span,15,23,-7.756448638929212e-07,-0.04917661653619588,0.04917661653619588,0.484375,-2.303355387311967e-06,7.520656595261246e-07,64
response_first,26,22,1.4183034551251694e-06,0.049159289554328654,0.049159289554328654,0.5,3.325248300711792e-06,-4.886413904614528e-07,64
post_selector,27,10,4.036767995784779e-05,0.04908402090748119,0.04908402090748119,0.5,-0.00016636431701044625,0.00024709967692614185,64
final_prompt,28,3,3.188299092470708e-05,0.04906663923928504,0.04906663923928504,0.5,-0.0002753090134319767,0.00033907499528139086,64
post_selector,1,13,0.00014559466126228807,0.04901517281490289,0.04901517281490289,0.546875,-0.0004993009611098448,0.0007904902836344209,64
response_first,23,15,4.4356522249655594e-07,0.04896012157163554,0.04896012157163554,0.546875,-1.1748563439883952e-06,2.061986788981507e-06,64
final_prompt,28,10,3.4214153401984794e-05,0.04891492983129017,0.04891492983129017,0.546875,-3.466455382294519e-05,0.00010309286062691475,64
final_prompt,21,13,1.346335102425446e-05,0.04889867846267684,0.04889867846267684,0.5,1.6095878208941713e-05,1.083082383956719e-05,64
public_task_span,31,30,-5.931220721321919e-05,-0.04888174039513952,0.04888174039513952,0.484375,-0.0007613907491758788,0.0006427663347494405,64
response_mean,17,0,-4.993658194506808e-05,-0.04882849320700131,0.04882849320700131,0.46875,-0.00040041985357672737,0.00030054668968659126,64
final_prompt,19,21,-2.8061931061533638e-05,-0.04864565593736746,0.04864565593736746,0.5,0.0003382432769285125,-0.0003943671390515798,64
response_first,32,10,3.2826066444613755e-05,0.04861106651572696,0.04861106651572696,0.515625,-0.0003288659736426507,0.0003945181065318782,64
post_selector,18,3,-3.73695515918406e-05,-0.048540904529639724,0.048540904529639724,0.5,-3.146754988848753e-05,-4.327155329519376e-05,64
post_selector,27,22,9.798236715141968e-05,0.04842809850893322,0.04842809850893322,0.453125,-0.00037326410893000125,0.0005692288432328405,64
public_task_span,20,18,2.3186737394096872e-05,0.04838172684307804,0.04838172684307804,0.5,3.596198143894784e-05,1.0411493349245922e-05,64
response_mean,20,7,4.1820554287142094e-05,0.04833693427935784,0.04833693427935784,0.53125,-0.00014345081893907524,0.0002270919275133594,64
response_mean,26,10,-3.528942791319878e-07,-0.04823193620676797,0.04823193620676797,0.5,-1.1983324981201804e-06,4.925439398562048e-07,64
post_selector,35,27,-0.00021147251209185466,-0.04816188446805915,0.04816188446805915,0.484375,-0.0007798873375577407,0.00035694231337403116,64
response_mean,16,11,4.410579265368112e-06,0.048074176526505655,0.048074176526505655,0.515625,-4.6598036078610114e-06,1.348096213859724e-05,64
final_prompt,26,18,4.677809465647406e-05,0.04801344125510699,0.04801344125510699,0.625,-0.00020589063069563685,0.000299446820008585,64
post_selector,23,14,-6.441332482155408e-05,-0.04795883219075777,0.04795883219075777,0.515625,0.00016218620567085517,-0.0002910128553139633,64
post_selector,3,20,0.00024673515144968123,0.04794425871388833,0.04794425871388833,0.5,5.3328156354834626e-05,0.0004401421465445282,64
final_prompt,25,30,5.099615509606846e-05,0.04790596390128365,0.04790596390128365,0.515625,-0.0006625208670811545,0.0007645131772732914,64
response_mean,32,9,1.0993432169928304e-05,0.04789628803173658,0.04789628803173658,0.5,-0.00013282634199637862,0.00015481320633623522,64
public_task_span,12,5,-1.0059177498069694e-05,-0.04783657850963902,0.04783657850963902,0.484375,-4.16886123275438e-05,2.15702573314044e-05,64
response_first,28,13,7.109389997596688e-06,0.047799106080537744,0.047799106080537744,0.515625,-4.132851847770266e-05,5.554729847289603e-05,64
public_task_span,20,5,-1.2985668604413025e-05,-0.04778091329207589,0.04778091329207589,0.5,-0.00010760212444437165,8.163078723554562e-05,64
response_mean,20,28,0.00011372399603714754,0.04764021311307492,0.04764021311307492,0.5,0.0010689749660741468,-0.0008415269739998519,64
final_prompt,23,5,1.3006295716872475e-05,0.047635728882008115,0.047635728882008115,0.515625,-9.894721131330838e-05,0.00012495980274705333,64
public_task_span,21,5,4.815560805582029e-05,0.04740378154977005,0.04740378154977005,0.5,-6.761016084056248e-05,0.00016392137695220315,64
post_selector,3,31,-0.00046701771982781554,-0.04738220223362084,0.04738220223362084,0.46875,0.002193842906194739,-0.00312787834585037,64
response_first,23,6,1.5711657681549696e-06,0.04733183408191029,0.04733183408191029,0.53125,-4.403912441830471e-06,7.54624397814041e-06,64
post_selector,22,16,0.00019105740102531724,0.04730413155078997,0.04730413155078997,0.515625,6.897536150062499e-05,0.0003131394405500094,64
final_prompt,35,27,4.638760947272614e-05,0.047271556246457035,0.047271556246457035,0.5,-0.0003652845225587787,0.00045805974150423093,64
public_task_span,33,29,-2.234664975730084e-05,-0.047205818606947725,0.047205818606947725,0.5,-0.00022776629475626322,0.00018307299524166154,64
response_mean,32,15,1.0838772368518494e-05,0.04700452226004617,0.04700452226004617,0.515625,7.459436324097621e-05,-5.291681850393924e-05,64
response_first,21,10,3.081111849545516e-07,0.046959402050483025,0.046959402050483025,0.5,-8.909162820813776e-07,1.5071386519904808e-06,64
post_selector,24,20,2.4621816237417114e-05,0.04691765773372038,0.04691765773372038,0.5625,-0.00024429398081335016,0.0002935376132881844,64
post_selector,5,21,0.00036358577858662934,0.04689550298817756,0.04689550298817756,0.5,0.002511651238819447,-0.0017844796816461881,64
post_selector,10,8,-2.5796016871027384e-05,-0.04685540363336926,0.04685540363336926,0.515625,-3.7270091524981645e-05,-1.4321942217073108e-05,64
final_prompt,22,0,1.1519009603938844e-05,0.046714746773708696,0.046714746773708696,0.5,-5.685752194040667e-05,7.989554114828434e-05,64
response_mean,32,2,4.3556613661618355e-05,0.046683746286304326,0.046683746286304326,0.53125,-0.0003737935911658319,0.0004609068184890687,64
response_mean,31,23,4.489020284381477e-06,0.04667047814084274,0.04667047814084274,0.53125,-2.617734423893278e-06,1.1595774992656234e-05,64
response_mean,31,22,8.907583719519607e-07,0.0466691561265551,0.0466691561265551,0.515625,-7.79277758056196e-06,9.574294324465882e-06,64
response_first,25,8,2.3577412321173018e-05,0.04660490137552336,0.04660490137552336,0.546875,4.829658155358246e-05,-1.1417569112364246e-06,64
response_mean,30,7,1.0442608555649713e-06,0.04656581031304719,0.04656581031304719,0.53125,6.1124579247007205e-06,-4.023936213570778e-06,64
public_task_span,11,5,-4.740873691842107e-06,-0.046547582795545626,0.046547582795545626,0.453125,-6.715190352220802e-06,-2.7665570314634113e-06,64
response_first,33,19,3.4456897992637495e-05,0.04634003964484634,0.04634003964484634,0.5,-0.00041060039256988443,0.00047951418855515934,64
public_task_span,12,13,-8.282904400402727e-05,-0.046232771078541755,0.046232771078541755,0.46875,-0.0006641129821218708,0.0004984548941138164,64
post_selector,12,10,0.00015988198083504676,0.046228773900016715,0.046228773900016715,0.5625,-0.00046247270984167823,0.0007822366715117715,64
response_mean,24,21,3.292213682470701e-05,0.046172916763937935,0.046172916763937935,0.53125,-0.00030436542328970425,0.0003702096969391182,64
response_mean,34,4,6.157178177090272e-06,0.04614145846794401,0.04614145846794401,0.5,-7.518211225486045e-05,8.749646860904099e-05,64
response_mean,32,1,9.915037594509343e-06,0.04608169971632315,0.04608169971632315,0.5,-0.00010623211505842768,0.00012606219024744635,64
public_task_span,13,23,-8.101609012099552e-06,-0.04586700250479614,0.04586700250479614,0.5,-2.714987306262314e-05,1.0946655038424045e-05,64
final_prompt,27,26,-1.0282751190966348e-05,-0.045845196604938646,0.045845196604938646,0.4375,-8.666059511595023e-05,6.609509273401752e-05,64
post_selector,12,26,0.0003577899333322407,0.04579450690769057,0.04579450690769057,0.53125,-0.0002992648514919125,0.001014844718156394,64
public_task_span,11,8,-1.8299690736966792e-05,-0.04568268124393068,0.04568268124393068,0.46875,-0.00019203402280252815,0.0001554346413285946,64
post_selector,17,29,-8.641213571537748e-05,-0.0456216558477208,0.0456216558477208,0.640625,-0.0006130577230578665,0.0004402334516271116,64
public_task_span,19,1,3.592195503188311e-05,0.04561578293040204,0.04561578293040204,0.5,-7.8701968504898e-05,0.0001505458785686642,64
response_mean,30,16,-2.696260116863182e-05,-0.04553338416061222,0.04553338416061222,0.5,-0.0002696903966352554,0.0002157651942979918,64
post_selector,0,6,-0.0005994996572553625,-0.04549420184858329,0.04549420184858329,0.5,0.0014004265904077249,-0.00259942590491845,64
final_prompt,28,5,0.0003019178966496845,0.04538170130851333,0.04538170130851333,0.5,0.0015809090436960092,-0.0009770732503966407,64
response_mean,20,10,2.2658707152785482e-05,0.04532587840541511,0.04532587840541511,0.546875,0.00014224109233660918,-9.692367803103822e-05,64
public_task_span,13,5,-4.618028810906045e-06,-0.04529006452129427,0.04529006452129427,0.453125,5.693805860572496e-06,-1.4929863482384585e-05,64
post_selector,1,18,-0.00010452552487549979,-0.04527688021767537,0.04527688021767537,0.5625,0.0007664706718060067,-0.0009755217215570062,64
public_task_span,13,4,-6.1324287798949075e-06,-0.04521703062726228,0.04521703062726228,0.5,-5.6831111464807096e-05,4.4566253905017284e-05,64
response_mean,25,22,5.127790473123747e-06,0.045188388226334475,0.045188388226334475,0.546875,9.11825279519472e-10,1.0254669120967974e-05,64
final_prompt,27,14,0.00011896798059751946,0.04510704033484018,0.04510704033484018,0.5,-0.001714059571895595,0.001951995533090634,64
post_selector,19,1,0.0002732557950366841,0.045076191451836764,0.045076191451836764,0.5,0.0015349429049820178,-0.0009884313149086498,64
response_mean,33,1,3.5726984037821087e-06,0.045042591105694446,0.045042591105694446,0.484375,-2.8024076868855053e-05,3.516947367641927e-05,64
post_selector,1,0,0.00011448374334576315,0.04503862357295361,0.04503862357295361,0.546875,3.68684650311295e-05,0.0001920990216603968,64
public_task_span,7,7,7.389258804835208e-08,0.04496512653270601,0.04496512653270601,0.5,2.958795564111938e-07,-1.4809438031448963e-07,64
response_mean,30,21,2.129527416627787e-06,0.04492797072835132,0.04492797072835132,0.5,-1.0983846721045039e-05,1.5242901554300613e-05,64
response_mean,21,13,9.559785098640912e-06,0.04486136152358876,0.04486136152358876,0.53125,-5.735714580631712e-06,2.4855284777913536e-05,64
post_selector,3,27,0.00030804110474490513,0.04478074894492081,0.04478074894492081,0.65625,0.0017805210281949218,-0.0011644388187051114,64
public_task_span,12,11,-3.8985976516415026e-05,-0.04473339786977916,0.04473339786977916,0.421875,-0.0003209610586054477,0.00024298910557261758,64
response_first,32,11,2.089067720588924e-05,0.044708120787215276,0.044708120787215276,0.5,-0.0002900296258303375,0.000331810980242116,64
post_selector,1,29,-0.0001895876375783779,-0.044671418439814044,0.044671418439814044,0.578125,-0.0009762642366695312,0.0005970889615127754,64
response_first,25,28,1.1314901655615009e-05,0.04459157799852774,0.04459157799852774,0.5,-8.435274946805079e-05,0.0001069825527792808,64
final_prompt,26,2,-3.720579525178882e-05,-0.04455917996101049,0.04455917996101049,0.5,-0.0002468846123519933,0.00017247302184841563,64
response_mean,28,22,-2.1019130144854183e-05,-0.04455709371059893,0.04455709371059893,0.484375,-0.00022981997426539715,0.0001877817139756888,64
final_prompt,28,7,1.5801630070200407e-05,0.04450603477457321,0.04450603477457321,0.5,0.00019218988518330816,-0.0001605866250429074,64
post_selector,27,1,7.322251349251263e-05,0.044472354827608016,0.044472354827608016,0.5,3.360672963025627e-05,0.00011283829735476893,64
response_first,21,26,1.3817587882769544e-06,0.04440831360015887,0.04440831360015887,0.515625,6.746252612543913e-06,-3.982735035990004e-06,64
public_task_span,12,14,-1.518404576472564e-05,-0.04439500006157578,0.04439500006157578,0.484375,-5.1766355454669115e-05,2.1398263925217856e-05,64
final_prompt,22,6,1.886739005386185e-05,0.04438768944236285,0.04438768944236285,0.53125,4.487803880692809e-05,-7.143258699204371e-06,64
response_mean,29,2,0.00010726666209848047,0.044370625778134144,0.044370625778134144,0.546875,-0.0008764276099100063,0.0010909609341069673,64
post_selector,33,0,3.1802869216336364e-05,0.04417852609800354,0.04417852609800354,0.484375,-0.00012132646043026642,0.00018493219886293915,64
response_mean,30,6,6.357264624056874e-05,0.04414217814410457,0.04414217814410457,0.5,-0.0007144987055198414,0.0008416439980009789,64
response_mean,19,2,9.319971388777417e-05,0.04403884023287109,0.04403884023287109,0.515625,0.00022699183796248072,-4.059241018693235e-05,64
response_first,34,29,1.4938138519938143e-05,0.04395270927552707,0.04395270927552707,0.53125,-0.00017944629234986395,0.00020932256938974026,64
final_prompt,24,28,-2.8298210963837026e-05,-0.043901973222602204,0.043901973222602204,0.46875,-0.00035434623350736493,0.00029774981157969086,64
post_selector,22,25,2.812555197806225e-05,0.04389975597453661,0.04389975597453661,0.53125,-0.00013528425427010644,0.00019153535822623096,64
post_selector,24,1,1.6752748877014753e-05,0.04380185978831319,0.04380185978831319,0.625,-4.308999746171957e-05,7.659549521574909e-05,64
response_first,14,28,-8.724482654545244e-06,-0.04379091609228246,0.04379091609228246,0.5,-3.506913321871841e-05,1.762016790962793e-05,64
public_task_span,21,17,-3.075873382840171e-05,-0.043752384737868216,0.043752384737868216,0.453125,0.0002494116970410472,-0.00031092916469785067,64
response_mean,34,6,1.0203232591264344e-05,0.04368924243358544,0.04368924243358544,0.5,-0.00012320523092055068,0.00014361169610307937,64
post_selector,19,19,0.00010800662175825475,0.043587040003339336,0.043587040003339336,0.46875,0.0001750775218170062,4.093572169950308e-05,64
response_mean,29,27,6.844756489954305e-05,0.04352044651148716,0.04352044651148716,0.515625,-0.00036974586146242493,0.000506640991261511,64
public_task_span,18,28,0.00010377330181654192,0.043506199273978724,0.043506199273978724,0.515625,-0.00016751541625126867,0.0003750620198843526,64
response_mean,15,12,8.228977958423615e-05,0.043497997443443764,0.043497997443443764,0.546875,0.0004908736327706332,-0.0003262940736021608,64
public_task_span,11,0,-0.00013181478789192267,-0.04349015890341323,0.04349015890341323,0.484375,-0.0004343526161392282,0.0001707230403553828,64
post_selector,20,10,-6.65402400272839e-05,-0.04347297447054435,0.04347297447054435,0.515625,-0.000328485930367596,0.0001954054503130281,64
response_mean,16,29,3.186884549677518e-05,0.04344665391282565,0.04344665391282565,0.515625,-3.1664001199285395e-07,6.405433100554323e-05,64
final_prompt,20,21,3.573754412400376e-07,0.043402041523689504,0.043402041523689504,0.5,-9.319700922105767e-07,1.646720974690652e-06,64
final_prompt,30,25,2.2419508923114127e-05,0.043283789779725405,0.043283789779725405,0.5625,-0.00013171952696211118,0.00017655854480833942,64
final_prompt,22,12,2.016103053391569e-06,0.0430687487779108,0.0430687487779108,0.53125,-1.5180876744125607e-05,1.9213082850908745e-05,64
response_first,15,12,2.1329003345722877e-06,0.04306456806650525,0.04306456806650525,0.515625,1.0651830166349899e-05,-6.386029497205324e-06,64
post_selector,9,23,4.452007124200607e-05,0.0429644320180403,0.0429644320180403,0.5,0.00015891573821135333,-6.98755957273412e-05,64
response_first,12,31,3.2926627682170068e-06,0.04289679499621519,0.04289679499621519,0.515625,-5.368745121355409e-06,1.1954070657789423e-05,64
response_first,32,6,3.338381657158616e-05,0.04285803192823181,0.04285803192823181,0.53125,-0.000294376174679187,0.0003611438078223593,64
response_mean,29,31,3.074118595235634e-06,0.04285158983921893,0.04285158983921893,0.5,1.2195157864876452e-05,-6.046920674405184e-06,64
public_task_span,20,0,1.1645042093276982e-05,0.04280992981172871,0.04280992981172871,0.5,-7.342860783410194e-05,9.67186920206559e-05,64
response_mean,19,29,0.0001099525552490259,0.042662841223794185,0.042662841223794185,0.546875,0.0009475890178691525,-0.0007276839073711006,64
final_prompt,24,24,-1.8877236470868385e-05,-0.04263156898739456,0.04263156898739456,0.5,7.215468758657572e-05,-0.00010990916052831249,64
response_first,35,3,1.2765415249305079e-06,0.04257160092665226,0.04257160092665226,0.5,-4.994436949345982e-06,7.5475199992069975e-06,64
post_selector,3,5,-0.0003815540228764325,-0.042522794171722875,0.042522794171722875,0.5625,0.002061991922733589,-0.0028250999684864544,64
post_selector,32,30,7.899528462473886e-07,0.04251062176219431,0.04251062176219431,0.515625,4.4151745015597065e-07,1.1383882423388059e-06,64
final_prompt,29,0,0.0001237346823472733,0.04234210048526501,0.04234210048526501,0.515625,-0.001024879780743491,0.0012723491454380374,64
final_prompt,33,19,6.891533348607e-05,0.04231895514924074,0.04231895514924074,0.53125,-8.029876789804796e-05,0.00021812943487018786,64
final_prompt,19,9,4.281557949071539e-06,0.042283072228573505,0.042283072228573505,0.5,3.466060434246898e-07,8.216509854718387e-06,64
response_first,26,29,1.0764688738621621e-05,0.04218951178580953,0.04218951178580953,0.546875,-1.6790729432606327e-05,3.832010690984958e-05,64
public_task_span,18,10,2.900747585953928e-05,0.04218385096587373,0.04218385096587373,0.53125,-0.00013510175904230302,0.00019311671076138157,64
post_selector,7,25,-5.7664151427159923e-05,-0.04210789327479747,0.04210789327479747,0.484375,-0.0001441450294805761,2.8816726626256238e-05,64
final_prompt,28,25,1.319538739608106e-06,0.042100012419846435,0.042100012419846435,0.5625,1.0161554655496732e-06,1.622922013666539e-06,64
final_prompt,35,17,6.301330131461757e-06,0.04206521086423847,0.04206521086423847,0.5,3.338640976835233e-05,-2.0783749505428818e-05,64
post_selector,14,0,9.403175909028557e-06,0.04199580332559894,0.04199580332559894,0.53125,1.843601194196233e-05,3.7033987609478203e-07,64
final_prompt,30,6,9.954263532554889e-06,0.04188396243781885,0.04188396243781885,0.515625,-9.127451801304887e-05,0.00011118304507815862,64
response_mean,23,17,-1.1409738704065123e-05,-0.041770219977890995,0.041770219977890995,0.5,-8.441097321565573e-05,6.159149580752549e-05,64
response_first,21,25,4.114715096647141e-06,0.041691201450561044,0.041691201450561044,0.546875,-7.194564801693567e-06,1.5423994994987848e-05,64
response_first,23,22,1.964602824954788e-05,0.04166946696751163,0.04166946696751163,0.5,-0.00017804274648369411,0.00021733480298278987,64
post_selector,4,28,0.0003923561271221858,0.04149134167545742,0.04149134167545742,0.515625,0.0029213494854047907,-0.0021366372311604188,64
response_first,9,26,-3.3101640610770915e-06,-0.041481603845502014,0.041481603845502014,0.5,-6.3849124671885115e-06,-2.3541565496567403e-07,64
response_first,19,21,-8.949447533269197e-06,-0.04147269638882524,0.04147269638882524,0.484375,7.298284594979527e-05,-9.088174101633366e-05,64
response_first,28,9,3.9506190432801334e-05,0.041451521490678635,0.041451521490678635,0.515625,-0.00032666267088643394,0.00040567505175203656,64
response_mean,33,7,1.4949956948836377e-05,0.04140675239196233,0.04140675239196233,0.5,-0.00019500947746562967,0.00022490939136330244,64
public_task_span,14,8,-1.5107185390659953e-05,-0.04138748076271376,0.04138748076271376,0.5,-3.852848294626564e-05,8.314112164945746e-06,64
final_prompt,22,3,9.608105528965568e-06,0.041378293878780274,0.041378293878780274,0.515625,3.740430656760357e-05,-1.818809550967242e-05,64
response_mean,19,14,0.00018830363160304725,0.041303433870585035,0.041303433870585035,0.546875,1.033280568651213e-06,0.0003755739826374435,64
final_prompt,22,31,0.00015334012641687647,0.04123271376912053,0.04123271376912053,0.5,-0.0007511413787142344,0.0010578216315479875,64
final_prompt,32,13,3.1277287462191406e-06,0.04119235653730619,0.04119235653730619,0.484375,4.461021796940615e-05,-3.835476047696786e-05,64
public_task_span,13,21,-2.6210889814097877e-06,-0.041190686001831914,0.041190686001831914,0.5,-6.311273438079116e-06,1.069095475259538e-06,64
post_selector,2,18,0.00012098642764613021,0.04114232903116733,0.04114232903116733,0.46875,0.0006527835212182194,-0.000410810665925959,64
post_selector,12,16,-0.00019659044119180153,-0.041083086579163396,0.041083086579163396,0.5,0.0001269965505343812,-0.0005201774329179845,64
response_mean,34,18,5.904254436472911e-07,0.04103374231975761,0.04103374231975761,0.53125,-5.325289578195225e-07,1.7133798451141047e-06,64
response_first,27,17,8.083490271812602e-06,0.04086429042124652,0.04086429042124652,0.5,-6.302499429006609e-06,2.2469479972631807e-05,64
post_selector,8,0,2.8658326755240462e-05,0.04084489538579548,0.04084489538579548,0.53125,6.345564997899819e-05,-6.138996468517266e-06,64
final_prompt,21,17,1.5428963251906433e-05,0.0408311430342792,0.0408311430342792,0.484375,0.00019666210869215996,-0.00016580418218834712,64
response_first,30,27,1.2938797681271795e-05,0.04082032387709411,0.04082032387709411,0.5,-0.00022790755610909157,0.00025378515147163517,64
final_prompt,31,11,2.5636000600571665e-05,0.040798301069199405,0.040798301069199405,0.5,-0.000258095756635142,0.00030936775783628543,64
final_prompt,34,25,2.7398561428535587e-06,0.04074496416145023,0.04074496416145023,0.5,5.02537585588953e-06,4.543364298175896e-07,64
response_first,30,26,2.8287570046363524e-06,0.04067682335118892,0.04067682335118892,0.546875,-2.1001039357308453e-05,2.6658553366581156e-05,64
public_task_span,19,23,-6.580727858817822e-05,-0.04058981095924418,0.04058981095924418,0.5,-0.0005145926679688158,0.00038297811079245937,64
final_prompt,31,31,-6.014359428263941e-06,-0.04055814621749218,0.04055814621749218,0.515625,-8.187250989520533e-05,6.984379103867745e-05,64
post_selector,3,15,-0.0007427327855111844,-0.040450312830563634,0.040450312830563634,0.5,0.001016689384414347,-0.0025021549554367158,64
final_prompt,35,21,-1.473303512966595e-06,-0.040412397397190665,0.040412397397190665,0.484375,-1.631196948892466e-05,1.336536246299147e-05,64
final_prompt,23,21,-3.4178660541797372e-06,-0.04024371060064989,0.04024371060064989,0.484375,-2.1617553557000775e-05,1.4781821448641303e-05,64
post_selector,8,6,0.00017248906078747814,0.040234315775515464,0.040234315775515464,0.53125,0.000556842154765025,-0.00021186403319006856,64
response_mean,30,17,0.00011411744344513744,0.04019744911850832,0.04019744911850832,0.53125,-0.001002401751975387,0.0012306366388656618,64
response_mean,34,27,5.756809926538153e-07,0.040184193830854906,0.040184193830854906,0.515625,2.1356453459020486e-06,-9.84283360594418e-07,64
post_selector,2,16,-0.00020614674576790776,-0.04005965865437947,0.04005965865437947,0.4375,-0.0015676164912292658,0.00115532299969345,64
response_first,19,29,2.72592480677007e-06,0.039987720352778075,0.039987720352778075,0.5,9.43090999783103e-06,-3.979060384290889e-06,64
post_selector,7,28,-1.0755154335125468e-05,-0.039944126080802965,0.039944126080802965,0.5,1.0164910236196546e-05,-3.1675218906447484e-05,64
response_first,16,15,-1.0355852737118072e-05,-0.03989353517226574,0.03989353517226574,0.5,1.4976186321289825e-05,-3.568789179552597e-05,64
post_selector,2,30,0.00016965837494352896,0.039886472136327344,0.039886472136327344,0.515625,0.0006912075405125563,-0.0003518907906254984,64
response_first,26,15,0.00019462834552541348,0.03986781346613376,0.03986781346613376,0.515625,-0.003221900649805283,0.0036111573408561105,64
final_prompt,34,29,5.071824887180612e-06,0.03983684373715257,0.03983684373715257,0.515625,-5.3904060905541736e-05,6.404771067990297e-05,64
public_task_span,8,6,-1.5980092939574056e-05,-0.039594058297690596,0.039594058297690596,0.5,-0.00011915627055713652,8.719608467798836e-05,64
response_first,12,15,-5.503407905392748e-06,-0.03955314214396378,0.03955314214396378,0.515625,1.5986844914534695e-06,-1.2605500302238964e-05,64
post_selector,35,7,1.095136713046848e-05,0.03948940789235723,0.03948940789235723,0.484375,-9.290582511327073e-06,3.119331677226403e-05,64
final_prompt,20,4,1.907580531224439e-05,0.0394678329874741,0.0394678329874741,0.515625,-2.006815884669436e-05,5.821976947118316e-05,64
post_selector,33,6,-0.0002302770662936444,-0.03943190693283878,0.03943190693283878,0.625,-0.0017682470206636953,0.0013076928880764063,64
response_first,31,5,1.603063731181306e-05,0.03938536800405999,0.03938536800405999,0.515625,-0.00021120412179695424,0.00024326539642058039,64
response_first,30,6,1.1353181406545392e-05,0.03928786882225562,0.03928786882225562,0.515625,-0.00016690758315005328,0.00018961394596314407,64
final_prompt,26,5,-1.6687692095727067e-05,-0.03927309779498002,0.03927309779498002,0.5,-6.178864714455893e-05,2.841326295310477e-05,64
response_first,32,15,7.581597856185566e-06,0.03921749597726353,0.03921749597726353,0.5,3.448666802795864e-05,-1.9323472315587518e-05,64
public_task_span,16,4,-6.603214728778405e-06,-0.03915545453310499,0.03915545453310499,0.484375,9.523912922312783e-06,-2.2730342379869587e-05,64
response_mean,31,21,9.161195322349158e-07,0.03910898878655909,0.03910898878655909,0.5,-9.072584020941576e-06,1.0904823085411408e-05,64
final_prompt,32,4,1.0788852705445206e-05,0.03909315093820155,0.03909315093820155,0.5,7.430243476846592e-05,-5.272472935757551e-05,64
response_first,21,19,6.829870514479144e-06,0.038945617178556234,0.038945617178556234,0.484375,2.980814500118916e-05,-1.6148403972230876e-05,64
post_selector,35,6,-1.9234129695178817e-05,-0.03893473633751253,0.03893473633751253,0.46875,-0.0001821393020691125,0.00014367104267875484,64
response_mean,22,13,6.706075282636475e-06,0.03888853345596326,0.03888853345596326,0.5,-6.611301478186075e-05,7.952516534713368e-05,64
final_prompt,20,9,4.257163368487917e-06,0.03874120678044056,0.03874120678044056,0.5,-7.183513218939779e-06,1.5697839955915615e-05,64
final_prompt,35,4,1.7521200561531703e-06,0.038648449924867115,0.038648449924867115,0.5,2.976109499286302e-06,5.281306130200392e-07,64
final_prompt,26,30,2.9052081572447553e-05,0.038643279127126055,0.038643279127126055,0.515625,-0.00044596415591509965,0.0005040683190599947,64
response_mean,21,27,0.0002731048989517172,0.03858286425619229,0.03858286425619229,0.515625,-0.002112226546159931,0.0026584363440633656,64
response_mean,35,18,2.7055997634306035e-05,0.03858189509508094,0.03858189509508094,0.53125,7.696395914535627e-05,-2.2851963876744223e-05,64
response_mean,27,8,2.920038269847966e-06,0.03857668346309961,0.03857668346309961,0.5,-7.397601450521839e-06,1.3237677990217772e-05,64
post_selector,2,28,0.00038393953582271587,0.0385737209024453,0.0385737209024453,0.5,-7.695500971748146e-05,0.0008448340813629125,64
final_prompt,19,13,2.689606913008861e-05,0.03856850453527083,0.03856850453527083,0.5,0.00018163448862649697,-0.0001278423503663197,64
public_task_span,14,31,-2.7330863758832807e-05,-0.03854610638542598,0.03854610638542598,0.5,-0.00020661178405133746,0.00015195005653367188,64
public_task_span,29,6,-2.193362070102043e-05,-0.03849941803033301,0.03849941803033301,0.484375,-0.0004051604646519719,0.00036129322324993107,64
response_mean,28,24,5.6838729278752e-07,0.03840082769983176,0.03840082769983176,0.5,-2.273639083227863e-06,3.410413668802903e-06,64
final_prompt,21,5,8.654836847197904e-06,0.03838077819642121,0.03838077819642121,0.5,7.1523545557350475e-06,1.0157319138660754e-05,64
final_prompt,29,16,5.837770913786789e-06,0.03828548398369504,0.03828548398369504,0.546875,-2.3269175471793248e-05,3.494471729936682e-05,64
response_first,22,0,4.20295828007141e-06,0.03826545927514903,0.03826545927514903,0.53125,-3.60842152531339e-05,4.449013181327671e-05,64
final_prompt,27,22,1.6070605852292187e-05,0.03823344829703997,0.03823344829703997,0.5,-1.3152999144946878e-05,4.529421084953126e-05,64
post_selector,0,25,0.00028796288233934694,0.03818692452080023,0.03818692452080023,0.46875,0.003637059842731081,-0.0030611340780523875,64
public_task_span,31,28,-1.9803099121419277e-05,-0.038181581613285595,0.038181581613285595,0.5,-0.00034107241071976385,0.0003014662124769253,64
final_prompt,19,8,3.433835104260259e-06,0.03814398024472478,0.03814398024472478,0.5,-1.3896436882984354e-05,2.0764107091504874e-05,64
response_first,29,7,8.302140849991055e-05,0.03810136791627354,0.03810136791627354,0.515625,-0.001366912498269775,0.001532955315269596,64
post_selector,6,4,-0.0003566014565876696,-0.03809142273421932,0.03809142273421932,0.546875,0.001989499491173769,-0.0027027024043491076,64
response_first,23,14,5.859792754137159e-06,0.03805610631014508,0.03805610631014508,0.515625,2.4282331821723326e-05,-1.2562746313449011e-05,64
public_task_span,14,0,-2.86803036431138e-07,-0.038012700327249384,0.038012700327249384,0.5,-4.015642517174456e-06,3.44203644431218e-06,64
final_prompt,24,3,1.3084096721622241e-06,0.037892516391842046,0.037892516391842046,0.515625,-4.191100700267494e-06,6.807920044591942e-06,64
final_prompt,19,31,2.216534744547592e-05,0.037859935556577164,0.037859935556577164,0.53125,0.00010111114033860935,-5.6780445447657494e-05,64
response_mean,15,16,1.490706210916205e-05,0.03780269660551919,0.03780269660551919,0.53125,-4.8754905037665675e-06,3.4689614722090674e-05,64
public_task_span,9,9,1.0198609459166619e-06,0.037772064064731624,0.037772064064731624,0.5,3.426001256912059e-06,-1.3862793650787355e-06,64
response_mean,20,17,8.664990451734086e-05,0.03770585014429016,0.03770585014429016,0.5,-0.0006464191385475615,0.0008197189475822435,64
response_first,19,31,4.384329006512854e-06,0.037629533282083356,0.037629533282083356,0.5,2.7158255861076202e-05,-1.8389597848050494e-05,64
response_mean,25,4,-5.659785927036473e-06,-0.0375723371906646,0.0375723371906646,0.5,-1.9719261672389813e-06,-9.347645686833953e-06,64
public_task_span,20,8,1.9122237461031718e-05,0.03752623507795391,0.03752623507795391,0.5,-0.00012701021000793058,0.000165254684929994,64
post_selector,6,31,-0.00023986368466921378,-0.037520576629552896,0.037520576629552896,0.515625,0.0008811211332613374,-0.0013608485025997648,64
response_mean,22,16,2.5573597667974675e-05,0.03749015734159027,0.03749015734159027,0.5,-0.00016169539958353824,0.00021284259491948762,64
post_selector,5,1,0.00022134252776595097,0.03745550150464075,0.03745550150464075,0.515625,0.0021296940685715375,-0.0016870090130396353,64
public_task_span,20,31,-1.8399792168108235e-05,-0.03742680207208449,0.03742680207208449,0.5,-4.031903472423195e-05,3.5194503880154617e-06,64
post_selector,4,6,0.00027430518957770377,0.03741767711157427,0.03741767711157427,0.65625,0.0022199061945684735,-0.0016712958154130662,64
response_first,32,5,1.3290849267374087e-05,0.037336452646392085,0.037336452646392085,0.515625,-0.00019997865490494035,0.00022656035343968854,64
public_task_span,19,22,-1.752473463056313e-05,-0.0373212361527258,0.0373212361527258,0.5,-7.709145029365433e-05,4.204198103252807e-05,64
post_selector,35,15,-0.00015815543156349853,-0.03728097067838569,0.03728097067838569,0.46875,-0.0009063190373126408,0.0005900081741856437,64
response_mean,22,27,-7.453726382777861e-07,-0.03721423971568315,0.03721423971568315,0.53125,-7.789497104226939e-06,6.298751827671367e-06,64
response_first,22,6,3.322808169057544e-06,0.03720957255670943,0.03720957255670943,0.5,5.151858204042781e-06,1.4937581340723078e-06,64
final_prompt,28,6,3.708342956088153e-05,0.03720742654895647,0.03720742654895647,0.515625,0.00037374498242569295,-0.00029957812330392983,64
response_mean,24,20,6.133924671304549e-06,0.03705997282653662,0.03705997282653662,0.5,-7.499402397569012e-05,8.726187331829923e-05,64
final_prompt,25,29,1.0221634454425455e-06,0.0369576858685306,0.0369576858685306,0.5,-5.368681740944052e-06,7.413008631829143e-06,64
response_first,31,23,6.254247040260453e-07,0.03694755755890322,0.03694755755890322,0.5,-1.233801725675221e-06,2.4846511337273114e-06,64
response_first,28,0,2.076317311860935e-05,0.036805310582429175,0.036805310582429175,0.515625,-0.0002175933984176233,0.00025911974465484195,64
public_task_span,20,12,-9.921337493780617e-06,-0.036756634811456,0.036756634811456,0.5,-4.788249816557178e-05,2.8039823178010545e-05,64
post_selector,8,7,-8.909438474803043e-05,-0.036683651338753835,0.036683651338753835,0.5625,-0.00028236625075806073,0.00010417748126199995,64
response_first,17,4,-5.721427438071247e-08,-0.03668151916296917,0.03668151916296917,0.515625,-4.7325184283908417e-07,3.5882329407765923e-07,64
response_mean,17,1,-3.371090519976467e-05,-0.03667918085874454,0.03667918085874454,0.484375,-0.00027245205046709986,0.00020503024006757048,64
final_prompt,21,6,6.655558081550588e-06,0.03662508221428655,0.03662508221428655,0.484375,-3.150177121823618e-05,4.481288738133735e-05,64
post_selector,5,18,0.00021833265873283446,0.03661280480514306,0.03661280480514306,0.5,0.002179234981667819,-0.0017425696642021501,64
public_task_span,21,28,2.42197639863647e-05,0.03658679068393345,0.03658679068393345,0.546875,-0.00017583543535692008,0.00022427496332964948,64
post_selector,4,23,-0.00026101731054950527,-0.036522665465742225,0.036522665465742225,0.453125,-0.00033781184174584846,-0.00018422277935316252,64
response_first,29,18,-3.117532628492129e-06,-0.0363970302002625,0.0363970302002625,0.46875,-6.38948516779971e-05,5.7659786421012835e-05,64
response_first,10,2,-2.6947406013253504e-06,-0.0363559873947893,0.0363559873947893,0.484375,-1.1122718660768387e-05,5.733237458117686e-06,64
response_mean,15,9,7.848447704006173e-05,0.03633519809356253,0.03633519809356253,0.5,-0.0006049614192633491,0.0007619303733434724,64
response_mean,28,4,-3.977654159821633e-06,-0.03633265177307832,0.03633265177307832,0.484375,-2.7693450476803172e-05,1.9738142157159907e-05,64
response_first,28,1,6.068044058334453e-06,0.036326999770342205,0.036326999770342205,0.515625,-0.0001042474495989039,0.00011638353771557282,64
response_mean,28,15,9.533181696495887e-06,0.036307808581619035,0.036307808581619035,0.53125,-0.0001263849271708548,0.00014545129056384656,64
public_task_span,32,23,-6.711336482112529e-07,-0.03625183298399286,0.03625183298399286,0.484375,4.107903578187688e-06,-5.450170874610194e-06,64
post_selector,16,1,-8.848072047839848e-05,-0.0362445351954927,0.0362445351954927,0.5,-0.00038066210618125783,0.00020370066522446066,64
public_task_span,11,28,-6.702489159238211e-07,-0.036244379362726516,0.036244379362726516,0.5,-2.4187883980175684e-06,1.0782905661699264e-06,64
final_prompt,28,29,-5.3940827626775e-07,-0.03621522737639109,0.03621522737639109,0.484375,8.492908989410353e-07,-1.928107451476535e-06,64
response_first,34,18,1.0221319257652794e-06,0.03609154030918754,0.03609154030918754,0.5,8.404684876950343e-07,1.2037953638355248e-06,64
final_prompt,23,12,5.659843239411037e-06,0.03604086942908258,0.03604086942908258,0.515625,-6.493224587699394e-05,7.625193235581603e-05,64
post_selector,27,25,-3.614174192989739e-05,-0.035960511971382225,0.035960511971382225,0.484375,-0.0005836963982801314,0.0005114129144203367,64
public_task_span,16,14,-5.3179023780103104e-05,-0.035956600048001205,0.035956600048001205,0.5,-0.0003271053883508906,0.0002207473407906844,64
final_prompt,26,6,-2.645677568579502e-05,-0.035956516981962436,0.035956516981962436,0.5,-0.00024345153633473763,0.00019053798496314762,64
response_first,11,20,4.187969867783989e-06,0.035942170720375824,0.035942170720375824,0.515625,1.2879185334209474e-05,-4.503245598641492e-06,64
final_prompt,27,7,3.1546353056914886e-05,0.03593446882838356,0.03593446882838356,0.53125,-0.0001627054225536854,0.0002257981286675152,64
response_first,14,29,3.3361131272615616e-05,0.03593283316842834,0.03593283316842834,0.5,0.0001864245928118125,-0.00011970233026658125,64
post_selector,33,4,7.410523176076985e-05,0.03593218498205547,0.03593218498205547,0.421875,-0.0012979321218153598,0.0014461425853368993,64
response_mean,34,24,1.9490562976890082e-06,0.035904308959550074,0.035904308959550074,0.53125,9.927186397359084e-06,-6.029073801981066e-06,64
public_task_span,19,29,1.72530249074041e-05,0.03587833583234929,0.03587833583234929,0.515625,6.416423366316957e-05,-2.965818384836138e-05,64
response_mean,16,19,2.6409994461570384e-05,0.03571595158970609,0.03571595158970609,0.515625,0.0001349442641185193,-8.212427519537852e-05,64
response_first,10,25,-2.435236012843234e-07,-0.03570041535626858,0.03570041535626858,0.5,1.0246805035585282e-06,-1.511727706127175e-06,64
final_prompt,30,8,-3.4075392477459605e-05,-0.03564646825669827,0.03564646825669827,0.5,-0.000359745657078739,0.0002915948721238198,64
response_first,29,5,5.573011185333253e-05,0.03559291721398103,0.03559291721398103,0.546875,-0.0008523178694303749,0.00096377809313704,64
response_mean,27,30,9.432377282792446e-05,0.03558364970028523,0.03558364970028523,0.5,-0.0006878880176372895,0.0008765355632931385,64
public_task_span,21,15,-1.1037284821210533e-05,-0.035573720929916904,0.035573720929916904,0.5,-3.167230079270456e-05,9.597731150283492e-06,64
public_task_span,11,18,-2.363452540521478e-05,-0.03555388024607781,0.03555388024607781,0.453125,2.3591692297496014e-05,-7.086074310792556e-05,64
response_first,21,5,2.2244130832407803e-05,0.0355269731612765,0.0355269731612765,0.5,-8.7224393610075e-05,0.00013171265527489064,64
final_prompt,34,26,-2.613407360743471e-06,-0.03547096024521652,0.03547096024521652,0.5,-4.806890387991016e-07,-4.746125682687841e-06,64
final_prompt,33,8,-7.341723971877974e-06,-0.035424925681153165,0.035424925681153165,0.5,-7.104495352904216e-05,5.636150558528623e-05,64
response_first,33,22,-6.2405716789701144e-06,-0.03541219312627531,0.03541219312627531,0.5,-0.00011851458566523045,0.00010603344230729022,64
response_first,34,3,2.8431636110331726e-05,0.03539867630106514,0.03539867630106514,0.515625,-0.0005272204698485125,0.0005840837420691759,64
public_task_span,23,26,3.977705273427345e-05,0.035359731169278194,0.035359731169278194,0.53125,-0.00024051196669461075,0.0003200660721631577,64
response_first,25,25,1.9860675308791856e-06,0.035346342591160984,0.035346342591160984,0.546875,5.0553761070647105e-06,-1.0832410453063394e-06,64
response_mean,15,15,-3.920499693779394e-06,-0.035294882975090494,0.035294882975090494,0.5,4.65914405367088e-06,-1.2500143441229666e-05,64
response_first,22,4,4.351201376094634e-06,0.03524272900038445,0.03524272900038445,0.515625,3.72922579145929e-05,-2.858985516240363e-05,64
final_prompt,21,27,1.7342384353464967e-05,0.035229521788817324,0.035229521788817324,0.515625,-0.0002682021622604022,0.00030288693096733213,64
post_selector,4,20,0.0002765444223769047,0.0351865121423049,0.0351865121423049,0.5,0.0015988395825843405,-0.0010457507378305313,64
final_prompt,29,20,9.711103530207765e-07,0.03516543105680394,0.03516543105680394,0.515625,-3.6775034004676854e-06,5.6197241065092385e-06,64
public_task_span,15,26,-6.154939171665319e-07,-0.03510526169048627,0.03510526169048627,0.484375,-5.351057041025342e-06,4.120069206692278e-06,64
post_selector,8,27,-5.7986922911363825e-05,-0.03510064999417702,0.03510064999417702,0.46875,-8.874436025509e-05,-2.7229485567637537e-05,64
response_first,35,22,-7.161001576605e-05,-0.03507824553112241,0.03507824553112241,0.5,-0.0005355874136512219,0.00039236738211912185,64
response_first,20,6,-1.1289903056876938e-06,-0.03504811115010189,0.03504811115010189,0.46875,-1.0972843085710338e-05,8.71486247433495e-06,64
response_first,19,1,1.2470343335735379e-06,0.0350008551775749,0.0350008551775749,0.5,1.9814319500710553e-06,5.126367170760204e-07,64
post_selector,23,11,-7.024415367595284e-05,-0.03498512931723539,0.03498512931723539,0.515625,0.0002651378244990976,-0.00040562613185100334,64
public_task_span,33,31,-1.7557318415129073e-05,-0.03495749349166004,0.03495749349166004,0.5,-0.00028719355077552137,0.00025207891394526326,64
response_first,21,22,-7.560495731695482e-07,-0.03491080228113047,0.03491080228113047,0.5,-1.1858273516907047e-05,1.0346174370567951e-05,64
final_prompt,31,6,6.529844358737659e-05,0.034867426051532445,0.034867426051532445,0.53125,4.7736180931678296e-05,8.286070624307489e-05,64
final_prompt,32,24,-2.965609610327949e-06,-0.03485550423130587,0.03485550423130587,0.5,1.179525202132968e-05,-1.7726471241985578e-05,64
final_prompt,19,3,3.7902374288024406e-05,0.03474722531858982,0.03474722531858982,0.5,0.00017345198011752206,-9.764723154147325e-05,64
post_selector,22,14,-0.00014082010602578914,-0.03472779725418653,0.03472779725418653,0.515625,-0.0013705952878808624,0.0010889550758292844,64
response_mean,29,22,-5.34911941940382e-06,-0.034723874988610244,0.034723874988610244,0.5,-6.685458629361764e-05,5.615634745481e-05,64
final_prompt,33,2,1.3435629853108128e-06,0.034714405706020426,0.034714405706020426,0.515625,6.901154847564964e-07,1.9970104858651293e-06,64
response_first,33,23,1.509612980043336e-05,0.0347110296603416,0.0347110296603416,0.515625,-0.00022304146284565925,0.00025323372244652595,64
public_task_span,11,30,-6.209144203238412e-06,-0.03468469237472699,0.03468469237472699,0.5,-4.611660529006929e-05,3.3698316883592474e-05,64
response_first,27,13,2.7097331212643224e-05,0.034599556287980615,0.034599556287980615,0.515625,-0.000523602469456784,0.0005777971318820703,64
final_prompt,21,24,9.956514134047569e-06,0.03454039051372555,0.03454039051372555,0.5,3.967853899671506e-06,1.5945174368423638e-05,64
response_mean,35,2,-2.7603650778474087e-06,-0.03445702486478695,0.03445702486478695,0.484375,-2.4510656203340957e-05,1.8989926047646136e-05,64
final_prompt,19,0,3.73849281913888e-05,0.03445246831974814,0.03445246831974814,0.515625,0.00013416065166892182,-5.9390795286144305e-05,64
final_prompt,19,27,1.1171183658114782e-06,0.03441563521707361,0.03441563521707361,0.5,-1.2837891333105544e-05,1.50721280647285e-05,64
final_prompt,25,22,1.5769161905162759e-06,0.03439977001406576,0.03439977001406576,0.5,4.91411651637579e-06,-1.7602841353432394e-06,64
response_first,21,28,7.341857099164131e-06,0.034350118613551875,0.034350118613551875,0.546875,-2.865413676999757e-05,4.333785096832583e-05,64
final_prompt,25,4,2.728485469560163e-06,0.03423777801439588,0.03423777801439588,0.5,9.486718681723418e-06,-4.02974774260309e-06,64
response_first,10,18,3.1083357498578945e-05,0.03422729568153882,0.03422729568153882,0.515625,0.00017214827494171583,-0.000109981559944558,64
public_task_span,31,31,-1.1990873645117918e-05,-0.034215704908367006,0.034215704908367006,0.46875,-0.00024221976855184584,0.00021823802126161003,64
final_prompt,28,0,1.849824851517616e-06,0.034164025703230544,0.034164025703230544,0.515625,-2.0674153866193995e-05,2.437380356922923e-05,64
public_task_span,7,24,-4.14066346365833e-06,-0.034076355520504364,0.034076355520504364,0.484375,4.697367558036112e-06,-1.2978694485352764e-05,64
response_first,29,27,1.8753239260153127e-05,0.03407392722238638,0.03407392722238638,0.546875,-0.00025915744117807886,0.0002966639196983851,64
public_task_span,15,1,-2.9444233405227303e-05,-0.03400808901869536,0.03400808901869536,0.5,5.2217050324539964e-05,-0.00011110551713499455,64
final_prompt,25,25,-8.365176768164368e-06,-0.03397255915043819,0.03397255915043819,0.5,-3.793574228437778e-05,2.120538874804905e-05,64
public_task_span,18,5,1.887640337372187e-05,0.03392124745380137,0.03392124745380137,0.53125,-6.288415306699452e-05,0.00010063695981443823,64
response_mean,35,27,5.893488378204203e-06,0.03384837065699263,0.03384837065699263,0.515625,-7.012777859925785e-05,8.191475535566624e-05,64
final_prompt,23,27,1.552994604026525e-06,0.03384416551662742,0.03384416551662742,0.515625,6.006003729911442e-06,-2.900014521858392e-06,64
public_task_span,33,15,-4.785670444106796e-05,-0.03368607347637934,0.03368607347637934,0.46875,-0.000756318349885963,0.000660604941003827,64
response_first,10,15,1.4701983218405444e-05,0.03364318350406902,0.03364318350406902,0.5,-2.4221749299539703e-06,3.182614136676486e-05,64
public_task_span,35,24,1.4474195722871582e-05,0.03363146425825514,0.03363146425825514,0.546875,-0.00012203956339361486,0.000150987954839358,64
response_first,31,6,9.04234121890066e-06,0.03360237732084467,0.03360237732084467,0.515625,-0.00010926593995462179,0.00012735062239242311,64
public_task_span,19,25,8.10044139143193e-06,0.03359606890953606,0.03359606890953606,0.5,-8.463087033305044e-05,0.0001008317531159143,64
final_prompt,30,29,-9.192412733227684e-07,-0.03355773883873124,0.03355773883873124,0.5,-4.868834366789088e-07,-1.351599109966628e-06,64
final_prompt,33,14,7.187968094512888e-05,0.033536667536426985,0.033536667536426985,0.53125,-0.00036396774157764844,0.0005077271034679063,64
post_selector,13,5,0.00011278616329945774,0.03346243273041018,0.03346243273041018,0.5,0.0003712701218319061,-0.00014569779523299065,64
response_first,29,2,2.0552287764976706e-05,0.033456855243485885,0.033456855243485885,0.546875,-0.00030160290316414936,0.00034270747869410273,64
post_selector,34,4,1.1266808655820905e-05,0.033429493618068885,0.033429493618068885,0.53125,-0.0001413499392128651,0.0001638835565245069,64
final_prompt,30,10,-2.0707792600671717e-06,-0.03341813327458993,0.03341813327458993,0.484375,-1.0922770457003883e-05,6.781211936869542e-06,64
public_task_span,33,12,-3.409533042030697e-05,-0.033363711341578325,0.033363711341578325,0.46875,-0.0002565459285505981,0.00018835526770998414,64
final_prompt,30,11,7.486755339414057e-05,0.03335063596366435,0.03335063596366435,0.515625,0.00018316772093385686,-3.343261414557569e-05,64
response_first,23,8,4.29459404216016e-06,0.033289775648627805,0.033289775648627805,0.53125,-5.04210143503502e-06,1.3631289519355344e-05,64
final_prompt,29,23,6.778799246376366e-07,0.03328949924854465,0.03328949924854465,0.484375,-4.24322988124004e-06,5.5989897305153136e-06,64
final_prompt,19,12,2.3719839646222262e-05,0.0332178878203654,0.0332178878203654,0.5,0.00020346270503067936,-0.00015602302573823482,64
final_prompt,35,10,9.268064104619879e-06,0.03317633762894805,0.03317633762894805,0.5,-6.899770369271758e-05,8.753383190195733e-05,64
public_task_span,21,2,-4.3124791773124094e-06,-0.033162256580749096,0.033162256580749096,0.5,-1.1147885743414696e-06,-7.510169780283344e-06,64
post_selector,3,6,0.00021584512978735067,0.03309961723563696,0.03309961723563696,0.453125,0.002144139839174399,-0.0017124495795996972,64
response_first,15,5,1.561817373385619e-05,0.03303444722291133,0.03303444722291133,0.515625,-0.00012578093355840287,0.00015701728102611527,64
response_mean,21,0,2.879514759968061e-07,0.03297497226194923,0.03297497226194923,0.5,-2.7953053134410766e-06,3.3712082654346887e-06,64
response_first,22,30,-2.5605731934761818e-06,-0.032970371326778394,0.032970371326778394,0.5,-2.0381067656665352e-05,1.525992126971299e-05,64
response_mean,24,27,9.273609748566306e-06,0.03295271345402698,0.03295271345402698,0.5,-0.00010235095169262631,0.00012089817118975892,64
post_selector,19,24,8.826379644233284e-05,0.03295083023174021,0.03295083023174021,0.46875,0.00029481496585503756,-0.00011828737297037183,64
final_prompt,28,13,-1.9284078348395792e-05,-0.032917070556049276,0.032917070556049276,0.5,-0.0001321314343840665,9.35632776872749e-05,64
public_task_span,11,4,-2.21765155856743e-05,-0.03287266587072105,0.03287266587072105,0.5,-0.00013190036452215926,8.754733335081068e-05,64
response_mean,19,10,5.6905547353382465e-05,0.03281742130967552,0.03281742130967552,0.5,-0.0003853186208289017,0.0004991297155356666,64
public_task_span,20,3,1.9602009899692976e-05,0.0327779592644343,0.0327779592644343,0.515625,-0.00012196275508813463,0.0001611667748875205,64
public_task_span,12,12,-1.476176487357822e-05,-0.0326266042982613,0.0326266042982613,0.5,-1.9667800188018697e-07,-2.9326851745276255e-05,64
public_task_span,21,10,3.0710381679453785e-05,0.03248067094279952,0.03248067094279952,0.5,3.569840077943349e-05,2.5722362579474063e-05,64
response_first,21,24,4.583263617521479e-06,0.0324781547803798,0.0324781547803798,0.5,2.5080388979853655e-05,-1.5913861744810697e-05,64
response_first,27,24,-4.425396355144537e-06,-0.032430925378220496,0.032430925378220496,0.484375,-7.315394987015876e-05,6.43031571598697e-05,64
response_first,16,20,-7.848211538430405e-07,-0.03230538558812845,0.03230538558812845,0.5,-8.500608430495049e-07,-7.195814646365759e-07,64
response_first,30,29,-7.806349060501816e-07,-0.03228780016015736,0.03228780016015736,0.484375,-6.675851864201832e-06,5.1145820521014684e-06,64
public_task_span,20,10,5.569232001789206e-06,0.032253405543811585,0.032253405543811585,0.5,-9.852207170983547e-06,2.099067117456196e-05,64
response_first,20,19,2.856671608242288e-05,0.03224292089744786,0.03224292089744786,0.5,0.00036113095757171315,-0.0003039975254068673,64
public_task_span,21,0,-1.1046305274937866e-06,-0.032235762539593045,0.032235762539593045,0.46875,-1.3300186196795113e-06,-8.792424353080624e-07,64
response_first,30,11,1.0678232797547473e-05,0.03223101590079344,0.03223101590079344,0.5,-9.138815960339788e-05,0.00011274462519849283,64
public_task_span,28,3,-2.930872824435837e-05,-0.032230742933256756,0.032230742933256756,0.5,-0.0005719034252251408,0.0005132859687364241,64
response_mean,18,25,2.5082676422981105e-05,0.03219964692717151,0.03219964692717151,0.5,0.00043904518381052745,-0.00038887983096456524,64
public_task_span,31,3,-6.121355181676195e-05,-0.03215533092307875,0.03215533092307875,0.484375,-0.0010791754793899365,0.0009567483757564124,64
post_selector,3,7,-0.00022376832976079154,-0.032144142800614076,0.032144142800614076,0.625,0.0024173540309675254,-0.0028648906904891083,64
response_mean,34,19,6.991647660469684e-05,0.03209259156042282,0.03209259156042282,0.515625,-0.0006561561094713344,0.000795989062680728,64
response_first,21,7,2.752781185222375e-07,0.03207274192394516,0.03207274192394516,0.5,-1.7527634668113024e-06,2.3033197038557773e-06,64
response_mean,28,12,6.159893428048864e-05,0.03205735370788966,0.03205735370788966,0.515625,-2.5475910206280975e-05,0.00014867377876725814,64
public_task_span,8,31,-5.10777317686219e-06,-0.03205723283519688,0.03205723283519688,0.484375,-2.4692879719620962e-05,1.447733336589659e-05,64
response_first,35,13,6.789812232454472e-06,0.0319860610488032,0.0319860610488032,0.5,6.70262461426249e-05,-5.344662167771594e-05,64
response_first,22,10,9.502428284235974e-07,0.03198111997388568,0.03198111997388568,0.515625,-2.7651924483507173e-07,2.1770049016822664e-06,64
final_prompt,19,14,1.1741771231752105e-05,0.03196311354068477,0.03196311354068477,0.515625,8.707241295268075e-05,-6.358887048917655e-05,64
response_first,33,12,2.387510926382215e-05,0.03195112423762905,0.03195112423762905,0.515625,-0.0002818589332491689,0.0003296091517768132,64
public_task_span,17,30,-1.3616709964023545e-06,-0.03186436113819017,0.03186436113819017,0.5,2.269470257943666e-06,-4.992812250748375e-06,64
final_prompt,23,29,-2.5494444457773593e-06,-0.031843467507570264,0.031843467507570264,0.453125,-5.584462087427133e-06,4.855731958724155e-07,64
final_prompt,34,31,1.5167471929097132e-05,0.031832846933000564,0.031832846933000564,0.484375,-0.000203279420475127,0.00023361436433332126,64
final_prompt,25,13,1.6560220501566186e-06,0.031824039807673704,0.031824039807673704,0.515625,-2.4078073010957234e-06,5.71985140140896e-06,64
response_first,34,17,-2.6605950552046404e-05,-0.03181361943796188,0.03181361943796188,0.5,-0.0004722329886135268,0.0004190210875094341,64
response_mean,23,19,-1.503667334645335e-06,-0.031752856081827374,0.031752856081827374,0.515625,-1.053389608784702e-05,7.52656141855635e-06,64
post_selector,20,4,0.0006665187465841903,0.03172235875924557,0.03172235875924557,0.5,0.0011926076840609282,0.0001404298091074532,64
public_task_span,13,17,-1.5062920738272942e-05,-0.03165752381376233,0.03165752381376233,0.484375,-9.535791605229773e-05,6.523207457575187e-05,64
response_first,27,18,5.136160825713448e-05,0.03161020216749039,0.03161020216749039,0.546875,-0.00095103888361334,0.001053762100127609,64
response_mean,28,6,-2.4245313852585765e-05,-0.03157906277431599,0.03157906277431599,0.5,-0.00021572961532001966,0.0001672389876148481,64
response_mean,25,19,2.0470613435469397e-06,0.03150358687852666,0.03150358687852666,0.53125,-1.1432951083633334e-05,1.5527073770727214e-05,64
response_mean,16,15,-1.3406037396633592e-05,-0.03149043436552407,0.03149043436552407,0.5,6.339618084893008e-05,-9.020825564219729e-05,64
response_first,33,16,1.027081475512595e-05,0.031456827787276966,0.031456827787276966,0.53125,-0.00020522664567577373,0.0002257682751860256,64
public_task_span,18,13,-3.478014150459632e-05,-0.03141506331890129,0.03141506331890129,0.5,0.0002812481816363002,-0.0003508084646454929,64
final_prompt,20,24,-7.70328476562554e-08,-0.031414554699685515,0.031414554699685515,0.5,-6.619130417107044e-07,5.078473463981936e-07,64
public_task_span,29,9,-1.637928721720653e-05,-0.03137401451713732,0.03137401451713732,0.5,-0.0002501500111975336,0.00021739143676312056,64
public_task_span,23,20,6.697405979136533e-06,0.03133957252429989,0.03133957252429989,0.5,3.109476256212714e-05,-1.7699950603854084e-05,64
public_task_span,19,10,-3.125981174889195e-05,-0.03126665946374069,0.03126665946374069,0.5,-0.0002512759274395461,0.00018875630394176221,64
response_mean,14,4,-2.782174334470237e-05,-0.031233788247034218,0.031233788247034218,0.484375,-6.480252670826599e-05,9.15904001886123e-06,64
public_task_span,21,31,-3.2987032227532615e-05,-0.03120774045867209,0.03120774045867209,0.46875,-0.00013636489529743768,7.039083084237245e-05,64
public_task_span,20,6,-1.8160462104790857e-05,-0.031204447596634738,0.031204447596634738,0.5,-0.0002617448249111387,0.00022542390070155692,64
response_mean,33,5,1.4697997812618757e-05,0.0311712777581012,0.0311712777581012,0.546875,-0.0002717009592742865,0.00030109695489952403,64
response_first,23,7,2.9635185683178823e-06,0.031144653429353845,0.031144653429353845,0.515625,-3.2026986900741984e-05,3.795402403737774e-05,64
final_prompt,1,13,-3.7564356773599563e-05,-0.031116235426641384,0.031116235426641384,0.5,-0.0005845360966532033,0.0005094073831060041,64
response_mean,28,21,3.7945102349112546e-05,0.03108765525279391,0.03108765525279391,0.515625,-0.000779577079356355,0.00085546728405458,64
public_task_span,20,29,-2.2208317659529572e-05,-0.03104766847099374,0.03104766847099374,0.5,-0.00019416784562053076,0.00014975121030147165,64
final_prompt,25,2,-4.610535029314632e-07,-0.031024164137332715,0.031024164137332715,0.484375,-1.8755900725864194e-06,9.534830667234926e-07,64
final_prompt,20,23,7.161454732337418e-06,0.030980626115090018,0.030980626115090018,0.5,-1.900402912724688e-05,3.332693859192171e-05,64
response_first,31,15,1.4722789160259532e-05,0.03093612330376273,0.03093612330376273,0.53125,-0.00010654582717960475,0.00013599140550012384,64
post_selector,20,11,-1.303441067080293e-05,-0.030893702588662177,0.030893702588662177,0.5625,-7.563748755501282e-05,4.956866621340697e-05,64
final_prompt,22,4,-1.316020711784483e-05,-0.03088125750101531,0.03088125750101531,0.578125,-1.6822037196127776e-05,-9.498377039561888e-06,64
final_prompt,29,5,6.72144524287401e-05,0.030868785455484903,0.030868785455484903,0.53125,-0.0007475109432561875,0.0008819398481136678,64
response_first,25,19,4.2253360277300095e-07,0.030853971267142576,0.030853971267142576,0.5,-2.17795628998374e-06,3.023023495529742e-06,64
response_mean,31,9,3.2696104426577953e-05,0.030833149672244337,0.030833149672244337,0.546875,-0.0005276466299619352,0.000593038838815091,64
final_prompt,28,22,-2.6219560822935242e-05,-0.030743439623328712,0.030743439623328712,0.5,-0.0002603774883027469,0.0002079383666568764,64
final_prompt,35,28,-1.8777292893894883e-06,-0.03070298940964937,0.03070298940964937,0.484375,-1.4378285186468235e-05,1.0622826607689258e-05,64
final_prompt,19,23,6.722008492945424e-06,0.030700582277257332,0.030700582277257332,0.5,7.576939060526241e-05,-6.232537361937158e-05,64
final_prompt,20,0,1.9461717982951398e-05,0.030683863678594173,0.030683863678594173,0.5,0.000132266970354059,-9.334353438815623e-05,64
public_task_span,23,5,-1.8326263955234208e-06,-0.030665915347905102,0.030665915347905102,0.46875,-3.083388259027816e-05,2.7168629799231316e-05,64
post_selector,3,22,-0.00010429410031065811,-0.030660408679916783,0.030660408679916783,0.53125,-0.0008238522568717665,0.0006152640562504504,64
final_prompt,32,26,5.222971992679959e-07,0.03061048644513083,0.03061048644513083,0.5,3.884201987602864e-06,-2.8396075890668726e-06,64
public_task_span,24,11,-7.786301125642328e-06,-0.03059211925658269,0.03059211925658269,0.5,-0.00013431070169644217,0.00011873809944515753,64
response_first,30,30,-6.932450702379356e-07,-0.030422421726984686,0.030422421726984686,0.5,-1.5874825294304173e-06,2.0099238895454597e-07,64
public_task_span,15,14,3.7722195145347128e-06,0.03041591270198631,0.03041591270198631,0.5,5.38450264571053e-05,-4.6300587428035875e-05,64
public_task_span,8,11,-3.935134657235532e-06,-0.030415200352005723,0.030415200352005723,0.484375,8.835058906697877e-06,-1.6705328221168943e-05,64
response_first,29,16,-3.4954020975398818e-06,-0.03040120223359236,0.03040120223359236,0.515625,-7.199902165665074e-05,6.500821746157099e-05,64
post_selector,6,25,0.0001011741733236659,0.030397328326152034,0.030397328326152034,0.53125,0.000678606033034154,-0.00047625768638682184,64
response_first,34,4,7.5789530456019546e-06,0.030303257793206615,0.030303257793206615,0.5,-0.00011563337557161146,0.0001307912816628154,64
post_selector,5,14,-0.00012785079707100403,-0.03023976279728599,0.03023976279728599,0.484375,0.0003258649740018907,-0.0005815665681438984,64
public_task_span,11,21,-7.79164793129894e-07,-0.030183747203659766,0.030183747203659766,0.5,-8.504203208303807e-06,6.945873622044019e-06,64
final_prompt,30,5,4.678066858332386e-07,0.030180654509543634,0.030180654509543634,0.5,-4.00907197217748e-06,4.9446853438439575e-06,64
response_first,27,6,5.261169491177498e-07,0.030124677315651535,0.030124677315651535,0.515625,-3.817142356865588e-06,4.869376255101088e-06,64
response_first,33,31,2.732546954576189e-05,0.03011403571326013,0.03011403571326013,0.5,-0.000414046383411888,0.0004686973225034117,64
response_first,30,9,4.569413221134267e-06,0.03007805679916814,0.03007805679916814,0.515625,-3.763993234428218e-05,4.6778758786550714e-05,64
final_prompt,22,2,8.346472668557988e-06,0.030004160996680185,0.030004160996680185,0.5,-5.11836424266081e-05,6.787658776372406e-05,64
final_prompt,23,1,2.690525661819232e-06,0.029999973476231553,0.029999973476231553,0.515625,2.8639879019461476e-05,-2.3258827695823013e-05,64
public_task_span,7,15,-1.3822374569372187e-06,-0.029981351746058205,0.029981351746058205,0.5,5.996659865559195e-06,-8.761134779433633e-06,64
response_mean,18,14,2.736411568094146e-05,0.029896620158650574,0.029896620158650574,0.515625,-0.00038469232913482986,0.0004394205604967127,64
final_prompt,26,7,4.567201358441066e-05,0.029791570548294916,0.029791570548294916,0.5,-0.0002039302107732384,0.00029527423794205976,64
final_prompt,31,7,2.069924175884059e-05,0.029751118147283075,0.029751118147283075,0.515625,-0.00015772844653837915,0.00019912693005606037,64
response_first,20,3,2.379700433152758e-06,0.029634259119717475,0.029634259119717475,0.53125,3.3259346395191584e-05,-2.8499945528886072e-05,64
response_first,33,15,1.6621235317866114e-05,0.029597400631122584,0.029597400631122584,0.515625,-0.00027586773830987814,0.0003091102089456103,64
response_first,20,31,7.697937798314778e-07,0.029576068146595417,0.029576068146595417,0.5,-2.146861147522308e-06,3.686448707185264e-06,64
response_mean,15,4,1.0996937078291285e-05,0.02957115716228069,0.02957115716228069,0.5,1.5645626376693247e-06,2.0429311518913235e-05,64
final_prompt,27,24,-8.563423034502342e-05,-0.029562008709145538,0.029562008709145538,0.5,-0.00045541387044067803,0.00028414540975063124,64
public_task_span,8,0,-8.841920589477017e-06,-0.029508494934613983,0.029508494934613983,0.5,-7.704749441471866e-05,5.936365323576462e-05,64
final_prompt,23,3,4.287778438084685e-06,0.029474411669308427,0.029474411669308427,0.53125,2.670327194209011e-05,-1.812771506592074e-05,64
post_selector,2,1,-8.642843749839083e-05,-0.029377272940145527,0.029377272940145527,0.328125,0.0010056963219540163,-0.001178553196950798,64
post_selector,9,31,-0.0006098456171912407,-0.029329450315726154,0.029329450315726154,0.53125,0.0031346633682005657,-0.004354354602583047,64
final_prompt,22,25,1.4087081154910805e-06,0.029288479410995102,0.029288479410995102,0.546875,-9.53384528656893e-06,1.2351261517551091e-05,64
post_selector,1,28,-5.336250725118757e-05,-0.029278275076103314,0.029278275076103314,0.5,0.0003900063480930494,-0.0004967313625954244,64
response_mean,30,1,4.235198957757104e-06,0.029233927315465365,0.029233927315465365,0.5,-2.6974958359449595e-05,3.5445356274963806e-05,64
response_first,23,5,2.3565019020559606e-06,0.02921428513302974,0.02921428513302974,0.5,-2.6082552523119385e-05,3.0795556327231304e-05,64
post_selector,16,10,3.5915571970688786e-05,0.029127403966330755,0.029127403966330755,0.546875,-0.00012943105502927812,0.00020126219897065572,64
response_first,9,30,2.4662319760351825e-07,0.029123715310674224,0.029123715310674224,0.53125,1.5177052787515577e-06,-1.0244588835445212e-06,64
response_first,31,10,7.607364295832724e-06,0.029088937766313362,0.029088937766313362,0.5,-6.029934775142255e-05,7.551407634308802e-05,64
response_first,30,2,-1.220842108295983e-06,-0.029088033198843777,0.029088033198843777,0.5,-1.1486435482765955e-06,-1.2930406683153706e-06,64
post_selector,25,3,-1.2214580351613729e-05,-0.029001738814378644,0.029001738814378644,0.546875,-0.0001509873552549837,0.00012655819455175622,64
response_first,20,1,2.5385480810774634e-06,0.028958914402282262,0.028958914402282262,0.5,4.973398503696963e-06,1.0369765845796375e-07,64
final_prompt,29,15,6.03353257133593e-06,0.028934553145053943,0.028934553145053943,0.484375,-6.862249836102441e-05,8.068956350369626e-05,64
final_prompt,19,2,1.2306107123553958e-05,0.02892391028491325,0.02892391028491325,0.515625,0.00020085366941201087,-0.00017624145516490294,64
response_first,33,30,9.885406370815498e-06,0.0288989108384501,0.0288989108384501,0.515625,-0.0002014034622561395,0.0002211742749977705,64
response_first,21,21,-4.302481322326912e-07,-0.02882435484339931,0.02882435484339931,0.5,-4.8209249428055045e-06,3.960428678340122e-06,64
response_mean,35,25,6.275495707086264e-05,0.028814034161863965,0.028814034161863965,0.5,-0.0003261354486312438,0.000451645362772969,64
response_first,9,24,4.563640914055074e-06,0.0288114121611529,0.0288114121611529,0.515625,-2.1961963739156582e-05,3.108924556726672e-05,64
response_first,28,25,1.6785799630245603e-06,0.028779657651647,0.028779657651647,0.5,-1.1517271104821692e-05,1.4874431030870815e-05,64
public_task_span,34,5,-2.8150599064246973e-05,-0.02872569139484108,0.02872569139484108,0.484375,-0.0005082344832771647,0.0004519332851486707,64
response_mean,18,19,6.905626403863418e-05,0.028714978598640414,0.028714978598640414,0.5,-0.00044432151361206446,0.0005824340416893329,64
final_prompt,31,21,-2.5027391075122214e-06,-0.028693619403847653,0.028693619403847653,0.5,-2.041969446508308e-05,1.5414216250058637e-05,64
response_first,16,11,4.6331128089605045e-07,0.028667237813090583,0.028667237813090583,0.5,-4.115679757887847e-06,5.042302319679948e-06,64
response_first,33,28,1.757719223859896e-05,0.028622113349438077,0.028622113349438077,0.484375,-0.00028613462427527975,0.0003212890087524777,64
public_task_span,18,8,3.6182480016578515e-05,0.028613589675517553,0.028613589675517553,0.5,-0.0002444760766593296,0.0003168410366924866,64
response_first,16,21,-8.707944090247111e-07,-0.028596949224402292,0.028596949224402292,0.5,-7.424720052995326e-06,5.683131234945904e-06,64
post_selector,24,27,9.753288759384304e-05,0.028586551805242905,0.028586551805242905,0.484375,-0.0006674178730463574,0.0008624836482340437,64
public_task_span,16,5,-1.0087148666575375e-05,-0.028585712726234457,0.028585712726234457,0.5,8.562000493836952e-05,-0.00010579430227152027,64
post_selector,6,28,5.5128140502340886e-05,0.02858519215283298,0.02858519215283298,0.546875,0.0010336507039027947,-0.0009233944228981129,64
final_prompt,21,15,1.0941502978310595e-05,0.02858035157188211,0.02858035157188211,0.515625,-0.00017247000459972705,0.00019435301055634825,64
response_mean,14,28,-3.7029099075856617e-06,-0.02857961092803125,0.02857961092803125,0.484375,-2.5027826723083545e-05,1.7622006907912222e-05,64
public_task_span,25,10,-4.1469646021138635e-05,-0.028563926275305657,0.028563926275305657,0.5,-0.0008672481353641766,0.0007843088433218993,64
response_first,28,19,4.085237179650764e-06,0.028522106675772492,0.028522106675772492,0.53125,-6.516106014941406e-05,7.33315345087156e-05,64
public_task_span,15,12,2.5011095658559953e-05,0.028502449777162167,0.028502449777162167,0.5,0.0004346705209172625,-0.00038464832960014256,64
final_prompt,27,20,2.765502995316561e-05,0.02849404935615515,0.02849404935615515,0.5,-0.00014776439638807814,0.00020307445629440938,64
public_task_span,17,7,1.5467941466337574e-05,0.02847761741446456,0.02847761741446456,0.5,-9.985567953662144e-05,0.00013079156246929662,64
response_first,30,20,-6.574642839040255e-06,-0.028450765071335343,0.028450765071335343,0.5,-7.980228770064395e-05,6.665300202256345e-05,64
response_mean,16,13,1.3970878626420731e-05,0.028432355503829353,0.028432355503829353,0.515625,-0.00010599282813927688,0.00013393458539211835,64
final_prompt,34,4,4.676163825933761e-06,0.02842474776691741,0.02842474776691741,0.5,-5.3252681254871896e-05,6.260500890673943e-05,64
response_mean,22,28,-2.9485133268279553e-06,-0.028382011711820164,0.028382011711820164,0.515625,-4.524227938417919e-05,3.9345252730523274e-05,64
public_task_span,27,16,-2.7228086764809304e-05,-0.0283665775641505,0.0283665775641505,0.484375,-0.0005416832009359314,0.0004872270274063128,64
response_first,13,13,1.2775207787474319e-08,0.028356143856720382,0.028356143856720382,0.5,-9.131260361727733e-08,1.1686301919222597e-07,64
response_mean,15,23,1.494737512075074e-05,0.02834912362774702,0.02834912362774702,0.5,-2.2877475204034601e-07,3.0123524993541857e-05,64
response_first,22,3,5.8684759096663926e-06,0.028310816297617985,0.028310816297617985,0.5,9.650800166119969e-06,2.0861516532128114e-06,64
post_selector,16,18,-0.00015558285667793552,-0.028286982394946956,0.028286982394946956,0.453125,0.0002057774399872789,-0.0005169431533431499,64
response_first,25,21,3.419697236495267e-07,0.028260641869307532,0.028260641869307532,0.515625,-3.310778765808209e-06,3.994718213107262e-06,64
post_selector,5,24,0.0002708767187868875,0.02824208879619913,0.02824208879619913,0.578125,0.002957453991257337,-0.002415700553683562,64
public_task_span,17,4,1.0778835303423056e-05,0.02821813469906295,0.02821813469906295,0.5,-3.861156199036664e-05,6.016923259721274e-05,64
final_prompt,20,5,-2.5170239155161567e-06,-0.028196123349549438,0.028196123349549438,0.46875,-1.12344175704469e-05,6.200369739414593e-06,64
final_prompt,31,22,-3.1653747782901892e-06,-0.02806374852620165,0.02806374852620165,0.5,9.3487992671717e-06,-1.5679548823752076e-05,64
final_prompt,21,2,1.3407010328587644e-06,0.02805014781536305,0.02805014781536305,0.5,1.5555916661512196e-06,1.1258103995663106e-06,64
response_first,15,25,-5.374180318540311e-07,-0.02800910940767596,0.02800910940767596,0.5,-5.590558970425263e-06,4.515722906717201e-06,64
post_selector,25,23,-1.1809837587865275e-05,-0.027952550732620082,0.027952550732620082,0.53125,8.391725714316786e-05,-0.00010753693231889842,64
public_task_span,18,14,2.2055022782291297e-05,0.027934113217227233,0.027934113217227233,0.5,-0.00014162183015287578,0.0001857318757174584,64
response_mean,23,2,-2.5947246342630936e-06,-0.027896024750978934,0.027896024750978934,0.484375,-2.5724787064968433e-05,2.0535337796442245e-05,64
final_prompt,28,21,1.759367614795685e-05,0.027895294420301774,0.027895294420301774,0.515625,3.05257608488376e-05,4.661591447076077e-06,64
final_prompt,27,23,3.7570337667606645e-06,0.027810106130342637,0.027810106130342637,0.5,-1.3915274735145695e-05,2.1429342268667016e-05,64
response_mean,28,27,1.0386533091377714e-06,0.027809098223258406,0.027809098223258406,0.5,-7.1150385281271156e-06,9.192345146402658e-06,64
response_first,11,23,-3.8943391622581203e-07,-0.027789814976557272,0.027789814976557272,0.484375,1.2597348479914672e-06,-2.0386026804430912e-06,64
response_first,11,31,-1.1287363008703963e-05,-0.02778784064256857,0.02778784064256857,0.5,6.111104949013654e-05,-8.368577550754448e-05,64
response_mean,18,20,1.4821295991397224e-05,0.02777118754050212,0.02777118754050212,0.484375,0.00018471965512389222,-0.00015507706314109778,64
response_mean,26,3,6.340010486382444e-06,0.027742904835807033,0.027742904835807033,0.484375,2.2788900878360066e-05,-1.0108879905595169e-05,64
response_first,33,25,-1.908157912563545e-06,-0.027729517466301007,0.027729517466301007,0.484375,-8.797093187234412e-06,4.9807773621073196e-06,64
post_selector,25,27,1.7750934603103585e-05,0.027714168397856946,0.027714168397856946,0.484375,-4.327489750722531e-05,7.877676671343248e-05,64
response_first,11,0,-4.2487577957216104e-05,-0.02770260359987781,0.02770260359987781,0.5,0.0003283826208644273,-0.0004133577767788595,64
response_first,14,4,-8.29309430372175e-06,-0.027607259475641504,0.027607259475641504,0.5,-0.00014706128152395495,0.00013047509291651147,64
post_selector,7,17,1.4052232700122531e-05,0.02754259703685249,0.02754259703685249,0.453125,0.00011309732690278375,-8.499286150253869e-05,64
post_selector,20,5,7.105837357812984e-05,0.027502109162376186,0.027502109162376186,0.484375,-0.001120813627494472,0.0012629303746507317,64
response_first,34,28,2.249468741411065e-05,0.027492387946944773,0.027492387946944773,0.53125,-0.0003851573731026126,0.0004301467479308339,64
public_task_span,26,24,6.376459509738922e-06,0.027481939923600925,0.027481939923600925,0.515625,-1.3574500599132164e-05,2.6327419618610015e-05,64
post_selector,32,22,1.0798385801531354e-05,0.027475569803897797,0.027475569803897797,0.53125,-4.1389498619535377e-05,6.298627022259808e-05,64
final_prompt,20,19,6.323119691839538e-06,0.027472447944676855,0.027472447944676855,0.484375,1.1653969409049746e-05,9.922699746293272e-07,64
final_prompt,31,8,-5.207808681007345e-05,-0.027445156848022203,0.027445156848022203,0.5,-0.0005046189035056124,0.0004004627298854656,64
response_first,24,3,5.352622096665982e-07,0.027413904590211858,0.027413904590211858,0.5,-6.138775617614556e-06,7.209300036947752e-06,64
final_prompt,34,8,2.2018144250055116e-06,0.02741084007175386,0.02741084007175386,0.5,-1.4745455359841802e-05,1.9149084209852825e-05,64
response_first,33,21,-9.339868029202776e-06,-0.02739947113241737,0.02739947113241737,0.515625,-0.0002924047412306757,0.00027372500517227016,64
public_task_span,13,24,-1.426850872121807e-05,-0.027398649118017773,0.027398649118017773,0.5,-0.0002652633461366239,0.00023672632869418774,64
response_first,19,12,7.960888009252132e-06,0.027344697554904457,0.027344697554904457,0.5,0.0001049226921523361,-8.900091613383185e-05,64
public_task_span,30,27,-2.5528980131646848e-05,-0.02730753897737048,0.02730753897737048,0.484375,-0.0005101396227473574,0.0004590816624840637,64
final_prompt,14,29,1.2187634865752306e-06,0.0272966898173874,0.0272966898173874,0.515625,-1.1411932064219816e-05,1.3849459037370277e-05,64
final_prompt,29,3,-0.00014332408136396714,-0.02729477805476607,0.02729477805476607,0.5,-0.002299081304954578,0.0020124331422266438,64
public_task_span,22,30,-3.73414768546344e-05,-0.027276797557411817,0.027276797557411817,0.5,2.254736409668749e-05,-9.723031780595624e-05,64
response_first,20,5,-1.8523692233416866e-06,-0.02727298085759651,0.02727298085759651,0.515625,1.9494900698210985e-06,-5.654228516504472e-06,64
post_selector,19,4,-7.63477801228879e-05,-0.02725018764150507,0.02725018764150507,0.5,-0.0010548812861088499,0.0009021857258630742,64
public_task_span,21,9,1.3297877103467718e-05,0.027242396623245346,0.027242396623245346,0.5,-3.1609031793768276e-05,5.82047860007037e-05,64
public_task_span,8,22,-4.443338639247613e-06,-0.027231825216424758,0.027231825216424758,0.5,-3.5519606171898724e-06,-5.334716661305349e-06,64
public_task_span,34,21,-5.077140212961164e-05,-0.027211512540791225,0.027211512540791225,0.5,-0.0006378905636665677,0.0005363477594073445,64
public_task_span,27,28,-5.614832207356948e-05,-0.027202336927477616,0.027202336927477616,0.484375,-0.0009319690470874673,0.0008196724029403284,64
public_task_span,16,10,-1.7569293731865647e-05,-0.027184507822085313,0.027184507822085313,0.5,-0.0001532770675112158,0.00011813848004748451,64
response_first,10,19,2.331526275158355e-06,0.027151178519054773,0.027151178519054773,0.5,-2.203614121753091e-05,2.669919376784762e-05,64
response_first,28,12,2.6460732783560286e-05,0.027117994413145646,0.027117994413145646,0.5,-0.00014222692334442996,0.00019514838891155056,64
final_prompt,25,21,4.8572344439905775e-06,0.027103414612454513,0.027103414612454513,0.5,-3.901564491569854e-05,4.87301138036797e-05,64
public_task_span,28,23,-1.910151468110019e-05,-0.027084671243788164,0.027084671243788164,0.5,-0.00039675384141444714,0.00035855081205224686,64
response_first,27,11,-2.568730167239138e-06,-0.027053326276543378,0.027053326276543378,0.5,-3.290914048647074e-05,2.777168015199247e-05,64
response_mean,18,8,2.721286523410602e-05,0.02703628526086141,0.02703628526086141,0.5,-1.2998261809137168e-06,5.5725556649125746e-05,64
public_task_span,12,19,-5.9817548390074e-06,-0.027035043365643777,0.027035043365643777,0.5,-3.130746517852335e-05,1.934395550050855e-05,64
public_task_span,16,25,-2.3449448690371867e-05,-0.027028876353981955,0.027028876353981955,0.5,-0.00010056250266643124,5.366360528568749e-05,64
post_selector,31,8,4.116513628104228e-05,0.02701587144439201,0.02701587144439201,0.546875,-0.0005764346424257219,0.0006587649149878065,64
response_mean,34,9,2.976962491627454e-06,0.026973334596453267,0.026973334596453267,0.5,-3.0182458772281235e-05,3.613638375553615e-05,64
final_prompt,34,24,1.6976169376912602e-06,0.026972853798837806,0.026972853798837806,0.515625,6.425255833159838e-06,-3.0300219577773185e-06,64
final_prompt,23,25,1.4072755902824655e-05,0.02695354571434968,0.02695354571434968,0.5,1.79838316398762e-05,1.0161680165773103e-05,64
public_task_span,34,1,-3.6338800782687356e-05,-0.026946901694924853,0.026946901694924853,0.484375,-0.0006918435246916296,0.0006191659231262549,64
final_prompt,25,0,4.232099058751469e-06,0.02693758271735124,0.02693758271735124,0.453125,-4.583867189466506e-05,5.430287001216799e-05,64
response_first,33,14,1.4703321426166416e-05,0.026930729393432228,0.026930729393432228,0.515625,-0.0002799999990656805,0.00030940664191801334,64
public_task_span,21,12,-1.8111409190169134e-05,-0.026879926304761236,0.026879926304761236,0.453125,-0.00012299303307372627,8.6770214693388e-05,64
final_prompt,30,26,1.1326331531335245e-05,0.026854702843371582,0.026854702843371582,0.515625,-2.19904639493574e-05,4.464312701202789e-05,64
response_mean,20,23,2.5827259548798898e-05,0.026831136593639192,0.026831136593639192,0.515625,-0.00028406177739269834,0.0003357162964902961,64
response_first,22,8,2.919931830548931e-06,0.026830459641421434,0.026830459641421434,0.515625,-2.3120153628036164e-05,2.896001728913402e-05,64
response_mean,17,25,-8.511753131301524e-05,-0.02682469611927795,0.02682469611927795,0.515625,-0.0006515197792964258,0.00048128471667039535,64
response_mean,22,30,-6.017575003625999e-06,-0.026762993762513912,0.026762993762513912,0.5,-6.425922913421718e-05,5.2224079126965187e-05,64
post_selector,31,21,5.030039847041874e-05,0.026703607212784038,0.026703607212784038,0.5,0.0001564010162837656,-5.5800219342928126e-05,64
public_task_span,22,8,8.078959126580923e-06,0.026682335103955103,0.026682335103955103,0.515625,5.699866369468215e-05,-4.084074544152031e-05,64
response_mean,19,23,1.924501748362585e-05,0.02665086724783005,0.02665086724783005,0.515625,-1.4662466128347512e-05,5.3152501095599214e-05,64
public_task_span,9,31,1.6885454098058254e-05,0.02656423127437246,0.02656423127437246,0.5,0.00016353190482298508,-0.00012976099662686857,64
public_task_span,13,28,1.096210905871095e-05,0.026551589688446647,0.026551589688446647,0.5,-7.728589207545001e-05,9.921011019287188e-05,64
response_mean,31,2,5.439483970802717e-06,0.026523445895213504,0.026523445895213504,0.5,-8.501715842610275e-05,9.589612636770819e-05,64
response_mean,29,29,5.622441392461042e-07,0.02646764105175631,0.02646764105175631,0.5,4.5582481220662885e-06,-3.43375984357408e-06,64
response_first,22,1,2.0420329747141357e-06,0.026457417309025393,0.026457417309025393,0.5,7.29034422875258e-06,-3.20627827932431e-06,64
final_prompt,25,19,-6.53343903422865e-07,-0.026450498765339128,0.026450498765339128,0.5,-1.1645747747479618e-05,1.0339059940633888e-05,64
post_selector,8,26,-2.391367524980147e-05,-0.026441354105761535,0.026441354105761535,0.625,-0.00022572535090150254,0.00017789800040189958,64
response_first,21,27,6.5734569432121225e-06,0.026435575072637215,0.026435575072637215,0.546875,-0.00011680657866007619,0.00012995349254650042,64
final_prompt,31,1,-3.2114155601437906e-06,-0.026402081870202463,0.026402081870202463,0.5,3.0239769785098562e-05,-3.666260090538614e-05,64
post_selector,35,5,0.00011176184125361241,0.026401952326596118,0.026401952326596118,0.5,0.00014960007683838754,7.39236056688375e-05,64
public_task_span,22,0,-1.59176731813245e-05,-0.026399885989978198,0.026399885989978198,0.46875,-0.00010882155902437213,7.698621266172314e-05,64
public_task_span,31,6,-2.3684677898931463e-05,-0.02637645070473966,0.02637645070473966,0.5,-0.0004268112006684344,0.0003794418448705714,64
final_prompt,33,31,1.685997347066828e-05,0.02637237842827712,0.02637237842827712,0.5,-0.00032868825746844576,0.0003624082044097823,64
response_first,16,10,7.919313382842574e-08,0.026370615992044138,0.026370615992044138,0.515625,-7.122222847044668e-07,8.706085523613183e-07,64
post_selector,5,6,-0.00013415639205049994,-0.026368888708670987,0.026368888708670987,0.5,0.0017080897760024406,-0.0019764025601034406,64
response_first,17,1,-2.552935313814106e-06,-0.026353841332268722,0.026353841332268722,0.5,-4.5718792364357577e-05,4.0612921736729365e-05,64
final_prompt,25,23,9.98015036657184e-06,0.026323598776801134,0.026323598776801134,0.5625,4.277180596544902e-05,-2.281150523230532e-05,64
post_selector,26,13,6.194598427101547e-05,0.0262778796618947,0.0262778796618947,0.421875,-0.0009216994312737097,0.0010455913998157406,64
public_task_span,20,19,3.423608131925542e-05,0.02625432012017914,0.02625432012017914,0.5,-8.984710802906865e-05,0.00015831927066757944,64
final_prompt,30,1,3.337411726526659e-06,0.026195889391983834,0.026195889391983834,0.5,-2.932110385244778e-05,3.59959273055011e-05,64
final_prompt,34,27,1.0813483868325386e-06,0.026162672139155862,0.026162672139155862,0.515625,3.198030896099583e-06,-1.0353341224345058e-06,64
final_prompt,20,30,-1.072775296506618e-05,-0.02614960875474258,0.02614960875474258,0.5,-9.340200608675326e-05,7.194650015662088e-05,64
response_first,25,22,7.874638754395271e-07,0.026142792802992025,0.026142792802992025,0.515625,-7.939686668123613e-06,9.514614419002668e-06,64
response_first,33,17,1.2673444700790778e-05,0.026109116323618467,0.026109116323618467,0.5,-0.0002548130033801296,0.0002801598927817112,64
public_task_span,31,5,-2.955257241409858e-05,-0.026100420657703374,0.026100420657703374,0.5,-0.000589502418733887,0.0005303972739056898,64
final_prompt,19,25,1.852736417618912e-06,0.02609892441528136,0.02609892441528136,0.5,-3.1985791224533835e-05,3.5691264059771656e-05,64
response_first,22,17,7.513101365931444e-06,0.026083704102752823,0.026083704102752823,0.484375,-6.660717190233605e-06,2.168691992209648e-05,64
final_prompt,27,6,7.155309617702999e-06,0.026076629072006592,0.026076629072006592,0.5,-2.8835602279284768e-05,4.3146221514690776e-05,64
final_prompt,22,7,-2.1505814302712233e-06,-0.02606632762923049,0.02606632762923049,0.53125,-1.4000782243777987e-05,9.69961938323554e-06,64
response_first,28,23,1.3741859675063066e-05,0.02603293005348147,0.02603293005348147,0.515625,-0.00029967442833364903,0.0003271581476837751,64
final_prompt,19,10,1.202508792630221e-05,0.02599975202568824,0.02599975202568824,0.5,3.146211565762715e-05,-7.411939805022755e-06,64
final_prompt,30,7,9.323322274209966e-07,0.025994406010209345,0.025994406010209345,0.515625,-6.412008701865936e-08,1.928784541860653e-06,64
response_mean,16,2,5.908053958591887e-05,0.02598147062035364,0.02598147062035364,0.5,0.00045559152601982837,-0.0003374304468479906,64
response_mean,16,4,1.3180979408392674e-05,0.025971290288716926,0.025971290288716926,0.515625,-0.00014704147338306023,0.00017340343219984558,64
response_mean,32,12,1.4366609775604946e-05,0.025948585256267052,0.025948585256267052,0.5,-6.516811299662755e-05,9.390133254783746e-05,64
final_prompt,28,19,1.1718541827569572e-05,0.025943309515507353,0.025943309515507353,0.515625,-0.0002523467765058559,0.00027578386016099504,64
response_mean,20,3,-5.394096660892966e-05,-0.025917132651225878,0.025917132651225878,0.5,0.001152057817762369,-0.0012599397509802286,64
public_task_span,10,25,-1.0749876935272086e-06,-0.025880292750166692,0.025880292750166692,0.5,3.208793714292719e-06,-5.358769101347135e-06,64
public_task_span,26,21,8.783566727288417e-07,0.02584544362377796,0.02584544362377796,0.515625,-7.64201621450411e-06,9.398729559961794e-06,64
public_task_span,14,14,-1.3758459090239292e-05,-0.02583400372020565,0.02583400372020565,0.5,-0.00014114041232458313,0.00011362349414410455,64
response_mean,30,29,-6.046487612816006e-07,-0.02580952628813222,0.02580952628813222,0.4375,-7.1055312389480145e-06,5.896233716384813e-06,64
response_first,24,27,1.3617863260154517e-05,0.02572991232141125,0.02572991232141125,0.5,-0.00011205989903827845,0.00013929562555858752,64
response_first,28,16,6.66521549419503e-06,0.025719609179677232,0.025719609179677232,0.5,-0.000131506595494079,0.00014483702648246903,64
response_first,10,8,3.399567219730694e-06,0.025697418251667072,0.025697418251667072,0.5,-2.3527017617649168e-05,3.0326152057110563e-05,64
public_task_span,34,3,-5.0796619689214446e-05,-0.02569452502615839,0.02569452502615839,0.484375,-0.0015269535324477755,0.0014253602930693467,64
final_prompt,25,16,-1.1624811975239405e-06,-0.025678192023869225,0.025678192023869225,0.5,4.1116377360598e-06,-6.4366001311076825e-06,64
response_mean,7,22,3.4224390446977047e-05,0.025660557157809377,0.025660557157809377,0.515625,-0.0003454161223999077,0.00041386490329386175,64
public_task_span,19,2,2.2910228381081884e-05,0.025624195579585805,0.025624195579585805,0.5,0.00025032694293257657,-0.00020450648617041287,64
response_first,29,26,7.714744606346851e-05,0.02562264213725196,0.02562264213725196,0.515625,-0.0009305161020165285,0.0010848109941434655,64
public_task_span,22,22,5.434163909967538e-07,0.025598089658998974,0.025598089658998974,0.515625,1.2375458346980395e-06,-1.5071305270453195e-07,64
post_selector,23,8,-3.19607170240359e-05,-0.025585117052284872,0.025585117052284872,0.421875,0.0005379050717237813,-0.0006018265057718532,64
response_first,35,2,-2.2596278768085135e-06,-0.025567220462968544,0.025567220462968544,0.484375,-1.563625733069569e-05,1.1117001577078668e-05,64
response_mean,19,16,1.0600429732221064e-05,0.025547701808684323,0.025547701808684323,0.5,-3.652488840088814e-05,5.772574786533027e-05,64
response_mean,35,1,-6.312688469733984e-07,-0.025516252361041183,0.025516252361041183,0.484375,-2.350157387809304e-06,1.0876196938625071e-06,64
response_first,14,26,-2.5513430106383117e-06,-0.025461843135029565,0.025461843135029565,0.5,1.656677448557744e-05,-2.1669460506854064e-05,64
post_selector,3,16,-0.00037049045204184527,-0.025454651273240425,0.025454651273240425,0.5,-0.004381763195851797,0.0036407822917681066,64
response_first,35,23,2.082479204545892e-05,0.025451460340965848,0.025451460340965848,0.5,0.00017067187764041453,-0.00012902229354949668,64
response_mean,18,22,3.1409307212009206e-05,0.025445712014476953,0.025445712014476953,0.5,0.0003893245357175906,-0.0003265059212935722,64
response_first,26,5,-2.9685835123416382e-08,-0.02544533496035228,0.02544533496035228,0.5,4.479373227894712e-08,-1.0416540252577988e-07,64
public_task_span,16,16,-1.8280904896526343e-05,-0.025427244568965862,0.025427244568965862,0.5,-9.772608882486155e-05,6.116427903180882e-05,64
post_selector,9,29,-0.00010433447869217526,-0.025417618476593854,0.025417618476593854,0.453125,0.0014511939616568157,-0.0016598629190411663,64
response_first,31,8,5.6252342801587e-06,0.025414218060850535,0.025414218060850535,0.5,-0.0001010909300020879,0.00011234139856240529,64
final_prompt,20,26,-1.2635492510071344e-06,-0.02540531090921759,0.02540531090921759,0.5,-6.304399761347668e-06,3.7773012593333988e-06,64
final_prompt,20,18,7.575168098126003e-06,0.02539751759579932,0.02539751759579932,0.5,-6.715571657885728e-06,2.1865907854137734e-05,64
post_selector,22,13,3.61749625881239e-05,0.02539435783477862,0.02539435783477862,0.484375,-0.000791490565461546,0.0008638404906377938,64
final_prompt,34,1,-5.8437160078031305e-05,-0.025377651153788948,0.025377651153788948,0.5,-0.0005097904922877217,0.00039291617213165934,64
response_mean,20,2,6.461966188453339e-05,0.025365599412417845,0.025365599412417845,0.515625,0.0004994542664462506,-0.0003702149426771838,64
response_mean,27,14,3.338045758027766e-05,0.025315313523099115,0.025315313523099115,0.515625,-0.0005692623226422963,0.0006360232378028517,64
post_selector,14,8,3.463220218691091e-05,0.025314345323959705,0.025314345323959705,0.484375,0.00041736023194970454,-0.0003480958275758828,64
public_task_span,7,3,-1.1107220416310123e-05,-0.025308295442252205,0.025308295442252205,0.484375,-6.354131346597802e-05,4.132687263335776e-05,64
response_first,35,9,-1.7865760128190696e-05,-0.025288040812224997,0.025288040812224997,0.5,-0.00029800729589623534,0.00026227577563985396,64
post_selector,33,5,2.2763400011180113e-05,0.025235200059111826,0.025235200059111826,0.4375,-0.0004371447230368841,0.00048267152305924425,64
response_first,24,0,4.412930394437353e-07,0.02522344235922596,0.02522344235922596,0.515625,-5.542662151469813e-06,6.425248230357283e-06,64
response_first,27,19,6.179853357936831e-06,0.025185570759453952,0.025185570759453952,0.53125,-0.0001517594030246717,0.00016411910974054535,64
final_prompt,26,12,-3.44615011727106e-06,-0.025181932884367212,0.025181932884367212,0.515625,-8.111775127870788e-05,7.422545104416578e-05,64
public_task_span,25,2,-9.668893312662508e-07,-0.025089046298121424,0.025089046298121424,0.5,-1.3016757748119209e-05,1.1082979085586707e-05,64
public_task_span,8,9,-2.462182123962085e-06,-0.02508743495204656,0.02508743495204656,0.5,3.589824018489319e-05,-4.0822604432817365e-05,64
public_task_span,23,6,-1.5698647075608404e-06,-0.025077798327473654,0.025077798327473654,0.5,-3.357261334712786e-05,3.0432883932006176e-05,64
public_task_span,26,26,1.3777627600578254e-05,0.025043066680644935,0.025043066680644935,0.515625,-0.00023780683204675286,0.0002653620872479093,64
public_task_span,16,21,2.626409553844287e-06,0.025026274656986706,0.025026274656986706,0.5,-2.4933724830580458e-05,3.0186543938269032e-05,64
response_first,16,22,2.04583844976014e-07,0.024982134695626424,0.024982134695626424,0.515625,2.884761087784682e-07,1.2069158117355983e-07,64
post_selector,8,17,7.626049045939223e-05,0.024958971726031648,0.024958971726031648,0.515625,0.0002160274088964875,-6.350642797770323e-05,64
public_task_span,33,13,-1.9022450487678114e-05,-0.02491931232961702,0.02491931232961702,0.5,-0.0004164286337981812,0.00037838373282282503,64
final_prompt,35,12,3.367409226484533e-05,0.024899308638693607,0.024899308638693607,0.5,-0.0001928326346387563,0.0002601808191684469,64
response_first,11,22,-1.0681422310197522e-05,-0.024896167430886677,0.024896167430886677,0.5,-0.00012779431216358112,0.00010643146754318609,64
response_mean,30,13,8.340729067417552e-07,0.024867758220576363,0.024867758220576363,0.515625,-6.109902244587305e-06,7.778048058070816e-06,64
post_selector,34,21,-0.00013958745512354873,-0.024849968528383636,0.024849968528383636,0.53125,-0.0014764407751499784,0.0011972658649028805,64
response_first,21,23,-6.126805487837993e-06,-0.024837768219014036,0.024837768219014036,0.5,-0.00013718118782433389,0.0001249275768486579,64
post_selector,30,1,1.1663410759855806e-05,0.024758663383163716,0.024758663383163716,0.625,-5.721394609282171e-05,8.054076761253334e-05,64
response_first,25,9,3.0962942076976944e-06,0.024710565771030223,0.024710565771030223,0.59375,-1.6877696992869075e-05,2.307028540826446e-05,64
response_mean,18,3,1.8007995521422184e-06,0.024698288607405926,0.024698288607405926,0.5,1.3761887231562659e-05,-1.0160288127278224e-05,64
public_task_span,17,28,-2.6799366423791854e-06,-0.024690776538941528,0.024690776538941528,0.5,3.909417046082638e-06,-9.269290330841005e-06,64
response_mean,17,2,3.4932917287740616e-06,0.024674555301548898,0.024674555301548898,0.515625,3.1045172022457285e-05,-2.4058588564909157e-05,64
final_prompt,20,20,1.7761666413249507e-06,0.024670288404398905,0.024670288404398905,0.5,-1.9063062779865728e-05,2.261539606251563e-05,64
final_prompt,27,29,6.046251382940424e-05,0.024634617994540423,0.024634617994540423,0.5,-0.0007615873073518716,0.00088251233501068,64
response_first,22,9,4.447574127657416e-06,0.024633875425500548,0.024633875425500548,0.5,-2.6354997999073267e-05,3.525014625438809e-05,64
response_first,10,30,-9.407877001867858e-07,-0.024615836610328946,0.024615836610328946,0.515625,-1.2505720675901134e-05,1.0624145275527561e-05,64
response_mean,19,22,1.1553551757969103e-05,0.02460756398006549,0.02460756398006549,0.515625,-8.916460592445226e-05,0.00011227170944039049,64
response_mean,7,19,3.7977721376552506e-06,0.02460400641032754,0.02460400641032754,0.5,-1.909317802528027e-05,2.6688722300590777e-05,64
final_prompt,31,26,2.0877269662377894e-05,0.02459119658542404,0.02459119658542404,0.484375,-0.0003098569059147735,0.0003516114452395293,64
final_prompt,27,31,3.936538269045512e-05,0.024575375318492323,0.024575375318492323,0.515625,-0.0005949928545305589,0.0006737236199114689,64
response_first,15,6,-3.4979026608539243e-07,-0.024574952155336158,0.024574952155336158,0.5,-4.0172615634048746e-07,-2.978543758302976e-07,64
public_task_span,12,9,-2.6431046535428653e-05,-0.024539323450783638,0.024539323450783638,0.484375,-0.00026797718783198626,0.000215115094761129,64
response_first,22,22,3.515344019430543e-06,0.02446198628829694,0.02446198628829694,0.5,-4.779409835008941e-05,5.48247863889505e-05,64
public_task_span,17,19,3.289703272457941e-05,0.024430031370266902,0.024430031370266902,0.515625,0.0001497558023402181,-8.39617368910592e-05,64
final_prompt,35,5,-1.3016711477554975e-06,-0.024425177444980243,0.024425177444980243,0.5,-2.3636148398505068e-05,2.1032806102994073e-05,64
response_first,22,13,-1.2259720847383753e-06,-0.024403532984764262,0.024403532984764262,0.5,-3.0834387757746996e-05,2.8382443588270242e-05,64
public_task_span,16,17,-9.811154541242059e-06,-0.02440339569830951,0.02440339569830951,0.484375,4.6169873257876456e-05,-6.579218234036058e-05,64
public_task_span,30,8,-1.0244194186272516e-05,-0.02439872924861797,0.02439872924861797,0.484375,-0.0001531630379076753,0.00013267464953513027,64
final_prompt,30,27,-6.817062239860297e-05,-0.024389234843954805,0.024389234843954805,0.515625,-0.0014661239802080434,0.0013297827354108375,64
public_task_span,32,10,-2.109119645865517e-05,-0.02438787319920711,0.02438787319920711,0.5,-0.00033862383224911926,0.00029644143933180893,64
response_mean,25,5,1.4626021993511293e-06,0.02435581206546725,0.02435581206546725,0.578125,1.2930559023489673e-06,1.632148496353293e-06,64
public_task_span,24,12,-1.810106255107636e-05,-0.024344286533393315,0.024344286533393315,0.5,-0.00021530546655412828,0.00017910334145197562,64
public_task_span,31,4,-2.0262559246471876e-05,-0.02432990864671129,0.02432990864671129,0.5,-0.00037917155077591563,0.0003386464322829719,64
final_prompt,22,1,1.2373756135279765e-06,0.024243046793888015,0.024243046793888015,0.5,-2.3896653829046534e-06,4.864416609960607e-06,64
response_first,14,6,2.1900999172432452e-05,0.02416485632375807,0.02416485632375807,0.5,-5.77984098981653e-05,0.00010160040824303023,64
response_first,10,7,7.406852455460324e-05,0.024147165463544715,0.024147165463544715,0.515625,-0.0010773929279821468,0.0012255299770913533,64
public_task_span,23,12,-8.847415870148036e-06,-0.024099612081689866,0.024099612081689866,0.515625,-6.779846080461204e-05,5.0103629064315976e-05,64
public_task_span,24,28,-1.7022274732882583e-05,-0.02409309976951683,0.02409309976951683,0.5,-0.00022027742670615522,0.00018623287724039007,64
response_first,34,23,3.51747374338629e-07,0.0239899953521372,0.0239899953521372,0.5,-1.6758883418788173e-06,2.3793830905560753e-06,64
final_prompt,31,12,5.095267397334556e-06,0.0239808282897707,0.0239808282897707,0.53125,6.259677184060774e-05,-5.240623704593862e-05,64
public_task_span,31,7,-1.412944880030386e-05,-0.023966716220556634,0.023966716220556634,0.5,-0.00025636402801862694,0.00022810513041801917,64
response_mean,19,30,3.25176420119511e-05,0.023964602054173507,0.023964602054173507,0.515625,0.0007692439448873951,-0.0007042086608634928,64
response_first,24,19,1.1128572463547193e-06,0.0239204458278511,0.0239204458278511,0.515625,-3.356707075850471e-06,5.5824215685599095e-06,64
response_first,21,31,-1.2489075285046184e-06,-0.023905662666607985,0.023905662666607985,0.484375,-1.609937267587813e-05,1.3601557618868891e-05,64
final_prompt,35,16,-1.6734093151188632e-06,-0.023903831733215322,0.023903831733215322,0.46875,2.448227064632458e-05,-2.7829089276562306e-05,64
response_first,31,31,6.624845525488162e-06,0.023882413074641548,0.023882413074641548,0.5,-0.00017742312058996424,0.00019067281164094054,64
post_selector,2,17,-0.00013748674246017497,-0.023850627080873744,0.023850627080873744,0.5625,-0.0009989451791625565,0.0007239716942422064,64
response_first,31,7,4.026146143589724e-06,0.02381891898580589,0.02381891898580589,0.5,-8.74902434588678e-05,9.554253574604726e-05,64
final_prompt,33,29,1.6415325262641993e-05,0.023797069134861373,0.023797069134861373,0.515625,-9.296650023315028e-05,0.00012579715075843428,64
response_first,10,0,-7.427389761005543e-07,-0.02369479075344108,0.02369479075344108,0.5,1.1921714360596525e-05,-1.3407192312797633e-05,64
public_task_span,0,10,0.00013530741853174215,0.023652785094745797,0.023652785094745797,0.5,0.00029783288482575926,-2.721804776227517e-05,64
public_task_span,27,13,-4.484793862502342e-05,-0.023638157760785976,0.023638157760785976,0.5,-0.0012788530766556156,0.0011891571994055686,64
public_task_span,31,14,-2.2102096238541793e-05,-0.02363517161312081,0.02363517161312081,0.5,-0.0003470737976840493,0.0003028696052069657,64
response_first,30,15,1.5866124698478914e-06,0.0235901127320083,0.0235901127320083,0.5,1.4306775653946784e-05,-1.1133550714251003e-05,64
response_mean,8,5,1.7550075980920225e-05,0.02357554460123841,0.02357554460123841,0.5,-7.4200351321159834e-06,4.2520187093956436e-05,64
post_selector,16,3,1.5454888171007855e-05,0.023550831145979743,0.023550831145979743,0.453125,0.00029650656779266096,-0.00026559679145064525,64
post_selector,15,26,6.577602846391745e-06,0.023539694031508743,0.023539694031508743,0.5,2.494779005246578e-05,-1.1792584359682294e-05,64
response_first,9,12,3.1219367883750685e-05,0.023468478521207925,0.023468478521207925,0.5,-0.0004442309818841536,0.000506669717651655,64
response_mean,18,1,1.2991781886737208e-05,0.02346482929423353,0.02346482929423353,0.46875,0.00028533710519693036,-0.0002593535414234559,64
post_selector,5,22,0.0001316714647145909,0.023433210820146648,0.023433210820146648,0.53125,0.0018021814366875125,-0.0015388385072583304,64
response_mean,17,28,5.117068724302951e-07,0.023425912426458084,0.023425912426458084,0.53125,3.225413621521511e-06,-2.2019998766609206e-06,64
response_first,30,13,1.1237785315629088e-06,0.023401876413286143,0.023401876413286143,0.5,-4.988483652822936e-06,7.236040715948753e-06,64
response_first,34,31,4.21075287703966e-06,0.02338065771268377,0.02338065771268377,0.546875,-9.526369774447469e-05,0.00010368520349855402,64
response_first,13,31,-6.067501544754009e-06,-0.02336527532431936,0.02336527532431936,0.5,-3.2017355579226764e-05,1.9882352489718732e-05,64
response_mean,23,3,-1.3907440177265522e-06,-0.023351053357230266,0.023351053357230266,0.5,8.165519091105275e-06,-1.0947007126558379e-05,64
final_prompt,30,22,-2.9569387152181414e-06,-0.023338951686769183,0.023338951686769183,0.5,-3.67752002148228e-05,3.086132278438652e-05,64
response_mean,35,20,1.2918800621259706e-05,0.02333566198565496,0.02333566198565496,0.5,-0.00017632947674426838,0.00020216707798678774,64
public_task_span,33,16,-2.8880229365311393e-05,-0.023284375184586616,0.023284375184586616,0.5,-0.000794976010183723,0.0007372155514531002,64
response_mean,19,13,7.944895514811249e-05,0.02325951042885597,0.02325951042885597,0.515625,0.001533343174742163,-0.001374445264445938,64
response_mean,18,15,5.727309194014776e-05,0.023258330638006877,0.023258330638006877,0.5,-0.00063465840511865,0.0007492045889989454,64
post_selector,10,21,-2.8734635634470344e-05,-0.023234771791377454,0.023234771791377454,0.5625,0.0002922302228398469,-0.00034969949410878755,64
final_prompt,28,31,-1.3141764441123968e-06,-0.023229979900362276,0.023229979900362276,0.484375,-3.259229401891174e-07,-2.3024299480356745e-06,64
response_mean,35,13,2.7676016998131088e-06,0.023224127608907907,0.023224127608907907,0.5,8.914527370506255e-06,-3.3793239708800345e-06,64
final_prompt,25,28,1.9612435608000166e-05,0.023195933278920177,0.023195933278920177,0.515625,-0.0002554704460635536,0.00029469531727955396,64
response_first,33,4,4.966728965884029e-06,0.02318489675933549,0.02318489675933549,0.53125,-4.6099501560088174e-05,5.6032959491856235e-05,64
response_first,12,13,-3.052323376095904e-05,-0.023177237128165804,0.023177237128165804,0.5,-8.631660477932753e-05,2.5270137257409384e-05,64
final_prompt,24,27,6.814858170400778e-05,0.023168102467380245,0.023168102467380245,0.5,-0.0007119415058696064,0.0008482386692776218,64
public_task_span,8,17,-5.886144606388859e-06,-0.023149786866340033,0.023149786866340033,0.5,4.963117851275771e-05,-6.140346772553543e-05,64
public_task_span,25,6,-1.835797604598151e-06,-0.02311951369575685,0.02311951369575685,0.484375,-2.439935815344889e-05,2.072776294425259e-05,64
response_first,35,27,1.5744249139979265e-06,0.02307594366597221,0.02307594366597221,0.484375,-1.901255564006761e-05,2.2161405468063462e-05,64
response_first,11,14,-1.9329363681205015e-05,-0.023051918864294182,0.023051918864294182,0.484375,-0.00034452581871844383,0.0003058670913560338,64
response_mean,32,17,-1.910733772092049e-06,-0.023027313875358436,0.023027313875358436,0.5,-5.049717935888518e-05,4.667571181470109e-05,64
response_mean,25,0,3.009488693805906e-07,0.023007488541310402,0.023007488541310402,0.5,-4.410525406228771e-06,5.0124231449899526e-06,64
public_task_span,0,16,3.975505023845936e-05,0.02298407112268297,0.02298407112268297,0.5,0.0006528223384520812,-0.0005733122379751624,64
final_prompt,20,3,2.3855580820954586e-05,0.02296486645235982,0.02296486645235982,0.5,0.0004036688337691639,-0.0003559576721272546,64
response_first,27,10,-6.872552162917659e-07,-0.022964777832604078,0.022964777832604078,0.515625,-1.2414045087893151e-05,1.103953465530962e-05,64
public_task_span,24,14,-2.4619162559246882e-05,-0.022962721137663844,0.022962721137663844,0.5,-0.0004451625827641561,0.00039592425764566226,64
response_first,28,15,7.66940075891398e-07,0.022929793215937966,0.022929793215937966,0.546875,-1.2898432260044501e-05,1.4432312411827297e-05,64
final_prompt,21,23,-9.209783797814455e-07,-0.022881915545849844,0.022881915545849844,0.5,-1.8355528595748183e-05,1.6513571836185292e-05,64
final_prompt,33,17,4.2660635699575e-05,0.022877206243325003,0.022877206243325003,0.5,-0.0007477264325643625,0.0008330477039635124,64
response_first,32,8,1.307155525865005e-05,0.022856008093205392,0.022856008093205392,0.5,-0.0003458253372627594,0.00037196844778005953,64
public_task_span,16,18,-1.8370270936428395e-05,-0.022851577897815188,0.022851577897815188,0.5,0.00018360657031734077,-0.00022034711219019759,64
response_first,17,9,-1.1104334873826154e-06,-0.022844608997726647,0.022844608997726647,0.5,-8.774200296100021e-06,6.55333332133479e-06,64
response_first,12,30,3.0725947341991855e-08,0.022832375550084768,0.022832375550084768,0.5,-4.7300185102017167e-07,5.344537457041554e-07,64
response_first,15,14,9.967979464065027e-08,0.022818939283376704,0.022818939283376704,0.5,2.066865422811759e-06,-1.8675058335304584e-06,64
response_mean,33,3,6.056873417035363e-06,0.02279195819979371,0.02279195819979371,0.5,-7.939555689517324e-05,9.150930372924395e-05,64
public_task_span,31,9,-1.1844957953144927e-05,-0.022759120529663536,0.022759120529663536,0.5,-0.0002559611593823992,0.00023227124347610932,64
post_selector,9,21,-1.6245388906099562e-05,-0.022754487493373294,0.022754487493373294,0.4375,7.85093834565421e-05,-0.00011100016126874124,64
public_task_span,8,21,-1.2433078609321961e-05,-0.02269837968828389,0.02269837968828389,0.46875,-0.0002106849569827176,0.00018581879976407363,64
response_mean,20,6,9.729633347885704e-06,0.02269562605427185,0.02269562605427185,0.5,-0.00021762175356341865,0.0002370810202591901,64
response_first,14,1,-5.338307005331444e-07,-0.02268653657785449,0.02268653657785449,0.5,1.266225808649324e-07,-1.1942839819312212e-06,64
response_first,20,25,1.8202321712140061e-06,0.022680644057890824,0.022680644057890824,0.5,-9.744823273645015e-06,1.3385287616073027e-05,64
response_first,23,0,6.832510592857943e-07,0.02267506386697007,0.02267506386697007,0.546875,2.302809804177741e-06,-9.363076856061525e-07,64
final_prompt,20,28,3.227695378882285e-05,0.022644936862771952,0.022644936862771952,0.515625,3.436800943746213e-05,3.018589814018364e-05,64
public_task_span,18,15,1.4552790560174652e-05,0.022614499771698465,0.022614499771698465,0.53125,-0.0001717892818078169,0.00020089486292816617,64
response_first,27,28,2.8829572784164064e-05,0.022596622382485308,0.022596622382485308,0.5,-0.0002822925735017562,0.00033995171907008436,64
public_task_span,26,17,-1.2292885458003879e-05,-0.022525882049194472,0.022525882049194472,0.5,-0.00023148310674513432,0.00020689733582912655,64
response_first,30,19,-2.57219647892151e-06,-0.0224776357965469,0.0224776357965469,0.5,-1.6344402411047208e-05,1.1200009453204191e-05,64
public_task_span,32,7,-2.9902398523512448e-05,-0.022454155220818055,0.022454155220818055,0.5,-0.0007156542437769288,0.0006558494467299038,64
post_selector,3,28,0.00013517219682057907,0.022442970169581817,0.022442970169581817,0.421875,0.0018161625172865522,-0.0015458181236453936,64
response_first,31,11,-8.310229873129937e-06,-0.02242671221248128,0.02242671221248128,0.5,-0.0001595160779288364,0.00014289561818257653,64
response_first,11,7,1.944912980888713e-06,0.0224136948376332,0.0224136948376332,0.515625,-1.7327956356892122e-05,2.1217782318669552e-05,64
public_task_span,35,27,2.2629859813598205e-05,0.02240777722413964,0.02240777722413964,0.5,-0.0004754024139401526,0.000520662133567349,64
final_prompt,18,28,9.215463614964094e-05,0.02240221462572259,0.02240221462572259,0.5,-2.557255356806158e-06,0.00018686652765608793,64
response_first,22,23,-4.984850185962841e-07,-0.02239287207946114,0.02239287207946114,0.515625,-5.459452069089821e-06,4.4624820318972525e-06,64
public_task_span,23,24,4.997092901245709e-06,0.022382063724324774,0.022382063724324774,0.5,5.5606155456168144e-05,-4.561196965367673e-05,64
final_prompt,19,15,6.205392310217738e-06,0.02235295932764768,0.02235295932764768,0.515625,2.9871366677968573e-05,-1.746058205753307e-05,64
public_task_span,24,30,-6.627975693625262e-06,-0.02233964134992682,0.02233964134992682,0.5,-2.6270819716954102e-05,1.3014868329703584e-05,64
response_first,24,2,4.41788904481547e-06,0.022294003423243433,0.022294003423243433,0.5,-0.00011685292884065624,0.00012568870693028717,64
final_prompt,35,3,2.9731536415037106e-06,0.022279514366453982,0.022279514366453982,0.53125,-6.560367182806463e-08,6.011910954835481e-06,64
post_selector,30,23,-2.5843979528865645e-05,-0.022273933644558912,0.022273933644558912,0.5,-0.000189472399142675,0.00013778444008494378,64
response_mean,20,27,5.238012818153107e-06,0.02225863273859906,0.02225863273859906,0.515625,-2.7252528980161915e-05,3.772855461646814e-05,64
final_prompt,31,23,2.8153440894122477e-06,0.022238871537434892,0.022238871537434892,0.515625,6.107359922678298e-06,-4.7667174385380044e-07,64
final_prompt,28,15,-4.5470937948285585e-06,-0.022217916210950817,0.022217916210950817,0.515625,-9.920421234708942e-05,9.01100247574323e-05,64
response_first,28,8,6.748844754156402e-05,0.022217362060912352,0.022217362060912352,0.5,0.0008893698660585863,-0.0007543929709754582,64
response_first,35,4,8.867811516211077e-07,0.0221946215401102,0.0221946215401102,0.5,-1.8049400978270569e-06,3.5785024010692723e-06,64
public_task_span,13,26,-1.1057463780164476e-05,-0.02217235040919153,0.02217235040919153,0.5,-3.773432217712413e-05,1.561939461679518e-05,64
response_first,2,28,-9.258394629795794e-05,-0.0221245708372233,0.0221245708372233,0.5,0.0008232425925598548,-0.0010084104851557705,64
post_selector,10,9,-6.883023525006463e-05,-0.02207129200647294,0.02207129200647294,0.453125,-0.0003955280844820687,0.00025786761398193946,64
public_task_span,24,17,1.2274054711271007e-05,0.02205934195604049,0.02205934195604049,0.5,0.00011140612923553654,-8.68580198129945e-05,64
response_mean,29,1,4.2222420688624714e-05,0.022057877606399816,0.022057877606399816,0.5,-0.00013806018841931652,0.00022250502979656586,64
public_task_span,33,18,-3.5107176699962714e-05,-0.02203137782069236,0.02203137782069236,0.5,-0.00025531041137582427,0.00018509605797589892,64
response_mean,32,24,-7.02898319104861e-07,-0.02201935785770539,0.02201935785770539,0.5,8.10143973239974e-06,-9.507236370609462e-06,64
public_task_span,25,28,-1.1285716936981642e-05,-0.02199006255394258,0.02199006255394258,0.5,-0.00032958238807620846,0.00030701095420224513,64
post_selector,26,25,2.694474824237861e-05,0.02196050026083614,0.02196050026083614,0.5625,0.00013813684199701412,-8.424734551225696e-05,64
final_prompt,26,13,-4.1892434410315985e-06,-0.021949736749387893,0.021949736749387893,0.5,-0.00011737598379110946,0.00010899749690904625,64
public_task_span,10,3,-5.356248721000959e-06,-0.021918615826134896,0.021918615826134896,0.5,1.4727553434559075e-05,-2.5440050876560994e-05,64
public_task_span,22,6,1.755857920216094e-05,0.02191578631684379,0.02191578631684379,0.5,4.923930828227813e-05,-1.4122149877956249e-05,64
response_mean,18,11,-6.0404394957917215e-05,-0.021880291883544317,0.021880291883544317,0.515625,0.0016803650084966223,-0.0018011737984124567,64
final_prompt,1,31,2.7204114346090402e-05,0.021867195011986522,0.021867195011986522,0.5,-0.00042532328180299307,0.00047973151049517386,64
public_task_span,18,26,2.823320778588502e-05,0.021856839809226036,0.021856839809226036,0.5,-4.8620187953933184e-05,0.00010508660352570318,64
response_mean,22,19,5.531151856530414e-07,0.021850985996369428,0.021850985996369428,0.546875,-8.963202347445076e-06,1.0069432718751159e-05,64
public_task_span,5,29,-6.872934318380463e-05,-0.021796377851902773,0.021796377851902773,0.5,-0.0003971426358475342,0.00025968394947992505,64
public_task_span,20,1,8.906830885281661e-06,0.021770956242521927,0.021770956242521927,0.515625,2.694828594935244e-06,1.5118833175628059e-05,64
response_mean,17,24,2.7151796530227543e-05,0.02176642022060076,0.02176642022060076,0.53125,0.00012485094339353286,-7.054735033307777e-05,64
final_prompt,26,8,-1.676281433660165e-07,-0.021765528987160214,0.021765528987160214,0.484375,-2.886159821358092e-06,2.550903534626059e-06,64
public_task_span,22,4,5.241774488240718e-06,0.021756526642335676,0.021756526642335676,0.484375,4.994771484234136e-05,-3.946416586585992e-05,64
public_task_span,33,19,-2.939767455245574e-05,-0.02172627832492185,0.02172627832492185,0.5,-0.0006226552104635312,0.00056385986135862,64
response_first,15,13,1.6504226929558996e-07,0.02171859860632991,0.02171859860632991,0.5,3.2180726809993843e-06,-2.8879881424082043e-06,64
response_first,22,29,1.1591849897744244e-06,0.021703072846476507,0.021703072846476507,0.5,-1.1540824573329912e-05,1.3859194552878762e-05,64
response_mean,19,0,4.752325116896151e-05,0.021683412055990548,0.021683412055990548,0.5625,-4.6732698137935794e-05,0.00014177920047585884,64
response_first,34,16,3.497581019471505e-06,0.02168171850506902,0.02168171850506902,0.484375,-8.110889893941e-05,8.810406097835302e-05,64
final_prompt,33,7,2.507237894631274e-06,0.02167403928385282,0.02167403928385282,0.5,-2.0467758929498323e-05,2.548223471876087e-05,64
public_task_span,32,6,-1.632365308523552e-05,-0.02166935562253355,0.02166935562253355,0.5,-0.0004645060405436914,0.0004318587343732204,64
final_prompt,30,9,1.2976980883651076e-05,0.021648791556408854,0.021648791556408854,0.5,-2.4731585199328575e-05,5.0685546966630754e-05,64
final_prompt,31,28,-8.92660664248938e-05,-0.02164477081807726,0.02164477081807726,0.5,-0.0012751357244269374,0.00109660359157715,64
response_first,20,24,-1.8065356854890524e-07,-0.021640371055538635,0.021640371055538635,0.5,-3.483663881809207e-07,-1.2940748916889735e-08,64
response_first,14,19,-3.386612888789645e-06,-0.02160792891479074,0.02160792891479074,0.5,-6.43890948594948e-05,5.761586908191551e-05,64
response_first,3,15,-1.5892215401437968e-05,-0.021597864069002038,0.021597864069002038,0.484375,-0.00016861376820996143,0.00013682933740708552,64
response_first,11,27,-3.1202936838742164e-06,-0.021585515501149517,0.021585515501149517,0.515625,2.4657681649385816e-05,-3.089826901713425e-05,64
public_task_span,32,11,-2.013853372773178e-05,-0.021506764487746098,0.021506764487746098,0.5,-0.0005025049576942995,0.00046222789023883594,64
final_prompt,27,25,-7.008973261690784e-05,-0.021494696751646235,0.021494696751646235,0.5,-0.00048782294470583744,0.000347643479472022,64
response_first,11,30,-1.1334135052717174e-06,-0.02142554481171958,0.02142554481171958,0.5,-9.403971517937546e-06,7.13714450739411e-06,64
response_first,11,19,-3.5514266585319074e-06,-0.02141654658669267,0.02141654658669267,0.5,-1.6097242735211134e-05,8.994389418147325e-06,64
response_first,34,10,6.569348158791398e-07,0.021416316575310408,0.021416316575310408,0.5,-7.897412103829993e-06,9.211281735588273e-06,64
final_prompt,22,15,-1.51929934872822e-05,-0.021370366757760398,0.021370366757760398,0.515625,-0.00022707050447932507,0.0001966845175047607,64
public_task_span,13,19,-1.3492216339726785e-05,-0.02131879994231815,0.02131879994231815,0.5,-1.08237495623915e-05,-1.6160683117062057e-05,64
response_first,19,20,1.5550120053825436e-06,0.02125146778689653,0.02125146778689653,0.515625,1.4769357875359025e-05,-1.1659333864593942e-05,64
public_task_span,33,28,-1.272018062081887e-05,-0.021238553813220422,0.021238553813220422,0.484375,-0.00032269065241051747,0.0002972502911688797,64
public_task_span,16,19,-1.0208043249798607e-05,-0.021144151944322287,0.021144151944322287,0.484375,-0.00010776217095552849,8.734608445593129e-05,64
response_first,33,2,1.0890005910361232e-06,0.021113808354843718,0.021113808354843718,0.5,-8.49870150432198e-06,1.0676702686394227e-05,64
response_first,27,20,5.363142236097357e-06,0.02110399601941999,0.02110399601941999,0.484375,-6.280087086451243e-05,7.352715533670715e-05,64
post_selector,29,20,-4.710850248552653e-06,-0.021103044742405295,0.021103044742405295,0.484375,-5.299898907649594e-05,4.357728857939064e-05,64
final_prompt,19,26,1.0435776545131543e-06,0.021085206228880042,0.021085206228880042,0.5,-2.1430789246320015e-05,2.3517944555346324e-05,64
public_task_span,28,16,-5.851236210216767e-06,-0.02106567296506714,0.02106567296506714,0.5,-0.0001873428172984534,0.00017564034487801985,64
public_task_span,12,0,3.498087608021737e-06,0.021041328744871145,0.021041328744871145,0.5,-2.3173786757976608e-05,3.0169961974020087e-05,64
response_first,12,4,-3.7627711435587248e-06,-0.020991897244747756,0.020991897244747756,0.484375,-4.921850722893751e-05,4.1692964941820064e-05,64
public_task_span,34,31,-9.466134201830062e-06,-0.020965422787814995,0.020965422787814995,0.484375,-0.00021753983583037547,0.00019860756742671537,64
post_selector,1,20,-0.00018509366054787041,-0.02092595761489389,0.02092595761489389,0.515625,0.004544629045994935,-0.004914816367090675,64
public_task_span,9,10,-3.86044351330374e-06,-0.02089001519914234,0.02089001519914234,0.5,-3.162449303317853e-05,2.3903606006571054e-05,64
public_task_span,19,26,7.568487319529649e-06,0.020889183455086745,0.020889183455086745,0.5,-0.0001126439597101015,0.00012778093434916079,64
final_prompt,33,9,1.862497219917858e-05,0.020878724849352878,0.020878724849352878,0.5,-0.0001895825121209651,0.00022683245651932224,64
final_prompt,32,23,-1.4736722278051795e-06,-0.020874764291032202,0.020874764291032202,0.484375,1.4346994817055732e-05,-1.729433927266609e-05,64
public_task_span,16,27,3.4140203979380043e-06,0.02087223159865634,0.02087223159865634,0.5,-1.5249962416414908e-05,2.2078003212290918e-05,64
response_first,17,19,2.9349889700793097e-06,0.020858995583606942,0.020858995583606942,0.53125,-4.508998802065888e-05,5.095996596081749e-05,64
final_prompt,27,9,-4.185783564026024e-05,-0.020857417764768436,0.020857417764768436,0.5,-0.0005827317545481424,0.0004990160832676219,64
public_task_span,31,13,-2.5960945663431773e-05,-0.020844066689997887,0.020844066689997887,0.515625,-0.0006650863051618034,0.0006131644138349399,64
final_prompt,24,2,-2.386975552324188e-06,-0.02082648562511858,0.02082648562511858,0.5,-7.108708484790903e-05,6.631313374326066e-05,64
response_mean,17,6,7.890773645154078e-06,0.020807504424335578,0.020807504424335578,0.515625,-6.564364480255222e-05,8.142519209286038e-05,64
public_task_span,29,5,-8.33261071874752e-06,-0.020800746302965623,0.020800746302965623,0.5,-0.0002556476335939497,0.00023898241215645466,64
public_task_span,9,27,-8.28357315185405e-06,-0.020792601347161117,0.020792601347161117,0.484375,-1.3880873666495106e-05,-2.6862726372130014e-06,64
response_first,31,30,2.493554757165942e-05,0.020780309313444302,0.020780309313444302,0.546875,-0.0008315711975228359,0.0008814422926661548,64
public_task_span,20,17,1.274759534908085e-05,0.020764014239030338,0.020764014239030338,0.5,0.0001862320611962673,-0.00016073687049810562,64
public_task_span,17,15,6.127281608314261e-06,0.020721586617316674,0.020721586617316674,0.5,-6.068623383725466e-05,7.29407970538832e-05,64
final_prompt,34,7,2.805944313877344e-05,0.02072147390931659,0.02072147390931659,0.5,-0.00036993404864914996,0.00042605293492669683,64
response_mean,30,14,2.2997055992846072e-07,0.02070788872483954,0.02070788872483954,0.5,-2.0267093958636906e-06,2.486650515720612e-06,64
public_task_span,7,25,-4.552955715549281e-06,-0.020705170180006578,0.020705170180006578,0.484375,-4.1326071368528035e-05,3.222015993742947e-05,64
response_mean,27,4,1.0130168789142324e-05,0.02064921947633801,0.02064921947633801,0.5,-0.00018495788140170447,0.00020521821897998913,64
public_task_span,16,22,1.602426635825885e-06,0.020646882623634268,0.020646882623634268,0.5,-2.3159678505634896e-05,2.636453177728666e-05,64
response_first,16,16,1.5537828801378159e-06,0.020616155646751923,0.020616155646751923,0.5,1.1037958188352635e-05,-7.930392428077003e-06,64
public_task_span,22,9,1.3341857084018893e-05,0.020604840092735412,0.020604840092735412,0.5,-6.98075291437385e-06,3.366446708241168e-05,64
response_mean,20,22,-1.6787329002444563e-06,-0.020594956987825007,0.020594956987825007,0.5,-3.8211548144311805e-05,3.48540823438229e-05,64
response_first,35,1,-8.645657487704739e-07,-0.020569312419263516,0.020569312419263516,0.5,-7.815139156264195e-06,6.086007658723247e-06,64
public_task_span,28,2,-1.0817897646122216e-05,-0.020568602563192522,0.020568602563192522,0.484375,-0.0003192093745383069,0.0002975735792460625,64
public_task_span,12,23,-1.820005581976159e-05,-0.02051338456836759,0.02051338456836759,0.484375,-0.00027479676100482746,0.00023839664936530424,64
response_first,30,28,-3.942875324014494e-07,-0.020463830351256936,0.020463830351256936,0.5,-5.4280466201817035e-06,4.639471555378805e-06,64
response_first,8,17,2.3061289766702926e-06,0.020461962772575816,0.020461962772575816,0.515625,1.0732272983205375e-05,-6.120015029864789e-06,64
response_mean,17,27,3.04521095131339e-05,0.020443256760523085,0.020443256760523085,0.515625,-0.0002686015568542418,0.00032950577588050954,64
public_task_span,21,7,5.287685382882046e-07,0.020442736993846675,0.020442736993846675,0.5,-6.487569351065758e-06,7.5451064276421675e-06,64
response_first,35,25,6.585439859918619e-05,0.02042960193305363,0.02042960193305363,0.515625,-6.0109978221582517e-05,0.00019181877541995498,64
post_selector,15,2,-4.854554572374766e-05,-0.02042729962017817,0.02042729962017817,0.453125,0.0005881178731215219,-0.0006852089645690172,64
public_task_span,17,29,-8.26317386781515e-06,-0.02041527237979681,0.02041527237979681,0.5,-0.00013629580416817208,0.00011976945643254181,64
post_selector,23,15,2.6346913102771625e-05,0.02040973415417399,0.02040973415417399,0.53125,0.00038853319847474596,-0.00033583937226920265,64
public_task_span,33,17,-2.521115402487116e-05,-0.02039870322066486,0.02039870322066486,0.484375,-0.0008102813599179701,0.0007598590518682279,64
public_task_span,24,10,3.1458348530541217e-06,0.020393108458586093,0.020393108458586093,0.5,2.2630660168935152e-05,-1.6338990462826907e-05,64
public_task_span,15,27,-4.742524083668511e-06,-0.020303826965064976,0.020303826965064976,0.5,-6.567826835634366e-05,5.619322018900663e-05,64
final_prompt,29,31,2.4185296751976018e-06,0.02029662003583633,0.02029662003583633,0.515625,-1.4517925137617249e-05,1.9354984488012452e-05,64
response_mean,19,26,1.799315054995644e-05,0.020293340211074973,0.020293340211074973,0.5,-0.0002792013228827128,0.0003151876239826257,64
public_task_span,0,17,4.798317604582023e-05,0.02019947758924755,0.02019947758924755,0.5,0.0012801050615962404,-0.0011841387095046,64
response_first,25,12,-8.856874522678027e-08,-0.020172187768924835,0.020172187768924835,0.515625,3.1019319024494507e-07,-4.873306806985056e-07,64
public_task_span,6,20,-2.4284466690003144e-05,-0.020140307133003084,0.020140307133003084,0.5,0.00010005296735469995,-0.00014862190073470626,64
final_prompt,14,31,2.0706405621214706e-06,0.020134363835879406,0.020134363835879406,0.515625,-3.290987433501848e-05,3.7051155459261425e-05,64
response_first,31,29,1.3688090803041073e-05,0.02013015733878871,0.02013015733878871,0.53125,-0.0003793410933212512,0.0004067172749273334,64
response_first,32,24,-7.452433834487238e-07,-0.020109728155660662,0.020109728155660662,0.5,8.338220226278281e-06,-9.828706993175729e-06,64
response_first,9,16,-1.1905194128317698e-06,-0.02010822910271445,0.02010822910271445,0.5,-2.31959726875134e-05,2.0814933861849857e-05,64
response_first,19,28,2.9158162817589426e-06,0.020099842229058976,0.020099842229058976,0.5,2.2796056242665947e-05,-1.6964423679148055e-05,64
final_prompt,26,9,2.56471032855643e-07,0.020085485868951265,0.020085485868951265,0.5,1.183870978138657e-06,-6.70928912427371e-07,64
post_selector,33,3,-2.8651009415620065e-05,-0.020054105646413963,0.020054105646413963,0.5,-9.400869294038744e-05,3.670667410914745e-05,64
response_first,29,22,-2.60784815964288e-06,-0.020043567201137296,0.020043567201137296,0.5,-4.353764052211398e-05,3.8321944202828216e-05,64
response_first,12,11,1.1271262110310731e-05,0.020040325079432566,0.020040325079432566,0.515625,-8.857123020788016e-05,0.00011111375442850162,64
response_first,9,11,1.220732826824907e-06,0.020038524999975802,0.020038524999975802,0.5,-2.5373845943470488e-05,2.7815311597120302e-05,64
public_task_span,34,2,-3.2123271012101816e-05,-0.020036571689574255,0.020036571689574255,0.5,-0.0008492419729009058,0.0007849954308767021,64
response_mean,18,12,7.863940027167068e-06,0.02002823485049509,0.02002823485049509,0.5,5.892468379872692e-07,1.51386332163469e-05,64
public_task_span,16,3,1.8357741964787106e-05,0.020023829349257012,0.020023829349257012,0.515625,7.028803065621852e-05,-3.357254672664434e-05,64
response_first,23,20,1.0405855732635097e-06,0.020019408439453417,0.020019408439453417,0.515625,2.1521950657180986e-06,-7.10239191910795e-08,64
public_task_span,11,14,-2.3984063318491973e-05,-0.01997963977702775,0.01997963977702775,0.5,0.00011913064281544046,-0.00016709876945242443,64
final_prompt,18,17,1.6487941305573188e-06,0.01997237135607851,0.01997237135607851,0.5,1.4481773090928406e-05,-1.1184184829813764e-05,64
response_first,29,17,2.3282635197579053e-06,0.019941107077765027,0.019941107077765027,0.5,-4.959502791733336e-05,5.425155495684917e-05,64
response_mean,21,12,1.3134867231202297e-05,0.019925341479489912,0.019925341479489912,0.484375,0.00018705358388613675,-0.00016078384942373215,64
public_task_span,31,20,-1.2865116559623227e-05,-0.019923666832951274,0.019923666832951274,0.5,-0.00013949145522927392,0.00011376122211002751,64
final_prompt,26,1,3.6254716178515664e-05,0.019914566775002293,0.019914566775002293,0.5,-0.00022568841086468438,0.0002981978432217156,64
response_first,23,3,5.652673991107804e-07,0.01989533959356649,0.01989533959356649,0.5,-2.4473976623085036e-06,3.5779324605300644e-06,64
final_prompt,35,6,-2.3082331495032867e-06,-0.019861728029671046,0.019861728029671046,0.5,-2.487744040990552e-05,2.0260974110898948e-05,64
response_first,19,18,2.582117968330522e-07,0.01985662194259522,0.01985662194259522,0.5,-6.398467213841741e-07,1.1562703150502784e-06,64
final_prompt,28,30,-1.6555412116778891e-06,-0.019826288082807977,0.019826288082807977,0.484375,5.9727112784398516e-06,-9.28379370179563e-06,64
final_prompt,18,14,1.9108156266159396e-06,0.019815859195249228,0.019815859195249228,0.5,8.75581014269979e-06,-4.934178889467907e-06,64
final_prompt,29,28,8.108929847594482e-07,0.019806530649634797,0.019806530649634797,0.5,-5.2852966803129675e-06,6.907082649831864e-06,64
final_prompt,35,18,-6.802520147173102e-06,-0.019802241634819154,0.019802241634819154,0.515625,-6.687987661279435e-05,5.327483631844816e-05,64
public_task_span,25,1,-4.1978751141876096e-06,-0.01977909200611344,0.01977909200611344,0.5,-4.471284728423498e-05,3.631709705585978e-05,64
post_selector,7,5,-2.177043364781532e-05,-0.019769151338094815,0.019769151338094815,0.46875,0.00010125875337507874,-0.0001447996206707093,64
public_task_span,34,28,-1.8390232753523667e-05,-0.019764797650001217,0.019764797650001217,0.5,-0.00044559849857248897,0.0004088180330654417,64
public_task_span,8,4,-5.918840429329025e-06,-0.019750904919507477,0.019750904919507477,0.5,4.2225532979502854e-05,-5.406321383816092e-05,64
response_mean,30,31,-7.72966430419718e-07,-0.01973366164012371,0.01973366164012371,0.5,-1.1061322481963931e-05,9.515389621124495e-06,64
public_task_span,12,10,-3.640773093137788e-05,-0.019715300742180954,0.019715300742180954,0.484375,-0.00010315921008438933,3.0343748221633554e-05,64
response_mean,31,26,3.596367776030842e-06,0.019702290970875,0.019702290970875,0.53125,-4.194713142167664e-05,4.913986697373833e-05,64
final_prompt,17,25,-7.351538293666584e-07,-0.019701571900393722,0.019701571900393722,0.5,-9.514267169661605e-06,8.043959510928289e-06,64
public_task_span,34,0,-1.1930158734687144e-05,-0.019691685249503783,0.019691685249503783,0.5,-0.00023230147553475466,0.00020844115806538036,64
public_task_span,25,30,-1.9428754058026826e-05,-0.0196805909149732,0.0196805909149732,0.5,-0.0005917864045841001,0.0005529288964680464,64
final_prompt,32,8,3.105146697635464e-05,0.019680448034636193,0.019680448034636193,0.5,-0.00040802826697470624,0.00047013120092741564,64
response_first,21,29,1.684508887934758e-06,0.01963639259681504,0.01963639259681504,0.53125,-1.4296145025116643e-05,1.766516280098616e-05,64
final_prompt,21,22,-7.083052793177557e-07,-0.01963631794078321,0.01963631794078321,0.5,-1.3367757475180042e-05,1.195114691654453e-05,64
response_first,29,4,-1.0215070687988899e-05,-0.019624534686747613,0.019624534686747613,0.5,-0.0004090931288373695,0.00038866298746139175,64
public_task_span,21,14,-4.082877580911678e-06,-0.01961916047175763,0.01961916047175763,0.5,-4.793110429091034e-05,3.976534912908698e-05,64
final_prompt,29,11,2.531107772263397e-07,0.019587866528491628,0.019587866528491628,0.515625,-5.596469797808368e-06,6.102691352261047e-06,64
public_task_span,24,6,1.2047100881324472e-06,0.0195694930001923,0.0195694930001923,0.515625,-1.8093622202280666e-05,2.050304237854556e-05,64
public_task_span,33,10,-2.5430810637775092e-05,-0.019533176183463504,0.019533176183463504,0.484375,-0.0007668058851777196,0.0007159442639021694,64
public_task_span,33,9,-1.900825145639978e-05,-0.01952843478393662,0.01952843478393662,0.484375,-0.0004672332306654211,0.00042921672775262146,64
response_mean,15,31,2.3155012627286963e-06,0.019497882630259127,0.019497882630259127,0.5,-1.5862213331270473e-05,2.0493215856727866e-05,64
public_task_span,31,21,-8.323483484673488e-07,-0.01949570666909988,0.01949570666909988,0.5,-1.4657207714208198e-05,1.29925110172735e-05,64
response_first,19,22,4.477518132267561e-06,0.01949222861599435,0.01949222861599435,0.5,-2.599444133009847e-05,3.494947759463358e-05,64
public_task_span,5,2,0.00012725302076432656,0.019477767481324387,0.019477767481324387,0.5,-0.0009870164794847406,0.0012415225210133938,64
post_selector,7,19,2.673516064532907e-06,0.019468885315331634,0.019468885315331634,0.46875,1.613031713528467e-06,3.7340004155373574e-06,64
public_task_span,35,4,2.673604740262603e-06,0.019463597805155344,0.019463597805155344,0.5,1.7549848962510464e-05,-1.2202639481985258e-05,64
post_selector,3,4,-0.00016191634404094386,-0.01943981766209204,0.01943981766209204,0.484375,0.0028042556314176125,-0.0031280883194995,64
response_mean,13,31,-1.9925123524447523e-06,-0.01943175882852593,0.01943175882852593,0.453125,-4.806214633389425e-05,4.4077121629004745e-05,64
final_prompt,34,9,2.414022674202191e-06,0.019417490829526814,0.019417490829526814,0.5,-6.318214218471063e-06,1.1146259566875438e-05,64
public_task_span,9,26,3.285972252342645e-05,0.019409402602826482,0.019409402602826482,0.5,-0.00018479014579497722,0.0002505095908418301,64
public_task_span,3,18,-0.0001320258998020999,-0.01937739044246464,0.01937739044246464,0.5,-0.0007374991255346562,0.0004734473259304561,64
response_first,29,21,-6.89318170543336e-07,-0.019335136244354352,0.019335136244354352,0.5,-6.819464658747165e-06,5.440828317660493e-06,64
final_prompt,29,30,-3.444421459164461e-08,-0.019313844379526608,0.019313844379526608,0.5,-1.0657898918964293e-07,3.769056000635372e-08,64
final_prompt,29,27,6.668944752163692e-05,0.019287879630580367,0.019287879630580367,0.546875,-0.0015575645775243064,0.00169094347256758,64
response_first,31,4,4.192673657142607e-06,0.019287165560730145,0.019287165560730145,0.53125,-0.00011517476616516143,0.00012356011347944667,64
post_selector,4,18,0.00018801392207024687,0.019265187114983547,0.019265187114983547,0.453125,0.002707152090806646,-0.0023311242466661514,64
response_first,31,19,1.664768660701937e-06,0.019193533803090895,0.019193533803090895,0.5,-1.9729714665567343e-05,2.305925198697122e-05,64
post_selector,4,7,0.0002530546142338508,0.019186910933478338,0.019186910933478338,0.515625,0.0038734327000611198,-0.003367323471593418,64
public_task_span,13,25,-2.927016566901616e-06,-0.019154777925733356,0.019154777925733356,0.5,2.2176283664519966e-05,-2.8030316798323195e-05,64
response_mean,31,1,-1.1211803325742847e-06,-0.01912215872930269,0.01912215872930269,0.46875,-1.2964438383275227e-05,1.072207771812666e-05,64
public_task_span,32,0,-2.2726461793352566e-05,-0.019084537931415475,0.019084537931415475,0.5,-0.0006087409092287725,0.0005632879856420674,64
post_selector,13,26,7.857041964597818e-05,0.019072435073651663,0.019072435073651663,0.5,0.00010490936983840635,5.2231469453550004e-05,64
response_first,12,7,3.022845476148652e-06,0.019059227092280525,0.019059227092280525,0.5,-3.643121090135152e-05,4.2476901853648826e-05,64
response_first,16,13,2.757001084320975e-06,0.019058853171108246,0.019058853171108246,0.515625,-4.412928706187118e-05,4.964328923051313e-05,64
post_selector,12,12,5.850689740327186e-05,0.0190293914463452,0.0190293914463452,0.546875,3.909840597770317e-05,7.791538882884061e-05,64
public_task_span,0,6,9.905563365464532e-05,0.019028462126505066,0.019028462126505066,0.5,0.001154261930423672,-0.0009561506631143813,64
public_task_span,14,17,3.587612081901249e-05,0.018999845953414304,0.018999845953414304,0.5,-0.0007611200726387157,0.0008328723142767406,64
final_prompt,20,22,1.805511899988232e-07,0.018976013839230633,0.018976013839230633,0.5,-1.8984783736186728e-06,2.2595807536163193e-06,64
public_task_span,0,3,0.00010978501813951565,0.018959627438782663,0.018959627438782663,0.5,0.003044410856091394,-0.0028248408198123624,64
response_mean,15,1,2.165297655665155e-05,0.01895790560861188,0.01895790560861188,0.53125,0.0002686606931092592,-0.0002253547399959561,64
response_first,27,25,-1.0751869467635374e-05,-0.018933116633623525,0.018933116633623525,0.5,-0.0002520140988053559,0.00023051035987008508,64
public_task_span,19,11,-6.983281309659123e-06,-0.0189303485717687,0.0189303485717687,0.5,-7.364453085754885e-05,5.967796823823061e-05,64
response_mean,15,6,1.5847873811479296e-05,0.018925914976774944,0.018925914976774944,0.53125,-8.266118641132615e-06,3.9961866264091254e-05,64
final_prompt,33,10,3.559916194717451e-05,0.018887132255394738,0.018887132255394738,0.5,-0.0009772490429895539,0.001048447366883903,64
public_task_span,16,8,1.1222804232600748e-06,0.018878370350755038,0.018878370350755038,0.515625,-1.852145487643573e-06,4.096706334163724e-06,64
public_task_span,24,8,-7.541655577371148e-06,-0.018876201645188894,0.018876201645188894,0.515625,-0.000193694404515542,0.00017861109336079968,64
response_first,11,21,5.939639962093677e-07,0.01887445084619262,0.01887445084619262,0.5,7.046011347711101e-07,4.833268576476253e-07,64
response_mean,34,8,-1.0014584574930734e-06,-0.018868202371946415,0.018868202371946415,0.5,-1.531190105196796e-05,1.3308984136981813e-05,64
public_task_span,14,7,-1.4106931985223991e-05,-0.01886752216721593,0.01886752216721593,0.484375,-0.00018867386279451307,0.00016045999882406513,64
final_prompt,20,27,1.0126334245790623e-05,0.018851290237527702,0.018851290237527702,0.5,-8.697595831109062e-05,0.00010722862680267188,64
post_selector,3,12,0.00011228778942041633,0.0188419553230968,0.0188419553230968,0.5,0.0019387116853977243,-0.0017141361065568916,64
public_task_span,35,17,4.86933095089222e-06,0.01883681640219226,0.01883681640219226,0.5,3.135075075988028e-05,-2.161208885809585e-05,64
public_task_span,30,30,-1.0892084674191297e-06,-0.018817317183073074,0.018817317183073074,0.515625,-3.4019624308648627e-06,1.2235454960266037e-06,64
response_mean,13,13,-1.2677163265806244e-05,-0.018796770170124683,0.018796770170124683,0.5,0.00011139247103963437,-0.00013674679757124688,64
public_task_span,29,7,-9.860857744571486e-06,-0.01879095244751609,0.01879095244751609,0.484375,-0.00030909336192052087,0.00028937164643137785,64
final_prompt,30,31,-7.702527398122799e-07,-0.01877617194918362,0.01877617194918362,0.46875,-1.9021388652615143e-05,1.7480883172990583e-05,64
public_task_span,8,28,-1.2094448109678524e-07,-0.018775813655836665,0.018775813655836665,0.5,-9.858003267027016e-07,7.439113645091311e-07,64
final_prompt,29,18,-4.131024297750347e-06,-0.018764043818016708,0.018764043818016708,0.5,-0.00015317289262381918,0.00014491084402831848,64
response_mean,31,18,-4.908713862050718e-07,-0.018760373977469956,0.018760373977469956,0.515625,-4.555071768663765e-06,3.573328996253622e-06,64
public_task_span,18,17,1.1350481145198327e-05,0.018758334640789524,0.018758334640789524,0.515625,-5.605190767710792e-05,7.875286996750456e-05,64
response_first,17,3,2.406982332556282e-06,0.01875432149869312,0.01875432149869312,0.53125,-2.563323823778312e-05,3.0447202902895686e-05,64
response_mean,19,25,4.402110334921878e-05,0.018712090807420853,0.018712090807420853,0.5,-0.0014262539634728251,0.0015142961701712625,64
final_prompt,22,19,-1.0530443574903327e-06,-0.01869153861160209,0.01869153861160209,0.5,-2.0354687336516162e-05,1.82485986215355e-05,64
final_prompt,21,1,3.398229821982569e-07,0.01868165563330136,0.01868165563330136,0.5,6.756143221764432e-06,-6.076497257367919e-06,64
response_first,23,2,-5.264371125686891e-07,-0.01864674467771366,0.01864674467771366,0.484375,-6.615361286320497e-06,5.5624870611831184e-06,64
public_task_span,35,0,7.227372407211211e-06,0.01864579173540497,0.01864579173540497,0.5,7.965613258419536e-05,-6.520138776977293e-05,64
final_prompt,15,30,-6.740649922676312e-07,-0.01863480678852488,0.01863480678852488,0.5,-6.876421053902959e-06,5.528291069367697e-06,64
response_mean,27,0,-4.652150380479725e-07,-0.018603443595618514,0.018603443595618514,0.484375,-1.748934835177352e-06,8.185047590814066e-07,64
public_task_span,6,8,-3.826286774710629e-05,-0.018593864876892165,0.018593864876892165,0.5,-9.214119563692124e-05,1.5615460142708623e-05,64
response_mean,22,23,2.9357701638576575e-06,0.018586373257813572,0.018586373257813572,0.515625,-1.9302899392670642e-05,2.5174439720385957e-05,64
response_first,30,24,1.5756816793578648e-06,0.01857608112231765,0.01857608112231765,0.5,-5.985076006708123e-05,6.300212342579697e-05,64
final_prompt,30,18,-6.2234025790489286e-06,-0.01857022155967512,0.01857022155967512,0.5,-0.00013039608688811952,0.00011794928173002164,64
response_first,20,28,2.441978494974014e-06,0.01854214860685113,0.01854214860685113,0.5,2.4511910623909326e-05,-1.9627953633961302e-05,64
post_selector,5,9,-0.00039599373121746123,-0.018536248246689792,0.018536248246689792,0.5,0.0019710647757165104,-0.0027630522381514315,64
final_prompt,22,8,7.398965863101856e-06,0.01852412182754569,0.01852412182754569,0.515625,-0.00010395833032815353,0.00011875626205435724,64
response_first,31,9,4.8481776957449965e-06,0.018476252496946666,0.018476252496946666,0.515625,-0.0001241217437382036,0.00013381809912969362,64
public_task_span,32,5,-8.254260706052537e-06,-0.01847044271096136,0.01847044271096136,0.5,-0.00020316998370615823,0.00018666146229405316,64
public_task_span,22,3,1.4970190022722364e-05,0.018456615288041902,0.018456615288041902,0.5,-4.388344314065716e-05,7.38238231861019e-05,64
public_task_span,28,0,-4.481911901165222e-06,-0.018443739399354894,0.018443739399354894,0.5,-0.0001390326001455638,0.00013006877634323338,64
response_first,26,10,-2.331295938517996e-07,-0.01840900779472099,0.01840900779472099,0.5,-2.1104944920580238e-06,1.6442353043544244e-06,64
post_selector,14,25,-2.0814125946341587e-05,-0.018397950078818472,0.018397950078818472,0.5625,0.000350942146724251,-0.0003925703986169343,64
response_mean,32,22,9.452879368154754e-08,0.018374383741122505,0.018374383741122505,0.53125,1.2099241075702594e-07,6.806517660606909e-08,64
public_task_span,21,26,1.035043315766455e-05,0.018347908174841943,0.018347908174841943,0.53125,0.0001491297135487341,-0.000128428847233405,64
response_first,10,4,-9.742124802865954e-06,-0.018337411524192937,0.018337411524192937,0.5,-0.0001293951663683334,0.00010991091676260148,64
public_task_span,12,22,-1.2755296211251203e-05,-0.0183190759728315,0.0183190759728315,0.46875,-0.0002702807150853678,0.00024477012266286544,64
response_mean,10,28,-3.995518454752642e-06,-0.01831732697698801,0.01831732697698801,0.515625,-2.6730677745933133e-05,1.873964083642785e-05,64
response_mean,26,0,8.66697973833106e-06,0.018315346402356106,0.018315346402356106,0.5,-4.8549367420487534e-05,6.588332689714967e-05,64
public_task_span,2,8,-2.8310536436041087e-05,-0.018306103337824797,0.018306103337824797,0.484375,-0.0003536876683938207,0.0002970665955217386,64
public_task_span,20,23,-7.1581309271104906e-06,-0.018286504625362746,0.018286504625362746,0.5,-0.00015240943253046636,0.00013809317067624537,64
response_first,11,18,-4.039671409828755e-06,-0.01828333740325508,0.01828333740325508,0.5,-5.977297428216375e-05,5.1693631462506234e-05,64
response_mean,11,23,3.646135354527411e-06,0.018280234213512214,0.018280234213512214,0.5,1.562565768154393e-05,-8.333386972489107e-06,64
response_mean,16,10,-8.106041917696357e-07,-0.018263886505283367,0.018263886505283367,0.5,-1.498345233130691e-05,1.3362243947767638e-05,64
public_task_span,33,20,-3.322576901609781e-05,-0.018262168635565398,0.018262168635565398,0.484375,-0.0008664457220674815,0.000799994184035286,64
public_task_span,33,14,-2.245995665361731e-05,-0.018251966648777998,0.018251966648777998,0.484375,-0.0007427294513035762,0.0006978095379963416,64
response_first,18,22,-3.575452126365637e-06,-0.018215320912440342,0.018215320912440342,0.5,-6.262091676488823e-05,5.547001251215695e-05,64
final_prompt,35,15,1.6802940990605036e-05,0.018206649067347414,0.018206649067347414,0.515625,-0.00028970855237274104,0.00032331443435395103,64
final_prompt,23,0,-1.6795983128758386e-06,-0.018200195135104777,0.018200195135104777,0.5,-2.2347421804622285e-05,1.8988225178870608e-05,64
final_prompt,28,1,1.037271476888554e-05,0.01819541203396737,0.01819541203396737,0.53125,-0.00029858459765817665,0.0003193300271959478,64
public_task_span,18,9,7.655086392335574e-06,0.018182378421575156,0.018182378421575156,0.5,-7.074082941471454e-05,8.605100219938569e-05,64
public_task_span,17,8,3.234403902751717e-05,0.018181739301227073,0.018181739301227073,0.5,-0.00024144692179105948,0.00030613499984609373,64
response_first,25,4,2.2938067445414805e-06,0.018178582589885927,0.018178582589885927,0.5,-9.188142371402673e-07,5.506427726223226e-06,64
response_mean,27,25,-9.602188129064926e-06,-0.018174963182554276,0.018174963182554276,0.484375,-0.00034294576926183245,0.0003237413930037026,64
public_task_span,22,24,-1.482320953981681e-06,-0.01816111307748387,0.01816111307748387,0.453125,-3.1092004064699335e-05,2.8127362156735973e-05,64
public_task_span,34,7,-1.3596451481132126e-05,-0.01814738372198714,0.01814738372198714,0.484375,-0.00045433726609187176,0.0004271443631296075,64
response_first,21,3,-1.6006581802228562e-06,-0.01813613880269628,0.01813613880269628,0.53125,5.006146977847217e-06,-8.207463338292927e-06,64
response_first,19,9,3.0517893634396387e-07,0.01810972618855604,0.01810972618855604,0.5,2.0109830956016594e-06,-1.4006252229137317e-06,64
public_task_span,33,30,-1.590488000147554e-05,-0.018084812107078223,0.018084812107078223,0.515625,-0.0005402128026616737,0.0005084030426587226,64
response_mean,30,10,-1.911721653868261e-06,-0.01807637095210497,0.01807637095210497,0.515625,-1.94115639260374e-05,1.5588120618300877e-05,64
final_prompt,30,30,1.8748950196798942e-06,0.01805953803921629,0.01805953803921629,0.515625,2.2803998490411844e-05,-1.9054208451052058e-05,64
final_prompt,31,18,6.129880034679456e-07,0.01803097534621713,0.01803097534621713,0.515625,-7.87721143069368e-06,9.103187437629571e-06,64
response_mean,29,20,-3.2402867589098605e-07,-0.018030624391372044,0.018030624391372044,0.4375,-7.335348470860481e-06,6.687291119078509e-06,64
public_task_span,11,25,-2.735535417738574e-06,-0.018027527048221106,0.018027527048221106,0.5,-6.032453256923215e-06,5.613824214460779e-07,64
public_task_span,8,26,-1.1425207048883104e-05,-0.018011862592814915,0.018011862592814915,0.5,-0.0001373541708744286,0.00011450375677666241,64
response_mean,16,9,6.611116987185642e-06,0.018006339003454597,0.018006339003454597,0.515625,-7.508764974771807e-05,8.830988372208933e-05,64
response_mean,19,11,6.812942615394836e-06,0.017999323008481755,0.017999323008481755,0.5,-4.412811017572154e-05,5.775399540651122e-05,64
public_task_span,14,12,-2.7774883903926054e-06,-0.017990170966405105,0.017990170966405105,0.5,-9.349552101410159e-06,3.794575320624948e-06,64
final_prompt,27,3,1.2988061470764478e-07,0.01797931737010908,0.01797931737010908,0.484375,-7.081751647319834e-07,9.67936394147273e-07,64
response_first,22,31,1.6393248188248433e-05,0.017971088610086155,0.017971088610086155,0.5,-0.00023164057711255314,0.00026442707348905,64
public_task_span,25,29,-1.3701490502181267e-06,-0.01794641270275036,0.01794641270275036,0.5,-2.318115656407796e-05,2.0440858463641706e-05,64
final_prompt,24,18,5.805157888971865e-05,0.017935391834702337,0.017935391834702337,0.515625,-0.0007205393558251531,0.0008366425136045904,64
public_task_span,1,6,-1.2780328688676563e-05,-0.017933663324870692,0.017933663324870692,0.5,-0.00021388663299147815,0.000188325975614125,64
public_task_span,1,0,2.0708186639237342e-05,0.01788141869626942,0.01788141869626942,0.5,-6.495494744728826e-06,4.7911868023203536e-05,64
final_prompt,34,20,2.16574747468993e-06,0.017877374689482584,0.017877374689482584,0.484375,-8.877157654294098e-06,1.3208652603673952e-05,64
response_first,11,8,-1.086728111943103e-07,-0.01784648096070004,0.01784648096070004,0.5,-1.141403295434884e-06,9.240576730462635e-07,64
public_task_span,26,29,-7.069987532301453e-06,-0.017830062727838172,0.017830062727838172,0.5,-8.09080211183654e-05,6.676804605376248e-05,64
public_task_span,32,8,-1.3349887467485985e-05,-0.017785363162575653,0.017785363162575653,0.484375,-0.0004764140239785523,0.00044971424904358034,64
public_task_span,23,21,-7.5942602961732185e-06,-0.01776774144633147,0.01776774144633147,0.5,-6.13785614405048e-05,4.6190040848158396e-05,64
post_selector,25,2,-9.512942369839166e-06,-0.01775553752918408,0.01775553752918408,0.53125,-0.0001283556848648034,0.00010932980012512511,64
response_mean,29,28,-2.0316321069913101e-07,-0.01771788704423728,0.01771788704423728,0.5,-2.2829591017625717e-07,-1.7803051122200486e-07,64
response_first,8,25,1.1426915989429128e-05,0.01771157099124838,0.01771157099124838,0.5,-6.799380571464127e-05,9.08476376934995e-05,64
post_selector,4,1,0.0001748041540849955,0.017698701671482478,0.017698701671482478,0.515625,0.0015906822736724384,-0.0012410739655024467,64
public_task_span,2,3,-9.762277113622644e-05,-0.017693729180528514,0.017693729180528514,0.5,-0.0002888704621000123,9.36249198275596e-05,64
public_task_span,18,19,2.500936727755203e-05,0.01768349476631114,0.01768349476631114,0.5,-0.00016033657379922853,0.00021035530835433253,64
response_first,15,11,-1.436609346151378e-06,-0.01765946604791529,0.01765946604791529,0.5,-2.014624813284695e-05,1.72730294405442e-05,64
public_task_span,34,30,-1.868427079898362e-05,-0.01765241618199874,0.01765241618199874,0.484375,-0.0005750539567088563,0.0005376854151108891,64
response_first,28,28,4.78171628515156e-07,0.017641518190840574,0.017641518190840574,0.5,-6.67365495132799e-06,7.629998208358302e-06,64
response_first,26,14,2.1041722249039097e-06,0.017633648409477724,0.017633648409477724,0.5,-6.05405379303496e-05,6.474888238015741e-05,64
final_prompt,14,21,-6.707762452142529e-07,-0.017618330517587752,0.017618330517587752,0.5,-6.24986057573579e-07,-7.165664328549278e-07,64
public_task_span,25,15,-1.8900346958613358e-06,-0.017604330986542037,0.017604330986542037,0.5,3.622228132370882e-05,-4.000235071543148e-05,64
final_prompt,11,9,3.733257436522308e-08,0.01760307058553209,0.01760307058553209,0.5,-3.791593261581738e-07,4.5382447488862e-07,64
response_mean,27,10,-6.470230289324393e-07,-0.017588044257190166,0.017588044257190166,0.5,-9.444150578019125e-06,8.150104520154247e-06,64
public_task_span,8,30,-1.0149148295113044e-06,-0.017587000175005724,0.017587000175005724,0.5,-8.727683621140654e-06,6.697853962118046e-06,64
public_task_span,16,24,3.2348900276693224e-05,0.01757637733156915,0.01757637733156915,0.5,-0.00048582358795101147,0.0005505213885043979,64
response_first,28,7,-1.9292867818917365e-06,-0.017543231898223283,0.017543231898223283,0.5,-2.7913933990989e-06,-1.0671801646845747e-06,64
response_mean,13,29,2.034653789452696e-06,0.017527562745685652,0.017527562745685652,0.515625,-1.8036463416131913e-05,2.210577099503731e-05,64
public_task_span,11,2,-3.9342059608317865e-05,-0.017503727296831133,0.017503727296831133,0.5,0.00023572711506857232,-0.0003144112342852081,64
response_first,31,26,1.581281637187599e-06,0.017488636863913276,0.017488636863913276,0.515625,-2.4542779556202288e-05,2.7705342830577488e-05,64
public_task_span,8,13,-5.2867253543809395e-06,-0.0174774304104949,0.0174774304104949,0.5,4.520618222159217e-05,-5.5779632930354065e-05,64
public_task_span,14,23,-4.212220801487903e-06,-0.01747186989951246,0.01747186989951246,0.5,-6.361066471071688e-05,5.518622310774107e-05,64
public_task_span,25,27,1.1909736713280925e-05,0.017461956995512392,0.017461956995512392,0.5,-0.00017798884437069632,0.00020180831779725814,64
final_prompt,14,28,3.10878829168539e-06,0.01744170487318315,0.01744170487318315,0.5,-4.7531345671802586e-05,5.374892225517337e-05,64
response_first,28,27,1.068377372349586e-06,0.01740563651160089,0.01740563651160089,0.5,-1.4365828690185597e-05,1.6502583434884767e-05,64
response_first,9,25,-4.929017495669221e-05,-0.01739903363919175,0.01739903363919175,0.5,8.158424589056249e-05,-0.00018016459580394683,64
final_prompt,11,18,-4.934950084138162e-06,-0.017388580588215217,0.017388580588215217,0.5,-7.17466655260004e-05,6.187676535772409e-05,64
response_first,22,25,4.4438649737907517e-07,0.01738594517370389,0.01738594517370389,0.5,-4.60972940885277e-06,5.49850240361092e-06,64
final_prompt,32,2,-1.5887843801465405e-05,-0.01738006846476122,0.01738006846476122,0.5,-0.00039500934963142774,0.0003632336620284968,64
public_task_span,16,11,-4.99701826583987e-07,-0.017354301053184723,0.017354301053184723,0.484375,3.414435241211322e-06,-4.413838894379296e-06,64
response_first,9,22,0.00013537691756937653,0.01735092021576879,0.01735092021576879,0.5,0.0005550058031076376,-0.0002842519679688844,64
response_mean,30,3,-1.6238563489401442e-06,-0.017344405226938614,0.017344405226938614,0.484375,-3.356692798204452e-05,3.0319215284164233e-05,64
response_first,10,28,-6.528647190863937e-06,-0.01734027748590827,0.01734027748590827,0.5,-3.887353250319737e-05,2.5816238121469487e-05,64
public_task_span,27,18,-1.2029708841513036e-05,-0.017303693655620764,0.017303693655620764,0.5,-0.00031556309158985044,0.00029150367390682436,64
response_mean,17,29,4.445722368016914e-06,0.01728875436492142,0.01728875436492142,0.5,4.0927506915967396e-05,-3.2036062179933555e-05,64
final_prompt,33,15,-9.356535520055478e-05,-0.01728839438247571,0.01728839438247571,0.5,-0.0013481126807164344,0.0011609819703153248,64
public_task_span,13,27,-1.6571275409656196e-05,-0.017281406995174668,0.017281406995174668,0.484375,9.890548062684677e-05,-0.00013204803144615916,64
public_task_span,6,16,-6.970439790165446e-05,-0.017278197535442765,0.017278197535442765,0.484375,0.0008284623181680234,-0.0009678711139713323,64
public_task_span,27,15,-9.075713023777452e-06,-0.017269333041856696,0.017269333041856696,0.5,-0.00019175742272636045,0.00017360599667880553,64
response_first,10,17,8.799952638582471e-06,0.01724885855635986,0.01724885855635986,0.484375,8.028063120949153e-06,9.571842156215783e-06,64
response_first,34,24,1.3524447695092066e-06,0.017241893357899402,0.017241893357899402,0.5,2.0950010139126112e-05,-1.82451206001077e-05,64
response_first,20,16,4.822391099793121e-07,0.017233440180776213,0.017233440180776213,0.546875,-1.5999089697487927e-06,2.5643871897074177e-06,64
public_task_span,18,6,5.496874308616675e-06,0.01723211359437147,0.01723211359437147,0.5,2.1593007829770843e-05,-1.05992592125375e-05,64
response_first,21,2,4.3828882212437737e-07,0.01723036997885328,0.01723036997885328,0.5,-3.1296101212774374e-06,4.006187765526192e-06,64
public_task_span,7,9,-6.531757321685346e-07,-0.01722677421996619,0.01722677421996619,0.5,4.864973902840575e-06,-6.171325367177644e-06,64
response_first,11,28,-7.940375823523016e-08,-0.01718247559847268,0.01718247559847268,0.484375,1.3420858380186473e-07,-2.930161002723252e-07,64
response_first,7,5,6.798923379844417e-07,0.017169248223912602,0.017169248223912602,0.515625,1.0348142609494946e-06,3.249704150193888e-07,64
final_prompt,19,28,1.4525309097731176e-05,0.01713275164238544,0.01713275164238544,0.5,-0.0003406594346415539,0.0003697100528370163,64
response_mean,11,22,-6.181127560016221e-06,-0.01711509166532607,0.01711509166532607,0.484375,9.843429779720112e-05,-0.00011079655291723357,64
response_first,7,14,1.8858280981248754e-07,0.017107643474721785,0.017107643474721785,0.5,1.4309488989283636e-06,-1.0537832793033886e-06,64
response_first,14,12,-4.045639911964827e-07,-0.017091331600297535,0.017091331600297535,0.46875,-1.205095628264985e-05,1.1241828300256884e-05,64
public_task_span,28,19,-7.173797484945513e-06,-0.017086552161898645,0.017086552161898645,0.5,-0.00027214284432372537,0.00025779524935383435,64
response_first,35,21,-9.153204132398058e-07,-0.017085430559524533,0.017085430559524533,0.46875,1.3417752597989432e-07,-1.964818352459506e-06,64
public_task_span,0,19,5.583019901678134e-05,0.01706020582285004,0.01706020582285004,0.5,-0.0001327324771409655,0.00024439287517452824,64
final_prompt,32,11,-6.518810369016256e-05,-0.0170599052842758,0.0170599052842758,0.5,-0.0012334090461081314,0.0011030328387278063,64
public_task_span,11,23,4.4438914983401864e-06,0.01704153867746034,0.01704153867746034,0.484375,4.9914486908163315e-05,-4.1026703911482945e-05,64
public_task_span,13,3,-1.9425020127523896e-05,-0.01703509948546065,0.01703509948546065,0.5,-0.0002943533372672276,0.0002555032970121799,64
response_mean,15,13,4.9518897526468534e-05,0.017019180150142192,0.017019180150142192,0.515625,-0.0001626712171400972,0.00026170901219303434,64
final_prompt,33,21,6.076425052012807e-06,0.01700838544924136,0.01700838544924136,0.515625,-0.0001381806323479273,0.00015033348245195295,64
response_first,10,14,0.0001224389998242219,0.01700041656993093,0.01700041656993093,0.5,-0.001540020042739344,0.0017848980423877878,64
response_first,17,21,-4.9340776797635044e-08,-0.01697213665822091,0.01697213665822091,0.5,-4.4598525583694476e-07,3.4730370224167473e-07,64
public_task_span,22,7,5.6486342145935594e-06,0.016945582673496894,0.016945582673496894,0.5,5.44286172043159e-06,5.854406708755529e-06,64
response_first,16,4,1.1132636927860478e-06,0.016935869557514385,0.016935869557514385,0.5,1.289411676453027e-05,-1.0667589378958176e-05,64
public_task_span,21,22,-5.704620662073179e-06,-0.01692614035768147,0.01692614035768147,0.484375,-0.00013898744293782352,0.00012757820161367716,64
final_prompt,29,9,8.113153626258831e-06,0.016914752502094482,0.016914752502094482,0.5,-0.0001757755085236478,0.00019200181577616547,64
response_mean,30,0,-1.2487772210075571e-05,-0.01690383008498398,0.01690383008498398,0.5,-0.00020024567766085011,0.00017527013324069893,64
final_prompt,25,6,3.2845207442763516e-06,0.016903408662392122,0.016903408662392122,0.53125,-9.232368074660803e-05,9.889272223516073e-05,64
public_task_span,35,14,4.658413672587814e-05,0.016895197177532607,0.016895197177532607,0.5,-0.0010544351389398562,0.0011476034123916127,64
response_first,27,4,3.3204529472592703e-06,0.016889171909022376,0.016889171909022376,0.5,-5.595205266217612e-05,6.259295855669467e-05,64
response_mean,9,10,2.3667270212970017e-05,0.016883379137728756,0.016883379137728756,0.5,-0.0005748709023123163,0.0006222054427382563,64
final_prompt,9,22,-2.7823871278092013e-06,-0.01684550309918642,0.01684550309918642,0.5,-9.793558774609786e-06,4.228784518991393e-06,64
final_prompt,22,9,2.299605455387631e-06,0.016814051690094107,0.016814051690094107,0.515625,-2.4050345245997283e-05,2.8649556156772545e-05,64
response_first,16,31,1.0511398162993402e-07,0.016796684851238638,0.016796684851238638,0.5,-1.6476442352697518e-06,1.8578721985296198e-06,64
post_selector,1,25,-0.0004343887558206957,-0.016796235286958776,0.016796235286958776,0.5,0.0011946565355174157,-0.002063434047158806,64
public_task_span,15,18,1.227133921587532e-06,0.016778317954867394,0.016778317954867394,0.5,5.188424808009784e-06,-2.7341569648347185e-06,64
post_selector,5,25,-0.00016119646898006448,-0.016771697839253467,0.016771697839253467,0.53125,0.0030577397646993363,-0.0033801327026594654,64
post_selector,35,9,-5.55485748918703e-05,-0.016763413855015345,0.016763413855015345,0.5,-0.000937260578211853,0.0008261634284281125,64
response_first,10,16,1.475771750847428e-05,0.016761492693919956,0.016761492693919956,0.484375,-0.00021726336581194804,0.00024677880082889665,64
final_prompt,18,3,1.3466340220690534e-06,0.016742402336647165,0.016742402336647165,0.5,6.562926671438899e-06,-3.869658627300793e-06,64
post_selector,3,10,-9.317793228547506e-05,-0.0167044224315612,0.0167044224315612,0.515625,-0.0004303496098145782,0.00024399374524362806,64
response_mean,31,27,-1.3664496023579886e-07,-0.0166988029872924,0.0166988029872924,0.484375,-4.2213226763010425e-06,3.948032755829445e-06,64
final_prompt,31,4,4.8553999022257803e-05,0.016696349863011675,0.016696349863011675,0.5,-0.0012596699953064533,0.0013567779933509687,64
response_mean,19,24,4.390232729890212e-05,0.016694562441363987,0.016694562441363987,0.46875,-0.0008693607216230012,0.0009571653762208054,64
response_first,20,30,1.238173652495472e-06,0.016661028780505918,0.016661028780505918,0.5,3.175051290327138e-06,-6.987039853361918e-07,64
final_prompt,18,11,1.0729364021250208e-05,0.016644330918988152,0.016644330918988152,0.5,0.00032667561549712924,-0.0003052168874546288,64
final_prompt,23,9,-8.448012295046753e-06,-0.016633108451178307,0.016633108451178307,0.5,0.00020343829237388035,-0.00022033431696397382,64
response_first,30,21,-7.648546329614449e-07,-0.01658515696122718,0.01658515696122718,0.5,-9.18812907002476e-06,7.658419804101868e-06,64
final_prompt,27,27,3.921385541616968e-06,0.016583577900365562,0.016583577900365562,0.5,-8.18848202470581e-05,8.972759133029203e-05,64
post_selector,26,3,-2.2228706257010934e-05,-0.01657012084008762,0.01657012084008762,0.5,-5.7569697673903096e-05,1.3112285159881228e-05,64
public_task_span,34,16,-6.1226946854701795e-06,-0.016557100272065344,0.016557100272065344,0.5,-0.00011140390051876842,9.915851114782806e-05,64
response_first,35,14,3.856173862002623e-06,0.016545144681988203,0.016545144681988203,0.5,-7.661228391952133e-05,8.432463164352659e-05,64
public_task_span,17,5,1.365750199511565e-05,0.016504871162621348,0.016504871162621348,0.5,-8.827273586575268e-05,0.00011558773985598398,64
final_prompt,35,13,1.9409942524348697e-06,0.016473909220439998,0.016473909220439998,0.5,-2.0699685137512824e-05,2.4581673642382565e-05,64
public_task_span,10,30,-3.3682481443978577e-06,-0.016470767956038405,0.016470767956038405,0.5,2.6032934783872776e-05,-3.27694310726685e-05,64
response_first,14,9,1.0850529633898065e-05,0.016457695533651208,0.016457695533651208,0.5,-4.710048324341904e-05,6.880154251121514e-05,64
response_mean,18,27,1.885237591636492e-05,0.01645445069159999,0.01645445069159999,0.515625,0.000176699781093253,-0.0001389950292605232,64
response_first,16,23,-1.4059017416891145e-06,-0.016454434640662843,0.016454434640662843,0.5,-2.8278653701359668e-05,2.5466850217981437e-05,64
post_selector,8,20,-6.233405429160548e-06,-0.01644061661856753,0.01644061661856753,0.53125,-0.0001444647882635677,0.0001319979774052466,64
post_selector,0,9,-0.0001407171293976734,-0.016439998127525085,0.016439998127525085,0.5,0.0018035057728411593,-0.0020849400316365063,64
response_first,9,10,7.286253975278458e-06,0.01643816791328131,0.01643816791328131,0.5,-0.00016072064039462128,0.00017529314834517824,64
response_first,23,9,1.797064624042785e-05,0.016432019478696096,0.016432019478696096,0.515625,0.00018964441369460441,-0.00015370312121374872,64
public_task_span,2,11,-3.27763300447242e-05,-0.01642610099446589,0.01642610099446589,0.515625,-0.0008739799923204995,0.0008084273322310511,64
public_task_span,12,28,3.9342933178012745e-06,0.016392759859221746,0.016392759859221746,0.5,1.4554436802426494e-05,-6.685850166823938e-06,64
response_mean,18,5,5.086864121039763e-05,0.01639196153923991,0.01639196153923991,0.53125,0.00028000403608530915,-0.00017826675366451383,64
final_prompt,19,30,1.1132872259616435e-05,0.016384203819952693,0.016384203819952693,0.515625,0.0004001959600827361,-0.00037793021556350325,64
response_mean,14,26,5.265787444841481e-05,0.016382231992236623,0.016382231992236623,0.484375,0.0005037654627813035,-0.000398449713884474,64
final_prompt,32,21,-2.7273659952697926e-07,-0.016379036888911836,0.016379036888911836,0.5,1.615638893781579e-07,-7.070370884321165e-07,64
response_first,14,10,4.467364533409036e-06,0.01636659940028574,0.01636659940028574,0.5,-9.689591479399491e-06,1.8624320546217557e-05,64
final_prompt,34,10,1.5646805309150784e-06,0.016338402159328847,0.016338402159328847,0.5,-1.1612020216496097e-05,1.4741381278326257e-05,64
public_task_span,15,13,1.5975148244226935e-06,0.016333976057595574,0.016333976057595574,0.5,3.9335115957321086e-05,-3.6140086308475696e-05,64
response_first,9,21,2.784539219648715e-06,0.016317490463352124,0.016317490463352124,0.515625,1.0954032404704778e-05,-5.3849539654073516e-06,64
final_prompt,15,27,-2.534057408354329e-07,-0.016314261734025816,0.016314261734025816,0.5,-1.1430021871206009e-06,6.361907054497351e-07,64
response_first,13,22,-4.227198857620351e-07,-0.01630020514870455,0.01630020514870455,0.484375,-4.695511535146579e-06,3.850071763622509e-06,64
response_mean,32,4,4.688171770795002e-06,0.016264317015246096,0.016264317015246096,0.515625,-8.166920656548941e-05,9.104555010707943e-05,64
public_task_span,10,20,-2.011813739954538e-05,-0.016254028155559517,0.016254028155559517,0.5,0.00012676806727541522,-0.00016700434207450598,64
response_first,10,29,-1.1787714356613455e-05,-0.016250805014002376,0.016250805014002376,0.5,-0.00013905706873628743,0.00011548164002306052,64
final_prompt,19,24,4.750382700537398e-07,0.016247744536866053,0.016247744536866053,0.5,-1.0820438916425369e-05,1.1770515456532848e-05,64
final_prompt,11,6,2.2930783245559067e-06,0.016236743469084755,0.016236743469084755,0.5,-3.043023963299314e-05,3.5016396282104955e-05,64
response_first,26,12,1.5861536439818143e-06,0.016234507361296623,0.016234507361296623,0.5,-5.196997267375364e-05,5.514227996171727e-05,64
final_prompt,22,28,1.5713683296785964e-05,0.016233610650345558,0.016233610650345558,0.5,-0.0001284232630496156,0.00015985062964318748,64
response_first,28,17,8.257298418357006e-07,0.016219522999934868,0.016219522999934868,0.515625,-1.7401189666089747e-05,1.905264934976115e-05,64
response_mean,19,4,7.81032213127281e-06,0.016198655447177655,0.016198655447177655,0.5,-0.000216520395042579,0.00023214103930512458,64
post_selector,5,23,0.00013508878737411307,0.016170096704465783,0.016170096704465783,0.5,0.002520039558930859,-0.0022498619841826327,64
final_prompt,1,28,5.377191383004745e-05,0.01615137039817633,0.01615137039817633,0.484375,-3.2691258279968894e-05,0.00014023508594006377,64
response_first,34,15,1.3371289242056509e-05,0.016140561144370656,0.016140561144370656,0.5,-0.00024957591267593253,0.00027631849116004553,64
final_prompt,9,12,-1.2138239924247776e-06,-0.016122963503647673,0.016122963503647673,0.5,4.8378083761293915e-06,-7.265456360978948e-06,64
response_mean,16,0,1.2279811926421789e-05,0.016029940954029036,0.016029940954029036,0.515625,8.450754796740391e-05,-5.9947924114560374e-05,64
response_first,4,3,0.00024407100136158728,0.016008965071073904,0.016008965071073904,0.5,0.0006824728043284376,-0.00019433080160526214,64
final_prompt,23,2,-1.470134748160639e-06,-0.016001979812200386,0.016001979812200386,0.5,-2.4048495617988504e-05,2.1108226121667223e-05,64
response_mean,35,16,-1.973307348633956e-06,-0.015986411855894996,0.015986411855894996,0.5,-3.880542408292923e-06,-6.607228897498865e-08,64
final_prompt,28,28,-6.681466402369568e-07,-0.015959944102722355,0.015959944102722355,0.484375,-2.4580231979596487e-05,2.324393869912257e-05,64
post_selector,5,7,-6.348670103762316e-05,-0.01595531613656284,0.01595531613656284,0.5,0.0009148492599706528,-0.001041822662045899,64
response_mean,26,1,7.286247409858874e-06,0.015951282298018017,0.015951282298018017,0.5,6.794642558815068e-05,-5.337393076843293e-05,64
response_first,7,15,1.647716807440247e-08,0.015946086557276817,0.015946086557276817,0.5,1.2970772544917963e-07,-9.675338930037469e-08,64
public_task_span,17,0,-6.4102291617025396e-06,-0.015921976433411283,0.015921976433411283,0.484375,-0.00011364593683537882,0.00010082547851197372,64
response_mean,17,21,-9.57279848990228e-06,-0.015916966291067102,0.015916966291067102,0.46875,-9.892026992020151e-05,7.977467294039694e-05,64
response_first,24,20,1.383395812123917e-06,0.01591107074928551,0.01591107074928551,0.5,-2.54914400556955e-05,2.8258231679943333e-05,64
public_task_span,14,30,-1.0414045732429691e-06,-0.01590585319224575,0.01590585319224575,0.484375,1.4051147900315211e-05,-1.613395704680115e-05,64
public_task_span,14,9,-2.0695879925413346e-06,-0.015892766628539882,0.015892766628539882,0.5,5.661173872789407e-06,-9.800349857872075e-06,64
post_selector,3,1,-0.00016766888438723895,-0.015792059457772335,0.015792059457772335,0.5,0.001093404629500578,-0.0014287423982750564,64
response_first,33,1,2.0145549797256917e-06,0.015786211952606127,0.015786211952606127,0.5,-5.600478198173868e-05,6.0033891941190055e-05,64
response_mean,18,16,-3.8074715575928117e-06,-0.015782107995904432,0.015782107995904432,0.5,-1.8884938526754167e-05,1.1269995411568537e-05,64
response_mean,30,15,5.083015679483086e-07,0.015776676770821972,0.015776676770821972,0.5,-2.3745946009261263e-07,1.2540625959892298e-06,64
response_first,6,5,-3.124724844383124e-05,-0.015768066157733598,0.015768066157733598,0.5,-0.00014059897330297811,7.81044764153156e-05,64
response_first,9,20,6.139023025753291e-05,0.01576206513761216,0.01576206513761216,0.5,0.0008159321041603093,-0.0006931516436452438,64
response_first,9,13,-2.5494648753010904e-05,-0.01575982303324548,0.01575982303324548,0.5,3.8651254726562034e-05,-8.964055223258391e-05,64
response_mean,35,21,-6.188588031367233e-06,-0.015755943293567994,0.015755943293567994,0.515625,-7.106401926648073e-05,5.868684320374628e-05,64
response_first,33,13,4.643861075236595e-06,0.015713596889198073,0.015713596889198073,0.5,-0.0001747626135965917,0.00018405033574706486,64
public_task_span,32,2,-2.349438227611009e-05,-0.01570614216099824,0.01570614216099824,0.5,-0.0008039131735131127,0.0007569244089608925,64
public_task_span,30,5,-1.3062991968129997e-06,-0.015691998007182118,0.015691998007182118,0.5,-1.1733592089055344e-05,9.12099369542934e-06,64
response_first,17,8,1.641690126064077e-07,0.015684883200594763,0.015684883200594763,0.5,1.3516424388626547e-06,-1.0233044136498393e-06,64
public_task_span,30,9,-1.4385298300113894e-05,-0.015680353067420896,0.015680353067420896,0.5,-0.00013730073601436147,0.00010853013941413367,64
public_task_span,20,28,-7.97503298600103e-06,-0.015638900766951243,0.015638900766951243,0.484375,0.0001559882907713203,-0.0001719383567433223,64
response_first,35,20,-4.905915830023127e-06,-0.015638094524593544,0.015638094524593544,0.5,-0.00016794009843577193,0.0001581282667757257,64
final_prompt,19,6,7.153207661754025e-06,0.015619837333557469,0.015619837333557469,0.5,-0.0002357615403525262,0.00025006795567603427,64
response_mean,30,23,-4.649909897125326e-07,-0.015549528757446519,0.015549528757446519,0.5,-3.50508756241652e-06,2.575105582991455e-06,64
public_task_span,21,30,1.7356765283693896e-05,0.015532862240219813,0.015532862240219813,0.484375,-7.438524744429373e-05,0.00010909877801168155,64
public_task_span,17,14,-6.101942062745526e-06,-0.015527899776572577,0.015527899776572577,0.5,-3.987412537753032e-05,2.7670241252039275e-05,64
response_first,20,22,-7.876484602321784e-07,-0.015503871383731264,0.015503871383731264,0.5,-1.2804425068677806e-05,1.122912814821345e-05,64
response_mean,33,27,-8.424389079659746e-07,-0.015483904490165786,0.015483904490165786,0.484375,3.7169669440121097e-06,-5.401844759944059e-06,64
response_first,33,29,8.467068255415167e-06,0.015477974615956921,0.015477974615956921,0.515625,-0.0003263919911659853,0.00034332612767681565,64
response_first,31,28,7.2763678531394314e-06,0.015438749518630694,0.015438749518630694,0.5,-0.00028582259812988907,0.0003003753338361679,64
response_mean,10,14,5.742796929553395e-05,0.015435193073892541,0.015435193073892541,0.515625,-0.0007411761471302988,0.0008560320857213667,64
final_prompt,35,25,-4.39536916019694e-06,-0.015433289193254164,0.015433289193254164,0.5,-0.00010305737214365466,9.426663382326077e-05,64
response_mean,22,24,-1.2354893073058083e-06,-0.015428354131168383,0.015428354131168383,0.5,-2.3051822438444954e-05,2.058084382383334e-05,64
response_first,20,23,-4.220627722872903e-07,-0.015419885209807051,0.015419885209807051,0.5,-8.955732212712064e-06,8.111606668137483e-06,64
public_task_span,7,16,-5.11032567374059e-07,-0.015418740965777255,0.015418740965777255,0.5,2.358926820988927e-06,-3.380991955737045e-06,64
final_prompt,7,25,1.833905344028372e-06,0.015416363424725809,0.015416363424725809,0.5,7.187089295247775e-06,-3.5192786071910334e-06,64
response_mean,35,12,9.092589607468494e-06,0.015415466226609366,0.015415466226609366,0.5,-0.0002758286445896148,0.0002940138238045518,64
response_first,29,1,4.984455870271116e-06,0.015406208949604379,0.015406208949604379,0.515625,-1.748034890166703e-06,1.171694663070894e-05,64
final_prompt,15,12,3.920704216396832e-06,0.015397975200444216,0.015397975200444216,0.5,3.710247369780079e-06,4.131161063013585e-06,64
response_first,11,11,-3.676517394521346e-06,-0.015387877957606537,0.015387877957606537,0.5,-2.8017595582236442e-05,2.066456079319374e-05,64
public_task_span,24,20,2.3531942474638706e-06,0.015359069932464465,0.015359069932464465,0.5,-4.0075251717994876e-05,4.478164021292261e-05,64
public_task_span,29,4,-5.9394806157799015e-06,-0.015337580078461234,0.015337580078461234,0.5,-0.00021043762262704606,0.00019855866139548622,64
final_prompt,27,19,-1.5778503893673908e-05,-0.01532220995328854,0.01532220995328854,0.53125,-0.0006397696661224219,0.0006082126583350741,64
final_prompt,35,11,-1.2910935765825569e-05,-0.015316480775433306,0.015316480775433306,0.515625,-0.0004139153734285901,0.000388093501896939,64
response_mean,10,0,-4.3798061710731396e-07,-0.015302063953968546,0.015302063953968546,0.5,5.2476151495284284e-06,-6.123576383743057e-06,64
post_selector,19,23,0.00016016892914194695,0.015299599135585887,0.015299599135585887,0.5,0.0015157961461227344,-0.0011954582878388408,64
public_task_span,28,1,-4.108740995429406e-06,-0.01529529344313522,0.01529529344313522,0.5,-0.00016864558938319718,0.0001604281073923384,64
public_task_span,1,26,3.4058753954008104e-05,0.015282343738719182,0.015282343738719182,0.5,0.0014062301634111998,-0.0013381126555031837,64
public_task_span,28,31,-2.666693035274827e-06,-0.01526402554270728,0.01526402554270728,0.5,6.128205313876485e-06,-1.1461591384426134e-05,64
response_mean,10,15,1.2443983905545121e-05,0.015254327573799733,0.015254327573799733,0.53125,-7.782527973166219e-06,3.267049578425646e-05,64
public_task_span,17,23,-2.8249495471763926e-06,-0.015224975464349194,0.015224975464349194,0.5,-4.411473457820681e-05,3.846483548385404e-05,64
response_first,31,14,9.044587756079961e-06,0.015176486941771452,0.015176486941771452,0.515625,-0.0002188956003123874,0.00023698477582454743,64
public_task_span,11,11,-8.507010079474156e-06,-0.015127481836110106,0.015127481836110106,0.46875,3.0720237191423556e-05,-4.773425735037186e-05,64
response_first,27,23,1.8513852673152103e-08,0.015102040434939044,0.015102040434939044,0.5,-2.3129805448718344e-07,2.683257598334876e-07,64
response_first,26,16,7.134996735673723e-07,0.015079026848367623,0.015079026848367623,0.5,1.3184420708965828e-05,-1.1757421361831085e-05,64
response_first,23,18,-2.393058586847019e-07,-0.015073679207480204,0.015073679207480204,0.5,-2.9939776453602462e-06,2.5153659279908425e-06,64
response_mean,16,30,6.367496325760928e-06,0.0150723176994389,0.0150723176994389,0.515625,0.00018961268142445432,-0.0001768776887729325,64
response_mean,7,4,1.8721393324483415e-08,0.015058531343770888,0.015058531343770888,0.5,-4.944919007598969e-08,8.689197672495652e-08,64
response_first,19,14,4.240974760704347e-06,0.015037913533179131,0.015037913533179131,0.484375,6.386172799467311e-07,7.843332241461965e-06,64
response_first,23,1,9.574816033347152e-07,0.015030177601683308,0.015030177601683308,0.5,8.11887667850391e-06,-6.203913471834481e-06,64
response_mean,23,25,2.570962351450407e-06,0.015023655786373338,0.015023655786373338,0.484375,6.046204362061993e-06,-9.042796591611802e-07,64
public_task_span,32,3,-2.3294545826499895e-05,-0.01501955637138478,0.01501955637138478,0.5,-0.0009115827724599202,0.0008649936808069206,64
response_first,11,17,6.119793283683092e-06,0.015015841401437312,0.015015841401437312,0.5,-8.209407224057149e-05,9.433365880793767e-05,64
public_task_span,8,27,-4.521779374046718e-06,-0.01500373057094405,0.01500373057094405,0.5,-6.683017363683882e-05,5.778661488874539e-05,64
final_prompt,34,23,-5.903846727051132e-07,-0.014993598961282197,0.014993598961282197,0.515625,2.0215273934809375e-06,-3.202296738891164e-06,64
response_mean,35,0,7.434486178677849e-06,0.014993341097861273,0.014993341097861273,0.484375,-8.46732291393497e-07,1.5715704648749182e-05,64
response_mean,32,23,-1.5532282304775438e-07,-0.01498350150954177,0.01498350150954177,0.5,3.585592821764294e-06,-3.896238467859803e-06,64
response_mean,25,25,-1.748420709191031e-05,-0.014967659424842183,0.014967659424842183,0.578125,-0.0003509281859805843,0.0003159597717967637,64
public_task_span,10,12,-1.0174273484154064e-05,-0.014958881670425302,0.014958881670425302,0.484375,-0.00020242116443112843,0.00018207261746282027,64
response_mean,32,25,-3.6282298196970743e-06,-0.014953454770343681,0.014953454770343681,0.5,2.9420616101557066e-05,-3.667707574095121e-05,64
public_task_span,21,4,2.142048288077169e-06,0.01494862611302409,0.01494862611302409,0.515625,-1.8791589695863443e-05,2.3075686272017782e-05,64
public_task_span,11,10,-7.162700001116049e-06,-0.014947172804231263,0.014947172804231263,0.5,8.310487726249504e-05,-9.743027726472711e-05,64
final_prompt,27,12,5.044943691241634e-06,0.014944099275358431,0.014944099275358431,0.5,-5.6373167353738625e-05,6.646305473622188e-05,64
final_prompt,10,28,-4.175827825747269e-06,-0.014940209211421225,0.014940209211421225,0.5,6.878337308079721e-05,-7.713502873229176e-05,64
response_first,22,26,-2.3833896705101306e-06,-0.014937727884006153,0.014937727884006153,0.5,-3.787452033064775e-05,3.310774098962749e-05,64
response_mean,29,14,6.856800894182357e-06,0.01491166676874281,0.01491166676874281,0.515625,-0.00018269059648899372,0.0001964041982773584,64
post_selector,25,1,2.957398464788318e-06,0.014905206152799964,0.014905206152799964,0.46875,-9.77294539552355e-05,0.00010364425088481214,64
response_mean,13,2,5.693646244253958e-05,0.014895263957214291,0.014895263957214291,0.5,-0.0006133926099209773,0.0007272655348060564,64
public_task_span,26,18,-8.62110437083064e-06,-0.014842521805956485,0.014842521805956485,0.5,-0.00022795415407016333,0.00021071194532850206,64
public_task_span,3,9,7.837850716896599e-05,0.014839082463832998,0.014839082463832998,0.53125,0.0003333615459268938,-0.0001766045315889617,64
public_task_span,15,6,-8.35373981543644e-07,-0.014832045396044213,0.014832045396044213,0.5,-1.3221285257710995e-05,1.1550537294623706e-05,64
public_task_span,14,27,-1.2215282595205873e-05,-0.014831648211484303,0.014831648211484303,0.5,3.670464866444985e-05,-6.113521385486167e-05,64
response_first,34,20,-5.300056642454365e-07,-0.01479753406513834,0.01479753406513834,0.5,5.1410036974175455e-06,-6.2010150259084185e-06,64
final_prompt,13,23,-1.9365313619346125e-07,-0.014785673636632421,0.014785673636632421,0.5,-2.1548536324189627e-06,1.76754736003204e-06,64
final_prompt,32,15,-7.681695819884282e-06,-0.014754190113786845,0.014754190113786845,0.5,-8.79877125043942e-05,7.262432086462564e-05,64
response_mean,11,6,6.73083513902196e-06,0.01475212787903783,0.01475212787903783,0.515625,5.0669719144022936e-05,-3.7208048865979026e-05,64
response_mean,10,2,-2.6436625830672045e-06,-0.01474729789604763,0.01474729789604763,0.5,3.120842393402779e-06,-8.408167559537192e-06,64
response_first,29,31,3.0085880098340567e-07,0.014732136951598971,0.014732136951598971,0.5,-3.2221093348994145e-06,3.823826936866226e-06,64
final_prompt,34,3,-7.128153083612493e-05,-0.014714636002611243,0.014714636002611243,0.5,-0.002014015750319219,0.0018714526886469685,64
response_first,17,25,1.027327433955616e-07,0.014710832248257498,0.014710832248257498,0.5,-1.7940622079326562e-06,1.9995276947237794e-06,64
response_first,6,19,-0.00018267557607032478,-0.01469727143008321,0.01469727143008321,0.5,0.0016843274061102314,-0.0020496785582508814,64
final_prompt,13,13,8.265576383326859e-07,0.014693812326172968,0.014693812326172968,0.5,-1.7670825542377448e-05,1.932394081904282e-05,64
response_mean,16,5,-3.0015766014917055e-06,-0.014687688425693655,0.014687688425693655,0.515625,7.636591067237669e-05,-8.23690638753601e-05,64
final_prompt,26,16,-5.243120085648599e-06,-0.01468589406268957,0.01468589406268957,0.515625,5.513890755537413e-05,-6.562514772667132e-05,64
final_prompt,27,5,9.97516735881446e-07,0.014682189036107745,0.014682189036107745,0.5,2.6199822968965213e-06,-6.249488251336312e-07,64
public_task_span,10,14,-1.3064669474268888e-05,-0.014674145678957536,0.014674145678957536,0.484375,-1.6574558685681425e-06,-2.4471883079969674e-05,64
final_prompt,32,10,1.4843951248621858e-05,0.014664976375276017,0.014664976375276017,0.5,-0.0003105081505054719,0.0003401960530027156,64
response_mean,32,19,-1.0209085417021668e-06,-0.01466456727428572,0.01466456727428572,0.5,-1.7791697928253605e-05,1.5749880844849274e-05,64
public_task_span,9,20,-4.782986252395081e-06,-0.014663094026129699,0.014663094026129699,0.484375,-0.0001252021847903876,0.00011563621228559746,64
response_first,33,7,9.15010878088387e-06,0.01464481147573757,0.01464481147573757,0.5,-0.00021235460326351135,0.00023065482082527912,64
public_task_span,22,18,2.514950324439191e-06,0.014644713753539788,0.014644713753539788,0.5,-5.503011220752453e-05,6.006001285640292e-05,64
public_task_span,8,12,-3.448373036005194e-06,-0.014639432495130056,0.014639432495130056,0.484375,-7.009495629971602e-05,6.319821022770562e-05,64
public_task_span,28,27,-9.694810501073007e-07,-0.014624423837235882,0.014624423837235882,0.5,-1.4392412253982762e-05,1.245345015376816e-05,64
response_first,18,20,3.2598326971111646e-07,0.01461973743882865,0.01461973743882865,0.5,6.869284810306908e-06,-6.217318270884675e-06,64
public_task_span,25,9,1.2265148029650026e-05,0.014594706054710993,0.014594706054710993,0.484375,-4.567418523038975e-05,7.020448128968974e-05,64
response_mean,22,3,7.256170647455498e-06,0.014574663508434879,0.014574663508434879,0.484375,6.791238592995978e-05,-5.3400044635048774e-05,64
response_first,27,8,5.490492611670561e-07,0.014560889114872895,0.014560889114872895,0.515625,-8.787315124436645e-06,9.885413646770758e-06,64
final_prompt,15,14,1.5661168362157696e-07,0.01455622608823656,0.01455622608823656,0.515625,5.451845410675559e-07,-2.3196117382440207e-07,64
final_prompt,13,15,2.0763766883646895e-07,0.014549886239668675,0.014549886239668675,0.5,-3.2356160915014698e-06,3.6508914291744077e-06,64
public_task_span,28,25,-1.6710505406087953e-06,-0.014547101914402765,0.014547101914402765,0.5,-8.322019311891319e-06,4.979918230673725e-06,64
final_prompt,20,8,3.467742885730341e-06,0.014534522485899246,0.014534522485899246,0.546875,-3.897046408951504e-05,4.5905949860975724e-05,64
public_task_span,10,7,-1.0420801118018411e-05,-0.014514998960376281,0.014514998960376281,0.5,5.9576113017091915e-05,-8.041771525312876e-05,64
public_task_span,30,7,-6.229749260455714e-06,-0.014507793387001701,0.014507793387001701,0.5,2.042326286752247e-06,-1.4501824807663699e-05,64
public_task_span,18,11,1.0083318784384793e-05,0.014476257548603603,0.014476257548603603,0.5,5.002141210751799e-05,-2.9854774538748418e-05,64
post_selector,0,4,0.00017251974350074046,0.014469475492417372,0.014469475492417372,0.5,0.0032290652015944873,-0.0028840257145930064,64
response_mean,14,1,3.8981813759148965e-06,0.014463705470015763,0.014463705470015763,0.5,5.8124855513590066e-05,-5.0328492761760266e-05,64
public_task_span,28,22,1.8071715203400867e-05,0.014456365750196645,0.014456365750196645,0.5,-0.0005433305377664482,0.00057947396817325,64
post_selector,16,19,-0.0001592642438481501,-0.014452953123941126,0.014452953123941126,0.46875,0.0013143893156666343,-0.0016329178033629343,64
response_mean,28,31,4.0782791188576105e-07,0.014445930441035221,0.014445930441035221,0.484375,2.304277813891531e-06,-1.488621990120009e-06,64
public_task_span,20,22,-3.884553507302984e-06,-0.01441479601278062,0.01441479601278062,0.5,-7.163944997045778e-05,6.387034295585181e-05,64
public_task_span,21,20,-7.755515071038539e-06,-0.01440539885035133,0.01440539885035133,0.5,-0.00019754487675525284,0.00018203384661317573,64
response_first,25,0,1.4974497020148192e-07,0.014387771315570813,0.014387771315570813,0.5,-2.770201035673381e-06,3.0696909760763447e-06,64
final_prompt,1,15,2.2913978341393964e-06,0.014344612311724458,0.014344612311724458,0.5,-2.6862009462997858e-05,3.144480513127666e-05,64
public_task_span,31,1,2.613328888397316e-06,0.01434216460603705,0.01434216460603705,0.5,-5.849484159624324e-05,6.372149937303788e-05,64
final_prompt,19,19,5.033651063969315e-06,0.014332138564224146,0.014332138564224146,0.5,-2.1855218847113554e-05,3.1922520975052185e-05,64
response_mean,18,31,2.8480118089653465e-05,0.014330836676426428,0.014330836676426428,0.515625,0.00045766007769997566,-0.00040069984152066865,64
response_mean,19,5,-7.001357971601227e-06,-0.014320353891315467,0.014320353891315467,0.5,-5.39502316314452e-05,3.994751568824276e-05,64
response_mean,31,10,7.810218903612882e-06,0.014284920057947141,0.014284920057947141,0.53125,-3.5907192796008596e-05,5.152763060323435e-05,64
public_task_span,27,8,-1.2281684121265537e-05,-0.01425569400569065,0.01425569400569065,0.5,-0.0003701969608300617,0.0003456335925875305,64
response_first,13,15,1.550676182659961e-05,0.014252940365803527,0.014252940365803527,0.515625,-0.0003416847915786863,0.0003726983152318856,64
final_prompt,35,20,6.626732101722125e-06,0.014252610671004143,0.014252610671004143,0.5,-9.137445431405507e-05,0.00010462791851749935,64
public_task_span,8,24,-5.188231443753592e-05,-0.014246482940443122,0.014246482940443122,0.5,-0.0005278677854221281,0.0004241031565470563,64
response_mean,11,16,-5.954380685580012e-05,-0.014240230335970364,0.014240230335970364,0.5,0.00038281569868558107,-0.0005019033123971812,64
final_prompt,11,31,-6.347317480517063e-07,-0.01423854673884198,0.01423854673884198,0.5,8.53444316817034e-06,-9.803906664273753e-06,64
final_prompt,32,20,-1.831951749402833e-06,-0.014224818524277733,0.014224818524277733,0.5,-1.3852031543135903e-05,1.0188128044330237e-05,64
public_task_span,9,24,-1.453851723454136e-07,-0.014185378786403158,0.014185378786403158,0.5,-2.000297399717965e-06,1.709527055027138e-06,64
response_mean,30,5,8.636639847745757e-07,0.014178517025752865,0.014178517025752865,0.5,-1.6729208141435472e-05,1.8456536110984623e-05,64
response_mean,35,15,1.0379351806472605e-05,0.014176316170071954,0.014176316170071954,0.484375,-0.0003906203855876605,0.0004113790892006057,64
response_first,23,21,1.172970030440491e-06,0.014154348321410569,0.014154348321410569,0.5,-3.054371705956284e-05,3.288965712044382e-05,64
public_task_span,23,7,1.1280279750290807e-06,0.014151419662782825,0.014151419662782825,0.515625,-1.720662964998633e-05,1.9462685600044494e-05,64
response_first,18,1,-5.547852595091618e-07,-0.014147280604558929,0.014147280604558929,0.484375,1.7509883889487106e-05,-1.861945440850543e-05,64
final_prompt,25,3,-3.1802984779005783e-07,-0.014104164060912841,0.014104164060912841,0.46875,4.0733368678047555e-07,-1.0433933823605912e-06,64
response_first,23,25,2.2215584749567347e-06,0.014093877032434964,0.014093877032434964,0.5,-2.4491468366243033e-05,2.89345853161565e-05,64
public_task_span,21,25,1.821767853015423e-05,0.014065270320584059,0.014065270320584059,0.5,-0.00036668470079349164,0.00040312005785379996,64
response_first,12,27,2.1358820276896825e-06,0.014060239434892515,0.014060239434892515,0.5,-6.660441385971842e-06,1.0932205441351207e-05,64
response_first,18,4,1.1897555509702558e-06,0.014052638425437426,0.014052638425437426,0.5,-4.194473149250434e-06,6.573984251190946e-06,64
response_first,23,19,-2.8659712114631475e-07,-0.014042796068394457,0.014042796068394457,0.5,-4.379852157399e-06,3.8066579151063706e-06,64
response_first,1,29,1.7558472791271e-05,0.014039344976508404,0.014039344976508404,0.5,-0.0002849681395673511,0.0003200850851498931,64
final_prompt,31,24,-7.821167400832805e-06,-0.014037677156242852,0.014037677156242852,0.5,-0.00013375301705308124,0.00011811068225141562,64
response_mean,27,23,-8.95016185609166e-08,-0.014032808998516689,0.014032808998516689,0.484375,-1.3201514477145793e-06,1.1411482105927462e-06,64
public_task_span,13,2,-3.080666374445035e-05,-0.014030283430213125,0.014030283430213125,0.484375,-2.6088387130588178e-05,-3.5524940358312466e-05,64
response_first,9,17,1.722262186376654e-05,0.014029785620241835,0.014029785620241835,0.515625,-0.00014268756785895613,0.00017713281158648927,64
response_first,11,4,-3.3891468547121076e-06,-0.014029127632863611,0.014029127632863611,0.5,6.116294366620252e-05,-6.794123737562674e-05,64
response_mean,28,28,5.68276561806798e-07,0.01400245517333772,0.01400245517333772,0.515625,-1.4755414667885109e-05,1.5891967791498705e-05,64
final_prompt,17,3,3.601941955364606e-06,0.013999181165883615,0.013999181165883615,0.5,-2.0458945186873782e-05,2.7662829097602978e-05,64
response_first,15,15,9.497585565232388e-09,0.013997859446890155,0.013997859446890155,0.515625,2.003007129602885e-07,-1.8130554182982372e-07,64
response_first,3,7,-4.2353014229946397e-05,-0.013991446758210745,0.013991446758210745,0.5,0.0007191303688927014,-0.0008038363973525942,64
response_first,20,9,2.7914055067412846e-07,0.0139493191800751,0.0139493191800751,0.515625,-1.7415965203326778e-06,2.2998776216809347e-06,64
response_first,15,0,-1.3187499916961208e-05,-0.013949043187178947,0.013949043187178947,0.484375,0.00013805421713188206,-0.00016442921696580446,64
response_first,21,0,-2.6631277627586756e-08,-0.013946414561022299,0.013946414561022299,0.5,-2.1828750185193257e-07,1.6502494659675904e-07,64
final_prompt,19,17,6.917729024281645e-06,0.01392775110749593,0.01392775110749593,0.5,-0.00011207315219507025,0.00012590861024363355,64
final_prompt,11,11,-7.267331056921202e-07,-0.013924445547513577,0.013924445547513577,0.5,-8.896148642632917e-06,7.442682431248676e-06,64
final_prompt,16,20,-1.588352972699803e-06,-0.013919377586299072,0.013919377586299072,0.5,-2.3541221935363276e-05,2.036451598996367e-05,64
final_prompt,13,12,5.41819811239463e-10,0.013918414924979087,0.013918414924979087,0.484375,-2.9965925296693285e-09,4.080232152148256e-09,64
response_first,7,12,-1.6507142319710524e-08,-0.013915703331022275,0.013915703331022275,0.5,-1.1523469467533687e-07,8.222041003591582e-08,64
public_task_span,35,16,-1.05700462427279e-06,-0.01390428897906515,0.01390428897906515,0.484375,-2.4759452344365698e-05,2.2645443095820117e-05,64
public_task_span,30,24,-6.2730205172574714e-06,-0.013895577508155224,0.013895577508155224,0.5,-0.0002712463556235699,0.00025870031458905495,64
response_first,25,13,1.3729947738720554e-06,0.013892616276330953,0.013892616276330953,0.5,-2.070296915234626e-05,2.344895870009037e-05,64
response_first,30,18,8.90193973643693e-07,0.013892261818358296,0.013892261818358296,0.5,7.038918965913336e-06,-5.258531018625952e-06,64
response_first,8,9,-6.504223968313434e-07,-0.013866201546366563,0.013866201546366563,0.515625,1.3753399528578175e-05,-1.5054244322240862e-05,64
response_first,21,8,1.6462806726746198e-06,0.01386299337188188,0.01386299337188188,0.5,6.259014284633122e-06,-2.9664529392838814e-06,64
response_first,22,16,7.663920200684583e-07,0.013861357167042267,0.013861357167042267,0.515625,-2.0366028024906236e-05,2.1898812065043152e-05,64
public_task_span,12,21,-3.504082314979009e-06,-0.013840928526966183,0.013840928526966183,0.5,-0.00011654805757642331,0.00010953989294646529,64
public_task_span,16,7,2.0663386749214063e-05,0.013836727289656283,0.013836727289656283,0.5,0.00033897347566379374,-0.0002976467021653656,64
response_first,26,2,-2.9961313430254693e-06,-0.01383041316800588,0.01383041316800588,0.5,-4.9831545084082645e-05,4.3839282398031715e-05,64
public_task_span,33,6,-2.4777031285335078e-05,-0.013787704298100861,0.013787704298100861,0.484375,-0.0010055214370367736,0.0009559673744661035,64
public_task_span,32,20,-5.765171522390893e-07,-0.013785593895270455,0.013785593895270455,0.5,-7.919248616873103e-06,6.766214312394924e-06,64
final_prompt,33,27,-4.630717569398257e-07,-0.01377640792293265,0.01377640792293265,0.46875,-1.2696952865098865e-05,1.1770809351219214e-05,64
public_task_span,5,0,-8.287785931314726e-06,-0.013765890989071999,0.013765890989071999,0.5,-8.654036537335535e-05,6.99647935107259e-05,64
response_first,12,8,-4.424041435413542e-06,-0.01373302256737508,0.01373302256737508,0.5,-1.4003824162499932e-05,5.155741291672866e-06,64
response_first,30,23,-3.7697554944315915e-07,-0.013718260211797407,0.013718260211797407,0.5,-2.7703914042831457e-06,2.016440305396827e-06,64
final_prompt,9,10,-3.186679506939072e-07,-0.013711022891005897,0.013711022891005897,0.484375,2.0508601323854236e-06,-2.688196033773238e-06,64
public_task_span,8,1,-4.1416806197918096e-06,-0.013702857704901815,0.013702857704901815,0.5,3.5761309391086086e-05,-4.404467063066971e-05,64
final_prompt,32,28,-5.257394931843912e-06,-0.013664394158931495,0.013664394158931495,0.5,9.385173953545862e-05,-0.00010436652939914647,64
final_prompt,20,29,5.115754561301023e-06,0.013661020919212011,0.013661020919212011,0.46875,-1.1618624057510017e-05,2.1850133180112083e-05,64
public_task_span,19,9,-8.530580089427832e-06,-0.013659751054883519,0.013659751054883519,0.484375,-0.00023830968484615098,0.00022124852466729532,64
response_mean,11,5,3.7957751715076937e-06,0.013645614474437913,0.013645614474437913,0.5,-2.8701651444861456e-05,3.629320178787683e-05,64
public_task_span,35,23,-1.940427318914371e-05,-0.013634245584290865,0.013634245584290865,0.5,-0.00021067223860883662,0.00017186369223054916,64
response_first,30,10,-7.274057054456781e-07,-0.013629297059635313,0.013629297059635313,0.5,-1.1812092310488453e-05,1.0357280899597097e-05,64
final_prompt,11,27,-1.108389398041254e-07,-0.013621735739119699,0.013621735739119699,0.5,7.91723778093001e-07,-1.0134016577012517e-06,64
response_first,17,29,4.13411109789763e-08,0.013619769971510225,0.013619769971510225,0.5,5.970016783152232e-07,-5.143194563572706e-07,64
response_mean,18,28,4.929517081109778e-05,0.013611486287502316,0.013611486287502316,0.484375,0.0009605455315977415,-0.0008619551899755459,64
public_task_span,28,24,-6.196438562253813e-07,-0.013604936794028872,0.013604936794028872,0.5,-3.681696512104683e-06,2.4424087996539204e-06,64
response_first,20,4,5.4664983508648726e-06,0.013553370861725898,0.013553370861725898,0.5,-4.581073108057471e-05,5.6743727782304455e-05,64
final_prompt,33,13,2.388046232226555e-05,0.013529724710856155,0.013529724710856155,0.5,-0.00045697203313466124,0.0005047329577791925,64
final_prompt,35,19,6.462199507954926e-06,0.013505922709612952,0.013505922709612952,0.53125,-0.00011254204491705756,0.00012546644393296742,64
post_selector,2,12,-3.297285638837399e-05,-0.013505888806224244,0.013505888806224244,0.5,-7.661400741199381e-05,1.0668294635245807e-05,64
public_task_span,15,4,2.9207885745554007e-06,0.013504064917974836,0.013504064917974836,0.5,-7.161484586502793e-05,7.745642301413874e-05,64
response_mean,16,25,-1.727345170366084e-05,-0.013497188967658337,0.013497188967658337,0.5,-0.00018703126261242968,0.00015248435920510792,64
public_task_span,6,10,-1.3672681234313806e-05,-0.0134933761791636,0.0134933761791636,0.5,-0.00018127633666154013,0.00015393097419291252,64
response_mean,33,22,-2.964266741397539e-06,-0.013492788334363858,0.013492788334363858,0.5,-0.00016535244503753938,0.0001594239115547443,64
response_mean,11,0,-4.3736716179415606e-05,-0.013492647121986721,0.013492647121986721,0.515625,-0.0007335667833103885,0.0006460933509515572,64
response_first,29,25,1.6638474789935875e-05,0.013478871331147058,0.013478871331147058,0.515625,-0.0004262696247678711,0.0004595465743477428,64
public_task_span,27,2,-3.3113121844507987e-07,-0.013467240649178664,0.013467240649178664,0.5,-1.029946577091323e-05,9.63720333402307e-06,64
final_prompt,8,3,-4.94124094529687e-07,-0.01344869678267199,0.01344869678267199,0.5,-7.637338057972783e-06,6.649089868913409e-06,64
response_first,35,30,-9.374568435302699e-06,-0.013441356917443553,0.013441356917443553,0.5,5.7746613492780576e-05,-7.649575036338595e-05,64
response_mean,12,29,4.62418108782103e-06,0.01343947285010161,0.01343947285010161,0.5,-0.0001487864190039405,0.00015803478117958254,64
response_mean,16,7,3.0747354230698426e-05,0.013439057027561256,0.013439057027561256,0.5,-6.081715491745824e-05,0.00012231186337885515,64
response_first,29,14,4.582510598535842e-06,0.013409449138396732,0.013409449138396732,0.5,-0.00015212635952364332,0.00016129138072071503,64
response_first,7,20,-1.4236024981128641e-06,-0.013400746559361985,0.013400746559361985,0.5,-4.144147169432632e-06,1.2969421732069041e-06,64
response_mean,12,12,-5.65609627755906e-06,-0.013396764847954828,0.013396764847954828,0.5,-0.00012350996485110472,0.00011219777229598657,64
final_prompt,34,14,-8.060986147024365e-06,-0.013384752012608789,0.013384752012608789,0.5,-4.9386479076923725e-05,3.3264506782874995e-05,64
response_first,31,21,-1.3874596760388158e-07,-0.013383228672223347,0.013383228672223347,0.5,-7.20360203843029e-06,6.926110103222527e-06,64
final_prompt,33,24,1.168425592368309e-05,0.013351607742111537,0.013351607742111537,0.484375,0.0001401632584929683,-0.0001167947466456021,64
public_task_span,27,29,2.2922602511237566e-05,0.013330211337809622,0.013330211337809622,0.5,-0.00015637303476979592,0.0002022182397922711,64
public_task_span,9,28,3.927142646622126e-07,0.013326377290796944,0.013326377290796944,0.453125,4.237563548057129e-06,-3.452135018732704e-06,64
public_task_span,6,11,-3.8181759009601514e-05,-0.013321050728476303,0.013321050728476303,0.5,-0.0003639676579041283,0.000287604139884925,64
public_task_span,16,0,1.5446188740495422e-05,0.01329941426817107,0.01329941426817107,0.5,0.00019885098959092058,-0.00016795861210992975,64
final_prompt,18,13,3.909021188519188e-06,0.013267165355127505,0.013267165355127505,0.5,0.00018182895473725235,-0.00017401091236021396,64
final_prompt,12,14,6.863584758319279e-06,0.013261445056743173,0.013261445056743173,0.5,-2.0566049869325425e-05,3.429321938596398e-05,64
post_selector,5,3,7.522571695517318e-05,0.013240997365888895,0.013240997365888895,0.515625,0.0016100016619020633,-0.0014595502279917173,64
response_mean,9,26,-2.3166578557705318e-06,-0.013212840173160864,0.013212840173160864,0.5,-2.098127049520489e-05,1.634795478366383e-05,64
public_task_span,25,31,-7.160807399490337e-06,-0.013207437366802065,0.013207437366802065,0.5,-9.276524542655848e-05,7.844363062757782e-05,64
final_prompt,7,12,-7.581009413116365e-06,-0.013200494530000127,0.013200494530000127,0.5,-0.0001580787575221566,0.00014291673869592386,64
public_task_span,13,1,-2.2986375142869134e-05,-0.013200177736910203,0.013200177736910203,0.5,-0.0008627751362837206,0.0008168023859979822,64
response_first,14,0,-2.026096179719159e-07,-0.013186889281904292,0.013186889281904292,0.5,-1.8088120725678891e-06,1.403592836624057e-06,64
final_prompt,35,23,-1.7030084563883068e-05,-0.01318373633243474,0.01318373633243474,0.5,-0.00043004033250326084,0.0003959801633754947,64
response_mean,24,28,1.791692602636961e-05,0.0131825836029705,0.0131825836029705,0.5,-0.0007630808531757612,0.0007989147052285004,64
response_mean,29,18,3.0244254389834133e-06,0.013180915384837545,0.013180915384837545,0.515625,-0.00012447433391569275,0.00013052318479365955,64
response_mean,18,6,1.6705746446629825e-05,0.013163005325020323,0.013163005325020323,0.484375,-7.1818123046784e-05,0.00010522961594004366,64
public_task_span,18,1,7.4967638283844696e-06,0.013132719058468002,0.013132719058468002,0.5,-0.00011319588156766444,0.00012818940922443344,64
public_task_span,15,30,-5.6200431117774574e-06,-0.013131667482401691,0.013131667482401691,0.515625,-6.588192127308885e-05,5.464183504953395e-05,64
response_first,30,14,9.238117470999896e-08,0.013130645155231173,0.013130645155231173,0.5,-8.787478158467366e-07,1.0635101652667345e-06,64
final_prompt,2,27,-6.420746103688737e-07,-0.013126784303484554,0.013126784303484554,0.5,3.176079758304968e-06,-4.460228979042715e-06,64
response_mean,18,4,4.491134632193709e-06,0.01311650161144272,0.01311650161144272,0.5,-9.256697467199265e-06,1.823896673158667e-05,64
final_prompt,11,29,-1.3094570476807405e-06,-0.013103662834025923,0.013103662834025923,0.5,-2.7050264179698605e-05,2.4431350084337134e-05,64
response_mean,9,24,6.098041694710523e-06,0.013095348285961204,0.013095348285961204,0.5,-1.0021649359257755e-05,2.221773274867879e-05,64
response_mean,18,13,-1.7442331227362964e-05,-0.013082593705458313,0.013082593705458313,0.5,0.000801642892838544,-0.00083652755529327,64
public_task_span,8,19,-2.0086682525289938e-05,-0.013081192760628833,0.013081192760628833,0.5625,-0.00027586310534388975,0.00023568974029330994,64
public_task_span,26,30,-2.7284173711419386e-06,-0.01308048355684056,0.01308048355684056,0.5,-9.366721087642697e-05,8.821037613414309e-05,64
response_first,11,16,-6.912683602421869e-05,-0.013079054316769081,0.013079054316769081,0.5,-0.0003352167041157343,0.0001969630320672969,64
response_mean,22,31,1.1620908480840642e-05,0.01306088796560832,0.01306088796560832,0.5,-0.00016944994422373437,0.00019269176118541563,64
response_first,29,23,-7.366267951169897e-08,-0.0130428108744759,0.0130428108744759,0.5,-1.8890225561563057e-06,1.7416971971329076e-06,64
response_mean,20,4,6.870533161418231e-05,0.013042654363653495,0.013042654363653495,0.5,0.0014406871705432275,-0.0013032765073148636,64
response_mean,17,5,-1.266528261111962e-05,-0.013024453127702507,0.013024453127702507,0.5,-0.00022993704078544386,0.0002046064755632046,64
response_first,28,4,1.0371605867477143e-06,0.013020659410664432,0.013020659410664432,0.5,-1.1358435358484706e-05,1.3432756531980133e-05,64
response_first,19,10,1.0068584970204687e-06,0.013019265610521672,0.013019265610521672,0.515625,-7.128295464988156e-07,2.726546540539753e-06,64
public_task_span,1,17,1.5423167496926293e-05,0.012997209748329875,0.012997209748329875,0.5,0.00027477313415147505,-0.0002439267991576224,64
public_task_span,26,9,-9.659449915484189e-07,-0.012988739419227398,0.012988739419227398,0.5,6.9594365186268e-06,-8.891326501723637e-06,64
response_mean,2,31,-2.473129529789443e-05,-0.012982198740325395,0.012982198740325395,0.515625,0.00019723483683264703,-0.0002466974274284359,64
response_first,25,23,1.6723397422424569e-07,0.012972514581466631,0.012972514581466631,0.5,-2.9387220195076225e-06,3.273189967956114e-06,64
response_mean,22,26,-8.601066951996947e-07,-0.012953910864925137,0.012953910864925137,0.5,-2.0065390117448998e-05,1.8345176727049608e-05,64
final_prompt,25,18,3.5305070866797905e-07,0.012937825982452083,0.012937825982452083,0.5,-5.451148709312292e-06,6.1572501266482504e-06,64
final_prompt,16,8,9.633391186990702e-07,0.012925645102273496,0.012925645102273496,0.5,-2.5057996651852282e-05,2.6984674889250426e-05,64
public_task_span,10,27,-6.032647775100711e-06,-0.012922070381254955,0.012922070381254955,0.5,-0.00010008677713812342,8.8021481587922e-05,64
public_task_span,21,11,1.1868583214887038e-05,0.012920044895793292,0.012920044895793292,0.515625,2.2432600417223892e-05,1.3045660125501836e-06,64
public_task_span,17,13,3.1225927159490686e-06,0.01291333137895149,0.01291333137895149,0.515625,8.770065051063188e-06,-2.524879619165051e-06,64
public_task_span,19,20,-5.394659865487488e-07,-0.01290622439868031,0.01290622439868031,0.5,1.702096437838918e-05,-1.8099896351486677e-05,64
response_mean,7,23,-1.1191292571768578e-05,-0.012901278036887868,0.012901278036887868,0.5,-7.106731686676406e-06,-1.5275853456860737e-05,64
response_mean,15,28,-7.636359669048399e-06,-0.012878398544089446,0.012878398544089446,0.5,-2.535211160647143e-05,1.007939226837464e-05,64
post_selector,21,4,8.838919939075511e-06,0.01287819469760636,0.01287819469760636,0.546875,4.0365513996221843e-05,-2.2687674118070767e-05,64
response_first,12,0,-3.6142336057309876e-07,-0.012870184811850677,0.012870184811850677,0.5,-8.138198381857364e-08,-6.414647373276239e-07,64
response_first,13,14,4.6355369853779865e-07,0.012867731637222131,0.012867731637222131,0.515625,-6.971691892234293e-06,7.89879928930989e-06,64
public_task_span,7,4,7.414426017593456e-09,0.012860804016183242,0.012860804016183242,0.53125,-7.488303388480944e-08,8.971188591999635e-08,64
public_task_span,6,2,-1.586882990522941e-05,-0.012860178360992519,0.012860178360992519,0.484375,0.00017512048907520212,-0.00020685814888566097,64
public_task_span,25,3,-5.222996151132975e-07,-0.012847417871496326,0.012847417871496326,0.515625,-1.7983453517445014e-06,7.537461215179064e-07,64
response_first,32,2,7.75729404267885e-06,0.012846358462711385,0.012846358462711385,0.53125,-0.00032678280035722046,0.0003422973884425781,64
public_task_span,12,30,-5.386508888705859e-06,-0.012824249805266953,0.012824249805266953,0.5,-0.0001314228084083851,0.00012064979063097337,64
final_prompt,34,2,3.004798600158831e-05,0.01282352655259891,0.01282352655259891,0.5,0.00014249266678235007,-8.239669477917336e-05,64
final_prompt,9,26,8.616598989874547e-08,0.012797735755438298,0.012797735755438298,0.5,-1.3463497481325248e-06,1.5186817279300158e-06,64
final_prompt,2,13,-3.686184300019458e-06,-0.012794315018732598,0.012794315018732598,0.5,7.497771980524759e-05,-8.23500884052865e-05,64
final_prompt,27,21,9.771486475067188e-06,0.012793895359697193,0.012793895359697193,0.5,-0.00010990550708811877,0.00012944848003825312,64
response_first,10,6,-9.31022600524876e-06,-0.012781901216769627,0.012781901216769627,0.5,-0.00020616168058040633,0.00018754122856990885,64
response_first,7,4,9.098057696110825e-09,0.012774967733152768,0.012774967733152768,0.5,-7.186249140200829e-08,9.005860679422996e-08,64
public_task_span,18,7,1.0479027196197069e-05,0.012774337137827257,0.012774337137827257,0.53125,-0.00014089817511831203,0.0001618562295107062,64
public_task_span,7,13,-3.292017709098441e-06,-0.012769790338815774,0.012769790338815774,0.5,-5.646970748906179e-07,-6.019338343306251e-06,64
response_first,30,17,5.256417807682689e-06,0.012766514193769387,0.012766514193769387,0.546875,-0.00013900717021897067,0.00014952000583433604,64
response_mean,9,2,-2.6275070013098245e-06,-0.012743597562418253,0.012743597562418253,0.5,-6.483136849055177e-05,5.9576354487932125e-05,64
post_selector,35,10,3.9991318772073507e-05,0.012743359422726162,0.012743359422726162,0.5,-0.000698137162544303,0.00077811980008845,64
public_task_span,30,22,7.2998118412197306e-06,0.01272333065917464,0.01272333065917464,0.515625,-0.00012862398943978658,0.000143223613122226,64
public_task_span,22,23,2.716384734924303e-07,0.012717824725483846,0.012717824725483846,0.515625,-3.8007843699006116e-06,4.3440613168854725e-06,64
public_task_span,35,29,8.517062269674958e-06,0.012707454735681235,0.012707454735681235,0.5,-0.00014719323735334184,0.00016422736189269178,64
public_task_span,10,19,-3.7539352888387234e-06,-0.012695021608741613,0.012695021608741613,0.5,1.8738696780923567e-05,-2.6246567358600994e-05,64
response_mean,20,26,6.881141189295956e-06,0.012689002979944963,0.012689002979944963,0.5,-0.00014645023429691586,0.0001602125166755078,64
public_task_span,35,19,-1.277624323847955e-05,-0.012679278950277355,0.012679278950277355,0.5,-0.0002521407004678553,0.00022658821399089616,64
response_first,33,6,2.144762493117186e-05,0.012677182802114214,0.012677182802114214,0.5,-0.0006283593356783969,0.0006712545855407407,64
final_prompt,30,2,2.4366152047161513e-06,0.012654692949674539,0.012654692949674539,0.53125,-3.8486176890721143e-05,4.3359407300153446e-05,64
final_prompt,14,10,9.004150598458611e-07,0.012634586354073421,0.012634586354073421,0.5,-3.898462011881839e-06,5.69929213157356e-06,64
final_prompt,13,14,8.031555580611392e-07,0.012630993455310697,0.012630993455310697,0.5,-4.232061655784999e-06,5.838372771907278e-06,64
response_mean,8,23,-3.1837330425352553e-06,-0.012629076025188186,0.012629076025188186,0.484375,-3.1214653972710826e-05,2.4847187887640323e-05,64
response_first,17,31,1.7238775138275764e-09,0.01259987203759138,0.01259987203759138,0.484375,-2.9149946737666577e-08,3.259770176532173e-08,64
public_task_span,29,25,-5.3887215472059324e-05,-0.012594478295885388,0.012594478295885388,0.46875,-0.002563723206549156,0.0024559487756050376,64
final_prompt,19,18,7.351022475160262e-07,0.012590402158216926,0.012590402158216926,0.515625,-7.581141630907493e-06,9.051346125939545e-06,64
public_task_span,25,17,-9.444937063591117e-07,-0.012587930263223307,0.012587930263223307,0.484375,-1.9514222231011293e-05,1.7625234818293074e-05,64
public_task_span,31,15,-2.2261749791142567e-05,-0.012580333083861943,0.012580333083861943,0.515625,-0.0005402448512086082,0.0004957213516263231,64
final_prompt,10,6,-2.3758191218795476e-06,-0.012563197059998445,0.012563197059998445,0.5,1.5709782019256566e-05,-2.0461420263015665e-05,64
response_mean,18,10,-2.032542522556344e-05,-0.012560933935643894,0.012560933935643894,0.5,0.0009993243406824718,-0.0010399751911335988,64
response_first,32,12,3.2119946808891585e-06,0.012541357193399839,0.012541357193399839,0.5,-5.099988129587489e-05,5.7423870657653215e-05,64
public_task_span,30,25,-4.616603519024691e-06,-0.012507126667005082,0.012507126667005082,0.5,-0.00010325250309505755,9.401929605700818e-05,64
response_first,12,6,8.29724962159052e-06,0.01250036278710772,0.01250036278710772,0.5,-8.995043287995191e-05,0.00010654493212313294,64
response_first,15,27,2.4284662197837664e-09,0.012473658503258284,0.012473658503258284,0.515625,-4.680627016528937e-08,5.1663202604856906e-08,64
public_task_span,24,27,7.155591083574065e-05,0.01245995328343688,0.01245995328343688,0.5,-0.0015360699762822971,0.0016791817979537782,64
response_first,9,1,1.734477905304327e-06,0.012432756171644566,0.012432756171644566,0.5,-2.157128847094608e-06,5.626084657703256e-06,64
final_prompt,32,18,-7.840187095095323e-07,-0.012428868450031764,0.012428868450031764,0.5,-2.243965695924937e-05,2.0871619540230306e-05,64
response_first,28,11,6.2844200101571906e-06,0.012418875970424485,0.012418875970424485,0.546875,-0.0002062177861716929,0.00021878662619200727,64
final_prompt,31,16,7.607716128182359e-07,0.012378713192628158,0.012378713192628158,0.515625,-9.0120298352709e-06,1.053357306090737e-05,64
response_mean,34,13,1.0011903555090809e-06,0.012367642124037001,0.012367642124037001,0.515625,6.042493168930016e-06,-4.040112457911852e-06,64
post_selector,0,27,-8.597875421401742e-05,-0.012359974594085736,0.012359974594085736,0.53125,-0.002155021793441847,0.0019830642850138126,64
final_prompt,28,16,-3.088470691643463e-06,-0.012341983696172723,0.012341983696172723,0.515625,-0.0001304229124343523,0.0001242459710510654,64
response_mean,17,7,8.127216005954157e-06,0.012341890161902125,0.012341890161902125,0.5,-0.0002046826962214212,0.00022093712823332954,64
post_selector,31,10,-3.564717371773732e-05,-0.012333330867607316,0.012333330867607316,0.484375,-0.000685976687236698,0.0006146823398012235,64
response_first,30,8,4.0338305495911045e-06,0.012327572990896816,0.012327572990896816,0.53125,-0.00013797402493762409,0.00014604168603680632,64
response_mean,15,30,1.1459978850324545e-06,0.012320439656982752,0.012320439656982752,0.515625,-1.0276702823831036e-05,1.2568698593895946e-05,64
response_first,17,27,-1.1137588558074017e-06,-0.01231653299283854,0.01231653299283854,0.5,-3.822281028930392e-05,3.599529257768911e-05,64
response_mean,18,2,-2.407724718977308e-05,-0.012295731993955481,0.012295731993955481,0.5,0.00012038528666381642,-0.0001685397810433625,64
public_task_span,7,26,4.011638793601229e-06,0.01228825679027008,0.01228825679027008,0.5,1.083021743396908e-05,-2.8069398467666454e-06,64
response_first,34,30,4.920839501209685e-06,0.012285501182721977,0.012285501182721977,0.515625,-0.00022231674165593276,0.00023215842065835217,64
response_mean,9,31,-3.387993150029545e-06,-0.012278740246045678,0.012278740246045678,0.5,-8.278806829053739e-05,7.60120819904783e-05,64
public_task_span,34,23,-2.7456411544335424e-07,-0.012277883525650336,0.012277883525650336,0.5,2.480062335052935e-06,-3.0291905659396434e-06,64
public_task_span,11,3,-3.0184944989745304e-05,-0.012276623242470548,0.012276623242470548,0.5,-0.0009505379857728186,0.0008901680957933281,64
public_task_span,23,16,-2.6230437697437737e-06,-0.012253134956361501,0.012253134956361501,0.5,-3.93827031075204e-06,-1.3078172287355124e-06,64
final_prompt,31,19,-7.970004048729213e-06,-0.012235545730765395,0.012235545730765395,0.484375,-0.00018533333991399084,0.00016939333181653244,64
public_task_span,28,10,-1.2323645023567582e-05,-0.01223514627458871,0.01223514627458871,0.484375,-0.00015339789206334972,0.00012875060201621456,64
response_first,4,0,0.0001503306339145766,0.012232603350209332,0.012232603350209332,0.484375,-0.0015466439945157405,0.0018473052623448937,64
final_prompt,9,25,1.1339957381986661e-06,0.012223292696398233,0.012223292696398233,0.5,5.141860810904996e-06,-2.8738693345076612e-06,64
public_task_span,26,16,2.1687517346437365e-06,0.012213486240552752,0.012213486240552752,0.5,-3.646854565885706e-05,4.080604912814453e-05,64
response_first,12,21,-7.053823765075714e-07,-0.01221319692329972,0.01221319692329972,0.5,-4.824823804483008e-05,4.683747329181493e-05,64
public_task_span,21,8,2.405747181909642e-06,0.012212523556928105,0.012212523556928105,0.484375,6.335178596827447e-05,-5.854029160445519e-05,64
response_first,17,16,3.35148831709616e-06,0.012201232131796164,0.012201232131796164,0.5,5.924858795935569e-05,-5.2545611325163376e-05,64
public_task_span,22,11,1.6932622884270116e-05,0.012200735553598366,0.012200735553598366,0.515625,-0.0003839727014565007,0.0004178379472250409,64
response_mean,16,6,5.506420222900972e-06,0.012177529101903502,0.012177529101903502,0.515625,-0.00014887850136345834,0.0001598913418092603,64
response_first,25,18,-6.688149909441807e-07,-0.01215919236804921,0.01215919236804921,0.5,8.932869377561666e-07,-2.230916919644527e-06,64
final_prompt,29,29,1.0271222947716003e-06,0.012157720663673792,0.012157720663673792,0.5,1.2430992910591055e-05,-1.0376748321047855e-05,64
final_prompt,31,9,-3.907740756403693e-05,-0.012140374375377598,0.012140374375377598,0.5,-0.001137641338573302,0.0010594865234452282,64
response_first,31,1,-1.6714648154447787e-07,-0.012128984450078584,0.012128984450078584,0.5,-3.6445365338977354e-06,3.3102435708087796e-06,64
public_task_span,0,18,1.3382805263970903e-05,0.012123013674060162,0.012123013674060162,0.5,0.00041415231589778627,-0.00038738670536984444,64
response_first,17,7,-1.3739430926264085e-06,-0.012117536249892208,0.012117536249892208,0.5,-2.685563731574032e-05,2.41077511304875e-05,64
public_task_span,12,26,5.198378175919406e-06,0.012111309964232967,0.012111309964232967,0.5,-0.00012811284523193855,0.00013850960158377738,64
public_task_span,16,15,1.6940244677240624e-05,0.012095749319425045,0.012095749319425045,0.5,-0.0003041243253392063,0.00033800481469368755,64
final_prompt,9,16,3.0982687349023763e-07,0.012095313970160712,0.012095313970160712,0.5,-5.85646466788603e-06,6.476118414866505e-06,64
final_prompt,9,14,-1.5124655874381914e-06,-0.012095107583523716,0.012095107583523716,0.5,-8.824893939165407e-06,5.799962764289031e-06,64
final_prompt,18,18,6.768216527672742e-06,0.012094509852944057,0.012094509852944057,0.5,0.00016224425255372812,-0.00014870781949838266,64
response_first,9,14,6.026750452292555e-05,0.012093719468308632,0.012093719468308632,0.5,0.0005859991179022532,-0.0004654641088564018,64
public_task_span,7,12,-1.060710110322938e-05,-0.01209225683541069,0.01209225683541069,0.5,8.68928364070597e-05,-0.00010810703861351854,64
public_task_span,9,4,-5.897470032315737e-07,-0.012071631681134152,0.012071631681134152,0.484375,-5.8258957551506486e-06,4.646401748687502e-06,64
response_mean,33,21,9.77296758719548e-06,0.012068723259217689,0.012068723259217689,0.53125,-0.0005511470899363751,0.0005706930251107658,64
final_prompt,14,12,8.50345747948978e-06,0.012067698259778863,0.012067698259778863,0.484375,-0.00023237747745951325,0.00024938439241849284,64
response_first,7,29,1.552723318809513e-07,0.012053485570834332,0.012053485570834332,0.5,-1.1557751804502914e-06,1.4663198442121939e-06,64
response_first,35,29,-9.512334145258622e-06,-0.01204974622242734,0.01204974622242734,0.5,6.002090594847901e-05,-7.904557423899625e-05,64
response_first,28,31,4.6182901769513356e-07,0.01204463731402995,0.01204463731402995,0.5,4.2331311078766965e-07,5.00344924602597e-07,64
response_first,34,0,5.126767632646738e-06,0.012007948139794604,0.012007948139794604,0.515625,-0.00015175774615269974,0.00016201128141799323,64
public_task_span,22,21,-1.8512394603906327e-06,-0.012005440533072611,0.012005440533072611,0.5,-4.009940244030776e-05,3.6396923519526486e-05,64
final_prompt,27,18,4.822827395400931e-05,0.012004309090572332,0.012004309090572332,0.5,-0.0028494111611507503,0.0029458677090587687,64
public_task_span,22,13,-1.4506731531587259e-05,-0.011988981127326116,0.011988981127326116,0.5,-0.00012531015090644907,9.62966878432745e-05,64
response_first,15,16,9.495398067826955e-08,0.011974299475838644,0.011974299475838644,0.53125,-2.115588417339609e-06,2.305496378696148e-06,64
final_prompt,32,17,5.98146198171533e-06,0.011972360223077336,0.011972360223077336,0.515625,-0.00019701912151503652,0.00020898204547846716,64
response_first,7,24,-2.8759689740809357e-07,-0.011972238752305749,0.011972238752305749,0.5,-8.80907293776545e-07,3.0571349896035827e-07,64
response_first,13,24,1.2475441764093156e-06,0.011948162916820984,0.011948162916820984,0.5,-5.810005319514559e-06,8.305093672333183e-06,64
final_prompt,20,6,1.6641467937013557e-06,0.011943754664678662,0.011943754664678662,0.53125,-7.264887335621063e-05,7.597716694361335e-05,64
response_mean,30,28,-2.89890351723371e-07,-0.011933128392930523,0.011933128392930523,0.5,-7.80268027256156e-06,7.222899569114816e-06,64
response_mean,27,12,1.0714408062984318e-06,0.01192906066567855,0.01192906066567855,0.5,-1.3759861360540132e-05,1.5902742973136998e-05,64
response_mean,34,25,9.756981853587658e-07,0.011917442279746376,0.011917442279746376,0.5,7.79898959990542e-06,-5.8475932291878885e-06,64
public_task_span,25,20,3.902552521135824e-06,0.011914169994990939,0.011914169994990939,0.515625,3.9323222381422944e-05,-3.151811733915131e-05,64
response_mean,15,17,1.582586557447488e-05,0.01190038734452574,0.01190038734452574,0.5,-0.0002984945571284861,0.0003301462882774359,64
response_first,32,17,-6.837611010727707e-07,-0.011873404276728292,0.011873404276728292,0.5,-2.8211757012284233e-05,2.6844234810138695e-05,64
public_task_span,6,30,-3.0317227356131048e-05,-0.011864738490790474,0.011864738490790474,0.5,0.0005353506712708544,-0.0005959851259831165,64
public_task_span,23,30,-5.506503612196512e-06,-0.011843953264833888,0.011843953264833888,0.5,-0.00020606747739292138,0.00019505447016852836,64
response_first,33,0,7.549422775800783e-07,0.01183757970983905,0.01183757970983905,0.515625,-1.413628393720761e-05,1.5646168492367765e-05,64
post_selector,5,26,0.00012882895066468076,0.011834165070636045,0.011834165070636045,0.46875,0.0033310813582829546,-0.0030734234569535926,64
response_first,17,30,-7.47925561483953e-08,-0.011831917518134276,0.011831917518134276,0.5,2.990509067046787e-07,-4.4863601900146943e-07,64
response_first,13,27,-1.1696442925317843e-05,-0.011826610865767593,0.011826610865767593,0.5,-2.5948483198593797e-05,2.555597347958104e-06,64
response_first,1,19,-4.496346832645146e-06,-0.01182404627286609,0.01182404627286609,0.5,-0.00017798309067983616,0.00016899039701454585,64
public_task_span,9,22,-1.3175776985008188e-05,-0.011821944753948281,0.011821944753948281,0.5,5.0415310397504e-05,-7.676686436752037e-05,64
final_prompt,16,25,1.101646375900825e-05,0.011821172315905272,0.011821172315905272,0.5,-0.00020703547852461967,0.0002290684060426362,64
response_first,12,28,-2.005238485479793e-06,-0.011781592678455978,0.011781592678455978,0.5,-1.905313206407101e-05,1.5042655093111423e-05,64
response_first,20,10,-1.3708534953027485e-08,-0.01177148349253125,0.01177148349253125,0.515625,-2.501492925438553e-07,2.2273222263780035e-07,64
response_mean,11,7,1.0530466170165521e-05,0.01177140375775342,0.01177140375775342,0.484375,0.00017549999529364125,-0.00015443906295331018,64
response_mean,28,26,1.2757004697050434e-07,0.011738010746192826,0.011738010746192826,0.484375,-3.5760904211201705e-06,3.831230515061179e-06,64
public_task_span,29,8,-2.1909943370736935e-06,-0.011731180152726804,0.011731180152726804,0.5,-0.0001291032526750998,0.0001247212640009524,64
public_task_span,22,14,4.1909486753865616e-05,0.011725058860576827,0.011725058860576827,0.5,-0.0012782855483237624,0.0013621045218314936,64
public_task_span,10,16,-1.2352496014498727e-05,-0.011718675545714555,0.011718675545714555,0.5,-0.000443142433141459,0.0004184374411124615,64
response_first,25,7,4.2022824686682725e-07,0.011713385995828895,0.011713385995828895,0.5,-5.65313774814058e-06,6.493594241874234e-06,64
public_task_span,0,9,8.983436600832838e-06,0.011706261794351695,0.011706261794351695,0.5,6.721402860420373e-05,-4.924715540253814e-05,64
public_task_span,35,22,-2.191636576753437e-05,-0.011705822485833847,0.011705822485833847,0.484375,-0.0005047138674853812,0.0004608811359503125,64
response_first,10,10,-3.0186933145162403e-05,-0.011703950973582896,0.011703950973582896,0.5,0.00028228286100783146,-0.00034265672729815626,64
final_prompt,9,8,-8.765621828388245e-08,-0.011686993511985133,0.011686993511985133,0.5,-1.0368065233024026e-06,8.614940867346377e-07,64
response_mean,9,5,4.322947233955607e-06,0.011684132605858879,0.011684132605858879,0.5,1.567689378133661e-05,-7.030999313425377e-06,64
public_task_span,22,20,8.575736273993744e-06,0.011681528459079299,0.011681528459079299,0.5,-0.00020678766532000313,0.00022393913786799064,64
post_selector,7,30,2.0439001673350383e-06,0.011670302039872063,0.011670302039872063,0.453125,3.582752128749046e-05,-3.173972095282038e-05,64
response_mean,30,18,-7.341713853742648e-06,-0.0116433159663855,0.0116433159663855,0.53125,-0.00032664895115883406,0.0003119655234513487,64
public_task_span,23,29,-2.6147733933583554e-06,-0.011641011912287797,0.011641011912287797,0.484375,-7.207773251123817e-06,1.978226464407108e-06,64
public_task_span,7,17,1.7561972072159298e-06,0.01159775883103536,0.01159775883103536,0.5,-1.711863546915855e-05,2.0631029883590407e-05,64
public_task_span,30,17,-4.459020419745046e-05,-0.011596139420964937,0.011596139420964937,0.5,-0.0020382638140290345,0.0019490834056341338,64
post_selector,16,7,9.901790690491728e-05,0.011576124056750212,0.011576124056750212,0.484375,0.0029558580208686033,-0.002757822207058769,64
public_task_span,34,19,-3.198449940100312e-05,-0.01156677437024745,0.01156677437024745,0.5,-0.0009018287910293896,0.0008378597922273832,64
final_prompt,22,14,-1.8118432308256716e-05,-0.011554486282081873,0.011554486282081873,0.484375,-0.0005486591508087981,0.0005124222861922847,64
final_prompt,34,17,1.679378237895145e-05,0.011547728650897666,0.011547728650897666,0.515625,2.2107489712659093e-05,1.148007504524372e-05,64
response_mean,14,29,2.0681450223492196e-05,0.011542038140573321,0.011542038140573321,0.5,0.0001701347355265094,-0.00012877183507952505,64
response_first,26,6,3.8113348637188254e-06,0.011538423907805097,0.011538423907805097,0.5,-6.231810630195485e-05,6.994077602939248e-05,64
final_prompt,18,8,-6.741538754802454e-06,-0.01153116955137133,0.01153116955137133,0.5,-0.0002884701825678326,0.0002749871050582277,64
public_task_span,26,0,1.2086555216230026e-05,0.0115152987760575,0.0115152987760575,0.5,-6.047621354809843e-05,8.464932398055845e-05,64
public_task_span,11,20,-5.921522756580093e-07,-0.011506215749196282,0.011506215749196282,0.5,-6.082722563860443e-06,4.8984180125444254e-06,64
response_first,18,28,5.450152798401519e-06,0.011501525039465202,0.011501525039465202,0.5,2.5934467316800192e-05,-1.5034161719997185e-05,64
final_prompt,32,19,-9.03930811094251e-07,-0.011495045221320731,0.011495045221320731,0.5,-2.699286153528589e-05,2.518499991309739e-05,64
final_prompt,12,20,1.4057623047852061e-06,0.01149163484904391,0.01149163484904391,0.515625,-3.7620500506815195e-05,4.043202511638561e-05,64
response_first,34,22,8.854359379018566e-07,0.011490263736261863,0.011490263736261863,0.5,2.6011559924648793e-05,-2.4240688048845084e-05,64
public_task_span,24,25,6.34733150945986e-05,0.01148791621025903,0.01148791621025903,0.5,-0.0021470166320795843,0.0022739632622687813,64
public_task_span,22,2,-9.515913461656785e-06,-0.011485866075881,0.011485866075881,0.484375,-0.0003486788964437365,0.00032964706952042297,64
final_prompt,10,19,2.3458005671255206e-06,0.0114846594256611,0.0114846594256611,0.5,-6.385472624967797e-05,6.8546327383929e-05,64
final_prompt,31,13,3.619553945099631e-05,0.01147491664601057,0.01147491664601057,0.53125,-0.0014218354835975188,0.0014942265624995118,64
response_first,3,22,-1.418216606907522e-05,-0.01145331162249494,0.01145331162249494,0.484375,-0.0001619613149159617,0.00013359698277781127,64
public_task_span,32,31,-7.350654414036229e-07,-0.011448474425281706,0.011448474425281706,0.4375,-1.0480210562488443e-05,9.010079679681198e-06,64
response_first,35,7,2.5519783264371654e-07,0.01144492962331604,0.01144492962331604,0.5,-2.5277285260472127e-06,3.0381241913346457e-06,64
response_first,22,12,-4.490487697248756e-07,-0.011444533319452032,0.011444533319452032,0.515625,-6.571902019916553e-06,5.6738044804668015e-06,64
post_selector,9,28,0.00019000284089543888,0.011422843479637072,0.011422843479637072,0.421875,0.0036012466782722207,-0.0032212409964813425,64
response_first,11,5,1.8821626781584048e-06,0.011422009721107044,0.011422009721107044,0.515625,-6.720683051496585e-05,7.097115587128266e-05,64
public_task_span,22,26,-8.204997357060236e-07,-0.011419310370734036,0.011419310370734036,0.515625,-4.0354764450958495e-05,3.8713764979546444e-05,64
public_task_span,9,3,-1.080161723617755e-06,-0.011407893257235176,0.011407893257235176,0.484375,-3.38065644882483e-05,3.164624104101279e-05,64
post_selector,26,15,0.00018643502335179227,0.01140126167170053,0.01140126167170053,0.5625,-0.006317195322480981,0.006690065369184565,64
response_mean,2,28,-1.747247961248147e-05,-0.011400618553571325,0.011400618553571325,0.5,0.00019133190062348618,-0.0002262768598484491,64
final_prompt,34,11,2.3642547830604594e-07,0.01139797516521788,0.01139797516521788,0.5,-4.127050772240182e-06,4.599901728852274e-06,64
response_mean,19,18,5.71450883056842e-07,0.01137816524924661,0.01137816524924661,0.5,-7.716949284029027e-06,8.859851050142711e-06,64
public_task_span,11,9,3.0295212116726615e-08,0.011373387505470274,0.011373387505470274,0.5,2.212262089074102e-07,-1.60635784673957e-07,64
response_first,16,2,5.667197662266939e-07,0.01137336005051648,0.01137336005051648,0.5,-5.08346756333618e-06,6.216907095789567e-06,64
public_task_span,10,13,-1.1461328540465603e-05,-0.011373093994389665,0.011373093994389665,0.5,0.00011911705951205315,-0.0001420397165929844,64
public_task_span,18,30,1.593954812052023e-05,0.01136829288955993,0.01136829288955993,0.5,-0.00034596540717756564,0.0003778445034186061,64
response_mean,15,2,-3.695543091453125e-05,-0.01136800219545556,0.01136800219545556,0.5,7.752945020912509e-05,-0.00015144031203818758,64
response_first,9,18,6.897032392319613e-06,0.01134242944027165,0.01134242944027165,0.5,-0.00010574815382822356,0.00011954221861286281,64
public_task_span,25,8,-1.049137472363887e-05,-0.011326524192186587,0.011326524192186587,0.5,-0.0002949669378722174,0.0002739841884249397,64
final_prompt,33,3,4.607407362300364e-07,0.01130243479921007,0.01130243479921007,0.484375,-1.57424989026822e-05,1.6663980375142273e-05,64
public_task_span,30,3,-3.1578988455310242e-06,-0.011264401220788733,0.011264401220788733,0.484375,-0.00010241895597571705,9.610315828465502e-05,64
response_mean,14,8,6.455170023404113e-06,0.011263321919799103,0.011263321919799103,0.5,-0.00015633583825545595,0.00016924617830226416,64
final_prompt,25,15,-8.667301472082917e-06,-0.011247351562072409,0.011247351562072409,0.5,-0.0002463137761878825,0.0002289791732437166,64
final_prompt,20,16,-7.676373385860542e-07,-0.011222838729158862,0.011222838729158862,0.5,-2.0535342450498913e-05,1.9000067773326804e-05,64
post_selector,7,7,2.802180196768472e-07,0.011221932970295698,0.011221932970295698,0.46875,-1.4136164736559443e-06,1.9740525130096387e-06,64
response_mean,17,8,1.3785724490805957e-06,0.011218624819061294,0.011218624819061294,0.5,-1.1460667792544172e-06,3.903211677415625e-06,64
public_task_span,18,24,7.009650573762153e-06,0.011208557315906873,0.011208557315906873,0.515625,7.173412018345593e-05,-5.771481903593163e-05,64
final_prompt,10,31,-1.5275654163845567e-06,-0.011200520775326538,0.011200520775326538,0.484375,-3.752648228783288e-05,3.4471351455063764e-05,64
final_prompt,22,29,4.313717909100004e-06,0.011198241166463388,0.011198241166463388,0.5,-6.209738330652187e-05,7.072481912472186e-05,64
final_prompt,29,14,-2.669271736977848e-06,-0.011193779316448554,0.011193779316448554,0.5,-8.085885747276069e-05,7.552031399880497e-05,64
final_prompt,5,2,-6.725532148266488e-05,-0.011168814979508033,0.011168814979508033,0.5,0.0002889078168664044,-0.0004234184598317345,64
response_first,25,14,2.8336194191133623e-06,0.011160842913986405,0.011160842913986405,0.515625,-7.83156306169854e-05,8.398286945521213e-05,64
public_task_span,7,19,4.1389657212675957e-07,0.011155785874251903,0.011155785874251903,0.46875,-2.459005372656976e-06,3.286798516910494e-06,64
public_task_span,29,13,-1.2094849353179924e-06,-0.011150993637232055,0.011150993637232055,0.5,-3.544809862887084e-05,3.302912875823485e-05,64
final_prompt,31,27,1.740954559184438e-06,0.011148192999378427,0.011148192999378427,0.5,-2.3234113939444314e-05,2.6716023057813186e-05,64
response_first,30,12,7.626854312536153e-07,0.011144579288888831,0.011144579288888831,0.53125,-1.3795139466308056e-05,1.5320510328815287e-05,64
final_prompt,7,20,5.064405854682263e-07,0.01114259231288173,0.01114259231288173,0.5,-5.91188188536762e-06,6.924763056304073e-06,64
response_mean,9,30,-1.3348045735384062e-07,-0.011123793262483158,0.011123793262483158,0.5,-4.167129658672053e-06,3.900168743964372e-06,64
public_task_span,30,1,5.0359626584375785e-06,0.011123081351620748,0.011123081351620748,0.484375,-0.00024926632249842184,0.000259338247815297,64
public_task_span,14,6,2.1188918708502673e-05,0.011105394665907892,0.011105394665907892,0.515625,0.00020710391527244696,-0.00016472607785544165,64
response_first,32,22,8.365223891360074e-08,0.01110258976466944,0.01110258976466944,0.5,7.104000303570501e-07,-5.430955525298485e-07,64
response_mean,13,28,3.841933221336633e-06,0.011073884369578768,0.011073884369578768,0.515625,-0.00010020057709424427,0.00010788444353691753,64
response_mean,35,9,5.607612820307374e-06,0.011070272204888197,0.011070272204888197,0.515625,-0.00029132752842995336,0.00030254275407056813,64
response_mean,15,29,9.717386319606935e-06,0.01106026474986258,0.01106026474986258,0.5,-0.0003912228157787298,0.00041065758841794364,64
response_mean,34,10,3.522190752391907e-07,0.011030551976905216,0.011030551976905216,0.5,-4.6210020627768245e-06,5.325440213255206e-06,64
public_task_span,29,27,-1.6442925698356635e-05,-0.011026598336941529,0.011026598336941529,0.5,-0.0004975052170266273,0.0004646193656299141,64
response_first,13,20,-2.6590738144796e-07,-0.01101676093777511,0.01101676093777511,0.5,-7.332896103650132e-07,2.0147484746909322e-07,64
final_prompt,33,25,3.7979585840651567e-06,0.011004358035844885,0.011004358035844885,0.5,7.114437948970725e-06,4.814792191595747e-07,64
response_first,11,6,1.3750830838430243e-06,0.010993333535570398,0.010993333535570398,0.515625,8.091133246066039e-06,-5.340967078379989e-06,64
final_prompt,14,19,1.7384813872890749e-06,0.01098121923400197,0.01098121923400197,0.5,-2.0206213775959712e-05,2.3683176550537854e-05,64
public_task_span,19,15,4.6263387503090224e-06,0.010976449455411303,0.010976449455411303,0.5,0.00010163825299967067,-9.238557549905266e-05,64
final_prompt,33,1,1.017843089819026e-06,0.010964288335853613,0.010964288335853613,0.5,-2.58629547147296e-05,2.7898640894367652e-05,64
response_first,17,13,1.3502177864665988e-07,0.010954079352974934,0.010954079352974934,0.5,-3.02357623382932e-07,5.72401180676252e-07,64
final_prompt,10,5,3.3888144912452844e-07,0.010953056575478714,0.010953056575478714,0.515625,-9.307551010806492e-06,9.985313909055549e-06,64
public_task_span,17,17,1.3553283451981962e-05,0.010933597448488958,0.010933597448488958,0.5,-0.000256610746873774,0.0002837173137777379,64
public_task_span,17,12,3.3861618931088543e-06,0.0109285659096968,0.0109285659096968,0.5,-7.751223824925018e-05,8.42845620354679e-05,64
public_task_span,17,26,-1.41029341875753e-05,-0.010912459979354139,0.010912459979354139,0.5,-0.00022004949107666544,0.00019184362270151484,64
response_first,9,0,-3.817026339447693e-08,-0.01090234926404524,0.01090234926404524,0.5,-8.441230860967153e-07,7.677825593077614e-07,64
final_prompt,20,11,-1.2544584926388325e-07,-0.01089695822820126,0.01089695822820126,0.5,-3.1649251406307144e-06,2.914033442102948e-06,64
response_first,10,13,-6.589244549104671e-06,-0.01089432778121503,0.01089432778121503,0.5,3.5121078326478134e-05,-4.82995674246875e-05,64
final_prompt,4,28,4.52515925531098e-06,0.010855287232261576,0.010855287232261576,0.5,3.3265750403189966e-06,5.7237434703029535e-06,64
response_first,9,15,2.4748063879093585e-05,0.010854531167473522,0.010854531167473522,0.515625,0.00022183903274707885,-0.00017234290498889187,64
public_task_span,10,8,-1.1823003660558783e-06,-0.010845655370820632,0.010845655370820632,0.5,-1.2925601140522318e-05,1.0561000408410564e-05,64
response_first,8,29,2.2777261165172634e-05,0.010844755335313422,0.010844755335313422,0.515625,1.3327691249284825e-05,3.2226831081060524e-05,64
public_task_span,12,20,1.0258914699080553e-05,0.010840385606041072,0.010840385606041072,0.515625,-0.00027283428062218034,0.00029335211002034134,64
final_prompt,35,1,-5.355252596928709e-07,-0.010837928201293577,0.010837928201293577,0.4375,1.0657113080013818e-05,-1.172816359939956e-05,64
final_prompt,30,15,-2.963123961307326e-06,-0.010793556474717424,0.010793556474717424,0.46875,-7.24809659686716e-05,6.655471804605695e-05,64
public_task_span,9,19,5.9015290432284875e-08,0.010790970037121796,0.010790970037121796,0.515625,-1.8063754509967112e-06,1.924406031861281e-06,64
response_first,18,17,7.016399187348418e-09,0.010790333149223981,0.010790333149223981,0.515625,1.2229118888373858e-07,-1.0825839050904174e-07,64
response_first,18,27,-3.4106713409028143e-07,-0.010779728155968036,0.010779728155968036,0.5,5.40827024320123e-06,-6.090404511381793e-06,64
final_prompt,21,0,4.2362928809262136e-07,0.010777285221651136,0.010777285221651136,0.5,1.8074290721886625e-06,-9.601704960034197e-07,64
response_mean,35,7,4.0833020875652437e-07,0.010750407525452607,0.010750407525452607,0.5,-5.8658849866333185e-06,6.682545404146367e-06,64
response_mean,35,24,-4.3039569845844515e-06,-0.010742580941360732,0.010742580941360732,0.5,-8.050867108977446e-05,7.190075712060556e-05,64
response_mean,32,30,-2.2839330995333904e-06,-0.010741495709070438,0.010741495709070438,0.5,1.7410798136541793e-05,-2.1978664335608574e-05,64
public_task_span,33,7,9.104344371731224e-06,0.010734938986427137,0.010734938986427137,0.5,-0.000200881889213625,0.0002190905779570875,64
public_task_span,1,15,1.0654395737223525e-05,0.010727069228112935,0.010727069228112935,0.515625,-0.000293715127554598,0.0003150239190290451,64
post_selector,1,4,6.387485882448416e-06,0.010718699553336626,0.010718699553336626,0.5,7.305496546905e-05,-6.027999370415313e-05,64
response_first,11,9,6.494137547718704e-07,0.01070937088347687,0.01070937088347687,0.5,-1.3042604821043542e-05,1.4341432330587283e-05,64
public_task_span,32,13,-1.4790322211387428e-06,-0.010698569947801941,0.010698569947801941,0.5,-1.9904709688481997e-05,1.6946645246204513e-05,64
public_task_span,25,21,3.88734633816083e-06,0.01069332877165383,0.01069332877165383,0.5,-0.00010021917205448834,0.00010799386473081,64
public_task_span,35,31,2.6666252779269134e-06,0.010679619107923317,0.010679619107923317,0.5,-8.227453872677197e-05,8.760778928262579e-05,64
public_task_span,18,25,6.750759837362058e-06,0.010662675653112809,0.010662675653112809,0.5,0.00020108783769500464,-0.0001875863180202805,64
response_mean,25,1,2.9609966389898556e-07,0.010660709642695422,0.010660709642695422,0.5,-5.609931434946702e-07,1.1531924712926413e-06,64
response_mean,12,7,2.7225903522810868e-06,0.010655518978159,0.010655518978159,0.5,2.990303073619617e-06,2.454877630942548e-06,64
public_task_span,0,4,2.6754321879709466e-05,0.010649898730528537,0.010649898730528537,0.5,0.0005559833571169196,-0.0005024747133575006,64
response_first,10,24,-1.22660359381027e-06,-0.01063926167046473,0.01063926167046473,0.484375,-1.5945977210663782e-05,1.3492770023043242e-05,64
final_prompt,23,6,3.392554930314873e-07,0.010620624528469323,0.010620624528469323,0.515625,-1.8278598759025044e-06,2.506370861965479e-06,64
response_mean,32,28,-6.819308737251561e-06,-0.010614189631040256,0.010614189631040256,0.5,0.00016686289745847813,-0.00018050151493298128,64
public_task_span,32,19,4.751770120493102e-06,0.010608020414507093,0.010608020414507093,0.5,-0.00020228944867992148,0.0002117929889209077,64
response_first,31,0,2.9873535822797715e-06,0.010593231433751106,0.010593231433751106,0.515625,-0.00012211094781376533,0.0001280856549783249,64
response_first,7,3,2.6138879547945394e-05,0.010574267859799634,0.010574267859799634,0.515625,0.0003447669441811814,-0.0002924891850852906,64
final_prompt,30,21,1.0424605534355673e-05,0.010571606215221917,0.010571606215221917,0.5,-0.00013187276726965891,0.0001527219783383703,64
final_prompt,1,30,2.149256579286497e-05,0.010568940716007835,0.010568940716007835,0.515625,-0.0004904379129584376,0.0005334230445441673,64
public_task_span,17,25,7.396334922308252e-06,0.0105591562316283,0.0105591562316283,0.5,-2.041740481218239e-05,3.521007465679894e-05,64
final_prompt,17,17,1.2170227364546041e-05,0.010556887031953384,0.010556887031953384,0.515625,4.9082136683858176e-05,-2.4741681954766108e-05,64
public_task_span,1,19,2.6082967451653055e-05,0.010555916167609453,0.010555916167609453,0.5,-6.284711525949698e-05,0.00011501305016280318,64
public_task_span,2,9,-5.680934918928117e-05,-0.01054624528862675,0.01054624528862675,0.5,-0.000538547363248642,0.00042492866487007965,64
public_task_span,30,11,-6.668842729591956e-06,-0.010537758860138456,0.010537758860138456,0.46875,-0.00020105899625376357,0.00018772131079457965,64
response_mean,15,14,-8.747868889710618e-06,-0.010521019483033522,0.010521019483033522,0.53125,6.829280135889693e-05,-8.578853913831818e-05,64
final_prompt,33,30,-1.1052543868578176e-05,-0.0105177871290822,0.0105177871290822,0.5,-0.0004455645048437813,0.000423459417106625,64
response_first,13,21,-1.815962741291699e-09,-0.010494706466335787,0.010494706466335787,0.5,-2.7586834150383766e-08,2.3954908667800368e-08,64
final_prompt,33,16,-1.4464969353867197e-05,-0.01049145530746857,0.01049145530746857,0.5,-0.0005273643546388406,0.0004984344159311063,64
final_prompt,3,10,0.00011447873112046744,0.010490315490225274,0.010490315490225274,0.5,0.0018149312672903783,-0.0015859738050494438,64
public_task_span,3,3,1.787336168490865e-05,0.010485853762861312,0.010485853762861312,0.5,0.00040839271605364936,-0.000372645992683832,64
response_mean,16,23,3.4809241242326014e-05,0.010468485212772362,0.010468485212772362,0.5,-0.001251377197149848,0.0013209956796344999,64
public_task_span,31,24,6.655551260336707e-06,0.010461265138136808,0.010461265138136808,0.5,-0.00022989651552051424,0.00024320761804118765,64
public_task_span,17,31,-1.7024958651745861e-06,-0.01044310046260289,0.01044310046260289,0.5,-5.852676054026963e-06,2.4476843236777893e-06,64
response_first,28,6,-1.3376904917089905e-06,-0.010427069756991238,0.010427069756991238,0.5,-7.134968313946109e-06,4.459587330528128e-06,64
post_selector,5,20,-0.00011130286202387478,-0.010420937457389232,0.010420937457389232,0.5,0.002830085254572625,-0.003052690978620375,64
public_task_span,25,12,-6.958482572378538e-07,-0.010405918560414293,0.010405918560414293,0.5,4.04405648168864e-06,-5.43575299616435e-06,64
public_task_span,22,19,8.184080343198452e-06,0.010397828750751792,0.010397828750751792,0.5,-0.0002832726067936031,0.00029964076748,64
final_prompt,35,0,1.0910353012153115e-05,0.010389518218391833,0.010389518218391833,0.5,-8.433526818406561e-05,0.00010615597420837188,64
public_task_span,13,7,-9.620498815338729e-07,-0.010383957645711796,0.010383957645711796,0.484375,1.941190862453284e-05,-2.133600838760059e-05,64
final_prompt,34,19,-1.7931763522935104e-05,-0.010349107492875457,0.010349107492875457,0.5,-0.0008043919151532231,0.0007685283881073528,64
public_task_span,1,18,-1.7048243535103423e-05,-0.01034530920944292,0.01034530920944292,0.5,0.0003611397078202496,-0.0003952361948904565,64
final_prompt,17,9,-1.4917449107039603e-06,-0.010339170904839592,0.010339170904839592,0.5,-6.065517027301913e-06,3.0820272058939948e-06,64
response_mean,12,24,1.2047821542185194e-05,0.010326765612753594,0.010326765612753594,0.5,5.281766925691612e-05,-2.8722026172545726e-05,64
response_first,11,29,-6.67364304264989e-07,-0.010325908782202907,0.010325908782202907,0.484375,7.545174469209125e-06,-8.879903077739103e-06,64
final_prompt,15,7,-1.6143200127776755e-06,-0.0103232267338536,0.0103232267338536,0.5,-3.604187861583019e-05,3.281323859027484e-05,64
response_mean,1,28,2.7528565397005715e-05,0.010316755845896482,0.010316755845896482,0.5,-0.00046345890632437523,0.0005185160371183867,64
response_mean,13,23,-5.701471934570486e-07,-0.010316482103620244,0.010316482103620244,0.484375,9.136269767389232e-06,-1.0276564154303325e-05,64
public_task_span,35,18,6.259096153370773e-06,0.01031087901331474,0.01031087901331474,0.5,-8.705379514139398e-05,9.957198744813548e-05,64
final_prompt,2,26,-2.2545757019542208e-05,-0.010310353546218044,0.010310353546218044,0.5,-0.00024813148047540926,0.00020303996643632508,64
final_prompt,11,4,-6.04969869755223e-08,-0.010300543961514233,0.010300543961514233,0.5,1.344322981822188e-07,-2.5542627213326336e-07,64
final_prompt,17,21,-1.1225499747533325e-06,-0.010296922152707375,0.010296922152707375,0.5,-2.7367250368114435e-05,2.5122150418607767e-05,64
public_task_span,30,6,-5.117817863718365e-06,-0.010293299929422796,0.010293299929422796,0.515625,-0.000199080190327534,0.00018884455460009726,64
final_prompt,9,9,-3.2082007237486207e-06,-0.01028905705626017,0.01028905705626017,0.484375,-2.5586481569908857e-05,1.917008012241161e-05,64
final_prompt,9,30,2.2192003257259785e-07,0.01028618125458526,0.01028618125458526,0.484375,5.455290846612115e-06,-5.01145078146692e-06,64
public_task_span,29,2,-2.0176811631239056e-05,-0.010280958357008901,0.010280958357008901,0.5,-0.0009082613432837906,0.0008679077200213125,64
response_first,11,2,-4.999308089280129e-06,-0.01028086173837014,0.01028086173837014,0.46875,5.978430408504547e-05,-6.978292026360572e-05,64
response_mean,25,7,3.6174981232772607e-07,0.010267646067461176,0.010267646067461176,0.46875,-1.0697232824003625e-06,1.7932229070558146e-06,64
public_task_span,19,24,9.267382665693718e-07,0.010264859235699657,0.010264859235699657,0.5,-2.1809648842464976e-06,4.034441417385236e-06,64
public_task_span,15,28,7.920877749259399e-07,0.010262058552364475,0.010262058552364475,0.5,2.5307695636913832e-06,-9.465940138395043e-07,64
response_first,34,6,5.507620926438372e-06,0.010218690335831325,0.010218690335831325,0.5,-0.00022770562463846842,0.00023872086649134514,64
public_task_span,13,18,-3.855810973619301e-06,-0.010196113634091085,0.010196113634091085,0.5,-0.00012597712270688642,0.00011826550075964781,64
public_task_span,11,19,1.1606068994751695e-07,0.010191306092271733,0.010191306092271733,0.515625,-3.8897837271179014e-06,4.121905107012935e-06,64
response_first,11,24,-9.420071421577462e-06,-0.010190009044484251,0.010190009044484251,0.5,-8.929252089728224e-06,-9.910890753426699e-06,64
public_task_span,33,3,6.816544328105248e-06,0.010189947281759211,0.010189947281759211,0.5,-0.00023215168948807546,0.0002457847781442859,64
response_mean,35,11,4.844823706660866e-06,0.010185170805710709,0.010185170805710709,0.515625,-0.0002837003248714277,0.0002933899722847494,64
response_first,12,26,-1.750465457917268e-06,-0.01017577733976939,0.01017577733976939,0.515625,-3.5327102523290485e-05,3.182617160745595e-05,64
response_first,20,13,1.325916478833733e-07,0.010174107768435211,0.010174107768435211,0.5,4.6383753016243645e-07,-1.9865423439568975e-07,64
final_prompt,33,0,6.085414554487825e-07,0.01017268094283008,0.01017268094283008,0.515625,-2.4105279976550757e-06,3.6276109085526415e-06,64
public_task_span,18,27,1.3255053545439473e-05,0.010162169164196422,0.010162169164196422,0.515625,0.00011819685551017113,-9.168674841929217e-05,64
response_mean,17,17,3.0678409757456935e-05,0.01016094612791595,0.01016094612791595,0.484375,-0.000700590218457348,0.0007619470379722617,64
public_task_span,21,23,-5.773742032034339e-06,-0.01015646650653108,0.01015646650653108,0.484375,-0.00025718543247420266,0.000245637948410134,64
public_task_span,17,20,3.221379074606552e-06,0.010155484388104706,0.010155484388104706,0.5,6.692081660730561e-05,-6.0478058458092506e-05,64
response_mean,12,19,3.1754375413560815e-06,0.010155131559181301,0.010155131559181301,0.5,-8.292352367788379e-05,8.927439876059597e-05,64
response_first,18,19,1.5251152596373885e-07,0.010150739510763371,0.010150739510763371,0.484375,2.7867327994091085e-06,-2.4817097474816308e-06,64
final_prompt,24,0,-8.427988618109334e-08,-0.010136283733776468,0.010136283733776468,0.5,-3.9593347302968596e-06,3.7907749579346728e-06,64
response_mean,16,3,6.750688172017711e-06,0.010130866729723794,0.010130866729723794,0.5,0.00017319808719662262,-0.00015969671085258719,64
response_first,3,16,-9.006473555928758e-05,-0.010125015034118839,0.010125015034118839,0.5,-0.0007031105778878563,0.0005229811067692812,64
public_task_span,20,2,9.81774724095753e-06,0.010121123568936062,0.010121123568936062,0.5,-0.00019914347490157647,0.00021877896938349154,64
response_first,30,16,-1.2831659432809308e-06,-0.010112063776112309,0.010112063776112309,0.5,-3.521237829317089e-05,3.264604640660903e-05,64
response_mean,14,14,1.3437221923596362e-05,0.010109194667813159,0.010109194667813159,0.5,-0.0004061866616211716,0.00043306110546836423,64
response_first,31,25,-3.991816441830034e-07,-0.010107771000394249,0.010107771000394249,0.515625,-2.0128083676238824e-05,1.932972038787282e-05,64
public_task_span,29,11,-4.6397742892154134e-06,-0.010080968079467819,0.010080968079467819,0.5,-0.00019579395080879922,0.00018651440223036838,64
public_task_span,33,4,-7.029400876491856e-06,-0.010076219350998368,0.010076219350998368,0.5,-0.0003887827515427256,0.00037472394978974185,64
response_mean,6,17,-5.923589014857116e-06,-0.010072992607960336,0.010072992607960336,0.484375,0.00012533870403785212,-0.00013718588206756635,64
final_prompt,33,23,1.7686697447058582e-05,0.010069859141370494,0.010069859141370494,0.53125,-0.0006999772613198608,0.0007353506562139781,64
public_task_span,12,24,1.7944737464875248e-06,0.010055645285818104,0.010055645285818104,0.53125,2.7139950361739936e-05,-2.3551002868764893e-05,64
response_first,15,30,1.1914723963002415e-07,0.010054125462408517,0.010054125462408517,0.4375,-2.8412881398764966e-06,3.079582619136545e-06,64
final_prompt,31,0,1.682441234152339e-05,0.010021516135106543,0.010021516135106543,0.5,-0.00037359630914577817,0.00040724513382882496,64
response_mean,16,24,2.837896317938578e-06,0.010017527931074589,0.010017527931074589,0.5,-6.150866920506375e-05,6.718446184094092e-05,64
public_task_span,30,19,3.2731973078647257e-06,0.010013621259708625,0.010013621259708625,0.5,-5.542610460906743e-05,6.197249922479687e-05,64
final_prompt,30,0,-1.3545638466894039e-05,-0.0100044562954575,0.0100044562954575,0.515625,-8.040565262489315e-05,5.331437569110507e-05,64
response_mean,20,25,-2.409940520915137e-06,-0.00999325386426242,0.00999325386426242,0.5,-1.5947522570050757e-05,1.1127641528220494e-05,64
public_task_span,28,12,-1.8401631791712566e-06,-0.009988534950550045,0.009988534950550045,0.5,-0.00011606349846713605,0.00011238317210879352,64
public_task_span,28,17,-1.0317136229783564e-06,-0.009979043403335459,0.009979043403335459,0.5,-6.705120813420108e-05,6.498778088824437e-05,64
final_prompt,18,1,3.607404778450302e-06,0.009960512696892448,0.009960512696892448,0.5,6.166103958093923e-05,-5.444623002403863e-05,64
final_prompt,28,18,-4.54936309779674e-06,-0.009955830052298742,0.009955830052298742,0.515625,-0.0001663279508647772,0.0001572292246691837,64
final_prompt,12,29,1.0812920550046458e-06,0.00995425902415737,0.00995425902415737,0.5,-2.2540672830465653e-05,2.470325694047494e-05,64
final_prompt,8,21,-1.0041453890607954e-07,-0.009952926227361804,0.009952926227361804,0.5,-3.6934121183662683e-06,3.492583040554109e-06,64
response_mean,34,12,-2.8994892318209184e-06,-0.009949763119146431,0.009949763119146431,0.5,-7.5521329563318825e-06,1.7531544926900253e-06,64
final_prompt,11,16,-1.936234411909848e-06,-0.009947523753116255,0.009947523753116255,0.5,8.280024712802329e-05,-8.667271595184299e-05,64
response_mean,16,8,-1.8649784294666455e-07,-0.009945956291802697,0.009945956291802697,0.5,-5.379367507885036e-06,5.006371821991706e-06,64
public_task_span,6,1,-3.2315530916092277e-05,-0.009928687526575336,0.009928687526575336,0.5,0.0007557031858595813,-0.0008203342476917657,64
public_task_span,14,2,-4.6197578740013066e-07,-0.009920877845778543,0.009920877845778543,0.5,-1.3718422565031092e-05,1.2794470990230832e-05,64
response_mean,7,24,-3.6007890003020293e-07,-0.0099088263742218,0.0099088263742218,0.5,5.937114622156514e-06,-6.65727242221692e-06,64
response_first,35,12,3.08291532746372e-06,0.009890828258877831,0.009890828258877831,0.5,-7.73066558394813e-05,8.347248649440875e-05,64
final_prompt,14,1,-1.9662371641970822e-07,-0.009889913488187775,0.009889913488187775,0.5,5.282069537315693e-07,-9.214543865709857e-07,64
response_first,12,19,4.61268473373256e-06,0.009887274770333392,0.009887274770333392,0.5,-7.851171812943508e-05,8.773708759690021e-05,64
response_mean,9,16,2.159811538149405e-05,0.009886915492724404,0.009886915492724404,0.5,-7.703230903642627e-05,0.00012022853979941426,64
public_task_span,27,22,-9.965110621118748e-06,-0.009867612231905836,0.009867612231905836,0.5,-0.000277933457255125,0.00025800323601288754,64
response_mean,30,20,-1.7638838585323897e-06,-0.009856986264977254,0.009856986264977254,0.5,-2.7682748964253535e-05,2.4154981247188764e-05,64
response_first,20,7,5.097459734317985e-07,0.009851417279931367,0.009851417279931367,0.5,-1.3400348279899258e-05,1.4419840226762856e-05,64
response_first,32,27,1.851420165624342e-06,0.00985036940692755,0.00985036940692755,0.5,-2.7377891456096996e-06,6.440629476858375e-06,64
response_first,14,27,-4.912040083125595e-06,-0.009819258595598394,0.009819258595598394,0.5,6.729416213601998e-06,-1.6553496379853178e-05,64
response_first,12,23,-6.224413255043758e-06,-0.009818547154407522,0.009818547154407522,0.5,-7.69069242778594e-05,6.445809776777189e-05,64
final_prompt,9,7,-3.152373864168112e-07,-0.009810880760010318,0.009810880760010318,0.5,7.954915787422578e-06,-8.5853905602562e-06,64
final_prompt,8,7,3.6257974897991465e-06,0.009802451575417544,0.009802451575417544,0.5,-1.1441363767515636e-05,1.8692958747113936e-05,64
response_first,7,2,3.1810113796384193e-06,0.009789431656655618,0.009789431656655618,0.53125,-0.00015883397554714853,0.00016519599830642535,64
response_first,33,26,-5.399682549984123e-07,-0.00978695482777369,0.00978695482777369,0.5,-2.2412751832581565e-07,-8.558089916710081e-07,64
public_task_span,35,26,8.465540304313471e-06,0.009780521296586598,0.009780521296586598,0.5,-0.0002922810617746938,0.00030921214238332074,64
public_task_span,15,31,3.1791003038936457e-06,0.009771334321687303,0.009771334321687303,0.484375,-0.00018726105645325468,0.00019361925706104196,64
response_mean,14,12,2.2309230672587984e-05,0.009771175167678836,0.009771175167678836,0.484375,0.0004438012553009728,-0.0003991827939557967,64
response_first,27,21,8.690357162749639e-07,0.00977107421103136,0.00977107421103136,0.5,-1.6769617957380445e-05,1.8507689389930373e-05,64
response_mean,18,23,-4.131882224101186e-05,-0.009760629310315858,0.009760629310315858,0.515625,-0.0015599465386912808,0.0014773088942092575,64
final_prompt,28,8,4.721271579912536e-06,0.009759127272054536,0.009759127272054536,0.53125,-7.286402433236621e-05,8.23065674921913e-05,64
response_mean,26,4,5.1278874479961255e-06,0.009757629309976479,0.009757629309976479,0.5,-0.00022197322050485893,0.00023222899540085122,64
public_task_span,14,15,1.5222662113956786e-05,0.009742659336321484,0.009742659336321484,0.5,6.506076169898267e-05,-3.4615437471069075e-05,64
public_task_span,8,3,-2.07715811484527e-06,-0.009727685020149292,0.009727685020149292,0.5,-1.1212068784521665e-05,7.057752554831136e-06,64
public_task_span,8,5,-9.60890531586838e-07,-0.009710927926681552,0.009710927926681552,0.5,-6.582529294973196e-06,4.6607482317995214e-06,64
post_selector,3,29,-3.1129910439627436e-05,-0.009707062361479392,0.009707062361479392,0.40625,0.000707956301084776,-0.0007702161219640305,64
public_task_span,32,27,-6.192295586512204e-06,-0.00969862545753544,0.00969862545753544,0.484375,2.297444370925887e-05,-3.535903488228329e-05,64
response_mean,30,22,-1.1485093409627737e-06,-0.00969220768931872,0.00969220768931872,0.5,-2.152771037344073e-05,1.9230691691515188e-05,64
response_first,21,20,-2.0850110331607788e-06,-0.009687529606464362,0.009687529606464362,0.5,-0.00013332968296706816,0.00012915966090074657,64
final_prompt,35,24,1.5015588132866382e-06,0.009683866536675677,0.009683866536675677,0.484375,-2.6327559226049773e-05,2.9330676852623047e-05,64
response_mean,11,27,-5.847687361892607e-06,-0.009675227968308107,0.009675227968308107,0.484375,0.0002099987075325633,-0.00022169408225634852,64
response_first,28,21,2.4396366598001476e-06,0.009656782285059545,0.009656782285059545,0.5,-0.00012388457389532975,0.00012876384721493005,64
response_first,25,17,1.6617981657418568e-07,0.009655120872527323,0.009655120872527323,0.5,-7.028771705108738e-06,7.36113133825711e-06,64
response_first,28,14,4.874211185775633e-07,0.009634957721281884,0.009634957721281884,0.5,-8.393119514969873e-07,1.8141541886521143e-06,64
public_task_span,4,27,1.0042636404249675e-05,0.009630310278524292,0.009630310278524292,0.515625,0.00030818867435300116,-0.0002881034015445018,64
response_first,31,24,-1.0661230476216999e-06,-0.009618937254701193,0.009618937254701193,0.484375,-4.376898391454917e-05,4.1636737819305766e-05,64
final_prompt,30,3,-7.972068942738157e-07,-0.009605277137448636,0.009605277137448636,0.5,-3.571372099030384e-05,3.411930720175621e-05,64
response_first,16,27,1.5004329654291976e-06,0.009605186457443826,0.009605186457443826,0.5,-3.82480122595994e-05,4.1248878190457795e-05,64
public_task_span,9,1,8.489807896725157e-07,0.009602120803632165,0.009602120803632165,0.5,-8.54565291773805e-06,1.0243614497083087e-05,64
final_prompt,16,11,1.6428933236056764e-07,0.00959985074848466,0.00959985074848466,0.5,-2.9257176095143222e-06,3.2542962742354575e-06,64
final_prompt,8,20,-5.639556093221303e-07,-0.009598152959333367,0.009598152959333367,0.5,-3.6155055340732297e-06,2.487594315428971e-06,64
public_task_span,3,20,-6.403883890015452e-05,-0.009594887005989134,0.009594887005989134,0.5,0.00021755291891168457,-0.00034563059671199366,64
public_task_span,28,20,9.195242114411548e-07,0.00959407753445481,0.00959407753445481,0.5,-4.57390308383595e-05,4.7578079261241814e-05,64
public_task_span,29,10,-3.1313162196511257e-07,-0.0095924409020755,0.0095924409020755,0.5,-6.693709707406015e-06,6.06744646347579e-06,64
final_prompt,3,3,7.157507207011847e-05,0.009585696448774616,0.009585696448774616,0.515625,0.0020739147221320183,-0.0019307645779917814,64
response_mean,25,12,3.342269110350248e-07,0.009560665439716756,0.009560665439716756,0.484375,-6.494045123872585e-08,7.333942733087758e-07,64
response_mean,8,16,2.425270167805736e-06,0.00952649054898209,0.00952649054898209,0.5,-5.384133100959966e-05,5.869187134521114e-05,64
public_task_span,9,5,-1.7594269365903489e-06,-0.00952258614847812,0.00952258614847812,0.5,3.737450492734565e-05,-4.089335880052635e-05,64
public_task_span,26,23,-3.4924455576338854e-06,-0.009518648239515298,0.009518648239515298,0.5,-8.09582825240747e-05,7.397339140880694e-05,64
final_prompt,13,21,-9.137023249117249e-09,-0.009515888805830158,0.009515888805830158,0.5,6.812019059942998e-08,-8.639423709766447e-08,64
response_first,13,3,1.4114982036516336e-05,0.009515097714960969,0.009515097714960969,0.5,0.0002592072175957445,-0.0002309772535227118,64
public_task_span,21,13,-6.402396365951072e-06,-0.00949996184838828,0.00949996184838828,0.5,-1.9484029508017752e-05,6.679236776115653e-06,64
response_mean,14,10,2.5176139388344336e-05,0.009496529891555229,0.009496529891555229,0.5,-0.0007535014774475584,0.0008038537562242473,64
response_mean,12,28,-9.791669981492534e-07,-0.009490249096275693,0.009490249096275693,0.53125,-3.1397643567735966e-05,2.943930957143745e-05,64
public_task_span,7,29,-3.487865001262597e-07,-0.009482853614388565,0.009482853614388565,0.5,9.254983154957638e-06,-9.952556155210158e-06,64
response_first,11,1,3.6981550692846437e-06,0.009482494329302902,0.009482494329302902,0.515625,-1.7146353457076414e-05,2.4542663595645674e-05,64
response_first,27,12,-4.2012047174466716e-07,-0.00948194505429314,0.00948194505429314,0.5,-6.4443417500115174e-06,5.604100806522183e-06,64
response_mean,21,1,-1.2236744595384152e-07,-0.009472503209352862,0.009472503209352862,0.5,-1.5290883368379582e-06,1.2843534449302751e-06,64
public_task_span,19,8,-1.1987955303995598e-06,-0.009469986805651517,0.009469986805651517,0.515625,-2.0493725855884193e-05,1.8096134795085078e-05,64
response_first,12,9,-2.989374063845357e-06,-0.009455320119911981,0.009455320119911981,0.5,-6.494721463923092e-05,5.8968466511540195e-05,64
response_mean,12,10,-3.6640168048052526e-05,-0.009452695100368372,0.009452695100368372,0.5,-0.001156750867039586,0.0010834705309434808,64
final_prompt,17,2,4.779750952362397e-06,0.009445972644914997,0.009445972644914997,0.5,-9.94811314285459e-05,0.0001090406333332707,64
response_mean,9,3,5.805573408668555e-07,0.009439150356979351,0.009439150356979351,0.5,-5.949700067730107e-06,7.110814749463817e-06,64
response_mean,22,18,-5.769037727530704e-07,-0.00943538079087378,0.00943538079087378,0.5,-1.485957778868353e-05,1.370577024317739e-05,64
final_prompt,28,24,-5.48136924295473e-07,-0.009418711174767294,0.009418711174767294,0.484375,3.978598527963097e-06,-5.074872376554044e-06,64
public_task_span,29,24,-1.083224833564684e-05,-0.009415622432188178,0.009415622432188178,0.5,-0.00036583825749402925,0.00034417376082273557,64
response_first,20,8,-1.0580141251992359e-07,-0.009410083103750896,0.009410083103750896,0.515625,-1.1388084653063402e-06,9.27205640266493e-07,64
post_selector,5,27,0.00011215345057280697,0.00940120879580469,0.00940120879580469,0.53125,0.003751589710191172,-0.0035272828090455585,64
response_first,20,0,3.4735161147365253e-07,0.0093998298895288,0.0093998298895288,0.515625,-2.621562458668554e-06,3.3162656816158593e-06,64
response_first,15,4,2.3466814624717472e-07,0.009399636812624476,0.009399636812624476,0.5,-5.951843608187346e-06,6.4211799006816955e-06,64
final_prompt,15,9,-8.964528319624559e-07,-0.009387699277079947,0.009387699277079947,0.5,-1.503706613439831e-06,-2.891990504850808e-07,64
response_mean,34,23,1.0236168179751875e-06,0.009373422107376314,0.009373422107376314,0.5,-2.0284820777756156e-05,2.2332054413706528e-05,64
response_mean,29,16,3.3740300295909408e-06,0.00937099911140536,0.00937099911140536,0.53125,-0.00019656540598586976,0.00020331346604505167,64
public_task_span,26,7,-1.179927176054379e-05,-0.009365243081523596,0.009365243081523596,0.5,-0.0001622841000426031,0.0001386855565215156,64
response_first,16,9,3.991976882387303e-07,0.009361440304483505,0.009361440304483505,0.5,-2.078849252029578e-05,2.158688789677324e-05,64
response_mean,14,9,-3.3955307117142436e-06,-0.009361223989228949,0.009361223989228949,0.5,-2.4175758426271094e-05,1.738469700284259e-05,64
response_first,17,6,-4.4277197730252344e-07,-0.009360581887745304,0.009360581887745304,0.5,-6.15977201334305e-06,5.274228058738004e-06,64
response_mean,32,29,4.026672513643747e-06,0.009316491666383717,0.009316491666383717,0.5,7.702323136981876e-05,-6.896988634253127e-05,64
response_first,15,7,1.1148919440995845e-06,0.009299128948200838,0.009299128948200838,0.53125,-1.0308600565169402e-05,1.2538384453368576e-05,64
public_task_span,7,23,-4.390028095708079e-06,-0.009282644635526662,0.009282644635526662,0.5,-9.974811439404711e-05,9.096805820263095e-05,64
final_prompt,17,4,1.318066466637966e-06,0.009282138986268324,0.009282138986268324,0.5,2.6857531793207462e-05,-2.4221398859931527e-05,64
response_first,3,14,-6.325357730929345e-05,-0.009271263206021136,0.009271263206021136,0.5,0.001485388586388586,-0.001611895741007173,64
response_first,23,23,-1.0952722959718537e-06,-0.009269228497397242,0.009269228497397242,0.5,-3.536631857058718e-05,3.3175773978643484e-05,64
public_task_span,9,8,-2.8283000119699864e-07,-0.00925780134324863,0.00925780134324863,0.5,-5.634580332980477e-06,5.068920330586479e-06,64
response_first,33,10,7.783120281602701e-06,0.009238456448342631,0.009238456448342631,0.53125,-0.0004476333137972277,0.000463199554360433,64
final_prompt,16,24,7.2045531851440756e-06,0.009237295614778351,0.009237295614778351,0.5,-3.2458319765288555e-06,1.7654938346817013e-05,64
response_mean,14,5,1.3468084034683604e-05,0.009232898345895895,0.009232898345895895,0.5,-0.00021462284757944639,0.0002415590156488136,64
final_prompt,20,15,-7.942668844407864e-06,-0.009232228882932875,0.009232228882932875,0.515625,-0.0005727760590161447,0.000556890721327329,64
response_first,17,0,-1.6720969426888815e-06,-0.00923044531841857,0.00923044531841857,0.5,-6.957825681296704e-05,6.623406292758926e-05,64
response_first,6,10,-2.4222521460618514e-05,-0.00922626992642805,0.00922626992642805,0.484375,-0.000567599814530686,0.0005191547716094488,64
public_task_span,34,29,-5.053284212410006e-06,-0.009211966409624895,0.009211966409624895,0.484375,-0.00023779736784489722,0.00022769079942007716,64
response_mean,8,21,-6.175434350546803e-07,-0.009209992923189693,0.009209992923189693,0.5,-1.4197626910569753e-05,1.2962540040460395e-05,64
response_first,32,0,4.265932489038196e-06,0.009208908902026969,0.009208908902026969,0.5,-0.00026057868535641585,0.0002691105503344923,64
public_task_span,20,15,-4.73300326575539e-06,-0.009199239196759433,0.009199239196759433,0.5,-0.0002646430504000622,0.00025517704386855146,64
final_prompt,12,10,2.940838442101594e-06,0.009192470854370314,0.009192470854370314,0.515625,-0.00011766163538594839,0.00012354331227015157,64
response_mean,19,6,2.3759528175973412e-06,0.009187894823443165,0.009187894823443165,0.5,-0.0001029045786253755,0.0001076564842605702,64
final_prompt,19,4,1.8524649931351048e-05,0.009181406513296806,0.009181406513296806,0.484375,-0.0007147980941226605,0.0007518473939853625,64
response_mean,9,22,3.32829604303657e-05,0.009163244058757847,0.009163244058757847,0.53125,0.00011066138176829386,-4.409546090756257e-05,64
public_task_span,9,7,-1.9725767970134526e-06,-0.009153730222393264,0.009153730222393264,0.5,3.559106789907497e-05,-3.953622149310188e-05,64
response_first,19,15,6.54113875955121e-07,0.009153460696768069,0.009153460696768069,0.5,-1.8336903622161843e-06,3.141918114126427e-06,64
response_first,7,25,-9.219358219046302e-07,-0.009151743494569242,0.009151743494569242,0.5,-5.682844346205391e-06,3.838972702396131e-06,64
response_first,34,13,1.2751454505634863e-06,0.009140700655561926,0.009140700655561926,0.515625,2.7188568765244745e-06,-1.6856597539750186e-07,64
response_mean,11,13,-5.503834017873906e-06,-0.00913623587989411,0.00913623587989411,0.5,-8.56694987306675e-06,-2.4407181626810677e-06,64
final_prompt,11,23,3.005097539699671e-07,0.009135571311629594,0.009135571311629594,0.5,-3.706942081293549e-06,4.307961589233484e-06,64
final_prompt,29,22,-9.714599400484976e-07,-0.00912157054360428,0.00912157054360428,0.453125,-6.47675833533684e-05,6.282466347327139e-05,64
post_selector,30,18,4.970191639590883e-06,0.009120045376757393,0.009120045376757393,0.46875,-0.00016774431242081773,0.00017768469569999956,64
public_task_span,14,24,-1.9344031443309544e-06,-0.009112012028157711,0.009112012028157711,0.484375,2.822221495079649e-05,-3.209102123945839e-05,64
final_prompt,33,5,-4.267661097401472e-06,-0.009107762787789046,0.009107762787789046,0.53125,-8.402094317717004e-05,7.548562098236709e-05,64
response_first,16,24,2.068716639765423e-06,0.009102459843757302,0.009102459843757302,0.5,-0.0001202160742650297,0.00012435350754456053,64
public_task_span,18,18,1.5767912714182092e-05,0.009102031329296498,0.009102031329296498,0.5,0.00019536019658515955,-0.0001638243711567953,64
response_mean,12,8,-2.1049186216240427e-06,-0.009097512736126263,0.009097512736126263,0.5,-4.855552833759122e-05,4.434569109434313e-05,64
public_task_span,16,12,-2.9725981676161707e-06,-0.009092265451355924,0.009092265451355924,0.5,-6.415952270799675e-05,5.82143263727644e-05,64
response_mean,11,28,-2.414240185539405e-07,-0.00909166325093493,0.00909166325093493,0.5,8.883729094589383e-07,-1.3712209465668197e-06,64
final_prompt,10,14,-1.4317570275992932e-06,-0.009077743233909443,0.009077743233909443,0.5,-7.535742497564498e-05,7.249391092044639e-05,64
public_task_span,1,2,1.9165512640034403e-05,0.00907272753398515,0.00907272753398515,0.5,3.429227945161566e-05,4.03874582845316e-06,64
public_task_span,4,21,8.3769919001497e-05,0.009070097397537344,0.009070097397537344,0.5,0.00011865248961840606,4.8887348384587734e-05,64
response_mean,27,22,6.080780394771263e-07,0.009061536773947946,0.009061536773947946,0.5,-1.448884825094617e-05,1.570500432990042e-05,64
post_selector,27,7,2.1841273337482812e-05,0.009054599220692867,0.009054599220692867,0.515625,-5.9219055401655706e-06,4.9604452215131235e-05,64
final_prompt,15,26,-1.061378229749721e-08,-0.009042392835530226,0.009042392835530226,0.515625,-2.0584264515122186e-08,-6.4330007987222e-10,64
response_mean,23,16,4.591009385980529e-07,0.009038796361871344,0.009038796361871344,0.5625,-1.0437042931244343e-05,1.135524480844045e-05,64
response_first,32,25,-9.510054610494592e-07,-0.00903529731660089,0.00903529731660089,0.5,1.5545221913268544e-05,-1.7447232835367456e-05,64
response_mean,25,13,9.029106422503564e-07,0.009033036693055557,0.009033036693055557,0.5,-1.3802532180297993e-05,1.5608353464798707e-05,64
response_first,33,5,5.6772296375174925e-06,0.00902980950579692,0.00902980950579692,0.5,-0.00020889401093880178,0.0002202484702138367,64
final_prompt,29,21,7.305392273324055e-07,0.009024373292955091,0.009024373292955091,0.5,-1.369508936477133e-05,1.5156167819436142e-05,64
response_mean,24,22,4.171810815022366e-06,0.009014555421849898,0.009014555421849898,0.5,-0.00016757380399211563,0.00017591742562216034,64
public_task_span,28,21,1.2053636055499965e-05,0.009001966868406956,0.009001966868406956,0.5,-0.0005880761509615594,0.0006121834230725594,64
response_mean,25,3,1.6053254725534316e-07,0.00900107348938929,0.00900107348938929,0.484375,-4.024552758608024e-06,4.345617853118711e-06,64
response_mean,11,29,-1.2056353284575318e-06,-0.008983126570475978,0.008983126570475978,0.484375,-1.625825927930061e-05,1.3846988622385537e-05,64
response_mean,14,25,-6.680587773647422e-06,-0.008977371740367744,0.008977371740367744,0.484375,0.00018262618560525919,-0.000195987361152554,64
response_mean,10,24,-2.4111281618383453e-05,-0.008966295240732293,0.008966295240732293,0.5,0.0003558668631740268,-0.00040408942641079394,64
public_task_span,27,27,4.293157871873182e-06,0.008965517076953469,0.008965517076953469,0.5,-0.00016843538196552335,0.00017702169770926967,64
public_task_span,22,27,-4.16597629282478e-07,-0.008960856333641333,0.008960856333641333,0.5,-9.762203660557134e-06,8.929008401992178e-06,64
response_first,12,14,6.946924635543113e-06,0.008948226132079845,0.008948226132079845,0.515625,-0.00014571506606842328,0.00015960891533950948,64
response_mean,32,18,-8.385457022091452e-07,-0.00894434331733855,0.00894434331733855,0.5,-2.5543320248281286e-05,2.3866228843862996e-05,64
post_selector,21,16,3.058483707717814e-05,0.008936865154602418,0.008936865154602418,0.578125,0.0002437430157442375,-0.00018257334158988127,64
final_prompt,9,21,4.641050850296716e-07,0.0089284425399342,0.0089284425399342,0.5,2.6093328528983154e-05,-2.516511835892381e-05,64
response_mean,14,17,1.7103291611421678e-05,0.00892176777925,0.00892176777925,0.515625,-0.0007574494629807132,0.0007916560462035567,64
final_prompt,15,16,-1.5828190669253672e-07,-0.008915608329940412,0.008915608329940412,0.5,1.780930602990335e-07,-4.946568736841073e-07,64
final_prompt,11,10,1.5315715131697371e-06,0.008914284465688371,0.008914284465688371,0.5,-3.195195574789869e-05,3.501509877423816e-05,64
response_first,16,19,1.1825560477515018e-06,0.008913558588555866,0.008913558588555866,0.5,-1.8139317035085762e-05,2.0504429130588766e-05,64
public_task_span,14,5,-3.951435701316072e-06,-0.00890845660678433,0.00890845660678433,0.5,-4.932059300699995e-05,4.141772160436783e-05,64
final_prompt,31,5,2.471296102157943e-05,0.008904691105903459,0.008904691105903459,0.515625,-0.0009344667087134317,0.0009838926307565907,64
response_first,18,16,9.895452635078072e-08,0.008899788128361662,0.008899788128361662,0.515625,2.1636649449874312e-06,-1.9657558922858698e-06,64
final_prompt,27,1,-1.162179756875048e-07,-0.008892340430339232,0.008892340430339232,0.484375,-4.950879031184741e-06,4.718443079809731e-06,64
final_prompt,16,9,1.2484540548024214e-06,0.008892121892474104,0.008892121892474104,0.5,-5.50868321624748e-05,5.7583740272079646e-05,64
response_first,11,15,3.334554412504027e-05,0.008877272529078606,0.008877272529078606,0.5,0.0002714644451771129,-0.00020477335692703236,64
final_prompt,25,27,2.054962749296925e-06,0.008856323499871002,0.008856323499871002,0.5625,-6.856372033325409e-05,7.267364583184795e-05,64
final_prompt,15,15,5.006266121652298e-07,0.008855747312719953,0.008855747312719953,0.5,3.905796489784376e-06,-2.904543265453917e-06,64
final_prompt,17,20,-1.1346742034845647e-07,-0.008855699296965568,0.008855699296965568,0.5,-1.9373634962960296e-06,1.7104286555991166e-06,64
final_prompt,19,22,-1.7223842405653278e-06,-0.008854739189862055,0.008854739189862055,0.5,3.2684533834872236e-06,-6.7132218646178776e-06,64
response_first,9,4,6.443380300442804e-07,0.008836152002808665,0.008836152002808665,0.5,5.685513542633086e-06,-4.396837482544525e-06,64
response_mean,11,31,-1.0056541896113146e-05,-0.008823808202983487,0.008823808202983487,0.5,-0.00014260105490393672,0.00012248797111171045,64
public_task_span,2,25,-4.734378308063274e-06,-0.008803671037254466,0.008803671037254466,0.484375,2.4168830350400407e-05,-3.3637586966526954e-05,64
response_first,9,29,5.684737530491007e-06,0.008796216935193283,0.008796216935193283,0.515625,-1.1626572671729499e-05,2.299604773271151e-05,64
public_task_span,34,10,-7.181414730440611e-06,-0.00879083170219363,0.00879083170219363,0.5,-0.0001505146819908937,0.0001361518525300125,64
post_selector,6,14,-2.459104098307576e-05,-0.008789995660833484,0.008789995660833484,0.59375,0.0009201799830406993,-0.0009693620650068509,64
public_task_span,12,7,-2.7841565497466928e-06,-0.008777882078435962,0.008777882078435962,0.5,-3.296740487710852e-05,2.739909177761514e-05,64
public_task_span,18,4,6.636671969319637e-06,0.008775320644272777,0.008775320644272777,0.515625,0.00012566682380564577,-0.00011239347986700649,64
response_mean,14,27,2.2690573587172457e-05,0.008773930223696226,0.008773930223696226,0.5,-8.592434369346438e-05,0.00013130549086780942,64
response_mean,12,23,-2.357888888579963e-06,-0.008773714660158333,0.008773714660158333,0.5,-3.853419912047034e-05,3.3818421343310414e-05,64
public_task_span,19,18,-6.663832436983393e-07,-0.008770094384361963,0.008770094384361963,0.5,-2.509224918866971e-05,2.375948270127303e-05,64
response_first,21,15,-9.076615299356791e-07,-0.00877002534666698,0.00877002534666698,0.515625,-1.1973053858580702e-05,1.015773079870935e-05,64
public_task_span,17,11,4.21178301621702e-05,0.00876827396965131,0.00876827396965131,0.5,-0.00021533806284423137,0.00029957372316857193,64
response_mean,5,30,-1.3842091561851275e-05,-0.008762401286874,0.008762401286874,0.5,0.00043538881845961344,-0.00046307300158331615,64
response_first,29,12,2.3613867938366678e-05,0.008742718851948954,0.008742718851948954,0.515625,-0.0003157972785174843,0.0003630250143942175,64
public_task_span,33,11,-2.987072730320392e-05,-0.008716875102694883,0.008716875102694883,0.5,-0.0018093717062583597,0.0017496302516519522,64
final_prompt,29,13,2.3232591672695725e-06,0.008716650265003055,0.008716650265003055,0.53125,-0.00010602748312747086,0.00011067400146201,64
public_task_span,7,18,-2.324795786990434e-06,-0.008703217250430356,0.008703217250430356,0.5,1.316009229412999e-05,-1.7809683868110857e-05,64
final_prompt,17,23,-3.3956393963471297e-07,-0.008701467450672956,0.008701467450672956,0.5,-2.3933206136904044e-06,1.7141927344209779e-06,64
response_mean,25,6,4.446664661373091e-06,0.008698029893778263,0.008698029893778263,0.5,-0.00019049120578527152,0.00019938453510801772,64
response_first,10,26,3.3777243686416734e-06,0.008688182237756267,0.008688182237756267,0.5,-3.2499642657105214e-06,1.0005413002993875e-05,64
final_prompt,25,14,-4.452153007141139e-06,-0.008671529623747825,0.008671529623747825,0.515625,-0.0001769132804838389,0.00016800897446955665,64
final_prompt,33,22,-5.632756256089818e-06,-0.00866215474739976,0.00866215474739976,0.5,-0.00027276863693258285,0.0002615031244204032,64
final_prompt,1,10,-5.628423423334573e-06,-0.00865738789255929,0.00865738789255929,0.5,-7.483796616725495e-05,6.35811193205858e-05,64
response_first,10,11,-1.7249941493020166e-06,-0.00865307904313605,0.00865307904313605,0.515625,-2.1052644569885033e-06,-1.3447238416155283e-06,64
response_mean,33,25,-3.1741469683794936e-06,-0.008640205111811107,0.008640205111811107,0.515625,-6.887532890686825e-05,6.252703497010924e-05,64
final_prompt,26,3,4.232673063597157e-06,0.008624186216686298,0.008624186216686298,0.5,-4.690984178523697e-05,5.537518791243125e-05,64
final_prompt,11,24,4.726823590317741e-07,0.008599819680538285,0.008599819680538285,0.5,-2.463946952957435e-05,2.5584834247637894e-05,64
response_first,15,2,6.556111657120584e-06,0.008592538622153994,0.008592538622153994,0.46875,-8.654528210172802e-05,9.965750541596919e-05,64
final_prompt,15,19,-1.3706201684726693e-07,-0.008588570839959484,0.008588570839959484,0.5,-4.227900376463367e-07,1.4866600395180285e-07,64
public_task_span,33,2,4.888811872664337e-06,0.008581316663206948,0.008581316663206948,0.5,-8.354081683136581e-05,9.33184405766945e-05,64
response_mean,17,11,-2.550225417508799e-06,-0.008579007114432604,0.008579007114432604,0.5,1.7829549051387913e-05,-2.2929999886405508e-05,64
final_prompt,20,25,4.425441375134381e-06,0.008575580677792096,0.008575580677792096,0.5,-5.412286645877811e-05,6.297374920904687e-05,64
post_selector,6,9,1.1693756732706192e-05,0.008567374075572514,0.008567374075572514,0.5,0.0002929778356701531,-0.00026959032220474075,64
response_mean,9,4,1.0311370033405554e-06,0.008544553498902858,0.008544553498902858,0.484375,-3.2134545449467766e-05,3.4196819456148875e-05,64
response_first,19,3,-5.303171319840048e-07,-0.008511175881211065,0.008511175881211065,0.5,-8.630655032420063e-06,7.570020768452056e-06,64
response_first,13,28,1.0072787404159339e-06,0.008504614562633215,0.008504614562633215,0.515625,-5.9776993225562293e-05,6.179155070639415e-05,64
final_prompt,7,29,1.794794783904763e-07,0.008503213035704456,0.008503213035704456,0.5,2.3991242699139548e-06,-2.040165313133002e-06,64
response_first,28,29,-5.57748592198682e-07,-0.008500089863703006,0.008500089863703006,0.5,1.8595294477603691e-06,-2.9750266321577327e-06,64
response_first,31,2,2.4995862304403555e-06,0.008498061533689271,0.008498061533689271,0.515625,-1.6065225736378835e-05,2.106439819725955e-05,64
final_prompt,32,27,2.4872692847494656e-06,0.008488731116198888,0.008488731116198888,0.53125,8.501438787787546e-05,-8.00398493083765e-05,64
public_task_span,13,9,-1.1521582564451591e-05,-0.008485113955669909,0.008485113955669909,0.5,-0.0007709545388933892,0.0007479113737644861,64
public_task_span,18,3,2.2990815296112304e-07,0.008484506941127784,0.008484506941127784,0.5,-7.184391961320762e-07,1.1782555020543223e-06,64
response_first,14,18,3.258859578635699e-06,0.008483897841901508,0.008483897841901508,0.5,8.583108683523297e-05,-7.931336767796158e-05,64
public_task_span,27,0,1.6934368431962284e-06,0.00847953180866514,0.00847953180866514,0.5,7.551944509030498e-05,-7.213257140391251e-05,64
response_first,13,11,3.4069969601179804e-07,0.008459451648294664,0.008459451648294664,0.515625,3.1730901639514265e-06,-2.491690771927832e-06,64
response_first,1,25,7.976327651700189e-07,0.008455723743646722,0.008455723743646722,0.5,-9.762515674082734e-06,1.1357781204422774e-05,64
final_prompt,33,26,5.028832532623706e-07,0.008422564779561308,0.008422564779561308,0.5,1.286745714439303e-07,8.770919350808126e-07,64
response_mean,12,21,-2.618002099552541e-07,-0.00842144141027995,0.00842144141027995,0.5,-2.3078143499333237e-05,2.255454307942273e-05,64
response_first,10,23,-3.738965460791197e-06,-0.008409755624353988,0.008409755624353988,0.484375,-0.00019707861429194226,0.00018960068337035987,64
response_first,5,30,-1.1553985075354894e-05,-0.008400459648044695,0.008400459648044695,0.484375,0.0003801145139163828,-0.00040322248406709257,64
response_mean,16,31,4.877904032694137e-06,0.008399427822894412,0.008399427822894412,0.515625,-3.289987836297046e-05,4.265568642835871e-05,64
response_first,30,0,-2.5676524728646804e-06,-0.008377786163468457,0.008377786163468457,0.5,-8.402128605665432e-05,7.888598111092497e-05,64
post_selector,4,13,-9.37645581871034e-05,-0.00837695266937458,0.00837695266937458,0.46875,0.0028963006698177122,-0.0030838297861919186,64
final_prompt,1,26,-3.3590811199246684e-07,-0.008368476511562438,0.008368476511562438,0.5,3.4274069093953585e-06,-4.099223133380292e-06,64
response_mean,31,16,2.5453302043842996e-07,0.008362028421889765,0.008362028421889765,0.5,-6.6320824316790095e-06,7.141148472555869e-06,64
response_first,17,12,1.324554887102759e-06,0.008361801779282717,0.008361801779282717,0.5,-5.8708795904738363e-05,6.135790567894387e-05,64
response_mean,16,26,-3.7617264751944105e-06,-0.008360601257183136,0.008360601257183136,0.5,-9.2474790108076e-05,8.495133715768717e-05,64
public_task_span,28,7,-2.8109834602219154e-06,-0.00835413470899964,0.00835413470899964,0.46875,8.333563164341073e-05,-8.895759856385458e-05,64
final_prompt,17,31,-1.71062256582033e-08,-0.00834712075580553,0.00834712075580553,0.5,1.4256386959843326e-07,-1.7677632091483986e-07,64
response_first,17,2,5.185262068620752e-07,0.00834658989221743,0.00834658989221743,0.5,9.341077884560967e-07,1.0294462526805362e-07,64
final_prompt,11,22,2.8648354799467477e-07,0.008330438235923164,0.008330438235923164,0.5,-2.866590421034357e-06,3.439557517023706e-06,64
final_prompt,35,7,-9.345997398213512e-08,-0.00833000604764244,0.00833000604764244,0.484375,-3.874266866432663e-06,3.6873469184683927e-06,64
final_prompt,13,31,-4.857301405532234e-07,-0.008328145887891535,0.008328145887891535,0.5,-1.1574434267912766e-05,1.0602973986806319e-05,64
response_first,30,3,-8.631182026890308e-07,-0.008323288951429572,0.008323288951429572,0.5,-4.21315061203034e-05,4.040526971492534e-05,64
public_task_span,1,11,-3.5061588278037715e-05,-0.008314399568720272,0.008314399568720272,0.484375,0.00010793074034155326,-0.00017805391689762836,64
public_task_span,27,17,3.0157208357176682e-06,0.008312887815809451,0.008312887815809451,0.5,6.035210799381885e-05,-5.432066632238352e-05,64
response_first,24,18,2.053206026175129e-05,0.008311162183261374,0.008311162183261374,0.5,-0.00039015007678244414,0.00043121419730594683,64
response_first,12,3,-1.089460602089063e-05,-0.008304476563974652,0.008304476563974652,0.5,-0.00046566559649363436,0.0004438763844518531,64
public_task_span,33,5,-4.432060450197732e-06,-0.008291697181956353,0.008291697181956353,0.5,-0.00034972389948959254,0.000340859778589197,64
response_first,29,30,-1.5496448213525582e-07,-0.008287550603656905,0.008287550603656905,0.5,1.3032483252573002e-06,-1.6131772895278118e-06,64
response_mean,15,20,1.9266776689605434e-06,0.008284792443199112,0.008284792443199112,0.484375,-3.466031876086837e-05,3.851367409878946e-05,64
final_prompt,1,4,-4.300678142494777e-07,-0.008277173063242839,0.008277173063242839,0.5,8.973582566797337e-06,-9.833718195296292e-06,64
response_mean,15,26,-5.309897055383317e-08,-0.00826954466660951,0.00826954466660951,0.515625,-1.7191707932795453e-06,1.612972852171879e-06,64
final_prompt,11,7,9.508511880096033e-07,0.008255014352819303,0.008255014352819303,0.5,-2.879042256153071e-05,3.069212493754992e-05,64
public_task_span,1,31,-5.003125079383868e-05,-0.008253197995633588,0.008253197995633588,0.5,-0.0035326074576005175,0.00343254495601284,64
final_prompt,17,13,3.1545197742746106e-07,0.008242933674548363,0.008242933674548363,0.515625,-7.99122535965924e-06,8.622129314514161e-06,64
final_prompt,9,31,3.3181719594210817e-08,0.008242612791507167,0.008242612791507167,0.5,1.3213973382164568e-06,-1.2550338990280352e-06,64
response_first,34,9,6.968836032668687e-07,0.00823444438197251,0.00823444438197251,0.5,-2.7920112870555344e-05,2.931388007708908e-05,64
response_first,35,31,-5.517798854276019e-06,-0.00822435254878175,0.00822435254878175,0.484375,-0.0002914737524406392,0.0002804381547320872,64
public_task_span,0,11,-3.119066423096254e-05,-0.008213312672638006,0.008213312672638006,0.5,0.00024482038497808124,-0.0003072017134400063,64
response_mean,35,5,-2.0973931214030017e-07,-0.008202102505628531,0.008202102505628531,0.5,-8.59265378494456e-06,8.173175160663959e-06,64
response_first,34,11,9.073109907831173e-08,0.00819479986085662,0.00819479986085662,0.5,-2.25747103854701e-06,2.438933236703633e-06,64
response_mean,11,24,2.927098557848255e-05,0.008190522366656303,0.008190522366656303,0.5,0.00034294663964829647,-0.0002844046684913314,64
public_task_span,29,0,-1.2196896477685844e-05,-0.008182995662154127,0.008182995662154127,0.5,-0.0006876583984194212,0.0006632646054640496,64
public_task_span,27,5,1.5378614079994188e-06,0.008177354470162759,0.008177354470162759,0.5,-5.582963603954675e-05,5.89053588555456e-05,64
public_task_span,22,10,2.7915109512854805e-06,0.0081669351662138,0.0081669351662138,0.46875,-8.022764313863515e-05,8.581066504120611e-05,64
response_mean,27,26,-2.0653760657302716e-06,-0.008166296742365327,0.008166296742365327,0.5,-0.00012779554617735006,0.00012366479404588953,64
post_selector,27,23,4.82219206788395e-06,0.008161218090645742,0.008161218090645742,0.5,-0.0001997775398194623,0.0002094219239552302,64
response_first,5,31,3.458563423919302e-05,0.008159623004384747,0.008159623004384747,0.5,-0.0013592794693977313,0.0014284507378761176,64
post_selector,35,13,3.870718501275156e-05,0.008148535348791138,0.008148535348791138,0.5,-0.00027242436044616874,0.00034983873047167197,64
public_task_span,35,30,4.219970833218268e-06,0.008145156130171092,0.008145156130171092,0.5,0.00022073626041672954,-0.00021229631875029303,64
public_task_span,15,16,2.3101545139086834e-06,0.008144134100145431,0.008144134100145431,0.5,2.356771108224815e-05,-1.8947402054430784e-05,64
final_prompt,13,29,-7.624127533719255e-07,-0.008142719163939632,0.008142719163939632,0.5,-2.7107433737673006e-05,2.558260823092915e-05,64
final_prompt,12,27,1.6379690350720163e-06,0.00814149710805529,0.00814149710805529,0.5,-2.7425698817743495e-05,3.0701636887887524e-05,64
response_first,11,3,1.4395888683793763e-05,0.00813981408039819,0.00813981408039819,0.5,-0.000610042048720053,0.0006388338260876407,64
response_mean,10,21,2.770912033157852e-06,0.008138890078585427,0.008138890078585427,0.5,0.00012360334585535351,-0.00011806152178903782,64
final_prompt,34,0,-1.1550354429344546e-05,-0.008135032917660094,0.008135032917660094,0.5,-0.00044845369484391247,0.00042535298598522336,64
response_mean,14,11,8.55654161569277e-06,0.008117546750790773,0.008117546750790773,0.5,-0.00023147972024162346,0.000248592803473009,64
final_prompt,22,30,5.8504710977968604e-06,0.008109049601881352,0.008109049601881352,0.5,-0.00015546100166829687,0.00016716194386389062,64
public_task_span,27,4,-1.5154574839468094e-06,-0.008108313939464503,0.008108313939464503,0.5,-4.102399248039412e-05,3.7993077512500515e-05,64
response_first,15,24,1.4230825629013566e-08,0.008100130711496114,0.008100130711496114,0.5,-1.420913857685946e-07,1.7055303702662172e-07,64
response_first,7,0,-6.773154950677822e-06,-0.008099064129156282,0.008099064129156282,0.5,-9.951504557648003e-05,8.596873567512442e-05,64
response_mean,7,5,-5.558940827641664e-07,-0.008097838125703078,0.008097838125703078,0.5,9.747462840434839e-06,-1.0859251005963172e-05,64
public_task_span,32,17,8.678027370479053e-06,0.00809769580785844,0.00809769580785844,0.5,-0.0005009167180105439,0.0005182727727515021,64
public_task_span,8,20,1.9767628600645547e-06,0.008096130288108667,0.008096130288108667,0.5,-3.228868899896239e-05,3.62422147190915e-05,64
response_first,14,3,-4.9424411940831876e-06,-0.008064483187632063,0.008064483187632063,0.5,-1.350315005764621e-05,3.618267669479807e-06,64
response_mean,15,0,-9.632695309843083e-06,-0.008058275204039884,0.008058275204039884,0.484375,5.384335599957668e-05,-7.310874661926285e-05,64
public_task_span,30,31,6.248876047717953e-07,0.00805089568389097,0.00805089568389097,0.5,-1.2337656130514287e-05,1.358743134005788e-05,64
final_prompt,34,13,-2.8365495552407083e-07,-0.008043145991561668,0.008043145991561668,0.5,1.7476687617090647e-06,-2.3149786727572064e-06,64
public_task_span,29,26,-2.730311462073164e-05,-0.008040278486422357,0.008040278486422357,0.484375,-0.0009253926764358581,0.0008707864471943949,64
final_prompt,18,2,-2.071133508258364e-06,-0.008039848050680122,0.008039848050680122,0.5,-3.899594139512394e-05,3.485367437860721e-05,64
response_mean,17,16,-8.680938549335955e-06,-0.008034130512524428,0.008034130512524428,0.5,7.343058337026971e-05,-9.079246046894156e-05,64
post_selector,24,17,1.7762663333092065e-05,0.008029873002801549,0.008029873002801549,0.5,0.00023543506222268565,-0.0001999097355565015,64
public_task_span,15,29,-1.4027238648846893e-05,-0.008029211763298221,0.008029211763298221,0.5,-0.0006378318648785219,0.000609777387580828,64
public_task_span,23,3,6.026652954460953e-06,0.008028162486334544,0.008028162486334544,0.5,-6.685823245788126e-05,7.891153836680314e-05,64
response_first,24,24,-1.0088124327014072e-05,-0.008005036937483197,0.008005036937483197,0.5,3.548559107002813e-05,-5.5661839724056235e-05,64
final_prompt,32,14,-5.2626105571078e-06,-0.008001360436013252,0.008001360436013252,0.5,0.00016120408008645935,-0.000171729301200675,64
public_task_span,6,0,-1.1582535080374078e-05,-0.00800022576256745,0.00800022576256745,0.46875,0.00018694011123444317,-0.00021010518139519133,64
final_prompt,2,23,-4.806071626717388e-05,-0.00799820012442806,0.00799820012442806,0.5,0.0015281275452707845,-0.001624248977805132,64
final_prompt,30,14,-1.1784285902649572e-07,-0.007991343938882378,0.007991343938882378,0.515625,-5.237561424564774e-07,2.8807042440348596e-07,64
final_prompt,12,24,7.727182946834699e-07,0.00799127657045039,0.00799127657045039,0.5,-2.2006108793076838e-06,3.7460474686746237e-06,64
final_prompt,8,5,-2.3035418195066136e-07,-0.00799030348066182,0.00799030348066182,0.5,1.0465271174085529e-06,-1.507235481309876e-06,64
final_prompt,16,27,5.547226962211215e-07,0.007989982412867974,0.007989982412867974,0.5,-2.0168658537044822e-05,2.127810392948706e-05,64
response_first,5,4,-3.2046502838036913e-06,-0.007988566726554538,0.007988566726554538,0.5,8.619699497104059e-05,-9.260629553864796e-05,64
public_task_span,7,2,1.665453964961046e-06,0.007982717219659107,0.007982717219659107,0.5,6.788895007047281e-05,-6.455804214055072e-05,64
response_mean,10,8,1.4167086987995181e-06,0.007980708390499794,0.007980708390499794,0.5,2.1561359062599e-06,6.772814913391293e-07,64
public_task_span,20,11,1.1424455692596079e-06,0.00798023276091544,0.00798023276091544,0.5,-2.0648601434906777e-05,2.2933492573426002e-05,64
response_first,1,9,4.639406324712938e-05,0.007979937817415374,0.007979937817415374,0.5,-0.001400080807798079,0.0014928689342923376,64
public_task_span,24,24,1.4420640582103272e-05,0.007971159608163986,0.007971159608163986,0.5,6.941852188902529e-05,-4.057724072481877e-05,64
post_selector,18,20,5.0263654884476634e-05,0.007968023710946787,0.007968023710946787,0.5,-6.355536243065566e-06,0.00010688284601201889,64
response_mean,15,21,9.206776780959596e-07,0.007963071506538058,0.007963071506538058,0.5,3.6755443602481675e-05,-3.4914088246289756e-05,64
public_task_span,18,23,1.2106061149091286e-05,0.007963014044617701,0.007963014044617701,0.5,0.0004549333643808309,-0.00043072124208264826,64
public_task_span,16,28,1.2702892036029436e-05,0.007960776538117916,0.007960776538117916,0.5,0.00026683386477087726,-0.00024142808069881847,64
response_mean,11,10,-1.3286877901921455e-05,-0.007960543668269392,0.007960543668269392,0.5,-0.0008148270985657159,0.000788253342761873,64
final_prompt,18,20,2.1005921553263502e-06,0.007960187893039428,0.007960187893039428,0.5,6.299406413744674e-05,-5.879287982679405e-05,64
response_first,3,8,7.310524233617328e-05,0.007943095456120809,0.007943095456120809,0.5,-0.0025355059333378345,0.0026817164180101814,64
final_prompt,27,30,3.9062972064129466e-05,0.007938557490746866,0.007938557490746866,0.515625,-0.0012564677672344214,0.0013345937113626806,64
public_task_span,21,24,7.267772446090432e-06,0.00793359078972546,0.00793359078972546,0.5,0.0002079713115108493,-0.0001934357666186684,64
response_mean,19,20,1.4239327015296412e-06,0.007929178669748446,0.007929178669748446,0.5,7.376515043238129e-06,-4.528649640178856e-06,64
response_first,31,17,1.8836125548202477e-07,0.007926833289392523,0.007926833289392523,0.5,-5.103609353793601e-06,5.480331864757651e-06,64
public_task_span,23,25,-1.231038368131689e-06,-0.007922034675787564,0.007922034675787564,0.484375,7.246187396957204e-05,-7.492395070583541e-05,64
response_mean,7,16,1.3312206448290453e-07,0.007916662743441655,0.007916662743441655,0.515625,-1.693468078656224e-06,1.959712207622033e-06,64
public_task_span,7,14,-1.1271071343793768e-05,-0.007901164161473294,0.007901164161473294,0.5,-1.8601913325256306e-05,-3.9402293623312445e-06,64
response_first,20,12,-8.43053385325327e-07,-0.007895255365901537,0.007895255365901537,0.5,3.413930352280092e-05,-3.582541029345158e-05,64
final_prompt,1,17,-7.700422429476684e-06,-0.007894627276614745,0.007894627276614745,0.5,-1.531556335976018e-05,-8.528149919316053e-08,64
response_mean,13,1,3.067789270972055e-05,0.007889690652436797,0.007889690652436797,0.5,-0.0004995944632355521,0.0005609502486549929,64
response_first,32,3,4.294981295061508e-06,0.007882133993907702,0.007882133993907702,0.515625,-0.00034019799068116556,0.00034878795327128855,64
final_prompt,16,7,-1.2557020312445748e-06,-0.007880412102489827,0.007880412102489827,0.5,-4.215100085501821e-05,3.963959679252907e-05,64
public_task_span,23,23,-2.6367338250580005e-06,-0.00787501869264175,0.00787501869264175,0.484375,-2.7719104309636636e-05,2.2445636659520628e-05,64
response_first,24,28,-4.025315320185967e-06,-0.007860603050297087,0.007860603050297087,0.5,-0.00011098796221630915,0.00010293733157593723,64
final_prompt,14,26,3.3067615845556797e-07,0.007855114058916644,0.007855114058916644,0.5,2.1191469556922435e-06,-1.4577946387811068e-06,64
response_first,12,24,1.0285562979106544e-07,0.007848753528652053,0.007848753528652053,0.484375,-7.537433319271258e-06,7.74314457885339e-06,64
response_mean,13,0,5.558924556228733e-06,0.007836183216159195,0.007836183216159195,0.515625,-0.00018522947016206623,0.00019634731927452368,64
response_first,9,6,-1.4343301657504522e-08,-0.007834193208391033,0.007834193208391033,0.5,-5.443826474049729e-07,5.156960440899638e-07,64
final_prompt,13,9,6.042011619924765e-07,0.007819323903866932,0.007819323903866932,0.5,-1.6676071936681227e-06,2.8760095176530757e-06,64
post_selector,5,19,-5.017804960516601e-05,-0.007806906087653917,0.007806906087653917,0.5,0.0019849034124490433,-0.002085259511659375,64
response_first,3,21,7.109246962500352e-05,0.00780583194092425,0.00780583194092425,0.5,0.002034142606135004,-0.0018919576668849968,64
public_task_span,29,15,-9.670277734131523e-07,-0.007794074477361248,0.007794074477361248,0.5,-4.5801667368996156e-05,4.3867611822169843e-05,64
response_first,15,17,1.9632081715802347e-07,0.007773227642685257,0.007773227642685257,0.5,-5.565503563119722e-06,5.958145197435769e-06,64
response_mean,10,27,1.6690186441796827e-06,0.007768761366496763,0.007768761366496763,0.5,-1.651624938857977e-05,1.9854286676939145e-05,64
response_mean,11,8,-5.476898792276728e-07,-0.0077681737753580405,0.0077681737753580405,0.5,1.887508931019278e-05,-1.9970469068648127e-05,64
final_prompt,1,3,4.670111479764598e-07,0.00776236448708049,0.00776236448708049,0.5,-8.132688890324667e-06,9.066711186277588e-06,64
public_task_span,17,9,1.1329753760940616e-05,0.007756626822365664,0.007756626822365664,0.5,-5.831730049977494e-05,8.097680802165625e-05,64
response_mean,15,25,-1.4122721950114997e-05,-0.007748437348906301,0.007748437348906301,0.5,-0.00017681344979791474,0.00014856800589768473,64
response_first,13,25,3.697883244061123e-07,0.0077464371368821516,0.0077464371368821516,0.515625,-8.284834450474892e-06,9.024411099287115e-06,64
response_first,7,23,-8.708040155614719e-07,-0.007731497369554222,0.007731497369554222,0.5,-4.97544358211041e-05,4.8012827789981154e-05,64
response_mean,18,9,-1.9137827791835576e-05,-0.007723827555347704,0.007723827555347704,0.515625,-0.00023279528716100808,0.00019451963157733696,64
response_mean,10,17,4.3387844925728636e-06,0.007715580706040526,0.007715580706040526,0.515625,0.00013630779676532568,-0.00012763022778017997,64
public_task_span,12,25,9.578926807307653e-08,0.007693005470547586,0.007693005470547586,0.5,-3.929453313844533e-07,5.845238675306064e-07,64
response_first,20,15,4.063416962886581e-07,0.007687869270445722,0.007687869270445722,0.53125,-2.4518773546587433e-05,2.5331456939164747e-05,64
response_first,13,29,1.8357225144426503e-06,0.00767700989685718,0.00767700989685718,0.515625,-6.185818665470057e-05,6.552963168358588e-05,64
public_task_span,5,14,2.34780109167273e-05,0.007664933772709905,0.007664933772709905,0.53125,0.000744452740036634,-0.0006974967182031796,64
final_prompt,26,10,1.9704250675545147e-08,0.007654477791911268,0.007654477791911268,0.46875,-2.487480657009655e-07,2.8815656705205583e-07,64
post_selector,26,10,1.2946335345988813e-06,0.007653328585587217,0.007653328585587217,0.5,1.0304685588379662e-05,-7.7154185191819e-06,64
public_task_span,33,25,1.6679553027678712e-06,0.0076446849104111385,0.0076446849104111385,0.5,-1.8003885088530916e-05,2.133979569406666e-05,64
response_mean,22,21,-5.207649849107614e-07,-0.0076431305419109525,0.0076431305419109525,0.5,-3.6768043997876825e-05,3.5726514028055306e-05,64
final_prompt,23,19,-1.0660384219818297e-07,-0.0076402757114048415,0.0076402757114048415,0.5,-4.186383101512092e-06,3.973175417115726e-06,64
final_prompt,14,20,-4.1909237324862927e-07,-0.007640080543064539,0.007640080543064539,0.5,-6.776656391389556e-08,-7.704181825833638e-07,64
response_mean,29,21,2.88711362372851e-07,0.007637582450849689,0.007637582450849689,0.515625,-5.043156647843716e-06,5.620579372589418e-06,64
final_prompt,12,2,2.8419856334949145e-07,0.007627353890428725,0.007627353890428725,0.5,3.2285043403135205e-06,-2.6601072136145376e-06,64
public_task_span,16,30,7.978322173583832e-06,0.007618222225390702,0.007618222225390702,0.484375,0.00035570900945456295,-0.0003397523651073953,64
public_task_span,30,15,-7.138805244711631e-07,-0.007612752859922788,0.007612752859922788,0.5,-1.5902727682247166e-05,1.447496663330484e-05,64
public_task_span,25,7,-1.3106958363096055e-07,-0.007611645414522847,0.007611645414522847,0.5,-7.2411199880662025e-06,6.978980820804281e-06,64
response_mean,35,6,6.052283652008976e-07,0.007611491422275579,0.007611491422275579,0.5,-4.4356045237330477e-07,1.6540171827751025e-06,64
public_task_span,24,2,-2.3223790890410072e-06,-0.007602261458209047,0.007602261458209047,0.5,-3.5874858099316364e-05,3.123009992123437e-05,64
public_task_span,20,13,3.33173125000157e-06,0.007594200922426079,0.007594200922426079,0.5,-9.447093975722041e-05,0.00010113440225722353,64
public_task_span,30,20,-1.1883970728378012e-05,-0.007592326461428685,0.007592326461428685,0.5,-0.00034976419192388826,0.0003259962504671322,64
response_mean,30,4,-1.2783949614445307e-06,-0.0075860013953051655,0.0075860013953051655,0.5,-2.888047936266425e-05,2.6323689439775186e-05,64
response_first,7,18,1.8221610389452816e-06,0.007584755931649442,0.007584755931649442,0.5,5.8177965229338814e-05,-5.453364315144825e-05,64
public_task_span,25,14,-3.0577266443251497e-06,-0.007583313660546096,0.007583313660546096,0.5,0.00011969328443227639,-0.00012580873772092668,64
response_first,12,10,5.683237873197241e-06,0.007577710282384024,0.007577710282384024,0.5,0.00011792347515892425,-0.00010655699941252975,64
public_task_span,25,13,1.5095417325023717e-06,0.007561839024576746,0.007561839024576746,0.5,-4.634470769814936e-05,4.93637911631541e-05,64
response_first,19,2,1.4061109965287913e-06,0.0075545659364768866,0.0075545659364768866,0.515625,4.034425546705625e-05,-3.753203347399866e-05,64
final_prompt,3,28,8.698428938913797e-06,0.007553845834039721,0.007553845834039721,0.5,0.00028056325683678746,-0.00026316639895895984,64
response_first,17,5,-7.197911600066767e-07,-0.007549118054840365,0.007549118054840365,0.5,-2.050115358542026e-05,1.9061571265406906e-05,64
response_first,14,25,-6.2763382513394e-07,-0.007544084590818193,0.007544084590818193,0.5,2.0796759264471592e-05,-2.205202691473947e-05,64
response_first,17,14,2.7195074281294743e-07,0.007543539467827962,0.007543539467827962,0.5,-1.5282053524848713e-06,2.0721068381107653e-06,64
final_prompt,16,30,2.420913915558385e-06,0.007529349145912051,0.007529349145912051,0.515625,-2.6302200694774262e-05,3.1144028525891026e-05,64
response_first,22,18,6.061560213800855e-07,0.007522341635548231,0.007522341635548231,0.5,-1.8095676864502078e-05,1.9307988907262247e-05,64
response_mean,21,2,-1.275395561608362e-06,-0.007518868877935597,0.007518868877935597,0.515625,-4.9336612619289346e-05,4.678582149607262e-05,64
public_task_span,15,17,1.5200682241818571e-06,0.007512575378591225,0.007512575378591225,0.53125,-4.3186173570508955e-06,7.358753805414611e-06,64
response_first,5,29,0.0001270166867470895,0.007509140766723016,0.007509140766723016,0.5,-0.003200203180313088,0.003454236553807266,64
public_task_span,1,9,3.342549462103907e-05,0.007506757296583624,0.007506757296583624,0.5,0.0008106888344627658,-0.0007438378452206875,64
public_task_span,32,24,-6.008414175082893e-07,-0.00749774319127911,0.00749774319127911,0.484375,-9.032532489071673e-06,7.830849654055095e-06,64
response_mean,3,9,-4.0357175748793645e-05,-0.007497696126241779,0.007497696126241779,0.5,0.0004028483672300438,-0.00048356271872763133,64
public_task_span,26,3,-7.729809112812945e-07,-0.007492164939951571,0.007492164939951571,0.484375,-8.081344731178132e-06,6.535382908615543e-06,64
public_task_span,7,10,-8.404069831121786e-07,-0.007489576784506243,0.007489576784506243,0.5,-8.17854015582308e-08,-1.5990285646661187e-06,64
public_task_span,27,14,-3.264653514632998e-06,-0.007488783380890083,0.007488783380890083,0.5,-0.00012529870218712188,0.00011876939515785587,64
final_prompt,3,25,3.702750157685489e-05,0.007488614706911974,0.007488614706911974,0.5,0.0012620346406038005,-0.001187979637450091,64
response_first,3,9,-6.151421985123897e-05,-0.007488475378574977,0.007488475378574977,0.5,-8.558820263715949e-05,-3.744023706531868e-05,64
response_mean,27,21,6.008557704709206e-07,0.007480839947344225,0.007480839947344225,0.484375,-1.9690308079130037e-05,2.089201962007188e-05,64
response_first,16,28,-7.733007549902915e-07,-0.007472691503172683,0.007472691503172683,0.5,1.0480602753654512e-05,-1.2027204263635091e-05,64
public_task_span,14,19,4.178816197971212e-06,0.007467670873668472,0.007467670873668472,0.515625,-0.00019455306210144753,0.00020291069449738993,64
response_first,2,11,-1.7243377214966176e-06,-0.007437021430629055,0.007437021430629055,0.5,-6.882009915896855e-05,6.53714237159753e-05,64
post_selector,9,15,-1.2087917639286085e-05,-0.0074287449596130714,0.0074287449596130714,0.40625,0.00013381535609368548,-0.00015799119137225763,64
final_prompt,18,0,1.24320047234412e-06,0.007420818489717164,0.007420818489717164,0.484375,-2.5581544150546936e-05,2.8067945095235166e-05,64
final_prompt,12,17,-8.961800972416554e-07,-0.007418878138576201,0.007418878138576201,0.5,-7.367261559919364e-06,5.574901365436054e-06,64
response_mean,11,3,8.288417575392957e-06,0.007411526950091352,0.007411526950091352,0.484375,-0.00041680785670904317,0.00043338469185982907,64
response_first,14,30,-1.783393486218887e-06,-0.0074111252489738825,0.0074111252489738825,0.5,-1.7200316960950953e-05,1.3633529988513182e-05,64
public_task_span,23,14,6.783431672373783e-06,0.00740166324082887,0.00740166324082887,0.515625,9.373866510031746e-05,-8.017180175556995e-05,64
final_prompt,32,31,-5.434983449961742e-06,-0.007401455614600349,0.007401455614600349,0.5,0.00017538625979795,-0.0001862562266978735,64
final_prompt,25,12,-4.4646481001106047e-07,-0.007398461930814131,0.007398461930814131,0.515625,-1.9778582327475903e-06,1.0849286127254664e-06,64
public_task_span,34,6,-3.3172648272690744e-06,-0.007367425513911982,0.007367425513911982,0.5,-0.00012820772826670218,0.00012157319861216402,64
response_first,8,15,1.3252539474695762e-06,0.007365200896423757,0.007365200896423757,0.5,4.559173976302687e-05,-4.2941231868087706e-05,64
response_first,25,2,9.335576223179487e-08,0.007363877248696893,0.007363877248696893,0.5,-2.7023493345268434e-06,2.889060858990433e-06,64
response_first,18,30,-1.2625217777878392e-06,-0.007363096617775318,0.007363096617775318,0.515625,5.3593193570111125e-05,-5.611823712568681e-05,64
final_prompt,29,1,-6.4896312323943695e-06,-0.007340171420613154,0.007340171420613154,0.46875,-0.0001834506747400054,0.00017047141227521654,64
public_task_span,14,4,-6.335053967633191e-06,-0.0073359535371607274,0.0073359535371607274,0.515625,-0.00012676441247096198,0.00011409430453569561,64
public_task_span,10,11,1.1792121767931894e-06,0.007331235529398718,0.007331235529398718,0.5,-3.376577933522213e-05,3.6124203688808504e-05,64
response_first,14,15,-1.8924354208181365e-06,-0.00731206453586716,0.00731206453586716,0.5,2.1523012037483637e-05,-2.5307882879119927e-05,64
response_first,35,10,1.5933138683950244e-06,0.007305146223601807,0.007305146223601807,0.5,-6.75897538257986e-05,7.077638156258866e-05,64
response_mean,33,26,5.258650901390766e-07,0.007303488393735997,0.007303488393735997,0.5,-1.9850926946869673e-07,1.2502394497468499e-06,64
final_prompt,14,3,2.094377684613843e-07,0.007301592402298663,0.007301592402298663,0.5,1.1643027875152256e-07,3.0244525817124625e-07,64
public_task_span,27,31,-3.913974751410299e-06,-0.0072982266522222915,0.0072982266522222915,0.5,-0.00017106618679462457,0.00016323823729180395,64
response_first,15,9,1.15791718505176e-08,0.007291477033659209,0.007291477033659209,0.546875,-4.3460122028937676e-07,4.5775956399041196e-07,64
public_task_span,20,25,-7.181574801501567e-06,-0.007287864075769645,0.007287864075769645,0.5,8.970632734431219e-06,-2.3333782337434352e-05,64
final_prompt,13,20,-6.043223876872617e-08,-0.0072874230296577245,0.0072874230296577245,0.5,-1.2826499187212903e-06,1.161785441183838e-06,64
response_mean,32,26,-3.3324513282196487e-07,-0.007287400971236724,0.007287400971236724,0.5,5.287632134807551e-06,-5.95412240045148e-06,64
response_first,16,18,-1.3661850175597142e-06,-0.007284934314881256,0.007284934314881256,0.5,7.406416011688638e-05,-7.679653015200582e-05,64
response_first,25,27,4.412663997757979e-06,0.007276680403887587,0.007276680403887587,0.5,-0.0003079493521909034,0.0003167746801864193,64
response_mean,16,21,2.033108074787188e-06,0.00726967927870858,0.00726967927870858,0.5,-9.950743270790741e-05,0.00010357364885748179,64
public_task_span,25,18,-9.405043499555177e-08,-0.007259666247010034,0.007259666247010034,0.515625,1.7954965301214543e-06,-1.983597400112558e-06,64
public_task_span,20,20,-2.9291829832852642e-06,-0.007249300611955823,0.007249300611955823,0.5,-0.00013645884587275633,0.0001306004799061858,64
public_task_span,1,22,8.28237971290998e-05,0.007249178998305963,0.007249178998305963,0.5,0.0024280008510686414,-0.00226235325681044,64
final_prompt,10,20,-1.772332325343766e-06,-0.007242425441925888,0.007242425441925888,0.5,-9.273701198251671e-05,8.919234733182919e-05,64
response_first,12,2,-4.862448008689118e-07,-0.007236496130980203,0.007236496130980203,0.5,-1.1698933235512169e-06,1.9740372181339415e-07,64
public_task_span,24,3,-2.2065771076995588e-07,-0.007234301409063859,0.007234301409063859,0.5,-9.405606817836087e-06,8.964291396296176e-06,64
final_prompt,4,2,4.1270374367742796e-05,0.007230593978071911,0.007230593978071911,0.5,0.0014947450908948836,-0.0014122043421593985,64
final_prompt,21,21,-2.3686047256832775e-07,-0.007224898027555885,0.007224898027555885,0.5,-3.50720668507055e-06,3.0334857399338944e-06,64
response_first,6,16,6.213611777639212e-05,0.007222488013165084,0.007222488013165084,0.5,0.001679674751358125,-0.0015554025158053407,64
final_prompt,22,21,3.744238711076559e-06,0.007214248949563855,0.007214248949563855,0.5,-7.650745828868436e-05,8.399593571083749e-05,64
public_task_span,7,30,1.6401938296439766e-07,0.007214201487670402,0.007214201487670402,0.5,-2.4525992330381996e-06,2.780637998966995e-06,64
response_mean,10,30,2.345318620201802e-06,0.007205217938000354,0.007205217938000354,0.515625,8.462241100914872e-05,-7.993177376874509e-05,64
public_task_span,6,27,-1.656114909565243e-05,-0.0071971545116360095,0.0071971545116360095,0.484375,0.0008451369649264797,-0.0008782592631177847,64
response_mean,13,27,-5.826707820236818e-06,-0.007190245267401431,0.007190245267401431,0.5,3.3976093618498466e-06,-1.505102500232346e-05,64
response_first,11,25,2.7167520784105e-06,0.007182145533350539,0.007182145533350539,0.5,-0.0001721062144497255,0.00017753971860654647,64
final_prompt,2,31,5.2120392211920936e-05,0.007181715861477153,0.007181715861477153,0.5,0.0019287991711962583,-0.001824558386772416,64
final_prompt,35,8,6.878251042507817e-06,0.007179607693550808,0.007179607693550808,0.5,-0.0001952798002093875,0.00020903630229440314,64
response_first,3,20,2.667496664798282e-05,0.007170904257014977,0.007170904257014977,0.5,-0.000636255641438775,0.0006896055747347407,64
public_task_span,25,23,-2.0218478766765543e-06,-0.007160598830777354,0.007160598830777354,0.5,-7.27260307939855e-05,6.86823350406324e-05,64
public_task_span,10,24,-3.910873147111574e-06,-0.007144964685924189,0.007144964685924189,0.5,0.0001234381979884217,-0.00013125994428264486,64
response_first,1,20,1.105605770135545e-05,0.0071408736872793895,0.0071408736872793895,0.5,0.00022209921007743756,-0.00019998709467472658,64
response_mean,20,24,6.549872821892677e-08,0.007131104388538868,0.007131104388538868,0.484375,-1.293101895782911e-06,1.4240993522207646e-06,64
response_first,23,29,-4.991642441612663e-07,-0.007122437365063028,0.007122437365063028,0.5,-6.947501560716162e-06,5.949173072393634e-06,64
final_prompt,11,21,-4.566362008531384e-07,-0.007114509891068669,0.007114509891068669,0.515625,-1.2035230270153903e-05,1.1121957868447626e-05,64
final_prompt,11,19,-3.921931579514129e-07,-0.007111463939493979,0.007111463939493979,0.5,-6.387332746270165e-06,5.60294643036734e-06,64
response_mean,17,4,2.428116044939015e-05,0.007110871154459728,0.007110871154459728,0.5,0.0006291701854479441,-0.0005806078645491637,64
response_mean,18,7,5.570597238606866e-06,0.007099814892030378,0.007099814892030378,0.5,4.941603071984524e-05,-3.82748362426315e-05,64
final_prompt,0,3,9.230170689989559e-06,0.0070958385847058455,0.0070958385847058455,0.5,0.00032719787304812673,-0.00030873753166814767,64
public_task_span,29,3,-1.0055537131839398e-05,-0.007090841446032777,0.007090841446032777,0.5,-0.0008300896961372611,0.0008099786218735824,64
post_selector,3,14,-9.688861428003293e-05,-0.007086630072724644,0.007086630072724644,0.46875,0.004650567407225012,-0.004844344635785076,64
response_first,18,31,-4.083169756086881e-06,-0.007085171936416112,0.007085171936416112,0.5,-0.00015131042437132623,0.0001431440848591525,64
public_task_span,34,9,1.1700170944092154e-05,0.007083879208878829,0.007083879208878829,0.5,-0.0004171028922428406,0.000440503234131025,64
response_first,12,5,-9.68706878265994e-07,-0.007078379011804788,0.007078379011804788,0.484375,-1.0107278143315319e-05,8.169864386783327e-06,64
final_prompt,21,3,-1.9544575025129723e-06,-0.007063545519470023,0.007063545519470023,0.5,0.0001309088343077467,-0.00013481774931277263,64
public_task_span,29,28,4.836144853451268e-07,0.007062730853517123,0.007062730853517123,0.5,-1.2643927220773749e-05,1.3611156191464e-05,64
final_prompt,10,4,1.243393626283647e-06,0.007061816500324002,0.007061816500324002,0.5,-6.486982397289814e-05,6.735661122546543e-05,64
final_prompt,15,0,4.689032266462785e-06,0.007061506541306446,0.007061506541306446,0.5,-9.564355241309853e-05,0.00010502161694602409,64
post_selector,0,15,-5.769748349848073e-05,-0.007057090456227698,0.007057090456227698,0.453125,-0.0012132083684264125,0.0010978134014294513,64
response_mean,11,15,4.196969712211556e-05,0.007056174469992643,0.007056174469992643,0.5,0.0008575965457566768,-0.000773657151512446,64
response_first,27,14,5.9998810684197144e-06,0.007055308516874783,0.007055308516874783,0.5,-0.00035095697057839037,0.00036295673271522974,64
response_mean,8,22,-3.0706523830277766e-06,-0.007053495014992604,0.007053495014992604,0.484375,-7.71373370298386e-05,7.099603226378302e-05,64
public_task_span,30,21,-4.212924523015707e-06,-0.007047352987321241,0.007047352987321241,0.5,-0.00020230817335685426,0.0001938823243108228,64
response_first,1,14,-1.790637270459653e-05,-0.007041954703951645,0.007041954703951645,0.5,0.00016272582251985476,-0.0001985385679290477,64
response_first,1,6,-1.1828731658178077e-05,-0.007040515395892273,0.007040515395892273,0.5,0.00026825966051545935,-0.0002919171238318156,64
final_prompt,28,4,1.3133286529401227e-06,0.007036500253899333,0.007036500253899333,0.5,-3.81861678988488e-05,4.081282520472905e-05,64
public_task_span,24,31,-1.0122780622616294e-05,-0.007026466858477107,0.007026466858477107,0.515625,-0.0006391248316503775,0.0006188792704051448,64
final_prompt,11,26,1.4073572174347358e-06,0.00702365755224336,0.00702365755224336,0.484375,-3.4129867799488395e-05,3.694458223435787e-05,64
final_prompt,32,12,2.513027084207483e-06,0.007022913017848158,0.007022913017848158,0.546875,5.252848222880389e-05,-4.750242806038892e-05,64
response_first,17,15,-4.479613746604304e-07,-0.00702080514664681,0.00702080514664681,0.5,-1.1428149097266734e-05,1.0532226347945873e-05,64
public_task_span,35,15,-1.7198250134232568e-05,-0.007017952711626844,0.007017952711626844,0.5,-0.00018601823830976673,0.00015162173804130158,64
final_prompt,12,8,7.111056561348714e-07,0.007006995310980707,0.007006995310980707,0.5,-5.882684718020842e-06,7.304896030290586e-06,64
response_first,19,27,6.15632447242831e-08,0.007000772498785355,0.007000772498785355,0.515625,-2.427579548269776e-06,2.550706037718342e-06,64
response_first,7,26,1.5630339476068497e-06,0.006992360367084514,0.006992360367084514,0.515625,1.4619187368230464e-05,-1.1493119473016764e-05,64
public_task_span,17,24,8.483449619237776e-06,0.006977004124937684,0.006977004124937684,0.5,-0.0001301935453739004,0.0001471604446123759,64
public_task_span,16,6,-1.594853529241891e-06,-0.006971757021611904,0.006971757021611904,0.5,7.55585103888641e-05,-7.874821744734789e-05,64
final_prompt,20,12,-1.862920044005835e-06,-0.006968165175637145,0.006968165175637145,0.5,2.435165652058456e-05,-2.807749660859622e-05,64
public_task_span,22,29,2.9094388082740656e-05,0.006948753129283233,0.006948753129283233,0.5,-0.0005871451321581781,0.0006453339083236592,64
public_task_span,10,31,1.0092674529004698e-05,0.00694868439608866,0.00694868439608866,0.5,1.4286659279599953e-05,5.898689778409389e-06,64
public_task_span,6,24,-1.4150195966069806e-05,-0.006944465028565424,0.006944465028565424,0.5,0.0005875175502296711,-0.0006158179421618109,64
final_prompt,19,20,1.7942630847755936e-07,0.006928788645012156,0.006928788645012156,0.5,-2.534524327302279e-06,2.8933769442573976e-06,64
final_prompt,30,20,-6.405877911678137e-06,-0.00692320858121182,0.00692320858121182,0.5,-2.7132262857775e-05,1.4320507034418749e-05,64
response_mean,10,7,1.7823844245869566e-05,0.0069199751890284345,0.0069199751890284345,0.5,-0.0009139186186075536,0.0009495663070992928,64
public_task_span,10,4,-7.855176590965055e-06,-0.006915128767231531,0.006915128767231531,0.5,-0.00014645400005974032,0.0001307436468778102,64
final_prompt,8,25,5.287800490802296e-07,0.006908718425383519,0.006908718425383519,0.5,-4.549864456748155e-06,5.607424554908614e-06,64
response_mean,29,30,-5.467392938385274e-08,-0.006896805409111463,0.006896805409111463,0.53125,6.040420643671496e-07,-7.13389923134855e-07,64
response_first,13,18,-2.1553263991317103e-06,-0.006895440459157426,0.006895440459157426,0.5,-0.00011166002980188494,0.00010734937700362152,64
final_prompt,11,25,1.3523754205374663e-06,0.0068814106020680865,0.0068814106020680865,0.5,-5.430075293588091e-05,5.700550377695582e-05,64
response_first,7,1,-1.6016961126323115e-06,-0.0068744954234762476,0.0068744954234762476,0.5,-3.7004568639534094e-05,3.3801176414269474e-05,64
final_prompt,17,27,-2.4844877088978087e-06,-0.006852768273363771,0.006852768273363771,0.515625,-4.672496970670406e-05,4.175599428890844e-05,64
response_first,9,2,-2.3831476028161397e-06,-0.0068439405421700066,0.0068439405421700066,0.5,-0.00011301769518467303,0.00010825139997904074,64
final_prompt,1,9,-1.1878159966724644e-05,-0.0068404433951947475,0.0068404433951947475,0.5,-0.0002708719239308157,0.00024711560399736645,64
public_task_span,11,31,2.909524482676247e-06,0.006836990898420222,0.006836990898420222,0.5,-7.2012840064414e-05,7.783188902976652e-05,64
public_task_span,33,8,2.6328530111586e-06,0.006834968335287155,0.006834968335287155,0.5,-0.0001640112459426646,0.00016927695196498178,64
public_task_span,9,14,-1.0439756806591299e-05,-0.006832840882937042,0.006832840882937042,0.5,-0.0006470607659139006,0.000626181252300718,64
final_prompt,19,16,2.259344000775873e-06,0.0068280700052485346,0.0068280700052485346,0.5,-3.212231877114598e-05,3.6641006772697736e-05,64
final_prompt,22,16,2.174653900512598e-06,0.006825945513381097,0.006825945513381097,0.5,-0.00011597962611629634,0.00012032893391732155,64
public_task_span,7,27,-3.968399937539981e-07,-0.006824890562582019,0.006824890562582019,0.5,9.071037311515646e-06,-9.86471729902364e-06,64
response_first,2,4,-8.180488691777061e-06,-0.0068183449110255645,0.0068183449110255645,0.5,0.0003342850419585352,-0.0003506460193420894,64
final_prompt,7,2,1.0033637920514604e-07,0.006812040027513954,0.006812040027513954,0.5,-3.9281392787415825e-06,4.128812037151874e-06,64
final_prompt,4,13,8.562570513961665e-06,0.006810752434336879,0.006810752434336879,0.5,0.0003403387246976376,-0.00032321358366971427,64
response_first,12,25,3.6095766375865423e-08,0.006807841525509961,0.006807841525509961,0.5,-1.9068232148811148e-06,1.9790147476328457e-06,64
final_prompt,15,28,-1.4033665252100015e-07,-0.006807792818358531,0.006807792818358531,0.5,-2.084526755652405e-06,1.8038534506104043e-06,64
post_selector,3,0,-4.933808668284044e-05,-0.006802294433312033,0.006802294433312033,0.5,-8.804460230749046e-05,-1.0631571058190522e-05,64
response_first,8,14,-1.5400351003346893e-06,-0.006792514766738204,0.006792514766738204,0.5,0.0001177601004655826,-0.00012084017066625198,64
response_first,5,8,-1.9586309463193174e-07,-0.0067858664778195025,0.0067858664778195025,0.5,-1.0486098176443193e-06,6.568836283804558e-07,64
response_first,25,5,-4.4473392790706566e-07,-0.006773395434051151,0.006773395434051151,0.5,-2.0049511931571296e-05,1.9160044075757163e-05,64
response_mean,11,30,-5.123694393234804e-07,-0.006772389306337099,0.006772389306337099,0.5,-1.975852114813026e-06,9.511132361660636e-07,64
response_first,23,17,1.0623664081791783e-06,0.006771930787520192,0.006771930787520192,0.5,-2.373015149712511e-06,4.4977479660708694e-06,64
response_first,12,1,2.2871367946233213e-06,0.006770585343797063,0.006770585343797063,0.5,7.218266091512705e-05,-6.760838732588039e-05,64
final_prompt,18,31,-9.571765986034225e-06,-0.006767597492804778,0.006767597492804778,0.5,3.039692637684085e-05,-4.9540458348909354e-05,64
final_prompt,10,30,3.3399610188655364e-07,0.00676698354248068,0.00676698354248068,0.5,-1.0807989767152808e-05,1.1475981970925913e-05,64
final_prompt,24,22,-5.084559234090616e-06,-0.0067668269912003415,0.0067668269912003415,0.5,-0.00014338016990221876,0.0001332110514340375,64
public_task_span,35,28,-1.6563685676391854e-06,-0.006766580749024449,0.006766580749024449,0.5,-6.871415644126e-05,6.540141930598163e-05,64
final_prompt,34,18,3.736068947552382e-07,0.0067566350796085,0.0067566350796085,0.484375,1.6453542571070395e-05,-1.570632878155992e-05,64
response_first,35,28,1.0380972526036108e-05,0.006752684227232598,0.006752684227232598,0.5,1.9356184566276022e-05,1.4057604857961668e-06,64
public_task_span,31,25,1.0974480346721336e-06,0.006747526255264016,0.006747526255264016,0.5,-8.174508752743171e-05,8.393998359677598e-05,64
public_task_span,6,17,5.300482825992288e-06,0.006732330001423435,0.006732330001423435,0.5,0.0001519509896752468,-0.00014135002402326216,64
public_task_span,19,17,-2.2044441720893588e-06,-0.006729493694579663,0.006729493694579663,0.46875,-6.793073862353748e-05,6.352185027935877e-05,64
final_prompt,27,2,1.204043940106202e-07,0.0067240145452095975,0.0067240145452095975,0.5,-1.5422618560023693e-06,1.78307064402361e-06,64
response_first,16,17,3.832437869270532e-07,0.0067157526024761004,0.0067157526024761004,0.5,5.7114568221579654e-06,-4.94496924830386e-06,64
final_prompt,21,20,6.296983883657125e-06,0.006709496325379833,0.006709496325379833,0.515625,-0.00027319079708831037,0.0002857847648556246,64
response_first,32,18,-9.176783351025668e-07,-0.006705008303586676,0.006705008303586676,0.5,-3.463863049545314e-05,3.2803273825248e-05,64
response_mean,10,18,5.861654244657938e-06,0.006703587062679214,0.006703587062679214,0.5,0.00016851090549608534,-0.00015678759700676946,64
public_task_span,34,11,5.260337275103503e-06,0.006670406663124396,0.006670406663124396,0.5,-0.00013338310782272917,0.0001439037823729362,64
response_mean,15,19,3.9949795791456935e-06,0.0066600661074605935,0.0066600661074605935,0.5,0.00018791096559310882,-0.00017992100643481743,64
response_first,14,7,5.512518555402866e-06,0.006658085159042412,0.006658085159042412,0.515625,-0.00023537409697382803,0.00024639913408463376,64
final_prompt,14,7,2.8311594633151624e-06,0.006652075328143325,0.006652075328143325,0.5,-0.00010981328694014745,0.00011547560586677778,64
public_task_span,35,2,-1.7085740182704682e-06,-0.006643646454161702,0.006643646454161702,0.5,-1.0043665042762778e-05,6.626517006221828e-06,64
post_selector,11,8,-8.95046059668033e-06,-0.006641313487671941,0.006641313487671941,0.53125,0.0003794030794779145,-0.000397304000671275,64
public_task_span,31,11,-1.924506250360435e-06,-0.006636934748115832,0.006636934748115832,0.5,-0.00011032552447429413,0.00010647651197357324,64
response_mean,17,12,4.092945914637797e-06,0.006636269138342966,0.006636269138342966,0.5,-0.00021728963690746472,0.0002254755287367403,64
response_first,21,13,4.246036455768376e-08,0.00663106879025417,0.00663106879025417,0.5,6.722395831104677e-07,-5.873188539951002e-07,64
public_task_span,35,9,1.5985657228160915e-05,0.0066291539827152985,0.0066291539827152985,0.5,-0.0001084405703295469,0.00014041188478586877,64
response_mean,34,22,2.8645356451281314e-06,0.0066219953069933946,0.0066219953069933946,0.5,-1.985961853279688e-05,2.5588689823053124e-05,64
public_task_span,24,9,-4.848608341477338e-07,-0.0066218989515564744,0.0066218989515564744,0.515625,-1.907095690966863e-05,1.810123524137316e-05,64
response_mean,17,13,1.7079542473653763e-06,0.00662064764036798,0.00662064764036798,0.5,-5.0788199601468934e-05,5.42041080961997e-05,64
response_first,19,30,1.1846595100458225e-06,0.006615365650531198,0.006615365650531198,0.5,5.7876349615058095e-05,-5.550703059496645e-05,64
post_selector,3,30,-6.886780067816766e-05,-0.006581322315877908,0.006581322315877908,0.546875,0.00271271406313645,-0.002850449664492785,64
response_first,8,4,2.0561597580144858e-06,0.006570364935170592,0.006570364935170592,0.484375,-9.891219747258092e-05,0.0001030245169886099,64
response_mean,15,27,-2.224318677687572e-06,-0.006559366144366095,0.006559366144366095,0.5,2.490218184902582e-05,-2.9350819204400955e-05,64
final_prompt,30,28,-2.0088619123725948e-07,-0.006558097316763837,0.006558097316763837,0.5,-5.234902403117303e-06,4.833130020642784e-06,64
response_first,2,16,1.5649491615482778e-05,0.006557382024538812,0.006557382024538812,0.5,-0.000349423371517325,0.00038072235474829064,64
response_first,16,29,-6.886410801595967e-07,-0.006553129539026625,0.006553129539026625,0.5,-1.548329774436491e-05,1.4106015584045719e-05,64
response_mean,11,25,2.188777330052265e-06,0.006550817016750312,0.006550817016750312,0.5,-0.00010649718046804679,0.00011087473512815131,64
response_first,5,2,-0.00034135411260650115,-0.006546632458574068,0.006546632458574068,0.5,-0.0030661044293083303,0.0023833962040953273,64
public_task_span,5,31,-4.491235904424619e-05,-0.006540109005792977,0.006540109005792977,0.46875,0.0014029279882379418,-0.001492752706326434,64
response_mean,26,2,-1.2364381518607067e-06,-0.006538101290667325,0.006538101290667325,0.515625,-0.00010903117095038185,0.00010655829464666046,64
public_task_span,7,21,-1.416734221489648e-06,-0.006531812570380545,0.006531812570380545,0.515625,-5.0313926749354684e-05,4.748045830637539e-05,64
final_prompt,1,11,-2.0074567146365053e-05,-0.006528426291450007,0.006528426291450007,0.5,0.0007775803023832778,-0.0008177294366760076,64
response_mean,6,0,-1.4802492387389039e-05,-0.006527126794523188,0.006527126794523188,0.5,0.00036379673474585313,-0.00039340171952063126,64
response_first,34,2,-7.632356300746432e-06,-0.006524112549451528,0.006524112549451528,0.515625,-0.0006108972129368158,0.0005956325003353228,64
final_prompt,35,22,1.0501815268068441e-05,0.0065088240533247585,0.0065088240533247585,0.515625,-0.0002496510442142552,0.00027065467475039217,64
response_first,26,3,7.536810358060374e-07,0.0065050149539760205,0.0065050149539760205,0.5,-1.1345572943355063e-05,1.2852935014967138e-05,64
final_prompt,15,20,-4.7080874310258317e-07,-0.006499499859754966,0.006499499859754966,0.5,1.1049271734010056e-05,-1.1990889220215223e-05,64
public_task_span,2,31,-4.64518270746312e-05,-0.00648251097414519,0.00648251097414519,0.5,9.006843720273127e-05,-0.00018297209135199386,64
final_prompt,15,23,2.82162716302167e-07,0.006481894511305362,0.006481894511305362,0.5,-5.432247064618423e-06,5.996572497222758e-06,64
response_first,5,9,7.644135621376566e-06,0.006465561861604355,0.006465561861604355,0.5,6.031472730682496e-05,-4.502645606407187e-05,64
response_first,5,13,-9.319185664937509e-06,-0.006443096102272545,0.006443096102272545,0.5,-0.00039496795125157813,0.0003763295799217031,64
response_first,9,19,4.1551591678413843e-07,0.006438734045120885,0.006438734045120885,0.484375,-1.9591597236966292e-05,2.0422629070534564e-05,64
public_task_span,2,26,-6.312154255287468e-06,-0.006433818385139367,0.006433818385139367,0.5,0.00011046849249396565,-0.0001230928010045406,64
response_mean,30,19,5.349035063773769e-07,0.006423011866619421,0.006423011866619421,0.484375,-6.390373755496812e-06,7.460180768251568e-06,64
public_task_span,9,6,-1.2876381561000027e-07,-0.006413839335913096,0.006413839335913096,0.5,-3.5092048165097367e-06,3.2516771852897364e-06,64
public_task_span,1,10,-2.39416767726703e-05,-0.0064091799784485514,0.0064091799784485514,0.5,-0.0009962007607100627,0.0009483174071647219,64
public_task_span,28,28,5.243255145576207e-07,0.006402516139893887,0.006402516139893887,0.5,-1.0583626249167643e-05,1.1632277278282886e-05,64
public_task_span,10,17,2.789066456901461e-06,0.0064023034664617276,0.0064023034664617276,0.53125,-1.6969515854733068e-06,7.275084499276246e-06,64
final_prompt,12,6,6.940788352961954e-07,0.006402197269579886,0.006402197269579886,0.5,-2.466478679252182e-05,2.605294446311421e-05,64
response_first,34,26,3.1151381563189773e-07,0.006396988997836141,0.006396988997836141,0.5,-7.664385748282592e-06,8.287413379546385e-06,64
response_mean,7,1,-1.3980907169735644e-06,-0.006394369587916526,0.006394369587916526,0.5,-2.5086983441719018e-05,2.2290802007771885e-05,64
response_first,13,8,-5.781073241446576e-06,-0.006389853328672348,0.006389853328672348,0.5,-5.4422403081835205e-05,4.2860256598942086e-05,64
response_mean,8,12,6.47724164081159e-07,0.006389227147812002,0.006389227147812002,0.5,8.985626209318774e-06,-7.690177881156457e-06,64
public_task_span,35,6,3.4427775972265706e-06,0.0063852269808762,0.0063852269808762,0.5,2.778836824290313e-05,-2.0902813048450008e-05,64
final_prompt,12,31,4.761618583871272e-07,0.006376714284646875,0.006376714284646875,0.5,-1.4805735474959844e-05,1.5758059191734102e-05,64
response_mean,9,19,9.030147651874719e-07,0.00637652089213875,0.00637652089213875,0.484375,-4.753219677410724e-05,4.933822630448218e-05,64
response_mean,3,22,-1.032893760566566e-05,-0.006356191774885464,0.006356191774885464,0.5,-3.333756467326874e-05,1.2679689461937471e-05,64
public_task_span,16,2,-1.7954908457853636e-06,-0.006354510438171353,0.006354510438171353,0.5,2.9197224193909485e-05,-3.278820588548021e-05,64
response_first,3,12,-3.700158026731298e-05,-0.006352468073457244,0.006352468073457244,0.5,0.0008914680279303947,-0.0009654711884650204,64
public_task_span,8,29,-7.055169533024372e-07,-0.006349109847085566,0.006349109847085566,0.5,-2.3787498292898704e-05,2.2376464386293827e-05,64
final_prompt,10,2,-1.1905993915153587e-06,-0.0063346834441282834,0.0063346834441282834,0.5,7.3972569225636925e-06,-9.778455705594422e-06,64
response_mean,18,30,4.436549625097812e-05,0.006334436550810192,0.006334436550810192,0.53125,0.0003755060060939363,-0.0002867750135919802,64
public_task_span,4,4,-8.594121027272455e-05,-0.006327990695739426,0.006327990695739426,0.5,0.001858191819337669,-0.0020300742398831188,64
response_mean,14,13,-8.402736966668686e-06,-0.006326937204307808,0.006326937204307808,0.5,-0.0004239674963173346,0.00040716202238399725,64
final_prompt,1,23,-3.238477290765e-07,-0.00631682014932501,0.00631682014932501,0.5,-3.4353947739874098e-06,2.7876993158344106e-06,64
response_first,12,20,-1.7527120235151293e-06,-0.006312013696170475,0.006312013696170475,0.5,-6.614706762773774e-05,6.264164358070747e-05,64
public_task_span,6,13,-3.9759181163393094e-05,-0.006302751982649932,0.006302751982649932,0.5,0.001562445939271118,-0.0016419643015979043,64
response_first,27,26,-2.1136670511558835e-06,-0.006280586519050561,0.006280586519050561,0.5,-0.00013301545368447356,0.00012878811958216181,64
response_mean,17,3,3.220402504666878e-06,0.006277398058686568,0.006277398058686568,0.5,-6.180062609928799e-05,6.824143110862173e-05,64
response_first,32,21,-9.093123765069322e-08,-0.006277230160757316,0.006277230160757316,0.484375,-2.6198473506156006e-06,2.437984875314214e-06,64
public_task_span,3,1,3.360692062415482e-05,0.006276529607347685,0.006276529607347685,0.5,0.0012537018483271688,-0.0011864880070788593,64
response_mean,33,0,4.3008941475185297e-07,0.006272553961972019,0.006272553961972019,0.515625,-5.475494219805937e-06,6.335673049309645e-06,64
response_first,9,5,3.924396878570235e-06,0.006270170724538688,0.006270170724538688,0.5,4.3673400796245286e-05,-3.582460703910481e-05,64
final_prompt,28,11,1.967777006938896e-05,0.0062664846175533575,0.0062664846175533575,0.5,-0.0016387243213102699,0.0016780798614490478,64
response_mean,28,7,-1.764422086126009e-05,-0.006253887719558882,0.006253887719558882,0.546875,-0.00017737936832417977,0.00014209092660165965,64
public_task_span,14,28,6.116417807804737e-07,0.006251430690106163,0.006251430690106163,0.5,1.5233056728904224e-05,-1.4009773167343277e-05,64
public_task_span,35,11,6.3288389355873925e-06,0.0062395513548984234,0.0062395513548984234,0.5,-0.0002886613256123321,0.0003013190034835068,64
post_selector,4,15,4.932277988700781e-05,0.006239169914492414,0.006239169914492414,0.5,0.0023464424830308313,-0.0022477969232568154,64
public_task_span,26,19,1.6582924899980623e-06,0.006230052073567458,0.006230052073567458,0.484375,-3.71583839750969e-05,4.047496895509301e-05,64
final_prompt,6,23,4.472003666933274e-06,0.006225952321893603,0.006225952321893603,0.5,0.00018964400931054424,-0.00018070000197667772,64
response_mean,26,9,1.5545921883131065e-07,0.006225291414574974,0.006225291414574974,0.5,-1.878085640782956e-06,2.1890040784455778e-06,64
final_prompt,23,18,1.8830412429258052e-07,0.00621413867036931,0.00621413867036931,0.5,-6.535648214622766e-06,6.912256463207927e-06,64
response_first,1,22,9.818175385593262e-06,0.006213499204271373,0.006213499204271373,0.5,9.415864224138017e-05,-7.452229147019365e-05,64
response_mean,8,3,-1.801676489772676e-06,-0.006211518124618152,0.006211518124618152,0.5,-0.00013952618564869694,0.00013592283266915158,64
public_task_span,8,7,-2.4933051463406853e-06,-0.006209173324843702,0.006209173324843702,0.5,-7.07118897480486e-05,6.572527945536725e-05,64
final_prompt,13,5,-3.284029332913252e-07,-0.006203299326856321,0.006203299326856321,0.5,1.6515572838235089e-06,-2.3083631504061592e-06,64
response_mean,7,6,-2.1093208601937217e-07,-0.00619915282448396,0.00619915282448396,0.5,-3.957761052217529e-06,3.535896880178785e-06,64
public_task_span,34,25,2.582926299518884e-07,0.006187253957964635,0.006187253957964635,0.515625,6.4831341433112606e-06,-5.966548883407484e-06,64
response_first,6,12,-1.69474797075969e-05,-0.0061789898483000085,0.0061789898483000085,0.5,-0.0007554870262538125,0.0007215920668386187,64
final_prompt,10,16,3.473075480552307e-07,0.0061751554240696005,0.0061751554240696005,0.5,-1.111124038288228e-05,1.180585547899274e-05,64
response_first,9,31,-1.5387018104107142e-07,-0.006162400758752539,0.006162400758752539,0.515625,-2.277862826360888e-06,1.970122464278745e-06,64
public_task_span,1,16,1.585162817718321e-05,0.006154592020646458,0.006154592020646458,0.484375,0.00019900881397915158,-0.00016730555762478508,64
public_task_span,2,19,2.219765156041729e-05,0.006141416422107298,0.006141416422107298,0.5,0.0006265972624532752,-0.0005822019593324406,64
response_first,16,5,-1.1515346187707099e-07,-0.006137831559574784,0.006137831559574784,0.484375,6.7413807869343145e-06,-6.971687710688457e-06,64
final_prompt,7,19,-1.2642806979101806e-07,-0.006135375423607321,0.006135375423607321,0.5,-1.9233011983033066e-06,1.6704450587212705e-06,64
public_task_span,1,28,-1.5598855156893427e-05,-0.006135191021222064,0.006135191021222064,0.5,-0.0007545640262378441,0.0007233663159240571,64
public_task_span,9,0,1.5919010820640665e-06,0.006122203672894127,0.006122203672894127,0.515625,-2.6781287488105634e-05,2.9965089652233766e-05,64
final_prompt,7,10,-1.611116147159919e-07,-0.006120966638976982,0.006120966638976982,0.5,1.124101686400536e-06,-1.4463249158325198e-06,64
response_mean,18,24,4.668690877452351e-06,0.0061180970653144165,0.0061180970653144165,0.53125,-7.559518587640303e-05,8.493256763130775e-05,64
public_task_span,20,9,2.1901709033059278e-06,0.006117961599316514,0.006117961599316514,0.5,-5.07111462866425e-06,9.451456435276122e-06,64
response_mean,33,8,-6.152566243151514e-07,-0.006117632998852841,0.006117632998852841,0.46875,-5.49919218428722e-05,5.37614085942419e-05,64
final_prompt,30,12,-4.1950283957616345e-07,-0.006114355166042928,0.006114355166042928,0.515625,-2.6808932602710782e-06,1.8418875811187513e-06,64
response_first,8,22,-4.6224113248161645e-06,-0.006099910993670465,0.006099910993670465,0.5,0.0002831285273714307,-0.000292373350021063,64
response_first,19,11,-3.5729252090271343e-07,-0.006088244218155161,0.006088244218155161,0.5,-9.959542467185838e-06,9.244957425380411e-06,64
response_mean,13,21,-3.7707858169255815e-08,-0.006079116255690518,0.006079116255690518,0.5,2.1220606782890172e-07,-2.8762178416741335e-07,64
final_prompt,1,20,-1.3800279702992277e-05,-0.00607065870232712,0.00607065870232712,0.5,-0.0007992492319317322,0.0007716486725257475,64
public_task_span,8,25,-3.130835466433007e-06,-0.006063445461657064,0.006063445461657064,0.515625,3.60605808964396e-05,-4.23222518293056e-05,64
response_first,15,3,-2.5299173103098265e-06,-0.00606011111790964,0.00606011111790964,0.5,7.464126156264191e-05,-7.970109618326158e-05,64
response_first,7,22,-5.638852599078797e-06,-0.00605265527108954,0.00605265527108954,0.5,-0.00020003729423478977,0.00018875958903663212,64
response_mean,17,23,1.6851931832226417e-06,0.00605185001976207,0.00605185001976207,0.53125,-1.650612989577699e-05,1.9876516262222273e-05,64
public_task_span,6,9,-4.763510787602182e-06,-0.006043192278393288,0.006043192278393288,0.484375,3.4105999475271385e-05,-4.363302105047573e-05,64
public_task_span,28,6,4.184651061221292e-06,0.006042761307963851,0.006042761307963851,0.484375,6.374195436363209e-06,1.995106686079388e-06,64
response_mean,12,16,-1.978564114324108e-06,-0.006037256509727898,0.006037256509727898,0.5,-1.048827289195649e-05,6.531144663308258e-06,64
response_mean,14,22,-1.1897708418474281e-06,-0.006034965953380475,0.006034965953380475,0.5,6.067614845049612e-05,-6.305569013419096e-05,64
response_mean,14,31,-4.156298928132883e-06,-0.006029681125238125,0.006029681125238125,0.5,0.0001977383890334735,-0.0002060509868897393,64
response_first,15,10,8.697699449555785e-08,0.006028410548691653,0.006028410548691653,0.5,-3.45689999292631e-06,3.6308539819174257e-06,64
final_prompt,8,9,-1.0801432637208563e-08,-0.0060241617286497144,0.0060241617286497144,0.484375,4.283168699714679e-07,-4.49919735245885e-07,64
response_mean,34,26,4.6529919472978734e-07,0.0060198515097886485,0.0060198515097886485,0.5,3.0548276299603246e-06,-2.12422924050075e-06,64
final_prompt,7,23,4.320194761929399e-07,0.006017880086314526,0.006017880086314526,0.5,-2.544015006832978e-05,2.630418902071566e-05,64
response_mean,7,28,3.080527619656896e-06,0.00601663260751006,0.00601663260751006,0.5,5.847658030678625e-06,3.1339720863517335e-07,64
final_prompt,1,2,-7.837913017287262e-06,-0.006013184215394161,0.006013184215394161,0.5,-0.000285201830592981,0.0002695260045584064,64
final_prompt,4,5,1.07358928289608e-05,0.006010382702039971,0.006010382702039971,0.5,0.00041715154338817716,-0.00039567975773025557,64
final_prompt,7,0,-1.1822501164718486e-06,-0.005998816984354049,0.005998816984354049,0.5,-4.50870971917443e-05,4.2722596958800604e-05,64
response_first,30,4,-9.729061503116341e-07,-0.005997205109763208,0.005997205109763208,0.5,9.279450068788592e-06,-1.1225262369411855e-05,64
final_prompt,29,12,7.695187377980286e-06,0.005983725750121482,0.005983725750121482,0.5,-0.0005178439732844512,0.0005332343480404118,64
response_mean,8,1,-4.537439963318619e-06,-0.005981553478620226,0.005981553478620226,0.5,0.00010761799694591307,-0.00011669287687255024,64
final_prompt,4,17,-3.383703841571688e-07,-0.005981521319743395,0.005981521319743395,0.5,8.155267266824368e-06,-8.832008035138704e-06,64
response_mean,10,6,-4.68911593997752e-06,-0.005977852704963684,0.005977852704963684,0.5,-0.00022101944841778747,0.00021164121653783236,64
public_task_span,7,0,-2.45057640313036e-06,-0.005975095717100221,0.005975095717100221,0.5,7.364679413512985e-05,-7.854794694139058e-05,64
response_mean,9,7,8.049044595295954e-07,0.005971700880619933,0.005971700880619933,0.5,2.0562207055259e-05,-1.8952398136199807e-05,64
final_prompt,2,6,-1.9062557839783292e-05,-0.005961615609335141,0.005961615609335141,0.5,0.0005934612381679719,-0.0006315863538475385,64
final_prompt,10,12,-2.0226179913121347e-06,-0.005960269335301529,0.005960269335301529,0.5,-8.211604290406676e-05,7.807080692144248e-05,64
public_task_span,0,31,2.7892005164181294e-05,0.005960214396164001,0.005960214396164001,0.5,0.0013733139348914782,-0.0013175299245631153,64
public_task_span,29,21,1.6351573322021307e-06,0.0059528629480878215,0.0059528629480878215,0.5,-9.15821424314194e-05,9.485245709582365e-05,64
public_task_span,11,1,3.422283043619147e-06,0.005948611987700021,0.005948611987700021,0.5,0.0002462994561938008,-0.00023945489010656251,64
public_task_span,20,7,1.3966006235885775e-06,0.005939861825391594,0.005939861825391594,0.515625,-7.667711508929185e-05,7.9470316336469e-05,64
final_prompt,22,13,4.7097802280399385e-07,0.005938635256571371,0.005938635256571371,0.484375,-3.089487142914938e-05,3.183682747475736e-05,64
response_mean,13,17,-6.5942335822970845e-06,-0.005938291817917304,0.005938291817917304,0.5,-6.988723407631736e-05,5.669876691172321e-05,64
public_task_span,31,22,-9.323900940199777e-07,-0.0059247968876769965,0.0059247968876769965,0.484375,-5.980073137832878e-05,5.7935951190288826e-05,64
response_mean,14,24,1.4925898881304876e-06,0.005920173656334415,0.005920173656334415,0.515625,6.008924628975352e-07,2.3842873133634485e-06,64
response_mean,18,0,7.23123278592341e-07,0.005919653818164967,0.005919653818164967,0.5,-4.3656924475490826e-05,4.510317103267551e-05,64
public_task_span,16,13,-2.4296905394291767e-06,-0.0059160905037829985,0.0059160905037829985,0.5,0.00012658883133552246,-0.00013144821241438084,64
response_mean,9,18,4.484577516449003e-06,0.005911667919743777,0.005911667919743777,0.5,5.9388049749037905e-05,-5.0418894716139926e-05,64
final_prompt,15,17,-3.0384551052952485e-07,-0.005911386165554913,0.005911386165554913,0.5,-1.3003327236301904e-05,1.2395636215242855e-05,64
response_first,15,19,3.944234006070246e-08,0.005910805081626405,0.005910805081626405,0.5,-6.618703718430652e-08,1.4507171730571155e-07,64
response_first,1,12,1.157001497630714e-05,0.005905049027541775,0.005905049027541775,0.5,-0.0002011213746300252,0.00022426140458263948,64
response_mean,13,7,-3.2941186418509883e-06,-0.005900725351845319,0.005900725351845319,0.5,5.38578444775566e-05,-6.044608176125857e-05,64
response_first,4,24,5.1862686632373964e-05,0.005894835135536258,0.005894835135536258,0.5,0.0021439451575133725,-0.0020402197842486246,64
response_first,10,1,2.5515537345215685e-06,0.005893767843175178,0.005893767843175178,0.5,4.6533825297945974e-05,-4.143071782890285e-05,64
final_prompt,8,18,-2.9370804455197685e-08,-0.005893494942852205,0.005893494942852205,0.5,-1.6849488559955716e-07,1.097532766891618e-07,64
public_task_span,13,13,3.8235030430756663e-07,0.00589329125453638,0.00589329125453638,0.484375,-1.335513803013226e-05,1.4119838638747395e-05,64
post_selector,22,19,-7.113651736290473e-05,-0.005887110275461708,0.005887110275461708,0.5,-0.0023472263455914777,0.0022049533108656687,64
response_first,16,14,9.136224434762589e-07,0.005875368999993622,0.005875368999993622,0.515625,-2.2775922843717017e-05,2.460316773066953e-05,64
response_mean,35,31,2.168776518375022e-06,0.0058749796859235565,0.0058749796859235565,0.515625,-0.00019486246492304122,0.00019920001795979125,64
response_first,29,28,-4.5105750245966245e-08,-0.00586474666013419,0.00586474666013419,0.484375,-4.438380187821167e-07,3.536265182901843e-07,64
final_prompt,1,1,-1.9907551177309385e-05,-0.005863231006701095,0.005863231006701095,0.5,-0.00024726606352487796,0.00020745096117025946,64
response_first,22,21,-3.4308939689205636e-07,-0.005858465847017933,0.005858465847017933,0.5,-3.468862576027891e-05,3.40024469664948e-05,64
response_first,9,27,-2.384211256868779e-06,-0.0058498906906232565,0.0058498906906232565,0.5,7.301615642063611e-05,-7.778457893437365e-05,64
post_selector,22,9,1.1005269698215211e-05,0.0058425728932633755,0.0058425728932633755,0.5,-0.0008257749068434283,0.0008477854462398587,64
final_prompt,7,3,2.6644738682106013e-06,0.005835496313835087,0.005835496313835087,0.5,-8.761542085265861e-05,9.294436858907984e-05,64
final_prompt,11,5,7.744488357292157e-07,0.0058328572702985495,0.0058328572702985495,0.5,-2.592150065082837e-05,2.7470398322286795e-05,64
response_mean,32,13,1.8389745548574865e-07,0.005826754329549279,0.005826754329549279,0.5,4.697734595993097e-06,-4.3299396850216e-06,64
response_first,2,19,2.56413986790001e-05,0.005824802267252845,0.005824802267252845,0.515625,-0.00040345104207517183,0.000454733839433172,64
response_first,13,1,8.842170700521908e-06,0.005809575576240619,0.005809575576240619,0.5,-0.0002629285418152018,0.0002806128832162456,64
public_task_span,3,2,1.1406259545769065e-05,0.0058082303895129524,0.0058082303895129524,0.5,0.0006240556231205043,-0.0006012431040289662,64
response_mean,5,2,-0.00011022377293557178,-0.005794735975072363,0.005794735975072363,0.5,0.00016421126201747764,-0.0003846588078886223,64
response_first,6,20,-3.5050582255278834e-05,-0.00579258724180317,0.00579258724180317,0.5,0.0014761587563043555,-0.0015462599208149132,64
final_prompt,17,26,-1.6780810483397245e-06,-0.005787268423480828,0.005787268423480828,0.5,2.6077332222462452e-06,-5.963895318925703e-06,64
response_mean,16,16,-2.553935814832424e-06,-0.0057865545446073976,0.0057865545446073976,0.5,5.0444007001712375e-05,-5.555187863137723e-05,64
response_mean,12,11,1.7784077499526983e-05,0.005782847918109675,0.005782847918109675,0.5,-0.0006054597124602711,0.000641027867459325,64
public_task_span,2,16,-3.814828960456871e-05,-0.0057724611911101065,0.0057724611911101065,0.5,-0.0017085447761928407,0.001632248196983703,64
final_prompt,11,12,2.6910192900717865e-06,0.005766987562650628,0.005766987562650628,0.5,-0.0001012387406262651,0.00010662077920640869,64
final_prompt,33,28,-4.6115219447555235e-06,-0.005761341451140776,0.005761341451140776,0.5,-0.00026682041880121254,0.00025759737491170144,64
response_first,22,7,3.940620985054488e-07,0.005752163960413832,0.005752163960413832,0.515625,-2.6114753950437993e-06,3.399599592054702e-06,64
public_task_span,13,16,1.162419357569685e-05,0.005751001310396467,0.005751001310396467,0.5,-0.0006625196492677626,0.0006857680364191561,64
response_mean,10,1,3.855515842592199e-06,0.0057452417925739465,0.0057452417925739465,0.5,8.20419509182125e-05,-7.433091923302812e-05,64
response_mean,1,29,5.665831849907798e-06,0.005744055548279844,0.005744055548279844,0.5,-0.0002057156289083609,0.0002170472926081764,64
public_task_span,4,25,4.026589522255206e-05,0.005742910613917418,0.005742910613917418,0.515625,0.0018993956109625235,-0.0018188638205174198,64
response_first,1,1,-1.8271568478670355e-05,-0.005739242650291365,0.005739242650291365,0.5,0.00015967446961440048,-0.00019621760657174113,64
response_mean,34,17,2.0653722003757545e-06,0.0057383624023694905,0.0057383624023694905,0.5625,-0.0002125696346410835,0.000216700379041835,64
response_mean,31,0,2.324092292836561e-06,0.005736093638002916,0.005736093638002916,0.515625,-0.00026143140394194046,0.00026607958852761364,64
final_prompt,17,15,1.2594009604065456e-06,0.0057360826665090615,0.0057360826665090615,0.5,-1.6443673303020585e-06,4.163169251115144e-06,64
response_first,8,19,7.282819751702807e-06,0.005734727216403395,0.005734727216403395,0.5,-2.2871816327100635e-05,3.743745583050629e-05,64
final_prompt,7,27,8.248419192113943e-08,0.00573407469996849,0.00573407469996849,0.5,9.423850428902369e-07,-7.77416659047958e-07,64
response_first,16,25,3.1000013223060553e-06,0.005727872051861384,0.005727872051861384,0.5,0.00022706341496812798,-0.0002208634123235159,64
final_prompt,31,25,2.7770448696186973e-07,0.00572070130979218,0.00572070130979218,0.53125,-1.5180489697285738e-05,1.5735898671209478e-05,64
response_first,17,23,2.7508377797632325e-07,0.005710370157843593,0.005710370157843593,0.5,-9.33992029672399e-06,9.890087852676636e-06,64
response_first,1,11,2.268178650410705e-05,0.005700053368630412,0.005700053368630412,0.5,3.790773916187255e-08,4.532566526905212e-05,64
response_first,18,15,-1.0972648765289472e-08,-0.005698363382721389,0.005698363382721389,0.5,-5.066354778621163e-07,4.846901803315373e-07,64
response_first,22,19,-1.4848256668674806e-07,-0.005697526056014661,0.005697526056014661,0.5,-8.131518413277271e-06,7.834553279903775e-06,64
public_task_span,4,30,2.608270733617219e-05,0.005695059772724598,0.005695059772724598,0.5,0.000822063731902734,-0.0007698983172303895,64
public_task_span,9,13,3.164793270113645e-06,0.005693965747881187,0.005693965747881187,0.5,-0.00011331772111588963,0.00011964730765611692,64
final_prompt,27,10,8.763647656458209e-07,0.005693533559138991,0.005693533559138991,0.5,-3.546000766617812e-05,3.721273719746976e-05,64
response_mean,14,7,1.839574133554871e-05,0.00567369284361955,0.00567369284361955,0.515625,0.0001859597768998282,-0.0001491682942287307,64
response_first,25,15,1.2388446748436812e-06,0.005668053604601009,0.005668053604601009,0.515625,5.414185557128532e-05,-5.166416622159796e-05,64
final_prompt,12,28,-9.855428118044085e-08,-0.005660126179069037,0.005660126179069037,0.5,-5.526974433678333e-07,3.5558888100695185e-07,64
public_task_span,31,29,-5.591995432044215e-06,-0.005656993854330006,0.005656993854330006,0.46875,-0.0005598913085122911,0.0005487073176482026,64
response_first,21,9,2.5653200097514333e-07,0.005655915841463586,0.005655915841463586,0.5,-8.661380185513162e-06,9.174444187463448e-06,64
response_mean,6,19,-2.4986511562022e-05,-0.005649569610203749,0.005649569610203749,0.5,0.00014861920499241563,-0.00019859222811645925,64
response_first,18,8,-1.8776994750161526e-06,-0.005639742545661913,0.005639742545661913,0.5,-5.61588141181325e-05,5.240341516810017e-05,64
public_task_span,27,26,-5.597006293096973e-06,-0.005628387253714893,0.005628387253714893,0.515625,-0.00012113669708922802,0.00010994268450303409,64
final_prompt,18,25,9.855637443916004e-07,0.005625752079537502,0.005625752079537502,0.5,-1.3093242756669775e-05,1.5064370245452973e-05,64
response_mean,8,31,-9.591916978026761e-06,-0.0056233046488678474,0.0056233046488678474,0.5,0.0003291026462193172,-0.00034828648017537077,64
final_prompt,14,16,5.387532553424141e-07,0.005622817986283559,0.005622817986283559,0.5,-1.9307177382184997e-05,2.0384683892869825e-05,64
response_mean,16,17,-4.3287856215030836e-06,-0.0056216150911169525,0.0056216150911169525,0.484375,0.00024910167417146117,-0.0002577592454144674,64
final_prompt,1,29,-5.29185899722902e-06,-0.00562039755132305,0.00562039755132305,0.5,-1.2285639286350469e-05,1.701921291892455e-06,64
public_task_span,14,29,-1.4962779459916642e-06,-0.005608422012503887,0.005608422012503887,0.5,-2.991798828589221e-05,2.6925432393908876e-05,64
public_task_span,10,6,9.20028810466759e-07,0.005599445726025479,0.005599445726025479,0.5,4.234165885462546e-05,-4.050160123369193e-05,64
response_first,14,17,3.944242507713795e-06,0.005588916045507538,0.005588916045507538,0.5,-0.00029484637434504994,0.00030273485936047756,64
public_task_span,5,28,9.4008164523932e-06,0.005578989034216823,0.005578989034216823,0.5,-0.0006951884761292634,0.0007139901090340499,64
final_prompt,32,25,-3.040915430574387e-07,-0.005577742196515335,0.005577742196515335,0.5,8.262739470410452e-06,-8.870922556525329e-06,64
response_mean,14,30,-1.2066591921219334e-06,-0.0055739904299241015,0.0055739904299241015,0.5,-1.9095677771476847e-05,1.6682359387232986e-05,64
response_mean,7,27,-9.673196643689153e-08,-0.005568610604333001,0.005568610604333001,0.5,4.200949206278892e-06,-4.394413139152675e-06,64
response_first,35,0,-5.301655619402632e-06,-0.005564841608552481,0.005564841608552481,0.515625,-0.0002126849576597875,0.00020208164642098223,64
public_task_span,23,19,-4.4392243125802217e-07,-0.00556353340718168,0.00556353340718168,0.5,-7.886458888603666e-06,6.998614026087621e-06,64
final_prompt,34,22,2.013095723896924e-06,0.005562131789082021,0.005562131789082021,0.515625,4.6990861392247816e-05,-4.296466994445396e-05,64
final_prompt,9,24,2.6451328238863478e-08,0.005559814800452063,0.005559814800452063,0.5,-6.913033274713597e-07,7.442059839490867e-07,64
response_mean,35,10,1.3023175142768985e-06,0.005556943752046574,0.005556943752046574,0.5,-9.728646205074398e-05,9.989109707929778e-05,64
final_prompt,2,8,-5.910380423296898e-06,-0.005555282071742203,0.005555282071742203,0.5,-6.104173189668433e-05,4.922097105009062e-05,64
response_mean,34,20,5.970057941372837e-07,0.005549407216171126,0.005549407216171126,0.5,5.894420837658316e-06,-4.700409249383747e-06,64
response_mean,27,27,8.470989882895405e-07,0.005542153661948962,0.005542153661948962,0.484375,-8.917031129837788e-05,9.086450927495695e-05,64
response_mean,9,14,1.6092647456387055e-05,0.005524890321090929,0.005524890321090929,0.53125,9.101750583795742e-05,-5.883221092518339e-05,64
final_prompt,16,2,9.161837795080295e-07,0.0055214177229702815,0.0055214177229702815,0.484375,3.1896407108432585e-05,-3.006403954941653e-05,64
public_task_span,15,15,-5.57883453211855e-07,-0.005518917332726508,0.005518917332726508,0.5,2.5734722044029677e-05,-2.6850488950453387e-05,64
public_task_span,1,21,1.3693465007231213e-05,0.005513899169245692,0.005513899169245692,0.5,0.0001350751335848937,-0.00010768820357043128,64
response_first,29,29,3.1132380229337286e-08,0.005507337501686325,0.005507337501686325,0.5,2.238531457976478e-06,-2.1762666975178035e-06,64
final_prompt,26,11,-3.6069170050599605e-07,-0.005506763059265983,0.005506763059265983,0.5,-8.636444022125244e-07,1.4226100120053228e-07,64
final_prompt,6,15,-7.088353498830885e-06,-0.005493179469891714,0.005493179469891714,0.5,0.0002849571253591448,-0.00029913383235680656,64
final_prompt,3,19,-7.778747988140583e-05,-0.0054905672421859154,0.0054905672421859154,0.5,0.0037609838993830687,-0.003916558859145881,64
public_task_span,1,12,1.72582858795078e-05,0.005489252065687497,0.005489252065687497,0.5,-0.000495218486321397,0.0005297350580804125,64
response_mean,17,10,4.119174718651126e-06,0.0054885253243706095,0.0054885253243706095,0.5,-4.34109169873474e-05,5.164926642464964e-05,64
response_first,31,22,-7.648144162430981e-08,-0.00548660577478926,0.00548660577478926,0.5,-7.434354131419241e-06,7.281391248170621e-06,64
final_prompt,8,28,3.314594643200053e-08,0.005485460728388752,0.005485460728388752,0.5,2.5411031323585576e-06,-2.4748112394945565e-06,64
final_prompt,12,30,4.94155756309701e-07,0.005475785614681167,0.005475785614681167,0.484375,-4.1823944002309884e-05,4.2812255514929286e-05,64
final_prompt,30,13,-1.0442889219999574e-06,-0.0054731531409977175,0.0054731531409977175,0.5,-6.461409270739709e-06,4.372831426739793e-06,64
response_first,25,16,-1.1376362252235594e-07,-0.005469847383292603,0.005469847383292603,0.5,-3.113189706027697e-07,8.37917255580578e-08,64
response_first,18,14,1.9286575536625605e-07,0.005469781589884751,0.005469781589884751,0.53125,-7.795312001235288e-06,8.1810435119678e-06,64
final_prompt,16,13,-1.3003748335838886e-06,-0.005467967542393636,0.005467967542393636,0.5,-2.0253574803053866e-05,1.765282513588609e-05,64
response_first,20,17,5.080866882778423e-08,0.005458250157523757,0.005458250157523757,0.515625,1.0745822072166786e-06,-9.729648695611104e-07,64
response_first,24,17,8.067356311915536e-07,0.005436112755790668,0.005436112755790668,0.515625,3.128068813396397e-05,-2.9667216871580856e-05,64
response_first,19,6,1.7506333733725866e-06,0.005428113708281306,0.005428113708281306,0.5,-0.00013020697952014095,0.0001337082462668861,64
response_mean,10,5,4.813118266615518e-06,0.005427603952531975,0.005427603952531975,0.5,-0.0003251573643865168,0.0003347836009197479,64
final_prompt,7,8,-1.789422867657656e-06,-0.005425597477112961,0.005425597477112961,0.5,-1.746438465488188e-05,1.3885538919566562e-05,64
response_first,6,24,2.378490171395165e-05,0.0054229581763911815,0.0054229581763911815,0.5,0.0014464948326349098,-0.0013989250292070063,64
response_first,27,2,-2.3217536337938354e-08,-0.005421185733453134,0.005421185733453134,0.5,-3.125118546165595e-07,2.6607678194068285e-07,64
public_task_span,24,15,4.135366793887411e-06,0.00540863641961181,0.00540863641961181,0.484375,0.00024440481479358627,-0.00023613408120581146,64
public_task_span,23,9,8.163426173271751e-06,0.005406755304703574,0.005406755304703574,0.5,0.00030928027081243605,-0.0002929534184658927,64
final_prompt,18,12,7.081234656401696e-07,0.005388269823947938,0.005388269823947938,0.515625,-1.5220725771314858e-05,1.6636972702595202e-05,64
response_first,27,5,-2.7128322699318084e-07,-0.005384672554680775,0.005384672554680775,0.515625,-2.1236833390498912e-05,2.0694266936512552e-05,64
final_prompt,26,15,1.2664218047576535e-05,0.005383969752331994,0.005383969752331994,0.515625,-0.001258427564607678,0.001283756000702831,64
public_task_span,4,28,-2.1163035853525376e-05,-0.005383260283743375,0.005383260283743375,0.5,0.0013577822392107843,-0.0014001083109178348,64
public_task_span,28,26,-1.6367442867704085e-07,-0.005378238368130045,0.005378238368130045,0.5,-1.4199194879438437e-05,1.3871846022084355e-05,64
response_first,11,13,-2.411984041827523e-06,-0.005372411970043598,0.005372411970043598,0.5,1.0960229700181852e-07,-4.933570380656872e-06,64
final_prompt,14,14,3.335539844329105e-08,0.005371335847292941,0.005371335847292941,0.515625,2.4697649934068977e-06,-2.4030541965203156e-06,64
final_prompt,35,9,-1.689357986838827e-06,-0.005370008852162075,0.005370008852162075,0.5,-9.133481307797865e-05,8.795609710430098e-05,64
public_task_span,3,0,-3.990123150288431e-05,-0.005367619446129177,0.005367619446129177,0.5,0.0007862816200940873,-0.0008660840830998561,64
response_mean,32,14,-8.405996823132306e-07,-0.005365814365695618,0.005365814365695618,0.5,1.903100940125355e-05,-2.071220876588001e-05,64
response_first,8,21,-1.517626770919378e-07,-0.005356851515520316,0.005356851515520316,0.5,-8.87504859292676e-06,8.571523238742884e-06,64
final_prompt,3,26,3.341780349329487e-06,0.00535405967795541,0.00535405967795541,0.5,0.00016217940694218184,-0.00015549584624352286,64
final_prompt,5,16,-5.141183464729324e-05,-0.005348590921071278,0.005348590921071278,0.5,0.0027519126338120207,-0.0028547363031066076,64
response_first,22,15,8.561769391184896e-07,0.005340392093428965,0.005340392093428965,0.515625,-8.6848444880175e-06,1.0397198366254475e-05,64
response_first,2,1,-2.196384230047059e-05,-0.005338350748982095,0.005338350748982095,0.5,0.0014711911244375828,-0.0015151188090385243,64
final_prompt,6,8,3.960085905422273e-06,0.005336248496363361,0.005336248496363361,0.515625,-1.3218133972256934e-05,2.1138305783101436e-05,64
public_task_span,0,8,1.3420503819366018e-05,0.005328762939435965,0.005328762939435965,0.515625,3.352262865519764e-05,-6.681621016465573e-06,64
final_prompt,11,2,9.1573756435587e-06,0.005326078001633079,0.005326078001633079,0.5,-0.0002715320315473792,0.0002898467828344966,64
response_first,13,23,-1.22604205898824e-07,-0.005321775193600602,0.005321775193600602,0.484375,-1.3085554257941112e-06,1.063347013996463e-06,64
response_mean,1,9,1.0344625479773194e-05,0.0053175496364578,0.0053175496364578,0.515625,-0.0006112534902058572,0.0006319427411654035,64
public_task_span,25,19,-1.5179077195170976e-07,-0.005310114261320762,0.005310114261320762,0.484375,3.9328519960690755e-06,-4.236433539972495e-06,64
public_task_span,30,29,-1.3159606737644935e-07,-0.0053085080529644635,0.0053085080529644635,0.5,5.526975655811839e-06,-5.7901677905647375e-06,64
final_prompt,11,15,1.222339233208912e-05,0.0053077343703474035,0.0053077343703474035,0.5,-0.00015902395352895002,0.00018347073819312807,64
response_mean,9,21,9.723746643456112e-07,0.0052994768753235975,0.0052994768753235975,0.5,-1.7327536625079085e-05,1.92722859537703e-05,64
response_first,34,14,1.5268965398680427e-06,0.005295863912678746,0.005295863912678746,0.53125,2.5742212528703964e-05,-2.2688419448967865e-05,64
response_first,18,26,1.150616384392481e-06,0.0052921531151398655,0.0052921531151398655,0.484375,-3.432685588222442e-05,3.662808865100938e-05,64
response_first,16,6,3.108951318621941e-07,0.005290363369092278,0.005290363369092278,0.515625,-1.734040000655063e-05,1.7962190270275018e-05,64
response_mean,7,18,1.831451299951377e-06,0.005272484936620082,0.005272484936620082,0.5,5.984792278468066e-05,-5.61850201847779e-05,64
final_prompt,27,4,3.9368742363866905e-06,0.0052721231341031115,0.0052721231341031115,0.46875,-0.00048778373457022766,0.000495657483043001,64
response_mean,7,20,1.0645214842947312e-06,0.005271754743822599,0.005271754743822599,0.484375,-7.54677325858092e-05,7.759677555439868e-05,64
response_mean,17,22,2.5292235932221223e-06,0.005265926583527201,0.005265926583527201,0.5,-0.0002101304339703274,0.00021518888115677165,64
public_task_span,31,16,-8.136667872804516e-08,-0.005259103525477006,0.005259103525477006,0.5,-2.94336564365949e-06,2.7806322862033994e-06,64
public_task_span,25,24,7.267842647734504e-07,0.005256316442743861,0.005256316442743861,0.5,4.824927600566345e-06,-3.3713590710194414e-06,64
final_prompt,8,8,-7.333920848395792e-08,-0.005252119771224746,0.005252119771224746,0.5,5.688355486199725e-06,-5.835033903167641e-06,64
response_mean,14,2,-7.465527573853968e-07,-0.005251258020120243,0.005251258020120243,0.5,-1.543917301204739e-05,1.3946067497276597e-05,64
response_mean,5,4,1.1113818686680772e-05,0.005248998622695287,0.005248998622695287,0.5,0.00054760157934197,-0.0005253739419686085,64
final_prompt,5,18,-1.730978283376414e-05,-0.005245260007203786,0.005245260007203786,0.5,0.001068014545126047,-0.0011026341107935752,64
public_task_span,6,21,-1.4816893781245373e-05,-0.005240961873967262,0.005240961873967262,0.5,0.0007420484380418093,-0.0007716822256042999,64
response_first,15,20,8.649182348108319e-08,0.005236186878448323,0.005236186878448323,0.5,-1.1907439443348265e-06,1.3637275912969926e-06,64
response_mean,7,21,-1.9300468920876827e-06,-0.005235179516878246,0.005235179516878246,0.484375,-3.474311324680232e-05,3.088301946262696e-05,64
public_task_span,7,11,1.4809596109411558e-06,0.005231333390725755,0.005231333390725755,0.515625,-4.452119367215501e-05,4.7483112894037325e-05,64
final_prompt,1,6,5.383422831075558e-06,0.005226371096997055,0.005226371096997055,0.5,-0.00021864938753424494,0.00022941623319639603,64
final_prompt,4,10,6.100509608586733e-06,0.0052262906152002195,0.0052262906152002195,0.484375,0.0003014539147443434,-0.00028925289552716993,64
public_task_span,35,12,1.3670447515326631e-05,0.005223697114866069,0.005223697114866069,0.515625,-0.0009895261900964986,0.0010168670851271517,64
public_task_span,18,0,-1.0900353117858793e-06,-0.005223183029885248,0.005223183029885248,0.5,-6.889819235310281e-05,6.671812172953106e-05,64
response_mean,8,20,7.199761284902717e-07,0.005218308106621225,0.005218308106621225,0.5,-3.452122859925197e-05,3.596118085623252e-05,64
public_task_span,20,4,-2.134305304932125e-06,-0.005216093531266033,0.005216093531266033,0.484375,-2.1307948372848912e-05,1.7039337762984652e-05,64
post_selector,2,29,-4.523203824646565e-05,-0.005213586813695599,0.005213586813695599,0.4375,0.0022402001268346794,-0.0023306642033276113,64
final_prompt,6,5,5.8485225054015646e-06,0.0052063537027966485,0.0052063537027966485,0.5,0.00016582999342063437,-0.00015413294840983127,64
response_first,35,5,-4.5328778241821056e-07,-0.005204649656377009,0.005204649656377009,0.515625,-1.990162843412376e-05,1.8995052869287348e-05,64
response_first,13,12,-1.2940055971188952e-09,-0.005200105071204012,0.005200105071204012,0.484375,-1.1218115884836788e-07,1.0959314765413009e-07,64
response_mean,7,9,-1.6401014590763762e-07,-0.0051995764258949435,0.0051995764258949435,0.5,8.020970312830297e-06,-8.348990604645572e-06,64
public_task_span,2,5,1.842098208726259e-05,0.0051924286062953245,0.0051924286062953245,0.5,0.00045175591367294966,-0.00041491394949842464,64
final_prompt,20,17,2.064513068944412e-06,0.005192246866685365,0.005192246866685365,0.5,0.00011101597277729037,-0.00010688694663940154,64
public_task_span,20,14,2.667476564959228e-06,0.0051859698427489396,0.0051859698427489396,0.515625,-0.0001056548766200713,0.00011098982974998975,64
response_mean,16,1,-3.0341527690302126e-06,-0.005181520281493486,0.005181520281493486,0.5,-1.1814883691852088e-05,5.746578153791656e-06,64
public_task_span,29,16,-1.2149207577734002e-06,-0.005170277042067452,0.005170277042067452,0.5,-9.234201343131913e-05,8.991217191577232e-05,64
public_task_span,32,26,4.892599463318259e-07,0.005167922763133823,0.005167922763133823,0.5,2.3991596663101215e-05,-2.3013076770437566e-05,64
response_first,18,24,-7.296894466435333e-08,-0.005161996976747461,0.005161996976747461,0.5,-5.83641620366393e-07,4.3770373103768634e-07,64
final_prompt,5,31,4.123011535740436e-06,0.005159496349047683,0.005159496349047683,0.5,0.00020918423581406455,-0.00020093821274258373,64
public_task_span,26,5,2.0511511138507438e-06,0.005159076565625598,0.005159076565625598,0.5,-0.0001798422899810046,0.0001839445922087061,64
response_mean,13,30,-3.51010285727379e-07,-0.005158940471767882,0.005158940471767882,0.5,-1.5801262719607215e-05,1.5099242148152459e-05,64
final_prompt,3,29,1.711809932203857e-05,0.005152695709500514,0.005152695709500514,0.5,0.0009077142130990919,-0.0008734780144550147,64
response_first,15,22,1.646781733199984e-08,0.005143569736878228,0.005143569736878228,0.5,-5.655707067120375e-07,5.985063413760372e-07,64
response_first,14,11,-2.4230798771940556e-06,-0.005126060068796644,0.005126060068796644,0.5,-5.08116681885592e-06,2.3500706446781595e-07,64
response_mean,29,23,-4.474796355680155e-08,-0.005126054118794714,0.005126054118794714,0.5,-4.690903153914405e-06,4.601407226800802e-06,64
final_prompt,35,29,-3.2603898034738274e-06,-0.005122436008048949,0.005122436008048949,0.484375,-5.179795152806093e-06,-1.3409844541415622e-06,64
public_task_span,22,1,2.0130676148223876e-06,0.005091357690558283,0.005091357690558283,0.5,-1.0252344964090912e-05,1.4278480193735694e-05,64
response_mean,18,26,2.123639956152815e-05,0.005088404348242116,0.005088404348242116,0.5,-0.0007772161670800342,0.0008196889662030907,64
response_mean,19,27,-1.2390679046347182e-05,-0.0050880636346343445,0.0050880636346343445,0.515625,-0.001193194967044036,0.0011684136089513417,64
final_prompt,3,6,-7.009364124144213e-05,-0.005074190738784442,0.005074190738784442,0.5,0.0033836301281198146,-0.003523817410602699,64
public_task_span,27,12,1.4643992471979324e-06,0.005070794178549924,0.005070794178549924,0.484375,-2.73967216344267e-05,3.0325520128822575e-05,64
response_first,2,3,-3.9188387745528154e-05,-0.005064034582579723,0.005064034582579723,0.5,-0.0007586637366330249,0.0006802869611419687,64
response_mean,31,19,-5.282669945927596e-07,-0.0050613780247587715,0.0050613780247587715,0.5,-2.6466148199231123e-05,2.5409614210045604e-05,64
public_task_span,24,26,9.998961104433284e-06,0.00505829904245564,0.00505829904245564,0.5,-0.0011214981386728786,0.001141496060881745,64
response_first,33,11,6.516761914097599e-06,0.005043563815169605,0.005043563815169605,0.515625,-0.0007788605300902154,0.0007918940539184106,64
final_prompt,16,19,7.323233148790477e-07,0.0050427134094056724,0.0050427134094056724,0.5,-5.114729668774924e-05,5.261194331750734e-05,64
response_first,18,0,-7.483997865875835e-08,-0.005038724755398803,0.005038724755398803,0.5,-3.4044649792619452e-06,3.2547850219444285e-06,64
final_prompt,15,31,1.6631224752927665e-07,0.005034287259444031,0.005034287259444031,0.5,-4.08702467780131e-06,4.419649172859863e-06,64
response_mean,16,12,6.00332646172643e-06,0.005033111866880575,0.005033111866880575,0.484375,-0.0002788472856991562,0.000290853938622609,64
response_first,26,1,1.4616495036570869e-06,0.005023430647491817,0.005023430647491817,0.515625,1.8978694242832673e-05,-1.6055395235518495e-05,64
response_mean,14,0,-8.945518459313462e-08,-0.00502319868957224,0.00502319868957224,0.5,-3.050171912377664e-06,2.8712615431913946e-06,64
response_first,33,20,5.155367944097961e-06,0.005022610378119987,0.005022610378119987,0.515625,-0.0005292958742302091,0.000539606610118405,64
final_prompt,12,16,2.8303816179636886e-06,0.005015194203687814,0.005015194203687814,0.5,-0.0001569347086842578,0.00016259547192018514,64
final_prompt,9,27,5.092729225010092e-07,0.005012372427089721,0.005012372427089721,0.5,-3.7442731581885903e-06,4.762819003190609e-06,64
response_first,10,21,-1.0834201020775297e-06,-0.005002678869898011,0.005002678869898011,0.5,7.21673332009057e-05,-7.433417340506076e-05,64
public_task_span,3,17,3.135105043839358e-05,0.005001485644431839,0.005001485644431839,0.5,0.0016970729507193153,-0.0016343708498425282,64
public_task_span,6,19,1.3745977412327992e-05,0.004983519563216485,0.004983519563216485,0.484375,0.0007210249132185618,-0.0006935329583939056,64
public_task_span,21,1,-1.234755870882509e-07,-0.004982791766531917,0.004982791766531917,0.5,2.4019619218051957e-06,-2.6489130959816976e-06,64
response_first,12,22,-1.193970291524239e-07,-0.004976692291507752,0.004976692291507752,0.5,-1.1296972076024758e-05,1.105817801771991e-05,64
response_mean,8,18,1.3743602380569891e-06,0.004965532175431986,0.004965532175431986,0.5,-1.380190497008332e-06,4.128910973122307e-06,64
final_prompt,15,13,4.5755911060182663e-07,0.004962275299079041,0.004962275299079041,0.5,6.0543717381692895e-06,-5.139253516965636e-06,64
response_first,8,28,-2.6533559349683445e-07,-0.004957782885060097,0.004957782885060097,0.5,1.0291937016403457e-05,-1.082260820339713e-05,64
final_prompt,15,29,-5.221257310913651e-07,-0.004949618897934497,0.004949618897934497,0.5,-1.567548702041368e-05,1.4631235558230947e-05,64
response_first,20,27,2.6609666292687597e-06,0.0049475459610212255,0.0049475459610212255,0.5,1.2002738004060286e-07,5.201905878496876e-06,64
public_task_span,19,16,6.5462145357701656e-06,0.004941989094311685,0.004941989094311685,0.5,-0.0001760911436576951,0.00018918357272923545,64
public_task_span,7,8,-1.5212453945386173e-06,-0.00493453190400078,0.00493453190400078,0.5,1.2838570228276315e-05,-1.588106101735357e-05,64
public_task_span,13,14,-1.0555697542676123e-06,-0.004932868293736901,0.004932868293736901,0.5,-3.446008867058248e-05,3.234894916204724e-05,64
final_prompt,13,10,-1.5358045857302142e-06,-0.004929919971713211,0.004929919971713211,0.484375,-0.00011703569771269978,0.00011396408854123933,64
public_task_span,15,8,6.151617071739073e-06,0.0049230675255007034,0.0049230675255007034,0.5,-0.00032572749114477496,0.00033803072528825314,64
response_first,19,19,-5.711443407107333e-07,-0.004910859472979545,0.004910859472979545,0.515625,-1.8620082585128475e-05,1.747779390370701e-05,64
final_prompt,2,24,-2.1595871658062257e-05,-0.004910723171059708,0.004910723171059708,0.5,0.0007184660644270562,-0.0007616578077431806,64
public_task_span,1,4,-2.3101156330046836e-06,-0.004908311822067818,0.004908311822067818,0.5,3.052342526643438e-05,-3.5143656532443745e-05,64
response_mean,18,18,1.1491319099836184e-05,0.004902799566263602,0.004902799566263602,0.46875,9.240933786713965e-05,-6.942669966746736e-05,64
response_mean,20,29,1.7360049241686232e-05,0.004900895604853836,0.004900895604853836,0.5,0.0001424757101631345,-0.00010775561167976203,64
response_first,20,20,6.472553337744102e-08,0.00489819223660503,0.00489819223660503,0.5,-4.538192072800484e-06,4.667643139555366e-06,64
final_prompt,1,24,6.896756531200204e-06,0.004893700764702073,0.004893700764702073,0.5,0.00014629651559515936,-0.0001325030025327589,64
response_mean,6,27,-1.0920799468292054e-05,-0.004893430011283573,0.004893430011283573,0.484375,0.000697741947078606,-0.00071958354601519,64
response_mean,12,15,5.392919774747182e-06,0.004888075282115427,0.004888075282115427,0.5,0.0003189561559793095,-0.00030817031642981516,64
final_prompt,9,17,6.840373245609044e-08,0.004886545873945985,0.004886545873945985,0.5,-1.5675850448815254e-06,1.7043925097937063e-06,64
response_first,9,28,1.7332097703694083e-06,0.004874549470464567,0.004874549470464567,0.5,-8.746512127011315e-05,9.093154081085198e-05,64
response_first,15,21,-3.354024613618202e-07,-0.004873701135334158,0.004873701135334158,0.5,-9.150294346225527e-06,8.479489423501885e-06,64
response_mean,13,18,-1.8608800473899007e-06,-0.0048673917658572955,0.0048673917658572955,0.5,-6.537595322697799e-05,6.165419313219821e-05,64
final_prompt,2,2,-3.0197748856153773e-05,-0.004865681926481114,0.004865681926481114,0.5,0.0018743249511317052,-0.0019347204488440128,64
response_first,32,7,3.6385208659326686e-06,0.004861983295826009,0.004861983295826009,0.53125,-0.00043103025677735047,0.00043830729850921575,64
public_task_span,13,12,-6.416888603810733e-09,-0.004852738313511424,0.004852738313511424,0.484375,4.4218840750120947e-07,-4.5502218470883093e-07,64
response_mean,2,14,-2.222232069470784e-05,-0.004851867970030317,0.004851867970030317,0.5,0.0010662082713679406,-0.0011106529127573564,64
final_prompt,32,29,3.0949566394121035e-06,0.004849660739703553,0.004849660739703553,0.5,0.00019302693573306764,-0.00018683702245424346,64
public_task_span,18,21,-1.4109301446303096e-05,-0.004844646613217536,0.004844646613217536,0.5,0.0002046113131655,-0.0002328299160581062,64
final_prompt,17,11,2.55633949563594e-06,0.004842794119348364,0.004842794119348364,0.5,-0.00010241399377264063,0.0001075266727639125,64
response_mean,5,13,-1.666472189753898e-05,-0.004834582876759319,0.004834582876759319,0.515625,6.947060046515297e-05,-0.00010280004426023087,64
public_task_span,24,22,9.25847814409901e-07,0.0048335998458320095,0.0048335998458320095,0.5,-7.752713304397856e-05,7.937882867279836e-05,64
response_first,21,30,1.1431271502695942e-06,0.004830381269424065,0.004830381269424065,0.5,-9.19172637736588e-05,9.4203518074198e-05,64
final_prompt,8,14,2.3130979798090362e-07,0.0048277139374331415,0.0048277139374331415,0.5,1.8850534104330734e-05,-1.8387914508368926e-05,64
response_first,32,19,-2.912960326293375e-07,-0.00482728287917855,0.00482728287917855,0.5,-1.1747460462175563e-05,1.116486839691689e-05,64
response_mean,9,1,1.1690246992658007e-06,0.0048272461402333435,0.0048272461402333435,0.515625,-2.9724764999623136e-05,3.206281439815474e-05,64
final_prompt,14,27,-1.1238009411940197e-07,-0.004825351789311556,0.004825351789311556,0.5,-7.038992500874031e-06,6.814232312635227e-06,64
public_task_span,14,3,-1.8152704228620685e-07,-0.00482086494883573,0.00482086494883573,0.5,-9.589900230362663e-06,9.226846145790247e-06,64
response_mean,7,10,1.567919980516308e-07,0.004817833113145103,0.004817833113145103,0.5,-1.4870001905364914e-06,1.8005841866397532e-06,64
public_task_span,11,13,-1.9124909158656796e-06,-0.004814737936317585,0.004814737936317585,0.5,0.0001854082565841744,-0.00018923323841590572,64
response_first,19,0,5.48421695615046e-07,0.004802183266862148,0.004802183266862148,0.46875,1.1176422702878982e-05,-1.0079579311648897e-05,64
final_prompt,6,20,-4.3332083805578455e-06,-0.004797399241075315,0.004797399241075315,0.5,0.0002415483400000039,-0.00025021475676111955,64
public_task_span,7,1,1.4536337857846854e-06,0.004781077340484112,0.004781077340484112,0.5,-1.683709569988896e-05,1.974436327145834e-05,64
response_first,32,28,-2.7081275675312338e-06,-0.0047799934706452525,0.0047799934706452525,0.5,0.00017413957493771877,-0.00017955583007278126,64
final_prompt,35,14,6.383536401762507e-07,0.0047757544551791315,0.0047757544551791315,0.515625,-4.563009815681797e-05,4.6906805437170465e-05,64
response_first,14,5,-4.090156153329325e-06,-0.0047662989196126885,0.0047662989196126885,0.5,-0.00021629993034365637,0.0002081196180369977,64
response_first,18,29,2.5228971480830036e-06,0.004760032944174885,0.004760032944174885,0.5,-5.611618689742346e-06,1.065741298590834e-05,64
response_mean,3,18,-2.616743222461093e-05,-0.004747574004685392,0.004747574004685392,0.5,-0.0009035700495587594,0.0008512351851095375,64
public_task_span,9,21,-1.2489731488985264e-06,-0.004745125142614508,0.004745125142614508,0.5,1.3952718745721344e-05,-1.6450665043518404e-05,64
final_prompt,8,17,5.843634767208042e-07,0.004738313038531642,0.004738313038531642,0.5,1.2983549595375186e-06,-1.2962800609590927e-07,64
final_prompt,7,17,2.392734756982787e-07,0.004733343429428932,0.004733343429428932,0.515625,-2.9232768952174793e-06,3.4018238466140376e-06,64
public_task_span,9,29,2.443970643640242e-06,0.004730561611787496,0.004730561611787496,0.5,8.874428826288576e-05,-8.385634697560523e-05,64
public_task_span,15,24,-1.106176569008249e-06,-0.0047296213503988105,0.0047296213503988105,0.5,-3.5406395909369964e-05,3.319404277135346e-05,64
final_prompt,14,22,7.464648454913458e-09,0.004720397353727131,0.004720397353727131,0.515625,-1.8182392835797145e-07,1.9675322526779837e-07,64
final_prompt,8,2,2.4164469891737827e-07,0.004714594546827855,0.004714594546827855,0.5,-3.4056823778864557e-06,3.888971775721212e-06,64
response_mean,13,22,-4.127187196469986e-07,-0.004710258658844842,0.004710258658844842,0.515625,-3.06465142330098e-05,2.9821076793715804e-05,64
final_prompt,11,3,2.0507917724900046e-05,0.004710046081774835,0.004710046081774835,0.5,-0.0018568064042483218,0.001897822239698122,64
response_first,3,5,-4.2767925673814055e-05,-0.004708335077195136,0.004708335077195136,0.5,0.0025376163542425337,-0.002623152205590162,64
public_task_span,15,3,-6.4289542933707115e-06,-0.004701985743226404,0.004701985743226404,0.5,0.00030242822049329787,-0.0003152861290800393,64
response_mean,12,27,-1.042741757829247e-06,-0.004690831510246641,0.004690831510246641,0.5,-1.4577342085432426e-05,1.249185856977393e-05,64
response_mean,14,19,3.846513209289048e-06,0.004687614459687134,0.004687614459687134,0.46875,-0.0003441411772655325,0.0003518342036841107,64
public_task_span,35,21,1.4828951862004935e-06,0.0046869840551574705,0.0046869840551574705,0.5,-0.00016341809077855194,0.00016638388115095294,64
final_prompt,14,17,3.3912688195422033e-06,0.00467563195869358,0.00467563195869358,0.5,-7.987836488608747e-05,8.666090252517187e-05,64
public_task_span,10,18,-2.3180396055941717e-06,-0.004674262174050533,0.004674262174050533,0.515625,0.00011148799694638433,-0.00011612407615757265,64
public_task_span,2,24,7.354801709878258e-06,0.004660611841632158,0.004660611841632158,0.5,0.00013079430209473543,-0.00011608469867497884,64
public_task_span,10,10,-1.998880634343395e-06,-0.004655644031855005,0.004655644031855005,0.484375,2.079066416626642e-05,-2.478842543495319e-05,64
response_mean,35,8,3.933322659571856e-06,0.004647396957136032,0.004647396957136032,0.5,-0.00021042981825303438,0.00021829646357217813,64
public_task_span,5,12,1.110875200538116e-05,0.004639671443339201,0.004639671443339201,0.5,0.0006108363340899772,-0.000588618830079215,64
public_task_span,34,15,-1.1345886377970324e-05,-0.004629808960070532,0.004629808960070532,0.5,-0.00016338661225746552,0.000140694839501525,64
response_mean,28,30,2.3710305185841302e-07,0.004625721485254021,0.004625721485254021,0.515625,-1.3725731150771026e-05,1.4199937254487851e-05,64
public_task_span,5,4,3.378242763574398e-05,0.00462010600646509,0.00462010600646509,0.5,0.0012728095261991266,-0.0012052446709276392,64
response_first,19,23,-5.796002824360656e-07,-0.004619284916820315,0.004619284916820315,0.5,3.8237318221932644e-05,-3.9396518786804775e-05,64
response_mean,9,13,-6.7549917730466735e-06,-0.004611706491334166,0.004611706491334166,0.5,0.00011696494584612224,-0.00013047492939221564,64
public_task_span,28,30,-3.0213527679718685e-06,-0.004610056027841684,0.004610056027841684,0.5,3.614048637246562e-05,-4.218319190840937e-05,64
response_mean,30,30,-1.1421778367548551e-07,-0.0046098931946069585,0.0046098931946069585,0.453125,-5.849374872468616e-06,5.620939305117645e-06,64
final_prompt,9,1,2.2294568680148453e-07,0.004602633766616687,0.004602633766616687,0.5,-1.631825432468455e-05,1.676414569828752e-05,64
final_prompt,18,22,3.444572030281205e-06,0.004599259601232948,0.004599259601232948,0.5,9.366085396321702e-05,-8.677170990265456e-05,64
response_mean,7,12,2.426299658964126e-07,0.004595569392226785,0.004595569392226785,0.5,8.124602004500048e-07,-3.2720026865717955e-07,64
public_task_span,1,20,-1.6838072042440756e-05,-0.004590830530257652,0.004590830530257652,0.5,-0.0007870008848840193,0.0007533247407991374,64
response_first,13,30,-1.082299121435426e-07,-0.004584003842484343,0.004584003842484343,0.5,-6.7291083212239755e-06,6.51264849693689e-06,64
response_first,14,23,1.3943850717625033e-05,0.004581933385400639,0.004581933385400639,0.5,-0.0001680461555224655,0.0001959338569577155,64
final_prompt,8,16,-1.0491365287634851e-07,-0.004581173342858875,0.004581173342858875,0.5,3.1931095350046235e-06,-3.40293684075732e-06,64
response_first,27,1,-1.354474932213634e-08,-0.004581111775301985,0.004581111775301985,0.5,-8.728187523843189e-07,8.457292537400463e-07,64
final_prompt,18,26,5.410359335651123e-06,0.004579627018454795,0.004579627018454795,0.5,-0.000169306812267678,0.00018012753093898015,64
public_task_span,34,8,9.056348062585863e-06,0.004579228419799771,0.004579228419799771,0.5,-0.0002771994550130312,0.00029531215113820313,64
public_task_span,4,20,-3.514720629028072e-05,-0.004573014892468926,0.004573014892468926,0.484375,0.0020489564521994795,-0.00211925086478004,64
public_task_span,0,7,2.2738240659231297e-05,0.004559227561930976,0.004559227561930976,0.5,0.00036765022014150324,-0.00032217373882304065,64
response_mean,2,26,-5.996426807537475e-06,-0.004557129419621133,0.004557129419621133,0.5,0.00010557704808890305,-0.00011756990170397813,64
response_first,17,22,1.8966881043525063e-07,0.004549006816616772,0.004549006816616772,0.5,-6.233387239262811e-06,6.612724860133312e-06,64
response_first,7,8,-9.75972938022096e-08,-0.00454613444094773,0.00454613444094773,0.5,3.1222902663330387e-06,-3.317484853937458e-06,64
final_prompt,6,1,-4.0181075746601456e-06,-0.004544428252830052,0.004544428252830052,0.5,5.58841020392766e-05,-6.392031718859692e-05,64
final_prompt,15,24,1.0068783495758627e-07,0.004543025166880021,0.004543025166880021,0.5,1.6352656331245397e-06,-1.4338899632093675e-06,64
final_prompt,2,18,-2.9668154184041566e-05,-0.004532891674691983,0.004532891674691983,0.5,0.001816229504584048,-0.001875565812952131,64
public_task_span,23,18,-8.110771432282402e-07,-0.004528225012095785,0.004528225012095785,0.5,-4.466603058973551e-06,2.8444487725170676e-06,64
final_prompt,8,12,1.946542624863802e-07,0.004526753172523303,0.004526753172523303,0.5,1.6019398856315953e-05,-1.5630090331343193e-05,64
public_task_span,2,14,-1.1980711860812488e-05,-0.004525844539258607,0.004525844539258607,0.5,0.0006514261622214667,-0.0006753875859430917,64
response_mean,10,31,5.66942162549697e-06,0.004525798040578275,0.004525798040578275,0.515625,-4.524420728557774e-05,5.6583050536571615e-05,64
response_first,6,6,4.6832657972119295e-05,0.004524621993270407,0.004524621993270407,0.5,0.002543032034736828,-0.0024493667187925894,64
public_task_span,0,13,3.897529677488094e-05,0.004520938139044449,0.004520938139044449,0.5,-0.00024540472077205165,0.00032335531432181326,64
response_first,10,9,1.0530433428357762e-05,0.0045073984484972915,0.0045073984484972915,0.5,1.6925750969592817e-06,1.9368291759756242e-05,64
post_selector,8,25,-3.3049873309166744e-06,-0.004500627968744991,0.004500627968744991,0.515625,-4.9861646402843635e-05,4.325167174101031e-05,64
response_mean,21,3,-6.486545771572399e-07,-0.004500034965736626,0.004500034965736626,0.5,-1.4922959508104976e-05,1.3625650353790494e-05,64
response_mean,13,10,-2.374421023886524e-05,-0.004486449625764633,0.004486449625764633,0.484375,-0.0011751057659239257,0.0011276173454461955,64
final_prompt,7,18,5.766501658351943e-07,0.004480995079577945,0.004480995079577945,0.515625,8.90350918324657e-06,-7.75020885157618e-06,64
public_task_span,32,18,2.461401891195523e-06,0.0044770027282130176,0.0044770027282130176,0.515625,-0.0002445019799779234,0.00024942478376031445,64
response_mean,12,25,-2.4109112075596548e-06,-0.0044769901415228726,0.0044769901415228726,0.5,-0.00015078019174551247,0.00014595836933039313,64
final_prompt,35,30,-1.7967581698004915e-06,-0.004474138366476125,0.004474138366476125,0.5,7.34233626644604e-05,-7.701687900406139e-05,64
final_prompt,8,24,2.3055650672176473e-05,0.004473941662993205,0.004473941662993205,0.5,-0.001056592664099297,0.00110270396544365,64
response_mean,12,17,6.107671879384585e-07,0.004466223680664126,0.004466223680664126,0.5,-1.8995774780698637e-05,2.021730915657556e-05,64
response_first,10,5,-2.478796204748341e-06,-0.004464549366161129,0.004464549366161129,0.5,-0.00024927057302192673,0.00024431298061243007,64
response_mean,13,16,1.396497918904299e-05,0.004463316775507348,0.004463316775507348,0.5,-0.0014618252903346425,0.0014897552487127285,64
final_prompt,6,29,-1.2594699910544935e-05,-0.004458496258853274,0.004458496258853274,0.5,0.000628544488790809,-0.0006537338886118988,64
final_prompt,12,25,2.7969527138793637e-08,0.004457299627632682,0.004457299627632682,0.515625,-7.318177281945282e-07,7.877567824721154e-07,64
final_prompt,15,2,-3.843099875667141e-06,-0.004456616558204503,0.004456616558204503,0.5,-7.137778447940307e-05,6.369158472806876e-05,64
final_prompt,2,21,-5.525830192710168e-05,-0.004452649703896488,0.004452649703896488,0.5,0.003277399600847269,-0.0033879162047014714,64
response_mean,10,4,8.092551070150683e-06,0.004451565483213117,0.004451565483213117,0.5,1.8546670617131984e-06,1.4330435078588073e-05,64
public_task_span,33,27,-2.0536981537496927e-07,-0.004446438123580523,0.004446438123580523,0.484375,-1.021132794675998e-05,9.80058831601004e-06,64
response_mean,2,25,-2.8219947125764395e-06,-0.0044396589255138955,0.0044396589255138955,0.5,5.6829760069377534e-05,-6.247374949453043e-05,64
final_prompt,16,14,6.41518181509843e-06,0.004439112198091389,0.004439112198091389,0.5,-0.00038584158755837814,0.000398671951188575,64
final_prompt,18,5,-6.70509223258328e-07,-0.0044379872572869955,0.0044379872572869955,0.5,1.011321540999766e-05,-1.1454233856514317e-05,64
response_first,5,19,-1.6241427374553996e-05,-0.004421212031387942,0.004421212031387942,0.5,0.0009445079841725558,-0.0009769908389216638,64
response_first,1,23,-1.5695994079582815e-05,-0.004415506756359876,0.004415506756359876,0.5,0.0004217429232085156,-0.00045313491136768125,64
response_mean,11,21,-3.762419282772834e-07,-0.0044148198034400146,0.0044148198034400146,0.484375,-7.797935609231013e-06,7.045451752676449e-06,64
response_mean,12,22,4.5467129439253827e-07,0.00441241994242133,0.00441241994242133,0.5,-5.325105803420545e-05,5.416040062299052e-05,64
public_task_span,9,16,-4.615387751984515e-06,-0.004407598692750844,0.004407598692750844,0.484375,0.000341732302331346,-0.00035096307783531505,64
response_mean,10,11,-1.5206728676222554e-06,-0.004405408255727164,0.004405408255727164,0.5,3.537516158757374e-05,-3.841650732281827e-05,64
final_prompt,3,12,3.905561484352123e-05,0.0044018641705530544,0.0044018641705530544,0.5,0.0024236467589382566,-0.0023455355292512133,64
response_first,32,16,5.831435601065424e-07,0.004396115048903252,0.004396115048903252,0.5,-2.038155435001308e-05,2.1547841470226163e-05,64
response_first,1,18,4.8926995077629046e-06,0.004392980693945863,0.004392980693945863,0.5,-7.489781273761832e-05,8.468321175314409e-05,64
public_task_span,27,24,-6.471208507723677e-06,-0.00439117203940853,0.00439117203940853,0.515625,-8.59375631989683e-05,7.299514618352099e-05,64
public_task_span,29,20,-1.1586971595542128e-06,-0.004390768783890315,0.004390768783890315,0.5,-0.00010326895335309773,0.00010095155903398931,64
final_prompt,1,7,-1.031580609382882e-06,-0.004383956792078445,0.004383956792078445,0.5,-1.3029758520139501e-05,1.0966597301373753e-05,64
response_first,19,7,-1.2977352525910095e-06,-0.004382347006852143,0.004382347006852143,0.5,-8.418500556216398e-05,8.158953505698195e-05,64
response_first,7,30,-1.5517935381126335e-08,-0.004380920318338142,0.004380920318338142,0.5,-9.922266794859524e-07,9.611908087236998e-07,64
response_mean,13,20,2.6098226157781014e-07,0.004376684681332929,0.004376684681332929,0.5,1.430172090976336e-05,-1.377975638660774e-05,64
response_mean,0,3,5.890961801923457e-06,0.004375897692025722,0.004375897692025722,0.5,0.0005932617859798281,-0.0005814798623759813,64
public_task_span,22,5,5.831498356202204e-06,0.0043755636201740005,0.0043755636201740005,0.5,-0.0006586283300293634,0.0006702913267417679,64
response_first,5,0,9.903318641595602e-06,0.004374237520646163,0.004374237520646163,0.5,-0.0001471740106353531,0.0001669806479185443,64
public_task_span,23,8,2.0878677560134978e-06,0.004366000578515123,0.004366000578515123,0.5,0.00017944022840764257,-0.00017526449289561555,64
response_first,14,13,-2.3043161547780066e-06,-0.00435784853952625,0.00435784853952625,0.484375,-0.00019796381627655004,0.00019335518396699402,64
public_task_span,2,6,-5.1594979595409205e-06,-0.004337194068823074,0.004337194068823074,0.5,8.036387953325632e-06,-1.8355383872407422e-05,64
public_task_span,29,29,-9.888067324895046e-07,-0.004334972796675759,0.004334972796675759,0.484375,7.1199911872101e-05,-7.317752533708e-05,64
response_mean,2,3,-2.559936910984689e-05,-0.00432998472677136,0.00432998472677136,0.5,-3.310265310574377e-05,-1.8096085113950174e-05,64
response_mean,28,29,-1.735556907078717e-07,-0.004328802210962329,0.004328802210962329,0.484375,-8.231394303948036e-07,4.7602804897906026e-07,64
public_task_span,15,2,1.1032147085640541e-05,0.004323072387766425,0.004323072387766425,0.515625,8.845730917528646e-05,-6.639301500400543e-05,64
final_prompt,3,18,3.460868538241238e-05,0.0043211297114911324,0.0043211297114911324,0.5,0.0016556852406211125,-0.0015864678698562873,64
final_prompt,7,14,-2.151230546591692e-06,-0.004309746245748694,0.004309746245748694,0.5,-2.2599744625044274e-05,1.8297283531860856e-05,64
response_mean,3,3,-1.0787083738247243e-05,-0.004299878551668881,0.004299878551668881,0.5,0.0007464754316970374,-0.0007680495991735318,64
final_prompt,32,9,-8.803176569908942e-07,-0.004297358115903264,0.004297358115903264,0.5,-2.850244754880858e-05,2.67418122348268e-05,64
response_mean,7,3,-1.7539932741784345e-05,-0.004294257026733704,0.004294257026733704,0.5,3.2710595405659296e-05,-6.779046088922801e-05,64
final_prompt,4,21,2.6662663003671817e-05,0.0042938643535197305,0.0042938643535197305,0.5,0.0003641644943854937,-0.00031083916837815,64
public_task_span,16,26,-7.824028216417157e-06,-0.0042856391830517655,0.0042856391830517655,0.5,0.00028433301122276567,-0.0002999810676555998,64
response_first,7,19,3.6767301026200934e-07,0.004283344119218433,0.004283344119218433,0.5,-4.993937011472027e-06,5.729283031996049e-06,64
response_first,11,26,8.637322821447714e-07,0.0042814706010223386,0.0042814706010223386,0.5,-3.802538839181264e-05,3.97528529561022e-05,64
final_prompt,6,22,6.592218596775047e-06,0.004274412346795889,0.004274412346795889,0.5,0.0002598104820208219,-0.0002466260448272719,64
final_prompt,5,11,5.714140206691896e-05,0.004273190199435471,0.004273190199435471,0.515625,0.003938777677831225,-0.003824494873697388,64
final_prompt,10,17,-1.938050218111603e-07,-0.004272253845601559,0.004272253845601559,0.5,2.509010778339328e-05,-2.5477717827015595e-05,64
response_first,16,8,-5.708592709652294e-08,-0.0042686124944265515,0.0042686124944265515,0.5,-3.836089845776769e-06,3.721917991583723e-06,64
response_first,3,19,-4.499190549722698e-05,-0.004266085407793038,0.004266085407793038,0.5,0.0028624758143678307,-0.002952459625362284,64
final_prompt,15,21,1.7983049360736903e-07,0.004250775521649761,0.004250775521649761,0.515625,-5.1073941449431e-06,5.467055132157839e-06,64
response_first,4,22,1.3263485698190825e-05,0.004249984511497462,0.004249984511497462,0.5,0.0006598286654480193,-0.0006333016940516374,64
final_prompt,13,27,2.195444267274402e-06,0.004249587226669494,0.004249587226669494,0.5,-0.00010441101358082475,0.00010880190211537356,64
response_mean,3,8,3.3336516935375494e-05,0.004248692577883823,0.004248692577883823,0.5,-0.0008503302960889377,0.0009170033299596883,64
public_task_span,26,14,8.668318969264435e-07,0.004246598733691778,0.004246598733691778,0.515625,-8.291266965442763e-05,8.464633344828053e-05,64
response_mean,9,23,-8.677745313433297e-06,-0.004245291554751772,0.004245291554751772,0.5,2.263764304188306e-05,-3.999313366874966e-05,64
public_task_span,4,0,4.4744756451109424e-05,0.004244746626338046,0.004244746626338046,0.5,0.001598199392901747,-0.001508709879999528,64
public_task_span,14,16,-4.6753807509985926e-06,-0.00423584565736912,0.00423584565736912,0.5,-0.0004145244361097777,0.0004051736746077805,64
response_first,33,9,1.1441960054968685e-06,0.004229860703217425,0.004229860703217425,0.5,-0.0001787705227797836,0.0001810589147907773,64
public_task_span,1,27,1.2693839380513807e-05,0.00422906027691776,0.00422906027691776,0.515625,0.0016365805204258854,-0.0016111928416648576,64
public_task_span,23,15,-2.0714896891176933e-06,-0.004224229446735375,0.004224229446735375,0.46875,0.0001151663211658088,-0.00011930930054404422,64
response_first,3,29,3.60846559033255e-05,0.004220716410984425,0.004220716410984425,0.5,0.0024033651507124757,-0.002331195838905825,64
response_mean,4,3,3.2008658308773524e-05,0.004220509542632618,0.004220509542632618,0.5,0.001165911351563416,-0.001101894034945869,64
response_first,4,1,4.954676114721744e-05,0.0042156051651830815,0.0042156051651830815,0.515625,0.0030950340733397665,-0.0029959405510453316,64
public_task_span,2,28,3.417599873500627e-05,0.0042080019884856,0.0042080019884856,0.5,-0.0008033017656998719,0.0008716537631698845,64
response_first,31,13,2.515452479204887e-06,0.004206010461599698,0.004206010461599698,0.53125,-0.0003843837725980493,0.0003894146775564591,64
public_task_span,30,23,7.450187695214095e-06,0.004191885417824398,0.004191885417824398,0.5,-0.00037405754483187505,0.00038895792022230314,64
response_first,10,22,1.3054393548379575e-06,0.004191144989729675,0.004191144989729675,0.5,-8.036963390622047e-05,8.29805126158964e-05,64
public_task_span,25,0,3.60353078576728e-06,0.004186031569744276,0.004186031569744276,0.515625,-0.0005639234623231148,0.0005711305238946494,64
final_prompt,18,29,1.3929056876806008e-05,0.004175718224371735,0.004175718224371735,0.5,0.0007044819758448229,-0.0006766238620912106,64
public_task_span,13,8,-5.465433332573996e-06,-0.004175566504666899,0.004175566504666899,0.484375,0.0005675847633028616,-0.0005785156299680097,64
response_first,27,0,-7.679233249291428e-08,-0.004175363708628462,0.004175363708628462,0.5,-2.1006802626288845e-06,1.947095597643056e-06,64
public_task_span,16,29,-4.443871375764321e-06,-0.004175199145149519,0.004175199145149519,0.5,0.00010976975454467862,-0.00011865749729620729,64
response_first,7,21,-1.407717263645942e-06,-0.00417462857548084,0.00417462857548084,0.5,1.2136464647486259e-05,-1.4951899174778126e-05,64
public_task_span,27,11,-1.2372138371553085e-06,-0.004162361356689853,0.004162361356689853,0.5,-0.00015593778698528768,0.00015346335931097708,64
public_task_span,17,3,-6.155039727678149e-06,-0.004160259110716713,0.004160259110716713,0.5,-0.0004442348640623062,0.00043192478460695003,64
final_prompt,6,6,1.3986764315632741e-05,0.004159966918256424,0.004159966918256424,0.5,0.0005164360864000687,-0.0004884625577688032,64
public_task_span,33,0,2.3587722353125936e-06,0.004150829205673361,0.004150829205673361,0.5,-9.13003277673805e-05,9.60178722380057e-05,64
response_first,6,21,1.714126528896303e-05,0.004143708198518464,0.004143708198518464,0.5,0.0010388362406956813,-0.0010045537101177554,64
response_first,6,18,-1.923482864185698e-05,-0.004143642304455962,0.004143642304455962,0.5,0.0010824458904608032,-0.0011209155477445172,64
final_prompt,14,4,-4.121390766443224e-07,-0.004140833741821374,0.004140833741821374,0.5,-2.382075911455594e-05,2.2996480961267295e-05,64
final_prompt,14,30,2.409371973038348e-07,0.004137957248947802,0.004137957248947802,0.484375,2.260141457100352e-06,-1.7782670624926824e-06,64
response_first,35,26,-9.792935088626109e-06,-0.004133726285991109,0.004133726285991109,0.5,-0.000431125174145556,0.000411539303968304,64
response_mean,13,8,1.4265404388429711e-05,0.004112208136907077,0.004112208136907077,0.5,0.0013792483268844002,-0.0013507175181075404,64
final_prompt,11,1,2.694262377617271e-07,0.004111258153381632,0.004111258153381632,0.5,-2.3053262452769947e-05,2.3592114928293404e-05,64
response_mean,9,17,-1.0177212061540956e-05,-0.004106640854298664,0.004106640854298664,0.515625,-0.00027831683291878773,0.00025796240879570587,64
public_task_span,4,10,2.2112035367175464e-05,0.004106232082040319,0.004106232082040319,0.515625,0.0015803255555510987,-0.0015361014848167473,64
response_mean,8,30,1.1945543519679318e-05,0.004103971754225896,0.004103971754225896,0.5,0.0012577021852848455,-0.0012338110982454866,64
response_first,19,17,1.23404078067324e-07,0.004101631665836976,0.004101631665836976,0.5,4.015510626231842e-07,-1.547429064885364e-07,64
final_prompt,13,8,2.6012934739525194e-07,0.004088159186918105,0.004088159186918105,0.5,-1.4065838158215528e-05,1.4586096853006032e-05,64
response_mean,9,20,8.41265864437343e-06,0.004083433576311223,0.004083433576311223,0.515625,0.0005538339391932648,-0.0005370086219045179,64
public_task_span,32,4,7.501292884599696e-07,0.004078495056407104,0.004078495056407104,0.484375,-6.315844530041975e-06,7.816103106961919e-06,64
response_mean,11,26,4.823197173210252e-06,0.004062343478932652,0.004062343478932652,0.5,-0.0004101946890386807,0.00041984108338510124,64
public_task_span,17,10,2.2755779355061045e-05,0.00405667896423499,0.00405667896423499,0.5,-0.0012826742313336561,0.001328185790043778,64
response_mean,12,20,-1.628610789339745e-06,-0.004051569588591556,0.004051569588591556,0.5,-0.0002052438157988784,0.0002019865942201989,64
post_selector,2,27,-4.465472011360805e-05,-0.0040469478216198194,0.0040469478216198194,0.5,0.0012722500978270563,-0.0013615595380542715,64
public_task_span,26,12,1.1262882253485927e-06,0.004043986228971362,0.004043986228971362,0.515625,-0.00015624408933943422,0.0001584966657901314,64
final_prompt,33,11,7.443044978563534e-06,0.004040691525881756,0.004040691525881756,0.5,-0.0008849897822074015,0.0008998758721645284,64
response_first,2,0,-2.3098638848753563e-05,-0.004039250928494829,0.004039250928494829,0.515625,0.0011054350234189748,-0.0011516323011164819,64
response_mean,7,29,1.4264289660644116e-07,0.004037667020486422,0.004037667020486422,0.5,-3.889630590950091e-07,6.742488523078923e-07,64
public_task_span,6,29,-9.953294465959474e-06,-0.004035871471950727,0.004035871471950727,0.5,0.0004114734947506804,-0.0004313800836825993,64
response_first,3,4,2.5571443984515334e-05,0.00403195742411749,0.00403195742411749,0.484375,0.000735592033379363,-0.0006844491454103323,64
response_mean,5,14,1.2933416655868193e-05,0.004030115547157479,0.004030115547157479,0.484375,-0.00039770135481375453,0.0004235681881254909,64
response_mean,14,3,-1.4569383210984438e-06,-0.0040291614291067986,0.0040291614291067986,0.5,-1.2446975915740638e-05,9.533099273543757e-06,64
final_prompt,8,13,4.773694399752268e-07,0.004024988035663611,0.004024988035663611,0.5,-7.4098527420608e-06,8.364591622011257e-06,64
response_mean,17,15,1.537684943287088e-05,0.00402122305776454,0.00402122305776454,0.5,0.00026048239760713323,-0.00022972869874139125,64
response_mean,12,3,-7.671055300310063e-06,-0.004010198841799128,0.004010198841799128,0.5,-0.0008919280853660803,0.00087658597476546,64
response_mean,18,29,-1.721769240247968e-05,-0.004001505072134232,0.004001505072134232,0.5,0.0015261710013873937,-0.0015606063861923532,64
final_prompt,11,14,8.934057404993783e-06,0.00399966499600481,0.00399966499600481,0.5,-0.0004795782824657894,0.0004974463972757769,64
final_prompt,10,23,-3.269395165262114e-06,-0.003997927408434964,0.003997927408434964,0.5,-0.0003650336202554097,0.00035849482992488543,64
response_first,26,11,7.983996397342723e-08,0.003997402072107278,0.003997402072107278,0.5,-1.2927857540034893e-06,1.4524656819503434e-06,64
final_prompt,2,9,-8.147858352459546e-06,-0.003992786802043207,0.003992786802043207,0.5,7.459268817911659e-05,-9.088840488403567e-05,64
public_task_span,9,15,3.7575919122886177e-06,0.00398927259310922,0.00398927259310922,0.5,2.182112257287109e-05,-1.4305938748293854e-05,64
final_prompt,16,6,1.2540152738438337e-07,0.003980665656250599,0.003980665656250599,0.515625,-4.984387658168997e-07,7.492418205856664e-07,64
response_mean,12,14,9.17666002919976e-06,0.0039796595942281805,0.0039796595942281805,0.5,-0.0003944749180959657,0.00041282823815436527,64
response_mean,1,15,4.34318235420721e-06,0.003976460383277501,0.003976460383277501,0.5,-0.00014307593482953927,0.00015176229953795374,64
response_first,4,7,4.975010074303706e-05,0.003972214676234311,0.003972214676234311,0.5,0.00320756697738034,-0.0031080667758942664,64
response_mean,9,28,-2.701986403509956e-06,-0.003958795951696776,0.003958795951696776,0.484375,-0.0001811959996587071,0.0001757920268516872,64
final_prompt,32,1,2.446907728885835e-06,0.003956823354651014,0.003956823354651014,0.53125,-0.0001236155558217369,0.00012850937127950861,64
public_task_span,29,31,5.081096787798573e-07,0.00394165004035716,0.00394165004035716,0.5,-3.3924600074889134e-05,3.494081943244885e-05,64
response_first,32,26,-1.7928870477049867e-07,-0.00393717352621237,0.00393717352621237,0.5,4.707849825534368e-06,-5.066427235075366e-06,64
response_first,2,14,-1.927239281940686e-05,-0.003933968667835678,0.003933968667835678,0.5,0.0012611398051376303,-0.001299684590776444,64
response_first,22,28,4.33474156123079e-07,0.003922933074274217,0.003922933074274217,0.5,-3.8303926771717666e-05,3.917087508396383e-05,64
public_task_span,6,7,-2.6123132556673016e-05,-0.003921627031288787,0.003921627031288787,0.46875,-0.00011065822036470372,5.841195525135796e-05,64
public_task_span,23,22,8.722452093945961e-07,0.003918563115021056,0.003918563115021056,0.5,-5.169238647793538e-05,5.343687689672458e-05,64
response_first,16,3,2.697457324172027e-07,0.003911619492457233,0.003911619492457233,0.5,2.344083838145657e-05,-2.2901346916622162e-05,64
public_task_span,17,21,-9.806203706873168e-07,-0.0039076786528022805,0.0039076786528022805,0.46875,1.974950873772513e-05,-2.1710749479099754e-05,64
response_first,5,28,8.215958246183007e-06,0.003906338782085394,0.003906338782085394,0.5,0.0005908641615519615,-0.0005744322450595954,64
response_first,8,13,-1.8346079741605602e-05,-0.003903398784302148,0.003903398784302148,0.484375,-0.0008485873331665007,0.0008118951736832894,64
final_prompt,23,20,1.8925666722618625e-07,0.003899162142125672,0.003899162142125672,0.5,1.619170120648323e-06,-1.2406567861959513e-06,64
final_prompt,8,4,7.834520374681676e-07,0.0038963118780684825,0.0038963118780684825,0.5,-3.894218161802568e-05,4.050908569296201e-05,64
response_first,4,6,4.239600053779387e-05,0.0038942076753762348,0.0038942076753762348,0.5,0.0031969346123332768,-0.0031121426112576895,64
public_task_span,32,21,1.0738144737791594e-06,0.0038864003407465047,0.0038864003407465047,0.5,-0.00017144454068327277,0.00017359216963083108,64
response_first,2,10,3.49556321452819e-05,0.003883537805883125,0.003883537805883125,0.5,-0.0006335280922939875,0.0007034393565845511,64
public_task_span,33,23,-7.378810096271459e-06,-0.003873751570544376,0.003873751570544376,0.484375,-0.0005867484628652092,0.0005719908426726663,64
response_first,8,23,4.859137732175669e-07,0.0038690975689709205,0.0038690975689709205,0.515625,-1.9189607030508073e-05,2.0161434576943207e-05,64
public_task_span,19,19,3.181922238576568e-06,0.0038660618657854126,0.0038660618657854126,0.5,-0.00017550367738294686,0.0001818675218601,64
final_prompt,3,14,3.235624496511448e-05,0.003865110814349764,0.003865110814349764,0.5,0.002205351389875444,-0.002140638899945215,64
response_mean,1,5,-2.186858182546716e-06,-0.0038648774520444436,0.0038648774520444436,0.5,-3.9203193864533216e-05,3.482947749943978e-05,64
post_selector,1,10,-1.3385717466000247e-05,-0.003861632324747901,0.003861632324747901,0.453125,-0.00034113330184481084,0.0003143618669128104,64
response_first,28,24,8.358401260011295e-08,0.003861448350260125,0.003861448350260125,0.5,-3.347803570363795e-06,3.5149715955640204e-06,64
public_task_span,19,13,5.2954756029036204e-06,0.0038603438342966457,0.0038603438342966457,0.5,-0.00033335917851216716,0.0003439501297179744,64
public_task_span,15,19,-1.5184712083242312e-06,-0.0038599924039425366,0.0038599924039425366,0.5,7.27806218492274e-05,-7.581756426587586e-05,64
final_prompt,3,15,3.301291357616027e-05,0.003857727771773461,0.003857727771773461,0.5,0.0021866818773333034,-0.0021206560501809825,64
final_prompt,13,17,3.389232574600954e-07,0.003853259266363706,0.003853259266363706,0.5,-7.617849746574932e-07,1.439631489577684e-06,64
response_mean,26,11,-5.5206442084454254e-08,-0.003853036494630692,0.003853036494630692,0.5,-1.956600058861113e-06,1.8461871746922043e-06,64
final_prompt,0,8,7.106747943903097e-06,0.0038474367505169963,0.0038474367505169963,0.5,-0.00044326044007902195,0.00045747393596682815,64
public_task_span,22,28,-3.9327787817467416e-06,-0.003844609113302529,0.003844609113302529,0.484375,-0.00045043432510281846,0.00044256876753932497,64
response_first,3,17,-2.9332018129974596e-06,-0.0038422504262046234,0.0038422504262046234,0.5,0.0001557419207074482,-0.00016160832433344307,64
public_task_span,2,17,-7.4484123615561025e-06,-0.003840080448356801,0.003840080448356801,0.5,0.0004078186320839378,-0.00042271545680705,64
final_prompt,2,3,-1.697458537819213e-05,-0.0038392832375653504,0.0038392832375653504,0.5,0.00021659085541613431,-0.00025054002617251874,64
response_mean,9,25,-1.8528684449851474e-05,-0.0038361012495291007,0.0038361012495291007,0.484375,-0.00013979076538818628,0.00010273339648848314,64
response_first,6,29,1.0030471457867169e-05,0.0038349699673451442,0.0038349699673451442,0.5,4.6674897021168805e-05,-2.6613954105434345e-05,64
response_mean,6,31,2.0912252239215672e-05,0.0038345555988948993,0.0038345555988948993,0.5,0.0012039802536492217,-0.0011621557491707903,64
final_prompt,2,30,1.6181473256442376e-05,0.003831670891348524,0.003831670891348524,0.5,0.0006399025842256452,-0.0006075396377127607,64
final_prompt,11,0,2.471218977008337e-06,0.0038249702234699322,0.0038249702234699322,0.5,3.8326692902038574e-05,-3.3384254948021886e-05,64
public_task_span,3,7,-4.4155123532621564e-05,-0.003823241873587612,0.003823241873587612,0.5,0.0019755883645302856,-0.002063898611595529,64
public_task_span,25,25,4.396588337861951e-07,0.0038229035859206227,0.0038229035859206227,0.5,-2.1586577986442845e-05,2.246589565401524e-05,64
response_mean,32,21,3.125411041082771e-08,0.003820408897008317,0.003820408897008317,0.5,-7.20819443245091e-07,7.833276640667464e-07,64
response_mean,9,15,5.6766084526341e-06,0.0038146614291793535,0.0038146614291793535,0.5,0.00015749095109639607,-0.00014613773419112788,64
response_first,4,4,4.283583257347188e-05,0.0038112902453620134,0.0038112902453620134,0.5,0.00042704823135863426,-0.0003413765662116906,64
public_task_span,0,28,1.136982427851558e-05,0.003799515771923295,0.003799515771923295,0.5,0.0009297403394157124,-0.0009070006908586813,64
response_first,33,24,-5.543914198784998e-07,-0.0037986202462354725,0.0037986202462354725,0.46875,-5.583873075918843e-06,4.4750902361618505e-06,64
final_prompt,1,21,5.356036126610839e-06,0.0037971563200997617,0.0037971563200997617,0.5,0.00021794264102936224,-0.00020723056877614064,64
final_prompt,18,23,1.7018344351495708e-06,0.0037900245494440787,0.0037900245494440787,0.5,8.98759521987565e-05,-8.647228332845734e-05,64
response_first,3,2,3.7779816466356023e-06,0.003787230424759835,0.003787230424759835,0.5,0.0002580088053036808,-0.0002504528420104096,64
response_first,33,3,-1.4726995232198156e-06,-0.003784859291699032,0.003784859291699032,0.5,-9.229497209162265e-05,8.9349573045183e-05,64
response_mean,2,10,2.273471000080777e-05,0.0037835667890532315,0.0037835667890532315,0.5,0.001125886316003748,-0.0010804168960021321,64
final_prompt,14,0,-2.873761939525826e-08,-0.00378245467972229,0.00378245467972229,0.5,1.4378709956019975e-07,-2.0126233835071638e-07,64
response_mean,14,16,-4.477319407670948e-06,-0.0037797560424827994,0.0037797560424827994,0.5,0.00015627170705555187,-0.0001652263458708938,64
final_prompt,13,1,-8.830310775891121e-07,-0.003778696591653957,0.003778696591653957,0.5,-3.8726099774061905e-05,3.696003761888369e-05,64
response_first,26,4,6.413874871169095e-07,0.0037773446038785125,0.0037773446038785125,0.5,-4.787740363098901e-05,4.916017860522283e-05,64
response_mean,9,11,1.487478385798888e-06,0.0037768585432870557,0.0037768585432870557,0.5,-0.00017053931358645223,0.00017351427035805,64
final_prompt,16,1,2.4536488041367214e-07,0.003776855764583098,0.003776855764583098,0.5,-9.471577726568734e-06,9.962307487396077e-06,64
response_first,4,5,1.3715446129936135e-05,0.0037713528630881968,0.0037713528630881968,0.5,0.0010022633030075776,-0.0009748324107477054,64
response_mean,3,16,-2.2394040570367286e-05,-0.003766929398893563,0.003766929398893563,0.5,-0.0003584773439797437,0.0003136892628390095,64
response_first,18,10,3.4459259978537826e-07,0.003762325537590491,0.003762325537590491,0.5,9.903333818782543e-06,-9.214148619211788e-06,64
public_task_span,5,8,-1.066915319825e-05,-0.0037605923084534022,0.0037605923084534022,0.5,0.0001543351354484905,-0.0001756734418449906,64
final_prompt,30,19,-9.257413466948679e-07,-0.00375865027684447,0.00375865027684447,0.5,-1.8075479601488656e-07,-1.6707278973748407e-06,64
final_prompt,6,11,-1.7850870790421893e-05,-0.0037526844829112523,0.0037526844829112523,0.5,-0.001182746429549284,0.0011470446879684407,64
response_mean,17,31,-8.859944955449561e-08,-0.00375179454167365,0.00375179454167365,0.484375,-3.0879857675353202e-06,2.9107868684263294e-06,64
response_mean,17,20,3.3729469350921953e-07,0.0037509054489302646,0.0037509054489302646,0.484375,-2.9813183459728495e-05,3.0487772846746935e-05,64
final_prompt,5,7,7.503803658437771e-06,0.0037477490198863936,0.0037477490198863936,0.515625,0.000550462751107258,-0.0005354551437903826,64
response_first,9,7,7.756350584031679e-08,0.0037394172803330793,0.0037394172803330793,0.5,1.5173672096580049e-06,-1.3622401979773713e-06,64
response_mean,6,8,-3.299501076981686e-05,-0.0037385553505713555,0.0037385553505713555,0.5,-0.00021195636509219363,0.00014596634355255943,64
response_first,2,5,-6.059105999153862e-06,-0.0037343382002913593,0.0037343382002913593,0.484375,0.00043667635736710264,-0.0004487945693654103,64
final_prompt,9,0,3.311547658313424e-08,0.003729867168819053,0.003729867168819053,0.5,1.9028870212878246e-06,-1.836656068121556e-06,64
final_prompt,7,9,2.869689978993174e-07,0.003721240985318835,0.003721240985318835,0.515625,1.3282302688822358e-05,-1.2708364693023724e-05,64
response_first,31,12,2.3150056449505112e-07,0.003718149962515722,0.003718149962515722,0.546875,-3.128320190626057e-05,3.174620303525067e-05,64
response_first,30,22,-8.416645869147022e-08,-0.0037145380402389887,0.0037145380402389887,0.515625,1.1084705846542418e-06,-1.2768035020371824e-06,64
response_first,3,0,8.13937731436218e-06,0.0037107887023404202,0.0037107887023404202,0.515625,0.0006516802604892158,-0.0006354015058604915,64
public_task_span,9,12,-2.0507668523383053e-06,-0.0037106903234756594,0.0037106903234756594,0.5,0.00016503473580086925,-0.00016913626950554582,64
public_task_span,15,11,6.063553144028956e-07,0.003707596328325694,0.003707596328325694,0.484375,-5.044436375100716e-05,5.165707437981295e-05,64
final_prompt,17,18,2.0332545318458827e-06,0.0037032862574215477,0.0037032862574215477,0.5,7.663077030883468e-05,-7.25642612451429e-05,64
final_prompt,12,3,4.4629382500503584e-07,0.0036948600937244513,0.0036948600937244513,0.5,-3.7065048900319725e-05,3.795763655032978e-05,64
response_first,5,17,-3.0735703262512213e-06,-0.0036944062086277127,0.0036944062086277127,0.5,0.00019622921342942823,-0.00020237635408193067,64
response_mean,10,29,5.701148211299562e-06,0.0036922199649122513,0.0036922199649122513,0.5,-0.00034010642957583444,0.0003515087259984335,64
response_first,1,5,-1.1250883744707597e-06,-0.003684448723484028,0.003684448723484028,0.5,-1.9075459931687207e-06,-3.426307557728055e-07,64
response_first,14,24,-4.500104751068235e-07,-0.003682598033731108,0.003682598033731108,0.515625,-1.9460196199360225e-05,1.856017524914658e-05,64
final_prompt,13,7,-1.8407966706443263e-07,-0.003681981036574556,0.003681981036574556,0.5,-3.765344843029738e-06,3.397185508900871e-06,64
public_task_span,1,5,9.959429007726544e-06,0.0036814000684166513,0.0036814000684166513,0.5,8.780771167948755e-05,-6.788885366403432e-05,64
public_task_span,30,28,-4.1612145196739307e-07,-0.0036791838003154336,0.0036791838003154336,0.53125,-1.262956652681738e-05,1.1797323622882594e-05,64
public_task_span,18,31,6.619906798732978e-06,0.0036761517614549246,0.0036761517614549246,0.515625,-0.00022514965621668752,0.0002383894698141535,64
final_prompt,3,23,1.1654723948596052e-05,0.0036753354303420264,0.0036753354303420264,0.5,0.0008443000344868809,-0.0008209905865896889,64
response_mean,12,9,1.521656741947142e-06,0.0036726540933190244,0.0036726540933190244,0.484375,-6.717565457846797e-05,7.021896806236224e-05,64
response_first,13,4,5.160195826196612e-07,0.0036708418214005246,0.0036708418214005246,0.5,4.750329765099122e-06,-3.7182905998598036e-06,64
response_mean,26,5,-4.369057933230907e-07,-0.003667345371739632,0.003667345371739632,0.484375,-2.6581603833618647e-05,2.5707792246972466e-05,64
public_task_span,26,11,2.2960665546601338e-07,0.0036633373201938914,0.0036633373201938914,0.5,2.402169968719785e-06,-1.942956657787758e-06,64
public_task_span,5,13,-2.736178839767955e-05,-0.003662614086828752,0.003662614086828752,0.5,0.0009445803443668408,-0.0009993039211622001,64
response_first,23,27,1.0327006094677336e-07,0.003654784268845095,0.003654784268845095,0.53125,-4.391979302908244e-06,4.598519424801791e-06,64
final_prompt,28,14,7.909097803416599e-07,0.0036543224082186128,0.0036543224082186128,0.5,7.363072973021125e-05,-7.204891016952793e-05,64
response_mean,2,9,-1.3646360457640594e-05,-0.0036500438862929327,0.0036500438862929327,0.5,-0.00034350486748734054,0.0003162121465720594,64
final_prompt,10,29,-2.7076077912978804e-07,-0.0036494929219324356,0.0036494929219324356,0.5,-1.3537817835636184e-05,1.2996296277376607e-05,64
public_task_span,26,1,7.914546586111556e-06,0.0036488900615101842,0.0036488900615101842,0.515625,-0.00014161695435176705,0.00015744604752399022,64
response_mean,16,28,-7.982918305060932e-06,-0.00364785055284688,0.00364785055284688,0.5,0.0011441486326475333,-0.0011601144692576552,64
final_prompt,18,15,1.5184493307239952e-07,0.0036307274824531554,0.0036307274824531554,0.484375,-8.911555198660783e-06,9.21524506480558e-06,64
response_first,6,8,-5.155860708328094e-05,-0.003629146348419092,0.003629146348419092,0.5,0.0027181704135727973,-0.002821287627739359,64
public_task_span,3,13,3.265482337156257e-05,0.0036288830380970926,0.0036288830380970926,0.5,0.002701970006455656,-0.0026366603597125313,64
response_mean,16,27,4.890420086672238e-07,0.003623425872867348,0.003623425872867348,0.5,-3.500084017104986e-05,3.597892418838431e-05,64
response_first,21,17,5.207401017022391e-07,0.00361810146510445,0.00361810146510445,0.484375,2.3462917823726573e-05,-2.2421437620322095e-05,64
final_prompt,12,23,-7.916111144402797e-07,-0.003617916852171399,0.003617916852171399,0.5,-6.645855387432187e-05,6.487533164544133e-05,64
response_first,18,11,3.6170862927160294e-07,0.0036158094206485136,0.0036158094206485136,0.484375,1.8343873819046936e-05,-1.7620456560503725e-05,64
public_task_span,30,26,-2.296435980045163e-06,-0.0036134124738035262,0.0036134124738035262,0.5,5.4558639931187734e-05,-5.9151511891278094e-05,64
response_mean,25,16,-7.298930881860033e-08,-0.0036129310873954995,0.0036129310873954995,0.484375,-2.0290402744638134e-06,1.8830616568266123e-06,64
public_task_span,19,0,7.077072496030365e-06,0.0036044132121352337,0.0036044132121352337,0.5,-0.0005738192376156707,0.0005879733826077314,64
response_mean,3,15,-1.905623753372613e-05,-0.003603844741692329,0.003603844741692329,0.5,0.0008821144988360301,-0.0009202269739034824,64
response_first,1,17,6.161310011516374e-06,0.0036009977662808832,0.0036009977662808832,0.5,-0.00010195350478171405,0.00011427612480474687,64
response_mean,2,24,-6.087739166101168e-06,-0.003598929216959374,0.003598929216959374,0.5,0.000498278219311016,-0.0005104536976432182,64
final_prompt,6,19,2.7463997866950553e-06,0.003594922003858411,0.003594922003858411,0.515625,0.00013410948122326042,-0.00012861668164987035,64
final_prompt,5,15,-1.8722257664193138e-05,-0.0035927610230585307,0.0035927610230585307,0.5,0.0012278339854674691,-0.0012652785007958558,64
response_first,18,23,-1.3133153764592092e-07,-0.0035867679279058978,0.0035867679279058978,0.5,7.057062987297761e-07,-9.683693740216171e-07,64
response_mean,22,29,1.8424913150718247e-07,0.0035826718307342526,0.0035826718307342526,0.5,-1.7510978352674065e-05,1.787947661568843e-05,64
response_first,22,20,7.061800715745328e-06,0.0035815018991521767,0.0035815018991521767,0.5,-0.0006934670491318657,0.0007075906505633561,64
final_prompt,10,21,1.5948235159113831e-06,0.0035779945043306425,0.0035779945043306425,0.515625,-3.485020170046147e-05,3.803984873228423e-05,64
response_mean,14,20,-3.754869908301919e-07,-0.00357554204618447,0.00357554204618447,0.5,-3.3687069844723644e-06,2.617733002811984e-06,64
final_prompt,2,0,-2.1625775843859153e-05,-0.00357260056121286,0.00357260056121286,0.5,0.0003163182373100564,-0.00035956978899777473,64
public_task_span,6,14,-2.0790846065210102e-05,-0.0035715442798740127,0.0035715442798740127,0.5,0.001467723325731642,-0.0015093050178620624,64
response_mean,23,9,1.1336393072262484e-05,0.003571221258708494,0.003571221258708494,0.53125,-0.0006516104731417718,0.0006742832592862969,64
public_task_span,6,22,-1.4311524864753038e-05,-0.003563118564595787,0.003563118564595787,0.5,0.0012138238580518999,-0.0012424469077814062,64
public_task_span,6,3,-8.359364073839048e-06,-0.0035592167846725843,0.0035592167846725843,0.5,0.0002303691762790594,-0.0002470879044267376,64
final_prompt,6,13,1.955923750074427e-05,0.00355661507903607,0.00355661507903607,0.5,0.001511349509485177,-0.0014722310344836885,64
final_prompt,3,17,-2.197573053308165e-05,-0.003556576756497592,0.003556576756497592,0.5,0.0016406621263058826,-0.0016846135873720461,64
public_task_span,29,22,-4.386085493021823e-06,-0.0035552407493349312,0.0035552407493349312,0.5,-0.0005346891193766989,0.0005259169483906553,64
public_task_span,29,14,-1.000442466650669e-06,-0.0035514750001185828,0.0035514750001185828,0.5,-0.00011070511447995845,0.00010870422954665712,64
response_mean,1,14,-6.06956564298285e-06,-0.0035513307447327482,0.0035513307447327482,0.5,-3.260112862335939e-05,2.046199733739372e-05,64
response_mean,17,9,-6.101017220322724e-07,-0.0035510569215434595,0.0035510569215434595,0.5,-4.252046312557529e-05,4.130025968151074e-05,64
public_task_span,20,16,1.9094143794926687e-06,0.0035452850456431655,0.0035452850456431655,0.5,-4.736995742860618e-05,5.118878618759151e-05,64
public_task_span,6,23,-4.064482709503141e-06,-0.0035407292656833293,0.0035407292656833293,0.5,0.00035019146434932193,-0.0003583204297683281,64
final_prompt,9,4,1.2657774561830593e-07,0.0035369167893430174,0.0035369167893430174,0.515625,-2.761208065749088e-06,3.0143635569856997e-06,64
public_task_span,32,30,-4.183920054833528e-07,-0.003536378108584258,0.003536378108584258,0.5,-2.585711075652442e-05,2.502032674555772e-05,64
final_prompt,4,6,1.796253400243586e-05,0.0035314834539909436,0.0035314834539909436,0.53125,0.0014272706657720918,-0.0013913455977672203,64
response_first,14,31,2.7145542844687413e-06,0.0035275366881550954,0.0035275366881550954,0.5,0.0001510984002379656,-0.00014566929166902814,64
response_first,7,9,4.724233093611474e-08,0.003526812539422806,0.003526812539422806,0.5,6.938326620797852e-06,-6.843841958925623e-06,64
public_task_span,0,2,5.892401532037455e-06,0.0035211615248817206,0.0035211615248817206,0.5,0.00011659996380330936,-0.00010481516073923437,64
response_mean,2,11,-1.300582198381479e-06,-0.0035211514687021835,0.0035211514687021835,0.5,-0.00010747884380178268,0.00010487767940501972,64
response_first,5,3,3.923271754047793e-05,0.0035205006874164018,0.0035205006874164018,0.5,0.0031179284590052833,-0.003039463023924328,64
final_prompt,1,12,4.7101173094680645e-07,0.0035188244361322465,0.0035188244361322465,0.5,-1.5139476886363122e-05,1.608150034825673e-05,64
response_mean,6,5,-1.2622011126945911e-05,-0.0035168150479536397,0.0035168150479536397,0.5,0.0006596112725674142,-0.0006848552948213061,64
response_first,8,24,2.277107705595091e-05,0.003514623650361756,0.003514623650361756,0.5,-0.0019091978247160917,0.0019547399788279935,64
response_first,2,9,-1.0771249435490677e-05,-0.003505655415686801,0.003505655415686801,0.5,-0.00032857864061951886,0.0003070361417485375,64
public_task_span,27,19,-1.3828679357227412e-06,-0.003492170975482499,0.003492170975482499,0.5,-0.00014619765238419393,0.00014343191651274847,64
response_mean,5,0,-5.012918336433792e-06,-0.0034901999605296873,0.0034901999605296873,0.515625,0.0003280943892605156,-0.00033812022593338324,64
response_first,22,14,1.3736291748516383e-06,0.0034899688330690243,0.0034899688330690243,0.5,-9.197590270557868e-05,9.472316105528197e-05,64
public_task_span,35,10,4.166382495899998e-06,0.003489915351655469,0.003489915351655469,0.5,-0.00032714292319723436,0.0003354756881890344,64
public_task_span,12,8,-8.217665481415457e-07,-0.003488595070084735,0.003488595070084735,0.5,1.8125157339455538e-05,-1.9768690435738626e-05,64
response_mean,7,26,1.6359595065319337e-06,0.003481803973435189,0.003481803973435189,0.5,8.124721625791569e-05,-7.797529724485182e-05,64
response_first,2,31,-2.1267577494681658e-06,-0.0034796091213040304,0.0034796091213040304,0.5,8.158212904164357e-05,-8.583564454057989e-05,64
response_mean,8,25,3.9954538806338675e-06,0.003475635662817653,0.003475635662817653,0.5,-0.00018389276738161258,0.00019188367514288036,64
public_task_span,31,12,8.839859901841066e-07,0.0034743907490257684,0.0034743907490257684,0.5,-7.751942746381065e-05,7.928739944417887e-05,64
final_prompt,5,5,2.47807365667533e-05,0.0034713825463746108,0.0034713825463746108,0.5,0.001220012978592425,-0.001170451505458919,64
response_mean,35,3,3.9450628719374506e-07,0.0034674439788474213,0.0034674439788474213,0.46875,-6.84400765748229e-06,7.633020231869775e-06,64
response_mean,6,10,-5.4948395700192044e-06,-0.0034644780132359046,0.0034644780132359046,0.5,-4.848767275673801e-06,-6.140911864364635e-06,64
final_prompt,9,29,1.8870763085576875e-07,0.003464355621544545,0.003464355621544545,0.5,-1.4797407303031669e-05,1.5174822564743205e-05,64
public_task_span,23,27,-1.9102023429676803e-07,-0.00346197715222356,0.00346197715222356,0.5,-1.1821981672707369e-05,1.1439941204113833e-05,64
public_task_span,19,30,2.7235956849844603e-06,0.0034606876382464995,0.0034606876382464995,0.5,0.00011891963094964506,-0.00011347243957967613,64
response_mean,5,9,2.6746320145390637e-06,0.003460008920120916,0.003460008920120916,0.5,4.937846460961878e-05,-4.4029200580540616e-05,64
response_mean,12,18,-1.531010639154995e-05,-0.003455741400287589,0.003455741400287589,0.5,-0.00026606266328598117,0.0002354424505028814,64
public_task_span,19,7,4.083191015526565e-06,0.0034540802089179203,0.0034540802089179203,0.5,-0.00014686783833893437,0.00015503422036998747,64
response_first,17,20,6.22001143923967e-08,0.0034539794642511382,0.0034539794642511382,0.5,-3.988850597380633e-06,4.113250826165427e-06,64
response_first,16,7,-1.6561846223318157e-06,-0.003447138085352969,0.003447138085352969,0.5,5.005818934478487e-05,-5.3370558589448505e-05,64
public_task_span,31,8,-1.756141955410046e-06,-0.003443220271556083,0.003443220271556083,0.5,-0.00013830882016917573,0.00013479653625835563,64
public_task_span,18,16,3.393632596270634e-06,0.003435876172921265,0.003435876172921265,0.5,0.00018544133490647845,-0.0001786540697139372,64
response_mean,12,13,-8.594220162193658e-06,-0.0034299458567755158,0.0034299458567755158,0.5,-0.00017951250947590938,0.00016232406915152184,64
response_mean,31,25,-7.914565713917909e-08,-0.00342334385966392,0.00342334385966392,0.53125,-1.2279721175900704e-05,1.2121429861622346e-05,64
final_prompt,32,16,-5.642245923807805e-06,-0.00341959851724781,0.00341959851724781,0.5,-0.00033727714617269995,0.00032599265432508434,64
response_first,24,21,-1.4237061805046906e-06,-0.0034178554309100377,0.0034178554309100377,0.5,-0.00013932421961725626,0.0001364768072562469,64
public_task_span,35,13,3.784320142589589e-06,0.003417842300503146,0.003417842300503146,0.515625,0.00016690646589267134,-0.0001593378256074922,64
final_prompt,23,11,1.646783417182049e-06,0.003416577560420022,0.003416577560420022,0.5,-0.00010220656764658619,0.00010550013448095029,64
public_task_span,4,24,2.069354650302026e-05,0.0034107898894910754,0.0034107898894910754,0.515625,0.001769958082149942,-0.001728570989143902,64
response_first,6,1,1.3438333553488977e-05,0.003409472772589673,0.003409472772589673,0.5,0.0011067256491514676,-0.0010798489820444896,64
response_first,14,22,1.905387279051357e-07,0.0034037250197085744,0.0034037250197085744,0.5,9.354501401045743e-06,-8.973423945235471e-06,64
final_prompt,32,3,-1.5676549082851564e-05,-0.0034019774481231315,0.0034019774481231315,0.5,-0.0007902754477981875,0.0007589223496324844,64
response_first,13,6,-2.417568225614069e-07,-0.0033998319924358773,0.0033998319924358773,0.5,-2.5429541210574788e-06,2.0594404759346607e-06,64
response_mean,32,20,-5.416108450617685e-08,-0.0033979180799135196,0.0033979180799135196,0.5,-1.2072458730472135e-06,1.0989237040348596e-06,64
final_prompt,21,12,-1.0782734989358356e-06,-0.0033936158865576402,0.0033936158865576402,0.484375,7.273903474923895e-05,-7.489558174711061e-05,64
final_prompt,30,16,7.72220482758769e-06,0.003389658637023439,0.003389658637023439,0.53125,-0.000818755590444194,0.0008342000000993693,64
response_first,1,10,7.0398564275804765e-06,0.0033805485230541,0.0033805485230541,0.515625,-0.0005530744783754768,0.0005671541912306378,64
final_prompt,13,11,6.84492533764567e-08,0.0033793325758226652,0.0033793325758226652,0.5,5.021854292408534e-07,-3.652869224879396e-07,64
public_task_span,25,4,-4.862931746208912e-07,-0.0033569755548131614,0.0033569755548131614,0.5,-3.0846752906658096e-05,2.987416655741631e-05,64
public_task_span,9,2,-7.196440492355394e-07,-0.003356198362490495,0.003356198362490495,0.5,4.112894748686846e-05,-4.2568235585339536e-05,64
public_task_span,8,18,-3.0969007980002123e-07,-0.0033558095362682884,0.0033558095362682884,0.5,-1.7586643934914377e-05,1.696726377531433e-05,64
public_task_span,9,11,4.620064828495355e-07,0.0033516799701147947,0.0033516799701147947,0.5,-3.207733175258099e-05,3.300134471828006e-05,64
response_first,30,1,6.402834742372112e-07,0.0033468798457458714,0.0033468798457458714,0.5,-5.5732615919619886e-05,5.7013182868094315e-05,64
final_prompt,16,18,-4.462872311738944e-07,-0.0033438918143545164,0.0033438918143545164,0.5,1.7167843566303568e-05,-1.8060418028651364e-05,64
final_prompt,16,22,2.500242317185775e-06,0.00334351753004785,0.00334351753004785,0.5,-0.00022325406189337024,0.00022825454652774174,64
public_task_span,26,15,1.9215432303055e-06,0.0033369538007842737,0.0033369538007842737,0.5,-0.0002050460755071871,0.00020888916196779814,64
final_prompt,18,9,1.257579924644587e-06,0.0033359947239740085,0.0033359947239740085,0.5,-0.00016615521371929443,0.0001686703735685836,64
public_task_span,1,8,1.455952588003435e-05,0.0033351421028117298,0.0033351421028117298,0.5,0.0008981165810837439,-0.000868997529323675,64
response_first,6,30,-1.1286310837024143e-05,-0.0033271696910735266,0.0033271696910735266,0.5,0.0005637341819237847,-0.0005863068035978331,64
response_first,18,3,1.854366615816616e-08,0.0033266136985521774,0.0033266136985521774,0.484375,5.157901838970247e-07,-4.787028515806924e-07,64
response_mean,8,19,3.138972715537247e-06,0.003325250766840575,0.003325250766840575,0.5,6.582205787709062e-05,-5.9544112446016106e-05,64
response_first,9,9,2.5537102033213224e-07,0.0033247466206926244,0.0033247466206926244,0.5,-3.761491882414112e-05,3.812566086480538e-05,64
public_task_span,17,18,2.9579152851443873e-06,0.003324493423972702,0.003324493423972702,0.5,-3.385890886420464e-05,3.97747394344934e-05,64
response_first,19,26,-1.4325539199333654e-08,-0.0033189184199898312,0.0033189184199898312,0.5,-1.4219246260438467e-06,1.3932735476451796e-06,64
final_prompt,6,7,4.437917596080646e-06,0.003314471585639262,0.003314471585639262,0.5,0.000253087167948253,-0.00024421133275609176,64
final_prompt,12,26,5.170007852947201e-07,0.0033097217675084755,0.0033097217675084755,0.5,-3.267476517974614e-05,3.370876675033558e-05,64
final_prompt,4,4,2.2697448457623267e-05,0.0033083092091818274,0.0033083092091818274,0.5,0.0019312575363983407,-0.0018858626394830944,64
response_first,8,16,1.1407314559726346e-07,0.0033079193796139083,0.0033079193796139083,0.5,-6.573254722749923e-06,6.80140101394445e-06,64
response_mean,16,18,2.9689872462758553e-06,0.003290027775296992,0.003290027775296992,0.5,0.00023481728430850817,-0.00022887930981595645,64
response_first,15,18,1.913510128126461e-08,0.003289640017534765,0.003289640017534765,0.5,-1.1694085830793455e-06,1.2076787856418747e-06,64
response_mean,1,25,2.955307536479671e-07,0.0032878539833964575,0.0032878539833964575,0.5,3.8660955397167256e-06,-3.2750340324207913e-06,64
response_first,8,12,-8.934347306421841e-08,-0.0032872060437333377,0.0032872060437333377,0.515625,1.0662872853117733e-05,-1.084155979924617e-05,64
response_first,10,20,-1.8648148625272732e-07,-0.003286619425666756,0.003286619425666756,0.5,-3.3231436873381205e-06,2.950180714832666e-06,64
final_prompt,11,13,3.219505515518889e-07,0.00328651986244232,0.00328651986244232,0.5,3.5610456052370475e-05,-3.49665549492667e-05,64
response_mean,11,20,2.663403279255345e-06,0.0032853585747713745,0.0032853585747713745,0.5,0.00016048129918999735,-0.00015515449263148667,64
response_first,14,16,1.0136227217559545e-06,0.0032805592664819877,0.0032805592664819877,0.5,4.4421366681031364e-05,-4.239412123751945e-05,64
response_first,7,10,-1.431436800194339e-07,-0.0032762588885216506,0.0032762588885216506,0.5,7.604905306379495e-06,-7.891192666418362e-06,64
final_prompt,3,4,1.867874357230773e-05,0.003275488266212552,0.003275488266212552,0.5,0.0015477867200388595,-0.0015104292328942438,64
final_prompt,5,29,-1.482164816479824e-05,-0.003273638081423273,0.003273638081423273,0.5,0.0011098099221271793,-0.0011394532184567758,64
public_task_span,2,21,-1.5521160094065123e-05,-0.0032714234576477473,0.0032714234576477473,0.515625,0.002300050498888578,-0.002331092819076708,64
response_first,29,20,4.892680749435385e-08,0.0032661700150484144,0.0032661700150484144,0.5,-9.607846010339927e-06,9.705699625328634e-06,64
final_prompt,3,9,1.1329269909767198e-05,0.0032622946446275586,0.0032622946446275586,0.5,5.1685572543656356e-05,-2.9027032724121852e-05,64
public_task_span,34,24,-1.2890800462689168e-06,-0.0032602592715274157,0.0032602592715274157,0.5,-1.5101380540732016e-05,1.2523220448194166e-05,64
response_mean,27,20,-7.529126833107759e-07,-0.0032595422362394805,0.0032595422362394805,0.5,-4.2987426922990693e-05,4.148160155636915e-05,64
final_prompt,17,0,-6.399189942410525e-07,-0.003254601565500271,0.003254601565500271,0.515625,-3.682764474887554e-05,3.5547806760393425e-05,64
public_task_span,23,0,-4.7575658754828265e-06,-0.00324501011179173,0.00324501011179173,0.5,-0.0003723145155163219,0.0003627993837653562,64
response_mean,6,20,-6.636817943211448e-06,-0.0032374682242227934,0.0032374682242227934,0.5,0.00047190750137816737,-0.0004851811372645903,64
response_mean,27,1,2.1187975818293125e-08,0.0032370219604378856,0.0032370219604378856,0.515625,-1.8759720532557369e-06,1.918348004892323e-06,64
response_first,20,26,3.430917558940597e-06,0.003235806947178939,0.003235806947178939,0.5,-9.433798459213439e-05,0.00010119981971001562,64
response_first,24,22,-2.54305859925779e-06,-0.0032195519108893338,0.0032195519108893338,0.5,-0.00023891615546744376,0.0002338300382689281,64
response_first,32,29,-8.245361300384941e-07,-0.0032190869737665257,0.0032190869737665257,0.5,6.119670240423104e-05,-6.284577466430803e-05,64
final_prompt,6,27,-5.72345845739779e-06,-0.0032187812542427445,0.0032187812542427445,0.5,0.00034470503112515904,-0.00035615194803995467,64
response_mean,3,21,2.506955024728216e-05,0.003210788311081588,0.003210788311081588,0.5,0.0017468972091592258,-0.001696758108664662,64
final_prompt,8,1,3.660574066097744e-07,0.00321001330031937,0.00321001330031937,0.5,-1.9567318759069305e-05,2.0299433572288857e-05,64
response_mean,8,29,8.186096920325585e-06,0.003209778634229409,0.003209778634229409,0.515625,0.0006420890526896925,-0.0006257168588490412,64
response_mean,5,29,3.572322566469579e-05,0.0032074720176072423,0.0032074720176072423,0.5,0.0007290043467946908,-0.0006575578954652993,64
final_prompt,5,10,-5.4785907536825974e-05,-0.0031974852643725095,0.0031974852643725095,0.5,0.004725252505977549,-0.004834824321051201,64
final_prompt,18,10,1.531024281574787e-06,0.0031939438202719154,0.0031939438202719154,0.5,0.00019127454697807428,-0.00018821249841492467,64
response_first,12,16,-5.592969500824392e-07,-0.0031921014958455314,0.0031921014958455314,0.5,-4.327968599680541e-05,4.2161092096640533e-05,64
public_task_span,0,30,1.7151689462476503e-05,0.003190385697665067,0.003190385697665067,0.5,0.0018232096335850437,-0.0017889062546600906,64
response_mean,14,18,1.4144561646394281e-06,0.0031869342009969203,0.0031869342009969203,0.5,1.0068937626786304e-05,-7.240025297507451e-06,64
public_task_span,27,10,2.3409506866341195e-06,0.003186784987316417,0.003186784987316417,0.5,-0.0004239792278894717,0.00042866112926273994,64
final_prompt,2,7,-2.156808406540078e-06,-0.003180611864115016,0.003180611864115016,0.5,0.0001623543158189036,-0.00016666793263198378,64
final_prompt,16,23,-5.190588126429674e-06,-0.003177218853788955,0.003177218853788955,0.5,-0.0004882605826423969,0.00047787940638953754,64
public_task_span,16,23,3.6445561590776447e-07,0.0031771308435967704,0.0031771308435967704,0.5,-1.3159583886588012e-05,1.3888495118403543e-05,64
final_prompt,3,7,3.6555538983409734e-05,0.003176881666030331,0.003176881666030331,0.5,0.003029248898258183,-0.0029561378202913637,64
response_first,2,29,-2.9438110686901388e-05,-0.003176239941479704,0.003176239941479704,0.5,0.0024922186257754345,-0.002551094847149238,64
public_task_span,23,31,2.2200034095497243e-06,0.0031733571171263563,0.0031733571171263563,0.5,7.967611679759873e-05,-7.523610997849931e-05,64
response_mean,1,26,1.126390634453457e-05,0.0031723859212064768,0.0031723859212064768,0.5,0.0017866148882603426,-0.0017640870755712735,64
final_prompt,14,24,4.1238042314395864e-07,0.0031692949264765513,0.0031692949264765513,0.5,-3.460073116911608e-07,1.1707681579790764e-06,64
response_first,32,23,3.836061068795963e-08,0.003167447115195329,0.003167447115195329,0.5,1.1260567589488346e-06,-1.0493355375729154e-06,64
response_first,8,20,3.415201490523993e-07,0.003167095782749903,0.003167095782749903,0.5,-1.2233721008662137e-05,1.2916761306766936e-05,64
public_task_span,26,25,-1.0426042535944122e-06,-0.0031632957550085357,0.0031632957550085357,0.5,8.435236168224646e-05,-8.64375701894353e-05,64
response_first,15,31,4.654384078150997e-08,0.0031621804097728464,0.0031621804097728464,0.5,-3.4395109622664677e-06,3.5325986438294876e-06,64
public_task_span,26,22,6.350119718948939e-07,0.003162142310931767,0.003162142310931767,0.53125,-1.3404774648502502e-05,1.4674798592292291e-05,64
response_mean,28,5,-4.224774784231915e-06,-0.0031613155813145473,0.0031613155813145473,0.515625,-0.0002547503518144267,0.00024630080224596294,64
response_first,13,9,-1.7338328461937996e-07,-0.003161194187094177,0.003161194187094177,0.5,-3.4724279203169373e-06,3.1256613510781783e-06,64
final_prompt,1,27,2.02546216314626e-05,0.003158710104665985,0.003158710104665985,0.5,0.0010111736191902216,-0.0009706643759272968,64
response_first,4,27,-1.4244255424955554e-05,-0.003156133129974827,0.003156133129974827,0.5,0.001280158353893055,-0.0013086468647429664,64
final_prompt,14,11,5.808193463933444e-07,0.003141904243133544,0.003141904243133544,0.5,-5.387456940296768e-05,5.503620809575435e-05,64
response_mean,13,15,-4.0887719450227885e-06,-0.0031411305632622006,0.0031411305632622006,0.5,5.1655349324175874e-05,-5.983289321422148e-05,64
public_task_span,0,15,-3.4713302738999998e-06,-0.003134387701572663,0.003134387701572663,0.5,6.434143506339377e-05,-7.128409561119373e-05,64
response_mean,12,2,-1.7054301792863438e-07,-0.0031250951829005164,0.0031250951829005164,0.5,-6.807897761971567e-06,6.466811726114297e-06,64
public_task_span,6,4,-2.9556053050323492e-05,-0.003121239380555274,0.003121239380555274,0.5,0.0024116646018228598,-0.002470776707923506,64
public_task_span,27,6,6.164370915929143e-07,0.0031204792882017552,0.0031204792882017552,0.5,-2.4795329409243293e-05,2.6028203592429125e-05,64
final_prompt,15,5,-2.3311963559500392e-07,-0.003119926829245605,0.003119926829245605,0.5,7.879711574789763e-06,-8.34595084597977e-06,64
response_mean,8,27,2.9446969165291357e-06,0.0031130072294463444,0.0031130072294463444,0.5,0.00013496856172423756,-0.0001290791678911792,64
response_first,35,16,7.672927040360913e-07,0.0031082861708734734,0.0031082861708734734,0.5,-2.5710852241905922e-05,2.7245437649978104e-05,64
response_mean,8,8,7.95874086634285e-08,0.0031010114798398648,0.0031010114798398648,0.515625,-4.591801712194865e-06,4.750976529521722e-06,64
response_first,17,24,-7.143717653000448e-07,-0.0030944606580743028,0.0030944606580743028,0.5,-4.744966634006308e-05,4.6020922809462996e-05,64
final_prompt,16,10,7.668310217919697e-07,0.0030929577593610457,0.0030929577593610457,0.5,-6.599977723452772e-05,6.753343927811168e-05,64
response_first,15,28,3.578030316475633e-08,0.003091346057369034,0.003091346057369034,0.5,2.0351098442006332e-06,-1.9635492378711206e-06,64
response_mean,35,14,4.961466402150024e-07,0.003088200802870465,0.003088200802870465,0.5,-5.6124144975904105e-05,5.711643825633412e-05,64
response_first,6,2,-2.67321856881592e-05,-0.0030861850460884867,0.0030861850460884867,0.515625,0.00228208337284741,-0.0023355477442237294,64
final_prompt,26,0,-3.7705995055128862e-06,-0.0030830324013523497,0.0030830324013523497,0.5,-0.00021281643421387265,0.00020527523520284688,64
public_task_span,6,15,-5.3333646974318926e-06,-0.0030693774849597003,0.0030693774849597003,0.5,0.00031845004468780344,-0.0003291167740826673,64
response_first,5,16,-2.779703436315851e-06,-0.0030669176568722837,0.0030669176568722837,0.5,0.00026221959012672836,-0.00026777899699936,64
final_prompt,10,9,1.5770871186681057e-07,0.003063879010231656,0.003063879010231656,0.5,-5.545671456274589e-06,5.861088880008212e-06,64
response_mean,6,11,-2.258321910630635e-05,-0.003059107405490775,0.003059107405490775,0.5,-0.00039496841782237196,0.0003498019796097595,64
response_first,7,11,2.698538708035542e-07,0.0030588122892891987,0.0030588122892891987,0.5,-3.3256122833362346e-06,3.865320024943346e-06,64
response_mean,32,27,-7.725464001834593e-07,-0.003057040367412489,0.003057040367412489,0.5,2.1076073153385184e-05,-2.262116595375209e-05,64
response_mean,3,7,-1.8593395328281087e-05,-0.0030549393260225037,0.0030549393260225037,0.5,0.0016401650459059143,-0.0016773518365624765,64
response_mean,10,26,-9.718251021730052e-07,-0.003051393318415063,0.003051393318415063,0.515625,-5.749991237280922e-05,5.5556262168463216e-05,64
response_first,13,7,-5.178622473056414e-07,-0.003048893364684373,0.003048893364684373,0.5,-2.6284337877761334e-05,2.5248613383150058e-05,64
response_mean,8,2,-6.74174725645506e-06,-0.0030456649398129987,0.0030456649398129987,0.5,0.00011001844541169817,-0.00012350193992460802,64
final_prompt,1,14,-3.986171577708542e-06,-0.0030439762704637468,0.0030439762704637468,0.5,0.0001230288744409198,-0.0001310012175963369,64
public_task_span,4,17,2.499893480490485e-05,0.0030426299720187856,0.0030426299720187856,0.5,0.0020609058992704502,-0.0020109080296606408,64
response_mean,13,26,2.5697909222811754e-06,0.0030414338211981556,0.0030414338211981556,0.5,-3.436323186178706e-05,3.950281370634944e-05,64
final_prompt,17,19,-5.834590979257297e-07,-0.0030386040511686113,0.0030386040511686113,0.5,1.6967469719015347e-05,-1.8134387914866806e-05,64
final_prompt,10,1,-2.8663771446007457e-07,-0.0030370263989771594,0.0030370263989771594,0.5,2.5749993710618227e-05,-2.632326913953838e-05,64
response_first,14,20,1.7493826476434147e-07,0.003035402815494337,0.003035402815494337,0.5,-7.222554927462976e-06,7.57243145699166e-06,64
response_first,21,12,1.348055604915364e-07,0.003024857207148971,0.003024857207148971,0.53125,8.119500080283733e-06,-7.84988895930066e-06,64
final_prompt,28,26,-1.691394935221524e-08,-0.0030248150851747003,0.0030248150851747003,0.5,-3.7175062672645254e-07,3.3792272802202206e-07,64
final_prompt,5,8,-5.63933099328435e-07,-0.0030224615280733174,0.0030224615280733174,0.515625,-1.0097250196841501e-05,8.969383998184638e-06,64
response_mean,25,18,-1.3055170455766045e-07,-0.0030223392438828004,0.0030223392438828004,0.5,-6.567113430830834e-06,6.3060100217155125e-06,64
response_first,2,8,-9.118793968811178e-06,-0.003019275103832349,0.003019275103832349,0.5,0.0008468655141768962,-0.0008651031021145183,64
final_prompt,19,11,2.874096480809097e-07,0.0030167560092815154,0.0030167560092815154,0.5,-1.298477820910593e-05,1.3559597505267745e-05,64
response_mean,21,14,1.6453386706439687e-06,0.0030108081657164915,0.0030108081657164915,0.5,-3.329338142066406e-05,3.6584058761952004e-05,64
final_prompt,0,6,3.0824535315325116e-06,0.0029994071749705736,0.0029994071749705736,0.5,0.0003860709966829518,-0.0003799060896198868,64
public_task_span,0,0,1.954392064362328e-05,0.002993266858071297,0.002993266858071297,0.5,-0.0019917634490411594,0.0020308512903284065,64
public_task_span,34,22,-1.8684480096187827e-07,-0.002984297860783083,0.002984297860783083,0.5,-1.6379052141240456e-05,1.6005362539316696e-05,64
response_mean,33,2,1.8560581338673003e-07,0.0029834528086095944,0.0029834528086095944,0.515625,-2.0390369286337674e-06,2.410248555407229e-06,64
final_prompt,8,23,-1.9366729020566985e-07,-0.002979716399185254,0.002979716399185254,0.5,7.823803343853985e-06,-8.211137924265326e-06,64
final_prompt,17,14,-4.6183663471448847e-07,-0.0029780228876123676,0.0029780228876123676,0.5,-2.5904134872684054e-06,1.6667402178394217e-06,64
response_mean,2,5,-6.475784175559267e-06,-0.0029776248182081322,0.0029776248182081322,0.5,0.00017283216948270626,-0.00018578373783382498,64
response_mean,8,0,9.824994322110453e-06,0.002976976165872914,0.002976976165872914,0.515625,0.0009902210213112814,-0.0009705710326670604,64
public_task_span,10,29,-3.044912773475835e-06,-0.002976972518279331,0.002976972518279331,0.5,5.458026225824233e-05,-6.0670087805194065e-05,64
public_task_span,25,11,-2.632572886797474e-06,-0.0029753467513858054,0.0029753467513858054,0.5,-0.00042437698084538925,0.0004191118350717944,64
response_first,6,11,2.1979416487735996e-05,0.0029752503280555797,0.0029752503280555797,0.5,-0.0011811294243671002,0.0012250882573425718,64
response_first,22,24,-2.242886587575192e-07,-0.002973120751948496,0.002973120751948496,0.484375,-1.6866299496594687e-05,1.641772217907965e-05,64
public_task_span,3,5,3.483752712441033e-05,0.002972843486911216,0.002972843486911216,0.5,0.002765757739155123,-0.0026960826849063016,64
public_task_span,0,5,5.331221473170946e-06,0.002971213741605177,0.002971213741605177,0.5,0.00029343897040234033,-0.00028277652745599836,64
final_prompt,18,30,5.053894710726318e-06,0.0029705202423905143,0.0029705202423905143,0.515625,0.0009442420669074402,-0.0009341342774859875,64
response_mean,1,16,3.954362455264126e-06,0.0029624122258269047,0.0029624122258269047,0.5,-0.00011543526852618731,0.0001233439934367155,64
final_prompt,3,22,9.355175279784293e-06,0.002961960589810802,0.002961960589810802,0.5,0.00014984749395808742,-0.00013113714339851878,64
public_task_span,26,10,1.0294009200606524e-07,0.0029615895245342135,0.0029615895245342135,0.5,1.4091164644014498e-06,-1.2032362803893197e-06,64
final_prompt,17,10,-1.9820195120671014e-06,-0.0029570330543387128,0.0029570330543387128,0.515625,-0.00022606246329813018,0.00022209842427399593,64
response_first,31,18,-1.0289279828240822e-07,-0.00295382260121345,0.00295382260121345,0.5,-7.19692312145433e-06,6.991137524889513e-06,64
final_prompt,17,28,1.5919924045704192e-08,0.0029518156523471316,0.0029518156523471316,0.5,4.5894148925640366e-07,-4.271016411649954e-07,64
response_mean,6,9,2.8214471967646373e-06,0.0029507247178637112,0.0029507247178637112,0.5,-0.0004370312944956692,0.00044267418888919855,64
response_mean,11,19,9.20863612917864e-07,0.002949137188880023,0.002949137188880023,0.5,0.00011254117373481461,-0.0001106994465089789,64
final_prompt,21,8,-1.5865978468839655e-06,-0.0029490207877387107,0.0029490207877387107,0.5,-0.00010145578585251782,9.828259015874993e-05,64
final_prompt,28,23,-3.2038706194680553e-06,-0.0029463324511121297,0.0029463324511121297,0.5,-0.00037881619118705797,0.0003724084499481219,64
response_mean,4,29,1.791397153285387e-06,0.0029444118348416516,0.0029444118348416516,0.5,5.264766832624409e-05,-4.906487401967329e-05,64
public_task_span,26,27,1.960907184188476e-06,0.00294130367587967,0.00294130367587967,0.5,-0.00034619658117659557,0.00035011839554497255,64
public_task_span,1,3,5.7166016631523755e-06,0.0029408206706378367,0.0029408206706378367,0.5,0.00012407855319906166,-0.00011264534987275694,64
public_task_span,27,21,-1.9239610082839014e-06,-0.002929206716691043,0.002929206716691043,0.5,-3.3397609513482104e-05,2.95496874969143e-05,64
final_prompt,24,21,1.5227478797921871e-06,0.0029291129752157833,0.0029291129752157833,0.5,-0.00011947353232244062,0.00012251902808202498,64
public_task_span,1,23,1.961935049621421e-05,0.0029282747181275247,0.0029282747181275247,0.5,0.0016049112455220782,-0.00156567254452965,64
public_task_span,13,6,2.412377284586357e-07,0.0029250812546468535,0.0029250812546468535,0.515625,1.0643511757272772e-05,-1.01610363003555e-05,64
response_first,22,27,1.1221070295205024e-07,0.002915623155331506,0.002915623155331506,0.5,-8.602358022355535e-06,8.826779428259635e-06,64
response_first,8,18,-2.443841964349366e-07,-0.0029140151269372973,0.0029140151269372973,0.5,1.0981977396794474e-05,-1.147074578966435e-05,64
response_first,5,14,1.4048971934232463e-05,0.0029114914109537892,0.0029114914109537892,0.484375,-0.001818317723518702,0.0018464156673871674,64
public_task_span,10,22,-7.361529696957484e-07,-0.0029069282133955985,0.0029069282133955985,0.5,-7.102718973327966e-05,6.955488379388816e-05,64
final_prompt,15,25,-8.954886254741723e-08,-0.0029051788673893375,0.0029051788673893375,0.5,-4.386825111168946e-06,4.2077273860741116e-06,64
final_prompt,5,30,-1.9334589040912375e-06,-0.0029013728105449286,0.0029013728105449286,0.5,0.00017308423498718157,-0.00017695115279536396,64
response_mean,12,31,2.805546500899689e-06,0.002891314058077692,0.002891314058077692,0.515625,-0.00029487992082975485,0.0003004910138315543,64
final_prompt,2,14,-1.658819564909393e-05,-0.0028896124428478684,0.0028896124428478684,0.5,0.0015942100271786404,-0.0016273864184768285,64
final_prompt,7,4,-2.8350198855164876e-09,-0.002889536180746227,0.002889536180746227,0.5,-3.9252033956493904e-07,3.8685029979390606e-07,64
public_task_span,1,24,-1.9177394278806215e-05,-0.002888577713275177,0.002888577713275177,0.5,0.0007901365606812718,-0.0008284913492388844,64
response_first,31,16,2.5481006105148864e-07,0.002884693290088725,0.002884693290088725,0.5,-1.2521625450281987e-05,1.3031245572384965e-05,64
response_mean,8,24,6.44174178887028e-06,0.0028803952836331916,0.0028803952836331916,0.5,-0.0006562400958500719,0.0006691235794278124,64
response_mean,11,14,4.806732249560894e-06,0.0028774221203187126,0.0028774221203187126,0.484375,-0.00029629468508572947,0.00030590814958485126,64
response_first,3,18,-2.5332978111690635e-05,-0.002876717835229169,0.002876717835229169,0.5,0.00030769391742069675,-0.000358359873644078,64
response_first,2,30,-1.211018752655859e-05,-0.0028761029009663746,0.0028761029009663746,0.5,0.0006864309252705502,-0.0007106513003236674,64
response_mean,11,1,2.2579770302436686e-06,0.002874621107598703,0.002874621107598703,0.5,-5.494632659974646e-05,5.946228066023376e-05,64
response_mean,1,27,1.150592288467735e-05,0.0028740683715383825,0.0028740683715383825,0.5,0.0017450460218242218,-0.0017220341760548668,64
response_mean,5,8,-6.82642507849697e-07,-0.0028625929400214294,0.0028625929400214294,0.5,-3.264730185036876e-05,3.128201683466937e-05,64
response_first,32,30,6.613076948236685e-07,0.0028620026118123536,0.0028620026118123536,0.5,4.9718763193585004e-05,-4.839614780393766e-05,64
final_prompt,18,7,-1.068319633648114e-06,-0.0028589597831718094,0.0028589597831718094,0.5,-6.859515579550072e-05,6.645851652820448e-05,64
response_mean,26,8,2.170353319286278e-08,0.0028551799074681794,0.0028551799074681794,0.5,-1.4863830308797787e-06,1.5297900972655043e-06,64
final_prompt,9,13,-2.8545150598830387e-07,-0.002851509601433973,0.002851509601433973,0.5,-3.049679753530064e-05,2.992589452332403e-05,64
final_prompt,14,9,-2.8851651734385086e-08,-0.0028454486606986525,0.0028454486606986525,0.5,1.6195943821628589e-06,-1.677297685631629e-06,64
final_prompt,11,28,-7.267928481269337e-08,-0.0028394502464123197,0.0028394502464123197,0.484375,1.9864738192154614e-06,-2.1318323888408486e-06,64
response_first,2,7,3.435299373677394e-05,0.0028377168680961723,0.0028377168680961723,0.5,0.003460154711319771,-0.0033914487238462234,64
response_mean,1,18,2.404111000941626e-06,0.002834221947969061,0.002834221947969061,0.5,-0.0003585532977012705,0.0003633615197031538,64
public_task_span,7,28,7.322033468426547e-08,0.0028326452750651863,0.0028326452750651863,0.5,3.5814556440527676e-06,-3.4350149746842362e-06,64
public_task_span,31,19,-5.283079644877251e-07,-0.002830693965829178,0.002830693965829178,0.5,-2.220944770669468e-05,2.1152831777719228e-05,64
response_mean,13,14,-3.284911358037923e-06,-0.0028304924533948976,0.0028304924533948976,0.5,-4.539740476160913e-05,3.88275820455333e-05,64
response_first,15,29,-1.9466077106010981e-07,-0.0028284335713334003,0.0028284335713334003,0.46875,-2.5709291833204857e-05,2.531997029108464e-05,64
response_mean,2,4,-2.824871444316094e-06,-0.002827921333000647,0.002827921333000647,0.5,0.00029137838163250805,-0.0002970281245211402,64
final_prompt,18,6,4.801237309924509e-07,0.0028275820625830042,0.0028275820625830042,0.5,-1.717281998026223e-05,1.813306744224713e-05,64
response_mean,17,19,1.2581049304552418e-06,0.0028233517697446057,0.0028233517697446057,0.515625,3.2410601306766027e-05,-2.9894391445855536e-05,64
response_first,8,2,4.310337317295343e-06,0.002814415076265648,0.002814415076265648,0.5,3.684644252643712e-05,-2.8225767891846404e-05,64
public_task_span,5,19,2.5291680231023296e-05,0.0028082018627424267,0.0028082018627424267,0.5,0.002373585793975512,-0.002323002433513466,64
response_mean,6,21,1.0128421763509244e-05,0.0028029729694116724,0.0028029729694116724,0.5,0.0009667943686508778,-0.000946537525123859,64
response_first,8,26,5.7747602113526655e-06,0.0027974359339748476,0.0027974359339748476,0.5,-0.00019592492753872686,0.00020747444796143214,64
public_task_span,17,27,-2.9166656077002335e-06,-0.0027947077314539703,0.0027947077314539703,0.515625,-0.0004740956012483246,0.00046826227003292413,64
response_mean,14,15,-2.0743855202439506e-06,-0.0027881878790652088,0.0027881878790652088,0.5,-6.682304683636472e-05,6.267427579587678e-05,64
public_task_span,31,26,7.08311745254869e-07,0.0027868621182044603,0.0027868621182044603,0.5,-0.00010564549097578257,0.0001070621144662923,64
response_mean,8,11,2.5073114784438046e-07,0.0027849491623799295,0.0027849491623799295,0.5,-1.250745413011235e-06,1.7522077086999943e-06,64
public_task_span,14,13,-3.0755536499797576e-06,-0.002781608580613416,0.002781608580613416,0.5,-0.0002292275871695721,0.00022307647986961264,64
response_first,28,20,7.914457000879338e-08,0.002776920614031042,0.002776920614031042,0.546875,-8.392514644128823e-06,8.55080378414641e-06,64
public_task_span,31,17,6.472474751731758e-07,0.002773583156048464,0.002773583156048464,0.5,-4.664943196530169e-05,4.7943926915648035e-05,64
post_selector,6,26,-9.496947313892022e-06,-0.0027567792562689006,0.0027567792562689006,0.5,0.0010820622774190128,-0.001101056172046797,64
response_first,1,27,1.6502388461961165e-05,0.002750643483374774,0.002750643483374774,0.5,0.0024298755306517593,-0.0023968707537278373,64
public_task_span,27,7,-1.5281812011423032e-06,-0.0027477949821927594,0.0027477949821927594,0.515625,-0.0002027063637797053,0.00019965000137742072,64
response_mean,31,17,-4.578857115689061e-08,-0.0027431179766640524,0.0027431179766640524,0.484375,-4.2102595614323945e-06,4.118682419118613e-06,64
public_task_span,28,4,-5.775247018353063e-07,-0.0027420467779046384,0.0027420467779046384,0.5,-4.810338350579245e-05,4.694833410212184e-05,64
public_task_span,26,4,-4.262133757015281e-07,-0.002740304089632848,0.002740304089632848,0.5,-6.0921002386739225e-05,6.006857563533616e-05,64
final_prompt,4,29,-1.005715375869143e-06,-0.002738991935189076,0.002738991935189076,0.5,4.3476073756196126e-05,-4.548750450793438e-05,64
response_first,13,26,-2.275952738279167e-06,-0.0027355724231199227,0.0027355724231199227,0.5,-4.509219343163081e-05,4.0540287955072454e-05,64
response_first,27,27,3.477689460851235e-07,0.0027320333823299594,0.0027320333823299594,0.5,-5.101126191674579e-05,5.170679980891604e-05,64
final_prompt,13,28,1.1756554840775712e-07,0.002729652966637881,0.002729652966637881,0.5,-1.8236521384551106e-05,1.8471652481366618e-05,64
response_first,17,18,3.227104983207672e-07,0.0027254123337187874,0.0027254123337187874,0.484375,3.1729615699298424e-05,-3.1084194702656886e-05,64
final_prompt,3,27,6.919419618616309e-06,0.002725100763445865,0.002725100763445865,0.5,0.0006945363763009052,-0.0006806975370636726,64
public_task_span,35,3,-1.5963855730656084e-06,-0.002719379487805703,0.002719379487805703,0.5,7.65048534958531e-05,-7.969762464198438e-05,64
response_first,27,22,-2.474116627121655e-07,-0.0027192863323052714,0.0027192863323052714,0.5,-1.888375277303843e-05,1.83889294476141e-05,64
final_prompt,32,0,3.806147105930143e-06,0.0027192057520249724,0.0027192057520249724,0.546875,-0.0005247031858743757,0.0005323154800862361,64
final_prompt,9,5,-1.064998684796592e-07,-0.002717536909852653,0.002717536909852653,0.5,3.125287719285552e-06,-3.3382874562448706e-06,64
public_task_span,34,4,-1.1966749298136369e-06,-0.0027106789758930484,0.0027106789758930484,0.5,-0.00016031297400329964,0.00015791962414367236,64
public_task_span,10,5,3.84844383914316e-07,0.0027095802947212587,0.0027095802947212587,0.484375,-1.9578466549314293e-05,2.034815531714292e-05,64
response_first,12,29,-7.688139902484181e-08,-0.002708912483511274,0.002708912483511274,0.515625,-1.0231779413061304e-05,1.007801661501162e-05,64
response_first,13,19,-1.4449173590902839e-06,-0.002705487996238522,0.002705487996238522,0.515625,-0.00017074879519894692,0.00016785896048076632,64
final_prompt,12,5,7.617617114874499e-08,0.002704458735856751,0.002704458735856751,0.5,-6.600710676707422e-06,6.753063019004912e-06,64
post_selector,3,23,1.9206512661182785e-05,0.0027031878787337695,0.0027031878787337695,0.515625,0.00017045691492966874,-0.000132043889607303,64
response_mean,16,22,-2.069079073408408e-06,-0.002692343407655708,0.002692343407655708,0.5,-0.0003250655296937845,0.0003209273715469677,64
final_prompt,33,4,-2.0308734747332904e-06,-0.002685749729690108,0.002685749729690108,0.5,-8.556447755837233e-05,8.150273060890574e-05,64
final_prompt,11,20,5.051018803214912e-08,0.0026853880398839233,0.0026853880398839233,0.5,2.343274175586885e-06,-2.2422537995225866e-06,64
final_prompt,17,6,5.307220760620188e-07,0.0026762319363159066,0.0026762319363159066,0.484375,-1.5400668303304388e-05,1.6462112455428432e-05,64
public_task_span,10,26,8.352965323852772e-07,0.002675939967437422,0.002675939967437422,0.5,4.5240872168406554e-06,-2.8534941520700876e-06,64
response_first,7,13,4.505479012095748e-08,0.0026703376121087665,0.0026703376121087665,0.5,-1.089668316467396e-06,1.1797778967093109e-06,64
final_prompt,15,4,6.86660257542826e-08,0.0026673189283070425,0.0026673189283070425,0.5,-6.350938235755166e-06,6.488270287263731e-06,64
response_mean,16,14,2.306296664748297e-06,0.002659898468518636,0.002659898468518636,0.5,-0.00020821255930058712,0.00021282515263008374,64
final_prompt,29,2,5.660790520783054e-06,0.002655126635464464,0.002655126635464464,0.515625,-0.0008501514876115711,0.0008614730686531372,64
final_prompt,9,2,7.582093530800194e-08,0.002651969736074789,0.002651969736074789,0.53125,3.783439410653955e-06,-3.631797540037951e-06,64
response_first,32,9,4.147923391416816e-07,0.002649711670802148,0.002649711670802148,0.5,-8.181497742042483e-05,8.264456209870819e-05,64
final_prompt,8,27,6.382193760136094e-07,0.0026463606596349486,0.0026463606596349486,0.5,-4.180542691755874e-05,4.3081865669585944e-05,64
response_mean,27,2,1.410731798046072e-08,0.0026420543167759982,0.0026420543167759982,0.5,2.448329894377821e-08,3.7313370171432325e-09,64
post_selector,17,24,2.760412462520607e-05,0.002637335914953417,0.002637335914953417,0.5625,-0.0009141287300735781,0.0009693369793239904,64
response_first,19,25,-6.863946282452087e-07,-0.0026363350040832087,0.0026363350040832087,0.5,-9.957953034243959e-05,9.820674108594916e-05,64
response_mean,35,4,7.712918659308343e-08,0.0026336189637964414,0.0026336189637964414,0.5,1.3531590639104252e-06,-1.198900690724258e-06,64
final_prompt,12,12,-3.6098350619426924e-07,-0.0026295925886625584,0.0026295925886625584,0.484375,-1.5774913663327967e-05,1.5052946650939428e-05,64
public_task_span,3,10,-1.954574509000005e-05,-0.002628764512377289,0.002628764512377289,0.5,-0.00031712005511508117,0.00027802856493508107,64
final_prompt,3,5,-2.3783433270809732e-05,-0.0026277973641720687,0.0026277973641720687,0.5,0.002301158104927494,-0.0023487249714691126,64
final_prompt,18,21,1.3269444707452108e-06,0.002619228738665768,0.002619228738665768,0.5,6.151090133242692e-05,-5.8857012390936526e-05,64
response_mean,35,17,4.5719605168564756e-07,0.002616350587746615,0.002616350587746615,0.5,6.799689344914264e-06,-5.8852972415429674e-06,64
response_mean,12,30,1.821284087100288e-06,0.0026042412845324807,0.0026042412845324807,0.515625,-4.8599404948374326e-05,5.224197312257487e-05,64
response_first,10,27,5.740099311433151e-07,0.0026013040228162567,0.0026013040228162567,0.53125,-4.258060562278182e-05,4.372862548506844e-05,64
response_first,2,15,-7.788450602674992e-06,-0.002594873501368843,0.002594873501368843,0.5,8.153053931891886e-05,-9.710744052426873e-05,64
response_mean,7,31,-1.3405044683203045e-06,-0.002594372095217511,0.002594372095217511,0.5,-3.291205075585622e-05,3.0231041819215628e-05,64
public_task_span,20,24,3.2131211469249e-07,0.002593657427601783,0.002593657427601783,0.5,-4.33430749921969e-05,4.398569922158187e-05,64
response_mean,9,6,-2.0802403355446586e-08,-0.0025906204933679004,0.0025906204933679004,0.5,-3.3248976194499846e-07,2.908849552341053e-07,64
response_first,12,12,-4.5007448079504705e-07,-0.002587562976376276,0.002587562976376276,0.5,1.9239624180040868e-05,-2.0139773141630966e-05,64
final_prompt,5,4,-1.226913057905774e-05,-0.002586741657017578,0.002586741657017578,0.5,0.0012264973272806397,-0.0012510355884387551,64
response_mean,2,6,-5.961590431979505e-06,-0.0025832856351201165,0.0025832856351201165,0.5,0.00037947970395181904,-0.00039140288481577816,64
response_mean,12,0,3.037051783389234e-07,0.0025793934729984487,0.0025793934729984487,0.5,1.1771570711962594e-05,-1.1164160355284749e-05,64
final_prompt,3,8,1.6792088899820405e-05,0.0025755492812222953,0.0025755492812222953,0.5,0.0014552680295310098,-0.0014216838517313686,64
response_mean,10,16,2.141820914405421e-06,0.0025755009479329284,0.0025755009479329284,0.5,-0.00035590754669099427,0.00036019118851980507,64
response_first,35,17,6.85902477919318e-07,0.002564012639214743,0.002564012639214743,0.5,-2.704451185309691e-05,2.8416316808935548e-05,64
response_mean,3,6,-2.3319859110420118e-05,-0.0025586658897797645,0.0025586658897797645,0.5,0.001972739548364188,-0.0020193792665850283,64
final_prompt,19,29,1.069791366596538e-06,0.002552077145921498,0.002552077145921498,0.5,-0.00015889689649383864,0.00016103647922703168,64
public_task_span,9,17,-8.671470368470673e-07,-0.0025503615465577883,0.0025503615465577883,0.5,-0.00015881027820795237,0.00015707598413425823,64
final_prompt,13,19,-2.485873977795358e-07,-0.002547312965481345,0.002547312965481345,0.5,-5.107978864772501e-06,4.610804069213429e-06,64
response_first,2,25,-3.0577830329956703e-06,-0.0025467730125325423,0.0025467730125325423,0.484375,0.00040096842894853964,-0.000407083995014531,64
public_task_span,8,15,5.197503014625644e-07,0.002545228998414425,0.002545228998414425,0.515625,-2.6206469101446808e-05,2.7245969704371943e-05,64
response_first,25,3,-1.2593655895898337e-08,-0.0025293090240491533,0.0025293090240491533,0.515625,-1.6080849505328842e-06,1.5828976387410876e-06,64
public_task_span,23,11,-1.6747427480338956e-06,-0.0025279607989738533,0.0025279607989738533,0.5,9.168039241558146e-05,-9.502987791164926e-05,64
final_prompt,34,15,2.7766373023025566e-06,0.0025278634764830093,0.0025278634764830093,0.5,-0.00015019202874099044,0.00015574530334559554,64
final_prompt,4,18,6.307990787494135e-07,0.0025167357775001523,0.0025167357775001523,0.5,6.819920400857497e-05,-6.693760585107615e-05,64
response_first,19,4,-9.029786269772006e-07,-0.0025145163777150776,0.0025145163777150776,0.515625,-0.00015590879047519998,0.00015410283322124562,64
response_first,10,3,2.078295437966032e-07,0.002510024690264925,0.002510024690264925,0.515625,2.2066554265617786e-05,-2.165089517802458e-05,64
response_first,6,23,2.169822209897835e-06,0.002508860972243733,0.002508860972243733,0.5,-4.9489891353008466e-05,5.382953577280418e-05,64
public_task_span,6,6,2.5808869395404512e-05,0.0025023752371810763,0.0025023752371810763,0.5,0.0011268195958109625,-0.0010752018570201532,64
response_mean,8,6,1.1450960300857856e-05,0.002498997021003442,0.002498997021003442,0.5,-0.00018325164273847805,0.00020615356334019382,64
response_mean,9,8,7.49955034966206e-07,0.002496980779105298,0.002496980779105298,0.5,-0.00010372880302610223,0.00010522871309603464,64
response_first,27,3,3.72382080726652e-09,0.002495116479195919,0.002495116479195919,0.5,-2.772044016552397e-08,3.5168081780057037e-08,64
response_first,1,0,-7.081382136673442e-06,-0.0024945618839513177,0.0024945618839513177,0.5,-4.539635483525009e-05,3.123359056190312e-05,64
public_task_span,3,19,-1.9278690160721772e-05,-0.002486275345309906,0.002486275345309906,0.5,0.0018995028294739242,-0.0019380602097953674,64
final_prompt,7,24,9.076296692001051e-08,0.002483835827703653,0.002483835827703653,0.5,-3.6067112318960426e-06,3.7882371657360636e-06,64
response_mean,6,22,-5.9639287428578445e-06,-0.0024818418897323857,0.0024818418897323857,0.5,0.0007095197688613405,-0.0007214476263470563,64
public_task_span,30,4,-1.214551161868932e-07,-0.0024783822143965044,0.0024783822143965044,0.5,6.3025555050407925e-06,-6.545465737414579e-06,64
public_task_span,20,26,2.005773694694173e-06,0.0024768046392600876,0.0024768046392600876,0.515625,-0.00022207382062332167,0.00022608536801271004,64
public_task_span,2,12,-9.5329487521686e-06,-0.0024741439868186804,0.0024741439868186804,0.515625,-6.955629942240096e-05,5.049040191806349e-05,64
public_task_span,22,12,-1.0083085726390604e-06,-0.0024738217377047616,0.0024738217377047616,0.5,3.4355039133516556e-05,-3.637165627879468e-05,64
response_mean,0,18,3.711917088364043e-06,0.0024715814882977985,0.0024715814882977985,0.5,0.0006366223988152157,-0.0006291985646384874,64
final_prompt,4,8,3.119401128514861e-05,0.002469817016103223,0.002469817016103223,0.5,0.0035755652693296685,-0.0035131772467593718,64
response_first,4,25,-7.004042345218548e-06,-0.0024626853518091713,0.0024626853518091713,0.5,0.0006721862519043621,-0.0006861943365947991,64
response_mean,7,14,6.792427598156792e-08,0.002460327423755078,0.002460327423755078,0.5,3.0719363053322013e-06,-2.9360877533690655e-06,64
response_first,19,16,-4.110277131984556e-07,-0.002458473008374163,0.002458473008374163,0.484375,-7.092215014380506e-06,6.2701595879835964e-06,64
public_task_span,25,16,4.125588759507082e-08,0.0024566496168418185,0.0024566496168418185,0.484375,1.4024134884493833e-06,-1.3199017132592417e-06,64
response_first,2,26,-1.2084137779328065e-06,-0.0024527830609730075,0.0024527830609730075,0.5,-1.6953226804615628e-05,1.4536399248750005e-05,64
public_task_span,23,10,2.117143139909126e-06,0.0024518663650217347,0.0024518663650217347,0.515625,-0.0002787006951621154,0.0002829349814419337,64
response_first,4,31,-1.001957627978753e-06,-0.002449489239821004,0.002449489239821004,0.5,0.00015694006992815083,-0.00015894398518410838,64
final_prompt,18,16,-6.789909789972626e-08,-0.0024402067915614096,0.0024402067915614096,0.5,2.1687000000270022e-06,-2.304498195826454e-06,64
public_task_span,27,30,-3.5916982596959405e-06,-0.002433413209313853,0.002433413209313853,0.5,3.1003017284098456e-05,-3.8186413803490324e-05,64
response_mean,2,27,-4.559316948867171e-06,-0.0024317111878152343,0.0024317111878152343,0.5,0.00021554222985288444,-0.00022466086375061873,64
final_prompt,35,26,-1.2621203495676046e-06,-0.002431521761466338,0.002431521761466338,0.46875,-0.0002444781493977456,0.00024195390869861038,64
final_prompt,22,24,-3.39056555277288e-07,-0.002424684350133307,0.002424684350133307,0.484375,-2.1144549918971836e-05,2.046643680841726e-05,64
public_task_span,0,14,2.5879722670648394e-05,0.002422150686045751,0.002422150686045751,0.5,-8.616602281108444e-05,0.00013792546815238102,64
response_first,18,21,3.159702828286951e-07,0.0024193046724534633,0.0024193046724534633,0.5,-1.6961140232750158e-05,1.759308079840755e-05,64
response_first,34,12,4.569219527133803e-07,0.002416000227456119,0.002416000227456119,0.5,-5.984875770087298e-06,6.898719675514062e-06,64
public_task_span,7,31,1.3775144225232817e-07,0.002415118463878263,0.002415118463878263,0.5,-6.762936664015361e-06,7.038439548520017e-06,64
public_task_span,28,8,8.428751812098766e-07,0.0024132423960036343,0.0024132423960036343,0.5,-3.909784652476868e-05,4.078359688718842e-05,64
final_prompt,9,15,2.651538579815903e-07,0.002406059037016826,0.002406059037016826,0.5,1.362793068438162e-05,-1.3097622968418432e-05,64
response_mean,8,7,-7.229256880240571e-06,-0.002405926749109947,0.002405926749109947,0.5,0.001365796080790445,-0.001380254594550926,64
final_prompt,7,16,8.483583613383416e-09,0.002395713952685829,0.002395713952685829,0.5,7.726912905070549e-07,-7.55724123280288e-07,64
response_mean,8,26,-3.7151148717437166e-06,-0.002390036233567043,0.002390036233567043,0.5,-0.00028172806196380314,0.00027429783222031567,64
final_prompt,17,8,2.600180550913271e-07,0.0023885459360895047,0.0023885459360895047,0.5,-7.887879291948444e-06,8.407915402131103e-06,64
response_first,2,12,7.938351700426572e-06,0.0023883252561608588,0.0023883252561608588,0.5,-0.0009609534499759189,0.000976830153376772,64
response_mean,11,4,-1.7333256892011114e-06,-0.0023849009159681083,0.0023849009159681083,0.5,0.00021532050095629488,-0.00021878715233469704,64
response_first,6,26,6.634301826120349e-06,0.0023848212767327366,0.0023848212767327366,0.5,-7.311609806491565e-05,8.638470171715626e-05,64
final_prompt,18,19,1.2878004156390517e-06,0.0023834238891816506,0.0023834238891816506,0.5,7.630207215924027e-05,-7.372647132796215e-05,64
final_prompt,25,17,2.2065762550510965e-07,0.002380491178338502,0.002380491178338502,0.5,-4.0913595967131954e-05,4.135491121814218e-05,64
public_task_span,24,1,-1.368314599402993e-07,-0.0023788704448776655,0.0023788704448776655,0.5,-1.2257736273110972e-05,1.1984073353230375e-05,64
public_task_span,1,30,2.6888155844027974e-06,0.00237734209715849,0.00237734209715849,0.5,-0.0005751515891461008,0.0005805292203149064,64
response_mean,2,1,-1.1806427210102365e-05,-0.0023753361640201616,0.0023753361640201616,0.515625,0.0018489019603293777,-0.0018725148147495827,64
response_first,7,27,1.1757595785866215e-08,0.0023751908429080447,0.0023751908429080447,0.515625,3.960652747991844e-07,-3.7255008322745203e-07,64
final_prompt,7,11,1.016619251005486e-07,0.002374533610040872,0.002374533610040872,0.5,8.098810553744176e-06,-7.895486703543078e-06,64
final_prompt,7,1,-4.770961368146318e-07,-0.002373646884843743,0.002373646884843743,0.5,-2.793303156067668e-05,2.697883928704743e-05,64
response_mean,8,14,9.21854507401978e-07,0.0023726174109569686,0.0023726174109569686,0.5,0.00019153916991853693,-0.00018969546090373296,64
final_prompt,29,4,-3.364253643664466e-06,-0.0023682288893625545,0.0023682288893625545,0.515625,-0.0008957317659223569,0.0008890032586350279,64
public_task_span,24,23,1.6028403138112815e-07,0.00236771785938008,0.00236771785938008,0.515625,-2.3353550716361536e-05,2.3674118779123792e-05,64
final_prompt,17,1,1.3965766356719186e-06,0.0023616185983887277,0.0023616185983887277,0.5,-0.00012748891822411107,0.0001302820714954549,64
response_first,7,16,-1.3487383654364696e-08,-0.002359990456819155,0.002359990456819155,0.5,-5.971059025000613e-07,5.701311351913319e-07,64
response_mean,5,3,1.693445142337158e-05,0.0023573897454930064,0.0023573897454930064,0.5,0.0019157581341460266,-0.0018818892312992834,64
response_first,2,20,2.5066124862856403e-05,0.0023572055325227124,0.0023572055325227124,0.5,0.0028493361842265655,-0.0027992039345008522,64
public_task_span,10,0,2.2387837361600714e-07,0.0023471028985926202,0.0023471028985926202,0.5,1.0149264880961117e-05,-9.701508133729101e-06,64
final_prompt,12,4,-4.660032573159921e-07,-0.002335875253415418,0.002335875253415418,0.5,-5.115482099426552e-05,5.022281447963353e-05,64
public_task_span,32,28,2.3203047306059585e-07,0.0023252335803741323,0.0023252335803741323,0.5,-3.052067904717759e-05,3.098473999329878e-05,64
response_mean,35,26,1.4631873454999832e-06,0.0023245681255007816,0.0023245681255007816,0.515625,-0.00011867640205309949,0.00012160277674409944,64
public_task_span,24,7,7.259701817474706e-08,0.002321728511355925,0.002321728511355925,0.484375,-5.00012640713976e-06,5.145320443489254e-06,64
response_first,20,29,1.2473876431773334e-08,0.00232076503728375,0.00232076503728375,0.46875,-1.1021860130133732e-06,1.1271337658769198e-06,64
response_mean,3,1,-4.396792064650674e-06,-0.0023188562196667754,0.0023188562196667754,0.5,0.0005895230933674622,-0.0005983166774967635,64
final_prompt,3,21,2.492882686053267e-06,0.0023187730070934848,0.0023187730070934848,0.5,0.0001699543304312213,-0.00016496856505911482,64
response_mean,1,20,5.34190985490465e-06,0.002317450023199508,0.002317450023199508,0.5,0.0002155168476747344,-0.0002048330279649251,64
response_first,1,26,-1.4081064364281906e-05,-0.0023157165304057564,0.0023157165304057564,0.5,0.002049730315775347,-0.0020778924445039107,64
response_mean,13,19,-1.3795942095351511e-06,-0.002314728494582115,0.002314728494582115,0.515625,-6.753186846708475e-05,6.477268004801445e-05,64
public_task_span,3,22,-1.2267522834006215e-05,-0.0023134307448869585,0.0023134307448869585,0.5,-0.0009728416844154628,0.0009483066387474501,64
response_first,18,5,-8.073977397771159e-08,-0.002312684112882902,0.002312684112882902,0.5,7.10941467474413e-06,-7.270894222699553e-06,64
public_task_span,26,28,9.545786951996546e-07,0.0023079018726513962,0.0023079018726513962,0.5,-2.8717016448360824e-05,3.062617383876014e-05,64
response_first,3,13,-1.1470943718453017e-05,-0.0023061083951997343,0.0023061083951997343,0.5,0.000217373286432128,-0.00024031517386903444,64
final_prompt,6,12,7.738458407406773e-07,0.0022977724507745015,0.0022977724507745015,0.5,5.603801764664661e-05,-5.449032596516525e-05,64
final_prompt,4,16,8.850336598705585e-06,0.0022962505339983196,0.0022962505339983196,0.5,0.0009784265384951282,-0.0009607258652977171,64
response_mean,1,6,-2.8498816391280896e-06,-0.0022785581637669128,0.0022785581637669128,0.5,8.241249452110315e-05,-8.811225779935937e-05,64
final_prompt,13,2,6.33319814365363e-07,0.002277949033052383,0.002277949033052383,0.515625,-1.699025460765998e-05,1.8256894236390722e-05,64
public_task_span,4,22,-1.1437266948632788e-05,-0.0022768140915162215,0.0022768140915162215,0.515625,-0.0026035994524135886,0.0025807249185163233,64
response_mean,25,2,-5.316821471978983e-08,-0.0022727940321371435,0.0022727940321371435,0.5,-3.4602838780983802e-06,3.3539474486588006e-06,64
response_mean,4,20,-1.8374026694803307e-05,-0.0022667660659071763,0.0022667660659071763,0.5,0.001946238133314183,-0.0019829861867037895,64
response_first,3,31,3.178222132760398e-05,0.0022650909790261826,0.0022650909790261826,0.5,0.0039386772357090614,-0.0038751127930538544,64
public_task_span,5,7,-9.716953172755405e-06,-0.0022646859487278894,0.0022646859487278894,0.5,0.0008890595472621562,-0.0009084934536076672,64
final_prompt,16,28,3.0216358482213217e-07,0.002255057684045812,0.002255057684045812,0.484375,1.3263263440418051e-05,-1.2658936270773787e-05,64
response_mean,30,12,-9.300055125957895e-08,-0.0022532993081391785,0.0022532993081391785,0.484375,-6.120744160396517e-06,5.9347430578773575e-06,64
response_mean,0,7,2.7740084078689996e-06,0.0022508769172667116,0.0022508769172667116,0.5,0.0004373908504930878,-0.0004318428336773499,64
public_task_span,13,10,3.403703885849666e-06,0.00225039863457636,0.00225039863457636,0.5,-0.000535679053427875,0.0005424864611995743,64
response_first,32,20,-6.40863362377786e-08,-0.0022480448869719536,0.0022480448869719536,0.515625,3.755763771096099e-07,-5.037490495851669e-07,64
final_prompt,13,25,2.5475594611530633e-07,0.0022416245416598283,0.0022416245416598283,0.5,-1.7527301849888506e-05,1.803681374211912e-05,64
response_first,17,10,-9.363465096578429e-07,-0.002238197749302444,0.002238197749302444,0.5,-2.2024274812781544e-05,2.0151581793465865e-05,64
public_task_span,24,19,-3.871796820929243e-06,-0.0022373707706622834,0.0022373707706622834,0.5,-9.723846778796798e-05,8.949487414610955e-05,64
response_first,16,26,1.0891544661739512e-06,0.002236701838178022,0.002236701838178022,0.5,-7.745136372248537e-05,7.962967265483326e-05,64
final_prompt,4,7,-3.8287762038180084e-05,-0.002234836870395989,0.002234836870395989,0.5,0.004794179630401628,-0.004870755154477989,64
response_first,20,21,1.0451024934343187e-07,0.0022336602065855925,0.0022336602065855925,0.5,-1.7459840421451104e-05,1.7668860920137966e-05,64
final_prompt,30,17,-8.393075404454096e-06,-0.0022336225953554162,0.0022336225953554162,0.53125,-0.0017061163780453875,0.0016893302272364794,64
response_first,35,6,4.118560355009176e-07,0.0022276452513866735,0.0022276452513866735,0.5,-2.3832756596671116e-05,2.4656468667672947e-05,64
public_task_span,16,31,-8.889954301614462e-07,-0.0022276010805446747,0.0022276010805446747,0.515625,8.759373372410708e-06,-1.0537364232733625e-05,64
public_task_span,34,20,-5.852307083411526e-08,-0.0022193871203790637,0.0022193871203790637,0.5,-3.993819433390837e-06,3.876773291722607e-06,64
final_prompt,15,3,1.0410522008994223e-06,0.002218520347626015,0.002218520347626015,0.5,0.00012880597842013849,-0.0001267238740183396,64
final_prompt,10,26,6.449562306443113e-08,0.0022183640590176423,0.0022183640590176423,0.5,-2.5139622721326305e-06,2.6429535182614927e-06,64
response_first,16,30,2.872886568623923e-07,0.002209696472829925,0.002209696472829925,0.5,6.225175349071272e-05,-6.167717617698794e-05,64
final_prompt,9,11,-1.5081237592084938e-08,-0.002204140956289224,0.002204140956289224,0.5,1.443466146611172e-07,-1.7450908984528718e-07,64
final_prompt,5,3,1.112165932681331e-05,0.002199684427186477,0.002199684427186477,0.5,0.0013643968159158192,-0.0013421534972621922,64
final_prompt,10,18,8.683124974571163e-08,0.0021969280973534767,0.0021969280973534767,0.5,-1.1743875063529017e-05,1.191753756302044e-05,64
public_task_span,15,0,-3.52754705090781e-06,-0.0021962884849744224,0.0021962884849744224,0.5,-0.00032981651384033126,0.0003227614197385157,64
response_first,27,30,-9.899649739952346e-07,-0.002195685267790088,0.002195685267790088,0.5,-7.087474341459941e-05,6.889481346660894e-05,64
response_first,13,2,-3.015327138202172e-06,-0.0021955028688301135,0.0021955028688301135,0.484375,-0.00045784826352244883,0.00045181760924604443,64
final_prompt,6,28,-4.066166525264686e-06,-0.0021924830939186557,0.0021924830939186557,0.5,0.00046785428060048075,-0.0004759866136510103,64
final_prompt,35,31,3.3536139199229954e-07,0.0021879434545289678,0.0021879434545289678,0.484375,-3.61265720130069e-05,3.67972947969915e-05,64
final_prompt,16,26,1.2355176295443074e-06,0.0021817233827025697,0.0021817233827025697,0.484375,-0.00021729289801440647,0.00021976393327349512,64
final_prompt,3,1,-1.0108142305401613e-05,-0.0021807891372186894,0.0021807891372186894,0.5,0.0008225688943639408,-0.0008427851789747437,64
response_mean,10,19,-3.6078540687749966e-07,-0.0021709738424441952,0.0021709738424441952,0.5,-5.258383589532568e-05,5.186226508157068e-05,64
response_first,16,1,-2.4270605081510907e-07,-0.002165725733248629,0.002165725733248629,0.515625,-3.2552733443928675e-05,3.206732134229845e-05,64
response_first,35,24,5.703302576822328e-07,0.0021638606538336453,0.0021638606538336453,0.5,-6.557619690283266e-05,6.671685741819711e-05,64
response_first,2,21,2.204693737439982e-05,0.002161788015297601,0.002161788015297601,0.5,0.001974708939087578,-0.0019306150643387781,64
final_prompt,4,1,2.1286514311210617e-05,0.002161645521799839,0.002161645521799839,0.5,0.0022905492978679744,-0.0022479762692455543,64
final_prompt,22,18,1.571194729877887e-07,0.002157103870902039,0.002157103870902039,0.5,-8.713765907941757e-06,9.028004853917336e-06,64
response_mean,9,9,1.978928310088699e-07,0.002156048879995186,0.002156048879995186,0.5,-4.690172443132647e-05,4.729751009334421e-05,64
response_first,7,17,-5.4295057339004416e-08,-0.0021521507287072445,0.0021521507287072445,0.5,-2.7039966710162844e-06,2.595406556338276e-06,64
public_task_span,17,2,4.412059297459376e-06,0.0021466548225448144,0.0021466548225448144,0.5,-0.00040537975019106246,0.00041420386878598123,64
final_prompt,9,6,2.2829954815506452e-08,0.002146433539143526,0.002146433539143526,0.5,4.937445652331007e-07,-4.480846556020879e-07,64
public_task_span,4,18,1.688943575573799e-05,0.0021432231098788513,0.0021432231098788513,0.5,0.0018221703649033071,-0.0017883914933918311,64
response_mean,5,15,-7.547330824306698e-06,-0.0021395395807374527,0.0021395395807374527,0.484375,0.0006304125927272389,-0.0006455072543758527,64
public_task_span,30,0,-1.5185814845609428e-06,-0.0021379770262874706,0.0021379770262874706,0.5,-0.0002258228432765375,0.00022278568030741563,64
public_task_span,5,1,-1.1696854016915621e-05,-0.002124087354945397,0.002124087354945397,0.515625,0.0016090526460175126,-0.0016324463540513443,64
response_first,25,6,3.3599962990293466e-07,0.002121541477133809,0.002121541477133809,0.5,-8.213828118639207e-05,8.281028044619794e-05,64
public_task_span,31,18,-1.787491328292152e-07,-0.0021211231565628585,0.0021211231565628585,0.5,2.4452842808404344e-06,-2.8027825464988623e-06,64
final_prompt,12,19,-2.657928916958179e-07,-0.002117198701005007,0.002117198701005007,0.5,-4.06034845354883e-05,4.0071898752096674e-05,64
public_task_span,27,1,-7.887842912168708e-08,-0.002116269975712287,0.002116269975712287,0.5,-7.972402272571344e-06,7.81464541432797e-06,64
response_first,32,31,-8.714605428375041e-07,-0.0021140641169123575,0.0021140641169123575,0.5,4.970044210494062e-05,-5.1443363190615625e-05,64
public_task_span,19,14,2.3921058982506044e-06,0.0021094551192678453,0.0021094551192678453,0.5,-0.0004704943239630468,0.000475278535759548,64
public_task_span,2,13,-4.2143874452452905e-06,-0.0021026280314224402,0.0021026280314224402,0.5,9.597715688874507e-07,-9.388546459378154e-06,64
response_first,11,10,-1.2316900210831275e-06,-0.002099860374786429,0.002099860374786429,0.5,-0.00013095205622448225,0.00012848867618231598,64
public_task_span,24,21,8.535630513468681e-07,0.0020995176308972593,0.0020995176308972593,0.5,-0.0001302623950323375,0.00013196952113503124,64
response_first,9,23,-4.01288190232706e-06,-0.0020990170594094946,0.0020990170594094946,0.5,-0.0003288579956688459,0.0003208322318641917,64
response_first,14,14,-8.079814506407431e-07,-0.002097889568321886,0.002097889568321886,0.53125,-0.00017104913536058076,0.00016943317245929923,64
public_task_span,30,16,-4.467907274369724e-06,-0.002095987189209949,0.002095987189209949,0.5,-0.0008518328431818871,0.0008428970286331477,64
response_mean,18,17,1.3982574671444304e-05,0.0020938945059283402,0.0020938945059283402,0.5,-0.0017333420481690973,0.001761307197511986,64
response_first,17,11,1.813556878009704e-07,0.002092109131086383,0.002092109131086383,0.5,-9.86661791558039e-06,1.0229329291182326e-05,64
response_first,34,8,-2.1728686761088792e-07,-0.002091735538857229,0.002091735538857229,0.5,-2.5353799742322512e-05,2.4919226007100733e-05,64
response_first,17,26,-2.2501047425248448e-07,-0.002091595404290789,0.002091595404290789,0.484375,-2.1364804325682122e-05,2.0914783377177156e-05,64
final_prompt,5,13,-9.756129657037527e-06,-0.0020884901126979644,0.0020884901126979644,0.5,0.0012099924226731612,-0.0012295046819872364,64
response_first,6,13,9.455086001251595e-06,0.0020833036419015804,0.0020833036419015804,0.5,0.00040754972178546456,-0.0003886395497829614,64
response_first,25,1,-6.013558362383249e-08,-0.0020791303393876744,0.0020791303393876744,0.5,-2.6858946000629658e-06,2.5656234328153005e-06,64
public_task_span,31,2,-1.4590409591659032e-06,-0.0020782926742408986,0.0020782926742408986,0.5,-0.0002169006229450951,0.00021398254102676325,64
public_task_span,2,10,-1.716474071144933e-05,-0.002077790542590947,0.002077790542590947,0.5,0.0036545380498864497,-0.0036888675313093483,64
response_mean,6,12,-8.35511309560513e-06,-0.002077483824296234,0.002077483824296234,0.515625,-0.0019235435102018291,0.0019068332840106185,64
response_first,8,11,2.6117879770059047e-07,0.002066556421747319,0.002066556421747319,0.5,-1.6510199429827866e-06,2.173377538383964e-06,64
final_prompt,5,1,1.126030929299185e-05,0.0020597647077983173,0.0020597647077983173,0.5,0.0013267088597785992,-0.0013041882411926162,64
response_first,6,0,-3.3997002901781266e-06,-0.002057683336667429,0.002057683336667429,0.5,0.0002452967792123688,-0.00025209617979272497,64
response_first,6,4,2.5746498067745135e-05,0.002055978984137111,0.002055978984137111,0.5,0.0033271102183789402,-0.003275617222243451,64
final_prompt,23,17,1.7096297710850195e-08,0.002052799802889871,0.002052799802889871,0.5,6.432055599248088e-07,-6.090129645031084e-07,64
final_prompt,7,13,2.0321482452442733e-07,0.002045494171869744,0.002045494171869744,0.5,-1.0179780360879728e-05,1.058621000992858e-05,64
public_task_span,30,10,3.606127165800536e-07,0.0020425592196196603,0.0020425592196196603,0.5,-1.3749811159861858e-05,1.4471036593021969e-05,64
response_first,20,18,9.641281906345003e-08,0.002041401078977913,0.002041401078977913,0.5,-3.0445952532385745e-06,3.237420891365473e-06,64
public_task_span,22,25,-2.610046863089781e-07,-0.0020404932779545053,0.0020404932779545053,0.5,-3.9255395279267545e-05,3.873338590664959e-05,64
response_mean,3,13,-1.4624994946637422e-05,-0.002039302978811262,0.002039302978811262,0.5,0.0011541862040758376,-0.0011834361939691124,64
response_mean,8,15,3.3441006052922724e-07,0.0020390536528758683,0.0020390536528758683,0.5,4.708994219980645e-05,-4.642112207874799e-05,64
final_prompt,9,23,-4.365166716979729e-08,-0.0020387867541493926,0.0020387867541493926,0.5,1.0061678352712988e-05,-1.0148981687052583e-05,64
public_task_span,18,2,-2.653651449665398e-07,-0.0020331127258409755,0.0020331127258409755,0.5,-3.354723963865626e-05,3.301650934872319e-05,64
response_mean,1,13,-6.6454160787587425e-06,-0.0020302937617309065,0.0020302937617309065,0.515625,0.00016419165922343214,-0.00017748249138094957,64
response_first,5,6,7.422948726800338e-06,0.002028507200375981,0.002028507200375981,0.5,0.0010041669701905678,-0.000989321072736967,64
response_mean,4,25,-1.0955647667285247e-05,-0.002027338180470636,0.002027338180470636,0.5,0.00142894446253194,-0.0014508557578665105,64
response_mean,13,11,8.788061336447082e-07,0.002024066838691411,0.002024066838691411,0.5,2.0986105937487053e-05,-1.922849367019765e-05,64
response_first,28,5,-1.4970828487986454e-06,-0.0020233382410095365,0.0020233382410095365,0.484375,-0.0002036322657659078,0.0002006381000683105,64
public_task_span,22,31,-9.277337085223422e-06,-0.00202318499127075,0.00202318499127075,0.5,-0.00015418179100379066,0.0001356271168333437,64
public_task_span,35,8,8.8075430539921e-06,0.0020211184143766226,0.0020211184143766226,0.5,-0.0004980693483957935,0.0005156844345037781,64
response_first,34,21,-2.731128915908708e-06,-0.0020121576402199887,0.0020121576402199887,0.5,-0.0005757963008363483,0.000570334043004531,64
public_task_span,33,26,-2.8657035499780753e-07,-0.0020087655254196844,0.0020087655254196844,0.5,6.658505071714954e-07,-1.23899121716711e-06,64
public_task_span,0,27,1.5525794879068773e-05,0.0019971070060202617,0.0019971070060202617,0.5,-0.003158651612466197,0.0031897032022243344,64
response_first,28,26,7.007255931057443e-08,0.001995099110082845,0.001995099110082845,0.5,-1.094900221687567e-05,1.1089147335496818e-05,64
response_first,3,26,-1.0131979252039132e-05,-0.0019916593534125924,0.0019916593534125924,0.5,0.0018678960332180995,-0.0018881599917221774,64
final_prompt,3,11,1.4219251170290615e-05,0.0019894399453501688,0.0019894399453501688,0.5,-0.0018319648806936937,0.0018604033830342754,64
public_task_span,3,14,1.9643976884249018e-05,0.001987279125005256,0.001987279125005256,0.5,0.0024101986427922497,-0.002370910689023752,64
response_first,35,8,2.5687104425750084e-06,0.001982569940569582,0.001982569940569582,0.5,-0.00026245910339639376,0.0002675965242815438,64
response_first,13,17,-1.50286757616896e-06,-0.001981552415271237,0.001981552415271237,0.484375,0.00015843604001019223,-0.00016144177516253015,64
response_first,6,22,-7.413142157021836e-06,-0.0019760445414749713,0.0019760445414749713,0.5,0.0009923034740495407,-0.0010071297583635842,64
response_mean,15,8,5.260973011898416e-06,0.0019754544776569797,0.0019754544776569797,0.5,-0.00032623714832880004,0.00033675909435259687,64
public_task_span,4,29,-3.5754537748294987e-06,-0.0019745769818060245,0.0019745769818060245,0.5,-9.531216710457045e-05,8.816125955491146e-05,64
public_task_span,24,4,6.042387212818522e-07,0.0019728725482813995,0.0019728725482813995,0.515625,-0.000122523007121326,0.0001237314845638897,64
response_mean,1,0,3.662418748715617e-06,0.001958710062419514,0.001958710062419514,0.5,0.00010963286331388442,-0.00010230802581645307,64
response_mean,1,11,4.8245856305521834e-06,0.0019524749013305363,0.0019524749013305363,0.484375,0.0003532927221385709,-0.0003436435508774666,64
public_task_span,26,8,1.2463945608928026e-07,0.0019502746882144094,0.0019502746882144094,0.5,1.1660176823969543e-07,1.326771439388651e-07,64
public_task_span,25,26,-1.7742063391792433e-06,-0.0019502486268171873,0.0019502486268171873,0.5,-0.0005226269895501752,0.0005190785768718168,64
response_first,6,9,1.8733389879333867e-06,0.0019488445225994463,0.0019488445225994463,0.5,-0.00035607375684775866,0.0003598204348236254,64
final_prompt,8,19,1.1204934935426107e-07,0.0019425875592558274,0.0019425875592558274,0.5,-4.728330623037967e-06,4.9524293217464895e-06,64
final_prompt,22,23,1.2521869052638218e-07,0.0019394798319913372,0.0019394798319913372,0.515625,-1.7802575598576133e-05,1.80530129796289e-05,64
final_prompt,27,8,-8.418785455481387e-07,-0.0019394789870629617,0.0019394789870629617,0.515625,-5.822033017466605e-05,5.653657308356976e-05,64
public_task_span,26,20,-5.739801167655893e-07,-0.0019372885272777828,0.0019372885272777828,0.515625,-4.177797109150463e-05,4.0630010857973465e-05,64
public_task_span,24,16,-4.988335149384848e-06,-0.0019372134745060292,0.0019372134745060292,0.5,-0.001030771350997367,0.001020794680698597,64
response_first,4,30,-5.279715878715751e-06,-0.0019371363420681343,0.0019371363420681343,0.5,0.0009577119408277032,-0.0009682713725851347,64
public_task_span,34,26,-9.646697662879915e-08,-0.0019338677071765488,0.0019338677071765488,0.5,2.1777900656126297e-06,-2.370724018870227e-06,64
final_prompt,8,15,-2.1723684540206022e-07,-0.0019310313018949035,0.0019310313018949035,0.5,1.2291283496780794e-05,-1.2725757187584911e-05,64
response_mean,0,16,3.803919753407737e-06,0.0019295472916055615,0.0019295472916055615,0.5,0.0008756127826927532,-0.0008680049431859376,64
public_task_span,22,15,-4.519217327472508e-06,-0.0019288659326874933,0.0019288659326874933,0.5,-0.00126581592485306,0.0012567774901981153,64
final_prompt,15,6,2.644947372232309e-08,0.0019287483664539229,0.0019287483664539229,0.515625,-2.9889989008324847e-06,3.041897848277131e-06,64
final_prompt,13,4,6.167927324440825e-08,0.0019270890105363568,0.0019270890105363568,0.5,7.391656623667586e-06,-7.26829807717877e-06,64
response_first,34,27,-5.583331130765156e-08,-0.0019264736209393244,0.0019264736209393244,0.484375,2.6111583224519563e-06,-2.7228249450672593e-06,64
final_prompt,23,23,3.9819906305890473e-07,0.0019235883335783147,0.0019235883335783147,0.46875,-3.056565174119055e-05,3.1362049867308364e-05,64
response_mean,3,17,-1.7790287074580257e-06,-0.0019225884868488733,0.0019225884868488733,0.5,0.00021532494133681267,-0.00021888299875172861,64
public_task_span,24,0,-1.1946502809356206e-07,-0.0019219530706163202,0.0019219530706163202,0.5,-2.552005901179324e-05,2.5281128955606116e-05,64
public_task_span,19,6,1.0653213394110929e-05,0.001914584560376271,0.001914584560376271,0.5,-0.0007623123819939626,0.0007836188087821845,64
public_task_span,1,29,2.5940880732344516e-06,0.0019119377847113584,0.0019119377847113584,0.515625,-0.000473909381980771,0.0004790975581272399,64
response_mean,7,25,2.1926632598688602e-07,0.0019088542965828802,0.0019088542965828802,0.5,2.7801572059615438e-05,-2.7363039407641665e-05,64
public_task_span,30,18,1.0193584785224384e-06,0.0019086341330155094,0.0019086341330155094,0.5,-0.00022966202186578083,0.00023170073882282578,64
final_prompt,7,28,-2.4809281740090228e-08,-0.001908213782700137,0.001908213782700137,0.5,2.498692055041829e-06,-2.5483106185220095e-06,64
response_mean,0,17,5.570953362621855e-06,0.0019079851306102542,0.0019079851306102542,0.5,0.0009640098542149471,-0.0009528679474897033,64
response_mean,1,10,-3.196233592462513e-06,-0.0019064536723738391,0.0019064536723738391,0.5,-0.0004638925238395875,0.0004575000566546625,64
final_prompt,12,18,4.206061930741968e-06,0.001906241567012666,0.001906241567012666,0.5,-9.50661869865064e-05,0.00010347831084799058,64
public_task_span,4,3,1.7578033293831207e-05,0.0019025515629840582,0.0019025515629840582,0.5,0.0019393731126911143,-0.0019042170461034515,64
public_task_span,22,16,-8.450260793326932e-07,-0.001902186382591923,0.001902186382591923,0.5,1.1207514035043538e-05,-1.289756619370893e-05,64
final_prompt,8,0,2.568851868977358e-07,0.0019006586335364802,0.0019006586335364802,0.5,3.318550960783591e-05,-3.267173923404044e-05,64
public_task_span,10,1,-2.260535438833044e-06,-0.001892577374632738,0.001892577374632738,0.5,0.0002303349010617264,-0.00023485597193939243,64
final_prompt,14,13,3.9767553517133814e-07,0.0018902800692442144,0.0018902800692442144,0.5,-5.444612850168913e-05,5.5241479572031814e-05,64
public_task_span,28,5,1.493931449657795e-06,0.001889812545184613,0.001889812545184613,0.5,-0.0002484229771653115,0.00025141084006462705,64
public_task_span,6,31,-8.328360763700101e-06,-0.0018839203561077556,0.0018839203561077556,0.5,0.0009952579434866406,-0.0010119146650140406,64
final_prompt,5,14,-6.0051384025452915e-06,-0.001883904051842177,0.001883904051842177,0.5,0.000877651195878568,-0.0008896614726836586,64
final_prompt,6,10,8.754698228561338e-07,0.0018805552724178852,0.0018805552724178852,0.5,-6.464554962804487e-05,6.639648927375715e-05,64
response_first,3,6,-1.1062489079447348e-05,-0.0018803282627492671,0.0018803282627492671,0.5,0.0014113010199707727,-0.0014334259981296673,64
public_task_span,33,24,1.2480250006810693e-06,0.001875432619563425,0.001875432619563425,0.484375,7.258784989972665e-05,-7.00917998983645e-05,64
response_mean,3,2,2.0279842374224655e-06,0.0018744448549671223,0.0018744448549671223,0.515625,0.0002560707771408346,-0.0002520148086659897,64
public_task_span,30,14,-4.047122104111622e-08,-0.001872704387065735,0.001872704387065735,0.5,9.157701299500329e-07,-9.967125720322654e-07,64
response_first,30,5,-1.945927365910127e-07,-0.0018713253874675544,0.0018713253874675544,0.484375,-2.8244593607948064e-05,2.7855408134766038e-05,64
public_task_span,4,19,1.5569392417086997e-05,0.0018663070027436237,0.0018663070027436237,0.515625,0.0017582618929736908,-0.001727123108139517,64
final_prompt,17,24,6.602379016870523e-07,0.0018653101268907037,0.0018653101268907037,0.5,-3.77395672330774e-05,3.906004303645149e-05,64
final_prompt,24,20,4.908030177843752e-07,0.0018644732598515328,0.0018644732598515328,0.5,-6.228923643902188e-05,6.327084247459061e-05,64
response_mean,13,3,5.162774414200263e-06,0.001853750702702708,0.001853750702702708,0.515625,0.00021764999746663657,-0.0002073244486382362,64
response_first,34,19,-2.8192202989925233e-06,-0.0018530641953516016,0.0018530641953516016,0.53125,-0.0005218972737566143,0.0005162588331586292,64
final_prompt,16,31,2.6967461508397153e-07,0.0018486992411288806,0.0018486992411288806,0.5,2.2202355580700564e-05,-2.1663006350532614e-05,64
response_first,1,21,-5.28722739545146e-06,-0.0018463323464374074,0.0018463323464374074,0.5,0.0005519194965017939,-0.0005624939512926968,64
response_first,3,24,-2.1215349988782306e-05,-0.0018425504326649612,0.0018425504326649612,0.515625,0.0032737187252678077,-0.0033161494252453728,64
response_mean,32,16,2.8134536478680973e-07,0.0018396816844716121,0.0018396816844716121,0.5,-4.059798584420291e-05,4.116067657377652e-05,64
final_prompt,17,7,6.403129191319995e-07,0.0018367274214687174,0.0018367274214687174,0.5,2.6416742002624727e-06,-1.3610483619984974e-06,64
response_mean,10,12,-1.4454271877151307e-06,-0.001836481463813243,0.001836481463813243,0.515625,-8.339134365085892e-05,8.050048927542866e-05,64
public_task_span,2,23,-4.638930022337332e-06,-0.0018354997334181123,0.0018354997334181123,0.5,0.0011474214270492545,-0.001156699287093929,64
response_first,8,8,8.772317983061103e-08,0.001835355050282253,0.001835355050282253,0.5,-5.000469741389679e-06,5.175916101050901e-06,64
response_first,4,12,2.495705609817183e-05,0.0018279671007758068,0.0018279671007758068,0.5,0.004122414195990115,-0.004072500083793772,64
response_mean,3,27,1.742893255141098e-05,0.0018271635156547172,0.0018271635156547172,0.5,0.0024101131848510877,-0.0023752553197482654,64
public_task_span,5,5,6.191061402208414e-06,0.001823729621320422,0.001823729621320422,0.5,0.0004280492721591189,-0.0004156671493547019,64
final_prompt,4,19,-1.3372588455234295e-05,-0.0018233795101121975,0.0018233795101121975,0.5,0.0018439914283590302,-0.0018707366052694984,64
response_first,18,6,9.367231657009256e-09,0.0018214361094944112,0.0018214361094944112,0.515625,5.202763633249674e-07,-5.015419000109489e-07,64
final_prompt,2,12,-5.592133902609551e-06,-0.0018201621600322218,0.0018201621600322218,0.5,0.0008291810468108506,-0.0008403653146160698,64
public_task_span,26,13,-1.1958302366100497e-06,-0.001819822490965048,0.001819822490965048,0.484375,-0.00013053874681643644,0.00012814708634321638,64
response_first,1,28,3.773217258637153e-06,0.0018155975859059728,0.0018155975859059728,0.5,-0.0007306525899366419,0.0007381990244539161,64
response_mean,14,6,3.5463895073896358e-06,0.0018078151279657634,0.0018078151279657634,0.5,0.00044240662919036935,-0.00043531385017559003,64
public_task_span,5,16,-6.147577096270423e-06,-0.001807432312934606,0.001807432312934606,0.5,0.0008648627831462468,-0.0008771579373387875,64
final_prompt,6,9,4.224885969960179e-07,0.0018070000317596665,0.0018070000317596665,0.5,-4.2722256921476656e-05,4.3567234115468695e-05,64
response_mean,27,24,-5.5282475841439e-07,-0.0017856730817218279,0.0017856730817218279,0.484375,-0.00016469714364573073,0.00016359149412890193,64
response_mean,26,6,5.184308520257088e-07,0.0017798384828539742,0.0017798384828539742,0.5,-5.583245274464103e-05,5.686931444869247e-05,64
response_mean,7,13,-4.3643503033763356e-08,-0.001779148434052133,0.001779148434052133,0.5,-1.218770094624233e-06,1.1314830885567062e-06,64
response_mean,19,7,-7.636072041375032e-07,-0.0017766551585211656,0.0017766551585211656,0.5,-9.054730890056248e-05,8.90200944922875e-05,64
response_mean,6,3,-3.406523774171754e-06,-0.0017749019979526048,0.0017749019979526048,0.5,0.00021393413226180358,-0.0002207471798101471,64
response_mean,1,19,-2.4202054191835287e-06,-0.0017742849008977313,0.0017742849008977313,0.5,-6.589596887352005e-05,6.105555803515299e-05,64
public_task_span,15,9,-1.380485286969962e-06,-0.0017680708841059183,0.0017680708841059183,0.5,-0.0002974796275338862,0.0002947186569599462,64
final_prompt,8,29,-1.4811328696896358e-07,-0.001767601466344983,0.001767601466344983,0.515625,1.4519305011614116e-05,-1.4815531585552044e-05,64
public_task_span,5,15,8.643735782235939e-06,0.0017600783927212026,0.0017600783927212026,0.5,0.0004991524401703084,-0.0004818649686058366,64
response_first,4,19,-2.096041680488053e-05,-0.0017498540137791405,0.0017498540137791405,0.5,0.0027480461631057733,-0.0027899669967155344,64
response_first,4,18,-2.00165422938848e-05,-0.0017495249678353023,0.0017495249678353023,0.5,0.002938293895567763,-0.0029783269801555313,64
final_prompt,17,16,5.917714815910335e-07,0.0017478115872047756,0.0017478115872047756,0.5,3.133498728401541e-05,-3.0151444320833357e-05,64
public_task_span,10,9,-1.5046302905777234e-06,-0.0017448340170405803,0.0017448340170405803,0.515625,-1.5510130651804763e-05,1.2500870070649364e-05,64
final_prompt,7,15,5.4850431752129225e-08,0.0017412255714871576,0.0017412255714871576,0.5,-2.89771196548827e-06,3.0074128289925284e-06,64
public_task_span,19,5,-2.8279355319671667e-06,-0.0017403936259249692,0.0017403936259249692,0.5,6.498317088698747e-05,-7.063904195092187e-05,64
final_prompt,8,10,-8.858012989776398e-09,-0.001736377946611316,0.001736377946611316,0.515625,1.7879741278647998e-06,-1.8056901538443526e-06,64
final_prompt,1,5,2.546100930089784e-08,0.0017351912900429502,0.0017351912900429502,0.5,-8.615449829108002e-07,9.124670015125957e-07,64
final_prompt,6,0,-4.187301669839383e-07,-0.0017332974015804475,0.0017332974015804475,0.5,-1.3996607549412038e-05,1.3159147215444168e-05,64
response_first,3,27,2.504228734778605e-05,0.001729981809813448,0.001729981809813448,0.5,0.00390698796741162,-0.003856903392716049,64
final_prompt,15,10,-1.2912555291832824e-07,-0.0017295248968702325,0.0017295248968702325,0.5,2.9770490641524657e-06,-3.235300169989122e-06,64
response_mean,1,3,-3.7389327190000564e-06,-0.0017292456880791138,0.0017292456880791138,0.5,-0.0003515067473927188,0.0003440288819547186,64
final_prompt,31,29,6.8321023718485386e-06,0.0017246974201895141,0.0017246974201895141,0.5,-0.0011137640176457218,0.0011274282223894187,64
response_first,16,0,2.379626131709701e-07,0.001718977046951408,0.001718977046951408,0.5,2.1524425605432095e-05,-2.104850037909015e-05,64
response_first,30,7,-7.6216810640517e-09,-0.0017186011771094625,0.0017186011771094625,0.515625,9.296762932820002e-07,-9.449196554101036e-07,64
public_task_span,2,7,-5.6343185406175695e-06,-0.0017108755415153937,0.0017108755415153937,0.5,0.0008094234704003702,-0.0008206921074816055,64
final_prompt,6,25,1.0708338322728238e-05,0.0017064973602242443,0.0017064973602242443,0.5,0.0018255182635584662,-0.0018041015869130097,64
response_first,19,8,-2.7241878086670113e-08,-0.0017035016550696433,0.0017035016550696433,0.484375,-2.8073128071071096e-06,2.7528290509337694e-06,64
final_prompt,25,1,-2.1170944819210558e-07,-0.0016968607909672402,0.0016968607909672402,0.484375,-1.5584216725973822e-05,1.5160797829589602e-05,64
response_first,18,18,1.832410054247724e-08,0.001695597069651407,0.001695597069651407,0.5,2.113536549941397e-06,-2.0768883488564427e-06,64
public_task_span,5,23,1.0149261015616117e-05,0.001692458280061005,0.001692458280061005,0.515625,0.0015990761567081834,-0.0015787776346769511,64
public_task_span,28,15,4.46500962425799e-07,0.0016905078521924147,0.0016905078521924147,0.5,-0.00012281386170795403,0.00012370686363280566,64
final_prompt,3,13,-1.672541303321417e-05,-0.0016863781207089269,0.0016863781207089269,0.5,0.0026650701296802156,-0.002698520955746643,64
public_task_span,0,29,6.605288945137614e-06,0.0016841757642825565,0.0016841757642825565,0.5,2.7912028599562442e-06,1.0419375030318876e-05,64
final_prompt,15,8,-2.0271244238544807e-07,-0.001679073100532409,0.001679073100532409,0.5,-1.1012463005500465e-05,1.0607038120729567e-05,64
response_mean,15,24,3.91732886129148e-08,0.0016780000984428693,0.0016780000984428693,0.5,-4.848260354961553e-06,4.926606932187383e-06,64
response_mean,12,4,-3.3294950298979004e-06,-0.001668048075238905,0.001668048075238905,0.5,-0.0010140638196389426,0.0010074048295791469,64
response_first,28,30,-7.395786383312952e-08,-0.0016670659702915946,0.0016670659702915946,0.5,-9.852678317656682e-07,8.373521040994092e-07,64
response_first,31,27,1.2917277913970793e-08,0.0016670036817095044,0.0016670036817095044,0.53125,-3.3903946743407687e-06,3.4162292301687103e-06,64
response_mean,14,21,6.126543894515623e-07,0.0016623933960568655,0.0016623933960568655,0.5,0.0001011648948861,-9.99395861071969e-05,64
final_prompt,14,5,2.108038188404996e-07,0.0016569734991405398,0.0016569734991405398,0.5,5.3315912850833904e-05,-5.289430521315291e-05,64
public_task_span,34,12,-1.0848032161340175e-07,-0.0016556028369902913,0.0016556028369902913,0.484375,-4.237970301797364e-06,4.021009658570559e-06,64
response_first,21,14,1.846396457921249e-07,0.0016519554508655678,0.0016519554508655678,0.484375,-1.4610663356508821e-05,1.4979942648093069e-05,64
response_first,4,8,-2.247631948648892e-05,-0.0016461376406942338,0.0016461376406942338,0.5,0.0036490708564542737,-0.00369402349542725,64
response_mean,11,18,-1.5511252513520155e-06,-0.0016332467174569197,0.0016332467174569197,0.5,4.904587058268946e-06,-8.006837560972988e-06,64
public_task_span,32,22,8.263327799796966e-07,0.001629428976650851,0.001629428976650851,0.5,-0.0001222032678924719,0.00012385593345243126,64
public_task_span,28,11,-9.999662324887355e-07,-0.0016255706036527682,0.0016255706036527682,0.5,-0.0003451086288350582,0.00034310869637008075,64
response_mean,31,24,1.5260854979700678e-07,0.0016238829220690909,0.0016238829220690909,0.484375,-4.113110139768285e-05,4.1436318497276866e-05,64
final_prompt,12,0,-1.2093829582375784e-07,-0.0016173810602913797,0.0016173810602913797,0.5,9.645173236092199e-06,-9.887049827739715e-06,64
response_first,1,7,3.141989282095854e-07,0.0016164115311827485,0.0016164115311827485,0.5,-2.5634670237195786e-05,2.6263068093614937e-05,64
response_mean,3,23,-1.0239938546874328e-05,-0.0016081765322358554,0.0016081765322358554,0.5,0.0017053989286068853,-0.001725878805700634,64
response_first,2,6,-2.019942030532677e-06,-0.0016080794731573244,0.0016080794731573244,0.484375,0.0003535669379743919,-0.0003576068220354571,64
response_first,8,5,-1.564433347307732e-07,-0.001606806658541314,0.001606806658541314,0.5,-1.51316200174209e-05,1.4818733347959355e-05,64
final_prompt,2,19,1.483716823713491e-05,0.0016056270651892935,0.0016056270651892935,0.5,0.0025375759769303936,-0.0025079016404561246,64
public_task_span,19,4,1.0846124496314094e-05,0.0016004007114477365,0.0016004007114477365,0.5,-0.0015507242496823719,0.0015724164986749998,64
final_prompt,14,23,3.1953322831891205e-07,0.0015974022465035525,0.0015974022465035525,0.5,-3.660003039840059e-05,3.7239096855038415e-05,64
response_mean,3,24,-1.3328040495248056e-05,-0.0015966430567288966,0.0015966430567288966,0.5,0.002283900117618037,-0.002310556198608533,64
public_task_span,9,25,1.8322389223544947e-06,0.0015928703826105478,0.0015928703826105478,0.515625,0.00025332069344584856,-0.0002496562156011396,64
response_mean,8,13,-1.5621608326874082e-06,-0.0015908965199027633,0.0015908965199027633,0.484375,-0.00012311333193791438,0.00011998901027253954,64
public_task_span,30,13,-2.5848385120767566e-07,-0.001581460438700105,0.001581460438700105,0.5,-2.6557362843950673e-05,2.6040395141535318e-05,64
final_prompt,3,2,-2.5370536604882364e-06,-0.0015813816950641377,0.0015813816950641377,0.5,0.0003161094464303398,-0.0003211835537513163,64
public_task_span,10,21,1.9008748495272115e-06,0.001580463321439317,0.001580463321439317,0.5,0.000748062575439665,-0.0007442608257406105,64
response_first,3,11,3.0826340662312235e-05,0.0015779777243842279,0.0015779777243842279,0.53125,-0.0043523793283384285,0.004414032009663053,64
response_first,3,25,-2.3319033402910156e-05,-0.0015778789286153296,0.0015778789286153296,0.5,0.0039734586050599345,-0.004020096671865755,64
response_mean,13,24,-7.296456487880678e-07,-0.0015762110696451843,0.0015762110696451843,0.5,-1.6439171986337393e-05,1.4979880688761277e-05,64
response_first,4,29,1.4508996173391678e-06,0.0015705081258766906,0.0015705081258766906,0.5,-5.2567806960721945e-05,5.546960619540024e-05,64
final_prompt,6,16,-3.858414856949821e-06,-0.0015695423578542165,0.0015695423578542165,0.5,4.0180537325803194e-05,-4.789736703970286e-05,64
final_prompt,23,16,5.376105338683601e-09,0.0015684079304373868,0.0015684079304373868,0.5,1.2941868732241346e-07,-1.1866647664504631e-07,64
response_mean,13,25,8.903798516266882e-07,0.001565200070973121,0.001565200070973121,0.515625,-5.600266376850462e-06,7.381026080103872e-06,64
final_prompt,16,12,-9.55191126198486e-08,-0.0015564875955404998,0.0015564875955404998,0.5,-1.1057007100133496e-05,1.0865968874893799e-05,64
response_mean,20,0,-1.3705925994152155e-06,-0.0015558090778877518,0.0015558090778877518,0.5,0.0004436288990063787,-0.0004463700842052091,64
response_mean,12,5,-4.209220776346369e-07,-0.0015535721873313367,0.0015535721873313367,0.5,-4.415198839068827e-05,4.331014423541897e-05,64
final_prompt,8,22,4.2807243971765274e-08,0.00155038515519073,0.00155038515519073,0.5,3.7427435017889366e-06,-3.657129013845406e-06,64
public_task_span,5,20,6.02906948188271e-06,0.0015460225591127866,0.0015460225591127866,0.5,0.0006293044898484437,-0.0006172463508846781,64
final_prompt,6,26,1.341467282150324e-06,0.0015419751880597205,0.0015419751880597205,0.5,0.00026091803715643533,-0.00025823510259213476,64
final_prompt,6,30,-4.8020374379094475e-06,-0.001536432516387301,0.001536432516387301,0.5,0.00023651420087843737,-0.00024611827575425616,64
response_first,18,7,2.8118049222314312e-08,0.0015362574850139386,0.0015362574850139386,0.515625,-2.685875294616835e-06,2.7421113930614638e-06,64
final_prompt,13,30,5.090618060421537e-08,0.001531145729892238,0.001531145729892238,0.5,-6.307743916522668e-06,6.409556277731099e-06,64
response_first,35,18,1.2349782991865694e-06,0.001529310762362719,0.001529310762362719,0.515625,-3.8657652112295606e-05,4.112760871066879e-05,64
public_task_span,7,5,7.375761867808527e-08,0.001524958649039837,0.001524958649039837,0.5,7.76406020008318e-06,-7.616544962727009e-06,64
response_first,0,3,2.930761183958198e-06,0.0015224206195472466,0.0015224206195472466,0.5,0.000618891706835695,-0.0006130301844677786,64
final_prompt,4,26,1.6054038042055772e-05,0.0015194853663465823,0.0015194853663465823,0.5,0.002893189948736122,-0.0028610818726520102,64
final_prompt,17,5,3.098305683117995e-07,0.0015153703696348907,0.0015153703696348907,0.5,-2.1697061356463464e-05,2.2316722493087067e-05,64
response_mean,2,15,-4.833076673096948e-06,-0.001511886164324601,0.001511886164324601,0.5,0.00023914571647765315,-0.00024881186982384683,64
response_mean,13,5,6.8498468408253e-07,0.0015091660601944668,0.0015091660601944668,0.5,2.2635645109405886e-06,-8.935951427755219e-07,64
final_prompt,4,3,8.629872354463868e-07,0.001503590726838229,0.001503590726838229,0.5,0.00012986122305846183,-0.00012813524858756907,64
response_mean,6,23,1.1556262506898267e-06,0.0014970776692076505,0.0014970776692076505,0.5,7.785240040903698e-05,-7.55411479076573e-05,64
response_first,9,3,-1.4320658436872585e-08,-0.001487290295245693,0.001487290295245693,0.5,-4.3192838461436633e-07,4.0328706774062095e-07,64
final_prompt,13,3,-3.439190550103596e-07,-0.001487003196183607,0.001487003196183607,0.5,-4.91983199708537e-05,4.851048186083298e-05,64
final_prompt,13,6,1.167116749910064e-07,0.0014818762326908584,0.0014818762326908584,0.5,1.1293971397203186e-05,-1.1060548047221177e-05,64
public_task_span,34,27,-1.9583694666086302e-07,-0.0014807790377874869,0.0014807790377874869,0.5,2.8349492254160247e-05,-2.8741166147481974e-05,64
response_mean,15,7,-3.3547482303202675e-06,-0.001474712874846848,0.001474712874846848,0.5,-0.0006510639033194703,0.0006443544068588298,64
public_task_span,8,16,9.58307708755208e-08,0.001470383523728634,0.001470383523728634,0.5,3.6679192305650393e-06,-3.4762576888139977e-06,64
final_prompt,1,18,-3.389914127216736e-07,-0.0014671172660733114,0.0014671172660733114,0.5,-6.62601883050224e-05,6.558220547957905e-05,64
public_task_span,32,29,-3.0957204444823987e-07,-0.0014670708240376905,0.0014670708240376905,0.5,-3.585685249163393e-05,3.5237708402737446e-05,64
response_mean,22,25,5.890448306922021e-08,0.0014658786882889813,0.0014658786882889813,0.515625,-9.472234438586955e-06,9.590043404725396e-06,64
public_task_span,3,28,1.1220761507504994e-05,0.001463458210016596,0.001463458210016596,0.5,0.00172297978792813,-0.0017005382649131198,64
response_mean,15,11,-1.0391817141910671e-05,-0.0014584532788153473,0.0014584532788153473,0.5,0.0005199651224643319,-0.0005407487567481528,64
public_task_span,17,16,9.521610309099932e-07,0.001456882136087572,0.001456882136087572,0.5,3.045805328836766e-05,-2.8553731226547685e-05,64
response_mean,3,19,-9.98996256385454e-06,-0.001455311938191697,0.001455311938191697,0.515625,0.0012915897423227002,-0.0013115696674504095,64
response_mean,35,28,1.1485772120062429e-06,0.0014514468001594948,0.0014514468001594948,0.5,-1.3381395547187492e-05,1.567854997119999e-05,64
public_task_span,23,1,3.5559151001353256e-07,0.001450048577772368,0.001450048577772368,0.5,3.0902892831388245e-06,-2.3791062631117594e-06,64
response_first,8,31,2.210440470668539e-06,0.001445784963886458,0.001445784963886458,0.5,0.00037503264911720375,-0.00037061176817586663,64
public_task_span,15,7,-3.406634050411693e-07,-0.0014448236888725573,0.0014448236888725573,0.53125,-7.877068821925424e-05,7.808936140917191e-05,64
public_task_span,29,18,2.497349669233806e-07,0.0014444761139596678,0.0014444761139596678,0.515625,-7.091092265908386e-05,7.141039259293064e-05,64
response_first,10,12,8.381193765676261e-07,0.0014436275879822441,0.0014436275879822441,0.484375,-6.493496402981195e-05,6.66112027829472e-05,64
response_first,35,15,-6.323430170549762e-07,-0.0014420190887360913,0.0014420190887360913,0.46875,-0.00015972622713887084,0.0001584615411047609,64
response_first,28,22,4.7533512770145633e-07,0.0014416010147230496,0.0014416010147230496,0.5,-0.00010439339621370548,0.00010534406646910837,64
response_mean,3,29,8.368466524185086e-06,0.0014369827655653065,0.0014369827655653065,0.484375,0.0017170633036584847,-0.001700326370610114,64
final_prompt,7,6,-3.76961715176094e-08,-0.0014347631613414466,0.0014347631613414466,0.5,-9.975067399636828e-06,9.899675056601609e-06,64
public_task_span,28,29,-8.989491107197604e-08,-0.0014336556533773555,0.0014336556533773555,0.5,1.879285491660662e-06,-2.0590753138046136e-06,64
final_prompt,12,15,1.7003898733613373e-07,0.001431938723485881,0.001431938723485881,0.5,-3.270905477847173e-05,3.3049132753143996e-05,64
final_prompt,4,14,1.7951845961754632e-05,0.0014316295804988493,0.0014316295804988493,0.5,0.003590236331547203,-0.003554332639623693,64
response_mean,17,26,-5.408988954515407e-06,-0.001425499492671019,0.001425499492671019,0.515625,0.0003696399480759352,-0.0003804579259849662,64
response_first,32,13,-3.99433162101559e-08,-0.0014253143676382445,0.0014253143676382445,0.5,3.418680023514753e-06,-3.4985666559350648e-06,64
public_task_span,34,14,7.104381438712665e-07,0.001425298695992173,0.001425298695992173,0.5,-5.1147459089411496e-05,5.2568335377154015e-05,64
public_task_span,10,2,-1.7073489289022809e-07,-0.0014251656160457987,0.0014251656160457987,0.484375,-2.0472203686941042e-05,2.013073390116059e-05,64
response_mean,4,24,7.666532383152134e-06,0.0014247643731383432,0.0014247643731383432,0.5,0.0015090181186678694,-0.0014936850539015649,64
final_prompt,2,25,-4.730069122162628e-06,-0.001422561838465871,0.001422561838465871,0.5,0.0003922284668078718,-0.0004016886050521969,64
response_mean,10,3,1.1924805675854458e-07,0.0014214999436199093,0.0014214999436199093,0.53125,1.7078101677716243e-05,-1.6839605564199153e-05,64
response_first,4,21,-1.0589925295784305e-05,-0.0014201992428556174,0.0014201992428556174,0.5,0.000982631638180475,-0.0010038114887720435,64
final_prompt,2,5,-5.0467585879207565e-06,-0.0014181448901939063,0.0014181448901939063,0.5,0.0010133041018889296,-0.001023397619064771,64
public_task_span,21,6,8.051513304952777e-07,0.0014142774097325717,0.0014142774097325717,0.5,0.0001560408609293396,-0.00015443055826834905,64
response_first,21,1,-3.527308933826134e-08,-0.0014133407974963083,0.0014133407974963083,0.5,1.5976897600467055e-06,-1.6682359387232282e-06,64
response_first,34,25,-7.616985442397845e-08,-0.001412890591043808,0.001412890591043808,0.5,1.423313534585208e-06,-1.5756532434331666e-06,64
response_mean,10,20,3.480708983234948e-07,0.001411328375680366,0.001411328375680366,0.5,7.831305083522532e-06,-7.1351632868755525e-06,64
response_first,2,27,2.2250223992143327e-06,0.0014091977661911627,0.0014091977661911627,0.5,0.00014766693493584203,-0.00014321689013741332,64
public_task_span,4,14,8.06724710855633e-06,0.0014081030230651546,0.0014081030230651546,0.5,0.001273527050216225,-0.0012573925559991124,64
public_task_span,28,14,-4.382573024427865e-07,-0.0014063168011435457,0.0014063168011435457,0.5,-0.00014215378587320593,0.00014127727126832034,64
public_task_span,18,12,1.2136538316567138e-06,0.0014020259914650551,0.0014020259914650551,0.515625,-0.00012905330686407477,0.00013148061452738819,64
final_prompt,14,25,1.2511588209918151e-08,0.001399882745483182,0.001399882745483182,0.5,-1.7506415357360083e-06,1.7756647121558444e-06,64
final_prompt,4,0,-1.4323921504914372e-05,-0.001394152095405809,0.001394152095405809,0.5,0.0028819950725846874,-0.0029106429155945153,64
final_prompt,0,7,-4.537811037152802e-06,-0.0013936323169410764,0.0013936323169410764,0.5,0.0009786185946722792,-0.0009876942167465848,64
final_prompt,16,17,1.0117886972607694e-07,0.0013915112797982917,0.0013915112797982917,0.5,2.48795515742659e-07,-4.643777629050934e-08,64
response_mean,1,21,-9.373952707500042e-07,-0.0013876039551048807,0.0013876039551048807,0.5,0.00012352587145868747,-0.0001254006620001875,64
public_task_span,28,13,-1.3065060784392505e-06,-0.0013841837462560346,0.0013841837462560346,0.5,-0.0002643322436597402,0.0002617192315028617,64
final_prompt,1,19,-3.813685225399939e-07,-0.0013797522587141217,0.0013797522587141217,0.5,-3.663298127776331e-05,3.587024423268331e-05,64
public_task_span,6,28,5.956321729171999e-06,0.0013795912298960114,0.0013795912298960114,0.5,-1.1594333955146764e-05,2.3506977413490545e-05,64
response_first,13,16,-2.694050181157974e-06,-0.0013773871205356165,0.0013773871205356165,0.484375,-0.0011125077226097008,0.0011071196222473849,64
final_prompt,10,22,-1.5597970559305333e-07,-0.0013742062634339559,0.0013742062634339559,0.5,-2.6827169449449283e-05,2.6515210038263176e-05,64
public_task_span,35,25,2.476697773088314e-06,0.00137285642115739,0.00137285642115739,0.5,-3.967512384406456e-05,4.462851939024122e-05,64
response_mean,32,31,-4.426576651828211e-07,-0.001371063710566809,0.001371063710566809,0.5,2.265437751702499e-05,-2.3539692847390618e-05,64
final_prompt,20,31,-4.774036597181329e-07,-0.0013700970302320573,0.0013700970302320573,0.5,-9.039812778154308e-05,8.94433204621068e-05,64
response_mean,5,12,-6.323829438768889e-06,-0.0013688908677965113,0.0013688908677965113,0.484375,0.0007797477446729427,-0.0007923954035504806,64
final_prompt,17,22,1.8211113683724387e-07,0.0013685217275585635,0.0013685217275585635,0.5,-1.0796744163600424e-05,1.1160966437274915e-05,64
response_mean,1,30,-2.3072752810562543e-06,-0.0013647537443140418,0.0013647537443140418,0.5,-0.0008399641483265375,0.000835349597764425,64
response_mean,35,30,-2.7409350877966694e-07,-0.0013638703932440535,0.0013638703932440535,0.484375,2.875048176065249e-05,-2.9298668778211826e-05,64
post_selector,10,4,-2.414181835769919e-06,-0.00136242912423043,0.00136242912423043,0.484375,-0.000349882657246763,0.0003450542935752233,64
final_prompt,12,13,-1.3463249359845458e-07,-0.0013606879729057663,0.0013606879729057663,0.5,-3.837135975003364e-05,3.810209476283673e-05,64
response_mean,13,9,-7.48218837994567e-07,-0.0013561038137754505,0.0013561038137754505,0.5,-5.7664959967944636e-05,5.6168522291955475e-05,64
final_prompt,19,7,9.011273505203121e-07,0.0013546146673405184,0.0013546146673405184,0.5,-0.00013649060474562187,0.00013829285944666253,64
public_task_span,6,25,-8.885502211341666e-06,-0.001354096118761061,0.001354096118761061,0.5,0.0013914322844357284,-0.001409203288858412,64
public_task_span,16,9,7.171388460860229e-07,0.0013525381219642945,0.0013525381219642945,0.5,-0.00017164744440377694,0.000173081722095949,64
response_mean,1,4,-1.1896008800591325e-07,-0.0013509835646048666,0.0013509835646048666,0.5,1.0281408094662825e-05,-1.0519328270674653e-05,64
response_first,18,9,-2.7689567616518565e-07,-0.0013502727036478579,0.0013502727036478579,0.5,-5.7046353163053586e-05,5.649256181072321e-05,64
response_mean,2,7,8.114227625812226e-06,0.0013496956970262155,0.0013496956970262155,0.5,0.001622829333882695,-0.0016066008786310702,64
response_first,6,27,2.8115464374370714e-06,0.0013483594763456846,0.0013483594763456846,0.5,0.0002891304975491809,-0.00028350740467430666,64
response_first,17,17,-1.1947231115625928e-07,-0.0013469432579659932,0.0013469432579659932,0.5,-4.6735154526792016e-05,4.6496209904479496e-05,64
public_task_span,5,27,-1.4185661711972651e-05,-0.0013446773580538765,0.0013446773580538765,0.5,0.0030339789655044877,-0.0030623502889284325,64
final_prompt,16,0,-5.61596635863033e-07,-0.0013424101305274726,0.0013424101305274726,0.5,1.665766416181068e-05,-1.778085743353676e-05,64
public_task_span,12,17,9.610942015562487e-07,0.0013414807648999521,0.0013414807648999521,0.5,-0.00010976068006128748,0.00011168286846439998,64
response_mean,4,4,6.938780643396883e-06,0.0013388172782605417,0.0013388172782605417,0.5,0.00019773803796852214,-0.0001838604766817281,64
response_first,15,26,-5.728841845353827e-10,-0.0013323991594907621,0.0013323991594907621,0.5,2.7159609672366966e-08,-2.8305378041437734e-08,64
public_task_span,4,13,8.263326890299008e-06,0.0013319450297262106,0.0013319450297262106,0.5,0.0016070786095951969,-0.001590551955814599,64
response_mean,6,25,3.98561860492653e-06,0.0013313870047723425,0.0013313870047723425,0.5,0.0009237057784048108,-0.0009157345411949579,64
response_first,13,0,-2.0769024189294997e-07,-0.001328669466927259,0.001328669466927259,0.5,-5.125655088988211e-05,5.084117040609621e-05,64
response_first,12,18,6.907321221661378e-06,0.0013280475874730823,0.0013280475874730823,0.484375,-0.0006290455203270522,0.000642860162770375,64
final_prompt,28,20,-7.037269824650799e-07,-0.0013271956414273446,0.0013271956414273446,0.515625,-0.0002352656229049736,0.0002338581689400435,64
public_task_span,3,23,-1.035804416460364e-05,-0.0013175398365603587,0.0013175398365603587,0.5,0.0018438119841448475,-0.0018645280724740544,64
response_first,6,14,-8.453290320178334e-06,-0.001313466725562046,0.001313466725562046,0.484375,0.00118459908117075,-0.0012015056618111068,64
final_prompt,3,30,-1.6658856026196883e-05,-0.0013126024255363893,0.0013126024255363893,0.5,0.0035485896074192187,-0.003581907319471611,64
response_first,12,17,-2.2076574168695197e-07,-0.0013058630550422635,0.0013058630550422635,0.5,-2.2241750002647264e-05,2.1800218519273346e-05,64
response_mean,13,12,1.9134109852103752e-09,0.0013049837445046244,0.0013049837445046244,0.5,-2.842808780600947e-07,2.8810770003051545e-07,64
public_task_span,2,2,8.572569640825109e-06,0.0012978395185699375,0.0012978395185699375,0.5,0.0006974747375352404,-0.0006803295982535905,64
public_task_span,31,23,-1.6282035631057023e-07,-0.001296816936714632,0.001296816936714632,0.5,-2.9593256840579796e-06,2.6336849714368383e-06,64
response_mean,1,31,1.644595499785957e-06,0.0012943828743879264,0.0012943828743879264,0.5,-0.00028394838432174913,0.000287237575321321,64
final_prompt,6,14,-3.6536494008093862e-06,-0.0012924777763856543,0.0012924777763856543,0.5,0.0005041491303927594,-0.0005114564291943781,64
final_prompt,13,26,2.948474957472958e-07,0.0012904712698130086,0.0012904712698130086,0.5,-4.864602408361113e-05,4.923571907510571e-05,64
final_prompt,4,23,8.775925834927315e-06,0.0012865317096428116,0.0012865317096428116,0.5,0.0016246353834503745,-0.001607083531780519,64
final_prompt,21,14,1.4188088925835595e-07,0.0012848114526716567,0.0012848114526716567,0.515625,-1.3238473798083635e-05,1.3522235576600345e-05,64
response_mean,4,30,2.0494467207763712e-06,0.0012839986501277994,0.0012839986501277994,0.5,0.00045984964344824013,-0.00045575075000668734,64
public_task_span,29,12,-1.3445270497018445e-07,-0.0012832020228675366,0.0012832020228675366,0.5,-5.498981823847007e-05,5.47209128285297e-05,64
final_prompt,16,29,-3.156699222015847e-07,-0.001280868978555435,0.001280868978555435,0.484375,-1.3088083733229247e-05,1.2456743888826071e-05,64
public_task_span,29,19,-2.5266194825007267e-07,-0.0012781916950447552,0.0012781916950447552,0.5,-8.515418585368011e-06,8.010094688867859e-06,64
response_mean,8,4,-1.9314870769451212e-06,-0.001277609202980676,0.001277609202980676,0.5,3.7844532926110806e-05,-4.170750708000113e-05,64
response_first,8,1,1.167778464155914e-06,0.0012767502808061978,0.0012767502808061978,0.484375,-7.746671326457493e-05,7.980227019288672e-05,64
public_task_span,2,22,2.502414190533065e-06,0.0012763380106383285,0.0012763380106383285,0.5,0.0007150716510295615,-0.0007100668226484954,64
response_mean,0,19,2.091163196381377e-06,0.0012686560815390077,0.0012686560815390077,0.5,0.0006363090278682517,-0.0006321267014754889,64
response_mean,6,1,3.2486041163710163e-06,0.0012642323096251325,0.0012642323096251325,0.5,0.000622138573817196,-0.000615641365584454,64
final_prompt,18,24,7.70101458172046e-08,0.0012605757124426612,0.0012605757124426612,0.5,-1.1888414405797633e-05,1.2042434697432043e-05,64
final_prompt,34,5,-2.257825690321993e-05,-0.0012568858714264188,0.0012568858714264188,0.5,-0.0023787790269125123,0.0023336225131060716,64
final_prompt,34,16,-4.857490694159833e-07,-0.0012534319291685114,0.0012534319291685114,0.515625,-9.557750354360037e-05,9.460600540476841e-05,64
response_mean,10,23,-5.626379788769085e-07,-0.001246206657088112,0.001246206657088112,0.5,-0.00019647847148006282,0.000195353195522309,64
response_first,13,10,3.8941516322897596e-07,0.0012419205223611481,0.0012419205223611481,0.5,-9.136066728387249e-05,9.213949761033046e-05,64
response_first,1,24,2.636308636281266e-06,0.0012414553559466533,0.0012414553559466533,0.5,7.99354456830656e-05,-7.466282841050314e-05,64
response_mean,10,9,3.6445235309640175e-06,0.001241276110185557,0.001241276110185557,0.5,3.0303202947834398e-05,-2.301415588590631e-05,64
public_task_span,3,11,-1.7348225810562452e-05,-0.0012388893426284657,0.0012388893426284657,0.5,-0.0016957184707280127,0.0016610220191068876,64
response_first,17,28,-5.066088992755677e-09,-0.0012354699826184316,0.0012354699826184316,0.5,-7.224084477286397e-07,7.122762697431283e-07,64
public_task_span,33,1,5.258611963642646e-07,0.001235040034241303,0.001235040034241303,0.5,-0.00020116616360608923,0.00020221788599881775,64
final_prompt,32,22,1.5775128759084233e-07,0.0012326950227350955,0.0012326950227350955,0.484375,-2.303071471486732e-05,2.3346217290048997e-05,64
final_prompt,15,1,-5.731899364078097e-07,-0.0012312721738765562,0.0012312721738765562,0.515625,-0.00011375264148227824,0.00011260626160946263,64
response_first,8,27,-2.214367668789026e-06,-0.0012309853685234244,0.0012309853685234244,0.5,2.8691109037040532e-05,-3.311984437461853e-05,64
public_task_span,27,25,-8.918914318136927e-07,-0.001230125039561385,0.001230125039561385,0.5,-0.0002987465350088134,0.00029696275214518604,64
post_selector,4,11,-1.2790150776710498e-05,-0.0012281382010581694,0.0012281382010581694,0.546875,0.0027324479997332726,-0.0027580283012866927,64
final_prompt,2,4,-1.0485031907598382e-05,-0.0012279404226986186,0.0012279404226986186,0.5,0.0024919631196098344,-0.0025129331834250306,64
public_task_span,32,9,-3.639868282261276e-07,-0.001221550296430105,0.001221550296430105,0.5,-0.00010450577337904704,0.00010377779972259478,64
public_task_span,4,1,1.2871576473116441e-05,0.001217053688457248,0.001217053688457248,0.484375,0.002323819739103784,-0.002298076586157551,64
final_prompt,31,30,1.998208972507786e-06,0.001214562818097958,0.001214562818097958,0.5,-0.0007208825609268313,0.0007248789788718468,64
final_prompt,6,2,-7.228331924122701e-06,-0.0012090408148861017,0.0012090408148861017,0.5,0.00177568318031261,-0.0017901398441608559,64
response_mean,7,15,-1.1099118069068936e-08,-0.0012083605537710753,0.0012083605537710753,0.5,-1.220570027271608e-07,9.985876658902271e-08,64
response_mean,5,1,-7.7108907134988e-06,-0.0011960018163922992,0.0011960018163922992,0.5,0.0016505600160599003,-0.0016659817974868985,64
public_task_span,9,18,-5.5310330537475985e-08,-0.0011914202169259573,0.0011914202169259573,0.5,-1.0722530305424936e-05,1.0611909644349983e-05,64
response_mean,9,29,-1.8100600982603099e-06,-0.0011872683472764082,0.0011872683472764082,0.5,-1.2911474186701595e-05,9.291353990180989e-06,64
response_mean,34,11,-2.5433408268327184e-08,-0.0011866927638423863,0.0011866927638423863,0.5,-4.704139485056658e-06,4.653272668520003e-06,64
response_first,5,22,-1.1308870398352264e-05,-0.0011831227903727503,0.0011831227903727503,0.5,0.0025906376622515464,-0.002613255403048251,64
final_prompt,5,28,-8.324750012889451e-06,-0.00118219699260194,0.00118219699260194,0.5,0.0020011372640169577,-0.0020177867640427363,64
final_prompt,0,20,-2.856966602846891e-06,-0.0011815765625377982,0.0011815765625377982,0.5,-0.00028497729363152497,0.00027926336042583124,64
final_prompt,13,24,2.618718326610841e-07,0.0011812281669987634,0.0011812281669987634,0.5,-1.150047648933793e-05,1.2024220154660109e-05,64
public_task_span,9,23,-5.810338734617206e-07,-0.0011776772029063389,0.0011776772029063389,0.484375,5.1166005960103834e-05,-5.232807370702728e-05,64
response_mean,2,19,6.2287199398344145e-06,0.0011760473866861795,0.0011760473866861795,0.5,0.0007532418603659688,-0.0007407844204862999,64
final_prompt,10,0,2.266419585339463e-08,0.0011752508170698617,0.0011752508170698617,0.5,5.26977777326465e-06,-5.224449381557861e-06,64
final_prompt,6,3,-1.7762266679518485e-07,-0.0011733239909671887,0.0011733239909671887,0.5,-1.1416487950493578e-06,7.864034614589906e-07,64
public_task_span,24,18,1.6501408026693416e-06,0.0011686743033982863,0.0011686743033982863,0.484375,-0.00017503116760053555,0.00017833144920587426,64
response_first,20,11,3.401800729996349e-09,0.0011682765553317671,0.0011682765553317671,0.5,-7.870883611538204e-07,7.93891962613813e-07,64
response_mean,5,20,8.46241357522321e-06,0.0011658038859155586,0.0011658038859155586,0.5,0.0020311542123181547,-0.0020142293851677083,64
response_mean,6,24,3.434453901710971e-06,0.0011602060205284802,0.0011602060205284802,0.5,0.0010259694608976042,-0.0010191005530941824,64
final_prompt,4,24,9.671349744164127e-06,0.0011598266999542624,0.0011598266999542624,0.5,0.00236429320966635,-0.002344950510178022,64
final_prompt,5,12,-5.842862265124688e-06,-0.0011597693560882983,0.0011597693560882983,0.5,0.00120968303326663,-0.001221368757796879,64
response_first,5,7,-3.158034360241336e-06,-0.0011538265104585332,0.0011538265104585332,0.5,0.0007541019551808778,-0.0007604180239013605,64
response_mean,1,1,-2.36774212680568e-06,-0.0011500031440276764,0.0011500031440276764,0.5,0.00010536090849200719,-0.00011009639274561867,64
public_task_span,33,22,1.2271957530265477e-06,0.0011467839809787155,0.0011467839809787155,0.5,-0.0005688922719855063,0.0005713466634915594,64
response_first,21,6,1.21348080028384e-07,0.001146494039358157,0.001146494039358157,0.5,-3.0824589885004824e-05,3.1067286045061585e-05,64
final_prompt,7,26,5.800319513582508e-08,0.0011464225677764056,0.0011464225677764056,0.5,-9.090552453017153e-06,9.206558843288803e-06,64
response_mean,14,23,1.921216153279707e-06,0.0011439548172977696,0.0011439548172977696,0.5,-7.952043233672504e-05,8.336286464328439e-05,64
final_prompt,5,23,1.3645681093518236e-05,0.0011438488291753098,0.0011438488291753098,0.5,0.0033933727879684695,-0.0033660814257814335,64
final_prompt,4,15,1.2539251201811735e-05,0.001140852802368895,0.001140852802368895,0.5,0.0030700541651640387,-0.003044975662760415,64
response_mean,5,17,-3.084959075749089e-06,-0.001140634455194704,0.001140634455194704,0.5,0.0007161169837672746,-0.0007222869019187727,64
response_mean,3,12,1.0448277578236579e-05,0.0011376576381376242,0.0011376576381376242,0.5,0.0018569754940358661,-0.001836078938879393,64
public_task_span,12,3,-1.0180392564481452e-06,-0.0011346290841757706,0.0011346290841757706,0.515625,-0.0001639529982639952,0.00016191691975109894,64
public_task_span,5,11,-9.571203918304653e-06,-0.001126726354011931,0.001126726354011931,0.5,0.002674449773621734,-0.0026935921814583434,64
public_task_span,2,4,-6.31469674774104e-07,-0.001121390184950518,0.001121390184950518,0.5,0.00012808910605599738,-0.00012935204540554557,64
public_task_span,32,15,-2.118713382519123e-07,-0.0011211090887538995,0.0011211090887538995,0.515625,1.863161287479519e-06,-2.286903963983348e-06,64
final_prompt,4,12,1.3067137615509553e-05,0.0011202433946446975,0.0011202433946446975,0.5,0.003401341949711412,-0.0033752076744803924,64
public_task_span,17,1,2.539629349485934e-06,0.0011186943422089974,0.0011186943422089974,0.5,-0.0005358287271519626,0.0005409079858509344,64
response_mean,6,30,-3.217047378708778e-06,-0.0011183032952433573,0.0011183032952433573,0.5,0.0007534644173574727,-0.0007598985121148902,64
response_mean,4,13,7.3877872637227206e-06,0.0011182911612175874,0.0011182911612175874,0.5,0.0016089060391095815,-0.001594130464582136,64
response_mean,0,28,2.4089431462925452e-06,0.0011165721624538806,0.0011165721624538806,0.5,0.0011431964612711285,-0.0011383785749785433,64
final_prompt,12,7,1.4210445442544024e-07,0.0011156338182406677,0.0011156338182406677,0.5,-2.753422131717469e-05,2.7818430226025575e-05,64
final_prompt,22,20,-1.88679950952502e-06,-0.0011155823779564625,0.0011155823779564625,0.5,-0.00043853868373843754,0.0004347650847193876,64
response_mean,3,5,9.186075601520381e-06,0.0011139210740904128,0.0011139210740904128,0.5,0.002236860837626862,-0.0022184886864238212,64
final_prompt,13,18,-3.651612701105478e-08,-0.0011128529532455646,0.0011128529532455646,0.5,1.957020714371538e-06,-2.0300529683936475e-06,64
response_mean,2,0,-5.369140126279743e-06,-0.0011051751422866498,0.0011051751422866498,0.5,0.0006249756843317375,-0.000635713964584297,64
final_prompt,7,7,9.18614517786425e-09,0.0011039271761438317,0.0011039271761438317,0.515625,-1.4361601632373322e-06,1.4545324535930604e-06,64
response_first,1,31,-1.7669844964555867e-07,-0.001103560860455167,0.001103560860455167,0.484375,-5.6469132800874414e-05,5.611573590158329e-05,64
response_mean,0,15,-8.993836217953199e-07,-0.0011033840417710877,0.0011033840417710877,0.5,-0.0002553858162173031,0.00025358704897371245,64
response_mean,6,6,1.1809104762504656e-05,0.0010963204721742587,0.0010963204721742587,0.5,0.0027373289267416216,-0.0027137107172166123,64
public_task_span,5,6,7.425009243890298e-06,0.0010928591630850722,0.0010928591630850722,0.5,0.0017985160211537706,-0.0017836660026659902,64
public_task_span,25,5,7.085910169400354e-08,0.0010898185246520553,0.0010898185246520553,0.484375,-1.4723878621219462e-05,1.4865596824607472e-05,64
public_task_span,31,27,6.902899940622e-08,0.0010895545152379777,0.0010895545152379777,0.5,-2.161377517495364e-05,2.175183317376608e-05,64
response_mean,9,0,6.709137778748719e-08,0.001087996881374758,0.001087996881374758,0.515625,-1.3751526125809455e-05,1.388570888138443e-05,64
public_task_span,13,0,-2.1571404431618336e-06,-0.0010777392893468055,0.0010777392893468055,0.5,-0.0002574402269601735,0.0002531259460738498,64
final_prompt,0,1,-4.81577808386882e-06,-0.0010766651786810932,0.0010766651786810932,0.5,0.000894096861884456,-0.0009037284180521937,64
response_first,2,2,7.594638645968882e-06,0.0010753011299030448,0.0010753011299030448,0.5,0.0019095646948698993,-0.0018943754175779616,64
response_first,5,20,1.1475951168906382e-05,0.0010736172632850687,0.0010736172632850687,0.5,0.003080377208789284,-0.003057425306451471,64
final_prompt,14,18,2.9019611247728493e-07,0.001072802409162681,0.001072802409162681,0.5,1.8985028873456247e-06,-1.3181106623910531e-06,64
public_task_span,3,6,-1.5207489582281337e-05,-0.0010710284718443935,0.0010710284718443935,0.5,0.0009434734217848217,-0.0009738884009493847,64
response_first,3,30,1.2208510042907962e-05,0.0010693639819555406,0.0010693639819555406,0.5,0.0033300921658110253,-0.0033056751457252085,64
response_first,3,10,9.53906373978887e-06,0.0010644432731574211,0.0010644432731574211,0.5,0.0023806959802641367,-0.002361617852784559,64
final_prompt,2,28,-4.76150492545826e-06,-0.001064036483279406,0.001064036483279406,0.5,0.0011528461654393106,-0.0011623691752902271,64
final_prompt,10,8,1.9376940940674103e-08,0.0010631784056468186,0.0010631784056468186,0.5,-4.298603329289108e-06,4.337357211170456e-06,64
final_prompt,4,25,6.326788934529976e-06,0.0010596037080248064,0.0010596037080248064,0.5,0.0017239139669982147,-0.0017112603891291547,64
public_task_span,3,26,-9.939682968256643e-06,-0.0010595905047917395,0.0010595905047917395,0.5,0.002315518850082291,-0.0023353982160188042,64
public_task_span,2,27,-2.7815694920735204e-06,-0.0010548600776395657,0.0010548600776395657,0.5,0.00016870163381099685,-0.00017426477279514383,64
response_mean,5,7,-3.583611714938831e-06,-0.0010526063712818215,0.0010526063712818215,0.5,0.0008378275924769605,-0.0008449948159068385,64
response_first,2,13,4.9570444389187315e-06,0.0010517307115136935,0.0010517307115136935,0.5,0.00021427432511699366,-0.00020436023623915622,64
response_mean,9,27,7.984785952411846e-07,0.0010511636960729815,0.0010511636960729815,0.5,-1.4790825844097743e-05,1.638778303458014e-05,64
response_first,5,18,1.0517434475329447e-05,0.0010506419195355963,0.0010506419195355963,0.5,0.0029705301103603934,-0.0029494952414097345,64
response_first,4,2,1.2363025689411363e-05,0.0010482753607421427,0.0010482753607421427,0.5,0.0031770525665706455,-0.003152326515191823,64
response_first,4,15,-1.0925333299387392e-05,-0.001046339977649657,0.001046339977649657,0.484375,0.002999351701191689,-0.0030212023677904628,64
response_first,26,9,8.121580208293268e-08,0.0010409812539981698,0.0010409812539981698,0.5,-1.3719913511063491e-05,1.3882345115229353e-05,64
response_first,16,12,-6.838206445631762e-08,-0.0010386283231549542,0.0010386283231549542,0.5,-8.021189955798382e-06,7.884425826885747e-06,64
public_task_span,15,21,5.5103896557336094e-08,0.0010320359175021692,0.0010320359175021692,0.5,2.943223933020569e-06,-2.8330161399058962e-06,64
response_first,5,24,1.1792531950052419e-05,0.0010291395363294703,0.0010291395363294703,0.5,0.002997071819663701,-0.002973486755763596,64
public_task_span,31,10,3.3215201256161414e-07,0.0010291231635450686,0.0010291231635450686,0.5,9.649571438776931e-06,-8.985267413653703e-06,64
public_task_span,2,20,2.687269443410966e-06,0.0010279379967156601,0.0010279379967156601,0.5,0.0008611435587226815,-0.0008557690198358594,64
final_prompt,8,26,9.598325050328015e-07,0.001026711327076009,0.001026711327076009,0.5,-0.00010172338807023438,0.00010364305308030001,64
response_mean,15,3,-1.4168681445937375e-06,-0.0010237987783354688,0.0010237987783354688,0.5,0.0001926561362779375,-0.000195489872567125,64
final_prompt,29,17,1.408861862730672e-07,0.0010227635313047533,0.0010227635313047533,0.484375,-3.8836981730113536e-05,3.911875410265967e-05,64
final_prompt,4,30,3.2666237075258176e-06,0.0010190629012692028,0.0010190629012692028,0.5,0.000844632041207663,-0.0008380987937926113,64
public_task_span,4,7,1.6561937854936513e-05,0.001017053773086006,0.001017053773086006,0.5,0.004352998083732049,-0.004319874208022176,64
final_prompt,5,17,2.074734425148403e-06,0.0010157954376980667,0.0010157954376980667,0.5,0.0005729462261569937,-0.0005687967573066968,64
final_prompt,10,3,1.2099440027408313e-07,0.00101476151518282,0.00101476151518282,0.5,3.342233185314099e-06,-3.1002443847659317e-06,64
public_task_span,27,23,2.206048520746881e-06,0.00101472196396599,0.00101472196396599,0.5,-0.0008502545788360188,0.0008546666758775126,64
response_first,3,1,1.2611053534875987e-06,0.00099903975977546,0.00099903975977546,0.515625,0.000289487084955909,-0.00028696487424893384,64
final_prompt,6,24,-5.934919499849174e-06,-0.0009986188350631382,0.0009986188350631382,0.5,0.001604013074711468,-0.0016158829137111665,64
response_first,18,12,-8.307998200602972e-08,-0.000996035698815394,0.000996035698815394,0.5,-1.4284652678494986e-05,1.4118492714482925e-05,64
public_task_span,29,1,5.675231022865947e-07,0.0009941913380610255,0.0009941913380610255,0.5,-0.00013263782943794648,0.0001337728756425197,64
response_first,27,9,3.772545369429806e-07,0.0009847716373343992,0.0009847716373343992,0.5,-5.671291955877366e-05,5.746742863265963e-05,64
response_mean,5,11,-1.2103841982029307e-05,-0.0009778317923738442,0.0009778317923738442,0.5,0.00342902862939809,-0.003453236313362148,64
response_first,5,1,8.205573067239882e-06,0.0009777886037992403,0.0009777886037992403,0.5,0.002142187064237086,-0.002125775918102606,64
public_task_span,4,8,8.551360224370711e-06,0.0009774605203568506,0.0009774605203568506,0.5,0.002186137585340471,-0.0021690348648917297,64
response_mean,4,19,-1.0912140169236102e-05,-0.0009759184694404902,0.0009759184694404902,0.5,0.002736425386501669,-0.0027582496668401403,64
response_first,8,30,1.1648467079821334e-06,0.0009738489620084117,0.0009738489620084117,0.5,0.000469416093437744,-0.0004670864000217798,64
final_prompt,16,15,2.417887117192091e-07,0.0009729724932376755,0.0009729724932376755,0.5,-9.886679072223026e-05,9.935036814566868e-05,64
response_first,11,12,1.2811119631818662e-06,0.0009726090021034276,0.0009726090021034276,0.46875,0.00014596062555938743,-0.0001433984016330237,64
response_first,2,23,6.7992295953467905e-06,0.0009724951078837975,0.0009724951078837975,0.5,0.002240136840555333,-0.0022265383813646396,64
post_selector,2,3,7.004302460706237e-06,0.0009694839191436798,0.0009694839191436798,0.453125,0.00015268329298122828,-0.00013867468805981592,64
response_first,6,31,6.441712059766661e-06,0.0009694566325546197,0.0009694566325546197,0.5,0.0017293793926001005,-0.0017164959684805672,64
response_mean,3,28,7.500324528563547e-06,0.0009693854318505567,0.0009693854318505567,0.5,0.0020916922445621804,-0.0020766915955050536,64
response_first,3,23,-5.256189979258486e-06,-0.0009660018941127018,0.0009660018941127018,0.515625,0.0011736992601072455,-0.0011842116400657622,64
final_prompt,20,10,-1.1450709980191229e-07,-0.0009640206885849818,0.0009640206885849818,0.5,-1.096050101168072e-05,1.0731486812076894e-05,64
final_prompt,17,29,1.3833805212470933e-08,0.0009618867671558265,0.0009618867671558265,0.484375,5.192465607706254e-06,-5.164797997281312e-06,64
response_mean,7,17,6.188633960754231e-08,0.0009576705309987051,0.0009576705309987051,0.5,-2.0195256070104613e-05,2.0319028749319697e-05,64
response_first,14,2,5.6666422666839587e-08,0.0009575523335626456,0.0009575523335626456,0.5,-7.079672599272379e-06,7.19300544460606e-06,64
final_prompt,1,22,-5.638709410602098e-08,-0.0009562301227750244,0.0009562301227750244,0.5,6.939404585179311e-06,-7.052178773391354e-06,64
post_selector,5,10,1.146509384852292e-05,0.0009509372338851199,0.0009509372338851199,0.5,0.004018568826722893,-0.003995638639025847,64
response_first,6,7,3.6361616366787633e-06,0.0009498800380104694,0.0009498800380104694,0.5,0.0007322833880607433,-0.0007250110647873854,64
final_prompt,23,15,-1.0002329631034494e-07,-0.0009486176378190333,0.0009486176378190333,0.5,-4.1580662145427686e-05,4.1380615552806996e-05,64
response_mean,12,26,7.076441761434899e-07,0.0009448664829483989,0.0009448664829483989,0.5,-0.00028383775043037886,0.00028525303878266584,64
response_mean,1,23,1.4733923308062746e-06,0.0009388276761942759,0.0009388276761942759,0.484375,0.0005645224227919039,-0.0005615756381302914,64
public_task_span,1,14,-2.0659081201286167e-06,-0.000936448268951158,0.000936448268951158,0.5,-0.00035122433109791495,0.0003470925148576577,64
response_mean,3,26,6.11318864684855e-06,0.0009324022384570616,0.0009324022384570616,0.5,0.0019209075053367832,-0.0019086811280430859,64
final_prompt,9,28,8.61934523754826e-09,0.0009303131857131428,0.0009303131857131428,0.5,-4.7010320969320674e-08,6.424901144441709e-08,64
response_first,32,14,2.706531176910085e-07,0.0009296549043475632,0.0009296549043475632,0.5,4.375600087768255e-05,-4.321469464230054e-05,64
final_prompt,2,16,6.788453902117908e-06,0.0009295992356858511,0.0009295992356858511,0.5,0.0018343948522670118,-0.0018208179444627762,64
response_first,35,11,-3.8029611459806675e-07,-0.0009281819557832621,0.0009281819557832621,0.5,-0.00023536452954427353,0.0002346039373150774,64
response_mean,7,30,4.708610390475997e-08,0.0009250773855768411,0.0009250773855768411,0.5,-8.658582828511653e-07,9.600304906606853e-07,64
response_first,27,7,-1.0221242519110516e-07,-0.0009247874200391231,0.0009247874200391231,0.5,-4.83608341710234e-05,4.815640932064119e-05,64
response_mean,4,12,7.68583845456132e-06,0.000920686715786547,0.000920686715786547,0.5,0.002379671719609166,-0.0023643000427000438,64
response_mean,1,2,2.363853127456718e-06,0.000912415206509197,0.000912415206509197,0.5,0.00014018525689606993,-0.00013545755064115652,64
response_first,13,5,1.8400845647641329e-07,0.0009124107930536411,0.0009124107930536411,0.5,6.408198260028761e-06,-6.040181347075935e-06,64
response_first,18,2,2.3474278521916653e-08,0.0009107062330095628,0.0009107062330095628,0.5,-7.65451338224699e-06,7.701461939290825e-06,64
response_first,26,8,6.808232200228383e-09,0.000909543519837077,0.000909543519837077,0.5,-8.482062128223333e-07,8.618226772227899e-07,64
public_task_span,23,17,-1.8154605641223746e-07,-0.0009088279121670444,0.0009088279121670444,0.5,2.3866105493653335e-05,-2.4229197606477806e-05,64
public_task_span,3,27,-5.659419002768226e-06,-0.0009087638356752586,0.0009087638356752586,0.5,0.0012458115124900399,-0.0012571303504955765,64
final_prompt,9,19,7.198902030047738e-10,0.0009057500388830382,0.0009057500388830382,0.5,-1.2028114271256385e-07,1.2172092311857338e-07,64
response_first,19,24,-5.025748056593415e-08,-0.000904383904832299,0.000904383904832299,0.5,-7.942531065839588e-06,7.84201610470772e-06,64
public_task_span,13,30,-3.776508492616109e-07,-0.0009016495955395316,0.0009016495955395316,0.5,-0.00010733564977271528,0.00010658034807419205,64
response_first,6,15,3.995871338703574e-06,0.000900222488899415,0.000900222488899415,0.5,0.000986465073765447,-0.00097847333108804,64
final_prompt,10,11,5.438852212945113e-08,0.0008977917535221218,0.0008977917535221218,0.5,-3.0354548243819827e-06,3.144231868640885e-06,64
response_mean,10,13,-4.810208338296813e-07,-0.0008977811173796683,0.0008977811173796683,0.5,1.2421372957753123e-05,-1.3383414625412509e-05,64
response_first,8,3,2.943927484035905e-07,0.0008977143920204524,0.0008977143920204524,0.5,-0.00011171484811709968,0.00011230363361390686,64
public_task_span,4,5,-5.0817670853530155e-06,-0.0008965590493448096,0.0008965590493448096,0.5,0.0014316209826574812,-0.0014417845168281877,64
final_prompt,14,2,2.502951019774183e-07,0.0008952762249373171,0.0008952762249373171,0.5,1.6150556803024545e-06,-1.1144654763476179e-06,64
response_mean,2,16,-2.4860855774047575e-06,-0.0008933231936183964,0.0008933231936183964,0.5,-0.0002005692876991693,0.00019559711654435982,64
final_prompt,30,23,7.920147026887246e-08,0.0008910337568029203,0.0008910337568029203,0.5,-1.682000311120625e-05,1.6978406051744e-05,64
final_prompt,26,29,-9.8271266324449e-07,-0.0008860927745466927,0.0008860927745466927,0.5,-0.00016068992749751203,0.0001587245021710231,64
response_mean,15,22,-3.825448402415545e-08,-0.0008857186714815121,0.0008857186714815121,0.484375,-3.0236270731688624e-07,2.2585373926857619e-07,64
final_prompt,7,21,2.4374412532680455e-07,0.0008820266659791333,0.0008820266659791333,0.515625,8.20830136944867e-05,-8.159552544383309e-05,64
final_prompt,4,20,3.689084223884619e-06,0.000881695857992033,0.000881695857992033,0.5,0.001008119809739597,-0.0010007416412918277,64
response_mean,2,13,-2.896580554084035e-06,-0.0008773928340978515,0.0008773928340978515,0.515625,1.8162427295462637e-05,-2.395558840363076e-05,64
response_mean,2,2,5.581432560573785e-06,0.000873776008935449,0.000873776008935449,0.5,0.0017695462884148596,-0.0017583834232937122,64
public_task_span,13,11,2.095528195411589e-08,0.0008734704819315973,0.0008734704819315973,0.484375,5.83316467128725e-06,-5.791254107379018e-06,64
public_task_span,5,17,4.799930366056215e-06,0.0008721905769020959,0.0008721905769020959,0.5,0.001395568085627025,-0.0013859682248949124,64
public_task_span,6,18,-3.6154742701860563e-06,-0.0008696120960046365,0.0008696120960046365,0.515625,0.0010675335415726386,-0.0010747644901130111,64
public_task_span,34,17,1.9209710444126934e-07,0.0008664680042035806,0.0008664680042035806,0.5,-5.915641168029364e-05,5.9540605889176195e-05,64
public_task_span,18,22,1.4055704014031168e-06,0.000865780643937186,0.000865780643937186,0.5,-0.00029076121245451877,0.000293572353257325,64
final_prompt,16,16,1.0541282335975005e-07,0.000862107242400756,0.000862107242400756,0.5,7.526190756838599e-06,-7.315365110119099e-06,64
response_mean,4,5,2.2643536112795576e-06,0.000861925792416817,0.000861925792416817,0.5,0.0006827852425885845,-0.0006782565353660253,64
response_mean,1,7,-4.0089889807534175e-07,-0.0008576465786498235,0.0008576465786498235,0.5,1.6826485079939362e-05,-1.7628282876090026e-05,64
final_prompt,1,8,-1.2832115316976022e-06,-0.0008574561105536561,0.0008574561105536561,0.5,0.0005616031739918838,-0.0005641695970552789,64
final_prompt,13,0,-6.850262934808646e-08,-0.0008566602905641421,0.0008566602905641421,0.5,-3.420140146206158e-06,3.2831348875099833e-06,64
public_task_span,8,14,-2.169931576662425e-07,-0.0008521527137661851,0.0008521527137661851,0.5,-8.27588155517488e-06,7.841895239842383e-06,64
response_mean,1,22,2.2813219402453508e-06,0.0008470185328541722,0.0008470185328541722,0.5,0.00031930438126435615,-0.00031474173738386534,64
public_task_span,4,23,7.775575795676126e-06,0.0008456566096724853,0.0008456566096724853,0.5,0.0015842608554521784,-0.0015687097038608261,64
final_prompt,12,1,1.5504701877539883e-07,0.0008450809374458856,0.0008450809374458856,0.5,9.866647815209347e-06,-9.556553777658558e-06,64
response_mean,6,15,-2.7499345378622134e-06,-0.0008417303401822839,0.0008417303401822839,0.5,0.0006534941103382236,-0.0006589939794139479,64
final_prompt,2,11,-1.2332759524743924e-06,-0.0008391485869041029,0.0008391485869041029,0.5,0.00016520158851564005,-0.00016766814042058864,64
response_first,23,16,1.0373632619575801e-08,0.0008384992542180454,0.0008384992542180454,0.5,-5.471686819191746e-07,5.679159471583262e-07,64
response_first,1,30,-1.0049852789944657e-06,-0.0008345869672112911,0.0008345869672112911,0.5,-0.0002856664214050403,0.0002836564508470514,64
response_first,4,28,3.4464683267281134e-06,0.0008329577395870164,0.0008329577395870164,0.5,0.0008579957902839032,-0.0008511028536304469,64
final_prompt,3,31,-7.4144621748947846e-06,-0.0008273611700904563,0.0008273611700904563,0.5,0.0022176319134814626,-0.0022324608378312518,64
response_first,0,17,7.812486728625427e-07,0.0008260192820239525,0.0008260192820239525,0.5,0.0004934158087053008,-0.0004918533113595757,64
public_task_span,20,27,1.8687987903859445e-06,0.0008222418332335027,0.0008222418332335027,0.5,-5.216665886108432e-05,5.5904256441856206e-05,64
public_task_span,32,12,2.1921732695879377e-07,0.0008163130460511854,0.0008163130460511854,0.515625,-4.337543214204343e-05,4.381386679596101e-05,64
response_mean,6,14,-6.358713108054414e-06,-0.0008156376577421429,0.0008156376577421429,0.5,0.0015845955986151252,-0.0015973130248312342,64
response_mean,11,9,1.5457870005962815e-07,0.0008137713959986319,0.0008137713959986319,0.5,2.754077812028205e-05,-2.723162072016279e-05,64
public_task_span,4,2,-1.0470577763043408e-05,-0.0008134684502454701,0.0008134684502454701,0.5,0.0028934278998349345,-0.002914369055361022,64
response_first,5,25,9.36033688958256e-06,0.0008131354352140489,0.0008131354352140489,0.5,0.0032916472118813328,-0.0032729265381021668,64
final_prompt,0,4,-1.9614890334188664e-06,-0.0008110821894788592,0.0008110821894788592,0.5,0.0011553899239515669,-0.0011593129020184046,64
response_first,3,28,5.771943051513517e-06,0.000808499254691826,0.000808499254691826,0.5,0.001843841913796497,-0.0018322980276934706,64
response_first,5,10,1.064780525439281e-05,0.0008058071682283677,0.0008058071682283677,0.5,0.003610957023624902,-0.003589661413116117,64
final_prompt,31,17,-7.671087587240603e-08,-0.000805214708646929,0.000805214708646929,0.515625,-3.6501506542658074e-05,3.634808479091326e-05,64
final_prompt,9,18,5.145186499078136e-09,0.0008051033827592875,0.0008051033827592875,0.5,-2.192160692082723e-06,2.2024510650808793e-06,64
public_task_span,4,31,-2.9482175705180386e-06,-0.0008012335115098726,0.0008012335115098726,0.5,0.0009806576922528542,-0.0009865541273938903,64
response_mean,4,31,3.895493136946482e-07,0.000792964573919102,0.000792964573919102,0.5,0.00017385642627231178,-0.00017307732764492247,64
response_mean,8,28,-1.3685765054524508e-07,-0.0007929473970821236,0.0007929473970821236,0.5,5.209733593857445e-05,-5.2371051239664954e-05,64
final_prompt,30,4,-1.7707759525176922e-07,-0.0007912165636162679,0.0007912165636162679,0.484375,-2.0701351672869526e-05,2.0347196482365998e-05,64
response_first,7,6,8.149733332629694e-09,0.0007816809246901201,0.0007816809246901201,0.484375,-2.8877800843929435e-06,2.904079551058203e-06,64
final_prompt,4,22,3.513086994648483e-06,0.0007810717449473538,0.0007810717449473538,0.5,0.0002748541446635687,-0.00026782797067427186,64
final_prompt,12,11,3.071707794794954e-07,0.0007804262815046783,0.0007804262815046783,0.5,-0.00012011035789782238,0.0001207246994567814,64
public_task_span,3,15,7.543931133113585e-06,0.000779408652323078,0.000779408652323078,0.484375,0.0020839833305217404,-0.0020688954682555128,64
response_first,26,0,4.422217898557107e-07,0.0007791544332077284,0.0007791544332077284,0.515625,-6.299277447396187e-05,6.38772180536733e-05,64
response_mean,0,5,1.2358286767296506e-06,0.0007745577545997498,0.0007745577545997498,0.5,0.0007877097159507563,-0.0007852380585972969,64
response_mean,6,4,-7.842820195948252e-06,-0.0007702209895316059,0.0007702209895316059,0.5,0.0027615519502432865,-0.002777237590635184,64
final_prompt,5,22,4.584731257751694e-06,0.0007678544010396641,0.0007678544010396641,0.5,0.0017294200368667115,-0.0017202505743512083,64
response_mean,7,11,-1.368325683881127e-07,-0.0007665066139838308,0.0007665066139838308,0.5,2.433365830256829e-05,-2.4607323439344525e-05,64
response_mean,10,10,-1.114240149031232e-06,-0.0007642948001619406,0.0007642948001619406,0.5,-2.4976734493975013e-05,2.2748254195912542e-05,64
post_selector,2,4,2.1455762180279777e-06,0.000761609867615149,0.000761609867615149,0.5,0.0003803866020461935,-0.00037609544961013754,64
response_mean,31,11,8.562710718268976e-07,0.0007591916960171546,0.0007591916960171546,0.515625,-0.00039834861581765515,0.000400061157961309,64
response_mean,19,17,-5.456859071279591e-07,-0.0007453041619900805,0.0007453041619900805,0.515625,-4.760716274176477e-05,4.651579092750892e-05,64
final_prompt,6,21,2.130193024638138e-06,0.0007412249576786903,0.0007412249576786903,0.5,0.000652418468234824,-0.0006481580821855478,64
response_first,4,14,7.5464340625372005e-06,0.0007406121876406929,0.0007406121876406929,0.5,0.0024964044205262464,-0.0024813115524011716,64
response_mean,6,28,-2.1692326299714375e-06,-0.0007386863887237548,0.0007386863887237548,0.5,0.00038468132242996315,-0.00038901978768990603,64
response_first,0,8,1.6570884326889886e-06,0.0007361872079815222,0.0007361872079815222,0.5,0.0003382198192411875,-0.00033490564237580926,64
response_mean,13,4,-1.7251086603902436e-07,-0.0007234525925893583,0.0007234525925893583,0.5,2.329619766782639e-05,-2.3641219399904426e-05,64
response_mean,5,28,-1.000201848456539e-06,-0.0007229326737466764,0.0007229326737466764,0.5,0.00037270012282419776,-0.0003747005265211109,64
final_prompt,13,16,1.8101127352526902e-07,0.000720502457637907,0.000720502457637907,0.484375,-6.930440940777476e-05,6.966643195482528e-05,64
public_task_span,4,26,-5.136387699172123e-06,-0.0007179312087256949,0.0007179312087256949,0.5,0.001840881552197961,-0.001851154327596305,64
response_first,6,25,-1.8702698980628096e-06,-0.000717584616804174,0.000717584616804174,0.5,0.0006433784383261807,-0.0006471189781223062,64
public_task_span,28,18,2.943220351921472e-07,0.0007171421049378234,0.0007171421049378234,0.5,-0.00013950624975221486,0.00014009489382259916,64
response_first,0,19,1.0978792488446098e-06,0.0007155246617497233,0.0007155246617497233,0.5,0.0005395865673563007,-0.0005373908088586115,64
response_first,9,8,7.472557683687017e-08,0.0007081698119593463,0.0007081698119593463,0.5,-4.2702875163056694e-05,4.2852326316730434e-05,64
public_task_span,32,14,-7.712344540620894e-08,-0.0007046304108139598,0.0007046304108139598,0.484375,-1.7102980336850374e-05,1.694873344603796e-05,64
final_prompt,28,12,1.3884309737492901e-06,0.0007033573643313147,0.0007033573643313147,0.515625,-0.00014777052638236508,0.00015054738832986372,64
response_mean,3,14,-6.17923251411477e-06,-0.0007024442405047342,0.0007024442405047342,0.5,0.002205898637839713,-0.002218257102867941,64
public_task_span,3,4,-7.068084414642859e-06,-0.0007022179186035182,0.0007022179186035182,0.5,0.0027537078303794173,-0.002767843999208703,64
response_mean,1,17,8.266943041171512e-07,0.0007021527423089131,0.0007021527423089131,0.5,0.00024082401068879373,-0.00023917062208055935,64
final_prompt,15,22,-1.430428042681342e-08,-0.0006995885516622435,0.0006995885516622435,0.5,-4.0193518060505085e-06,3.990743245196882e-06,64
response_mean,4,0,6.129737812440709e-06,0.0006990103439785596,0.0006990103439785596,0.5,0.0007959900322021125,-0.0007837305565772311,64
public_task_span,5,21,-5.2271211643527575e-06,-0.000696125912820969,0.000696125912820969,0.5,0.0018464558788764572,-0.0018569101212051627,64
response_mean,5,5,-3.6114715840065894e-06,-0.0006935839545716088,0.0006935839545716088,0.5,0.0009803206721699191,-0.0009875436153379325,64
final_prompt,5,27,-8.704767424210337e-06,-0.0006882490583725658,0.0006882490583725658,0.5,0.0029939730893602146,-0.0030113826242086352,64
final_prompt,8,6,-4.5299748307695805e-07,-0.000685405635648744,0.000685405635648744,0.5,-0.00026458928732606986,0.0002636832923599159,64
response_mean,5,22,-5.557036274695163e-06,-0.0006848619231311207,0.0006848619231311207,0.5,0.002238962738829284,-0.0022500768113786745,64
response_first,14,8,-1.0781946002815699e-07,-0.0006841722205553687,0.0006841722205553687,0.5,-5.893484512856178e-06,5.677845592799862e-06,64
response_mean,8,17,5.65088544135766e-06,0.0006789441762565308,0.0006789441762565308,0.5,0.002603999595521581,-0.002592697824638866,64
final_prompt,11,8,-9.234707221139615e-09,-0.0006786925171503933,0.0006786925171503933,0.5,-3.8583157930816014e-06,3.839846378639322e-06,64
final_prompt,4,9,8.589781032248894e-06,0.0006704852024777456,0.0006704852024777456,0.5,0.003270163148499729,-0.003252983586435232,64
final_prompt,2,20,-4.9733697551350604e-06,-0.000667451791143465,0.000667451791143465,0.5,0.0020267666282052046,-0.0020367133677154747,64
final_prompt,18,27,-1.1139492528297297e-07,-0.0006653748421348701,0.0006653748421348701,0.5,4.1451524793961075e-05,-4.167431464452701e-05,64
response_mean,3,10,3.4313261494266136e-06,0.000663905506626818,0.000663905506626818,0.5,0.00011973142682109375,-0.00011286877452224066,64
final_prompt,5,20,6.062967941035087e-07,0.000663129687330156,0.000663129687330156,0.5,0.00026376923764814396,-0.00026255664405993695,64
response_mean,5,18,-3.6999822441395602e-06,-0.0006608997086762651,0.0006608997086762651,0.5,0.001584371984790766,-0.0015917719492790452,64
response_mean,4,17,6.702558493998584e-06,0.000660815397119423,0.000660815397119423,0.5,0.0027110142800666004,-0.0026976091630786033,64
response_first,18,25,-1.5921952201125578e-08,-0.0006600333008778271,0.0006600333008778271,0.5,4.514627257812265e-06,-4.546471162214516e-06,64
final_prompt,22,27,7.261918177903226e-09,0.0006588570118762418,0.0006588570118762418,0.5,-2.9980398750240056e-06,3.012563711379812e-06,64
response_mean,3,20,-1.9626168068484007e-06,-0.0006559964274959518,0.0006559964274959518,0.5,-0.0005346127254597188,0.0005306874918460218,64
public_task_span,23,2,1.5982789137021798e-07,0.000654693987134972,0.000654693987134972,0.5,-3.821823520410732e-05,3.8537890986847765e-05,64
public_task_span,2,18,3.271608875367012e-06,0.0006527933065818201,0.0006527933065818201,0.5,0.0026464814000064377,-0.002639938182255704,64
final_prompt,2,1,1.7666188796305903e-06,0.0006523428646913926,0.0006523428646913926,0.5,0.0009435083247808344,-0.0009399750870215731,64
response_mean,1,12,1.0356689017421616e-06,0.0006497880478239669,0.0006497880478239669,0.5,5.800031794932816e-05,-5.59289801458437e-05,64
response_mean,2,22,4.612853672372025e-06,0.0006472816745764638,0.0006472816745764638,0.5,0.0019147092871207956,-0.0019054835797760513,64
response_mean,2,8,1.1909341992615485e-06,0.0006445483046459593,0.0006445483046459593,0.5,0.00047751449164934977,-0.0004751326232508266,64
final_prompt,9,3,-9.53755119326166e-09,-0.0006368968108979774,0.0006368968108979774,0.5,-1.324196219343321e-06,1.3051211169567978e-06,64
final_prompt,14,8,3.1982942516876475e-08,0.0006365973106636737,0.0006365973106636737,0.5,-1.1343848328238812e-05,1.1407814213272565e-05,64
response_first,0,16,7.356361493213261e-07,0.0006356373996920405,0.0006356373996920405,0.5,0.0005205367192502024,-0.0005190654469515597,64
post_selector,1,21,-8.17312684375294e-06,-0.0006327794416785232,0.0006327794416785232,0.5,0.0009130678372457628,-0.0009294140909332687,64
public_task_span,31,0,-6.676673365332814e-07,-0.0006255719923595393,0.0006255719923595393,0.5,-0.0005136322506586904,0.0005122969159856238,64
public_task_span,27,9,-1.5333853297908484e-07,-0.0006219478044201266,0.0006219478044201266,0.484375,-0.0001769003874869342,0.00017659371042097604,64
response_mean,34,15,4.888297553419039e-07,0.0006201138741877113,0.0006201138741877113,0.5,-0.00034738818430921623,0.00034836584381990013,64
final_prompt,8,31,-8.514088989386437e-09,-0.0006188680705584499,0.0006188680705584499,0.5,-2.167249455453657e-06,2.150221277474884e-06,64
response_mean,3,31,5.831625458085042e-06,0.0006153809273909879,0.0006153809273909879,0.515625,0.0026136593494356882,-0.002601996098519518,64
final_prompt,16,4,1.7309215394334387e-08,0.0006153693730221225,0.0006153693730221225,0.5,3.0060448992230704e-06,-2.971426468434401e-06,64
response_mean,5,27,8.641036345122862e-06,0.0006140346961500891,0.0006140346961500891,0.5,0.003947421463749376,-0.00393013939105913,64
response_mean,6,16,-3.662677045212408e-06,-0.0006139121123825617,0.0006139121123825617,0.5,0.0009478613137616907,-0.0009551866678521156,64
response_mean,0,8,-6.208920240203205e-07,-0.0006130341701236215,0.0006130341701236215,0.5,0.0003578125651983718,-0.0003590543492464125,64
final_prompt,12,22,3.937321935153979e-08,0.0006125420675634299,0.0006125420675634299,0.5,-1.6454358842560235e-05,1.6533105281263314e-05,64
response_first,5,23,7.519101700380641e-06,0.0006098711832506227,0.0006098711832506227,0.5,0.003503123318296274,-0.0034880851148955117,64
response_first,2,22,-4.167482984489116e-06,-0.000609817897722432,0.000609817897722432,0.5,0.0016567873208259687,-0.001665122286794947,64
response_mean,5,10,7.473669029422819e-06,0.0006088015170201754,0.0006088015170201754,0.5,0.0034256679423379007,-0.003410720604279055,64
final_prompt,14,15,4.515447926529469e-08,0.0006058299898748936,0.0006058299898748936,0.5,1.8902404917750662e-05,-1.8812095959220075e-05,64
response_first,2,17,-9.903542377210408e-07,-0.0006057880645153051,0.0006057880645153051,0.5,-0.00020763175416503127,0.0002056510456895892,64
final_prompt,34,12,2.395370302179592e-07,0.0006014576769628676,0.0006014576769628676,0.5,2.540959030744175e-06,-2.0618849703082463e-06,64
response_mean,5,16,3.771861315725192e-06,0.0005993283781125183,0.0005993283781125183,0.5,0.0017836453212112342,-0.0017761015985797836,64
response_first,4,20,-5.678272827934353e-06,-0.0005980717866552712,0.0005980717866552712,0.5,0.0025287443768320372,-0.0025401009224879064,64
final_prompt,3,24,3.744451532836481e-06,0.0005966634332664057,0.0005966634332664057,0.5,0.0013549596210395854,-0.0013474707179739118,64
public_task_span,30,2,-2.3685242922487235e-07,-0.0005956461404278533,0.0005956461404278533,0.5,-0.00017380314602631584,0.00017332944116786608,64
response_mean,0,31,4.1688940654806514e-07,0.0005928473578685873,0.0005928473578685873,0.5,0.0002611454046927893,-0.00026031162587969323,64
response_mean,4,7,6.674734322591799e-06,0.0005927612539553579,0.0005927612539553579,0.5,0.002722074637858909,-0.002708725169213725,64
response_first,28,10,1.1846896086358213e-07,0.0005925728713547148,0.0005925728713547148,0.5,-9.214030342262583e-05,9.237724134435299e-05,64
response_mean,3,0,1.7156999092489997e-06,0.0005924850775081325,0.0005924850775081325,0.5,0.0006020052824169471,-0.000598573882598449,64
final_prompt,2,17,-7.956068657205941e-07,-0.0005905425169844134,0.0005905425169844134,0.484375,0.0002012472450587835,-0.0002028384587902246,64
response_mean,18,21,1.7696966096983135e-06,0.000590263510001073,0.000590263510001073,0.515625,9.573557144904922e-05,-9.219617822965245e-05,64
response_first,0,30,1.2275712606458502e-06,0.0005897716771009093,0.0005897716771009093,0.5,0.0009085749695714036,-0.000906119827050112,64
public_task_span,34,18,2.1290873064572224e-08,0.0005888764509050246,0.0005888764509050246,0.5,-7.675547635699331e-06,7.718129381828476e-06,64
response_first,0,27,-5.767411494162476e-06,-0.0005812460709600601,0.0005812460709600601,0.5,-0.0043261610553599755,0.00431462623237165,64
response_mean,35,29,-2.75220372717033e-07,-0.0005790094268635237,0.0005790094268635237,0.484375,-2.5218409064110623e-05,2.4667968318676557e-05,64
public_task_span,2,1,-3.658238711074695e-06,-0.0005777714330490625,0.0005777714330490625,0.5,0.0013700982344744257,-0.0013774147118965747,64
final_prompt,10,13,8.366237124990746e-08,0.0005756062337147651,0.0005756062337147651,0.5,8.58029147820739e-06,-8.412966735707577e-06,64
response_first,4,23,-3.5689533888260197e-06,-0.0005719271530015477,0.0005719271530015477,0.5,0.0016178121536540807,-0.0016249500604317328,64
public_task_span,22,17,2.9085276764703695e-07,0.000570878193335124,0.000570878193335124,0.5,-0.00026818256264957315,0.0002687642681848672,64
public_task_span,26,31,6.824338925056695e-07,0.000567044424579394,0.000567044424579394,0.484375,-0.0005804290867672377,0.0005817939545522491,64
public_task_span,5,3,1.9867075025062787e-06,0.0005659822716484958,0.0005659822716484958,0.5,0.0009388738235429626,-0.00093490040853795,64
response_mean,5,25,-4.980747689845282e-06,-0.0005657932363040608,0.0005657932363040608,0.5,0.0024733319296501594,-0.00248329342502985,64
response_mean,17,18,-1.4723372032583364e-07,-0.0005656402556130817,0.0005656402556130817,0.5,4.558244177132081e-05,-4.587690921197247e-05,64
response_first,1,4,-1.760363943503741e-08,-0.0005640670514909985,0.0005640670514909985,0.5,-5.0445695478629204e-06,5.009362268992845e-06,64
response_mean,4,22,2.1040177671266427e-06,0.0005625751745668011,0.0005625751745668011,0.5,0.0003930377861252325,-0.0003888297505909796,64
response_mean,4,9,6.061717158448859e-06,0.0005624924909444762,0.0005624924909444762,0.5,0.002588425246358405,-0.0025763018120415074,64
public_task_span,0,20,9.407240213412102e-07,0.0005532800562327881,0.0005532800562327881,0.5,-0.0001476359448133858,0.0001495173928560682,64
response_first,30,31,2.61175330255783e-08,0.0005527794007957258,0.0005527794007957258,0.484375,-8.335293330217394e-06,8.38752839626855e-06,64
final_prompt,4,27,5.547981913879476e-06,0.0005510044162264211,0.0005510044162264211,0.5,0.002861093547835486,-0.0028499975840077275,64
public_task_span,30,12,-5.2882455746817455e-08,-0.0005497238666200934,0.0005497238666200934,0.46875,-2.6772556338977207e-05,2.6666791427483565e-05,64
public_task_span,17,22,-4.623962013280153e-07,-0.0005486674446139025,0.0005486674446139025,0.5,-0.00016000725463526604,0.00015908246223261,64
response_mean,11,2,2.2801543764114398e-07,0.0005472181884164818,0.0005472181884164818,0.5,4.535293328450322e-06,-4.079262453168037e-06,64
public_task_span,26,6,5.623478500672852e-07,0.0005406147630910637,0.0005406147630910637,0.5,7.26104617570039e-05,-7.14857660568693e-05,64
public_task_span,4,11,3.818858203883768e-06,0.0005369253224675556,0.0005369253224675556,0.5,0.001575144613525496,-0.0015675068971177282,64
response_mean,6,18,-1.6239648630299894e-06,-0.0005365883561192173,0.0005365883561192173,0.515625,0.0006859181862637406,-0.0006891661159898007,64
response_first,20,2,1.4479118704323953e-07,0.0005357048811022777,0.0005357048811022777,0.515625,-7.280063647384832e-05,7.30902188479348e-05,64
final_prompt,18,4,1.922728642966831e-08,0.0005353341790071911,0.0005353341790071911,0.5,1.414356489704005e-06,-1.3759019168446684e-06,64
response_mean,6,29,1.5643072401908768e-06,0.0005341583607718432,0.0005341583607718432,0.5,0.00024665117416591267,-0.00024352255968553075,64
response_mean,3,30,-4.992903427588919e-06,-0.0005335531771919266,0.0005335531771919266,0.515625,0.002653684372944552,-0.0026636701797997293,64
response_mean,23,27,1.082418776832128e-08,0.0005316177322481549,0.0005316177322481549,0.515625,-3.695587565744063e-06,3.7172359412807054e-06,64
public_task_span,8,10,5.5220993999883156e-08,0.0005265962622237058,0.0005265962622237058,0.484375,-1.4949221167620903e-05,1.5059663155620676e-05,64
public_task_span,25,22,2.1935193217050486e-07,0.0005228465532956257,0.0005228465532956257,0.5,-2.827355547196098e-05,2.8712259336302005e-05,64
public_task_span,3,8,-6.484086043198676e-06,-0.000521747476543965,0.000521747476543965,0.5,0.00012293775216676512,-0.0001359059242531628,64
final_prompt,0,11,-9.136022072390887e-08,-0.000518745446722962,0.000518745446722962,0.5,6.888109896861757e-05,-6.906381941006538e-05,64
response_first,0,11,-2.981719262572032e-07,-0.0005165317937580497,0.0005165317937580497,0.5,1.2267986676312874e-05,-1.286433052882728e-05,64
response_first,1,15,1.519589204690148e-06,0.0005126875524262434,0.0005126875524262434,0.5,2.2481754967879666e-05,-1.944257655849947e-05,64
public_task_span,5,9,2.272910933240536e-06,0.0005114053955759387,0.0005114053955759387,0.5,0.0003476159254205345,-0.00034307010355405303,64
response_first,1,2,1.1840093066000675e-06,0.0005108348549669007,0.0005108348549669007,0.5,-0.0002814587351167501,0.0002838267537299499,64
public_task_span,26,2,1.0297535482061944e-06,0.0005070247275247674,0.0005070247275247674,0.5,-0.00011408915452192504,0.00011614866161833743,64
response_mean,22,14,-8.566601081852964e-07,-0.0005035622846300254,0.0005035622846300254,0.546875,-0.0003797121430579782,0.0003779988228416075,64
response_mean,5,21,-4.816469072471989e-06,-0.0004984302972533142,0.0004984302972533142,0.5,0.0027426843546436326,-0.002752317292788577,64
final_prompt,10,25,1.3906099382748123e-08,0.0004959334802023432,0.0004959334802023432,0.515625,4.794884986811447e-07,-4.516762999156485e-07,64
response_first,10,31,-1.981377408815588e-07,-0.0004956445798103738,0.0004956445798103738,0.5,5.1085170525753386e-05,-5.148144600751653e-05,64
public_task_span,1,25,-1.9068793335500037e-06,-0.0004934246146357565,0.0004934246146357565,0.5,0.0003448701754677969,-0.000348683934134897,64
final_prompt,15,11,2.8437469267671185e-08,0.000490944844229485,0.000490944844229485,0.5,4.731444363413783e-06,-4.674569424878443e-06,64
final_prompt,5,21,-1.1753594364432977e-06,-0.0004906172475678669,0.0004906172475678669,0.5,0.0006856587355201765,-0.0006880094543930631,64
response_first,3,3,1.1625261322478764e-06,0.0004904730601727046,0.0004904730601727046,0.5,0.0007319308388105009,-0.0007296057865460053,64
final_prompt,9,20,8.757524483346623e-08,0.0004879781904482875,0.0004879781904482875,0.5,9.524390407017843e-06,-9.349239917350912e-06,64
response_mean,11,17,-7.930639185362395e-07,-0.0004863276543348897,0.0004863276543348897,0.5,-0.00025554235980961525,0.0002539562319725428,64
response_mean,4,11,3.8016892176527843e-06,0.00048457947431164265,0.00048457947431164265,0.5,0.0015682931471019527,-0.0015606897686666471,64
public_task_span,33,21,2.4400378606077936e-07,0.00048442779075005994,0.00048442779075005994,0.5,-0.0002704872622416391,0.00027097526981376065,64
public_task_span,3,16,3.375549567864104e-06,0.00048168776188145567,0.00048168776188145567,0.5,-0.0012096959690097563,0.0012164470681454843,64
response_first,5,12,1.5425939636801536e-06,0.0004779093433743843,0.0004779093433743843,0.5,0.0005272295093163941,-0.0005241443213890338,64
response_mean,0,6,2.718018095062595e-07,0.0004776888800659246,0.0004776888800659246,0.5,0.00022246596017794107,-0.00022192235655892854,64
response_mean,4,14,4.656344572139719e-06,0.0004771326379723934,0.0004771326379723934,0.5,0.0025710832051118082,-0.002561770515967529,64
response_first,0,5,-9.19537342267872e-07,-0.00047381308100552126,0.00047381308100552126,0.5,0.0005630365994875174,-0.0005648756741720533,64
final_prompt,7,22,1.6700096239203495e-07,0.0004733577283772237,0.0004733577283772237,0.5,-4.5433654804580794e-05,4.576765672936487e-05,64
public_task_span,4,12,-3.5079292501897412e-06,-0.00047298653459275684,0.00047298653459275684,0.515625,0.00206927559975156,-0.002076291458251939,64
response_mean,5,6,2.2617195121203866e-06,0.0004713329547681567,0.0004713329547681567,0.5,0.001337775764170598,-0.001333252325146357,64
final_prompt,10,15,-2.0927814148308244e-08,-0.0004709563465417475,0.0004709563465417475,0.5,-5.5759676342859166e-06,5.5341120059893e-06,64
response_mean,2,20,4.030114951092075e-06,0.000470357044258286,0.000470357044258286,0.5,0.002433401753023628,-0.0024253415231214447,64
public_task_span,0,22,-1.2173882169562341e-07,-0.00046985343561365463,0.00046985343561365463,0.5,1.99901837731821e-05,-2.0233661416573357e-05,64
public_task_span,3,12,4.835277621849246e-06,0.00046883328861386234,0.00046883328861386234,0.5,0.002796535142010731,-0.0027868645867670317,64
response_mean,34,14,-1.6054218576623238e-07,-0.0004680658728154131,0.0004680658728154131,0.484375,0.00010570179165369519,-0.00010602287602522764,64
final_prompt,12,21,-1.8534410629054443e-07,-0.0004672457548124948,0.0004672457548124948,0.5,-0.00012477367772589313,0.00012440298951331202,64
public_task_span,5,30,1.2448542747758818e-06,0.0004664223673939586,0.0004664223673939586,0.5,0.0007335565201174182,-0.0007310668115678667,64
final_prompt,5,25,-4.131806690560588e-06,-0.00046567712525516275,0.00046567712525516275,0.5,0.0022525529493577783,-0.002260816562738899,64
public_task_span,0,12,-3.230088623240807e-06,-0.0004647505866862002,0.0004647505866862002,0.5,-0.0002447342558298282,0.00023827407858334677,64
final_prompt,7,31,1.0749806734043155e-07,0.0004613677510996646,0.0004613677510996646,0.5,1.0868006029334609e-05,-1.0653009894653749e-05,64
final_prompt,31,2,6.039244908624862e-07,0.0004603416748712767,0.0004603416748712767,0.5,9.337926894658431e-05,-9.217141996485934e-05,64
response_first,15,1,1.8572745830591024e-07,0.0004590568958192132,0.0004590568958192132,0.5,8.241021532739428e-05,-8.203876041078245e-05,64
final_prompt,5,26,-6.764441877745581e-06,-0.00045863787701176954,0.00045863787701176954,0.5,0.004100261034636787,-0.0041137899183922785,64
response_first,33,27,3.4837000840562075e-08,0.00045639346852445196,0.00045639346852445196,0.5,2.1628746708292844e-05,-2.1559072706611722e-05,64
response_mean,2,17,1.5690384316276564e-06,0.00045352841029896215,0.00045352841029896215,0.5,9.708655124997343e-05,-9.394847438671806e-05,64
final_prompt,0,30,-1.0595413186830253e-06,-0.000452219192999558,0.000452219192999558,0.5,0.0009473591298956058,-0.0009494782125329716,64
final_prompt,0,19,5.43916939929216e-07,0.00045138954946276837,0.00045138954946276837,0.5,0.0006485267367679309,-0.0006474389028880725,64
public_task_span,35,7,2.1797404770040885e-08,0.0004497997339005693,0.0004497997339005693,0.5,-5.411844654190645e-06,5.455439463730727e-06,64
public_task_span,27,3,-3.318302788141857e-08,-0.00044894657633798345,0.00044894657633798345,0.5,-3.2658027521394565e-05,3.2591661465631726e-05,64
final_prompt,1,0,-2.1305795598840877e-06,-0.0004440973976421478,0.0004440973976421478,0.484375,-0.00046580239722970385,0.00046154123810993557,64
response_mean,6,7,3.410543286006321e-06,0.000441288331999435,0.000441288331999435,0.5,0.0013023933570366249,-0.0012955722704646126,64
response_first,8,0,8.864217306854126e-07,0.00043875760936186193,0.00043875760936186193,0.5,-6.150510671432613e-05,6.327795017569692e-05,64
public_task_span,32,16,-2.2023550627310616e-07,-0.0004386769039419128,0.0004386769039419128,0.5,-0.00017290722826144604,0.00017246675724889984,64
response_mean,27,3,-1.1869616400872474e-09,-0.00043805552589062295,0.00043805552589062295,0.5,1.4956400917753854e-07,-1.5193793245771306e-07,64
public_task_span,18,20,1.3668422980088474e-06,0.00043623550938468654,0.00043623550938468654,0.5,0.0008267520879598907,-0.000824018403363873,64
response_first,8,7,1.3093085726694073e-06,0.0004341514840125959,0.0004341514840125959,0.484375,0.0012005386197415418,-0.0011979200025962029,64
final_prompt,0,21,-2.0194738681290577e-06,-0.0004304865012107035,0.0004304865012107035,0.5,-0.00038090763155196046,0.00037686868381570245,64
public_task_span,1,7,6.453064997853956e-07,0.00043009435360764686,0.00043009435360764686,0.484375,0.00037799439814988485,-0.00037670378515031406,64
public_task_span,12,16,2.2596668714047703e-07,0.00042495298432056454,0.00042495298432056454,0.484375,2.002480323427175e-05,-1.957286985999077e-05,64
response_mean,2,23,2.0616621441195155e-06,0.0004249469373503237,0.0004249469373503237,0.5,0.0015062868169479755,-0.0015021634926597365,64
response_mean,0,11,-1.2499845070496833e-07,-0.00041980414543420935,0.00041980414543420935,0.5,7.111374952726733e-05,-7.136374642867724e-05,64
response_first,1,8,-2.2388485376637188e-06,-0.00041930622032489834,0.00041930622032489834,0.5,0.001629742408113092,-0.0016342201051884188,64
response_first,2,18,1.0515177564188617e-06,0.00041022996977543874,0.00041022996977543874,0.5,0.0011995073728030274,-0.0011974043372901893,64
final_prompt,5,24,4.000925628133158e-06,0.00040691884071602055,0.00040691884071602055,0.5,0.002641226234118224,-0.0026332243828619583,64
final_prompt,16,5,-7.173664329229935e-09,-0.0004031008787357505,0.0004031008787357505,0.515625,-3.259122678400672e-06,3.2447753497422127e-06,64
public_task_span,35,20,3.962877599418118e-07,0.000401606749655635,0.000401606749655635,0.5,-0.0003913932905561301,0.00039218586607601383,64
response_mean,0,2,1.7365255189365455e-07,0.00040159656816603424,0.00040159656816603424,0.5,-0.00010681832600310795,0.00010716563110689527,64
final_prompt,0,5,4.312896635390415e-07,0.0004009894162353137,0.0004009894162353137,0.5,-0.00017862653476186254,0.00017948911408894057,64
response_mean,0,0,1.2673008313867382e-06,0.0003990722865568511,0.0003990722865568511,0.5,-0.0015953060501487702,0.0015978406518115437,64
response_mean,4,28,-1.4551587810215938e-06,-0.0003980260545950062,0.0003980260545950062,0.5,0.0004692467464337814,-0.00047215706399582455,64
response_first,6,17,3.5906987250422734e-07,0.0003969982989654374,0.0003969982989654374,0.5,0.0002405751060905385,-0.00023985696634553006,64
response_mean,11,12,-8.313609214412993e-07,-0.00039596776157997275,0.00039596776157997275,0.5,0.00027349487572792875,-0.0002751575975708115,64
public_task_span,3,21,-4.051362338943821e-06,-0.00039480413819132943,0.00039480413819132943,0.5,-0.0025100501807173627,0.0025019474560394753,64
response_mean,19,19,1.4688572491349593e-07,0.00039332537748486317,0.00039332537748486317,0.484375,-8.889723801530966e-05,8.919100946513665e-05,64
response_mean,1,8,9.117393347020538e-07,0.00039015200072852266,0.00039015200072852266,0.5,0.00010581833703327527,-0.00010399485836387106,64
public_task_span,3,25,-1.582945060353677e-06,-0.000390133339689113,0.000390133339689113,0.5,0.0012292616966078575,-0.001232427586728565,64
final_prompt,6,31,1.37124857249628e-07,0.00038699258751255256,0.00038699258751255256,0.5,8.596708903496579e-05,-8.569283932046653e-05,64
response_first,5,15,9.010618668993365e-07,0.00038616887433761245,0.00038616887433761245,0.5,-0.00036654727591666647,0.00036834939965046525,64
final_prompt,17,30,-3.301570572489254e-09,-0.0003834282011219748,0.0003834282011219748,0.5,4.604939363161975e-07,-4.67097077461176e-07,64
public_task_span,6,5,-7.453818398061598e-07,-0.00038286783662886585,0.00038286783662886585,0.5,4.982743121218722e-06,-6.473506800831069e-06,64
final_prompt,32,30,-5.681800985672092e-08,-0.0003819887300156764,0.0003819887300156764,0.5,3.445654800771005e-05,-3.4570184027423484e-05,64
response_mean,4,8,-3.463971779635376e-06,-0.0003817364983467186,0.0003817364983467186,0.5,0.0024194414395424264,-0.0024263693831016965,64
response_mean,5,24,-4.063812184547811e-06,-0.0003789435996886647,0.0003789435996886647,0.484375,0.0029420635401038427,-0.002950191164472939,64
final_prompt,0,2,1.1501324479422088e-06,0.000377474735820455,0.000377474735820455,0.5,-3.62833961844344e-05,3.858366108031876e-05,64
response_mean,0,22,-5.152851372203172e-07,-0.00037695388276395066,0.00037695388276395066,0.5,-0.00042476656017240307,0.0004237359898979625,64
final_prompt,16,3,2.243593400019196e-08,0.00037357212809167986,0.00037357212809167986,0.5,5.837080202297556e-06,-5.792208334297174e-06,64
public_task_span,6,26,-5.929841790971568e-07,-0.0003730239801912078,0.0003730239801912078,0.5,0.0002829511486197527,-0.00028413711697794714,64
response_first,15,8,6.292398211403197e-07,0.00037299635587212116,0.00037299635587212116,0.5,-0.0006876996640130406,0.0006889581436553212,64
final_prompt,0,0,4.844667273572222e-06,0.00036671735888126663,0.00036671735888126663,0.5,-0.005731512879719937,0.0057412022142670814,64
final_prompt,3,0,5.649199010814595e-07,0.0003630941950765734,0.0003630941950765734,0.5,-2.0170729840178112e-05,2.1300569642341058e-05,64
final_prompt,5,6,1.6469722332595072e-06,0.0003622632890236746,0.0003622632890236746,0.5,0.001274255436129575,-0.0012709614916630555,64
response_first,32,1,-2.8092472348568883e-08,-0.0003588123116963411,0.0003588123116963411,0.5,-3.189898723120816e-05,3.184280228651102e-05,64
final_prompt,0,27,-8.343995432391095e-07,-0.0003585666363255134,0.0003585666363255134,0.5,-0.001185351313324625,0.001183682514238147,64
final_prompt,8,30,-2.8570781296438474e-08,-0.00035630760445431976,0.00035630760445431976,0.5,4.186533601573248e-06,-4.24367516416613e-06,64
response_mean,15,10,5.0750287525288524e-08,0.0003560910235722108,0.0003560910235722108,0.5,-7.833640341913541e-05,7.843790399418598e-05,64
response_first,4,16,-3.9170022319069166e-06,-0.0003517199666031187,0.0003517199666031187,0.5,0.002914274036811552,-0.0029221080412753656,64
response_first,1,16,3.6461256058267365e-07,0.0003512741603570156,0.0003512741603570156,0.5,-0.0001506381668150404,0.00015136739193620573,64
response_mean,0,25,8.735378287395417e-07,0.0003493399476500878,0.0003493399476500878,0.5,0.0010311530795661162,-0.0010294060039086372,64
response_mean,6,26,5.776955731573452e-07,0.0003474229684731436,0.0003474229684731436,0.5,0.0003770836374314961,-0.00037592824628518147,64
response_mean,1,24,-5.688671080890785e-07,-0.00034551369631953256,0.00034551369631953256,0.5,0.00025314828963018444,-0.0002542860238463625,64
final_prompt,2,10,1.958958819155078e-06,0.00034186256108113,0.00034186256108113,0.5,0.0018023310913122018,-0.0017984131736738917,64
public_task_span,29,17,-4.77823959951025e-07,-0.00034075859718838634,0.00034075859718838634,0.484375,0.0001386152835038915,-0.00013957093142379356,64
public_task_span,2,0,-1.908378180818783e-06,-0.00033891938932768687,0.00033891938932768687,0.5,-0.0009269819202017906,0.0009231651638401531,64
response_mean,5,26,4.497677764452208e-06,0.0003332275401324698,0.0003332275401324698,0.5,0.003841987369924033,-0.0038329920143951287,64
response_mean,0,9,1.2810943417207454e-08,0.0003317942520326536,0.0003317942520326536,0.5,1.3580176357663731e-05,-1.3554554470829316e-05,64
response_mean,0,20,4.1082239477189527e-07,0.0003289717281077123,0.0003289717281077123,0.5,-0.00013602288527180315,0.0001368445300613469,64
response_mean,0,30,3.237628334338447e-07,0.00032818944052489255,0.00032818944052489255,0.5,0.000479236832234157,-0.00047858930656728926,64
response_first,5,5,-1.8853033907326481e-06,-0.0003279354174485514,0.0003279354174485514,0.5,0.0009407322340848688,-0.0009445028408663343,64
response_mean,4,15,3.4406193663014725e-06,0.0003227375995169803,0.0003227375995169803,0.5,0.0030061162251513495,-0.002999234986418746,64
final_prompt,12,9,-4.016688137580701e-08,-0.00032193314631326163,0.00032193314631326163,0.484375,-4.326989136415155e-05,4.3189557601399945e-05,64
response_mean,3,4,2.338157173653382e-06,0.0003215707447376059,0.0003215707447376059,0.5,0.0016275218858936653,-0.0016228455715463592,64
public_task_span,14,25,1.4837473827587078e-07,0.000320150751621469,0.000320150751621469,0.5,5.142012651050397e-05,-5.112337703395224e-05,64
public_task_span,12,2,-1.3078897609530594e-07,-0.00031626909586943825,0.00031626909586943825,0.5,-6.835778140157186e-05,6.809620344938125e-05,64
response_mean,8,9,-9.051355220688383e-09,-0.00031576594683455084,0.00031576594683455084,0.5,8.086089692935772e-06,-8.104192403377148e-06,64
response_first,18,13,1.6565945770550703e-07,0.0003146073091882294,0.0003146073091882294,0.5,0.00031279917675416924,-0.00031246785783875823,64
public_task_span,0,25,1.4567258404007987e-06,0.00031122270266077407,0.00031122270266077407,0.5,0.0024111487327900098,-0.002408235281109208,64
public_task_span,18,29,-1.210758455275063e-06,-0.000309523678111802,0.000309523678111802,0.5,0.0007852326725696719,-0.0007876541894802218,64
final_prompt,35,2,7.50035269467588e-08,0.0003093715018585228,0.0003093715018585228,0.5,-5.0830845793811805e-05,5.0980852847705316e-05,64
public_task_span,3,31,2.5717889684494233e-06,0.0003068835844612539,0.0003068835844612539,0.515625,0.002096358308790531,-0.002091214730853631,64
final_prompt,0,18,1.0642706911328408e-06,0.0003059053447718911,0.0003059053447718911,0.5,0.0019008899071195407,-0.001898761365737275,64
response_first,32,4,-3.686159288727721e-08,-0.00030449101772287807,0.00030449101772287807,0.5,-3.5947761034538305e-05,3.587403784876376e-05,64
final_prompt,1,25,-1.5645491657267013e-07,-0.0003039043365910725,0.0003039043365910725,0.5,0.00023217801935969276,-0.00023249092919283806,64
response_first,0,29,-4.4181069824942855e-07,-0.00030261138206984814,0.00030261138206984814,0.5,0.0006726435094606009,-0.0006735271308570996,64
final_prompt,0,17,8.300812623998621e-07,0.00030135564785805844,0.00030135564785805844,0.5,0.0015722677453595493,-0.0015706075828347491,64
response_mean,5,23,3.050985071694238e-06,0.0003013254309663352,0.0003013254309663352,0.5,0.0028763993625489084,-0.0028702973924055195,64
response_mean,2,12,8.790739229919305e-07,0.0003009541583188478,0.0003009541583188478,0.5,-2.9882030503340233e-05,3.164017834932407e-05,64
response_first,33,8,1.938093419333088e-08,0.00029800532211975844,0.00029800532211975844,0.515625,-3.244874574192298e-05,3.2487507610309644e-05,64
public_task_span,6,12,-1.1889842426183453e-06,-0.0002971791443785365,0.0002971791443785365,0.5,0.0012097552862542073,-0.001212133254739444,64
response_first,7,28,-1.51708832159822e-08,-0.00029576454584554976,0.00029576454584554976,0.5,-1.199486376886812e-06,1.1691446104548484e-06,64
public_task_span,5,22,-1.7875149751461327e-06,-0.0002949391258925501,0.0002949391258925501,0.5,0.001551850517898857,-0.0015554255478491498,64
final_prompt,5,0,-3.622093345332901e-07,-0.00029178280593085827,0.00029178280593085827,0.5,0.00032282218603540394,-0.0003235466047044705,64
public_task_span,19,12,2.207375473532299e-07,0.0002879255604983603,0.0002879255604983603,0.515625,-0.00022045885498299294,0.00022090033007769936,64
response_mean,27,9,-8.186168543069745e-08,-0.000287062143488009,0.000287062143488009,0.5,-7.021113447079674e-05,7.004741109993537e-05,64
public_task_span,35,5,9.066911844097364e-08,0.0002859748125935331,0.0002859748125935331,0.5,-4.476612366487967e-05,4.494746190176162e-05,64
final_prompt,13,22,2.635719198451625e-09,0.0002833092418998214,0.0002833092418998214,0.5,-4.0115570243415277e-07,4.06427140831056e-07,64
response_mean,7,0,4.3787713365842627e-07,0.0002826495215144629,0.0002826495215144629,0.5,-7.270120386237332e-05,7.357695812969028e-05,64
final_prompt,5,19,2.8223212211739897e-06,0.00027994000352051646,0.00027994000352051646,0.5,0.0028719707488562528,-0.0028663261064139035,64
response_mean,7,7,4.403767306276736e-08,0.0002795785872428962,0.0002795785872428962,0.5,3.414100702058946e-05,-3.405293167446393e-05,64
response_first,2,24,9.275972843151057e-07,0.0002762531646032128,0.0002762531646032128,0.5,0.0008922727793105789,-0.0008904175847419488,64
public_task_span,3,30,3.0291687380743903e-06,0.0002756547795819516,0.0002756547795819516,0.5,0.0028363174033074904,-0.002830259065831341,64
public_task_span,5,18,-2.384203980913455e-06,-0.0002755108566210585,0.0002755108566210585,0.515625,0.00245224552600121,-0.0024570139339630363,64
response_first,0,20,-4.453854671760413e-07,-0.0002749734256132103,0.0002749734256132103,0.5,-0.0004470435023904434,0.00044615273145609123,64
response_mean,12,6,-2.5586041374394547e-07,-0.00027269572008369346,0.00027269572008369346,0.5,-0.00014187494684846433,0.00014136322602097647,64
response_first,4,13,-3.7706040529844435e-06,-0.00027117743463114915,0.00027117743463114915,0.484375,0.004068989314873752,-0.004076530522979721,64
response_first,7,31,-1.1089616691644807e-07,-0.00027103770808627474,0.00027103770808627474,0.5,-8.820300740807354e-05,8.798121507424065e-05,64
response_first,8,10,1.3316139302332886e-09,0.0002699534495692107,0.0002699534495692107,0.5,-9.204925177641599e-07,9.231557456246264e-07,64
public_task_span,4,9,-2.002644123427419e-06,-0.0002686782991640498,0.0002686782991640498,0.5,0.0015708629707660232,-0.001574868259012878,64
final_prompt,29,25,-1.7854963516631913e-06,-0.0002677838080468184,0.0002677838080468184,0.53125,-0.0020675714149547293,0.0020640004222514034,64
public_task_span,29,30,1.1226404694753e-08,0.0002675695072275984,0.0002675695072275984,0.5,-3.53191273916309e-06,3.554365548552596e-06,64
response_mean,4,27,1.3740396411782022e-06,0.0002649794880607938,0.0002649794880607938,0.5,0.0014963259130809092,-0.0014935778337985526,64
final_prompt,4,11,-3.0702867661563764e-06,-0.00026366381434685506,0.00026366381434685506,0.5,0.002839845846210674,-0.002845986419742987,64
final_prompt,0,10,6.606171609746419e-09,0.00026218602258089736,0.00026218602258089736,0.5,6.714611117786262e-06,-6.701398774566769e-06,64
final_prompt,6,17,4.10211811189198e-08,0.0002592038383674316,0.0002592038383674316,0.53125,4.278726811435063e-05,-4.2705225752112796e-05,64
public_task_span,29,23,-9.264658729629835e-08,-0.00025600675402796336,0.00025600675402796336,0.5,-0.00014972717053749737,0.00014954187736290476,64
public_task_span,13,15,8.438222564354068e-09,0.0002547466836052026,0.0002547466836052026,0.5,-4.405392068917895e-06,4.422268514046603e-06,64
public_task_span,4,15,-2.4103310352010946e-06,-0.0002542637328672218,0.0002542637328672218,0.5,0.0025059219433387764,-0.0025107426054091784,64
response_mean,4,10,2.2595459086028344e-06,0.00025363919049429807,0.00025363919049429807,0.5,0.0020923721167491805,-0.002087853024931975,64
final_prompt,10,7,1.4145314252508833e-08,0.00025278695820017547,0.00025278695820017547,0.5,-1.1244727147639003e-05,1.1273017776144016e-05,64
response_first,4,26,2.7716971544588815e-06,0.000248378172515892,0.000248378172515892,0.5,0.003097418128618308,-0.0030918747343093907,64
public_task_span,15,10,2.8199053757403157e-08,0.00024147570555227887,0.00024147570555227887,0.5,-4.351520135514432e-05,4.357159946265913e-05,64
final_prompt,2,29,-2.5843644380100714e-06,-0.00023994020533697028,0.00023994020533697028,0.5,0.0030709286111232394,-0.0030760973399992595,64
response_first,15,23,1.0623129043097189e-09,0.0002388352780500214,0.0002388352780500214,0.5,-1.2579234009990614e-06,1.2600480268076808e-06,64
final_prompt,11,30,-1.0859025678751313e-08,-0.000238610384668733,0.000238610384668733,0.5,-1.1824010130108518e-05,1.1802292078751015e-05,64
final_prompt,19,5,8.484130376340033e-08,0.00023842484825444302,0.00023842484825444302,0.5,-5.068663540441349e-05,5.0856318011940283e-05,64
response_first,1,3,-7.296912372162351e-07,-0.00023780307202497846,0.00023780307202497846,0.5,-0.0005473161108966501,0.0005458567284222176,64
public_task_span,2,15,1.0133953765071538e-06,0.00023738548256460788,0.00023738548256460788,0.5,-0.00035375468723940976,0.0003557814779924244,64
response_mean,10,25,4.0040330163152534e-08,0.00023291805409327086,0.00023291805409327086,0.5,5.490131871254489e-05,-5.482123805221857e-05,64
final_prompt,7,30,-1.2090950463061745e-09,-0.00023235144403065705,0.00023235144403065705,0.5,-2.5659959135282406e-07,2.541814012602117e-07,64
response_first,0,0,-3.408567863531248e-07,-0.00023115571182647903,0.00023115571182647903,0.5,-0.00040183610690292264,0.0004011543933302164,64
response_mean,0,13,7.185226422718296e-07,0.00022329860432703744,0.00022329860432703744,0.5,-0.0012152810377301499,0.0012167180830146935,64
response_mean,4,21,-1.609760147398549e-06,-0.000221089944415734,0.000221089944415734,0.5,0.0009427984987269281,-0.0009460180190217251,64
public_task_span,0,26,1.6322064765889806e-07,0.00021728086025394534,0.00021728086025394534,0.5,0.00012215903916511928,-0.00012183259786980147,64
response_mean,4,2,2.5254289539569565e-06,0.00021652112612717965,0.00021652112612717965,0.5,0.003202108097866594,-0.00319705723995868,64
public_task_span,3,24,-1.486097517042922e-06,-0.00021540419231082345,0.00021540419231082345,0.5,0.0018159244673370315,-0.0018188966623711171,64
response_first,4,10,-2.173379471059455e-06,-0.0002148973238529051,0.0002148973238529051,0.5,0.002699333488635597,-0.0027036802475777152,64
public_task_span,5,24,-1.9682693164222234e-06,-0.00021403256196144508,0.00021403256196144508,0.5,0.002624303615448281,-0.002628240154081126,64
response_first,21,11,1.5828640620441092e-09,0.0002091458267867315,0.0002091458267867315,0.53125,-3.1730463962986732e-06,3.1762121244227615e-06,64
response_mean,0,21,3.013883542754645e-07,0.00020757764353472084,0.00020757764353472084,0.5,-7.506528709200196e-05,7.566806380055293e-05,64
public_task_span,5,10,-8.20943569125078e-07,-0.00020726996731782588,0.00020726996731782588,0.5,0.0012863838055636593,-0.0012880256927019092,64
response_mean,4,23,-1.2236273505553596e-06,-0.00020057216937976674,0.00020057216937976674,0.5,0.0015875744143159037,-0.0015900216690170146,64
response_mean,5,31,1.7779757399632263e-06,0.00019906423404560694,0.00019906423404560694,0.515625,0.0018946932195831462,-0.0018911372681032202,64
response_first,7,7,-1.7618742020886202e-09,-0.00019897840063042886,0.00019897840063042886,0.5,5.635971245254721e-07,-5.671208729296496e-07,64
public_task_span,0,23,3.1357012630877496e-07,0.0001988891083949448,0.0001988891083949448,0.5,-0.00017319414109806305,0.00017382128135068055,64
response_first,0,23,2.0829156710575438e-07,0.00019791616662375678,0.00019791616662375678,0.5,-0.0003092880069743696,0.0003097045901085811,64
public_task_span,7,6,-1.3883241223311416e-09,-0.00019425266522413222,0.00019425266522413222,0.5,-5.981023978307577e-07,5.953257495860953e-07,64
response_first,4,17,2.0064023829057843e-06,0.0001916780517981866,0.0001916780517981866,0.46875,0.002891466278015294,-0.0028874534732494825,64
response_mean,13,6,2.7097399879365584e-08,0.00018990313799631303,0.00018990313799631303,0.5,3.0400231423744643e-05,-3.034603662398591e-05,64
final_prompt,8,11,-1.9292087924725095e-08,-0.00018961227537204139,0.00018961227537204139,0.5,-1.3491937522748338e-05,1.3453353346898891e-05,64
public_task_span,1,13,-5.96520749237818e-07,-0.00018716926510884844,0.00018716926510884844,0.5,-0.0015270916774170274,0.0015258986359185517,64
public_task_span,32,1,6.851087164287133e-08,0.00018716736771381019,0.00018716736771381019,0.5,-9.170129033007663e-05,9.183831207336236e-05,64
response_mean,0,4,2.495098669906456e-07,0.00018715998556827196,0.00018715998556827196,0.5,0.0006143858990981156,-0.0006138868793641344,64
final_prompt,0,31,3.3623837225360857e-07,0.0001865642979057016,0.0001865642979057016,0.5,0.0008763572586758287,-0.0008756847819313214,64
final_prompt,0,9,-1.3258977560156373e-07,-0.00018293100815266225,0.00018293100815266225,0.5,0.00017187297635245312,-0.00017213815590365626,64
final_prompt,16,21,-1.429472718212823e-08,-0.00018253113366946893,0.00018253113366946893,0.5,-1.6699348179827306e-05,1.667075872546305e-05,64
final_prompt,11,17,9.763624575986288e-09,0.0001824359719702737,0.0001824359719702737,0.5,-1.8827467272328145e-05,1.8846994521480118e-05,64
response_first,14,21,-1.0292581009753704e-08,-0.00018189048151878406,0.00018189048151878406,0.5,-2.4532671432069427e-06,2.432681981187435e-06,64
public_task_span,32,25,2.8288241079408726e-08,0.00018063008945686068,0.00018063008945686068,0.5,3.0248884740997027e-05,-3.0192308258838206e-05,64
response_first,0,6,2.3272241379375055e-07,0.00017810325820550075,0.00017810325820550075,0.5,0.0004835242598346688,-0.0004830588150070813,64
public_task_span,21,21,5.5776808952237935e-08,0.00017803782855262823,0.00017803782855262823,0.5,-0.00010022461174229511,0.00010033616536019957,64
final_prompt,22,26,1.9215974588928763e-08,0.00017748647950093752,0.00017748647950093752,0.5,-1.8277689946440676e-05,1.8316121895618537e-05,64
final_prompt,14,6,5.759645204951112e-09,0.00017497495394697054,0.00017497495394697054,0.5,-6.8446870358218426e-06,6.856206326231745e-06,64
public_task_span,9,30,-3.9595313694462675e-09,-0.00017130443937557043,0.00017130443937557043,0.484375,9.321943823081824e-06,-9.329862885820717e-06,64
response_mean,0,12,-4.660687409281704e-07,-0.0001712520992932624,0.0001712520992932624,0.5,-0.0015540635067736407,0.0015531313692917843,64
response_first,0,10,-3.110976649610159e-07,-0.00017111528222267695,0.00017111528222267695,0.5,0.0004530590767899218,-0.00045368127211984374,64
response_mean,4,16,-1.5958762560315618e-06,-0.0001706277916092964,0.0001706277916092964,0.5,0.0023451991974070665,-0.0023483909499191304,64
final_prompt,0,28,-6.277541615380347e-07,-0.00016860217858468676,0.00016860217858468676,0.5,0.0018908688925875885,-0.0018921244009106647,64
final_prompt,15,18,-1.3054410885615653e-09,-0.00016776110927347286,0.00016776110927347286,0.5,-7.184247365898955e-07,7.158138544127723e-07,64
public_task_span,10,23,-2.0571314962436466e-07,-0.00016683460163264874,0.00016683460163264874,0.5,-0.00016438466263934287,0.00016397323634009413,64
public_task_span,35,1,1.6463673090101025e-08,0.00016670386176620598,0.00016670386176620598,0.5,1.5750709280831198e-05,-1.5717781934651e-05,64
response_mean,0,23,1.1671181709443747e-07,0.000166251589406473,0.000166251589406473,0.5,-0.00011436423665145056,0.0001145976602856394,64
response_first,8,6,-5.179153959108956e-07,-0.0001652818054614506,0.0001652818054614506,0.5,0.00027712570954463325,-0.00027816154033645496,64
final_prompt,0,15,-4.161574906886125e-08,-0.00015826681172209357,0.00015826681172209357,0.5,-1.532661781311408e-05,1.5243386314976363e-05,64
response_mean,2,21,1.003998477246918e-06,0.0001554628829226239,0.0001554628829226239,0.5,0.002215488602814728,-0.002213480605860234,64
response_mean,0,14,4.2495958041314336e-07,0.0001518882163302841,0.0001518882163302841,0.5,-0.000831363649922416,0.0008322135690832423,64
response_mean,0,27,-8.273855201000125e-07,-0.00014820349956739317,0.00014820349956739317,0.5,-0.0028689016762655064,0.002867246905225306,64
post_selector,30,26,2.0468621641765998e-07,0.00014698272066201694,0.00014698272066201694,0.53125,-0.00021690795460927362,0.00021731732704210907,64
response_mean,2,30,-7.296366675279284e-07,-0.00014573012027965345,0.00014573012027965345,0.515625,0.0010470858906046578,-0.0010485451639397141,64
final_prompt,3,16,1.385851646771945e-06,0.0001443427407538984,0.0001443427407538984,0.5,0.0007731654477538624,-0.0007703937444603187,64
response_mean,2,29,1.4576908142743383e-06,0.0001439750983939601,0.0001439750983939601,0.5,0.00300179034456958,-0.002998874962941031,64
public_task_span,3,29,9.074738045516603e-07,0.00014069204213773562,0.00014069204213773562,0.5,0.0014938546119083313,-0.0014920396642992282,64
response_first,0,12,-4.616158548750122e-07,-0.00014051416523124354,0.00014051416523124354,0.5,-0.0008874110790202344,0.0008864878473104845,64
response_first,0,31,5.7947488587372674e-08,0.00013895500887998406,0.00013895500887998406,0.5,0.0001479535494581761,-0.00014783765448100135,64
response_mean,4,18,1.296671143791498e-06,0.00013569015008733248,0.00013569015008733248,0.5,0.002367958619288413,-0.0023653652770008297,64
public_task_span,28,9,-4.514799911958575e-08,-0.00013368180971566116,0.00013368180971566116,0.5,-8.86731354512462e-05,8.858283945300705e-05,64
response_first,0,25,3.5310586099370574e-07,0.00013165982448066005,0.00013165982448066005,0.5,0.0010659287781891124,-0.001065222566467125,64
response_first,5,21,1.0231623264164756e-06,0.00013085664689818806,0.00013085664689818806,0.515625,0.0022550592536845046,-0.002253012929031672,64
response_first,6,3,1.9890831026402587e-07,0.00013073983862076544,0.00013073983862076544,0.5,2.537906129873745e-05,-2.4981244678209358e-05,64
public_task_span,2,30,-6.731170287875652e-07,-0.0001280599452182431,0.0001280599452182431,0.5,0.0011763353468268157,-0.0011776815808843906,64
public_task_span,34,13,-1.1043994162804928e-08,-0.00012781023912008453,0.00012781023912008453,0.5,-2.1371830825953668e-05,2.1349742837628057e-05,64
public_task_span,5,26,-1.5406039892682834e-06,-0.0001208727381519746,0.0001208727381519746,0.5,0.0036069517409487214,-0.003610032948927258,64
response_mean,4,26,-7.731423465902722e-07,-0.00011994213144279844,0.00011994213144279844,0.515625,0.0017603521800992972,-0.001761898464792478,64
response_first,4,11,8.587849151851052e-07,0.0001119679863031855,0.0001119679863031855,0.5,0.0014165473612593065,-0.0014148297914289365,64
final_prompt,0,29,3.9099541027073144e-07,0.00011148892089474265,0.00011148892089474265,0.5,-0.0010135333577636556,0.0010143153485841969,64
response_mean,10,22,-3.598051989977463e-08,-0.00011121433016494966,0.00011121433016494966,0.5,-0.00010923470972556157,0.00010916274868576202,64
final_prompt,0,25,-2.546705672997005e-07,-0.00010767613219188602,0.00010767613219188602,0.5,0.0012086535584785356,-0.001209162899613135,64
response_mean,0,10,-6.796267370989709e-08,-0.00010645305295045856,0.00010645305295045856,0.5,0.00015906836733846656,-0.0001592042926858864,64
response_mean,3,25,-1.2178966244385126e-06,-0.00010604939333403199,0.00010604939333403199,0.5,0.003260924233472886,-0.0032633600267217627,64
response_mean,12,1,-4.5037268141186497e-08,-0.00010560464237563423,0.00010560464237563423,0.5,5.364487788028125e-05,-5.373495241656365e-05,64
response_first,19,5,5.69466465121257e-08,0.00010392402725736987,0.00010392402725736987,0.5,3.23665262840249e-05,-3.225263299100062e-05,64
response_mean,0,29,1.7404818208824476e-07,0.00010121976485753974,0.00010121976485753974,0.5,0.0006916330457897705,-0.000691284949425594,64
response_first,5,27,-1.3490993069332179e-06,-9.99170977514978e-05,9.99170977514978e-05,0.5,0.003608008306059666,-0.003610706504673532,64
public_task_span,4,16,6.519885573666668e-07,9.960047957653015e-05,9.960047957653015e-05,0.5,0.0014173748731991635,-0.0014160708960844304,64
public_task_span,2,29,8.501119737072639e-07,9.587115235144506e-05,9.587115235144506e-05,0.515625,0.0026690745544328855,-0.0026673743304854707,64
response_mean,2,18,3.3396645449053136e-07,9.437236717923669e-05,9.437236717923669e-05,0.5,0.0010882954084081562,-0.001087627475499175,64
response_first,5,11,-1.3085323189441275e-06,-9.327416669540371e-05,9.327416669540371e-05,0.5,0.003955904843678598,-0.003958521908316486,64
final_prompt,17,12,1.8762989383268043e-08,9.197885747127554e-05,9.197885747127554e-05,0.5,-3.1979475352274964e-05,3.20170013310415e-05,64
final_prompt,0,13,1.1956217347460483e-08,8.911100507798909e-05,8.911100507798909e-05,0.5,4.084667853020562e-05,-4.08227660955107e-05,64
public_task_span,0,24,1.2891723600290786e-07,8.878546757032398e-05,8.878546757032398e-05,0.5,2.716122980928428e-05,-2.6903395337278372e-05,64
final_prompt,3,20,1.6876947483750128e-07,7.983909112635427e-05,7.983909112635427e-05,0.5,-0.0003397946529730563,0.00034013219192273117,64
public_task_span,12,18,-2.2293534130284922e-07,-7.715891570766598e-05,7.715891570766598e-05,0.5,-0.00048075899030663744,0.0004803131196240318,64
public_task_span,8,23,-6.458913048156909e-08,-7.703370579282314e-05,7.703370579282314e-05,0.5,-0.00024538862271581997,0.0002452594444548568,64
response_first,1,13,6.323165848760208e-07,7.449883593045188e-05,7.449883593045188e-05,0.5,0.0007957901169675175,-0.0007945254837977655,64
public_task_span,5,25,8.015308594685067e-07,7.326786338797769e-05,7.326786338797769e-05,0.484375,0.003129856095256406,-0.00312825303353747,64
response_mean,4,6,6.786472113154071e-07,6.970492631092205e-05,6.970492631092205e-05,0.5,0.002844613049091984,-0.0028432557546693533,64
public_task_span,4,6,5.951469574945033e-07,6.645586197217587e-05,6.645586197217587e-05,0.515625,0.0023225564464155538,-0.002321366152500565,64
response_first,0,26,-4.979312961950623e-09,-6.411700395343717e-05,6.411700395343717e-05,0.5,-1.3966850701757168e-05,1.3956892075833267e-05,64
response_mean,6,2,-2.7789428714680145e-07,-6.396211635534427e-05,6.396211635534427e-05,0.5,0.0011606768148340035,-0.0011612326034082974,64
response_first,0,14,4.261673893773553e-07,6.122741740879907e-05,6.122741740879907e-05,0.5,-0.0005003383557777837,0.0005011906905565383,64
response_first,5,26,9.093403150496875e-07,6.046113198785879e-05,6.046113198785879e-05,0.5,0.004236107320821254,-0.004234288640191154,64
final_prompt,7,5,7.3665731271403885e-09,5.967333109504882e-05,5.967333109504882e-05,0.484375,-2.5836999910210605e-05,2.5851733056464885e-05,64
response_mean,5,19,-4.743625368032944e-07,-5.947063692814974e-05,5.947063692814974e-05,0.5,0.002163871676884814,-0.0021648204019584206,64
final_prompt,0,16,-2.326924004567607e-07,-5.857906876882084e-05,5.857906876882084e-05,0.5,0.002184269360441229,-0.002184734745242142,64
final_prompt,2,15,-2.4343717086724656e-07,-5.8296590117898624e-05,5.8296590117898624e-05,0.5,0.0006539547539432531,-0.0006544416282849876,64
response_mean,8,10,3.5633007655633264e-10,5.828478702836129e-05,5.828478702836129e-05,0.5,-1.9438470957311438e-06,1.9445597558842564e-06,64
final_prompt,10,27,1.31354926935514e-10,5.6088683686652453e-05,5.6088683686652453e-05,0.5,-2.540245107596206e-07,2.5428722061349163e-07,64
final_prompt,0,23,-2.2062158677716142e-07,-5.59400021520446e-05,5.59400021520446e-05,0.5,-0.0012752608599839652,0.0012748196168104109,64
final_prompt,1,16,-9.01854946307343e-09,-5.450919555343906e-05,5.450919555343906e-05,0.5,-2.6751509153650873e-05,2.6733472054724733e-05,64
response_mean,7,8,5.364313440038081e-09,5.2339222482702164e-05,5.2339222482702164e-05,0.5,-1.760046262688312e-05,1.7611191253763197e-05,64
public_task_span,16,1,2.8053136704922878e-08,4.7066304080597195e-05,4.7066304080597195e-05,0.5,0.00016990925632852252,-0.00016985315005511265,64
final_prompt,6,18,3.262022119069241e-08,4.400103209680764e-05,4.400103209680764e-05,0.484375,0.00018834944964396337,-0.000188284209201582,64
public_task_span,27,20,7.294147507815019e-08,4.0074062334608384e-05,4.0074062334608384e-05,0.5,-0.00025864937924779995,0.0002587952621979562,64
response_mean,7,2,3.057266439323263e-08,3.7982305400034556e-05,3.7982305400034556e-05,0.5,-0.00013708420829062687,0.0001371453536194134,64
final_prompt,2,22,-4.2843555547451666e-07,-3.705834479511736e-05,3.705834479511736e-05,0.5,0.0032657354327056795,-0.0032665923038166286,64
response_first,6,28,-1.5662044461437624e-07,-3.6374407726696644e-05,3.6374407726696644e-05,0.5,0.0008855701362335865,-0.0008858833771228148,64
response_mean,9,12,-4.437470125107367e-08,-3.5728929999491155e-05,3.5728929999491155e-05,0.5,-0.00018911011193267337,0.0001890213625301713,64
response_mean,0,26,3.61185357187341e-08,3.3814982788807765e-05,3.3814982788807765e-05,0.5,-0.00029447013093885624,0.0002945423680102937,64
final_prompt,6,4,-2.3660686565454662e-07,-3.380931546540462e-05,3.380931546540462e-05,0.5,0.0007144088667701062,-0.0007148820805014154,64
public_task_span,1,1,4.641697160624259e-08,2.9529690849935803e-05,2.9529690849935803e-05,0.5,0.0002751335669017906,-0.0002750407329585781,64
response_first,0,7,1.1528186399325407e-08,2.4205254138140206e-05,2.4205254138140206e-05,0.5,0.00021667550436174794,-0.00021665244798894933,64
response_mean,4,1,2.88468527288345e-07,2.1918725699513756e-05,2.1918725699513756e-05,0.515625,0.0030621572759628184,-0.0030615803389082413,64
final_prompt,4,31,9.605471975426122e-09,2.1080132172694076e-05,2.1080132172694076e-05,0.5,0.0001000348889590472,-0.00010001567801509639,64
public_task_span,15,5,2.9675675256385722e-09,2.0751510564658458e-05,2.0751510564658458e-05,0.515625,-9.467627023695253e-06,9.473562158746532e-06,64
final_prompt,10,24,3.1773197432009173e-09,1.830408799893611e-05,1.830408799893611e-05,0.5,-3.329571518405783e-05,3.3302069823544225e-05,64
final_prompt,0,14,-2.0139850673430533e-08,-1.6842011853331134e-05,1.6842011853331134e-05,0.5,7.341852870013809e-05,-7.34588084014849e-05,64
public_task_span,0,21,-3.3898686531419475e-08,-1.516665032461978e-05,1.516665032461978e-05,0.5,0.00031715873774372603,-0.0003172265351167887,64
response_mean,0,24,-5.0034145712456385e-09,-1.4844133861412368e-05,1.4844133861412368e-05,0.5,2.1780882889288227e-05,-2.179088971843072e-05,64
response_mean,11,11,-1.3129920264486078e-08,-1.2837718105914194e-05,1.2837718105914194e-05,0.5,4.2851864236562686e-05,-4.287812407709164e-05,64
response_first,0,13,6.733171176555655e-08,1.1768930527022869e-05,1.1768930527022869e-05,0.5,-0.0022474268043879407,0.002247561467811472,64
response_mean,6,13,6.913342076467297e-08,1.1374759382940873e-05,1.1374759382940873e-05,0.5,0.0011087254551966949,-0.0011085871883551655,64
response_first,0,4,-1.7840648068758033e-08,-1.129831540852989e-05,1.129831540852989e-05,0.5,0.0005345730369299318,-0.0005346087182260693,64
final_prompt,0,12,2.7657733847948225e-09,1.083633508464017e-05,1.083633508464017e-05,0.5,-2.5580740839355813e-05,2.5586272386125423e-05,64
final_prompt,0,22,-4.656612873075275e-10,-9.558279070598831e-06,9.558279070598831e-06,0.5,1.0495271794745229e-05,-1.0496203117319846e-05,64
response_first,0,24,8.636334313011807e-09,9.483908182784119e-06,9.483908182784119e-06,0.5,-1.0670381016103086e-05,1.0687653684729079e-05,64
response_mean,3,11,-6.937625585015476e-08,-5.669246651316388e-06,5.669246651316388e-06,0.5,-0.0021823160641360907,0.0021821773116243908,64
final_prompt,10,10,4.475850790097065e-10,5.5974776836972875e-06,5.5974776836972875e-06,0.5,-6.139714741949661e-06,6.140609912107682e-06,64
response_first,4,9,-7.541575541185688e-08,-5.192847181501103e-06,5.192847181501103e-06,0.5,0.003790045762798412,-0.003790196594309236,64
response_first,0,9,-4.487787919060793e-11,-2.4860730232688757e-06,2.4860730232688757e-06,0.5,3.071086752015617e-06,-3.0711765077739983e-06,64
public_task_span,10,28,-2.3715074236200777e-10,-2.4340966646234818e-06,2.4340966646234818e-06,0.5,3.1926538213146427e-06,-3.193128122799369e-06,64
final_prompt,0,24,7.128164734377984e-10,2.4014371017588075e-06,2.4014371017588075e-06,0.5,2.1901421973789108e-05,-2.189999634084224e-05,64
public_task_span,0,1,-1.2200871421844377e-09,-2.2383264900659703e-06,2.2383264900659703e-06,0.5,-0.00010185742667089688,0.00010185498649661248,64
response_first,0,28,-2.587796643638285e-11,-1.522434574452055e-06,1.522434574452055e-06,0.5,5.674149477385981e-06,-5.674201233318854e-06,64
final_prompt,5,9,3.779859971908225e-09,7.309271904270786e-07,7.309271904270786e-07,0.5,0.00015632896975146865,-0.00015632141003152502,64
response_first,0,15,7.275957614183426e-12,4.321491111753322e-07,4.321491111753322e-07,0.5,-4.249224730301648e-06,4.249239282216877e-06,64
pre_selector,5,27,-8.673617379884035e-19,-6.572434367347463e-17,6.572434367347463e-17,0.5,0.003791431617173647,-0.003791431617173647,64
pre_selector,8,6,8.131516293641283e-20,6.043707882688242e-17,6.043707882688242e-17,0.5,0.00024071150619418879,-0.00024071150619418876,64
pre_selector,6,14,3.2526065174565133e-19,5.870566555937172e-17,5.870566555937172e-17,0.5,0.0013670374819412315,-0.0013670374819412315,64
pre_selector,24,19,-4.336808689942018e-19,-5.4741631230676586e-17,5.4741631230676586e-17,0.5,-0.0003587199835237496,0.0003587199835237495,64
pre_selector,12,30,1.3552527156068805e-19,4.9771066284988506e-17,4.9771066284988506e-17,0.5,-0.00047974950666683454,0.0004797495066668346,64
pre_selector,5,13,3.2526065174565133e-19,4.8106185657086113e-17,4.8106185657086113e-17,0.5,0.0019251083756444166,-0.0019251083756444166,64
pre_selector,7,19,6.776263578034403e-21,4.709194478278722e-17,4.709194478278722e-17,0.5,3.5710480688117046e-06,-3.571048068811703e-06,64
pre_selector,3,19,-2.439454888092385e-19,-4.681878369815527e-17,4.681878369815527e-17,0.5,6.592752470178107e-06,-6.592752470178107e-06,64
pre_selector,14,8,5.421010862427522e-20,4.286685628234882e-17,4.286685628234882e-17,0.5,0.00019878291459462667,-0.00019878291459462667,64
pre_selector,4,18,-4.336808689942018e-19,-4.1284326770476195e-17,4.1284326770476195e-17,0.5,0.0027652680787468935,-0.002765268078746894,64
pre_selector,22,17,1.8973538018496328e-19,4.098439071118137e-17,4.098439071118137e-17,0.5,-0.0010908129734161884,0.0010908129734161888,64
pre_selector,16,24,-4.743384504624082e-20,-4.069232477825965e-17,4.069232477825965e-17,0.5,0.0004589823874994053,-0.0004589823874994052,64
pre_selector,35,20,-2.710505431213761e-20,-4.067676866504791e-17,4.067676866504791e-17,0.5,-0.0001664292794884983,0.00016642927948849826,64
pre_selector,6,3,-1.0842021724855044e-19,-3.91853691232277e-17,3.91853691232277e-17,0.5,0.0006867169104225381,-0.000686716910422538,64
pre_selector,35,15,1.6263032587282567e-19,3.9008948443810237e-17,3.9008948443810237e-17,0.5,-0.000514595914864917,0.0005145959148649172,64
pre_selector,2,12,-1.6263032587282567e-19,-3.9006889671616055e-17,3.9006889671616055e-17,0.5,8.5016701632425e-05,-8.501670163242494e-05,64
pre_selector,4,16,-4.336808689942018e-19,-3.8204567092862533e-17,3.8204567092862533e-17,0.5,0.003046657182949288,-0.0030466571829492885,64
pre_selector,17,12,-2.710505431213761e-20,-3.7849125576474224e-17,3.7849125576474224e-17,0.5,-5.47557747268051e-05,5.475577472680509e-05,64
pre_selector,20,10,-5.421010862427522e-20,-3.779117922116307e-17,3.779117922116307e-17,0.5,-0.00031426928580912495,0.00031426928580912495,64
pre_selector,2,26,1.6263032587282567e-19,3.742657570963018e-17,3.742657570963018e-17,0.5,0.00046756306255701257,-0.00046756306255701257,64
pre_selector,21,8,-5.421010862427522e-20,-3.732608569164379e-17,3.732608569164379e-17,0.5,2.186788560719727e-05,-2.1867885607197262e-05,64
pre_selector,15,12,1.0842021724855044e-19,3.702171111371047e-17,3.702171111371047e-17,0.5,0.0001823477632569868,-0.00018234776325698677,64
pre_selector,34,25,-5.421010862427522e-20,-3.700935573237734e-17,3.700935573237734e-17,0.5,0.00012479167344280303,-0.00012479167344280298,64
pre_selector,3,26,-2.168404344971009e-19,-3.643036018170319e-17,3.643036018170319e-17,0.5,0.0014938738459022642,-0.0014938738459022638,64
pre_selector,35,25,4.0657581468206416e-20,3.6276155093773514e-17,3.6276155093773514e-17,0.5,-0.0004751430178657451,0.00047514301786574504,64
pre_selector,31,26,5.421010862427522e-20,3.62314102085612e-17,3.62314102085612e-17,0.5,-0.00045095582481733873,0.00045095582481733873,64
pre_selector,8,21,1.3552527156068805e-20,3.555046941654896e-17,3.555046941654896e-17,0.5,-2.131151995854452e-05,2.1311519958544523e-05,64
pre_selector,10,18,2.0328790734103208e-20,3.424898031282326e-17,3.424898031282326e-17,0.5,2.536140164010472e-05,-2.536140164010471e-05,64
pre_selector,22,30,6.505213034913027e-19,3.369418013522057e-17,3.369418013522057e-17,0.5,-0.0008036473445827011,0.0008036473445827011,64
pre_selector,4,17,4.336808689942018e-19,3.351274605778168e-17,3.351274605778168e-17,0.5,0.0035393296525399066,-0.003539329652539906,64
pre_selector,0,20,4.336808689942018e-19,3.319508073254962e-17,3.319508073254962e-17,0.5,0.00031088984542292433,-0.00031088984542292477,64
pre_selector,4,14,4.336808689942018e-19,3.3015544514005044e-17,3.3015544514005044e-17,0.5,0.0030138367110339494,-0.0030138367110339494,64
pre_selector,27,27,5.421010862427522e-20,3.285851951590811e-17,3.285851951590811e-17,0.5,-0.00010760048280645043,0.00010760048280645045,64
pre_selector,16,7,1.6263032587282567e-19,3.28479679990406e-17,3.28479679990406e-17,0.5,0.0014693199345856345,-0.0014693199345856343,64
pre_selector,25,5,-3.3881317890172014e-20,-3.214630120199268e-17,3.214630120199268e-17,0.5,0.0002016224298131344,-0.0002016224298131344,64
pre_selector,0,1,1.6940658945086007e-20,3.192161029858814e-17,3.192161029858814e-17,0.5,7.596493696837811e-05,-7.596493696837812e-05,64
pre_selector,1,2,1.6263032587282567e-19,3.158304875207277e-17,3.158304875207277e-17,0.5,-0.0002940032645710874,0.00029400326457108735,64
pre_selector,0,18,5.421010862427522e-19,3.1528955616522815e-17,3.1528955616522815e-17,0.5,0.005780872568720934,-0.005780872568720934,64
pre_selector,23,9,6.776263578034403e-20,3.146602106060999e-17,3.146602106060999e-17,0.5,0.00084176971722625,-0.00084176971722625,64
pre_selector,25,16,-5.082197683525802e-21,-3.1425793154221016e-17,3.1425793154221016e-17,0.5,-1.363545300137456e-05,1.3635453001374562e-05,64
pre_selector,27,29,1.8973538018496328e-19,3.0739601078565955e-17,3.0739601078565955e-17,0.5,-0.002187694219173858,0.002187694219173858,64
pre_selector,24,22,4.336808689942018e-19,3.03059484980684e-17,3.03059484980684e-17,0.5,0.0015030175854917752,-0.0015030175854917748,64
pre_selector,5,29,2.168404344971009e-19,2.962866000306063e-17,2.962866000306063e-17,0.5,0.0006377853333106217,-0.0006377853333106219,64
pre_selector,26,28,-3.3881317890172014e-20,-2.956235108380377e-17,2.956235108380377e-17,0.5,0.0004916768411930809,-0.0004916768411930808,64
pre_selector,16,20,6.776263578034403e-21,2.9512858226245984e-17,2.9512858226245984e-17,0.5,1.419356431143249e-05,-1.419356431143249e-05,64
pre_selector,4,7,4.336808689942018e-19,2.9085024258710727e-17,2.9085024258710727e-17,0.5,0.004340432914773373,-0.004340432914773373,64
pre_selector,7,31,5.082197683525802e-21,2.900830452356388e-17,2.900830452356388e-17,0.5,-1.3573416936197183e-05,1.357341693619718e-05,64
pre_selector,22,31,6.505213034913027e-19,2.8852997229921414e-17,2.8852997229921414e-17,0.5,-0.0025587569980416378,0.0025587569980416373,64
pre_selector,26,18,1.0842021724855044e-19,2.8255931424176625e-17,2.8255931424176625e-17,0.5,-3.891825144819374e-05,3.8918251448193846e-05,64
pre_selector,20,1,-1.0842021724855044e-19,-2.8253124778242616e-17,2.8253124778242616e-17,0.5,0.0005774255405412874,-0.0005774255405412875,64
pre_selector,28,25,-9.486769009248164e-20,-2.8136421300440805e-17,2.8136421300440805e-17,0.5,-9.10207600100064e-05,9.10207600100063e-05,64
pre_selector,1,30,5.421010862427522e-20,2.800434250198103e-17,2.800434250198103e-17,0.5,-0.0008137524673656937,0.0008137524673656937,64
pre_selector,35,5,-1.3552527156068805e-19,-2.790036983959118e-17,2.790036983959118e-17,0.5,-0.00042945866516675617,0.00042945866516675633,64
pre_selector,28,11,4.0657581468206416e-20,2.788730793822865e-17,2.788730793822865e-17,0.5,-0.0005456047110783174,0.0005456047110783175,64
pre_selector,24,18,-5.421010862427522e-20,-2.7708569910545078e-17,2.7708569910545078e-17,0.5,-0.0005223778753133906,0.0005223778753133906,64
pre_selector,23,20,2.710505431213761e-20,2.7696684657516933e-17,2.7696684657516933e-17,0.5,0.00016066611806308116,-0.00016066611806308116,64
pre_selector,7,30,1.0164395367051604e-20,2.7582128398958757e-17,2.7582128398958757e-17,0.5,1.1688083759500001e-05,-1.1688083759500001e-05,64
pre_selector,18,6,1.0842021724855044e-19,2.753532466663719e-17,2.753532466663719e-17,0.5,0.0018408654395898096,-0.0018408654395898093,64
pre_selector,32,22,-2.710505431213761e-20,-2.7523192772262994e-17,2.7523192772262994e-17,0.5,-6.985452273512466e-06,6.98545227351248e-06,64
pre_selector,21,3,-1.0842021724855044e-19,-2.728268034842546e-17,2.728268034842546e-17,0.5,0.00016026848606997808,-0.00016026848606997808,64
pre_selector,12,28,-5.421010862427522e-20,-2.723756539099359e-17,2.723756539099359e-17,0.5,-0.00013064963604848503,0.0001306496360484851,64
pre_selector,9,21,1.3552527156068805e-20,2.7179954984672322e-17,2.7179954984672322e-17,0.5,4.2209818275303556e-05,-4.2209818275303556e-05,64
pre_selector,25,11,2.168404344971009e-19,2.713262681466931e-17,2.713262681466931e-17,0.5,-0.0002861655884771612,0.0002861655884771612,64
pre_selector,3,5,2.168404344971009e-19,2.7000113976001857e-17,2.7000113976001857e-17,0.5,0.0021702042263384994,-0.002170204226338499,64
pre_selector,3,4,-2.168404344971009e-19,-2.6829480318301087e-17,2.6829480318301087e-17,0.5,0.0018168884657825553,-0.0018168884657825558,64
pre_selector,32,25,-2.371692252312041e-20,-2.6552683545460267e-17,2.6552683545460267e-17,0.5,4.33880140917531e-05,-4.338801409175312e-05,64
pre_selector,15,10,-6.776263578034403e-21,-2.6405948373975854e-17,2.6405948373975854e-17,0.5,0.00010199714870393756,-0.00010199714870393757,64
pre_selector,13,4,3.3881317890172014e-20,2.629434633935062e-17,2.629434633935062e-17,0.5,0.0003130326713289782,-0.0003130326713289782,64
pre_selector,20,13,8.131516293641283e-20,2.6227334810730093e-17,2.6227334810730093e-17,0.5,1.873447035904692e-05,-1.8734470359046837e-05,64
pre_selector,8,31,3.3881317890172014e-21,2.5955080627519396e-17,2.5955080627519396e-17,0.5,-2.505436896171574e-05,2.5054368961715744e-05,64
pre_selector,1,3,-1.6263032587282567e-19,-2.5878937944516336e-17,2.5878937944516336e-17,0.5,-0.0002084437510348,0.00020844375103479994,64
pre_selector,28,24,6.776263578034403e-20,2.5746671093184674e-17,2.5746671093184674e-17,0.5,-0.0003983043443440843,0.0003983043443440844,64
pre_selector,22,24,1.0842021724855044e-19,2.5742345732665628e-17,2.5742345732665628e-17,0.5,0.0002172915046685332,-0.00021729150466853316,64
pre_selector,22,1,-2.710505431213761e-20,-2.5716399196520864e-17,2.5716399196520864e-17,0.5,-5.913285531277921e-05,5.9132855312779236e-05,64
pre_selector,18,4,4.743384504624082e-20,2.5460395726777452e-17,2.5460395726777452e-17,0.5,0.0005141410219948611,-0.0005141410219948611,64
pre_selector,6,10,1.6940658945086007e-20,2.542999143030377e-17,2.542999143030377e-17,0.5,-3.2980205560299074e-05,3.29802055602991e-05,64
pre_selector,2,14,8.131516293641283e-20,2.534331600877114e-17,2.534331600877114e-17,0.5,0.0010664294313755716,-0.0010664294313755716,64
pre_selector,8,8,2.710505431213761e-20,2.5295305445478283e-17,2.5295305445478283e-17,0.5,-0.0001654089410294415,0.00016540894102944146,64
pre_selector,24,3,1.3552527156068805e-20,2.4991311112361757e-17,2.4991311112361757e-17,0.5,-6.131152827037312e-05,6.131152827037312e-05,64
pre_selector,25,14,8.131516293641283e-20,2.485627377319746e-17,2.485627377319746e-17,0.5,1.2770713510684402e-05,-1.2770713510684348e-05,64
pre_selector,13,23,2.0328790734103208e-20,2.4852992656715847e-17,2.4852992656715847e-17,0.5,-8.414213607465387e-05,8.414213607465385e-05,64
pre_selector,18,31,-1.0842021724855044e-19,-2.4712999847476065e-17,2.4712999847476065e-17,0.5,0.0005021787728764916,-0.0005021787728764914,64
pre_selector,20,11,6.776263578034403e-21,2.4664999650515612e-17,2.4664999650515612e-17,0.5,-4.404022320166813e-06,4.4040223201668165e-06,64
pre_selector,21,5,-5.421010862427522e-20,-2.4640144609172774e-17,2.4640144609172774e-17,0.5,0.000684409682435208,-0.000684409682435208,64
pre_selector,33,21,-1.0842021724855044e-19,-2.4598193260813825e-17,2.4598193260813825e-17,0.5,-0.00188850816630291,0.00188850816630291,64
pre_selector,24,28,1.0842021724855044e-19,2.4596060006385012e-17,2.4596060006385012e-17,0.5,-0.0025116644392255438,0.0025116644392255433,64
pre_selector,15,26,-5.082197683525802e-21,-2.447814504294276e-17,2.447814504294276e-17,0.5,5.3109067835055236e-05,-5.310906783505523e-05,64
pre_selector,24,12,-2.168404344971009e-19,-2.443696933487688e-17,2.443696933487688e-17,0.5,0.0015483864408451886,-0.001548386440845189,64
pre_selector,3,11,3.2526065174565133e-19,2.443162127294416e-17,2.443162127294416e-17,0.5,-0.003110824225586831,0.003110824225586831,64
pre_selector,1,12,2.168404344971009e-19,2.4323209386613754e-17,2.4323209386613754e-17,0.5,-0.0016518112461199187,0.0016518112461199187,64
pre_selector,11,26,-5.082197683525802e-21,-2.4259499691897277e-17,2.4259499691897277e-17,0.5,-2.6493510290494856e-05,2.6493510290494856e-05,64
pre_selector,11,17,-1.3552527156068805e-20,-2.4242043548091642e-17,2.4242043548091642e-17,0.5,-3.024215766344734e-05,3.0242157663447334e-05,64
pre_selector,10,10,-4.0657581468206416e-20,-2.4115400431436448e-17,2.4115400431436448e-17,0.5,-0.0001909784605231768,0.00019097846052317674,64
pre_selector,7,10,-3.3881317890172014e-21,-2.4110896821612726e-17,2.4110896821612726e-17,0.5,-5.159238571648841e-05,5.15923857164884e-05,64
pre_selector,2,0,-1.0842021724855044e-19,-2.409286743850975e-17,2.409286743850975e-17,0.5,0.0013450000551529344,-0.0013450000551529344,64
pre_selector,7,5,-6.776263578034403e-21,-2.4089315938880334e-17,2.4089315938880334e-17,0.5,0.00010022640111627295,-0.00010022640111627295,64
pre_selector,10,28,1.3552527156068805e-20,2.4075483821682546e-17,2.4075483821682546e-17,0.5,0.00018865472884499495,-0.00018865472884499487,64
pre_selector,14,21,-2.710505431213761e-20,-2.4006743742462793e-17,2.4006743742462793e-17,0.5,-4.942436953570936e-05,4.942436953570937e-05,64
pre_selector,6,8,2.710505431213761e-20,2.3903112633646908e-17,2.3903112633646908e-17,0.5,2.3141965357371394e-06,-2.314196535737109e-06,64
pre_selector,16,5,-6.776263578034403e-21,-2.3869445506799974e-17,2.3869445506799974e-17,0.5,0.00015337804370572363,-0.0001533780437057236,64
pre_selector,29,29,6.776263578034403e-21,2.3724249207353924e-17,2.3724249207353924e-17,0.5,-1.3137002042643284e-05,1.3137002042643283e-05,64
pre_selector,17,6,-1.6940658945086007e-20,-2.369987954733445e-17,2.369987954733445e-17,0.5,4.112063834328127e-06,-4.112063834328127e-06,64
pre_selector,22,2,-1.4907779871675686e-19,-2.358106086730513e-17,2.358106086730513e-17,0.5,-0.0011157384578837054,0.0011157384578837051,64
pre_selector,21,12,-8.131516293641283e-20,-2.3539438034986455e-17,2.3539438034986455e-17,0.5,0.0003925082146452028,-0.00039250821464520294,64
pre_selector,8,25,-5.082197683525802e-21,-2.3166620262736578e-17,2.3166620262736578e-17,0.5,-5.4448695664155084e-05,5.4448695664155084e-05,64
pre_selector,16,16,-1.0842021724855044e-19,-2.3131727826448764e-17,2.3131727826448764e-17,0.5,-0.0004489569691941125,0.0004489569691941126,64
pre_selector,16,28,1.0842021724855044e-19,2.3084017568394966e-17,2.3084017568394966e-17,0.5,0.001367285480228,-0.001367285480228,64
pre_selector,28,0,-4.336808689942018e-19,-2.296929791806416e-17,2.296929791806416e-17,0.5,-0.005341180236428025,0.005341180236428026,64
pre_selector,25,15,-5.421010862427522e-20,-2.277025528798919e-17,2.277025528798919e-17,0.5,1.7431935702906206e-05,-1.743193570290615e-05,64
pre_selector,7,28,3.3881317890172014e-21,2.274117898676004e-17,2.274117898676004e-17,0.5,-2.0194418084381233e-06,2.0194418084381216e-06,64
pre_selector,16,30,-4.0657581468206416e-20,-2.271981205720822e-17,2.271981205720822e-17,0.5,0.00031961929198587693,-0.000319619291985877,64
pre_selector,5,25,-2.168404344971009e-19,-2.262433532311752e-17,2.262433532311752e-17,0.5,0.0028002973049297032,-0.002800297304929703,64
pre_selector,4,27,2.168404344971009e-19,2.2406284091959823e-17,2.2406284091959823e-17,0.5,0.0027726563359919895,-0.0027726563359919895,64
pre_selector,31,22,-1.5246593050577406e-20,-2.2387577100298207e-17,2.2387577100298207e-17,0.5,-8.560680225855089e-05,8.560680225855091e-05,64
pre_selector,29,22,-2.710505431213761e-20,-2.2337997735322958e-17,2.2337997735322958e-17,0.5,-0.0004952230847265872,0.0004952230847265872,64
pre_selector,28,9,1.0842021724855044e-19,2.2280356044044388e-17,2.2280356044044388e-17,0.5,-0.003322112594105381,0.0033221125941053815,64
pre_selector,19,22,5.421010862427522e-20,2.2178756657173197e-17,2.2178756657173197e-17,0.5,0.0002442897130094875,-0.0002442897130094875,64
pre_selector,10,15,1.3552527156068805e-20,2.2164364139548164e-17,2.2164364139548164e-17,0.5,5.7791888139043296e-05,-5.779188813904327e-05,64
pre_selector,22,5,-2.168404344971009e-19,-2.211088030752551e-17,2.211088030752551e-17,0.5,-0.0018140338470402592,0.0018140338470402596,64
pre_selector,3,23,1.0842021724855044e-19,2.2094835776081787e-17,2.2094835776081787e-17,0.5,0.0017514649734948562,-0.0017514649734948562,64
pre_selector,19,5,-1.6940658945086007e-20,-2.2022839827855194e-17,2.2022839827855194e-17,0.5,-1.0407013178327282e-05,1.0407013178327242e-05,64
pre_selector,6,31,-5.421010862427522e-20,-2.198665989827655e-17,2.198665989827655e-17,0.5,0.00024904068959585727,-0.00024904068959585727,64
pre_selector,1,19,-1.0842021724855044e-19,-2.1790748635583152e-17,2.1790748635583152e-17,0.5,0.0001234829032909922,-0.00012348290329099236,64
pre_selector,9,17,-1.3552527156068805e-20,-2.1775282140282452e-17,2.1775282140282452e-17,0.5,-8.633062861921882e-06,8.633062861921879e-06,64
pre_selector,6,9,1.3552527156068805e-20,2.176251202931637e-17,2.176251202931637e-17,0.5,-0.00022300589580480558,0.00022300589580480558,64
pre_selector,25,17,-1.0164395367051604e-20,-2.1719976061308973e-17,2.1719976061308973e-17,0.5,-9.170236717183127e-05,9.170236717183125e-05,64
pre_selector,12,24,-1.1434944787933055e-20,-2.152725786531393e-17,2.152725786531393e-17,0.5,-3.586222032936763e-05,3.5862220329367635e-05,64
pre_selector,12,15,-2.710505431213761e-20,-2.149877560935177e-17,2.149877560935177e-17,0.5,4.730161390397434e-05,-4.730161390397437e-05,64
pre_selector,28,27,5.082197683525802e-21,2.1476683700765588e-17,2.1476683700765588e-17,0.5,-2.727213200157218e-06,2.727213200157225e-06,64
pre_selector,13,26,2.710505431213761e-20,2.1429611311230804e-17,2.1429611311230804e-17,0.5,-0.0002684425417100906,0.00026844254171009066,64
pre_selector,14,14,1.0164395367051604e-20,2.1427561547882006e-17,2.1427561547882006e-17,0.5,-0.0001348374862573016,0.0001348374862573016,64
pre_selector,5,24,2.168404344971009e-19,2.1424466411764358e-17,2.1424466411764358e-17,0.5,0.0028931450815434584,-0.002893145081543458,64
pre_selector,29,3,6.505213034913027e-19,2.139710843815699e-17,2.139710843815699e-17,0.5,-0.011390825791750098,0.011390825791750096,64
pre_selector,5,30,5.421010862427522e-20,2.1386944765627418e-17,2.1386944765627418e-17,0.5,0.0007182263959748486,-0.0007182263959748485,64
pre_selector,34,8,-3.3881317890172014e-20,-2.1374645424397218e-17,2.1374645424397218e-17,0.5,-0.0003120257388218,0.00031202573882179997,64
pre_selector,16,18,-2.710505431213761e-20,-2.13679411230645e-17,2.13679411230645e-17,0.5,0.0006052992430340813,-0.0006052992430340813,64
pre_selector,9,2,-1.3552527156068805e-20,-2.1337914024689156e-17,2.1337914024689156e-17,0.5,4.8598983994448576e-05,-4.859898399444858e-05,64
pre_selector,1,22,-4.336808689942018e-19,-2.1314279708833724e-17,2.1314279708833724e-17,0.5,-0.0022673502389807315,0.002267350238980731,64
pre_selector,32,16,2.710505431213761e-20,2.1293239643414168e-17,2.1293239643414168e-17,0.5,-0.00034455455170244334,0.00034455455170244334,64
pre_selector,22,16,4.0657581468206416e-20,2.126549299491728e-17,2.126549299491728e-17,0.5,-6.462593592005162e-05,6.462593592005165e-05,64
pre_selector,3,30,2.168404344971009e-19,2.1222923525646473e-17,2.1222923525646473e-17,0.5,0.002712042744974499,-0.002712042744974499,64
pre_selector,4,25,1.0842021724855044e-19,2.1196240965496295e-17,2.1196240965496295e-17,0.5,0.0009725150739541156,-0.0009725150739541156,64
pre_selector,18,13,-2.710505431213761e-20,-2.1186891279855416e-17,2.1186891279855416e-17,0.5,0.0005178613682801157,-0.0005178613682801157,64
pre_selector,15,6,5.082197683525802e-21,2.1147204459644988e-17,2.1147204459644988e-17,0.5,-3.357204286657596e-05,3.3572042866575974e-05,64
pre_selector,31,20,-2.168404344971009e-19,-2.1109694433461522e-17,2.1109694433461522e-17,0.5,-0.0014447882895182872,0.0014447882895182876,64
pre_selector,35,14,-4.0657581468206416e-20,-2.106764680176105e-17,2.106764680176105e-17,0.5,-0.0009395592715008942,0.0009395592715008942,64
pre_selector,9,9,1.6940658945086007e-20,2.1059342479975794e-17,2.1059342479975794e-17,0.5,9.444941770197185e-05,-9.44494177019719e-05,64
pre_selector,21,2,-8.131516293641283e-20,-2.0969671192641833e-17,2.0969671192641833e-17,0.5,-0.0001777646575646908,0.00017776465756469065,64
pre_selector,26,26,3.2526065174565133e-19,2.0958403347259428e-17,2.0958403347259428e-17,0.5,-0.010805373553011994,0.010805373553011994,64
pre_selector,26,27,1.0842021724855044e-19,2.0946073267881456e-17,2.0946073267881456e-17,0.5,-0.0016069034936663092,0.0016069034936663092,64
pre_selector,4,6,2.168404344971009e-19,2.0922465460238514e-17,2.0922465460238514e-17,0.5,0.0012128619491704844,-0.0012128619491704844,64
pre_selector,0,14,1.0842021724855044e-19,2.0765588792628662e-17,2.0765588792628662e-17,0.5,-0.0001129464217228777,0.00011294642172287762,64
pre_selector,6,12,2.710505431213761e-20,2.0579664527665418e-17,2.0579664527665418e-17,0.5,-0.0003255957217333938,0.00032559572173339373,64
pre_selector,14,22,-6.776263578034403e-21,-2.0556464371386423e-17,2.0556464371386423e-17,0.5,-5.693759248967944e-06,5.693759248967944e-06,64
pre_selector,24,0,6.776263578034403e-21,2.0494671876558646e-17,2.0494671876558646e-17,0.5,-9.456475982005621e-05,9.456475982005621e-05,64
pre_selector,24,1,-6.776263578034403e-21,-2.0471507708580943e-17,2.0471507708580943e-17,0.5,-0.00012708830399785207,0.00012708830399785207,64
pre_selector,28,20,3.3881317890172014e-21,2.0471257811223094e-17,2.0471257811223094e-17,0.5,-0.00011246287294851121,0.00011246287294851121,64
pre_selector,16,17,-5.421010862427522e-20,-2.0467043461456543e-17,2.0467043461456543e-17,0.5,0.00024805866632959063,-0.0002480586663295906,64
pre_selector,24,6,-6.776263578034403e-21,-2.0395214479132938e-17,2.0395214479132938e-17,0.5,1.2711646832017772e-05,-1.2711646832017772e-05,64
pre_selector,2,8,-4.743384504624082e-20,-2.0366072114843205e-17,2.0366072114843205e-17,0.5,0.0004212823187117296,-0.00042128231871172973,64
pre_selector,7,23,2.710505431213761e-19,2.0361843388896675e-17,2.0361843388896675e-17,0.5,-0.0013960579817648843,0.0013960579817648845,64
pre_selector,14,18,-5.421010862427522e-20,-2.0351928339503207e-17,2.0351928339503207e-17,0.5,0.0008046371658565511,-0.000804637165856551,64
pre_selector,10,13,2.168404344971009e-19,2.0295168171002845e-17,2.0295168171002845e-17,0.5,0.0014840234944131245,-0.001484023494413125,64
pre_selector,3,28,-2.168404344971009e-19,-2.0283278998795132e-17,2.0283278998795132e-17,0.5,0.0029095946419488445,-0.0029095946419488445,64
pre_selector,12,11,-6.776263578034403e-20,-2.022117659672408e-17,2.022117659672408e-17,0.5,0.0012319187044340658,-0.0012319187044340658,64
pre_selector,27,11,-2.0328790734103208e-20,-2.011768046814973e-17,2.011768046814973e-17,0.5,-0.00011565776731004201,0.000115657767310042,64
pre_selector,26,29,5.421010862427522e-20,2.0060065473257434e-17,2.0060065473257434e-17,0.5,-0.0008029645923670538,0.0008029645923670538,64
pre_selector,3,14,2.168404344971009e-19,1.9934648067911584e-17,1.9934648067911584e-17,0.5,0.0027258931629603666,-0.0027258931629603666,64
pre_selector,23,24,1.0842021724855044e-19,1.9895907662483577e-17,1.9895907662483577e-17,0.5,0.002254756935144525,-0.0022547569351445253,64
pre_selector,12,27,-1.3552527156068805e-20,-1.9851749717522978e-17,1.9851749717522978e-17,0.5,-0.00015479551893802813,0.00015479551893802813,64
pre_selector,10,16,-3.3881317890172014e-21,-1.9812623634331382e-17,1.9812623634331382e-17,0.5,-8.906035895959568e-05,8.906035895959568e-05,64
pre_selector,5,21,2.168404344971009e-19,1.9734516833339303e-17,1.9734516833339303e-17,0.5,0.0031208660570882806,-0.003120866057088281,64
pre_selector,18,10,2.710505431213761e-20,1.9731701943123708e-17,1.9731701943123708e-17,0.5,0.0001665588224568466,-0.0001665588224568466,64
pre_selector,28,3,1.0842021724855044e-19,1.9648038154228247e-17,1.9648038154228247e-17,0.5,-0.0036691997192974312,0.0036691997192974312,64
pre_selector,35,4,1.3552527156068805e-20,1.9599034014340546e-17,1.9599034014340546e-17,0.5,2.3771525775362484e-05,-2.3771525775362497e-05,64
pre_selector,17,9,2.439454888092385e-19,1.9578369418855354e-17,1.9578369418855354e-17,0.5,0.0009036759147420536,-0.0009036759147420531,64
pre_selector,27,5,5.421010862427522e-20,1.9563237251420792e-17,1.9563237251420792e-17,0.5,-0.0006347661801555752,0.000634766180155575,64
pre_selector,32,15,-8.131516293641283e-20,-1.9542167865232714e-17,1.9542167865232714e-17,0.5,-0.0007698140252614468,0.0007698140252614468,64
pre_selector,33,27,-6.776263578034403e-21,-1.9454358146182267e-17,1.9454358146182267e-17,0.5,-7.33131971628704e-05,7.331319716287039e-05,64
pre_selector,8,12,-2.0328790734103208e-20,-1.9383082005162487e-17,1.9383082005162487e-17,0.5,7.12273777024998e-06,-7.12273777024998e-06,64
pre_selector,6,19,-5.421010862427522e-20,-1.9358424407044225e-17,1.9358424407044225e-17,0.5,0.00013035285519435422,-0.00013035285519435424,64
pre_selector,16,29,-5.421010862427522e-20,-1.9343298725697958e-17,1.9343298725697958e-17,0.5,0.0003487491885607476,-0.00034874918856074756,64
pre_selector,25,28,1.6263032587282567e-19,1.9342499729717543e-17,1.9342499729717543e-17,0.5,-0.0018361417751293608,0.0018361417751293608,64
pre_selector,7,1,1.1858461261560205e-20,1.9315532919665474e-17,1.9315532919665474e-17,0.5,-9.551559742247812e-05,9.551559742247813e-05,64
pre_selector,24,13,-1.3552527156068805e-19,-1.922150444066007e-17,1.922150444066007e-17,0.5,-0.0007667944955755937,0.0007667944955755938,64
pre_selector,17,22,6.776263578034403e-21,1.9203032527762547e-17,1.9203032527762547e-17,0.5,9.541404460831969e-05,-9.541404460831969e-05,64
pre_selector,14,2,-1.1858461261560205e-20,-1.9110741541747424e-17,1.9110741541747424e-17,0.5,-3.315984940854689e-05,3.3159849408546875e-05,64
pre_selector,27,25,-5.421010862427522e-20,-1.9086843989671098e-17,1.9086843989671098e-17,0.5,0.00047843637003097813,-0.000478436370030978,64
pre_selector,17,2,5.421010862427522e-20,1.905156685145683e-17,1.905156685145683e-17,0.5,-0.0003075239728786875,0.0003075239728786875,64
pre_selector,14,5,1.3552527156068805e-20,1.9045732747043983e-17,1.9045732747043983e-17,0.5,0.00013098704221192387,-0.00013098704221192384,64
pre_selector,30,5,-1.3552527156068805e-20,-1.9031946024964006e-17,1.9031946024964006e-17,0.5,-0.00016175671021301878,0.00016175671021301875,64
pre_selector,5,23,-2.168404344971009e-19,-1.8959908851782306e-17,1.8959908851782306e-17,0.5,0.00322297788773083,-0.00322297788773083,64
pre_selector,27,15,5.421010862427522e-20,1.8955294391226644e-17,1.8955294391226644e-17,0.5,-0.001908323712996179,0.0019083237129961792,64
pre_selector,10,20,2.710505431213761e-20,1.8904981824462732e-17,1.8904981824462732e-17,0.5,-0.00027769790904129903,0.0002776979090412991,64
pre_selector,30,2,-5.421010862427522e-20,-1.8766997512223035e-17,1.8766997512223035e-17,0.5,-0.00039314987589023445,0.0003931498758902344,64
pre_selector,35,17,-5.421010862427522e-20,-1.8746203877655612e-17,1.8746203877655612e-17,0.5,-0.00022526915199706234,0.00022526915199706243,64
pre_selector,8,14,6.776263578034403e-21,1.8714123884140728e-17,1.8714123884140728e-17,0.5,4.419482138458416e-06,-4.419482138458419e-06,64
pre_selector,24,26,-1.0842021724855044e-19,-1.8703658904389504e-17,1.8703658904389504e-17,0.5,-0.0020076838991371854,0.002007683899137186,64
pre_selector,32,8,2.168404344971009e-19,1.870005009590397e-17,1.870005009590397e-17,0.5,-0.006864733317343021,0.006864733317343022,64
pre_selector,0,24,-1.0842021724855044e-19,-1.8689295371440234e-17,1.8689295371440234e-17,0.5,-5.982741276965931e-05,5.982741276965931e-05,64
pre_selector,2,4,-5.421010862427522e-20,-1.8623099699713457e-17,1.8623099699713457e-17,0.5,0.0010523883374844345,-0.0010523883374844345,64
pre_selector,20,21,2.710505431213761e-20,1.859428165797071e-17,1.859428165797071e-17,0.5,0.00011579234160307251,-0.00011579234160307247,64
pre_selector,21,13,-2.710505431213761e-20,-1.8541704129857292e-17,1.8541704129857292e-17,0.5,0.00044037981479048754,-0.00044037981479048754,64
pre_selector,8,3,-8.470329472543003e-21,-1.8512728016450613e-17,1.8512728016450613e-17,0.5,-0.00011826806439785586,0.00011826806439785585,64
pre_selector,5,10,2.168404344971009e-19,1.849701527226424e-17,1.849701527226424e-17,0.5,0.0025056366575881726,-0.002505636657588172,64
pre_selector,13,2,-5.421010862427522e-20,-1.8439230047255847e-17,1.8439230047255847e-17,0.5,-0.0007329300142373584,0.0007329300142373584,64
pre_selector,33,20,3.2526065174565133e-19,1.837737712217003e-17,1.837737712217003e-17,0.5,-0.009090506580832863,0.009090506580832863,64
pre_selector,29,25,2.710505431213761e-19,1.836147866564092e-17,1.836147866564092e-17,0.5,-0.00931305153062565,0.00931305153062565,64
pre_selector,4,31,5.421010862427522e-20,1.8353703734206463e-17,1.8353703734206463e-17,0.5,0.0004384534340715634,-0.00043845343407156336,64
pre_selector,16,23,8.131516293641283e-20,1.8344707526292145e-17,1.8344707526292145e-17,0.5,0.00025356838887090626,-0.00025356838887090626,64
pre_selector,14,6,-5.082197683525802e-20,-1.829053827417793e-17,1.829053827417793e-17,0.5,0.00031351298002845255,-0.00031351298002845255,64
pre_selector,18,19,5.421010862427522e-20,1.827964824801954e-17,1.827964824801954e-17,0.5,0.0010594432196739775,-0.0010594432196739778,64
pre_selector,32,1,-5.421010862427522e-20,-1.8247283789230262e-17,1.8247283789230262e-17,0.5,-0.0009303790393459966,0.0009303790393459966,64
pre_selector,20,29,-8.131516293641283e-20,-1.8217841816568475e-17,1.8217841816568475e-17,0.5,-0.0003925214987248203,0.0003925214987248204,64
pre_selector,4,2,5.421010862427522e-20,1.8167987366279747e-17,1.8167987366279747e-17,0.5,0.0002639341328176813,-0.0002639341328176813,64
pre_selector,33,19,3.2526065174565133e-19,1.8167780274520224e-17,1.8167780274520224e-17,0.5,-0.0077172730598249265,0.0077172730598249265,64
pre_selector,29,2,-2.168404344971009e-19,-1.8145918971015974e-17,1.8145918971015974e-17,0.5,-0.0024929017017711816,0.0024929017017711816,64
pre_selector,16,6,6.776263578034403e-21,1.800349646993219e-17,1.800349646993219e-17,0.5,9.016470357885768e-06,-9.016470357885788e-06,64
pre_selector,14,9,-2.710505431213761e-20,-1.7957919208649202e-17,1.7957919208649202e-17,0.5,4.0817581066116026e-06,-4.081758106611657e-06,64
pre_selector,19,0,-5.421010862427522e-20,-1.7939181610366836e-17,1.7939181610366836e-17,0.5,0.0012752090733556313,-0.0012752090733556313,64
pre_selector,20,7,-2.710505431213761e-20,-1.793900475398696e-17,1.793900475398696e-17,0.5,-0.0002477819398336499,0.0002477819398336499,64
pre_selector,34,2,-1.0842021724855044e-19,-1.782402894093229e-17,1.782402894093229e-17,0.5,-0.0031789245622348816,0.0031789245622348816,64
pre_selector,6,7,1.0842021724855044e-19,1.7816636029238056e-17,1.7816636029238056e-17,0.5,-2.636807039387934e-06,2.636807039387717e-06,64
pre_selector,4,30,1.0842021724855044e-19,1.7799975364360448e-17,1.7799975364360448e-17,0.5,0.0003827198888757198,-0.0003827198888757198,64
pre_selector,35,30,-6.776263578034403e-21,-1.7771189554800033e-17,1.7771189554800033e-17,0.5,8.355316185769344e-05,-8.355316185769343e-05,64
pre_selector,6,29,-2.710505431213761e-20,-1.776668398318538e-17,1.776668398318538e-17,0.5,0.0002845414264811628,-0.00028454142648116286,64
pre_selector,19,25,-6.776263578034403e-21,-1.7668708013466107e-17,1.7668708013466107e-17,0.5,-0.00019568761445041584,0.00019568761445041584,64
pre_selector,13,6,-1.9058241313221758e-21,-1.7665591774568215e-17,1.7665591774568215e-17,0.5,2.2099776515456177e-05,-2.2099776515456177e-05,64
pre_selector,7,22,-8.131516293641283e-20,-1.7647277323362446e-17,1.7647277323362446e-17,0.5,-0.00039713750084046566,0.00039713750084046566,64
pre_selector,7,29,-1.6940658945086007e-21,-1.7646465292219797e-17,1.7646465292219797e-17,0.5,6.440523009138869e-06,-6.4405230091388706e-06,64
pre_selector,20,12,-5.421010862427522e-20,-1.7645093478092634e-17,1.7645093478092634e-17,0.5,0.0005061992414993968,-0.0005061992414993969,64
pre_selector,35,11,4.0657581468206416e-20,1.7620835436403853e-17,1.7620835436403853e-17,0.5,-0.0007085752149578106,0.0007085752149578106,64
pre_selector,19,19,4.0657581468206416e-20,1.7616721737493947e-17,1.7616721737493947e-17,0.5,-0.00032271019699691024,0.00032271019699691024,64
pre_selector,11,13,-2.710505431213761e-20,-1.7609079054971038e-17,1.7609079054971038e-17,0.5,0.0006095777680456999,-0.0006095777680457,64
pre_selector,24,30,-1.0842021724855044e-19,-1.7550828267149535e-17,1.7550828267149535e-17,0.5,-0.00032127107260749395,0.0003212710726074936,64
pre_selector,28,14,-1.0164395367051604e-20,-1.7538448632281855e-17,1.7538448632281855e-17,0.5,-0.00020129984386583666,0.0002012998438658367,64
pre_selector,18,9,1.3552527156068805e-20,1.7523994683804776e-17,1.7523994683804776e-17,0.5,0.0003837906715489042,-0.0003837906715489042,64
pre_selector,4,0,2.168404344971009e-19,1.7519195942003344e-17,1.7519195942003344e-17,0.5,0.0025596502036933284,-0.002559650203693328,64
pre_selector,30,26,1.0842021724855044e-19,1.751139004936736e-17,1.751139004936736e-17,0.5,-0.0015525456769864784,0.0015525456769864784,64
pre_selector,28,18,-5.421010862427522e-20,-1.750862465610816e-17,1.750862465610816e-17,0.5,-0.0008345246551470817,0.0008345246551470818,64
pre_selector,2,20,1.0842021724855044e-19,1.747440546781639e-17,1.747440546781639e-17,0.5,0.002103059086039117,-0.002103059086039117,64
pre_selector,32,4,-2.710505431213761e-20,-1.7463402237248972e-17,1.7463402237248972e-17,0.5,-0.00021353692318371907,0.000213536923183719,64
pre_selector,18,28,-6.776263578034403e-20,-1.7460619625702246e-17,1.7460619625702246e-17,0.5,-7.234579061334381e-05,7.234579061334381e-05,64
pre_selector,26,0,-4.743384504624082e-20,-1.7444996067265813e-17,1.7444996067265813e-17,0.5,-0.0002134645146725114,0.00021346451467251133,64
pre_selector,31,13,3.2526065174565133e-19,1.741283886280417e-17,1.741283886280417e-17,0.5,-0.008329758593390548,0.008329758593390546,64
pre_selector,1,0,1.0842021724855044e-19,1.7389549925809858e-17,1.7389549925809858e-17,0.5,-9.83862046268838e-05,9.83862046268838e-05,64
pre_selector,23,22,-1.0842021724855044e-19,-1.7371076105265477e-17,1.7371076105265477e-17,0.5,0.0011582437582546702,-0.0011582437582546702,64
pre_selector,35,29,-2.710505431213761e-20,-1.7367708338586708e-17,1.7367708338586708e-17,0.5,0.00042047254828501913,-0.00042047254828501913,64
pre_selector,28,31,-2.0328790734103208e-20,-1.73645289671097e-17,1.73645289671097e-17,0.5,8.789987623457812e-05,-8.789987623457812e-05,64
pre_selector,0,7,5.421010862427522e-19,1.736103682732159e-17,1.736103682732159e-17,0.5,0.001135225349571549,-0.0011352253495715493,64
pre_selector,2,15,5.421010862427522e-20,1.728726459361982e-17,1.728726459361982e-17,0.5,0.0003445788315730114,-0.00034457883157301147,64
pre_selector,5,28,6.776263578034403e-21,1.7238006907705796e-17,1.7238006907705796e-17,0.5,0.00011921688633264685,-0.00011921688633264685,64
pre_selector,12,1,1.6940658945086007e-20,1.7197164541016058e-17,1.7197164541016058e-17,0.5,0.0001015986681522844,-0.00010159866815228435,64
pre_selector,3,15,-2.710505431213761e-20,-1.7090228644456752e-17,1.7090228644456752e-17,0.5,-0.0005466344628075501,0.0005466344628075501,64
pre_selector,18,16,-2.710505431213761e-20,-1.702260178317896e-17,1.702260178317896e-17,0.5,0.0002553872163843859,-0.0002553872163843859,64
pre_selector,19,3,1.0842021724855044e-19,1.7013313681290936e-17,1.7013313681290936e-17,0.5,0.0025378711006851344,-0.002537871100685134,64
pre_selector,29,30,4.235164736271502e-21,1.6997551091324372e-17,1.6997551091324372e-17,0.5,1.8573607803765773e-05,-1.857360780376578e-05,64
pre_selector,21,27,3.3881317890172014e-20,1.6965118867080528e-17,1.6965118867080528e-17,0.5,-0.0002794934662233621,0.0002794934662233621,64
pre_selector,17,25,-2.710505431213761e-20,-1.695172834077321e-17,1.695172834077321e-17,0.5,0.0001545582827020479,-0.00015455828270204787,64
pre_selector,21,10,2.371692252312041e-20,1.6865233258186063e-17,1.6865233258186063e-17,0.5,0.00013136940833646414,-0.0001313694083364642,64
pre_selector,30,29,6.776263578034403e-21,1.6815351588039874e-17,1.6815351588039874e-17,0.5,-4.866073822995523e-05,4.866073822995523e-05,64
pre_selector,2,6,1.6263032587282567e-19,1.6797039297898402e-17,1.6797039297898402e-17,0.5,0.0012774182250723126,-0.0012774182250723126,64
pre_selector,0,0,2.168404344971009e-19,1.677109362411802e-17,1.677109362411802e-17,0.5,-0.0018856003880500718,0.0018856003880500715,64
pre_selector,18,14,5.421010862427522e-20,1.6758305934057966e-17,1.6758305934057966e-17,0.5,0.0006364154614857137,-0.0006364154614857137,64
pre_selector,15,5,-1.6940658945086007e-21,-1.6742957569955873e-17,1.6742957569955873e-17,0.5,9.536910738457646e-06,-9.536910738457642e-06,64
pre_selector,26,16,2.0328790734103208e-20,1.6729607935236717e-17,1.6729607935236717e-17,0.5,-4.702184014605361e-05,4.702184014605359e-05,64
pre_selector,0,5,-1.0842021724855044e-19,-1.672322890270195e-17,1.672322890270195e-17,0.5,0.0019036755838897001,-0.0019036755838897,64
pre_selector,6,30,-3.3881317890172014e-20,-1.671284490620722e-17,1.671284490620722e-17,0.5,-1.7500853573431248e-05,1.750085357343122e-05,64
pre_selector,22,22,2.710505431213761e-20,1.666733157154229e-17,1.666733157154229e-17,0.5,0.0004018036570414375,-0.00040180365704143754,64
pre_selector,24,25,-1.0842021724855044e-19,-1.666361386012592e-17,1.666361386012592e-17,0.5,-0.0011350369459250842,0.0011350369459250846,64
pre_selector,29,5,-5.421010862427522e-20,-1.664911363376013e-17,1.664911363376013e-17,0.5,-0.001710299569822351,0.0017102995698223507,64
pre_selector,19,13,-9.486769009248164e-20,-1.6567378102844784e-17,1.6567378102844784e-17,0.5,0.0037140202621230513,-0.0037140202621230517,64
pre_selector,14,12,1.0164395367051604e-20,1.655023727946471e-17,1.655023727946471e-17,0.5,-4.044245724798393e-05,4.044245724798392e-05,64
pre_selector,33,30,2.168404344971009e-19,1.652276533873973e-17,1.652276533873973e-17,0.5,-0.007592663649120353,0.007592663649120353,64
pre_selector,4,15,-2.168404344971009e-19,-1.649669740210248e-17,1.649669740210248e-17,0.5,0.003633361265201523,-0.003633361265201523,64
pre_selector,14,31,1.8634724839594607e-20,1.6455433048980768e-17,1.6455433048980768e-17,0.5,-0.0001984548507607479,0.00019845485076074796,64
pre_selector,5,5,5.421010862427522e-20,1.6454657895486054e-17,1.6454657895486054e-17,0.5,0.0004986858693882794,-0.0004986858693882793,64
pre_selector,29,7,1.8973538018496328e-19,1.6345106127048518e-17,1.6345106127048518e-17,0.5,-0.005051733030995803,0.005051733030995802,64
pre_selector,31,29,-1.0842021724855044e-19,-1.6318355245726594e-17,1.6318355245726594e-17,0.5,-0.004890760537818969,0.004890760537818969,64
pre_selector,30,28,2.710505431213761e-20,1.6297034477361437e-17,1.6297034477361437e-17,0.5,-0.00012463531220419062,0.00012463531220419062,64
pre_selector,12,31,-1.3552527156068805e-20,-1.6281001873531974e-17,1.6281001873531974e-17,0.5,0.00011807192959167497,-0.00011807192959167499,64
pre_selector,12,20,6.776263578034403e-21,1.6278844047913784e-17,1.6278844047913784e-17,0.5,-0.00012492476980695733,0.00012492476980695733,64
pre_selector,28,12,-6.505213034913027e-19,-1.623619127990404e-17,1.623619127990404e-17,0.5,-0.008115266216918817,0.008115266216918816,64
pre_selector,28,17,2.710505431213761e-20,1.6186554522397568e-17,1.6186554522397568e-17,0.5,-0.00045766328366880717,0.0004576632836688073,64
pre_selector,3,29,5.421010862427522e-20,1.6165369626585583e-17,1.6165369626585583e-17,0.5,0.0008448675348518084,-0.0008448675348518084,64
pre_selector,17,17,-1.0842021724855044e-19,-1.6163306618795376e-17,1.6163306618795376e-17,0.5,0.0030824801069684127,-0.0030824801069684127,64
pre_selector,31,17,-2.710505431213761e-20,-1.6144728405853644e-17,1.6144728405853644e-17,0.5,-0.00015348698980233752,0.00015348698980233752,64
pre_selector,9,13,-1.3552527156068805e-20,-1.6126299016940803e-17,1.6126299016940803e-17,0.5,-0.00012338097076280467,0.0001233809707628047,64
pre_selector,0,13,-1.0842021724855044e-19,-1.6108504274933745e-17,1.6108504274933745e-17,0.5,0.0013622472179122252,-0.0013622472179122247,64
pre_selector,7,11,1.3552527156068805e-20,1.6070878977734785e-17,1.6070878977734785e-17,0.5,0.00015742534924356212,-0.00015742534924356212,64
pre_selector,14,11,-1.3552527156068805e-20,-1.605811083257081e-17,1.605811083257081e-17,0.5,0.00012609266559594372,-0.00012609266559594372,64
pre_selector,31,10,-5.421010862427522e-20,-1.6002865214317453e-17,1.6002865214317453e-17,0.5,-0.0008999908750411188,0.0008999908750411188,64
pre_selector,27,10,1.6940658945086007e-20,1.5956196430817066e-17,1.5956196430817066e-17,0.5,-0.00026967860321746564,0.00026967860321746564,64
pre_selector,18,5,-1.0842021724855044e-19,-1.594400091400684e-17,1.594400091400684e-17,0.5,0.0020569155713019345,-0.002056915571301934,64
pre_selector,14,4,1.0842021724855044e-19,1.5937179422757743e-17,1.5937179422757743e-17,0.5,0.0019410920176596781,-0.0019410920176596784,64
pre_selector,33,11,2.710505431213761e-19,1.5904885708762584e-17,1.5904885708762584e-17,0.5,-0.008884946171747265,0.008884946171747265,64
pre_selector,3,31,-5.421010862427522e-20,-1.589311592990513e-17,1.589311592990513e-17,0.5,0.0008846163229918535,-0.0008846163229918536,64
pre_selector,28,23,-1.0842021724855044e-19,-1.5845761633983183e-17,1.5845761633983183e-17,0.5,-0.003917654226825078,0.003917654226825078,64
pre_selector,28,21,-2.371692252312041e-20,-1.5755669033430044e-17,1.5755669033430044e-17,0.5,-0.0006986383632465545,0.0006986383632465544,64
pre_selector,9,8,2.710505431213761e-20,1.5665336469976392e-17,1.5665336469976392e-17,0.5,-0.00020524534374998437,0.00020524534374998435,64
pre_selector,11,23,-1.6940658945086007e-21,-1.5647280489952478e-17,1.5647280489952478e-17,0.5,-8.331318554153486e-06,8.331318554153486e-06,64
pre_selector,20,16,-2.710505431213761e-20,-1.5573208284424448e-17,1.5573208284424448e-17,0.5,0.0005808244213767298,-0.0005808244213767298,64
pre_selector,19,12,-1.0842021724855044e-19,-1.5551168119024937e-17,1.5551168119024937e-17,0.5,0.0022653584019280888,-0.0022653584019280888,64
pre_selector,5,6,-1.0842021724855044e-19,-1.545290386214627e-17,1.545290386214627e-17,0.5,0.0016440211129520343,-0.001644021112952034,64
pre_selector,8,0,-3.3881317890172014e-21,-1.539762290682741e-17,1.539762290682741e-17,0.5,2.400085759290728e-05,-2.4000857592907286e-05,64
pre_selector,24,15,2.168404344971009e-19,1.5375617580138768e-17,1.5375617580138768e-17,0.5,0.0017459207447245528,-0.0017459207447245533,64
pre_selector,0,28,-2.168404344971009e-19,-1.5373732115480192e-17,1.5373732115480192e-17,0.5,0.00527429408975875,-0.00527429408975875,64
pre_selector,20,31,-2.710505431213761e-20,-1.5353390628299564e-17,1.5353390628299564e-17,0.5,0.0003461638789303735,-0.0003461638789303735,64
pre_selector,26,6,-5.421010862427522e-20,-1.534382342284689e-17,1.534382342284689e-17,0.5,-0.00012296954082557942,0.0001229695408255794,64
pre_selector,22,13,-4.0657581468206416e-20,-1.5277117396999486e-17,1.5277117396999486e-17,0.5,-0.000472574261948465,0.0004725742619484649,64
pre_selector,2,7,-1.3552527156068805e-20,-1.5261865437287947e-17,1.5261865437287947e-17,0.5,0.00016811583645902497,-0.00016811583645902502,64
pre_selector,3,1,-4.0657581468206416e-20,-1.5258366589301875e-17,1.5258366589301875e-17,0.5,0.000233090104302375,-0.00023309010430237498,64
pre_selector,6,4,-5.421010862427522e-20,-1.523719107698493e-17,1.523719107698493e-17,0.5,0.0007422506241709874,-0.0007422506241709875,64
pre_selector,5,16,2.168404344971009e-19,1.5236530469455647e-17,1.5236530469455647e-17,0.5,0.003992904807546421,-0.003992904807546421,64
pre_selector,20,3,3.3881317890172014e-20,1.52287058205893e-17,1.52287058205893e-17,0.5,0.0005622681528620875,-0.0005622681528620875,64
pre_selector,33,31,1.3552527156068805e-19,1.5219752208297506e-17,1.5219752208297506e-17,0.5,-0.005631739193631781,0.005631739193631781,64
pre_selector,31,31,8.131516293641283e-20,1.512854190075647e-17,1.512854190075647e-17,0.5,-0.0029849323254893265,0.0029849323254893265,64
pre_selector,17,29,-1.0164395367051604e-20,-1.5078468759036526e-17,1.5078468759036526e-17,0.5,0.00030421867211315374,-0.00030421867211315374,64
pre_selector,21,19,-5.421010862427522e-20,-1.50461723364771e-17,1.50461723364771e-17,0.5,0.0011015485870302594,-0.0011015485870302594,64
pre_selector,11,24,1.0842021724855044e-19,1.5022226523200683e-17,1.5022226523200683e-17,0.5,-0.00035126585862600923,0.0003512658586260093,64
pre_selector,30,30,6.776263578034403e-21,1.5009152102945067e-17,1.5009152102945067e-17,0.5,0.00011665346391963983,-0.00011665346391963983,64
pre_selector,33,14,1.6263032587282567e-19,1.500250429686045e-17,1.500250429686045e-17,0.5,-0.0037374694002209993,0.0037374694002209998,64
pre_selector,14,3,-1.2705494208814505e-21,-1.500007190409521e-17,1.500007190409521e-17,0.5,8.547068432564785e-06,-8.547068432564785e-06,64
pre_selector,5,26,2.168404344971009e-19,1.495991979786262e-17,1.495991979786262e-17,0.5,0.004201119290200951,-0.0042011192902009515,64
pre_selector,16,15,-8.131516293641283e-20,-1.4826443983628628e-17,1.4826443983628628e-17,0.5,0.0006808270263718345,-0.0006808270263718344,64
pre_selector,7,3,1.3552527156068805e-20,1.4787191110622046e-17,1.4787191110622046e-17,0.5,-0.00011687587721098685,0.00011687587721098684,64
pre_selector,10,2,-6.776263578034403e-21,-1.477094126692046e-17,1.477094126692046e-17,0.5,0.0001240054725712875,-0.0001240054725712875,64
pre_selector,31,24,1.0842021724855044e-19,1.4731152652279718e-17,1.4731152652279718e-17,0.5,-0.0005715781589969967,0.0005715781589969968,64
pre_selector,23,31,1.0842021724855044e-19,1.467592850653862e-17,1.467592850653862e-17,0.5,-0.00012303528637858335,0.00012303528637858325,64
pre_selector,19,27,6.776263578034403e-21,1.4668155991109464e-17,1.4668155991109464e-17,0.5,1.0028540600614776e-05,-1.002854060061479e-05,64
pre_selector,1,16,-2.710505431213761e-20,-1.4636028986955813e-17,1.4636028986955813e-17,0.5,-2.0756261619668748e-05,2.075626161966872e-05,64
pre_selector,1,11,-5.421010862427522e-20,-1.462909024033552e-17,1.462909024033552e-17,0.5,-0.00022007070947436554,0.0002200707094743656,64
pre_selector,20,6,-2.710505431213761e-20,-1.461065778328457e-17,1.461065778328457e-17,0.5,-0.00029460908808688125,0.00029460908808688125,64
pre_selector,27,12,-1.3552527156068805e-20,-1.4569956305543145e-17,1.4569956305543145e-17,0.5,-0.0001884611519926671,0.0001884611519926671,64
pre_selector,29,24,-4.0657581468206416e-20,-1.4544548212691888e-17,1.4544548212691888e-17,0.5,-0.0011574361260499907,0.0011574361260499907,64
pre_selector,9,15,3.3881317890172014e-21,1.4537885566187902e-17,1.4537885566187902e-17,0.5,1.8043563841271788e-05,-1.8043563841271778e-05,64
pre_selector,17,18,1.3552527156068805e-20,1.447813999259766e-17,1.447813999259766e-17,0.5,0.00033253674155274307,-0.0003325367415527431,64
pre_selector,25,3,-3.3881317890172014e-21,-1.438101451236574e-17,1.438101451236574e-17,0.5,-7.063672745742968e-05,7.06367274574297e-05,64
pre_selector,22,18,-6.776263578034403e-21,-1.4343012479470433e-17,1.4343012479470433e-17,0.5,-0.0002317015955668234,0.0002317015955668234,64
pre_selector,6,0,-2.0328790734103208e-20,-1.430464318461954e-17,1.430464318461954e-17,0.5,-3.942632247356246e-06,3.942632247356273e-06,64
pre_selector,1,28,2.710505431213761e-20,1.4304147501019826e-17,1.4304147501019826e-17,0.5,-0.00033471119383852175,0.0003347111938385218,64
pre_selector,15,14,6.776263578034403e-21,1.4242183923169405e-17,1.4242183923169405e-17,0.5,0.00010303371755070013,-0.00010303371755070015,64
pre_selector,3,13,1.0842021724855044e-19,1.4237209220543273e-17,1.4237209220543273e-17,0.5,0.001818958928197403,-0.001818958928197403,64
pre_selector,15,13,-5.421010862427522e-20,-1.4229536954834522e-17,1.4229536954834522e-17,0.5,-1.4498600648957027e-05,1.4498600648957081e-05,64
pre_selector,21,18,-5.421010862427522e-20,-1.4229339634556637e-17,1.4229339634556637e-17,0.5,0.0005234230957284994,-0.0005234230957284994,64
pre_selector,22,14,-5.421010862427522e-20,-1.4210335706180815e-17,1.4210335706180815e-17,0.5,-0.0015035339019959688,0.0015035339019959686,64
pre_selector,26,24,-1.0842021724855044e-19,-1.4203424382250742e-17,1.4203424382250742e-17,0.5,-0.0038412935900850893,0.003841293590085089,64
pre_selector,19,18,1.0164395367051604e-20,1.4199564272909566e-17,1.4199564272909566e-17,0.5,-0.00013611650683742648,0.00013611650683742648,64
pre_selector,3,18,-8.131516293641283e-20,-1.4180478232033283e-17,1.4180478232033283e-17,0.5,-0.001134216523496422,0.001134216523496422,64
pre_selector,14,20,5.421010862427522e-20,1.4155720093486712e-17,1.4155720093486712e-17,0.5,0.00018589970204629263,-0.00018589970204629263,64
pre_selector,26,25,-8.131516293641283e-20,-1.4154083243446936e-17,1.4154083243446936e-17,0.5,0.0012624892679013902,-0.0012624892679013902,64
pre_selector,6,25,2.710505431213761e-20,1.4145474519691725e-17,1.4145474519691725e-17,0.5,0.0006313636376944469,-0.0006313636376944469,64
pre_selector,22,23,3.3881317890172014e-21,1.4143717819361854e-17,1.4143717819361854e-17,0.5,-6.854046932857369e-05,6.854046932857369e-05,64
pre_selector,10,19,6.776263578034403e-21,1.411277582884722e-17,1.411277582884722e-17,0.5,2.050402144948644e-06,-2.0504021449486304e-06,64
pre_selector,30,16,-5.421010862427522e-20,-1.408548473168316e-17,1.408548473168316e-17,0.5,-0.0011724858704837845,0.0011724858704837845,64
pre_selector,34,11,-8.470329472543003e-21,-1.4068563595341853e-17,1.4068563595341853e-17,0.5,-2.1739764179065624e-05,2.1739764179065617e-05,64
pre_selector,5,7,-5.421010862427522e-20,-1.4020096444050808e-17,1.4020096444050808e-17,0.5,0.0007921188880573105,-0.0007921188880573104,64
pre_selector,9,27,-1.3552527156068805e-20,-1.4012713911363914e-17,1.4012713911363914e-17,0.5,-7.767335409880995e-05,7.767335409880998e-05,64
pre_selector,12,0,-1.3552527156068805e-20,-1.3968265892820665e-17,1.3968265892820665e-17,0.5,5.901971599086566e-05,-5.901971599086565e-05,64
pre_selector,21,26,-5.421010862427522e-20,-1.3947786182312457e-17,1.3947786182312457e-17,0.5,0.00021923039275860537,-0.00021923039275860532,64
pre_selector,6,13,5.421010862427522e-20,1.3923567394975877e-17,1.3923567394975877e-17,0.5,0.0007592208748974324,-0.0007592208748974324,64
pre_selector,7,21,6.776263578034403e-21,1.388588269150674e-17,1.388588269150674e-17,0.5,-0.00012153383158873834,0.00012153383158873836,64
pre_selector,11,4,-2.710505431213761e-20,-1.386794635111644e-17,1.386794635111644e-17,0.5,-0.0005060859875811723,0.0005060859875811722,64
pre_selector,20,28,1.0842021724855044e-19,1.378820316962229e-17,1.378820316962229e-17,0.5,-0.0016630950485705407,0.0016630950485705405,64
pre_selector,1,8,-5.421010862427522e-20,-1.3753608925768327e-17,1.3753608925768327e-17,0.5,-7.293045928235631e-05,7.293045928235628e-05,64
pre_selector,12,19,-2.541098841762901e-21,-1.3748136887461595e-17,1.3748136887461595e-17,0.5,8.095873454299226e-06,-8.095873454299227e-06,64
pre_selector,4,28,-5.421010862427522e-20,-1.374237743961737e-17,1.374237743961737e-17,0.5,0.0011603500879573295,-0.0011603500879573295,64
pre_selector,16,22,5.421010862427522e-20,1.3688257167278372e-17,1.3688257167278372e-17,0.5,8.796472684477973e-06,-8.796472684477919e-06,64
pre_selector,33,0,-5.929230630780102e-21,-1.3664600038172496e-17,1.3664600038172496e-17,0.5,-8.831134891805641e-05,8.831134891805644e-05,64
pre_selector,17,4,2.710505431213761e-20,1.3663274403362933e-17,1.3663274403362933e-17,0.5,0.0007111706690920874,-0.0007111706690920875,64
pre_selector,4,23,1.0842021724855044e-19,1.3637943581595517e-17,1.3637943581595517e-17,0.5,0.00017542443674758057,-0.00017542443674758046,64
pre_selector,29,28,-6.776263578034403e-21,-1.3636642563508642e-17,1.3636642563508642e-17,0.5,-0.00022519551430376508,0.00022519551430376508,64
pre_selector,17,16,1.3552527156068805e-20,1.3628726395513909e-17,1.3628726395513909e-17,0.5,3.960563162762336e-05,-3.9605631627623425e-05,64
pre_selector,8,5,1.2705494208814505e-21,1.3616330442005945e-17,1.3616330442005945e-17,0.5,-1.333127096359021e-05,1.333127096359021e-05,64
pre_selector,22,12,6.776263578034403e-21,1.360591912986309e-17,1.360591912986309e-17,0.5,2.637734269228191e-05,-2.637734269228192e-05,64
pre_selector,34,17,2.710505431213761e-20,1.3600831029296161e-17,1.3600831029296161e-17,0.5,-0.001504876541730447,0.001504876541730447,64
pre_selector,28,22,-2.710505431213761e-20,-1.3567463460753524e-17,1.3567463460753524e-17,0.5,-0.00018033033848041948,0.00018033033848041945,64
pre_selector,33,29,1.6263032587282567e-19,1.3555206627806265e-17,1.3555206627806265e-17,0.5,-0.005788591159216578,0.005788591159216578,64
pre_selector,18,8,1.3552527156068805e-20,1.3545705438176328e-17,1.3545705438176328e-17,0.5,0.0001782454537533012,-0.00017824545375330126,64
pre_selector,5,1,-1.0842021724855044e-19,-1.3494414723660772e-17,1.3494414723660772e-17,0.5,0.0023444850348823786,-0.002344485034882379,64
pre_selector,15,25,-2.710505431213761e-20,-1.3483640000542918e-17,1.3483640000542918e-17,0.5,0.0004941024526487843,-0.0004941024526487843,64
pre_selector,0,9,-4.0657581468206416e-20,-1.3427696177177807e-17,1.3427696177177807e-17,0.5,0.00030237432656576234,-0.0003023743265657625,64
pre_selector,27,17,2.0328790734103208e-20,1.3414301950562412e-17,1.3414301950562412e-17,0.5,-0.0007321607190533231,0.0007321607190533231,64
pre_selector,7,6,1.0587911840678754e-22,1.3398983491073195e-17,1.3398983491073195e-17,0.5,1.9172108839393687e-06,-1.9172108839393687e-06,64
pre_selector,5,9,-4.336808689942018e-19,-1.3369386211802312e-17,1.3369386211802312e-17,0.5,0.002904703374952072,-0.0029047033749520714,64
pre_selector,21,15,-3.3881317890172014e-20,-1.3358611422759175e-17,1.3358611422759175e-17,0.5,0.0008137319855449974,-0.0008137319855449973,64
pre_selector,7,9,3.3881317890172014e-21,1.335659929363633e-17,1.335659929363633e-17,0.5,-3.764775146919619e-05,3.7647751469196196e-05,64
pre_selector,32,2,2.168404344971009e-19,1.3291017219905447e-17,1.3291017219905447e-17,0.5,-0.009157803986454355,0.009157803986454357,64
pre_selector,19,2,-2.710505431213761e-20,-1.329020410350393e-17,1.329020410350393e-17,0.5,0.0008361050404346168,-0.0008361050404346168,64
pre_selector,31,15,2.168404344971009e-19,1.326119313839278e-17,1.326119313839278e-17,0.5,-0.0017541436682222409,0.0017541436682222407,64
pre_selector,19,11,2.0328790734103208e-20,1.3228835294716904e-17,1.3228835294716904e-17,0.5,4.855552469961263e-05,-4.855552469961263e-05,64
pre_selector,9,5,-2.710505431213761e-20,-1.3209110140231315e-17,1.3209110140231315e-17,0.5,0.0004814589829038509,-0.00048145898290385085,64
pre_selector,24,10,2.0328790734103208e-20,1.3197467537187928e-17,1.3197467537187928e-17,0.5,0.0001895473033073281,-0.00018954730330732815,64
pre_selector,21,17,-5.421010862427522e-20,-1.3196756687061376e-17,1.3196756687061376e-17,0.5,0.0022779182472731814,-0.0022779182472731814,64
pre_selector,35,18,-4.0657581468206416e-20,-1.3192489824084582e-17,1.3192489824084582e-17,0.5,-0.00018127766452379995,0.0001812776645238,64
pre_selector,5,8,2.168404344971009e-19,1.312502289483508e-17,1.312502289483508e-17,0.5,0.0013313193630892658,-0.0013313193630892658,64
pre_selector,28,19,1.6940658945086007e-20,1.3122309610560373e-17,1.3122309610560373e-17,0.5,-0.0005820022233819987,0.0005820022233819989,64
pre_selector,22,10,2.0328790734103208e-20,1.3100588679281583e-17,1.3100588679281583e-17,0.5,-0.000250823826718264,0.00025082382671826395,64
pre_selector,33,24,-2.710505431213761e-20,-1.3089924936844286e-17,1.3089924936844286e-17,0.5,0.0005133449594723048,-0.0005133449594723048,64
pre_selector,29,0,4.336808689942018e-19,1.3074528305479425e-17,1.3074528305479425e-17,0.5,-0.012016174645395932,0.012016174645395936,64
response_mean,0,1,6.776263578034403e-21,1.3003221575695675e-17,1.3003221575695675e-17,0.5,-0.00012740469446725564,0.0001274046944672557,64
pre_selector,25,30,-1.6263032587282567e-19,-1.299522946049693e-17,1.299522946049693e-17,0.5,-0.006958527374081289,0.00695852737408129,64
pre_selector,19,7,-1.3552527156068805e-20,-1.2969155437225174e-17,1.2969155437225174e-17,0.5,-0.0004282003719708834,0.00042820037197088346,64
pre_selector,15,19,1.3552527156068805e-20,1.2918975142614224e-17,1.2918975142614224e-17,0.5,0.00014970100073695877,-0.00014970100073695877,64
pre_selector,4,9,1.0842021724855044e-19,1.2904586962033092e-17,1.2904586962033092e-17,0.5,0.0017532820966153018,-0.0017532820966153016,64
pre_selector,32,0,1.0842021724855044e-19,1.2884258325614184e-17,1.2884258325614184e-17,0.5,-0.005028118830523431,0.005028118830523431,64
pre_selector,7,17,-3.3881317890172014e-21,-1.2870953330069612e-17,1.2870953330069612e-17,0.5,-5.957228950139064e-07,5.957228950139098e-07,64
pre_selector,2,29,1.0842021724855044e-19,1.285563179283718e-17,1.285563179283718e-17,0.5,0.0025086496680160096,-0.0025086496680160096,64
pre_selector,11,31,8.131516293641283e-20,1.281895843657321e-17,1.281895843657321e-17,0.5,0.0005263327111606367,-0.0005263327111606365,64
pre_selector,2,13,-2.710505431213761e-20,-1.2814050140043683e-17,1.2814050140043683e-17,0.5,0.00041753583354873906,-0.00041753583354873906,64
pre_selector,30,31,1.6940658945086007e-21,1.2792303917825667e-17,1.2792303917825667e-17,0.5,-6.022435968590702e-06,6.022435968590704e-06,64
pre_selector,24,7,5.421010862427522e-20,1.2760251688160704e-17,1.2760251688160704e-17,0.5,0.000832702031402725,-0.0008327020314027251,64
pre_selector,26,23,1.3552527156068805e-20,1.271546287052266e-17,1.271546287052266e-17,0.5,-0.00015122610875550936,0.00015122610875550936,64
pre_selector,5,22,1.0842021724855044e-19,1.262778320669508e-17,1.262778320669508e-17,0.5,0.002431643853242332,-0.0024316438532423316,64
pre_selector,12,14,-2.0328790734103208e-20,-1.2600764943069642e-17,1.2600764943069642e-17,0.5,7.216956873888793e-06,-7.216956873888759e-06,64
pre_selector,33,6,1.0842021724855044e-19,1.2598545531528391e-17,1.2598545531528391e-17,0.5,-0.003923467142158163,0.003923467142158163,64
pre_selector,4,3,-5.421010862427522e-20,-1.2596841494451969e-17,1.2596841494451969e-17,0.5,0.0005706914726033655,-0.0005706914726033654,64
pre_selector,3,27,-1.0842021724855044e-19,-1.2577252754825098e-17,1.2577252754825098e-17,0.5,0.0019264219527031128,-0.0019264219527031124,64
pre_selector,15,1,5.421010862427522e-20,1.2571268928356759e-17,1.2571268928356759e-17,0.5,0.0018842708304873564,-0.0018842708304873564,64
pre_selector,26,1,-5.421010862427522e-20,-1.2513892560181167e-17,1.2513892560181167e-17,0.5,0.00017868556460598316,-0.0001786855646059832,64
pre_selector,35,3,5.421010862427522e-20,1.2491715934481613e-17,1.2491715934481613e-17,0.5,-0.00014084239955991268,0.00014084239955991252,64
pre_selector,9,1,3.3881317890172014e-21,1.248891200197761e-17,1.248891200197761e-17,0.5,2.198953143304916e-05,-2.1989531433049143e-05,64
pre_selector,1,25,4.336808689942018e-19,1.247027357263497e-17,1.247027357263497e-17,0.5,0.0020503696287050757,-0.002050369628705074,64
pre_selector,10,26,-1.3552527156068805e-20,-1.2400509828490029e-17,1.2400509828490029e-17,0.5,-4.307950803190776e-06,4.3079508031907624e-06,64
pre_selector,20,15,1.8973538018496328e-19,1.239847396404739e-17,1.239847396404739e-17,0.5,-0.0010411196562927255,0.001041119656292725,64
pre_selector,27,26,-1.0842021724855044e-19,-1.2396550151714577e-17,1.2396550151714577e-17,0.5,-0.00015913290553728207,0.00015913290553728183,64
pre_selector,24,21,-1.0842021724855044e-19,-1.2380796306183027e-17,1.2380796306183027e-17,0.5,-0.0014861163799650904,0.0014861163799650906,64
pre_selector,12,22,6.776263578034403e-21,1.2322082124950034e-17,1.2322082124950034e-17,0.5,-8.710672682354806e-05,8.710672682354805e-05,64
pre_selector,0,11,-4.336808689942018e-19,-1.2318487591525903e-17,1.2318487591525903e-17,0.5,0.002778498455882062,-0.002778498455882062,64
pre_selector,16,1,6.776263578034403e-21,1.229577524593629e-17,1.229577524593629e-17,0.5,0.00013152706151228912,-0.00013152706151228912,64
pre_selector,16,25,-2.710505431213761e-20,-1.2295457935419536e-17,1.2295457935419536e-17,0.5,-0.0004754050969495347,0.0004754050969495347,64
pre_selector,2,3,8.131516293641283e-20,1.2291837103360679e-17,1.2291837103360679e-17,0.5,-5.183607572689685e-05,5.183607572689696e-05,64
pre_selector,11,28,1.6940658945086007e-21,1.2275319042060227e-17,1.2275319042060227e-17,0.5,-1.1979625469407585e-06,1.1979625469407594e-06,64
pre_selector,29,31,-6.776263578034403e-21,-1.2225885831564467e-17,1.2225885831564467e-17,0.5,-0.00011535575640664637,0.00011535575640664637,64
pre_selector,3,25,1.0842021724855044e-19,1.2197795448714203e-17,1.2197795448714203e-17,0.5,0.0024081646183731088,-0.0024081646183731088,64
pre_selector,31,6,-8.131516293641283e-20,-1.2180261282602907e-17,1.2180261282602907e-17,0.5,-0.002380653670115855,0.0023806536701158547,64
pre_selector,30,24,-5.421010862427522e-20,-1.2174897720616734e-17,1.2174897720616734e-17,0.5,-0.003131565626972544,0.0031315656269725435,64
pre_selector,17,8,-2.0328790734103208e-20,-1.2173833521430219e-17,1.2173833521430219e-17,0.5,-0.00030512657940561563,0.0003051265794056156,64
pre_selector,10,22,-1.6940658945086007e-21,-1.2172174633375698e-17,1.2172174633375698e-17,0.5,-4.388441493573746e-05,4.3884414935737464e-05,64
pre_selector,13,5,4.0657581468206416e-20,1.2154555046454236e-17,1.2154555046454236e-17,0.5,0.000443364791863125,-0.00044336479186312517,64
pre_selector,11,14,-2.710505431213761e-20,-1.2121926137285924e-17,1.2121926137285924e-17,0.5,-0.0006796540710638452,0.0006796540710638452,64
pre_selector,4,10,-1.0842021724855044e-19,-1.2091240631948584e-17,1.2091240631948584e-17,0.5,0.0029601543174066908,-0.0029601543174066908,64
pre_selector,18,26,5.421010862427522e-20,1.2063754099775045e-17,1.2063754099775045e-17,0.5,0.0016926852276810444,-0.0016926852276810444,64
pre_selector,26,10,3.3881317890172014e-21,1.2048803201983452e-17,1.2048803201983452e-17,0.5,-1.9331200746809873e-05,1.933120074680987e-05,64
pre_selector,17,15,-1.3552527156068805e-20,-1.1994392358632267e-17,1.1994392358632267e-17,0.5,-0.0002734707777563056,0.0002734707777563056,64
pre_selector,0,12,8.131516293641283e-20,1.1977298202800209e-17,1.1977298202800209e-17,0.5,-0.00039545060280944363,0.00039545060280944395,64
pre_selector,20,17,-1.3552527156068805e-20,-1.1971104265082921e-17,1.1971104265082921e-17,0.5,4.412545422382749e-05,-4.412545422382739e-05,64
pre_selector,0,16,2.168404344971009e-19,1.195544665215269e-17,1.195544665215269e-17,0.5,0.004866612507612429,-0.00486661250761243,64
pre_selector,16,10,-2.710505431213761e-20,-1.1945833487741656e-17,1.1945833487741656e-17,0.5,-0.0003479056776996,0.0003479056776996,64
pre_selector,24,2,-1.3552527156068805e-20,-1.191693082902795e-17,1.191693082902795e-17,0.5,-0.0002888944131882308,0.0002888944131882309,64
pre_selector,17,28,2.541098841762901e-21,1.1914162035352243e-17,1.1914162035352243e-17,0.5,-3.198657668690404e-05,3.198657668690405e-05,64
pre_selector,29,8,-1.3552527156068805e-20,-1.1888951853590638e-17,1.1888951853590638e-17,0.5,-0.000766625658798116,0.000766625658798116,64
pre_selector,31,27,-2.541098841762901e-21,-1.1871320882296227e-17,1.1871320882296227e-17,0.5,4.058418198840016e-06,-4.058418198840013e-06,64
pre_selector,32,11,2.168404344971009e-19,1.1863968684882657e-17,1.1863968684882657e-17,0.5,-0.00936515470675656,0.00936515470675656,64
response_first,0,22,8.470329472543003e-22,1.1861773556000958e-17,1.1861773556000958e-17,0.5,-3.6750407136571783e-09,3.6750407136563313e-09,64
pre_selector,13,28,1.3552527156068805e-20,1.1855368051766524e-17,1.1855368051766524e-17,0.5,-7.048280531307479e-05,7.04828053130748e-05,64
pre_selector,11,7,-2.541098841762901e-21,-1.1826696826054878e-17,1.1826696826054878e-17,0.5,2.7277052595305498e-05,-2.72770525953055e-05,64
pre_selector,19,8,-6.776263578034403e-21,-1.182155626582772e-17,1.182155626582772e-17,0.5,7.130095673346197e-05,-7.130095673346196e-05,64
pre_selector,14,29,2.710505431213761e-20,1.178494915422948e-17,1.178494915422948e-17,0.5,0.00022243682906264065,-0.00022243682906264065,64
pre_selector,15,16,-1.3552527156068805e-20,-1.1768412784954474e-17,1.1768412784954474e-17,0.5,-3.240124351577919e-05,3.24012435157792e-05,64
pre_selector,21,28,-2.710505431213761e-20,-1.1760276539797871e-17,1.1760276539797871e-17,0.5,0.0007847040851629343,-0.0007847040851629343,64
pre_selector,24,17,2.710505431213761e-20,1.1738847795257427e-17,1.1738847795257427e-17,0.5,5.9928544942523655e-05,-5.992854494252375e-05,64
pre_selector,4,12,1.0842021724855044e-19,1.1716977397574512e-17,1.1716977397574512e-17,0.5,0.0023324649500864555,-0.0023324649500864555,64
pre_selector,26,12,2.710505431213761e-20,1.1709412705271728e-17,1.1709412705271728e-17,0.5,-0.0016427755617769155,0.0016427755617769157,64
pre_selector,19,17,-5.421010862427522e-20,-1.1694854971583933e-17,1.1694854971583933e-17,0.5,0.00038418682379414673,-0.0003841868237941469,64
pre_selector,2,31,-1.0842021724855044e-19,-1.1606677459208577e-17,1.1606677459208577e-17,0.5,0.001635485656152016,-0.0016354856561520159,64
pre_selector,10,21,-1.6940658945086007e-20,-1.1606532024948683e-17,1.1606532024948683e-17,0.5,0.0007850806796341008,-0.0007850806796341008,64
pre_selector,1,23,1.0842021724855044e-19,1.1582260768684838e-17,1.1582260768684838e-17,0.5,9.938629955286572e-05,-9.93862995528655e-05,64
pre_selector,11,25,-2.541098841762901e-21,-1.156512725968635e-17,1.156512725968635e-17,0.5,9.196715836877152e-06,-9.196715836877158e-06,64
pre_selector,15,29,2.541098841762901e-21,1.1555620018339014e-17,1.1555620018339014e-17,0.5,-1.712485874349721e-05,1.7124858743497218e-05,64
pre_selector,13,16,-5.421010862427522e-20,-1.1538601922895735e-17,1.1538601922895735e-17,0.5,-0.0010748124950623627,0.0010748124950623625,64
pre_selector,24,4,2.710505431213761e-20,1.1533581990655716e-17,1.1533581990655716e-17,0.5,-0.0003593689398258022,0.00035936893982580224,64
pre_selector,13,25,6.776263578034403e-21,1.1530975973581322e-17,1.1530975973581322e-17,0.5,-3.9060401377348644e-05,3.906040137734862e-05,64
pre_selector,25,27,1.3552527156068805e-20,1.1517129649103389e-17,1.1517129649103389e-17,0.5,-0.0005698029062841463,0.0005698029062841464,64
pre_selector,6,23,-1.0164395367051604e-20,-1.1510000643687515e-17,1.1510000643687515e-17,0.5,-2.232138467662018e-05,2.232138467662016e-05,64
pre_selector,2,25,-5.421010862427522e-20,-1.1504248716960973e-17,1.1504248716960973e-17,0.5,-3.79180419258846e-05,3.791804192588449e-05,64
pre_selector,5,31,-1.0842021724855044e-19,-1.1497228957795942e-17,1.1497228957795942e-17,0.5,0.002748551381955613,-0.002748551381955613,64
pre_selector,10,5,8.470329472543003e-22,1.1440614792799395e-17,1.1440614792799395e-17,0.5,-5.7695125406039164e-06,5.769512540603917e-06,64
pre_selector,13,10,8.470329472543003e-21,1.1425601430604424e-17,1.1425601430604424e-17,0.5,0.00018838970254364646,-0.00018838970254364643,64
pre_selector,0,30,-2.168404344971009e-19,-1.1405343170852166e-17,1.1405343170852166e-17,0.5,0.0044336161372484665,-0.004433616137248466,64
pre_selector,33,16,2.168404344971009e-19,1.1404762770752601e-17,1.1404762770752601e-17,0.5,-0.012379500505630824,0.012379500505630825,64
pre_selector,23,26,-5.421010862427522e-20,-1.1398393690937827e-17,1.1398393690937827e-17,0.5,-0.0021329875889932563,0.0021329875889932563,64
pre_selector,27,4,1.3552527156068805e-20,1.1396126261358557e-17,1.1396126261358557e-17,0.5,0.0002340151004318645,-0.00023401510043186453,64
pre_selector,26,15,2.168404344971009e-19,1.137208528135339e-17,1.137208528135339e-17,0.5,-0.008273349769297028,0.008273349769297028,64
pre_selector,25,10,-2.168404344971009e-19,-1.1227744209860378e-17,1.1227744209860378e-17,0.5,-0.0037780106249556255,0.0037780106249556255,64
pre_selector,2,2,-1.0842021724855044e-19,-1.118470990025486e-17,1.118470990025486e-17,0.5,0.0028490400418377257,-0.0028490400418377257,64
pre_selector,28,2,-5.421010862427522e-20,-1.1167446448003878e-17,1.1167446448003878e-17,0.5,-0.0028139935529906926,0.0028139935529906926,64
pre_selector,2,22,1.0842021724855044e-19,1.1105934816924043e-17,1.1105934816924043e-17,0.5,0.0026723146884250855,-0.0026723146884250855,64
pre_selector,16,2,6.776263578034403e-21,1.1049193319445159e-17,1.1049193319445159e-17,0.5,2.328464006494335e-05,-2.3284640064943365e-05,64
pre_selector,11,20,-1.2705494208814505e-21,-1.1049135686799684e-17,1.1049135686799684e-17,0.5,2.755958473698656e-05,-2.755958473698656e-05,64
pre_selector,0,22,-1.0842021724855044e-19,-1.1037597360713912e-17,1.1037597360713912e-17,0.5,0.0008564931486034753,-0.0008564931486034752,64
pre_selector,0,3,-1.3552527156068805e-20,-1.1033635859794023e-17,1.1033635859794023e-17,0.5,0.0003068811820412372,-0.00030688118204123723,64
pre_selector,19,4,-5.421010862427522e-20,-1.1030632744887774e-17,1.1030632744887774e-17,0.5,-0.00037214068288450315,0.00037214068288450315,64
pre_selector,32,5,2.710505431213761e-20,1.100828971872937e-17,1.100828971872937e-17,0.5,-0.001711504435661456,0.0017115044356614563,64
pre_selector,23,4,2.168404344971009e-19,1.0889257604881836e-17,1.0889257604881836e-17,0.5,-0.007325133126869328,0.007325133126869328,64
pre_selector,25,0,1.3552527156068805e-20,1.0855010159303563e-17,1.0855010159303563e-17,0.5,-0.000779666057496774,0.000779666057496774,64
final_prompt,0,26,-1.0842021724855044e-19,-1.0845823875254498e-17,1.0845823875254498e-17,0.5,-0.004320806010582578,0.004320806010582579,64
pre_selector,13,22,3.3881317890172014e-21,1.0840961330593699e-17,1.0840961330593699e-17,0.5,2.509414298401478e-05,-2.5094142984014762e-05,64
pre_selector,1,1,5.421010862427522e-20,1.0840024690351955e-17,1.0840024690351955e-17,0.5,0.00104990421095862,-0.0010499042109586199,64
pre_selector,27,19,1.0842021724855044e-19,1.0840005646763866e-17,1.0840005646763866e-17,0.5,-0.004239724500621378,0.004239724500621378,64
pre_selector,7,26,-6.776263578034403e-21,-1.0816024121362126e-17,1.0816024121362126e-17,0.5,2.2197591533771867e-05,-2.2197591533771874e-05,64
pre_selector,16,14,2.710505431213761e-20,1.0793523490771805e-17,1.0793523490771805e-17,0.5,0.00021485605975613014,-0.00021485605975613017,64
pre_selector,4,26,5.421010862427522e-20,1.0712520003436e-17,1.0712520003436e-17,0.5,0.0013276943191158376,-0.0013276943191158374,64
pre_selector,16,4,-6.776263578034403e-21,-1.0691018270481748e-17,1.0691018270481748e-17,0.5,0.00016578021291023567,-0.00016578021291023567,64
pre_selector,20,9,-6.776263578034403e-21,-1.0680733202014457e-17,1.0680733202014457e-17,0.5,3.7201347367943775e-05,-3.720134736794378e-05,64
pre_selector,6,21,1.3552527156068805e-20,1.064117826110193e-17,1.064117826110193e-17,0.5,0.00018643295334185153,-0.00018643295334185153,64
pre_selector,22,4,5.421010862427522e-20,1.0613105025935004e-17,1.0613105025935004e-17,0.5,-0.0003197332212039499,0.00031973322120395,64
pre_selector,33,22,-2.710505431213761e-20,-1.05977099130663e-17,1.05977099130663e-17,0.5,-0.001641691862459963,0.0016416918624599628,64
pre_selector,11,27,5.929230630780102e-21,1.0595134283282655e-17,1.0595134283282655e-17,0.5,-2.8916851533718178e-05,2.8916851533718164e-05,64
pre_selector,2,21,5.421010862427522e-20,1.0590277184178356e-17,1.0590277184178356e-17,0.5,0.0019156709495291395,-0.0019156709495291395,64
pre_selector,15,3,-5.421010862427522e-20,-1.0580136636872497e-17,1.0580136636872497e-17,0.5,0.0016772757517173843,-0.0016772757517173843,64
pre_selector,17,1,2.0328790734103208e-20,1.057917694052267e-17,1.057917694052267e-17,0.5,0.0003754344616026909,-0.00037543446160269087,64
pre_selector,26,11,-3.3881317890172014e-21,-1.057416525171423e-17,1.057416525171423e-17,0.5,4.299585043542902e-06,-4.299585043542892e-06,64
pre_selector,28,4,-3.3881317890172014e-21,-1.0556850736053095e-17,1.0556850736053095e-17,0.5,-4.896479867966132e-05,4.896479867966134e-05,64
pre_selector,5,12,-5.421010862427522e-20,-1.0542877303461227e-17,1.0542877303461227e-17,0.5,0.000684142643876836,-0.0006841426438768361,64
pre_selector,17,14,2.710505431213761e-20,1.0522407466903931e-17,1.0522407466903931e-17,0.5,-0.0001341457941634844,0.0001341457941634844,64
pre_selector,34,3,-2.168404344971009e-19,-1.0491185436391816e-17,1.0491185436391816e-17,0.5,-0.013485913368640445,0.013485913368640445,64
pre_selector,33,12,2.168404344971009e-19,1.0473115503528135e-17,1.0473115503528135e-17,0.5,-0.006597305873583521,0.006597305873583521,64
pre_selector,24,14,3.3881317890172014e-20,1.0460791877017156e-17,1.0460791877017156e-17,0.5,-0.0011266138917562576,0.0011266138917562576,64
pre_selector,2,17,-5.421010862427522e-20,-1.044920034159344e-17,1.044920034159344e-17,0.5,-0.0009503533947281441,0.000950353394728144,64
pre_selector,31,21,3.3881317890172014e-21,1.044671004620955e-17,1.044671004620955e-17,0.5,-1.759051360750053e-05,1.7590513607500526e-05,64
pre_selector,29,20,-3.3881317890172014e-21,-1.043265212419267e-17,1.043265212419267e-17,0.5,-2.185607604587557e-05,2.1856076045875575e-05,64
pre_selector,20,22,2.168404344971009e-19,1.0414291786098188e-17,1.0414291786098188e-17,0.5,-0.0023922804684843937,0.002392280468484394,64
pre_selector,0,29,1.0842021724855044e-19,1.0401214638535387e-17,1.0401214638535387e-17,0.5,0.00022392557002603162,-0.00022392557002603108,64
pre_selector,7,13,-2.710505431213761e-20,-1.0359820282947094e-17,1.0359820282947094e-17,0.5,-5.616395719699682e-05,5.6163957196996874e-05,64
pre_selector,19,9,-1.6940658945086007e-20,-1.0333335848993923e-17,1.0333335848993923e-17,0.5,0.00020725025751743795,-0.00020725025751743795,64
pre_selector,30,8,-5.421010862427522e-20,-1.0290754016253094e-17,1.0290754016253094e-17,0.5,-0.0023583799411426125,0.0023583799411426125,64
pre_selector,13,12,4.1359030627651384e-25,1.0266583284611283e-17,1.0266583284611283e-17,0.5,-3.162320127980678e-09,3.162320127980678e-09,64
pre_selector,18,18,6.776263578034403e-21,1.02665278206086e-17,1.02665278206086e-17,0.5,0.0001951464122953314,-0.00019514641229533144,64
pre_selector,3,3,2.710505431213761e-20,1.0257572246897721e-17,1.0257572246897721e-17,0.5,0.0008476516322844113,-0.0008476516322844114,64
pre_selector,25,20,-6.776263578034403e-21,-1.0223751409677812e-17,1.0223751409677812e-17,0.5,-2.199742266384734e-05,2.1997422663847325e-05,64
pre_selector,1,9,1.6263032587282567e-19,1.0212668155598151e-17,1.0212668155598151e-17,0.5,0.0028596644988283437,-0.002859664498828344,64
pre_selector,16,9,5.421010862427522e-20,1.0211390814200019e-17,1.0211390814200019e-17,0.5,0.0012732405739370562,-0.001273240573937056,64
pre_selector,34,22,-1.6940658945086007e-21,-1.0200217609394234e-17,1.0200217609394234e-17,0.5,-3.6517412240754814e-05,3.6517412240754814e-05,64
pre_selector,21,0,-2.710505431213761e-20,-1.0179462233710981e-17,1.0179462233710981e-17,0.5,-0.0005365100132621623,0.0005365100132621626,64
pre_selector,19,1,1.3552527156068805e-20,1.0178542047578621e-17,1.0178542047578621e-17,0.5,-2.8546805879162008e-05,2.8546805879161994e-05,64
pre_selector,14,1,6.776263578034403e-21,1.0159145618469425e-17,1.0159145618469425e-17,0.5,-1.5171711766018751e-05,1.5171711766018744e-05,64
pre_selector,10,27,-1.3552527156068805e-20,-1.0116578193479631e-17,1.0116578193479631e-17,0.5,-0.0003252939677622573,0.00032529396776225726,64
pre_selector,7,8,6.776263578034403e-21,1.0109361297823263e-17,1.0109361297823263e-17,0.5,7.549765768998331e-05,-7.549765768998331e-05,64
pre_selector,2,30,-5.421010862427522e-20,-1.0083824462894357e-17,1.0083824462894357e-17,0.5,0.0010304620336683125,-0.0010304620336683123,64
pre_selector,11,0,-1.0842021724855044e-19,-1.0083360836854304e-17,1.0083360836854304e-17,0.5,0.0011285161599516845,-0.0011285161599516838,64
pre_selector,30,9,5.421010862427522e-20,1.0037139881848524e-17,1.0037139881848524e-17,0.5,-0.002154436606360816,0.0021544366063608157,64
pre_selector,20,26,-1.3552527156068805e-20,-1.0014028578488297e-17,1.0014028578488297e-17,0.5,-0.0004911564101348436,0.0004911564101348436,64
pre_selector,34,31,6.776263578034403e-21,1.0004315718915496e-17,1.0004315718915496e-17,0.5,-0.00036986239433642646,0.00036986239433642646,64
pre_selector,0,10,1.0842021724855044e-19,9.997447218605109e-18,9.997447218605109e-18,0.5,-0.0002877965744119184,0.0002877965744119181,64
pre_selector,13,3,2.710505431213761e-20,9.918776288338983e-18,9.918776288338983e-18,0.5,-3.4084565413655357e-05,3.4084565413655316e-05,64
pre_selector,32,13,6.776263578034403e-21,9.907390950008664e-18,9.907390950008664e-18,0.5,2.1224171632640634e-05,-2.1224171632640617e-05,64
pre_selector,29,26,-8.131516293641283e-20,-9.886832678591731e-18,9.886832678591731e-18,0.5,-0.003973872640926847,0.003973872640926847,64
pre_selector,10,12,-1.3552527156068805e-20,-9.876722192239787e-18,9.876722192239787e-18,0.5,-0.0005649177837767502,0.0005649177837767501,64
pre_selector,18,22,-1.3552527156068805e-20,-9.869587632094704e-18,9.869587632094704e-18,0.5,0.0002756900757958377,-0.00027569007579583764,64
pre_selector,22,7,2.710505431213761e-20,9.827844095146006e-18,9.827844095146006e-18,0.5,-0.0001587144588484261,0.00015871445884842606,64
pre_selector,32,21,-8.470329472543003e-21,-9.802702007392505e-18,9.802702007392505e-18,0.5,-0.0001958639695658222,0.00019586396956582216,64
pre_selector,21,25,5.421010862427522e-20,9.785128932261875e-18,9.785128932261875e-18,0.5,0.0008929187388275655,-0.0008929187388275655,64
pre_selector,29,16,-1.3552527156068805e-20,-9.758865510009376e-18,9.758865510009376e-18,0.5,-0.0008417479639319734,0.0008417479639319734,64
pre_selector,25,8,-2.710505431213761e-20,-9.745371398931452e-18,9.745371398931452e-18,0.5,-0.0001809341920306938,0.00018093419203069375,64
pre_selector,29,9,1.0842021724855044e-19,9.737877502535364e-18,9.737877502535364e-18,0.5,-0.005689683794116687,0.005689683794116688,64
pre_selector,10,31,-6.776263578034403e-21,-9.720322428630373e-18,9.720322428630373e-18,0.5,8.813836802800629e-05,-8.813836802800628e-05,64
pre_selector,32,18,2.541098841762901e-21,9.693614351493776e-18,9.693614351493776e-18,0.5,-1.6332264294753192e-05,1.6332264294753196e-05,64
pre_selector,24,11,-8.131516293641283e-20,-9.670648160629517e-18,9.670648160629517e-18,0.5,-0.0014361456342157864,0.0014361456342157869,64
pre_selector,25,18,3.3881317890172014e-21,9.670554025861393e-18,9.670554025861393e-18,0.5,-1.1019153590273608e-07,1.1019153590272591e-07,64
pre_selector,19,28,1.3552527156068805e-20,9.647450941263509e-18,9.647450941263509e-18,0.5,0.0002519416293580366,-0.0002519416293580366,64
pre_selector,10,24,-2.710505431213761e-20,-9.636375052086203e-18,9.636375052086203e-18,0.5,0.0005776764137408562,-0.0005776764137408562,64
pre_selector,12,12,-1.3552527156068805e-20,-9.606733545358824e-18,9.606733545358824e-18,0.5,0.00042968285561071707,-0.0004296828556107171,64
pre_selector,7,20,5.082197683525802e-21,9.564648284271582e-18,9.564648284271582e-18,0.5,-4.663419531425974e-05,4.663419531425974e-05,64
pre_selector,8,27,-1.3552527156068805e-20,-9.535885119377087e-18,9.535885119377087e-18,0.5,-0.00015988338782336081,0.00015988338782336084,64
pre_selector,9,14,2.710505431213761e-20,9.512761418330824e-18,9.512761418330824e-18,0.5,-0.0004232274986861706,0.00042322749868617057,64
pre_selector,30,7,6.776263578034403e-21,9.504738694511421e-18,9.504738694511421e-18,0.5,5.720164244848349e-05,-5.720164244848349e-05,64
pre_selector,2,19,2.710505431213761e-20,9.502990164111844e-18,9.502990164111844e-18,0.5,-0.00025711903799673747,0.00025711903799673747,64
pre_selector,6,16,4.0657581468206416e-20,9.491728036320535e-18,9.491728036320535e-18,0.5,0.0013275692253955453,-0.0013275692253955451,64
pre_selector,21,20,5.421010862427522e-20,9.479477626943867e-18,9.479477626943867e-18,0.5,-0.002401500285486689,0.0024015002854866885,64
pre_selector,18,2,6.776263578034403e-21,9.460001977007397e-18,9.460001977007397e-18,0.5,-0.00015222008823912814,0.0001522200882391281,64
pre_selector,5,11,1.0842021724855044e-19,9.422263109156736e-18,9.422263109156736e-18,0.5,0.0016967197007033902,-0.0016967197007033909,64
pre_selector,28,8,-2.710505431213761e-20,-9.411271573378542e-18,9.411271573378542e-18,0.5,-0.0005269570074233291,0.000526957007423329,64
pre_selector,27,14,-2.710505431213761e-20,-9.372064033886608e-18,9.372064033886608e-18,0.5,-0.0014960596099626489,0.001496059609962649,64
pre_selector,28,16,6.776263578034403e-21,9.353158727388207e-18,9.353158727388207e-18,0.5,-0.000430647789471528,0.00043064778947152796,64
pre_selector,30,1,1.3552527156068805e-20,9.34345056660454e-18,9.34345056660454e-18,0.5,-0.0003184220167895436,0.00031842201678954367,64
pre_selector,24,23,-1.0842021724855044e-19,-9.317304641324013e-18,9.317304641324013e-18,0.5,-0.0023853994789532996,0.0023853994789532996,64
pre_selector,28,30,1.6940658945086007e-21,9.292589613851178e-18,9.292589613851178e-18,0.5,3.191783662259267e-05,-3.1917836622592675e-05,64
pre_selector,28,28,-1.4823076576950256e-21,-9.286842307647227e-18,9.286842307647227e-18,0.5,-1.3223856285553143e-05,1.3223856285553148e-05,64
pre_selector,7,2,1.3552527156068805e-20,9.223182682399499e-18,9.223182682399499e-18,0.5,0.00017361357822663504,-0.00017361357822663498,64
pre_selector,25,1,3.3881317890172014e-21,9.217473816380236e-18,9.217473816380236e-18,0.5,-0.00014090131026022569,0.00014090131026022569,64
pre_selector,30,14,-3.3881317890172014e-21,-9.21567651977484e-18,9.21567651977484e-18,0.5,-3.0744405194133125e-05,3.074440519413313e-05,64
pre_selector,2,1,5.421010862427522e-20,9.152926330160333e-18,9.152926330160333e-18,0.5,0.003271132991358155,-0.0032711329913581552,64
pre_selector,13,19,1.3552527156068805e-20,9.118029717945681e-18,9.118029717945681e-18,0.5,0.00017575087440492544,-0.00017575087440492538,64
pre_selector,22,29,-2.168404344971009e-19,-9.114982658199109e-18,9.114982658199109e-18,0.5,-0.0018302365497220347,0.001830236549722035,64
pre_selector,8,1,-3.3881317890172014e-21,-9.113099760146516e-18,9.113099760146516e-18,0.5,7.3282110406500315e-06,-7.328211040650025e-06,64
pre_selector,23,15,-1.3552527156068805e-20,-9.076182753904393e-18,9.076182753904393e-18,0.5,0.00013035476968070107,-0.00013035476968070107,64
pre_selector,1,18,6.776263578034403e-21,9.0607533805374e-18,9.0607533805374e-18,0.5,0.00016382821013393454,-0.00016382821013393454,64
pre_selector,10,23,-1.3552527156068805e-20,-9.021951630791058e-18,9.021951630791058e-18,0.5,-0.000311234500259148,0.000311234500259148,64
pre_selector,35,13,4.0657581468206416e-20,8.992708314993484e-18,8.992708314993484e-18,0.5,0.0001184838183689779,-0.00011848381836897806,64
pre_selector,29,19,1.3552527156068805e-20,8.974508556908243e-18,8.974508556908243e-18,0.5,-0.00020352729188742195,0.000203527291887422,64
pre_selector,11,2,5.421010862427522e-20,8.953405370061875e-18,8.953405370061875e-18,0.5,-0.0008544428783352505,0.0008544428783352502,64
pre_selector,1,4,3.3881317890172014e-21,8.93555614735073e-18,8.93555614735073e-18,0.5,8.954168151826416e-06,-8.95416815182641e-06,64
pre_selector,22,26,-5.421010862427522e-20,-8.924451578481966e-18,8.924451578481966e-18,0.5,-0.0007401024267892342,0.0007401024267892343,64
pre_selector,30,0,-1.0842021724855044e-19,-8.895882966874841e-18,8.895882966874841e-18,0.5,-0.0036199383539497,0.0036199383539497,64
pre_selector,27,23,-6.776263578034403e-21,-8.886670240907346e-18,8.886670240907346e-18,0.5,-0.00010121412515217944,0.00010121412515217944,64
pre_selector,17,11,-5.421010862427522e-20,-8.872390196799706e-18,8.872390196799706e-18,0.5,-0.0010094154276884966,0.001009415427688497,64
pre_selector,35,7,-6.776263578034403e-21,-8.8628663488727e-18,8.8628663488727e-18,0.5,-1.0795203706956259e-05,1.0795203706956259e-05,64
pre_selector,4,5,-1.3552527156068805e-20,-8.858683385321098e-18,8.858683385321098e-18,0.5,-0.00014724179709444456,0.0001472417970944446,64
pre_selector,29,27,2.710505431213761e-20,8.834359921211629e-18,8.834359921211629e-18,0.5,-0.0013325824029379806,0.0013325824029379808,64
pre_selector,11,16,1.3552527156068805e-20,8.827262770289016e-18,8.827262770289016e-18,0.5,-9.39109886530657e-05,9.391098865306569e-05,64
pre_selector,35,26,5.421010862427522e-20,8.810868040680263e-18,8.810868040680263e-18,0.5,-0.003061556388274753,0.0030615563882747535,64
pre_selector,0,31,8.131516293641283e-20,8.804680974519781e-18,8.804680974519781e-18,0.5,0.002481346396962172,-0.002481346396962172,64
pre_selector,35,24,2.710505431213761e-20,8.759207119256684e-18,8.759207119256684e-18,0.5,-0.0007340300580835936,0.0007340300580835936,64
pre_selector,13,14,1.3552527156068805e-20,8.75776419402154e-18,8.75776419402154e-18,0.5,0.0001336024497504714,-0.00013360244975047138,64
pre_selector,14,28,-1.3552527156068805e-20,-8.753429886033788e-18,8.753429886033788e-18,0.5,7.796555473759371e-05,-7.796555473759377e-05,64
pre_selector,34,9,-3.3881317890172014e-20,-8.746526425333143e-18,8.746526425333143e-18,0.5,-0.0004801512441190438,0.00048015124411904367,64
pre_selector,8,30,-8.470329472543003e-22,-8.721008373155725e-18,8.721008373155725e-18,0.5,1.645323428078685e-05,-1.645323428078685e-05,64
pre_selector,21,29,1.3552527156068805e-20,8.714144377812195e-18,8.714144377812195e-18,0.5,-0.0002650863898452417,0.0002650863898452417,64
pre_selector,16,3,-8.470329472543003e-22,-8.712717234892148e-18,8.712717234892148e-18,0.5,-1.6306529460017348e-06,1.6306529460017336e-06,64
pre_selector,32,26,6.776263578034403e-21,8.665483358389736e-18,8.665483358389736e-18,0.5,-0.00010324828326703128,0.00010324828326703126,64
pre_selector,30,3,1.3552527156068805e-20,8.645842434746178e-18,8.645842434746178e-18,0.5,-0.0006782902364647989,0.000678290236464799,64
pre_selector,27,28,-5.421010862427522e-20,-8.645818935134651e-18,8.645818935134651e-18,0.484375,-0.002928011304902594,0.002928011304902594,64
pre_selector,7,25,3.3881317890172014e-21,8.640777069926973e-18,8.640777069926973e-18,0.5,1.992924353540627e-06,-1.99292435354062e-06,64
pre_selector,34,26,3.3881317890172014e-21,8.63905695720834e-18,8.63905695720834e-18,0.5,2.3301736291615452e-05,-2.3301736291615452e-05,64
pre_selector,15,8,-1.3552527156068805e-20,-8.623330787046553e-18,8.623330787046553e-18,0.5,-0.0004892749911959823,0.0004892749911959821,64
pre_selector,1,15,-2.710505431213761e-20,-8.609404936868266e-18,8.609404936868266e-18,0.5,-0.0009021002406370776,0.0009021002406370778,64
pre_selector,27,22,-2.0328790734103208e-20,-8.608598219399026e-18,8.608598219399026e-18,0.5,-0.0008138778575812343,0.0008138778575812343,64
pre_selector,15,31,-1.3552527156068805e-20,-8.579843361322028e-18,8.579843361322028e-18,0.5,5.339734707376253e-05,-5.33973470737625e-05,64
pre_selector,11,6,-6.776263578034403e-21,-8.568660492730654e-18,8.568660492730654e-18,0.5,-7.541258037235262e-05,7.541258037235261e-05,64
pre_selector,8,18,-1.6940658945086007e-21,-8.564453359980294e-18,8.564453359980294e-18,0.5,6.727973016040202e-06,-6.727973016040197e-06,64
pre_selector,23,6,1.3552527156068805e-20,8.541456924925006e-18,8.541456924925006e-18,0.5,0.0001170380846815469,-0.00011703808468154688,64
pre_selector,6,26,-1.3552527156068805e-20,-8.47019802735613e-18,8.47019802735613e-18,0.5,8.397867532039998e-05,-8.397867532039994e-05,64
pre_selector,25,25,4.0657581468206416e-20,8.454226021790297e-18,8.454226021790297e-18,0.5,-0.0018077283252750887,0.0018077283252750892,64
pre_selector,20,23,-8.131516293641283e-20,-8.424540472705922e-18,8.424540472705922e-18,0.5,0.0016835903225001,-0.0016835903225001,64
pre_selector,25,22,3.3881317890172014e-21,8.413958395064032e-18,8.413958395064032e-18,0.5,2.1200938135738053e-05,-2.1200938135738032e-05,64
pre_selector,29,1,2.710505431213761e-20,8.413314713320191e-18,8.413314713320191e-18,0.5,-0.00011446536882431246,0.00011446536882431252,64
pre_selector,23,21,2.168404344971009e-19,8.401725740663512e-18,8.401725740663512e-18,0.5,-0.0028884116036351853,0.002888411603635185,64
pre_selector,26,5,2.710505431213761e-20,8.373558301969e-18,8.373558301969e-18,0.5,-0.00018321670995648747,0.00018321670995648752,64
pre_selector,6,24,-6.776263578034403e-21,-8.365959421307088e-18,8.365959421307088e-18,0.5,0.00028017314798488903,-0.000280173147984889,64
pre_selector,25,4,2.710505431213761e-20,8.350786185512037e-18,8.350786185512037e-18,0.5,-0.0007491355863749055,0.0007491355863749055,64
pre_selector,33,10,5.421010862427522e-20,8.324565874955357e-18,8.324565874955357e-18,0.5,-0.00470903117457051,0.00470903117457051,64
pre_selector,23,30,-5.421010862427522e-20,-8.311339840633473e-18,8.311339840633473e-18,0.5,-0.004278161854017503,0.004278161854017503,64
pre_selector,4,29,-1.3552527156068805e-20,-8.269954632786614e-18,8.269954632786614e-18,0.5,-0.0002130783032043867,0.00021307830320438674,64
pre_selector,23,11,1.0842021724855044e-19,8.252614658790456e-18,8.252614658790456e-18,0.5,-0.00014798258416705594,0.00014798258416705615,64
pre_selector,16,0,-6.776263578034403e-21,-8.2465030701936e-18,8.2465030701936e-18,0.5,0.00018046814523129512,-0.0001804681452312951,64
pre_selector,19,23,2.710505431213761e-20,8.227337648162626e-18,8.227337648162626e-18,0.5,0.00028652961191254374,-0.00028652961191254363,64
pre_selector,18,0,3.3881317890172014e-21,8.227232127299293e-18,8.227232127299293e-18,0.5,-5.197609607420783e-05,5.197609607420783e-05,64
pre_selector,14,10,2.710505431213761e-20,8.220883778393021e-18,8.220883778393021e-18,0.5,0.0002150801919924531,-0.0002150801919924531,64
pre_selector,34,6,6.776263578034403e-21,8.195820808420887e-18,8.195820808420887e-18,0.5,2.9784245271001403e-05,-2.9784245271001363e-05,64
pre_selector,8,15,6.776263578034403e-21,8.146398949533582e-18,8.146398949533582e-18,0.5,-3.094876137765732e-05,3.0948761377657335e-05,64
pre_selector,0,21,-5.421010862427522e-20,-8.12368627969201e-18,8.12368627969201e-18,0.5,0.001580034440848975,-0.0015800344408489749,64
pre_selector,31,4,-1.0842021724855044e-19,-8.116353851351446e-18,8.116353851351446e-18,0.5,-0.006627275135542723,0.006627275135542723,64
pre_selector,32,24,-3.3881317890172014e-21,-8.091169102168117e-18,8.091169102168117e-18,0.5,1.2329391665840612e-05,-1.2329391665840626e-05,64
pre_selector,21,1,3.3881317890172014e-21,8.063374624881085e-18,8.063374624881085e-18,0.5,-1.1630440894843714e-06,1.1630440894843782e-06,64
pre_selector,0,27,4.0657581468206416e-20,8.05971680761151e-18,8.05971680761151e-18,0.5,-0.0016668720927555186,0.0016668720927555188,64
pre_selector,9,25,5.421010862427522e-20,8.058209277378172e-18,8.058209277378172e-18,0.5,0.0012705674598691972,-0.0012705674598691972,64
pre_selector,0,25,5.421010862427522e-20,8.01922668222091e-18,8.01922668222091e-18,0.5,0.003411345169297403,-0.003411345169297403,64
pre_selector,33,28,-5.421010862427522e-20,-8.01390597549963e-18,8.01390597549963e-18,0.5,-0.0035599791372078315,0.0035599791372078315,64
pre_selector,0,23,1.0842021724855044e-19,8.008414429518658e-18,8.008414429518658e-18,0.5,0.0006889829382998847,-0.0006889829382998842,64
pre_selector,15,20,1.3552527156068805e-20,7.928369764892158e-18,7.928369764892158e-18,0.5,-0.0004687039536293056,0.0004687039536293056,64
pre_selector,7,15,2.710505431213761e-20,7.908812932014772e-18,7.908812932014772e-18,0.5,0.00010508195555302812,-0.00010508195555302818,64
pre_selector,34,12,-3.3881317890172014e-21,-7.905641970657259e-18,7.905641970657259e-18,0.5,9.178598247678209e-06,-9.178598247678189e-06,64
pre_selector,2,24,5.421010862427522e-20,7.892350168222976e-18,7.892350168222976e-18,0.5,0.000721698372217353,-0.0007216983722173531,64
pre_selector,8,10,-6.776263578034403e-21,-7.880489633551719e-18,7.880489633551719e-18,0.5,0.00010831157851497742,-0.0001083115785149774,64
pre_selector,30,27,-2.168404344971009e-19,-7.834159083405953e-18,7.834159083405953e-18,0.5,-0.016785375250037735,0.016785375250037735,64
pre_selector,24,16,1.0842021724855044e-19,7.778975045625086e-18,7.778975045625086e-18,0.5,-0.003198375823558298,0.0031983758235582986,64
pre_selector,5,18,1.6940658945086007e-21,7.769702967521077e-18,7.769702967521077e-18,0.5,3.7139773098705806e-05,-3.713977309870579e-05,64
pre_selector,25,19,1.6940658945086007e-21,7.752726457605093e-18,7.752726457605093e-18,0.5,4.760544243243444e-06,-4.760544243243441e-06,64
pre_selector,23,2,3.3881317890172014e-21,7.743623869969777e-18,7.743623869969777e-18,0.5,4.577361323758115e-06,-4.577361323758113e-06,64
pre_selector,23,27,3.3881317890172014e-21,7.740021160234376e-18,7.740021160234376e-18,0.5,-3.7894815250184635e-05,3.789481525018462e-05,64
pre_selector,15,7,6.776263578034403e-21,7.727645319672904e-18,7.727645319672904e-18,0.5,3.9186306821690315e-06,-3.9186306821690315e-06,64
pre_selector,5,19,-5.421010862427522e-20,-7.674612244012453e-18,7.674612244012453e-18,0.5,0.0026166146417381064,-0.0026166146417381064,64
pre_selector,18,12,1.6940658945086007e-21,7.668812980393174e-18,7.668812980393174e-18,0.5,0.00010725878416905491,-0.00010725878416905492,64
pre_selector,22,6,-2.710505431213761e-20,-7.663812204853013e-18,7.663812204853013e-18,0.5,0.0016054378575063209,-0.0016054378575063206,64
pre_selector,1,29,-2.710505431213761e-20,-7.63332516899407e-18,7.63332516899407e-18,0.5,-0.000405005503125725,0.00040500550312572495,64
pre_selector,3,0,-1.3552527156068805e-20,-7.627172872165113e-18,7.627172872165113e-18,0.5,-0.00011954293586312223,0.00011954293586312226,64
pre_selector,1,7,5.421010862427522e-20,7.603837643892271e-18,7.603837643892271e-18,0.5,0.001974532635358611,-0.001974532635358611,64
pre_selector,1,5,-1.0842021724855044e-19,-7.595326922926998e-18,7.595326922926998e-18,0.5,0.0016746839974075564,-0.0016746839974075562,64
pre_selector,15,11,1.6940658945086007e-21,7.577262595994748e-18,7.577262595994748e-18,0.5,3.4192664998037655e-05,-3.419266499803766e-05,64
response_first,0,1,-3.3881317890172014e-21,-7.562525377400793e-18,7.562525377400793e-18,0.5,8.173423157131562e-05,-8.173423157131562e-05,64
pre_selector,3,10,-5.421010862427522e-20,-7.49803540762156e-18,7.49803540762156e-18,0.5,0.0006697259013890283,-0.0006697259013890282,64
pre_selector,35,31,-6.776263578034403e-21,-7.489199591296821e-18,7.489199591296821e-18,0.5,-0.00019733214867299995,0.00019733214867299995,64
pre_selector,32,12,-2.0328790734103208e-20,-7.452828569626924e-18,7.452828569626924e-18,0.5,-0.00014138467668091252,0.00014138467668091257,64
pre_selector,6,20,-1.3552527156068805e-20,-7.434753313598205e-18,7.434753313598205e-18,0.5,0.0002457566970406281,-0.0002457566970406281,64
pre_selector,21,14,-6.776263578034403e-21,-7.417969008771273e-18,7.417969008771273e-18,0.5,0.000349212176388375,-0.000349212176388375,64
pre_selector,24,31,-1.0842021724855044e-19,-7.359525159336853e-18,7.359525159336853e-18,0.5,-0.008420096120971693,0.008420096120971693,64
pre_selector,29,13,-4.0657581468206416e-20,-7.322837984149044e-18,7.322837984149044e-18,0.5,-0.0031046321528264997,0.0031046321528264997,64
pre_selector,33,15,2.168404344971009e-19,7.204648160021427e-18,7.204648160021427e-18,0.5,-0.015324128326028549,0.01532412832602855,64
pre_selector,13,17,-6.776263578034403e-21,-7.186650664221134e-18,7.186650664221134e-18,0.5,-9.223646156898391e-05,9.22364615689839e-05,64
pre_selector,34,7,-2.710505431213761e-20,-7.1741751367372e-18,7.1741751367372e-18,0.5,-0.002814228588249494,0.0028142285882494936,64
pre_selector,31,25,-6.776263578034403e-21,-7.14215587193104e-18,7.14215587193104e-18,0.5,-0.0002812750292378094,0.0002812750292378094,64
pre_selector,31,18,-3.3881317890172014e-21,-7.08411117434766e-18,7.08411117434766e-18,0.5,8.967799658375145e-07,-8.967799658375077e-07,64
pre_selector,26,31,1.0842021724855044e-19,7.080741684870203e-18,7.080741684870203e-18,0.5,-0.005102936484036025,0.005102936484036025,64
pre_selector,35,16,3.3881317890172014e-21,7.07060883667177e-18,7.07060883667177e-18,0.5,-1.784069991118436e-05,1.784069991118438e-05,64
pre_selector,17,3,-2.710505431213761e-20,-7.05864032733379e-18,7.05864032733379e-18,0.5,0.0009171391466224907,-0.0009171391466224908,64
pre_selector,29,11,5.421010862427522e-20,7.054606027431497e-18,7.054606027431497e-18,0.5,-0.004124159484490503,0.004124159484490504,64
pre_selector,29,17,5.421010862427522e-20,7.04759728709255e-18,7.04759728709255e-18,0.5,-0.001957155123818642,0.001957155123818642,64
pre_selector,10,6,-3.3881317890172014e-21,-7.029696565924343e-18,7.029696565924343e-18,0.5,-3.170156378473596e-05,3.1701563784735965e-05,64
pre_selector,12,18,4.0657581468206416e-20,7.002262372890492e-18,7.002262372890492e-18,0.5,0.0010570555314188843,-0.0010570555314188845,64
pre_selector,29,23,8.470329472543003e-22,6.973434068108972e-18,6.973434068108972e-18,0.5,-4.2953833371929144e-05,4.2953833371929144e-05,64
pre_selector,28,6,-2.710505431213761e-20,-6.967836607027299e-18,6.967836607027299e-18,0.5,-0.000936537280722402,0.000936537280722402,64
pre_selector,29,18,1.3552527156068805e-20,6.954630659994322e-18,6.954630659994322e-18,0.5,-0.0006092214425734594,0.0006092214425734594,64
pre_selector,0,2,-8.470329472543003e-22,-6.938071941886845e-18,6.938071941886845e-18,0.5,6.685424557416809e-05,-6.685424557416809e-05,64
pre_selector,8,9,3.3881317890172014e-21,6.917841786924807e-18,6.917841786924807e-18,0.5,2.9220746910124998e-05,-2.922074691012499e-05,64
pre_selector,25,31,-2.0328790734103208e-20,-6.917123601077126e-18,6.917123601077126e-18,0.5,-0.00010556651250226434,0.0001055665125022644,64
pre_selector,34,15,5.421010862427522e-20,6.842080511875854e-18,6.842080511875854e-18,0.5,-0.0006309948730631813,0.0006309948730631813,64
pre_selector,22,21,-1.0842021724855044e-19,-6.808256987086546e-18,6.808256987086546e-18,0.5,0.0004758310824399688,-0.0004758310824399686,64
pre_selector,21,23,-1.0842021724855044e-19,-6.79065834781554e-18,6.79065834781554e-18,0.5,-0.006043581728590638,0.006043581728590637,64
pre_selector,3,9,-1.3552527156068805e-20,-6.775173152135501e-18,6.775173152135501e-18,0.5,-0.0004304319154470983,0.0004304319154470983,64
pre_selector,20,30,2.710505431213761e-20,6.71014217712445e-18,6.71014217712445e-18,0.5,-0.0007092831292538934,0.0007092831292538935,64
pre_selector,17,10,8.131516293641283e-20,6.703703184283211e-18,6.703703184283211e-18,0.5,-0.0010847853554878319,0.0010847853554878312,64
pre_selector,5,2,5.421010862427522e-20,6.645948105132911e-18,6.645948105132911e-18,0.5,-0.0009953221888281405,0.0009953221888281407,64
pre_selector,33,23,-8.131516293641283e-20,-6.6166881890480216e-18,6.6166881890480216e-18,0.5,-0.004467682811082326,0.004467682811082325,64
pre_selector,18,3,-1.3552527156068805e-20,-6.610539962337597e-18,6.610539962337597e-18,0.5,0.0002516106833354563,-0.00025161068333545624,64
pre_selector,19,14,1.0842021724855044e-19,6.5836051442951435e-18,6.5836051442951435e-18,0.5,-0.0006824324518675095,0.0006824324518675091,64
pre_selector,0,15,5.082197683525802e-21,6.547150778176065e-18,6.547150778176065e-18,0.5,0.00010749906050477188,-0.00010749906050477184,64
pre_selector,30,12,6.776263578034403e-21,6.508020558428213e-18,6.508020558428213e-18,0.5,-0.00010114400811288922,0.00010114400811288916,64
pre_selector,7,4,3.308722450212111e-24,6.50314482496497e-18,6.50314482496497e-18,0.5,2.4678495830210423e-07,-2.4678495830210423e-07,64
pre_selector,25,26,-2.710505431213761e-20,-6.483562984766983e-18,6.483562984766983e-18,0.5,-0.0013028003813815195,0.0013028003813815195,64
pre_selector,24,24,-1.3552527156068805e-20,-6.479500450086563e-18,6.479500450086563e-18,0.5,0.0008263648924184721,-0.0008263648924184721,64
pre_selector,33,7,-3.3881317890172014e-21,-6.441666357606303e-18,6.441666357606303e-18,0.5,-0.0001869028837972882,0.00018690288379728817,64
pre_selector,35,27,5.421010862427522e-20,6.419231166347569e-18,6.419231166347569e-18,0.5,-0.0019482045863696844,0.0019482045863696844,64
pre_selector,33,18,5.421010862427522e-20,6.417038463561531e-18,6.417038463561531e-18,0.5,-0.0009426329670531909,0.0009426329670531908,64
pre_selector,0,19,5.421010862427522e-20,6.326706089331071e-18,6.326706089331071e-18,0.5,0.002048480853773059,-0.0020484808537730593,64
pre_selector,4,1,-5.421010862427522e-20,-6.292329799284577e-18,6.292329799284577e-18,0.5,0.0018035633693216373,-0.0018035633693216375,64
pre_selector,2,11,-2.0328790734103208e-20,-6.273319559029333e-18,6.273319559029333e-18,0.5,-0.0011168226847075625,0.0011168226847075623,64
pre_selector,23,25,-2.710505431213761e-20,-6.273224571360694e-18,6.273224571360694e-18,0.5,0.0004746337071992343,-0.0004746337071992343,64
pre_selector,9,16,1.6940658945086007e-21,6.256800487490621e-18,6.256800487490621e-18,0.5,7.252112595770463e-06,-7.2521125957704566e-06,64
pre_selector,15,9,-6.776263578034403e-21,-6.211776839253242e-18,6.211776839253242e-18,0.5,0.00015335921125369064,-0.0001533592112536906,64
pre_selector,19,15,1.3552527156068805e-20,6.1568719696461744e-18,6.1568719696461744e-18,0.5,0.00058328403611084,-0.0005832840361108401,64
pre_selector,12,26,-6.776263578034403e-21,-6.133571240558078e-18,6.133571240558078e-18,0.5,-0.0002754931974777702,0.0002754931974777703,64
pre_selector,13,18,6.776263578034403e-21,6.031213527389931e-18,6.031213527389931e-18,0.5,-0.00010127687528436865,0.00010127687528436868,64
pre_selector,19,16,-1.3552527156068805e-20,-5.998762295115163e-18,5.998762295115163e-18,0.5,0.0001918377238325842,-0.00019183772383258424,64
pre_selector,34,16,1.3552527156068805e-20,5.982021893809891e-18,5.982021893809891e-18,0.5,-0.0014598270718124392,0.001459827071812439,64
pre_selector,35,0,-6.776263578034403e-21,-5.962992018561752e-18,5.962992018561752e-18,0.5,-4.313738463678586e-05,4.313738463678583e-05,64
pre_selector,33,8,6.776263578034403e-21,5.9610974993912616e-18,5.9610974993912616e-18,0.5,-0.0004952116578351414,0.0004952116578351414,64
pre_selector,13,24,1.6940658945086007e-21,5.954022174425093e-18,5.954022174425093e-18,0.5,-3.3310273010910677e-06,3.3310273010910677e-06,64
pre_selector,30,22,2.710505431213761e-20,5.948444750732027e-18,5.948444750732027e-18,0.5,-8.074129800660052e-05,8.074129800660079e-05,64
pre_selector,1,20,1.3552527156068805e-20,5.8851232354993216e-18,5.8851232354993216e-18,0.5,-0.00019134149624732268,0.00019134149624732265,64
pre_selector,29,4,-1.3552527156068805e-20,-5.861532323710873e-18,5.861532323710873e-18,0.5,-0.0014042397669981825,0.0014042397669981822,64
pre_selector,11,9,2.6469779601696886e-23,5.859520776020454e-18,5.859520776020454e-18,0.5,-3.800539101206368e-07,3.800539101206368e-07,64
pre_selector,21,4,-3.3881317890172014e-21,-5.853748132324188e-18,5.853748132324188e-18,0.5,-1.4307752280711978e-05,1.4307752280711985e-05,64
pre_selector,9,11,-6.776263578034403e-21,-5.821448755861401e-18,5.821448755861401e-18,0.5,-1.730516260067065e-05,1.7305162600670637e-05,64
pre_selector,34,18,-8.470329472543003e-22,-5.779527035404484e-18,5.779527035404484e-18,0.5,-3.0438135468105337e-05,3.0438135468105343e-05,64
pre_selector,27,3,6.776263578034403e-21,5.771261928344439e-18,5.771261928344439e-18,0.5,-2.122932801285937e-05,2.122932801285937e-05,64
pre_selector,34,0,-2.710505431213761e-20,-5.7531585610925614e-18,5.7531585610925614e-18,0.5,-0.0017848675197455772,0.0017848675197455772,64
pre_selector,24,29,-5.421010862427522e-20,-5.724701136904405e-18,5.724701136904405e-18,0.5,-0.006981915386859282,0.006981915386859281,64
pre_selector,31,7,-2.710505431213761e-20,-5.7102616739272195e-18,5.7102616739272195e-18,0.5,-0.0022390952399291312,0.0022390952399291312,64
pre_selector,8,29,4.235164736271502e-22,5.664683954454744e-18,5.664683954454744e-18,0.5,5.47238819588986e-07,-5.47238819588986e-07,64
pre_selector,35,9,2.710505431213761e-20,5.65867342952304e-18,5.65867342952304e-18,0.5,-0.0006338724706438216,0.0006338724706438219,64
pre_selector,16,11,6.776263578034403e-21,5.658400433555617e-18,5.658400433555617e-18,0.5,-8.86124216776866e-05,8.861242167768658e-05,64
pre_selector,33,3,3.3881317890172014e-21,5.615846741071938e-18,5.615846741071938e-18,0.5,-5.7596699207356194e-05,5.7596699207356194e-05,64
pre_selector,35,1,4.235164736271502e-22,5.601691319852802e-18,5.601691319852802e-18,0.5,-2.3661626755664216e-06,2.366162675566424e-06,64
pre_selector,21,22,-5.421010862427522e-20,-5.586211085254486e-18,5.586211085254486e-18,0.5,-0.003250317502534003,0.003250317502534003,64
pre_selector,29,10,-3.3881317890172014e-21,-5.583371518569848e-18,5.583371518569848e-18,0.5,-0.00028257715575818196,0.000282577155758182,64
pre_selector,29,15,-2.710505431213761e-20,-5.560713319454495e-18,5.560713319454495e-18,0.5,-0.0030775053000979356,0.0030775053000979356,64
pre_selector,13,7,-6.776263578034403e-21,-5.5546378588845866e-18,5.5546378588845866e-18,0.5,0.00037774484007968437,-0.00037774484007968437,64
pre_selector,11,19,8.470329472543003e-22,5.529414079522313e-18,5.529414079522313e-18,0.5,-1.1189312203906066e-05,1.118931220390606e-05,64
pre_selector,22,27,8.470329472543003e-22,5.4339517722924155e-18,5.4339517722924155e-18,0.5,-3.120372593910591e-05,3.120372593910591e-05,64
pre_selector,34,13,4.235164736271502e-22,5.374939886628666e-18,5.374939886628666e-18,0.5,2.617251254834047e-06,-2.617251254834047e-06,64
pre_selector,28,7,-1.3552527156068805e-20,-5.373052595882157e-18,5.373052595882157e-18,0.5,-0.000744761256100902,0.0007447612561009022,64
pre_selector,34,24,-8.470329472543003e-22,-5.371031226487664e-18,5.371031226487664e-18,0.5,1.5251862237168027e-05,-1.525186223716802e-05,64
pre_selector,18,11,-6.776263578034403e-21,-5.347600404615757e-18,5.347600404615757e-18,0.5,0.000487438976051609,-0.00048743897605160887,64
pre_selector,31,0,5.421010862427522e-20,5.302118512803971e-18,5.302118512803971e-18,0.5,-0.004413354530697669,0.0044133545306976685,64
pre_selector,26,4,2.710505431213761e-20,5.283135342618579e-18,5.283135342618579e-18,0.5,-0.0006263356772251178,0.000626335677225118,64
pre_selector,13,30,-5.421010862427522e-20,-5.27434159816482e-18,5.27434159816482e-18,0.5,-0.0012741490718326499,0.00127414907183265,64
pre_selector,10,17,-1.3552527156068805e-20,-5.257960827696352e-18,5.257960827696352e-18,0.5,-0.0018143478228011814,0.0018143478228011814,64
pre_selector,31,3,1.3552527156068805e-20,5.24962019759165e-18,5.24962019759165e-18,0.5,-0.0010468479013070312,0.0010468479013070312,64
pre_selector,16,13,3.3881317890172014e-21,5.2067486074842216e-18,5.2067486074842216e-18,0.5,0.0001122609737649277,-0.00011226097376492773,64
pre_selector,9,0,3.3881317890172014e-21,5.175668146018153e-18,5.175668146018153e-18,0.5,-0.00014270550241234453,0.00014270550241234455,64
pre_selector,18,23,-3.3881317890172014e-21,-5.107786794115238e-18,5.107786794115238e-18,0.5,6.658435722784015e-05,-6.658435722784016e-05,64
pre_selector,7,12,-1.3552527156068805e-20,-5.07570441099953e-18,5.07570441099953e-18,0.5,-0.0005567490497924031,0.0005567490497924031,64
pre_selector,15,27,4.235164736271502e-22,5.0736795800895304e-18,5.0736795800895304e-18,0.5,-9.339697498946025e-06,9.339697498946025e-06,64
pre_selector,22,28,-5.421010862427522e-20,-5.06113513644944e-18,5.06113513644944e-18,0.5,-0.0009542931802570781,0.0009542931802570782,64
pre_selector,17,26,6.776263578034403e-21,5.039386790061693e-18,5.039386790061693e-18,0.5,0.0004658276975533145,-0.0004658276975533146,64
pre_selector,13,31,-4.235164736271502e-22,-5.030985112304104e-18,5.030985112304104e-18,0.5,3.822558312544002e-06,-3.822558312544001e-06,64
pre_selector,23,17,-3.3881317890172014e-21,-5.021121428881668e-18,5.021121428881668e-18,0.5,-1.6085263041535554e-05,1.6085263041535567e-05,64
pre_selector,15,30,4.235164736271502e-22,4.9881666298091515e-18,4.9881666298091515e-18,0.5,1.2189938502163156e-05,-1.2189938502163155e-05,64
pre_selector,15,23,1.6940658945086007e-21,4.98006931733073e-18,4.98006931733073e-18,0.5,-4.2887106019408094e-05,4.2887106019408094e-05,64
pre_selector,12,23,3.3881317890172014e-21,4.9740348810372785e-18,4.9740348810372785e-18,0.5,-0.00011541005733305488,0.00011541005733305488,64
pre_selector,30,15,1.3552527156068805e-20,4.935062671787611e-18,4.935062671787611e-18,0.5,-0.0003203553242201625,0.00032035532422016247,64
pre_selector,1,14,-2.710505431213761e-20,-4.9285144831286744e-18,4.9285144831286744e-18,0.5,0.0012365153088467033,-0.001236515308846703,64
pre_selector,8,23,4.235164736271502e-22,4.9113396985215724e-18,4.9113396985215724e-18,0.5,1.0023962090592542e-05,-1.0023962090592542e-05,64
pre_selector,21,9,-5.421010862427522e-20,-4.9035538367823244e-18,4.9035538367823244e-18,0.5,-0.0011182367525179814,0.0011182367525179812,64
pre_selector,11,15,-1.3552527156068805e-20,-4.8931583824776815e-18,4.8931583824776815e-18,0.5,-0.0004407359356264528,0.00044073593562645293,64
pre_selector,6,22,-6.776263578034403e-21,-4.882686117962617e-18,4.882686117962617e-18,0.5,0.0003632537063822281,-0.00036325370638222817,64
pre_selector,32,17,-3.3881317890172014e-21,-4.8630669567262414e-18,4.8630669567262414e-18,0.5,-0.0003348176160215819,0.000334817616021582,64
pre_selector,23,29,5.421010862427522e-20,4.854280880140329e-18,4.854280880140329e-18,0.5,0.0038099392113508414,-0.0038099392113508414,64
pre_selector,28,29,3.3881317890172014e-21,4.830919646054436e-18,4.830919646054436e-18,0.5,0.00010958440179819374,-0.00010958440179819373,64
pre_selector,6,17,-1.6940658945086007e-21,-4.816738699900461e-18,4.816738699900461e-18,0.5,0.00010236429670838805,-0.00010236429670838808,64
pre_selector,22,19,-2.710505431213761e-20,-4.769937672055582e-18,4.769937672055582e-18,0.5,-0.0016811746627354168,0.001681174662735417,64
pre_selector,12,16,6.776263578034403e-21,4.701857179992304e-18,4.701857179992304e-18,0.5,-0.00011470224126242185,0.00011470224126242184,64
pre_selector,10,14,2.710505431213761e-20,4.6884234219685244e-18,4.6884234219685244e-18,0.5,0.0002887895607273062,-0.0002887895607273062,64
pre_selector,32,28,4.235164736271502e-22,4.6462809167679905e-18,4.6462809167679905e-18,0.5,5.658689303801044e-06,-5.658689303801044e-06,64
pre_selector,35,23,2.710505431213761e-20,4.601214049750436e-18,4.601214049750436e-18,0.5,-0.0003969663230236752,0.0003969663230236751,64
pre_selector,35,12,2.710505431213761e-20,4.578894305063796e-18,4.578894305063796e-18,0.5,-0.0010932226869044843,0.001093222686904484,64
pre_selector,34,5,5.421010862427522e-20,4.532218703172405e-18,4.532218703172405e-18,0.5,-0.006547143086208938,0.006547143086208937,64
pre_selector,32,10,5.421010862427522e-20,4.521754105223957e-18,4.521754105223957e-18,0.5,-0.006651594114373412,0.006651594114373412,64
pre_selector,25,9,6.776263578034403e-21,4.513568722817141e-18,4.513568722817141e-18,0.5,-0.0002935745078502687,0.00029357450785026873,64
pre_selector,28,1,1.3552527156068805e-20,4.496054258345633e-18,4.496054258345633e-18,0.5,-0.0014550662199326,0.0014550662199325998,64
pre_selector,13,0,-3.3881317890172014e-21,-4.467937427517091e-18,4.467937427517091e-18,0.5,-0.00021748055314674026,0.00021748055314674026,64
pre_selector,8,13,-1.6940658945086007e-21,-4.451330695210081e-18,4.451330695210081e-18,0.5,3.7413086374721864e-05,-3.741308637472186e-05,64
pre_selector,20,5,1.3552527156068805e-20,4.4268106361980306e-18,4.4268106361980306e-18,0.5,-0.0003118452841590737,0.00031184528415907376,64
pre_selector,3,21,1.3552527156068805e-20,4.400825296596805e-18,4.400825296596805e-18,0.5,0.00019721068747458753,-0.00019721068747458753,64
pre_selector,11,1,-3.3881317890172014e-21,-4.290965256494909e-18,4.290965256494909e-18,0.5,0.00037330010491130406,-0.000373300104911304,64
pre_selector,35,19,5.421010862427522e-20,4.2757981430613845e-18,4.2757981430613845e-18,0.5,-0.0026575382362352723,0.002657538236235272,64
pre_selector,28,26,1.6940658945086007e-21,4.203843402648985e-18,4.203843402648985e-18,0.5,0.0001173570783521445,-0.00011735707835214448,64
pre_selector,1,24,-2.710505431213761e-20,-4.172705808430303e-18,4.172705808430303e-18,0.5,-1.8933438695968878e-05,1.8933438695968986e-05,64
pre_selector,8,28,5.293955920339377e-23,4.1711725449144714e-18,4.1711725449144714e-18,0.5,-1.0576465996336992e-06,1.0576465996336992e-06,64
pre_selector,7,14,6.776263578034403e-21,4.154016690256493e-18,4.154016690256493e-18,0.5,-0.0003235478434362478,0.00032354784343624775,64
pre_selector,24,9,2.710505431213761e-20,4.143542261056886e-18,4.143542261056886e-18,0.5,0.00018205016931460303,-0.00018205016931460303,64
pre_selector,30,18,6.776263578034403e-21,4.096628470572699e-18,4.096628470572699e-18,0.5,-0.0008432243939750873,0.0008432243939750873,64
pre_selector,19,30,6.776263578034403e-21,4.0702350842817535e-18,4.0702350842817535e-18,0.5,0.0008695283231645351,-0.0008695283231645351,64
pre_selector,19,26,-4.235164736271502e-22,-4.0489821806281956e-18,4.0489821806281956e-18,0.5,2.1316411107371206e-06,-2.1316411107371214e-06,64
pre_selector,23,0,2.710505431213761e-20,4.0193515996181225e-18,4.0193515996181225e-18,0.5,-0.002200699284003337,0.0022006992840033364,64
pre_selector,8,4,-8.470329472543003e-22,-3.965036259480842e-18,3.965036259480842e-18,0.5,-1.1835878467535894e-05,1.1835878467535896e-05,64
pre_selector,34,20,-2.117582368135751e-22,-3.937054957089487e-18,3.937054957089487e-18,0.5,-1.7615887600183524e-05,1.7615887600183524e-05,64
pre_selector,26,9,-8.470329472543003e-22,-3.917135991469201e-18,3.917135991469201e-18,0.5,-3.8913364051035714e-05,3.891336405103572e-05,64
pre_selector,10,8,-1.6940658945086007e-21,-3.874520271347739e-18,3.874520271347739e-18,0.5,-0.0001294319772568901,0.0001294319772568901,64
pre_selector,20,2,-6.776263578034403e-21,-3.838909113001113e-18,3.838909113001113e-18,0.5,0.0003882725904986701,-0.00038827259049867014,64
pre_selector,7,0,-1.6940658945086007e-21,-3.785306123982294e-18,3.785306123982294e-18,0.5,2.2928928956382163e-05,-2.2928928956382177e-05,64
pre_selector,12,21,1.6940658945086007e-21,3.783402305799919e-18,3.783402305799919e-18,0.5,-0.00026342939509047556,0.00026342939509047556,64
pre_selector,16,12,3.3881317890172014e-21,3.7402076991416344e-18,3.7402076991416344e-18,0.5,0.00023947424688230227,-0.0002394742468823023,64
pre_selector,22,11,1.3552527156068805e-20,3.7272652101198894e-18,3.7272652101198894e-18,0.5,-0.0006288545573624874,0.0006288545573624874,64
pre_selector,3,20,-1.3552527156068805e-20,-3.726693715039146e-18,3.726693715039146e-18,0.5,-0.0002975839306600281,0.000297583930660028,64
pre_selector,3,22,1.3552527156068805e-20,3.689472362864285e-18,3.689472362864285e-18,0.5,-0.0001251641187991438,0.00012516411879914376,64
pre_selector,27,18,-2.710505431213761e-20,-3.687037318456414e-18,3.687037318456414e-18,0.5,-0.004546997086435984,0.004546997086435984,64
pre_selector,26,22,-8.470329472543003e-22,-3.6813743877544174e-18,3.6813743877544174e-18,0.5,7.669619662919691e-06,-7.669619662919681e-06,64
pre_selector,31,28,1.0842021724855044e-19,3.673517111455313e-18,3.673517111455313e-18,0.5,-0.009238212966010892,0.009238212966010892,64
pre_selector,34,23,1.0587911840678754e-22,3.669052689183906e-18,3.669052689183906e-18,0.5,8.575594023341182e-06,-8.575594023341182e-06,64
pre_selector,18,30,-2.710505431213761e-20,-3.604051516853424e-18,3.604051516853424e-18,0.5,-7.297795309569232e-05,7.297795309569254e-05,64
pre_selector,9,18,-2.117582368135751e-22,-3.4507673939145226e-18,3.4507673939145226e-18,0.5,-1.4596629206662452e-05,1.4596629206662452e-05,64
pre_selector,12,17,1.6940658945086007e-21,3.437721973532121e-18,3.437721973532121e-18,0.5,-9.136247490459286e-05,9.136247490459288e-05,64
pre_selector,31,2,-6.776263578034403e-21,-3.427588414708647e-18,3.427588414708647e-18,0.5,-0.0007896825372881531,0.0007896825372881532,64
pre_selector,32,30,-1.0587911840678754e-22,-3.3554323624199836e-18,3.3554323624199836e-18,0.5,-7.895362493570701e-06,7.895362493570701e-06,64
pre_selector,21,21,-1.3552527156068805e-20,-3.3398146058154202e-18,3.3398146058154202e-18,0.5,-0.0004473785556910969,0.00044737855569109683,64
pre_selector,17,0,-6.776263578034403e-21,-3.2724292809935626e-18,3.2724292809935626e-18,0.5,0.0007005032703091088,-0.0007005032703091088,64
pre_selector,25,6,1.6940658945086007e-21,3.2421349624906706e-18,3.2421349624906706e-18,0.5,-9.787834551388325e-05,9.787834551388324e-05,64
pre_selector,32,6,2.710505431213761e-20,3.122650534734015e-18,3.122650534734015e-18,0.5,-0.004800896997039651,0.004800896997039651,64
pre_selector,27,20,6.776263578034403e-21,3.0922874818361565e-18,3.0922874818361565e-18,0.5,-0.00045547969057224376,0.0004554796905722437,64
pre_selector,23,28,-5.421010862427522e-20,-3.054079738044976e-18,3.054079738044976e-18,0.5,-0.008694297415786405,0.008694297415786405,64
pre_selector,20,0,-1.3552527156068805e-20,-2.9675606289812366e-18,2.9675606289812366e-18,0.5,0.0016271134772978093,-0.0016271134772978093,64
pre_selector,11,29,4.235164736271502e-22,2.9475758830179572e-18,2.9475758830179572e-18,0.5,2.7886631357878027e-05,-2.7886631357878027e-05,64
pre_selector,31,16,8.470329472543003e-22,2.927252937247257e-18,2.927252937247257e-18,0.5,1.4628565168111037e-06,-1.4628565168111004e-06,64
pre_selector,22,3,-6.776263578034403e-21,-2.902793318316802e-18,2.902793318316802e-18,0.5,0.0003533217532094499,-0.0003533217532094499,64
pre_selector,20,4,1.3552527156068805e-20,2.8634204193401297e-18,2.8634204193401297e-18,0.5,-9.881901496555309e-05,9.881901496555301e-05,64
pre_selector,14,7,6.776263578034403e-21,2.7760296775877106e-18,2.7760296775877106e-18,0.5,0.00027264982236374375,-0.00027264982236374386,64
pre_selector,27,7,-1.3552527156068805e-20,-2.646883239761694e-18,2.646883239761694e-18,0.5,-0.0012410748313413937,0.0012410748313413937,64
pre_selector,25,2,8.470329472543003e-22,2.459403011756231e-18,2.459403011756231e-18,0.5,-8.55240268719925e-05,8.552402687199248e-05,64
pre_selector,18,15,6.776263578034403e-21,2.453582183471408e-18,2.453582183471408e-18,0.5,3.5574630601306723e-06,-3.5574630601307197e-06,64
pre_selector,13,13,6.776263578034403e-21,2.3164717571952834e-18,2.3164717571952834e-18,0.5,-0.0002334757245989687,0.00023347572459896871,64
pre_selector,0,17,-2.710505431213761e-20,-2.2878741895408823e-18,2.2878741895408823e-18,0.5,0.0043709331512218185,-0.0043709331512218185,64
pre_selector,34,14,8.470329472543003e-22,2.275751624822303e-18,2.275751624822303e-18,0.5,4.621265088644103e-05,-4.621265088644103e-05,64
pre_selector,14,27,-6.776263578034403e-21,-2.190532660017869e-18,2.190532660017869e-18,0.5,4.40136354882185e-05,-4.401363548821866e-05,64
pre_selector,5,17,-1.3552527156068805e-20,-2.1051037813716186e-18,2.1051037813716186e-18,0.5,0.0013200843022786873,-0.0013200843022786876,64
pre_selector,1,6,-6.776263578034403e-21,-2.03520200118822e-18,2.03520200118822e-18,0.5,8.485666330671876e-05,-8.485666330671878e-05,64
pre_selector,30,23,6.776263578034403e-21,2.0103103380427854e-18,2.0103103380427854e-18,0.5,-0.0005551662179641343,0.0005551662179641343,64
pre_selector,22,0,-1.3552527156068805e-20,-1.8703306178433813e-18,1.8703306178433813e-18,0.5,-0.00035280212978250347,0.00035280212978250293,64
pre_selector,14,30,2.117582368135751e-22,1.4567152770494413e-18,1.4567152770494413e-18,0.5,3.5047342407764616e-05,-3.5047342407764616e-05,64
pre_selector,21,11,6.776263578034403e-21,1.3488460376546167e-18,1.3488460376546167e-18,0.5,0.0005533945659408343,-0.0005533945659408345,64
pre_selector,12,4,1.3552527156068805e-20,1.2999290721356743e-18,1.2999290721356743e-18,0.5,-0.0008528960461262556,0.0008528960461262559,64
pre_selector,6,6,-1.3552527156068805e-20,-1.1249425782219609e-18,1.1249425782219609e-18,0.5,-0.0002214744454249653,0.0002214744454249654,64
pre_selector,8,24,0.0,0.0,0.0,0.5,-0.0009775172366062097,0.0009775172366062097,64
pre_selector,8,22,0.0,0.0,0.0,0.5,-1.1809922398242329e-05,1.1809922398242334e-05,64
pre_selector,10,30,0.0,0.0,0.0,0.5,-3.435106373216571e-05,3.435106373216572e-05,64
pre_selector,10,29,0.0,0.0,0.0,0.5,2.0293098714300897e-05,-2.029309871430095e-05,64
pre_selector,10,25,0.0,0.0,0.0,0.5,3.4603708911587402e-06,-3.4603708911587402e-06,64
pre_selector,18,20,0.0,0.0,0.0,0.5,-7.468674084521933e-05,7.468674084521933e-05,64
pre_selector,19,6,0.0,0.0,0.0,0.5,-0.0028858653531642535,0.002885865353164253,64
pre_selector,18,17,0.0,0.0,0.0,0.5,-6.522272622079499e-05,6.522272622079496e-05,64
pre_selector,8,26,0.0,0.0,0.0,0.5,-3.0987139325591733e-05,3.098713932559174e-05,64
pre_selector,31,9,0.0,0.0,0.0,0.5,-0.0009726338903419568,0.0009726338903419567,64
pre_selector,31,8,0.0,0.0,0.0,0.5,-0.003840860292257253,0.003840860292257253,64
pre_selector,31,5,0.0,0.0,0.0,0.5,-0.007432616839651,0.007432616839650999,64
pre_selector,17,31,0.0,0.0,0.0,0.5,-3.5806205112010048e-06,3.5806205112010048e-06,64
pre_selector,17,30,0.0,0.0,0.0,0.5,1.894625188469431e-05,-1.8946251884694313e-05,64
pre_selector,17,27,0.0,0.0,0.0,0.5,7.374452707153642e-05,-7.374452707153632e-05,64
pre_selector,30,19,0.0,0.0,0.0,0.5,-2.9223076580805514e-05,2.9223076580805514e-05,64
pre_selector,1,21,0.0,0.0,0.0,0.5,0.0004715073082479683,-0.0004715073082479687,64
pre_selector,19,20,0.0,0.0,0.0,0.5,3.8553709373435055e-05,-3.8553709373435055e-05,64
pre_selector,11,10,0.0,0.0,0.0,0.5,-2.0512471110118096e-05,2.0512471110118096e-05,64
pre_selector,15,4,0.0,0.0,0.0,0.5,-2.0406206431293806e-05,2.040620643129378e-05,64
pre_selector,3,8,0.0,0.0,0.0,0.5,-0.0016480910708196442,0.0016480910708196435,64
pre_selector,3,7,0.0,0.0,0.0,0.5,0.0020601756382347754,-0.002060175638234776,64
pre_selector,3,6,0.0,0.0,0.0,0.5,0.0029477140691085337,-0.0029477140691085337,64
pre_selector,3,2,0.0,0.0,0.0,0.5,0.0014855467597953906,-0.0014855467597953904,64
pre_selector,8,20,0.0,0.0,0.0,0.5,-5.507707192009172e-05,5.5077071920091716e-05,64
pre_selector,8,19,0.0,0.0,0.0,0.5,-6.818927431595626e-05,6.818927431595626e-05,64
pre_selector,12,5,0.0,0.0,0.0,0.5,3.60929490170729e-05,-3.60929490170729e-05,64
pre_selector,3,12,0.0,0.0,0.0,0.5,0.0014856793518163247,-0.0014856793518163247,64
pre_selector,29,14,0.0,0.0,0.0,0.5,-0.0009906399145620409,0.0009906399145620409,64
pre_selector,29,12,0.0,0.0,0.0,0.5,-0.007252898110891654,0.007252898110891654,64
pre_selector,30,10,0.0,0.0,0.0,0.5,-0.0004271204252290827,0.0004271204252290827,64
pre_selector,30,6,0.0,0.0,0.0,0.5,-0.0005814126907352818,0.0005814126907352818,64
pre_selector,12,7,0.0,0.0,0.0,0.5,-3.15469101224126e-05,3.1546910122412594e-05,64
pre_selector,12,6,0.0,0.0,0.0,0.5,0.00030287441768450316,-0.00030287441768450316,64
pre_selector,11,11,0.0,0.0,0.0,0.5,0.0003315788544568978,-0.0003315788544568978,64
pre_selector,8,17,0.0,0.0,0.0,0.5,0.0011410329170757718,-0.0011410329170757718,64
pre_selector,19,10,0.0,0.0,0.0,0.5,-0.00010750665023806247,0.00010750665023806256,64
pre_selector,22,8,0.0,0.0,0.0,0.5,-0.0003149079093418489,0.00031490790934184896,64
pre_selector,21,31,0.0,0.0,0.0,0.5,0.0003422142435738313,-0.0003422142435738313,64
pre_selector,21,30,0.0,0.0,0.0,0.5,-2.619474253151078e-05,2.6194742531510806e-05,64
pre_selector,7,27,0.0,0.0,0.0,0.5,7.226728939712503e-05,-7.226728939712502e-05,64
pre_selector,20,24,0.0,0.0,0.0,0.5,-1.3345259503694251e-05,1.3345259503694251e-05,64
pre_selector,22,20,0.0,0.0,0.0,0.5,0.0005061675765318902,-0.00050616757653189,64
pre_selector,22,15,0.0,0.0,0.0,0.5,-0.0006949071248527657,0.0006949071248527655,64
pre_selector,1,17,0.0,0.0,0.0,0.5,7.783281034789871e-06,-7.78328103478979e-06,64
pre_selector,15,18,0.0,0.0,0.0,0.5,-3.739194647777712e-05,3.739194647777713e-05,64
pre_selector,13,1,0.0,0.0,0.0,0.5,0.0008910686010494637,-0.0008910686010494637,64
pre_selector,14,26,0.0,0.0,0.0,0.5,6.324492414933057e-05,-6.324492414933057e-05,64
pre_selector,15,28,0.0,0.0,0.0,0.5,0.0002707288294914094,-0.00027072882949140934,64
pre_selector,15,24,0.0,0.0,0.0,0.5,-2.730261076066202e-05,2.7302610760662013e-05,64
pre_selector,15,22,0.0,0.0,0.0,0.5,-0.00010262704245177859,0.0001026270424517786,64
pre_selector,15,21,0.0,0.0,0.0,0.5,7.101137043717131e-05,-7.101137043717132e-05,64
pre_selector,23,12,0.0,0.0,0.0,0.5,-0.0008461822435492752,0.0008461822435492754,64
pre_selector,13,27,0.0,0.0,0.0,0.5,0.00011559424456209351,-0.00011559424456209348,64
pre_selector,6,1,0.0,0.0,0.0,0.5,0.00024165802096833117,-0.0002416580209683311,64
pre_selector,17,24,0.0,0.0,0.0,0.5,0.000606018504186052,-0.0006060185041860521,64
pre_selector,17,23,0.0,0.0,0.0,0.5,-0.0004121883357583926,0.0004121883357583926,64
pre_selector,17,21,0.0,0.0,0.0,0.5,-3.547663050084428e-05,3.547663050084428e-05,64
pre_selector,30,17,0.0,0.0,0.0,0.5,-0.0119470787612954,0.011947078761295402,64
pre_selector,18,7,0.0,0.0,0.0,0.5,0.00022759529201720223,-0.00022759529201720228,64
pre_selector,11,30,0.0,0.0,0.0,0.5,-4.556720040226709e-05,4.556720040226709e-05,64
pre_selector,33,26,0.0,0.0,0.0,0.5,4.489833941081766e-06,-4.489833941081765e-06,64
pre_selector,33,25,0.0,0.0,0.0,0.5,-0.0002892872762458763,0.00028928727624587627,64
pre_selector,26,17,0.0,0.0,0.0,0.5,-4.681457448896869e-05,4.681457448896866e-05,64
pre_selector,32,23,0.0,0.0,0.0,0.5,3.69921959872914e-05,-3.6992195987291406e-05,64
pre_selector,13,21,0.0,0.0,0.0,0.5,-4.2697553226360875e-06,4.269755322636087e-06,64
pre_selector,13,20,0.0,0.0,0.0,0.5,7.447284974658821e-05,-7.447284974658821e-05,64
pre_selector,30,20,0.0,0.0,0.0,0.5,-0.0014959315740270484,0.0014959315740270486,64
pre_selector,33,5,0.0,0.0,0.0,0.5,-0.00023290473654923383,0.0002329047365492338,64
pre_selector,33,4,0.0,0.0,0.0,0.5,-0.0012647751864278156,0.0012647751864278158,64
pre_selector,33,2,0.0,0.0,0.0,0.5,9.707297976997915e-06,-9.707297976997915e-06,64
pre_selector,31,30,0.0,0.0,0.0,0.5,-0.0050009323640551745,0.0050009323640551745,64
pre_selector,32,29,0.0,0.0,0.0,0.5,2.735492682858264e-05,-2.7354926828582648e-05,64
pre_selector,32,27,0.0,0.0,0.0,0.5,0.000132531975395975,-0.00013253197539597506,64
pre_selector,18,1,0.0,0.0,0.0,0.5,0.0004984986444469424,-0.0004984986444469424,64
pre_selector,2,28,0.0,0.0,0.0,0.5,1.5526617062289015e-05,-1.552661706228907e-05,64
pre_selector,28,13,0.0,0.0,0.0,0.5,-0.0008363266210835564,0.0008363266210835565,64
pre_selector,2,18,0.0,0.0,0.0,0.5,0.00020401090296219072,-0.00020401090296219063,64
pre_selector,2,16,0.0,0.0,0.0,0.5,-0.0009818760590860401,0.0009818760590860401,64
pre_selector,27,9,0.0,0.0,0.0,0.5,-0.00029222489865784866,0.0002922248986578487,64
pre_selector,9,6,0.0,0.0,0.0,0.5,9.95938836467758e-06,-9.95938836467758e-06,64
pre_selector,9,4,0.0,0.0,0.0,0.5,6.608596947899059e-06,-6.608596947899059e-06,64
pre_selector,9,23,0.0,0.0,0.0,0.5,-7.991885809132701e-06,7.991885809132705e-06,64
pre_selector,11,12,0.0,0.0,0.0,0.5,-0.0004100210235264836,0.0004100210235264836,64
pre_selector,16,8,0.0,0.0,0.0,0.5,-0.00022485110457636247,0.0002248511045763625,64
pre_selector,14,0,0.0,0.0,0.0,0.5,-6.64666442844431e-05,6.646664428444311e-05,64
pre_selector,14,16,0.0,0.0,0.0,0.5,-0.0003274285427323601,0.0003274285427323601,64
pre_selector,27,13,0.0,0.0,0.0,0.5,-0.005811656519654175,0.005811656519654176,64
pre_selector,6,28,0.0,0.0,0.0,0.5,0.00012029299102778358,-0.00012029299102778358,64
pre_selector,35,22,0.0,0.0,0.0,0.5,-0.005602201126748663,0.005602201126748662,64
pre_selector,35,21,0.0,0.0,0.0,0.5,-5.776567604706158e-06,5.776567604706157e-06,64
pre_selector,11,3,0.0,0.0,0.0,0.5,-0.0006409376255760259,0.0006409376255760259,64
pre_selector,34,30,0.0,0.0,0.0,0.5,-0.0013199097666074379,0.001319909766607438,64
pre_selector,2,27,0.0,0.0,0.0,0.5,0.0007314840295293812,-0.0007314840295293812,64
pre_selector,12,3,0.0,0.0,0.0,0.5,-0.00042796126217580936,0.0004279612621758093,64
pre_selector,35,10,0.0,0.0,0.0,0.5,9.037881682165795e-06,-9.037881682165741e-06,64
pre_selector,27,6,0.0,0.0,0.0,0.5,-0.00031421248468175195,0.00031421248468175195,64
pre_selector,27,2,0.0,0.0,0.0,0.5,-0.00013368595045904757,0.00013368595045904754,64
pre_selector,27,1,0.0,0.0,0.0,0.5,-1.8889666080200207e-05,1.8889666080200217e-05,64
pre_selector,12,25,0.0,0.0,0.0,0.5,6.543214028376099e-07,-6.543214028376099e-07,64
pre_selector,16,21,0.0,0.0,0.0,0.5,0.0013226588962425,-0.0013226588962425,64
pre_selector,12,10,0.0,0.0,0.0,0.5,0.0002126943381881593,-0.0002126943381881593,64
pre_selector,16,19,0.0,0.0,0.0,0.5,0.002051580966508472,-0.002051580966508472,64
pre_selector,12,8,0.0,0.0,0.0,0.5,0.0006542518822243311,-0.0006542518822243314,64
pre_selector,2,9,0.0,0.0,0.0,0.5,-0.002007777060498472,0.002007777060498472,64
pre_selector,9,31,0.0,0.0,0.0,0.5,3.150541757434838e-05,-3.150541757434838e-05,64
pre_selector,9,30,0.0,0.0,0.0,0.5,2.675581480815481e-07,-2.675581480815481e-07,64
pre_selector,9,29,0.0,0.0,0.0,0.5,0.0001303787958022389,-0.0001303787958022389,64
pre_selector,9,28,0.0,0.0,0.0,0.5,6.7836834887198715e-06,-6.7836834887198715e-06,64
pre_selector,14,15,0.0,0.0,0.0,0.5,-0.0010905368035310026,0.0010905368035310026,64
pre_selector,14,13,0.0,0.0,0.0,0.5,0.00038086482345533687,-0.0003808648234553368,64
pre_selector,2,5,0.0,0.0,0.0,0.5,-0.0002469023247612997,0.0002469023247612997,64
pre_selector,12,9,0.0,0.0,0.0,0.5,-0.0001442583936750346,0.0001442583936750346,64
pre_selector,28,15,0.0,0.0,0.0,0.5,-0.0006435513641918041,0.0006435513641918042,64
pre_selector,3,17,0.0,0.0,0.0,0.5,0.0002747918067029871,-0.0002747918067029871,64
pre_selector,3,16,0.0,0.0,0.0,0.5,0.00010510208085179684,-0.00010510208085179692,64
pre_selector,30,13,0.0,0.0,0.0,0.5,-0.0002586322834758785,0.00025863228347587847,64
pre_selector,30,11,0.0,0.0,0.0,0.5,-0.0022051524865673625,0.002205152486567363,64
pre_selector,26,19,0.0,0.0,0.0,0.5,0.0004494595159485497,-0.0004494595159485498,64
pre_selector,34,4,0.0,0.0,0.0,0.5,-0.0003047505397262156,0.00030475053972621566,64
pre_selector,34,1,0.0,0.0,0.0,0.5,-0.004212634026771402,0.004212634026771401,64
pre_selector,34,29,0.0,0.0,0.0,0.5,-0.0006735061488143164,0.0006735061488143165,64
pre_selector,23,3,0.0,0.0,0.0,0.5,0.00019932008763133294,-0.00019932008763133292,64
pre_selector,23,1,0.0,0.0,0.0,0.5,0.00027821940238936246,-0.0002782194023893625,64
pre_selector,6,27,0.0,0.0,0.0,0.5,-2.7852601220956785e-06,2.7852601220956785e-06,64
pre_selector,6,18,0.0,0.0,0.0,0.5,0.00032471608756167976,-0.00032471608756167976,64
pre_selector,8,16,0.0,0.0,0.0,0.5,-0.00019081144091614375,0.00019081144091614372,64
pre_selector,8,11,0.0,0.0,0.0,0.5,0.00019437051378189368,-0.00019437051378189374,64
pre_selector,11,8,0.0,0.0,0.0,0.5,5.02759003211324e-05,-5.027590032113239e-05,64
pre_selector,26,20,0.0,0.0,0.0,0.5,7.964071937749647e-05,-7.964071937749647e-05,64
pre_selector,13,9,0.0,0.0,0.0,0.5,0.0011443180919741202,-0.0011443180919741204,64
pre_selector,23,5,0.0,0.0,0.0,0.5,-0.002243929469841522,0.002243929469841522,64
pre_selector,34,28,0.0,0.0,0.0,0.5,-0.001380377281748197,0.0013803772817481972,64
pre_selector,24,8,0.0,0.0,0.0,0.5,-0.009926914295647278,0.00992691429564728,64
pre_selector,24,5,0.0,0.0,0.0,0.5,-0.0005552038419409685,0.0005552038419409686,64
pre_selector,15,2,0.0,0.0,0.0,0.5,-4.390760477691218e-05,4.390760477691218e-05,64
pre_selector,15,0,0.0,0.0,0.0,0.5,-0.00015297644858947785,0.00015297644858947777,64
pre_selector,35,28,0.0,0.0,0.0,0.5,-0.00012632136622413976,0.00012632136622413973,64
pre_selector,2,23,0.0,0.0,0.0,0.5,0.0022888221465109325,-0.002288822146510933,64
pre_selector,2,10,0.0,0.0,0.0,0.5,-0.00013596739881905305,0.00013596739881905316,64
pre_selector,4,21,0.0,0.0,0.0,0.5,0.00027136446442454696,-0.00027136446442454663,64
pre_selector,16,31,0.0,0.0,0.0,0.5,0.00011263600845267354,-0.00011263600845267356,64
pre_selector,9,20,0.0,0.0,0.0,0.5,-5.5978319323906196e-05,5.597831932390619e-05,64
pre_selector,9,19,0.0,0.0,0.0,0.5,-6.731572543827724e-08,6.731572543827724e-08,64
pre_selector,20,27,0.0,0.0,0.0,0.5,-0.0004875563463428887,0.00048755634634288877,64
pre_selector,4,13,0.0,0.0,0.0,0.5,0.0013225438606241403,-0.0013225438606241401,64
pre_selector,17,20,0.0,0.0,0.0,0.5,3.0591631855252194e-05,-3.0591631855252194e-05,64
pre_selector,17,19,0.0,0.0,0.0,0.5,0.0008388902097067125,-0.0008388902097067125,64
pre_selector,12,2,0.0,0.0,0.0,0.5,8.845668773460602e-06,-8.845668773460602e-06,64
pre_selector,4,20,0.0,0.0,0.0,0.5,0.0004644537038984844,-0.00046445370389848424,64
pre_selector,16,27,0.0,0.0,0.0,0.5,5.937223909313833e-05,-5.937223909313833e-05,64
pre_selector,9,22,0.0,0.0,0.0,0.5,-0.0006754913338227096,0.0006754913338227096,64
pre_selector,19,24,0.0,0.0,0.0,0.5,-1.8098583495881348e-05,1.8098583495881344e-05,64
pre_selector,19,21,0.0,0.0,0.0,0.5,-0.0001428785071766469,0.00014287850717664688,64
pre_selector,0,4,0.0,0.0,0.0,0.5,0.004107497748918825,-0.004107497748918824,64
response_first,0,21,0.0,0.0,0.0,0.5,1.2289798007714126e-05,-1.2289798007714126e-05,64
response_first,0,18,0.0,0.0,0.0,0.5,1.4922984519216698e-06,-1.4922984519216698e-06,64
pre_selector,27,8,0.0,0.0,0.0,0.5,-0.0023822257135179565,0.0023822257135179565,64
pre_selector,35,6,0.0,0.0,0.0,0.5,-5.186042608329537e-05,5.1860426083295384e-05,64
pre_selector,17,13,0.0,0.0,0.0,0.5,-6.002877262290513e-05,6.002877262290513e-05,64
pre_selector,13,8,0.0,0.0,0.0,0.5,-0.0020056266639585157,0.0020056266639585157,64
pre_selector,11,5,0.0,0.0,0.0,0.5,-1.3376749450329851e-06,1.3376749450329851e-06,64
pre_selector,9,26,0.0,0.0,0.0,0.5,4.313400495443637e-06,-4.313400495443633e-06,64
pre_selector,9,24,0.0,0.0,0.0,0.5,-2.0064733689642165e-05,2.0064733689642084e-05,64
pre_selector,29,6,0.0,0.0,0.0,0.5,-0.0016483565505040656,0.0016483565505040656,64
pre_selector,5,20,0.0,0.0,0.0,0.5,0.0008136333285619797,-0.0008136333285619796,64
pre_selector,5,15,0.0,0.0,0.0,0.5,0.0015298483776859915,-0.0015298483776859917,64
pre_selector,5,14,0.0,0.0,0.0,0.5,0.00038487186975544687,-0.00038487186975544687,64
pre_selector,4,22,0.0,0.0,0.0,0.5,-0.0031958900508470534,0.0031958900508470534,64
pre_selector,25,12,0.0,0.0,0.0,0.5,4.376230208430386e-06,-4.3762302084303825e-06,64
pre_selector,24,27,0.0,0.0,0.0,0.5,-0.00031201533420244687,0.00031201533420244676,64
pre_selector,9,10,0.0,0.0,0.0,0.5,1.6211314232340694e-05,-1.6211314232340694e-05,64
pre_selector,23,13,0.0,0.0,0.0,0.5,-0.003962354028772109,0.003962354028772109,64
pre_selector,21,24,0.0,0.0,0.0,0.5,0.0010078016202896656,-0.0010078016202896656,64
pre_selector,12,13,0.0,0.0,0.0,0.5,0.0013509430391422876,-0.0013509430391422876,64
pre_selector,14,23,0.0,0.0,0.0,0.5,-3.211180228391643e-05,3.211180228391642e-05,64
pre_selector,14,19,0.0,0.0,0.0,0.5,-0.0009552972842357189,0.0009552972842357189,64
pre_selector,14,17,0.0,0.0,0.0,0.5,-0.0006101213621149832,0.0006101213621149833,64
pre_selector,0,26,0.0,0.0,0.0,0.5,-0.005350202896806868,0.005350202896806868,64
pre_selector,11,21,0.0,0.0,0.0,0.5,3.084581919665652e-06,-3.084581919665652e-06,64
pre_selector,34,10,0.0,0.0,0.0,0.5,7.09206949523008e-05,-7.092069495230079e-05,64
pre_selector,6,15,0.0,0.0,0.0,0.5,9.62233507379904e-05,-9.622335073799039e-05,64
pre_selector,6,11,0.0,0.0,0.0,0.5,7.588149037474145e-05,-7.588149037474141e-05,64
pre_selector,6,5,0.0,0.0,0.0,0.5,-0.00016754452371968518,0.00016754452371968523,64
pre_selector,6,2,0.0,0.0,0.0,0.5,0.0008972914056357769,-0.0008972914056357769,64
pre_selector,23,16,0.0,0.0,0.0,0.5,0.0001072380332516279,-0.00010723803325162794,64
pre_selector,23,14,0.0,0.0,0.0,0.5,0.0001519661973361329,-0.0001519661973361328,64
pre_selector,23,10,0.0,0.0,0.0,0.5,0.002252744336146846,-0.002252744336146846,64
pre_selector,11,22,0.0,0.0,0.0,0.5,4.1081226186165285e-05,-4.108122618616529e-05,64
pre_selector,33,1,0.0,0.0,0.0,0.5,-0.0003793640134972438,0.0003793640134972438,64
pre_selector,17,5,0.0,0.0,0.0,0.5,0.0007119968140614151,-0.0007119968140614151,64
pre_selector,27,31,0.0,0.0,0.0,0.5,-0.00041604299349271674,0.00041604299349271674,64
pre_selector,27,30,0.0,0.0,0.0,0.5,-0.0007443568556482057,0.0007443568556482057,64
pre_selector,27,24,0.0,0.0,0.0,0.5,-2.904856228268753e-05,2.904856228268753e-05,64
pre_selector,27,21,0.0,0.0,0.0,0.5,-0.00020334593318693122,0.00020334593318693125,64
pre_selector,4,24,0.0,0.0,0.0,0.5,0.0006876642810311774,-0.0006876642810311773,64
pre_selector,4,11,0.0,0.0,0.0,0.5,0.0026253419127897385,-0.0026253419127897385,64
pre_selector,4,8,0.0,0.0,0.0,0.5,0.0013457210534397652,-0.0013457210534397652,64
pre_selector,25,7,0.0,0.0,0.0,0.5,-1.2788353018323453e-05,1.2788353018323451e-05,64
pre_selector,9,3,0.0,0.0,0.0,0.5,-0.0005728048417949919,0.0005728048417949919,64
pre_selector,25,13,0.0,0.0,0.0,0.5,7.781696297114567e-05,-7.781696297114566e-05,64
pre_selector,16,26,0.0,0.0,0.0,0.5,1.1082756827824952e-05,-1.1082756827824993e-05,64
pre_selector,3,24,0.0,0.0,0.0,0.5,0.0029935686904991503,-0.0029935686904991503,64
pre_selector,34,27,0.0,0.0,0.0,0.5,-4.931693547404435e-05,4.931693547404433e-05,64
pre_selector,23,23,0.0,0.0,0.0,0.5,-0.0016376518469769312,0.0016376518469769312,64
pre_selector,9,7,0.0,0.0,0.0,0.5,1.7105762140134777e-06,-1.7105762140134777e-06,64
pre_selector,35,8,0.0,0.0,0.0,0.5,-0.0012769797176588314,0.001276979717658831,64
pre_selector,27,0,0.0,0.0,0.0,0.5,-3.992588790424045e-05,3.9925887904240415e-05,64
pre_selector,4,4,0.0,0.0,0.0,0.5,0.0012765349820256285,-0.001276534982025628,64
pre_selector,28,10,0.0,0.0,0.0,0.5,-0.002256978246805351,0.0022569782468053515,64
pre_selector,28,5,0.0,0.0,0.0,0.5,-0.0027165440469616347,0.0027165440469616347,64
pre_selector,20,25,0.0,0.0,0.0,0.5,-0.0002571906697994531,0.0002571906697994531,64
pre_selector,21,7,0.0,0.0,0.0,0.5,3.441572289375326e-06,-3.4415722893753296e-06,64
pre_selector,21,6,0.0,0.0,0.0,0.5,0.001011649485008069,-0.001011649485008069,64
pre_selector,27,16,0.0,0.0,0.0,0.5,-0.0023343980428762413,0.0023343980428762417,64
pre_selector,21,16,0.0,0.0,0.0,0.5,0.00119680392890585,-0.00119680392890585,64
pre_selector,34,19,0.0,0.0,0.0,0.5,-0.008339953448739819,0.00833995344873982,64
pre_selector,26,21,0.0,0.0,0.0,0.5,5.259895101516411e-05,-5.259895101516411e-05,64
pre_selector,17,7,0.0,0.0,0.0,0.5,0.00019398249787628348,-0.0001939824978762836,64
pre_selector,33,9,0.0,0.0,0.0,0.5,-0.004096079508599339,0.00409607950859934,64
pre_selector,15,17,0.0,0.0,0.0,0.5,-5.182801183422491e-05,5.182801183422492e-05,64
pre_selector,15,15,0.0,0.0,0.0,0.5,-5.0259127874604075e-05,5.0259127874604075e-05,64
pre_selector,35,2,0.0,0.0,0.0,0.5,-0.00022368723875843124,0.0002236872387584313,64
pre_selector,30,4,0.0,0.0,0.0,0.5,-6.488307974448639e-05,6.48830797444864e-05,64
pre_selector,8,7,0.0,0.0,0.0,0.5,-0.00046339351320055604,0.00046339351320055604,64
pre_selector,8,2,0.0,0.0,0.0,0.5,2.4819469714998377e-06,-2.4819469714998377e-06,64
pre_selector,34,21,0.0,0.0,0.0,0.5,-0.0072048319998430106,0.0072048319998430106,64
pre_selector,4,19,0.0,0.0,0.0,0.5,0.002834850458384616,-0.0028348504583846166,64
pre_selector,19,29,0.0,0.0,0.0,0.5,0.00016284762932626532,-0.0001628476293262653,64
pre_selector,5,4,0.0,0.0,0.0,0.5,0.0007199225570957474,-0.0007199225570957474,64
pre_selector,29,21,0.0,0.0,0.0,0.5,-6.946456869626755e-05,6.946456869626755e-05,64
pre_selector,31,19,0.0,0.0,0.0,0.5,-0.000837814190163053,0.0008378141901630531,64
pre_selector,1,10,0.0,0.0,0.0,0.5,-0.00037711593176936964,0.0003771159317693697,64
pre_selector,25,23,0.0,0.0,0.0,0.5,5.199244742470986e-05,-5.199244742470986e-05,64
pre_selector,25,21,0.0,0.0,0.0,0.5,-0.00013140977534930497,0.00013140977534930497,64
pre_selector,12,29,0.0,0.0,0.0,0.5,5.51610619368186e-05,-5.516106193681859e-05,64
pre_selector,5,3,0.0,0.0,0.0,0.5,0.0008418180641456166,-0.0008418180641456166,64
pre_selector,9,12,0.0,0.0,0.0,0.5,0.0006306193554337262,-0.0006306193554337263,64
response_first,0,2,0.0,0.0,0.0,0.5,6.515962326143681e-06,-6.515962326143681e-06,64
pre_selector,13,15,0.0,0.0,0.0,0.5,9.248142191609846e-06,-9.248142191609846e-06,64
pre_selector,26,3,0.0,0.0,0.0,0.5,0.00011230396921746259,-0.00011230396921746248,64
pre_selector,26,2,0.0,0.0,0.0,0.5,-5.314006921254761e-05,5.314006921254766e-05,64
pre_selector,25,29,0.0,0.0,0.0,0.5,-3.411605644031947e-05,3.411605644031947e-05,64
pre_selector,25,24,0.0,0.0,0.0,0.5,0.001471009164561097,-0.001471009164561097,64
pre_selector,11,18,0.0,0.0,0.0,0.5,0.00024201026371883092,-0.00024201026371883092,64
pre_selector,26,14,0.0,0.0,0.0,0.5,-0.0014128283000900165,0.0014128283000900163,64
pre_selector,26,13,0.0,0.0,0.0,0.5,-0.0004069460201208,0.00040694602012080004,64
pre_selector,5,0,0.0,0.0,0.0,0.5,-9.947628313966819e-05,9.947628313966821e-05,64
pre_selector,26,30,0.0,0.0,0.0,0.5,0.00047131896462814063,-0.0004713189646281406,64
pre_selector,31,1,0.0,0.0,0.0,0.5,-3.1909960171101884e-05,3.1909960171101884e-05,64
pre_selector,26,8,0.0,0.0,0.0,0.5,-1.7189925756610647e-05,1.718992575661065e-05,64
pre_selector,26,7,0.0,0.0,0.0,0.5,-0.0018016794183495165,0.0018016794183495165,64
pre_selector,22,25,0.0,0.0,0.0,0.5,-0.00017721391293433578,0.00017721391293433575,64
pre_selector,24,20,0.0,0.0,0.0,0.5,-0.0012707390283139873,0.0012707390283139873,64
pre_selector,31,14,0.0,0.0,0.0,0.5,-0.002240515952507825,0.0022405159525078254,64
pre_selector,31,12,0.0,0.0,0.0,0.5,-0.0005423709676506219,0.0005423709676506218,64
pre_selector,30,25,0.0,0.0,0.0,0.5,0.0003357747536938563,-0.0003357747536938562,64
pre_selector,30,21,0.0,0.0,0.0,0.5,0.00010372327960795198,-0.00010372327960795194,64
pre_selector,32,20,0.0,0.0,0.0,0.5,-7.967307737997621e-06,7.967307737997618e-06,64
pre_selector,13,29,0.0,0.0,0.0,0.5,-4.4000300931681665e-06,4.4000300931681665e-06,64
pre_selector,10,7,0.0,0.0,0.0,0.5,-7.175538894443632e-05,7.175538894443629e-05,64
pre_selector,10,4,0.0,0.0,0.0,0.5,-2.908151236623966e-05,2.9081512366239647e-05,64
pre_selector,23,19,0.0,0.0,0.0,0.5,-0.00010428227892589123,0.00010428227892589122,64
pre_selector,23,18,0.0,0.0,0.0,0.5,-2.188001320745577e-05,2.1880013207455766e-05,64
pre_selector,32,19,0.0,0.0,0.0,0.5,-3.6605100831366856e-05,3.660510083136685e-05,64
pre_selector,32,14,0.0,0.0,0.0,0.5,4.924934910375937e-05,-4.924934910375937e-05,64
pre_selector,31,11,0.0,0.0,0.0,0.5,-0.0003098448014498013,0.00030984480144980136,64
pre_selector,0,8,0.0,0.0,0.0,0.5,0.0005414462793851185,-0.0005414462793851189,64
pre_selector,0,6,0.0,0.0,0.0,0.5,0.0035103474947391156,-0.0035103474947391156,64
pre_selector,33,13,0.0,0.0,0.0,0.5,-0.0039219737955136,0.0039219737955136,64
pre_selector,7,7,0.0,0.0,0.0,0.5,8.618306992502767e-07,-8.618306992502767e-07,64
pre_selector,10,3,0.0,0.0,0.0,0.5,-0.00015987938695616392,0.00015987938695616392,64
pre_selector,10,1,0.0,0.0,0.0,0.5,0.00038902117739780015,-0.00038902117739780004,64
pre_selector,10,0,0.0,0.0,0.0,0.5,-1.0450122545077618e-05,1.0450122545077625e-05,64
pre_selector,18,25,0.0,0.0,0.0,0.5,-0.0004623152572094225,0.0004623152572094224,64
pre_selector,1,13,0.0,0.0,0.0,0.5,-0.000847588910801283,0.0008475889108012831,64
pre_selector,18,21,0.0,0.0,0.0,0.5,0.0018812201378750532,-0.001881220137875053,64
pre_selector,20,20,0.0,0.0,0.0,0.5,-0.0002551746074459409,0.0002551746074459409,64
pre_selector,20,19,0.0,0.0,0.0,0.5,0.0005819098405481584,-0.0005819098405481583,64
pre_selector,32,31,0.0,0.0,0.0,0.5,-0.00013509590871763435,0.00013509590871763438,64
pre_selector,22,9,0.0,0.0,0.0,0.5,-0.00022608974086323755,0.00022608974086323758,64
pre_selector,7,16,0.0,0.0,0.0,0.5,9.943559632573763e-06,-9.943559632573763e-06,64
pre_selector,13,11,0.0,0.0,0.0,0.5,1.763977856228242e-05,-1.763977856228242e-05,64
pre_selector,32,9,0.0,0.0,0.0,0.5,-0.0006477374918176653,0.0006477374918176652,64
pre_selector,32,7,0.0,0.0,0.0,0.5,-0.0031028892581161974,0.003102889258116197,64
pre_selector,18,24,0.0,0.0,0.0,0.5,0.0005324083301729696,-0.0005324083301729696,64
pre_selector,1,26,0.0,0.0,0.0,0.5,0.0003297111397841999,-0.00032971113978419995,64
pre_selector,10,11,0.0,0.0,0.0,0.5,-1.565789534652493e-05,1.565789534652493e-05,64
pre_selector,31,23,0.0,0.0,0.0,0.5,1.8373867987968984e-05,-1.837386798796899e-05,64
pre_selector,33,17,0.0,0.0,0.0,0.5,-0.004354087759565993,0.004354087759565993,64
pre_selector,14,25,0.0,0.0,0.0,0.5,2.9275022939143386e-05,-2.927502293914339e-05,64
pre_selector,14,24,0.0,0.0,0.0,0.5,0.0002137203882739335,-0.00021372038827393355,64
pre_selector,10,9,0.0,0.0,0.0,0.5,-0.0012682738597504847,0.0012682738597504849,64
pre_selector,19,31,0.0,0.0,0.0,0.5,0.00018433592777000624,-0.00018433592777000626,64
pre_selector,32,3,0.0,0.0,0.0,0.5,-0.010411668758024437,0.010411668758024437,64
pre_selector,20,14,0.0,0.0,0.0,0.5,-0.0007521905608882661,0.000752190560888266,64
pre_selector,7,24,0.0,0.0,0.0,0.5,5.644498924084701e-05,-5.644498924084701e-05,64
pre_selector,7,18,0.0,0.0,0.0,0.5,6.863582586901892e-05,-6.863582586901892e-05,64
pre_selector,18,29,0.0,0.0,0.0,0.5,-0.0008979125050245829,0.0008979125050245827,64
pre_selector,18,27,0.0,0.0,0.0,0.5,0.0001898645425626361,-0.00018986454256263613,64
pre_selector,1,31,0.0,0.0,0.0,0.5,-0.0005953203993271971,0.0005953203993271971,64
pre_selector,1,27,0.0,0.0,0.0,0.5,0.00304058688925579,-0.003040586889255791,64
pre_selector,23,8,0.0,0.0,0.0,0.5,0.0007389082620647726,-0.0007389082620647726,64
pre_selector,23,7,0.0,0.0,0.0,0.5,-0.0017148192637250772,0.001714819263725078,64
pre_selector,20,18,0.0,0.0,0.0,0.5,0.00030267459987952166,-0.0003026745998795216,64
pre_selector,20,8,0.0,0.0,0.0,0.5,-0.00025616148195695566,0.00025616148195695555,64
