query_phase,layer,head,mean_active_minus_inactive,cohens_d_vs_zero,abs_cohens_d,active_preference_rate,harmful_mean,benign_mean,n
post_selector,9,11,0.007848261699109517,2.381675724932835,2.381675724932835,1.0,0.007848345943784755,0.007848177454434278,64
post_selector,19,30,-0.03069053067883938,-2.1590935122069577,2.1590935122069577,0.0,-0.03836765562300566,-0.023013405734673097,64
post_selector,14,11,0.011894593146280337,2.1161671313167814,2.1161671313167814,1.0,0.011285687738563815,0.012503498553996857,64
post_selector,18,12,-0.011871536786202296,-2.0401560013520417,2.0401560013520417,0.0,-0.013650322027387987,-0.010092751545016607,64
post_selector,16,17,-0.026529649756412213,-1.9739764442257224,1.9739764442257224,0.0,-0.031245159101672432,-0.02181414041115199,64
post_selector,16,23,0.05335384297359265,1.9440799246652594,1.9440799246652594,1.0,0.04688575191539708,0.05982193403178822,64
post_selector,17,15,0.049798455380368936,1.7770606722802351,1.7770606722802351,1.0,0.04236349638085807,0.05723341437987979,64
post_selector,18,15,0.033190599002409685,1.7717525143149226,1.7717525143149226,1.0,0.02423667639959599,0.042144521605223376,64
post_selector,18,13,-0.010780083430290638,-1.7503108403135539,1.7503108403135539,0.0,-0.010995472621289025,-0.01056469423929225,64
post_selector,13,14,0.021424784819828298,1.574984523911839,1.574984523911839,1.0,0.0212852224358357,0.021564347203820895,64
post_selector,17,4,0.024838179848302333,1.56558411509041,1.56558411509041,1.0,0.017559197563969016,0.03211716213263566,64
post_selector,18,11,-0.02981927352084308,-1.5532438392842192,1.5532438392842192,0.015625,-0.03922286970191631,-0.020415677339769858,64
post_selector,21,31,0.011136814711790032,1.5516537088294728,1.5516537088294728,0.96875,0.00981348376080855,0.012460145662771514,64
post_selector,24,21,0.003459570656559617,1.5417793619054716,1.5417793619054716,0.96875,0.004422688551130656,0.0024964527619885783,64
post_selector,20,15,0.037413947473396506,1.5259631721005769,1.5259631721005769,0.96875,0.027026724535971845,0.04780117041082117,64
post_selector,15,5,0.003979644017817882,1.4919136328577647,1.4919136328577647,0.953125,0.0028914583017467157,0.005067829733889047,64
post_selector,21,18,0.011545854213181841,1.40759826726661,1.40759826726661,0.953125,0.012429772876203022,0.010661935550160661,64
post_selector,26,24,0.0028823282900702516,1.3753011942382218,1.3753011942382218,0.921875,0.0024440284942101815,0.003320628085930322,64
post_selector,19,0,-0.010718585912400123,-1.3474190640957464,1.3474190640957464,0.078125,-0.012630877332412607,-0.00880629449238764,64
post_selector,15,7,0.045911426102975356,1.3432273802492967,1.3432273802492967,0.921875,0.027063076151534884,0.06475977605441581,64
post_selector,19,21,-0.003130611348751658,-1.3309855488829165,1.3309855488829165,0.0625,-0.0026289769666618217,-0.0036322457308414938,64
post_selector,26,26,0.0055052961488399514,1.3286796818516369,1.3286796818516369,0.890625,0.003137471601803531,0.007873120695876371,64
post_selector,23,5,0.005243614285063772,1.319901808360791,1.319901808360791,0.96875,0.004350784336565954,0.00613644423356159,64
post_selector,9,10,0.009956866608263181,1.3179097718654236,1.3179097718654236,1.0,0.011588907975237765,0.008324825241288598,64
post_selector,19,25,0.006378183774359012,1.2869969449164493,1.2869969449164493,0.9375,0.004697689706517809,0.008058677842200216,64
post_selector,9,8,0.002121026508120811,1.2682190834611855,1.2682190834611855,0.9375,0.002665513567990228,0.0015765394482513938,64
post_selector,14,7,0.03172504129361182,1.2513689842346145,1.2513689842346145,1.0,0.020321608852100277,0.04312847373512335,64
post_selector,33,10,0.002809991969115755,1.2398620082631255,1.2398620082631255,0.9375,0.0016762479644966905,0.003943735973734819,64
post_selector,19,31,0.025560715217579813,1.1859730878110568,1.1859730878110568,1.0,0.020740441752423025,0.030380988682736604,64
post_selector,20,9,0.001915104579893477,1.1692696874792368,1.1692696874792368,0.953125,0.0020427058370841716,0.0017875033227027822,64
post_selector,34,1,0.0015443896800206467,1.1648237975898463,1.1648237975898463,0.921875,0.001506197482740347,0.0015825818773009467,64
post_selector,29,7,0.007979967955179712,1.1192084781816873,1.1192084781816873,0.90625,0.005328525141521793,0.01063141076883763,64
post_selector,32,3,0.0048827716091181745,1.1140743550889127,1.1140743550889127,0.859375,0.003317362927191403,0.006448180291044946,64
post_selector,17,12,0.004542716018477187,1.1041653176184998,1.1041653176184998,0.90625,0.004593687073793231,0.004491744963161142,64
post_selector,20,12,-0.00459742811290194,-1.103551352194103,1.103551352194103,0.0625,-0.005792535459477178,-0.003402320766326703,64
post_selector,34,5,0.002594600156953635,1.1000418462001298,1.1000418462001298,0.9375,0.002483046697307116,0.002706153616600153,64
post_selector,14,23,0.00034964272253998227,1.0859967926033214,1.0859967926033214,0.828125,0.00038474841858256544,0.00031453702649739904,64
post_selector,24,5,0.0030553456927008976,1.0803301671562386,1.0803301671562386,0.90625,0.0026454845228726788,0.003465206862529116,64
post_selector,33,18,0.004533082581474411,1.0610235053101664,1.0610235053101664,0.890625,0.0032476705309818317,0.005818494631966991,64
post_selector,18,10,-0.008720407178770945,-1.0582421866583114,1.0582421866583114,0.09375,-0.008215622379793753,-0.00922519197774814,64
post_selector,19,11,-0.0019271028395450862,-1.0356999631929695,1.0356999631929695,0.1875,-0.002073077615932538,-0.0017811280631576344,64
post_selector,13,13,0.003878140008964648,1.031500365027958,1.031500365027958,0.984375,0.0051585108194557965,0.0025977691984735,64
post_selector,28,23,0.0035424886900727558,1.028006140710451,1.028006140710451,0.875,0.0019023716158699014,0.00518260576427561,64
post_selector,32,2,0.00685135139065093,1.0218099593824739,1.0218099593824739,0.84375,0.004178511255304312,0.009524191525997545,64
post_selector,23,4,0.005230096449849901,1.0212386560452693,1.0212386560452693,0.96875,0.003906753647242972,0.006553439252456831,64
post_selector,12,31,0.02603334956802423,1.0126740736437216,1.0126740736437216,1.0,0.023192137843579937,0.028874561292468515,64
post_selector,24,29,0.013671860011527273,1.0053894075702876,1.0053894075702876,0.96875,0.00847973675263343,0.018863983270421117,64
post_selector,33,19,0.004099521964235429,1.0024381583003223,1.0024381583003223,0.859375,0.002150053354853278,0.006048990573617581,64
post_selector,28,21,0.0026409909714857024,0.9944608297409407,0.9944608297409407,0.84375,0.0021815232685184795,0.003100458674452925,64
post_selector,24,26,0.0027090861949545433,0.9898749393541865,0.9898749393541865,0.859375,0.002179554161557424,0.003238618228351662,64
post_selector,31,28,0.0038692149937559896,0.9818526715640573,0.9818526715640573,0.9375,0.002473092339641838,0.0052653376478701405,64
post_selector,31,4,0.0027824404969578197,0.9781077770587226,0.9781077770587226,0.90625,0.002746922538790349,0.0028179584551252905,64
post_selector,12,29,0.016906937440580763,0.9737591318952682,0.9737591318952682,0.921875,0.013127690328474233,0.020686184552687295,64
post_selector,21,11,0.012206095630972379,0.9709331611830886,0.9709331611830886,0.84375,0.006186336620885388,0.018225854641059372,64
post_selector,23,30,0.010549858423473748,0.967867020611076,0.967867020611076,0.8125,0.005448782787425422,0.015650934059522073,64
post_selector,20,7,0.0020202702562528005,0.9668883445428319,0.9668883445428319,0.921875,0.0012829962652176326,0.0027575442472879685,64
post_selector,12,28,-0.0026089771909027742,-0.9666166507941749,0.9666166507941749,0.109375,-0.003264788319938785,-0.0019531660618667636,64
post_selector,23,10,0.03116220475931182,0.9604478193823257,0.9604478193823257,0.984375,0.02349740894715065,0.038827000571472994,64
post_selector,32,11,0.005721202536733438,0.9582758408182301,0.9582758408182301,0.875,0.005931739451625584,0.00551066562184129,64
post_selector,22,11,0.004102176362721336,0.9463299327856733,0.9463299327856733,0.90625,0.0036202325500198406,0.004584120175422831,64
post_selector,20,23,0.009164102426439034,0.9393651143477144,0.9393651143477144,0.84375,0.007509369068429785,0.010818835784448283,64
post_selector,31,30,0.005326498476279045,0.9303025175314338,0.9303025175314338,0.9375,0.004079380578332311,0.006573616374225779,64
post_selector,18,8,0.012216079012432567,0.9249612348485969,0.9249612348485969,0.859375,0.010110310438903938,0.014321847585961197,64
post_selector,32,10,0.0021503122752619193,0.9244232369538546,0.9244232369538546,0.96875,0.0015872430667513541,0.0027133814837724847,64
post_selector,32,0,0.0027542114848983753,0.9235866060019177,0.9235866060019177,0.875,0.002050416967904291,0.0034580060018924597,64
post_selector,33,30,0.002195306660723835,0.9235147609851926,0.9235147609851926,0.8125,0.0014434659678954325,0.0029471473535522376,64
post_selector,11,7,0.004047367285238548,0.9191798499985968,0.9191798499985968,0.8125,0.0023738834352115927,0.0057208511352655035,64
post_selector,20,13,0.0077332792461674805,0.9118820844195904,0.9118820844195904,0.828125,0.003756855083338433,0.01170970340899653,64
post_selector,16,28,-0.007196065605967279,-0.9117467996600318,0.9117467996600318,0.1875,-0.00767383039055855,-0.006718300821376006,64
post_selector,33,15,0.011708732694387403,0.8986805383766178,0.8986805383766178,0.859375,0.011061957178753763,0.01235550821002104,64
post_selector,34,3,0.004669621768698527,0.895087722833836,0.895087722833836,0.84375,0.0017297930753556812,0.0076094504620413716,64
post_selector,20,29,0.02159340507932936,0.8861828946608535,0.8861828946608535,0.78125,0.016335392559994916,0.026851417598663805,64
post_selector,33,29,0.001609054368600443,0.8746516729786608,0.8746516729786608,0.890625,0.0007590584864373953,0.0024590502507634907,64
response_mean,24,12,0.002390200116678869,0.8645307369623463,0.8645307369623463,0.796875,0.0028691350744338385,0.0019112651589238995,64
post_selector,24,23,0.01155457832464885,0.8595256925785981,0.8595256925785981,1.0,0.011434230316808623,0.011674926332489077,64
post_selector,29,5,0.00398962775761899,0.8570670963889238,0.8570670963889238,0.78125,0.0019329071365063845,0.006046348378731595,64
post_selector,33,13,0.0026295555344404095,0.8451355443620269,0.8451355443620269,0.84375,0.0013630419416585688,0.00389606912722225,64
post_selector,18,30,0.016990848380373767,0.8388046541170239,0.8388046541170239,0.828125,0.009008466848172228,0.024973229912575307,64
post_selector,26,16,0.0008320257738887128,0.8374184146812199,0.8374184146812199,0.78125,0.0012388362429191584,0.00042521530485826705,64
post_selector,30,25,0.0014589775209969582,0.8349098594213926,0.8349098594213926,0.890625,0.0011679796716634596,0.0017499753703304562,64
post_selector,15,15,0.002902344514950483,0.8347808831950256,0.8347808831950256,0.828125,0.003665162377728794,0.002139526652172173,64
post_selector,24,4,0.0008050145952438222,0.8344323472621155,0.8344323472621155,0.71875,0.0010474217615410158,0.0005626074289466284,64
post_selector,17,7,0.005418004697276022,0.8265789070331553,0.8265789070331553,0.75,0.003548860106093334,0.00728714928845871,64
post_selector,29,24,0.00046950597402424895,0.8231632515355248,0.8231632515355248,0.90625,0.00048813231023810084,0.00045087963781039695,64
post_selector,29,6,0.004755087393277768,0.8199965650731106,0.8199965650731106,0.765625,0.002215111075202002,0.007295063711353534,64
post_selector,12,11,0.008987070525108696,0.8123163218721461,0.8123163218721461,0.859375,0.008847430024616161,0.009126711025601232,64
post_selector,28,16,0.00044056134879607743,0.8116601212320816,0.8116601212320816,0.828125,0.00011651156637524549,0.0007646111312169094,64
post_selector,27,16,0.002299838903127202,0.8061181987993296,0.8061181987993296,0.796875,0.001976163403014622,0.002623514403239782,64
post_selector,29,11,0.0036225963203832725,0.8058811564958867,0.8058811564958867,0.890625,0.0021367456856750938,0.005108446955091451,64
post_selector,30,27,0.004485106648644398,0.7986324585846587,0.7986324585846587,0.859375,0.0022000165190547405,0.006770196778234053,64
post_selector,33,16,0.002767909505564568,0.7986003564945386,0.7986003564945386,0.859375,0.0013584509688371075,0.004177368042292028,64
post_selector,20,0,-0.007908554034656817,-0.7975639007200358,0.7975639007200358,0.234375,-0.010488594925845928,-0.005328513143467704,64
post_selector,31,29,0.001252471949555884,0.7939961824828955,0.7939961824828955,0.734375,0.0008959921506175171,0.001608951748494251,64
post_selector,21,10,0.0028752848538715252,0.7890207590460043,0.7890207590460043,0.90625,0.0020251704190740964,0.0037253992886689545,64
post_selector,34,7,0.0036228595581633124,0.7850982550857845,0.7850982550857845,0.671875,0.0021814928513776938,0.005064226264948931,64
post_selector,24,31,0.007402192772133246,0.7850970828362752,0.7850970828362752,0.71875,0.005806984408991375,0.00899740113527512,64
post_selector,16,2,0.0018913427525148602,0.7846853498225843,0.7846853498225843,0.9375,0.0010799382589538784,0.0027027472460758417,64
post_selector,26,22,0.00010119922228566213,0.7816814960797628,0.7816814960797628,0.796875,9.577789887768489e-05,0.00010662054569363936,64
post_selector,35,28,0.0006044866477168067,0.777378341936805,0.777378341936805,0.78125,0.0007812527910573061,0.00042772050437630735,64
post_selector,13,31,-0.007940682517073559,-0.7743269588807863,0.7743269588807863,0.21875,-0.00749298532900863,-0.008388379705138484,64
post_selector,13,15,0.006613970563193971,0.7717804440420947,0.7717804440420947,0.984375,0.007289370545549857,0.005938570580838084,64
post_selector,26,27,0.002210029195339277,0.7652755324165914,0.7652755324165914,0.78125,0.002838787200744241,0.001581271189934313,64
post_selector,12,1,0.00552336620785353,0.7631702286793423,0.7631702286793423,0.6875,0.004817534394533126,0.006229198021173935,64
post_selector,14,9,0.002218878989879127,0.761663692621148,0.761663692621148,0.765625,0.0021667694600182247,0.0022709885197400286,64
post_selector,15,8,0.002447134051180886,0.7609546631632302,0.7609546631632302,0.828125,0.001359271744149725,0.003534996358212047,64
post_selector,29,2,0.0024183961177186245,0.7582528851484862,0.7582528851484862,0.859375,0.0025121896105701627,0.002324602624867087,64
post_selector,31,14,0.003079580766097899,0.7559584298801129,0.7559584298801129,0.828125,0.002625577048092938,0.0035335844841028596,64
post_selector,29,9,0.0038934250824240496,0.7506046840720615,0.7506046840720615,0.75,0.003622383974288804,0.004164466190559294,64
post_selector,20,21,0.01147718979518685,0.745515766367581,0.745515766367581,0.65625,0.0075900511183135625,0.015364328472060134,64
post_selector,18,6,0.0019135975999233505,0.7420552693472815,0.7420552693472815,0.78125,0.0017419704017811186,0.0020852247980655825,64
post_selector,16,22,-0.019450687597782235,-0.7406384664212002,0.7406384664212002,0.5,-0.024095332420984043,-0.01480604277458043,64
post_selector,16,13,0.001771353421645448,0.7369238008062923,0.7369238008062923,0.75,0.0014066806033951906,0.002136026239895705,64
post_selector,30,8,0.002240915564470883,0.734026489706269,0.734026489706269,0.875,0.0019820742490992095,0.002499756879842556,64
post_selector,24,13,0.006492743877970471,0.7329681464589574,0.7329681464589574,0.8125,0.0032705949561204614,0.009714892799820482,64
post_selector,20,1,0.0027390362956793753,0.731073394585003,0.731073394585003,0.6875,0.0021018484330852308,0.003376224158273519,64
post_selector,34,2,0.0032214552511504483,0.7299733317472834,0.7299733317472834,0.8125,0.0009898086409520967,0.0054531018613488,64
post_selector,33,17,0.0029067044197290367,0.7290402904346416,0.7290402904346416,0.828125,0.000979479904344752,0.004833928935113322,64
post_selector,12,15,0.01230470300833983,0.7280531195676981,0.7280531195676981,0.71875,0.00956785464222774,0.015041551374451925,64
post_selector,21,8,0.003792879062530098,0.7258539565191422,0.7258539565191422,0.734375,0.003961776172218349,0.003623981952841847,64
post_selector,17,20,-0.0005644840393870007,-0.7245781760846978,0.7245781760846978,0.1875,-0.0002985395549330699,-0.0008304285238409316,64
post_selector,29,12,0.001705344545371157,0.7244482876739784,0.7244482876739784,0.8125,0.0009216655726049559,0.002489023518137358,64
response_mean,24,14,0.0032282804831993035,0.722779544137939,0.722779544137939,0.796875,0.0025440736353629922,0.003912487331035615,64
post_selector,15,9,0.0008976644323865563,0.7223057019645781,0.7223057019645781,0.875,0.00039769282875564945,0.0013976360360174634,64
post_selector,31,6,0.0018277302515343392,0.7217793335767432,0.7217793335767432,0.84375,0.0010828895501617533,0.002572570952906925,64
post_selector,11,15,0.0027763663765653927,0.7183281735998428,0.7183281735998428,0.734375,0.0024880803321138717,0.0030646524210169138,64
post_selector,18,2,0.0015374028025689523,0.7146471812032904,0.7146471812032904,0.78125,0.0010836915198524123,0.0019911140852854918,64
response_mean,23,10,0.005332620705303245,0.7087266850558813,0.7087266850558813,0.78125,0.0030932512163417405,0.007571990194264751,64
post_selector,34,29,0.0011449788089521193,0.7072864450960681,0.7072864450960681,0.796875,6.048551585990429e-05,0.0022294721020443345,64
post_selector,31,5,0.0037898600749030893,0.7036479832364573,0.7036479832364573,0.796875,0.004111215763259647,0.0034685043865465316,64
post_selector,12,30,0.009469846845604441,0.7012762740270705,0.7012762740270705,0.875,0.004702308608102572,0.014237385083106312,64
post_selector,33,9,0.0014046543865333448,0.6989908607585671,0.6989908607585671,0.78125,0.0006564352206623867,0.0021528735524043033,64
post_selector,33,11,0.0030889685749570855,0.6986330913780298,0.6986330913780298,0.765625,0.0008930473850341522,0.005284889764880019,64
post_selector,27,13,0.0011382437933207105,0.6932293264068603,0.6932293264068603,0.75,9.772504927241804e-05,0.0021787625373690033,64
post_selector,32,5,0.0017995130976941793,0.6918512228392999,0.6918512228392999,0.84375,0.0006003160428917713,0.0029987101524965873,64
post_selector,20,8,0.0031278045225917317,0.6892795277890119,0.6892795277890119,0.8125,0.0029226869773992625,0.0033329220677842,64
post_selector,0,2,-0.0018345883245274308,-0.687366857953345,0.687366857953345,0.5,-0.0020571776294673336,-0.001611999019587528,64
post_selector,16,21,0.0024856777481545335,0.6859396633586854,0.6859396633586854,0.734375,0.0014416766025533282,0.003529678893755739,64
post_selector,33,12,0.003513522109642465,0.6842873010603291,0.6842873010603291,0.90625,0.0029859174755983535,0.004041126743686578,64
post_selector,28,19,0.0007323076806642101,0.6820928021294482,0.6820928021294482,0.75,0.00019262548994447665,0.0012719898713839436,64
post_selector,16,25,0.002694955976039619,0.6776301690041683,0.6776301690041683,0.703125,0.0030263537191785625,0.0023635582329006753,64
post_selector,12,22,-0.0006582767541658228,-0.6742919865050828,0.6742919865050828,0.21875,-0.0005350184219423423,-0.0007815350863893033,64
post_selector,13,24,0.0006832452108937732,0.6727607310637845,0.6727607310637845,0.765625,0.00018880440711654438,0.001177686014671002,64
post_selector,24,30,0.0008349372938027527,0.6699894223141041,0.6699894223141041,0.859375,0.0009619331030989517,0.000707941484506554,64
post_selector,6,5,0.0016756608820287294,0.6693227015392977,0.6693227015392977,0.71875,0.0014345388626679587,0.0019167829013895003,64
post_selector,29,27,0.00047574410484682063,0.6672874226989184,0.6672874226989184,0.84375,0.0002870919777251104,0.000664396231968531,64
post_selector,29,0,0.007806822719430744,0.6662329576336854,0.6662329576336854,0.859375,0.005902451397560035,0.009711194041301453,64
post_selector,24,7,0.0003083017443259202,0.6632004786539394,0.6632004786539394,0.734375,0.0003616844337556986,0.0002549190548961418,64
post_selector,31,31,0.004341711359302265,0.661301061467439,0.661301061467439,0.6875,0.002654508360137692,0.006028914358466837,64
post_selector,27,18,0.001093733761535961,0.6596432306880049,0.6596432306880049,0.71875,4.841380632568792e-05,0.002139053716746234,64
post_selector,33,31,0.0012827450209442525,0.6594965426442764,0.6594965426442764,0.75,-3.6605635614250936e-05,0.002602095677502756,64
post_selector,31,15,0.0035206109032514758,0.6575824065418657,0.6575824065418657,0.8125,0.004460533622477642,0.0025806881840253096,64
post_selector,12,18,-0.003440819611569152,-0.6536650427715868,0.6536650427715868,0.21875,-0.0041164646099787,-0.002765174613159605,64
post_selector,25,11,0.0005753840214310763,0.6494370562597737,0.6494370562597737,0.703125,0.0007425796138704566,0.00040818842899169615,64
response_mean,23,30,0.0029662516926691465,0.6480121627527273,0.6480121627527273,0.765625,0.0011118546226498366,0.004820648762688455,64
post_selector,32,1,0.000518331390594518,0.6474351786968064,0.6474351786968064,0.75,0.0004761081345350009,0.000560554646654035,64
post_selector,23,31,0.0037771592869830684,0.6458963643014399,0.6458963643014399,0.625,0.0031050984252942566,0.00444922014867188,64
post_selector,33,28,0.0010796219703479173,0.6440547562568011,0.6440547562568011,0.765625,0.0007830401555110923,0.0013762037851847422,64
post_selector,29,13,0.000658223911159411,0.6413148345613989,0.6413148345613989,0.765625,0.00028699980521193946,0.0010294480171068824,64
post_selector,34,19,0.0016541106097065202,0.6375486752254859,0.6375486752254859,0.75,0.0008568983594159254,0.002451322859997115,64
post_selector,17,13,0.0036215587570040814,0.6374157805398961,0.6374157805398961,0.671875,0.0026960352188325314,0.004547082295175631,64
post_selector,0,22,-3.826781595249655e-05,-0.6364235999576817,0.6364235999576817,0.5,-4.531661198824192e-05,-3.121901991675119e-05,64
post_selector,29,4,0.0009418492536496892,0.6344226746157741,0.6344226746157741,0.734375,0.0005158167587069251,0.001367881748592453,64
post_selector,25,9,0.0002625462233254251,0.6324682533765543,0.6324682533765543,0.734375,0.0004349240170995201,9.01684295513302e-05,64
post_selector,24,15,0.0016186779157578524,0.6318801809375191,0.6318801809375191,0.671875,0.0017137980248662387,0.0015235578066494664,64
post_selector,25,10,0.001813881934140207,0.6318252746062011,0.6318252746062011,0.71875,0.0031840345545787845,0.00044372931370162925,64
post_selector,34,0,0.0015795507852089607,0.6310307438962025,0.6310307438962025,0.890625,0.0008295253373944245,0.0023295762330234966,64
post_selector,10,24,0.003794939427280027,0.6309030232060142,0.6309030232060142,0.65625,0.0029603139100799983,0.004629564944480057,64
post_selector,11,24,0.005649938768328845,0.6238017125973444,0.6238017125973444,0.65625,0.003808463341556472,0.007491414195101218,64
post_selector,20,20,0.0017166224051834331,0.6236165653896568,0.6236165653896568,0.6875,0.0018654094783414532,0.0015678353320254133,64
post_selector,29,26,0.001545541451378055,0.6236078125349294,0.6236078125349294,0.796875,0.000798289755039137,0.002292793147716973,64
post_selector,30,11,0.0038413337456404094,0.6208029654130989,0.6208029654130989,0.734375,0.004924372730783907,0.0027582947604969116,64
post_selector,0,17,0.007154273795094929,0.6186910150393364,0.6186910150393364,0.5,0.007173240857810023,0.007135306732379835,64
post_selector,33,14,0.005495895209605767,0.6167189045064698,0.6167189045064698,0.84375,0.0060819896534667055,0.004909800765744829,64
post_selector,34,31,0.0012531711549854407,0.616258840388585,0.616258840388585,0.734375,0.0003275534118074531,0.0021787888981634283,64
post_selector,22,20,0.002385075582424168,0.6123609553420628,0.6123609553420628,0.609375,0.0019095393290626782,0.0028606118357856584,64
response_mean,26,27,0.0021690419716833024,0.6098324476282242,0.6098324476282242,0.734375,0.0011324493116262517,0.0032056346317403533,64
post_selector,29,3,0.003914350494596839,0.6061583052460904,0.6061583052460904,0.859375,0.003919460898032378,0.0039092400911613,64
post_selector,27,15,0.0008028518668652273,0.6019201779555973,0.6019201779555973,0.65625,-0.000150143694554556,0.0017558474282850108,64
post_selector,20,30,0.0030459303634415673,0.5992546416207333,0.5992546416207333,0.765625,0.0013286093089845835,0.004763251417898551,64
post_selector,10,25,0.0010915264556387951,0.5986104528048476,0.5986104528048476,0.640625,0.0007078024545989867,0.0014752504566786034,64
post_selector,31,3,0.0012665554968407107,0.5978209195928972,0.5978209195928972,0.703125,0.0008937856291595075,0.001639325364521914,64
post_selector,14,20,0.0008716790366634043,0.5977407452557805,0.5977407452557805,0.546875,0.0006122579179646016,0.0011311001553622065,64
post_selector,5,2,0.005399937130277955,0.5958051227466834,0.5958051227466834,0.765625,0.0027622348279692124,0.008037639432586697,64
post_selector,15,13,0.0050348834847681965,0.5942975854322169,0.5942975854322169,0.71875,0.0068318983612698225,0.003237868608266572,64
post_selector,20,2,0.0026142560473090136,0.5907112590935768,0.5907112590935768,0.65625,0.002706645245780216,0.0025218668488378106,64
post_selector,20,31,-0.011120706278234114,-0.5897476527850395,0.5897476527850395,0.3125,-0.018566646605904638,-0.0036747659505635914,64
post_selector,19,2,0.0033593559928703953,0.5890076616649619,0.5890076616649619,0.625,0.0024741626548347947,0.004244549330905996,64
post_selector,16,4,0.0017657276130193748,0.586054866800271,0.586054866800271,0.796875,0.0009984734097087946,0.0025329818163299547,64
post_selector,23,23,0.0021023264889663386,0.5844331984030419,0.5844331984030419,0.71875,0.0028342058576526904,0.001370447120279987,64
post_selector,15,6,0.00837269498515523,0.5829143316360027,0.5829143316360027,0.703125,0.0022191566531546375,0.014526233317155822,64
post_selector,21,29,0.0005328815450411442,0.5815771702017521,0.5815771702017521,0.6875,0.0004935117594868469,0.0005722513305954414,64
response_mean,24,29,0.0009474715334363071,0.5815427800356563,0.5815427800356563,0.6875,0.0001873297651400221,0.001707613301732592,64
post_selector,11,22,0.0006831601755265882,0.5810051498824605,0.5810051498824605,0.59375,0.0005725551900468224,0.000793765161006354,64
post_selector,24,0,0.00025380637271153744,0.5809600844236504,0.5809600844236504,0.578125,0.0001727445142023358,0.00033486823122073905,64
post_selector,14,29,0.0004843404317398221,0.5799904239554334,0.5799904239554334,0.59375,0.0004158374185862905,0.0005528434448933537,64
post_selector,24,8,0.004646607842005308,0.5787424656094586,0.5787424656094586,0.6875,0.0035382445785216814,0.005754971105488935,64
post_selector,22,5,0.0015823059820831745,0.5775672887451928,0.5775672887451928,0.71875,0.0016770899092079837,0.0014875220549583654,64
post_selector,16,20,-0.0008235058430727663,-0.5746525724891018,0.5746525724891018,0.3125,-0.0007966183402459037,-0.0008503933458996289,64
response_mean,26,24,0.0012931750475217744,0.5734884997217363,0.5734884997217363,0.78125,0.0017517098294774541,0.0008346402655660944,64
post_selector,17,14,-0.0053168403210292845,-0.5718097407413394,0.5718097407413394,0.34375,-0.007490231422707411,-0.0031434492193511596,64
post_selector,32,8,0.004579832933813993,0.5708255128255908,0.5708255128255908,0.859375,0.00485949433641505,0.004300171531212935,64
post_selector,32,7,0.0041512399093334915,0.5699891359531377,0.5699891359531377,0.796875,0.00016511130888828324,0.008137368509778701,64
response_mean,26,26,0.003146437465602477,0.5684499328087681,0.5684499328087681,0.734375,0.002394695026850963,0.0038981799043539904,64
post_selector,0,26,0.0032256353824777753,0.5681017560994578,0.5681017560994578,0.5,0.0021794163585582317,0.004271854406397319,64
post_selector,11,5,0.0003578253158025221,0.5614635780332122,0.5614635780332122,0.609375,0.0002500635877140633,0.00046558704389098086,64
post_selector,18,16,0.0013335883195395356,0.5557457905433036,0.5557457905433036,0.734375,0.0004926833717035963,0.002174493267375475,64
post_selector,21,24,-0.0014373278208949809,-0.5548090989187854,0.5548090989187854,0.28125,-0.000370923662558197,-0.0025037319792317646,64
post_selector,20,28,-0.003725177572050576,-0.5520395055398282,0.5520395055398282,0.296875,-0.0028801590378861623,-0.0045701961062149885,64
post_selector,34,13,0.00012970664010934823,0.5507647943733216,0.5507647943733216,0.640625,0.00017365101530229614,8.576226491640031e-05,64
post_selector,9,9,-0.005992639325995697,-0.5501322922316253,0.5501322922316253,0.484375,-0.004336545702244629,-0.007648732949746765,64
post_selector,13,23,0.00011401243708062601,0.5463210504327034,0.5463210504327034,0.640625,7.347566167936023e-05,0.00015454921248189176,64
post_selector,31,13,0.0037336067471187297,0.5457724703237045,0.5457724703237045,0.734375,0.001190925195260197,0.006276288298977263,64
post_selector,21,27,-0.0014216903946362193,-0.5452008148450329,0.5452008148450329,0.234375,-0.0019404627819312437,-0.0009029180073411947,64
post_selector,11,30,0.0006166933621898304,0.5439632540477874,0.5439632540477874,0.5,0.0004613864380189613,0.0007720002863606994,64
post_selector,16,11,0.0005164133181096754,0.5428248101720334,0.5428248101720334,0.703125,0.0002068284356937368,0.0008259982005256139,64
post_selector,23,6,0.0014592206443921798,0.5428199586933063,0.5428199586933063,0.578125,0.0011283944859314843,0.0017900468028528751,64
response_mean,24,13,0.0014580405490960163,0.5425412214701448,0.5425412214701448,0.734375,0.0002525768222767547,0.002663504275915278,64
final_prompt,24,8,0.00012360650543994875,0.5424990351068604,0.5424990351068604,0.765625,4.152247311139356e-05,0.00020569053776850395,64
post_selector,24,28,0.0018779613055812548,0.5379319636057129,0.5379319636057129,0.625,0.0024003097714739748,0.0013556128396885344,64
post_selector,25,6,0.0003736047217443851,0.5373840188363286,0.5373840188363286,0.6875,0.0001636551796764002,0.00058355426381237,64
response_mean,24,31,0.0009428897978977806,0.5365337001873294,0.5365337001873294,0.75,0.0003286119272161082,0.001557167668579453,64
post_selector,11,28,0.0004700723282553455,0.5339303479748337,0.5339303479748337,0.515625,0.0003296255807754208,0.0006105190757352704,64
post_selector,28,0,0.007875035436882161,0.5283907001740035,0.5283907001740035,0.59375,0.0038214751475606997,0.011928595726203625,64
final_prompt,24,13,0.0007579426223855802,0.5260700917643265,0.5260700917643265,0.65625,0.0003168589100823601,0.0011990263346888003,64
post_selector,11,4,0.001902292955492151,0.5255939750458883,0.5255939750458883,0.625,0.0025958842452382643,0.0012087016657460377,64
post_selector,26,19,0.000891441621206447,0.5250180135862585,0.5250180135862585,0.6875,0.001320168747042742,0.0004627144953701523,64
post_selector,33,23,0.00228007377518222,0.5200771618135139,0.5200771618135139,0.78125,0.0015174588406807615,0.003042688709683678,64
post_selector,19,9,0.001816137285459249,0.519305262523767,0.519305262523767,0.59375,0.0010062427991215219,0.0026260317717969757,64
post_selector,21,9,0.007135829771868879,0.5186398525089561,0.5186398525089561,0.59375,0.002937468205345781,0.011334191338391978,64
post_selector,0,13,0.005970792801235788,0.5171750566122066,0.5171750566122066,0.671875,0.007621141470735878,0.004320444131735697,64
post_selector,31,7,0.0013700192193936921,0.5148978403695283,0.5148978403695283,0.84375,0.0004284715032553932,0.002311566935531991,64
response_mean,24,15,0.0010738862260950381,0.5128019988827136,0.5128019988827136,0.71875,0.0003259346281083477,0.0018218378240817288,64
post_selector,17,27,0.006595936942176174,0.5107147691371315,0.5107147691371315,0.703125,0.005316110014973665,0.007875763869378685,64
post_selector,17,1,-0.011672252887365168,-0.5094063257362351,0.5094063257362351,0.484375,-0.009662390177254553,-0.013682115597475782,64
post_selector,22,23,0.00020664605438013267,0.5084473989453565,0.5084473989453565,0.71875,0.000306126993336851,0.0001071651154234143,64
final_prompt,24,31,0.00013788226897302894,0.5079984090762599,0.5079984090762599,0.75,-3.0911628527967346e-05,0.00030667616647402524,64
post_selector,22,21,-0.0003678378398035161,-0.5073710221402989,0.5073710221402989,0.265625,-2.1146319340903646e-05,-0.0007145293602661286,64
post_selector,28,2,0.008660294559376783,0.5045144132919963,0.5045144132919963,0.5,0.0034646489802980973,0.013855940138455472,64
response_mean,26,25,-0.001539334974950158,-0.504231683510958,0.504231683510958,0.3125,5.705374860550045e-06,-0.0030843753247608656,64
post_selector,19,10,0.006692453593132078,0.5028370605637079,0.5028370605637079,0.578125,0.0036079828132642377,0.00977692437299992,64
post_selector,26,18,0.0011300728456262524,0.5025567670246305,0.5025567670246305,0.671875,0.0006118287801655125,0.0016483169110869918,64
post_selector,28,1,0.0033347139233228357,0.5001763366885191,0.5001763366885191,0.640625,0.0014052397636987717,0.005264188082946901,64
post_selector,13,29,0.00034739763577815456,0.49997298146279373,0.49997298146279373,0.71875,0.0002501384387869528,0.0004446568327693563,64
response_mean,26,18,0.001980146355890588,0.4983210403099151,0.4983210403099151,0.703125,0.0016162354404514012,0.002344057271329775,64
post_selector,15,19,-0.002037664473391478,-0.49616721371579753,0.49616721371579753,0.421875,-0.0032340727011614793,-0.0008412562456214773,64
final_prompt,24,29,0.00013989757269426556,0.4930687347908093,0.4930687347908093,0.71875,2.4720356805114785e-05,0.00025507478858341633,64
post_selector,23,7,0.00038217337441890514,0.49219488664182914,0.49219488664182914,0.671875,0.0005480813561007131,0.0002162653927370971,64
post_selector,31,20,0.0032357346008211442,0.49172412557933287,0.49172412557933287,0.59375,0.0013300765640451503,0.005141392637597137,64
post_selector,4,25,0.005426769719633732,0.49097148501924226,0.49097148501924226,0.609375,0.0037429165968205723,0.0071106228424468905,64
post_selector,11,19,0.0006277732345552024,0.48547467424305407,0.48547467424305407,0.5,0.0006916120273672204,0.0005639344417431843,64
post_selector,11,6,0.000706054060174196,0.48469121941538346,0.48469121941538346,0.703125,0.00021776870471511587,0.0011943394156332765,64
post_selector,13,19,0.0031070789984823572,0.4824192421792126,0.4824192421792126,0.8125,0.0013310230247043,0.004883134972260414,64
post_selector,11,0,0.002792481554934048,0.48198545825756095,0.48198545825756095,0.546875,0.0014684944544569594,0.004116468655411136,64
post_selector,29,15,0.0007439363714638403,0.48176105821162546,0.48176105821162546,0.640625,-3.0357138257379403e-05,0.00151822988118506,64
final_prompt,26,20,0.00012976202037859918,0.47847083977816934,0.47847083977816934,0.703125,0.000106427004766361,0.0001530970359908374,64
post_selector,24,14,0.0016908121724554638,0.4784063587102392,0.4784063587102392,0.671875,0.0011271913244854527,0.002254433020425475,64
response_mean,26,31,0.00252146843649824,0.4758445789229298,0.4758445789229298,0.640625,0.00024177446539397248,0.004801162407602507,64
post_selector,18,4,0.0012547867918328696,0.47547180241010506,0.47547180241010506,0.703125,0.00020647865312639196,0.002303094930539347,64
post_selector,8,24,-0.001734256733470824,-0.47311436365606463,0.47311436365606463,0.375,-0.0020456644706427956,-0.0014228489962988527,64
response_mean,24,11,0.0002794084779224995,0.47284906026388696,0.47284906026388696,0.640625,9.707633580553236e-06,0.0005491093222644457,64
post_selector,17,22,0.0012538464034150666,0.4725033547442987,0.4725033547442987,0.6875,0.0016459191465400872,0.0008617736602900462,64
post_selector,9,4,0.0003835622054566569,0.47054126860221185,0.47054126860221185,0.5,0.0004374804759663669,0.00032964393494694686,64
post_selector,12,23,0.0007528644891863195,0.46910363968106694,0.46910363968106694,0.546875,0.0007382699022855377,0.0007674590760871015,64
post_selector,21,6,-0.0005195592721065412,-0.46828402588089263,0.46828402588089263,0.296875,-0.0003544312367011885,-0.000684687307511894,64
final_prompt,24,12,0.0005191127957004837,0.46617830313479364,0.46617830313479364,0.578125,0.0012447461595001719,-0.00020652056809920453,64
post_selector,25,24,0.00024015851295186824,0.4659451520651752,0.4659451520651752,0.765625,0.0002952025765807524,0.00018511444932298415,64
post_selector,12,4,0.011662860455544431,0.4650257661091769,0.4650257661091769,0.53125,0.0029195594688644624,0.0204061614422244,64
post_selector,29,1,0.00042801091922226085,0.4631541549548448,0.4631541549548448,0.6875,0.0004777765789185327,0.0003782452595259891,64
post_selector,35,20,-0.00034278433531651615,-0.46314766162730153,0.46314766162730153,0.296875,-0.0003325869884065266,-0.0003529816822265057,64
post_selector,29,28,2.8090910817008038e-05,0.4614136872175155,0.4614136872175155,0.640625,1.963778333901868e-05,3.654403829499739e-05,64
post_selector,10,14,-0.003456611186265949,-0.45836426390557694,0.45836426390557694,0.515625,-0.002129942076862795,-0.004783280295669103,64
response_mean,24,26,0.0008587964398429764,0.4577918194587936,0.4577918194587936,0.640625,2.374647101534268e-05,0.00169384640867061,64
post_selector,14,10,0.0015530784621659978,0.4564919148848132,0.4564919148848132,0.640625,0.0006890109689265832,0.0024171459554054127,64
post_selector,28,3,0.008034355624658929,0.4558582918245884,0.4558582918245884,0.5625,0.001950397498148975,0.014118313751168883,64
final_prompt,26,27,0.0004208374498375425,0.4547708715116299,0.4547708715116299,0.671875,0.00018885237841459367,0.0006528225212604913,64
post_selector,18,27,0.001600777113708301,0.45443838302708695,0.45443838302708695,0.65625,0.0008388585629290741,0.0023626956644875277,64
post_selector,15,29,-0.00046959560131652967,-0.45057922464254596,0.45057922464254596,0.375,-0.0006422716169254146,-0.00029691958570764464,64
response_mean,21,26,0.002063741949541495,0.4485260516717685,0.4485260516717685,0.625,0.0025314889289802345,0.0015959949701027563,64
post_selector,34,22,-7.290989358919967e-05,-0.44830025649205946,0.44830025649205946,0.40625,-9.409577029372182e-05,-5.1724016884677496e-05,64
post_selector,29,8,0.0011161954089402397,0.4473113953100645,0.4473113953100645,0.71875,-0.00041880103708534435,0.002651191854965824,64
post_selector,33,8,0.00026914029194811603,0.44727573559018724,0.44727573559018724,0.734375,6.141001085780012e-05,0.00047687057303843203,64
post_selector,18,22,-0.002146446062397437,-0.4464420779902178,0.4464420779902178,0.375,-0.0029886088450439257,-0.0013042832797509481,64
post_selector,10,12,0.0006351129923132168,0.44351310003453426,0.44351310003453426,0.578125,0.0002930822593043515,0.000977143725322082,64
post_selector,11,31,0.009198380437737796,0.4419095477302902,0.4419095477302902,0.5,0.005799806560389704,0.012596954315085892,64
post_selector,29,25,0.002107455044097133,0.44129541173621945,0.44129541173621945,0.671875,-0.0003795555203396344,0.004594465608533899,64
response_mean,24,19,0.0013975391013900465,0.440691353877243,0.440691353877243,0.6875,0.000554268056930591,0.0022408101458495015,64
post_selector,15,23,6.362628860755581e-05,0.44014866940225766,0.44014866940225766,0.53125,7.644730561650532e-05,5.080527159860629e-05,64
post_selector,24,6,0.0005106548601361264,0.4400890740021227,0.4400890740021227,0.5,0.00041441982966717477,0.0006068898906050782,64
post_selector,30,24,0.0004801148611477184,0.4400205080890353,0.4400205080890353,0.703125,-0.00012441036233213195,0.0010846400846275688,64
post_selector,23,0,0.0007255909413288401,0.4399267060187089,0.4399267060187089,0.59375,0.0010723656723712184,0.0003788162102864615,64
response_mean,25,10,0.0028114390270275,0.43960944696441867,0.43960944696441867,0.65625,0.0025653282773418938,0.003057549776713106,64
post_selector,17,2,-0.002858951069356403,-0.43948590190626363,0.43948590190626363,0.421875,-0.001991150595131328,-0.0037267515435814775,64
post_selector,25,8,0.0002720448828767857,0.43806028799807084,0.43806028799807084,0.65625,0.0003560058758011903,0.00018808388995238104,64
post_selector,22,4,0.0019748024697037025,0.43785710149289503,0.43785710149289503,0.671875,0.001479525475588142,0.0024700794638192625,64
post_selector,0,28,0.003771050276554881,0.4375248028350035,0.4375248028350035,0.578125,0.003471455958788272,0.004070644594321491,64
post_selector,14,14,0.002902981061197347,0.4363485559455535,0.4363485559455535,0.53125,0.0011991692663286813,0.0046067928560660125,64
post_selector,18,1,-0.0027413107054599034,-0.43562405042902913,0.43562405042902913,0.4375,-0.004461663418624078,-0.001020957992295728,64
post_selector,23,2,0.00034481196826161427,0.43532823450508523,0.43532823450508523,0.6875,0.0007296941894309897,-4.007025290776108e-05,64
post_selector,15,22,0.00011156552557166322,0.4331614039922457,0.4331614039922457,0.578125,9.143847501034483e-05,0.00013169257613298164,64
response_mean,26,20,0.00017754435305048408,0.4327325327864993,0.4327325327864993,0.765625,0.00023311104655474472,0.00012197765954622346,64
post_selector,10,7,0.003213755324395591,0.43264712977668596,0.43264712977668596,0.609375,0.0021159812531550276,0.0043115293956361555,64
post_selector,22,17,0.0008058326220634433,0.43227974124664775,0.43227974124664775,0.6875,0.0014664962800452189,0.00014516896408166787,64
post_selector,0,20,-0.0026717754954006445,-0.4321996910701518,0.4321996910701518,0.453125,-0.002433948175166731,-0.002909602815634558,64
post_selector,25,13,0.00028492218098106873,0.43204994655967477,0.43204994655967477,0.625,0.0004158496421950787,0.00015399471976705874,64
post_selector,20,14,0.003031684045708953,0.4308495651338946,0.4308495651338946,0.6875,0.0008838133508106531,0.005179554740607253,64
post_selector,20,3,-0.0019709489388333016,-0.4306645184637934,0.4306645184637934,0.359375,-0.0019075201562372781,-0.002034377721429325,64
post_selector,14,26,0.0002726237844399076,0.4292331416498843,0.4292331416498843,0.671875,0.00018359456407778218,0.00036165300480203304,64
post_selector,32,6,0.0024219719311986175,0.4291297365740512,0.4291297365740512,0.75,0.002480999518411394,0.002362944343985841,64
post_selector,27,31,0.0001278424086876637,0.4278246001248739,0.4278246001248739,0.734375,0.0001457273388041193,0.00010995747857120806,64
post_selector,1,1,0.0010400424912404534,0.4273636585863293,0.4273636585863293,0.484375,0.0013640359020428154,0.0007160490804380917,64
response_mean,24,8,0.001695408977866455,0.4271872212371171,0.4271872212371171,0.5625,-0.0006099292413636838,0.004000747197096594,64
post_selector,28,8,0.00035179867427357334,0.4269819284274207,0.4269819284274207,0.703125,0.00028483169535318403,0.00041876565319396255,64
post_selector,21,20,0.0012565445940708614,0.42635957920831546,0.42635957920831546,0.65625,0.0006605753005715031,0.0018525138875702194,64
post_selector,13,7,0.0009980045547308687,0.42632557306429864,0.42632557306429864,0.5,0.0010528061184231718,0.0009432029910385655,64
post_selector,15,21,4.7195398877859404e-05,0.42617547963804936,0.42617547963804936,0.53125,4.556312211433096e-05,4.882767564138785e-05,64
post_selector,16,24,-0.002719319010793688,-0.42610192805744534,0.42610192805744534,0.453125,-0.0021855898448848027,-0.003253048176702573,64
post_selector,22,2,0.0016763138155511045,0.42555153878513924,0.42555153878513924,0.625,0.0012698644932242968,0.0020827631378779123,64
post_selector,33,20,0.0027135867021570274,0.4246774742535921,0.4246774742535921,0.671875,4.2741598008428044e-05,0.005384431806305627,64
post_selector,13,20,0.00024398114521771873,0.4242816054212113,0.4242816054212113,0.546875,0.0001991150347748696,0.0002888472556605679,64
post_selector,29,16,0.00018604281831357538,0.4240653968002683,0.4240653968002683,0.671875,3.3822771001735765e-05,0.00033826286562541497,64
post_selector,17,17,0.0038799544927314716,0.4211364892118842,0.4211364892118842,0.6875,0.0027444115985417704,0.005015497386921171,64
post_selector,30,19,0.00017526514966447788,0.4203919747729319,0.4203919747729319,0.59375,0.00013238088740762804,0.00021814941192132767,64
post_selector,30,9,0.0018594974703773576,0.4198982199244663,0.4198982199244663,0.875,0.0017296930391239372,0.0019893019016307785,64
post_selector,25,12,0.00010310604318418336,0.41979325925913974,0.41979325925913974,0.609375,0.0001198263501009741,8.638573626739266e-05,64
post_selector,12,27,0.0004782170381076885,0.4177495576481761,0.4177495576481761,0.53125,0.00042833899169637216,0.000528095084519005,64
response_mean,24,30,9.284807197217704e-05,0.4174084978236758,0.4174084978236758,0.6875,-2.145604321412288e-05,0.00020715218715847697,64
post_selector,22,8,0.0012325500447332033,0.4171763165239886,0.4171763165239886,0.640625,0.0011203309150005067,0.0013447691744659,64
post_selector,18,7,-0.0024861087003955574,-0.4170770938213668,0.4170770938213668,0.4375,-0.0028365054895402838,-0.0021357119112508315,64
post_selector,21,23,0.0014456136668741116,0.41671285770927163,0.41671285770927163,0.65625,0.0003558912867447483,0.002535336047003475,64
post_selector,23,3,0.000133217022607813,0.4163556023407398,0.4163556023407398,0.609375,0.0002554136085563863,1.1020436659239714e-05,64
post_selector,6,29,-0.0016870488616404947,-0.41606165489892133,0.41606165489892133,0.390625,-0.0025184301448461874,-0.000855667578434802,64
post_selector,17,9,-0.0025306177267339003,-0.41572958883599376,0.41572958883599376,0.375,-0.002728508377913375,-0.0023327270755544257,64
response_mean,24,23,0.00021112129024911417,0.4146745001840079,0.4146745001840079,0.703125,3.0978277663953774e-05,0.00039126430283427453,64
post_selector,35,24,-0.0008440337512638527,-0.4135718715495685,0.4135718715495685,0.5,-0.0011499138745421082,-0.0005381536279855969,64
post_selector,7,26,0.000506531323480874,0.4132098300283668,0.4132098300283668,0.578125,0.0004538008797680967,0.0005592617671936513,64
post_selector,24,24,0.0010273744810547114,0.4121205491239194,0.4121205491239194,0.609375,0.0013749711579293781,0.0006797778041800449,64
post_selector,17,16,-0.0006473798921433477,-0.4118834148642363,0.4118834148642363,0.390625,-8.105202323350603e-05,-0.0012137077610531895,64
post_selector,32,16,-0.0007749102624074959,-0.41071991798681745,0.41071991798681745,0.421875,-0.0010504563106223822,-0.0004993642141926097,64
post_selector,15,0,-0.0011541561761987335,-0.4092785368267633,0.4092785368267633,0.390625,-0.0016400001186411667,-0.0006683122337563,64
post_selector,16,8,0.0004887487475571126,0.4089539004301103,0.4089539004301103,0.5,0.0005279907327349157,0.0004495067623793094,64
response_mean,23,28,0.0014864642544125508,0.4076958694087797,0.4076958694087797,0.6875,-8.003282528078191e-05,0.0030529613341058835,64
final_prompt,26,26,0.0016179522972379244,0.40528745110756376,0.40528745110756376,0.625,0.0013585185242845862,0.0018773860701912625,64
response_mean,21,18,0.0021182351880497533,0.4050073051630917,0.4050073051630917,0.65625,0.0030186452381713038,0.001217825137928203,64
post_selector,11,9,2.0680565647521673e-05,0.4032041344080051,0.4032041344080051,0.53125,1.566879176806424e-05,2.5692339526979107e-05,64
post_selector,32,28,1.7496175701123372e-05,0.39909844342046974,0.39909844342046974,0.640625,1.7733112741777426e-05,1.725923866046932e-05,64
post_selector,25,30,0.003854208080156246,0.3988628954107455,0.3988628954107455,0.484375,0.0019753595843212783,0.0057330565759912125,64
post_selector,22,22,0.0007765550994917904,0.39843488404284033,0.39843488404284033,0.84375,0.0014366309242177162,0.00011647927476586453,64
response_mean,26,19,0.0008456330303942942,0.39761966416137373,0.39761966416137373,0.609375,0.0008784267345163038,0.0008128393262722847,64
post_selector,2,31,0.0005338538883279292,0.39643841128804014,0.39643841128804014,0.609375,0.0008319514890899753,0.00023575628756588283,64
post_selector,11,29,0.000265336939435182,0.3945703139311584,0.3945703139311584,0.703125,0.0001861629015138302,0.00034451097735653383,64
post_selector,17,5,0.003999262029537926,0.39294516672009044,0.39294516672009044,0.546875,0.0023854868923081,0.005613037166767754,64
post_selector,32,9,0.0013978185488667675,0.39230897409251314,0.39230897409251314,0.671875,0.0019329325368744195,0.0008627045608591156,64
post_selector,34,30,0.00048482346937815787,0.3918415802561634,0.3918415802561634,0.640625,-0.0003384058909432326,0.0013080528296995483,64
post_selector,11,26,0.0007854244577174361,0.3912899039737346,0.3912899039737346,0.703125,0.0008151645997713577,0.0007556843156635144,64
post_selector,16,15,-0.0019031606425414828,-0.391014150567928,0.391014150567928,0.5,-0.0022159334403113466,-0.0015903878447716187,64
response_mean,23,6,0.0002114300961011259,0.39060905185539285,0.39060905185539285,0.625,0.0001844167213675872,0.00023844347083466454,64
final_prompt,24,14,0.0002399445145328908,0.38983232846340976,0.38983232846340976,0.6875,0.0004223745063427287,5.751452272305289e-05,64
response_mean,27,16,0.0012304505744395906,0.38936164277451846,0.38936164277451846,0.59375,0.0005101848801132403,0.0019507162687659408,64
response_mean,28,2,0.0016098530318231408,0.38874058618324575,0.38874058618324575,0.59375,-0.00025694683426988796,0.0034766528979161696,64
response_mean,27,17,0.00020443581433936058,0.3866260702392116,0.3866260702392116,0.671875,3.3099195206870622e-06,0.0004055617091580341,64
post_selector,26,4,-0.0003460117268332237,-0.3844006147497979,0.3844006147497979,0.296875,-0.000565580858165031,-0.00012644259550141662,64
response_mean,24,5,0.0006563878647511824,0.38337975572658767,0.38337975572658767,0.703125,5.995860760785446e-06,0.0013067798687415792,64
post_selector,18,29,-0.0017190741782542134,-0.3833166648255585,0.3833166648255585,0.328125,-0.0015243087982525845,-0.0019138395582558422,64
post_selector,9,27,-0.0007885509812695078,-0.3822758668755743,0.3822758668755743,0.5,-0.0012988269863853906,-0.00027827497615362485,64
response_mean,23,11,0.0010861561356705278,0.38092616299103804,0.38092616299103804,0.625,0.0010114710676134544,0.0011608412037276007,64
post_selector,26,21,4.751482174469245e-05,0.3797954255180654,0.3797954255180654,0.640625,8.202496474039785e-05,1.3004678748987062e-05,64
post_selector,10,15,-0.0006691280891573113,-0.3788061348936829,0.3788061348936829,0.484375,-0.0005588011945292348,-0.0007794549837853877,64
post_selector,31,9,0.0007810616853021192,0.3782147450315601,0.3782147450315601,0.5625,0.00026743302805699474,0.0012946903425472439,64
response_first,26,24,4.592011040926505e-05,0.3780996536179026,0.3780996536179026,0.609375,5.8837884239431336e-05,3.300233657909877e-05,64
post_selector,25,7,0.00025852822636807343,0.3776908243165911,0.3776908243165911,0.5,0.0001243549545506625,0.00039270149818548437,64
response_mean,28,9,0.0009918904843288958,0.377530890283643,0.377530890283643,0.609375,1.7004231267500595e-05,0.001966776737390291,64
post_selector,30,30,-0.00015993247939149327,-0.3768268898743687,0.3768268898743687,0.5,-0.0001688816078058,-0.00015098335097718654,64
post_selector,26,0,-0.000871525622642358,-0.3744481996630647,0.3744481996630647,0.421875,-0.0013787392381345812,-0.0003643120071501347,64
final_prompt,26,24,0.0005407310252394204,0.36983854874109107,0.36983854874109107,0.671875,0.0007862827733333545,0.0002951792771454864,64
post_selector,30,17,0.0012266303328942513,0.3647144690655372,0.3647144690655372,0.75,0.0008583523340348438,0.0015949083317536585,64
post_selector,17,6,-0.0008238825794250963,-0.36458154552463184,0.36458154552463184,0.328125,-0.0011330241977702531,-0.0005147409610799393,64
post_selector,11,11,0.0018487677100438023,0.3624328028482032,0.3624328028482032,0.765625,0.0033530536425132275,0.0003444817775743768,64
response_mean,21,9,0.0007507025350719145,0.36222119960025767,0.36222119960025767,0.5625,0.0005731410080898122,0.0009282640620540167,64
post_selector,2,26,-0.001721448395983322,-0.36212686038304037,0.36212686038304037,0.5,-0.0017340240956400562,-0.0017088726963265875,64
post_selector,24,10,0.000856528327858539,0.3611210757788608,0.3611210757788608,0.515625,0.0009235329544026157,0.0007895237013144625,64
response_first,23,30,0.00020503229450240403,0.3607951254629229,0.3607951254629229,0.640625,0.00017589299613974125,0.00023417159286506678,64
response_first,25,10,0.00034540747378739825,0.3601390737492001,0.3601390737492001,0.640625,0.0004604556015692511,0.00023035934600554547,64
post_selector,9,7,6.802502753088114e-05,0.3588994413801668,0.3588994413801668,0.5,7.91652453244622e-05,5.688480973730008e-05,64
post_selector,18,24,0.0027334042497386716,0.3584408625966353,0.3584408625966353,0.5,0.0015794790961081218,0.003887329403369222,64
post_selector,6,30,0.0011293517200101516,0.3568765959892968,0.3568765959892968,0.625,0.0001002958524622969,0.0021584075875580064,64
post_selector,10,3,0.0002680124052858446,0.35687170298041115,0.35687170298041115,0.484375,0.00026601380341162293,0.0002700110071600662,64
post_selector,23,22,0.0023826289070711893,0.3567110916366216,0.3567110916366216,0.53125,0.0027357775034033624,0.002029480310739016,64
post_selector,32,14,3.197637516904479e-05,0.3551283235317957,0.3551283235317957,0.625,4.0653405221737694e-05,2.3299345116351887e-05,64
post_selector,28,14,0.00040790548109725184,0.35468449506855176,0.35468449506855176,0.5625,0.0005571355441134037,0.0002586754180811001,64
post_selector,24,1,9.347474605191247e-05,0.35446732425354727,0.35446732425354727,0.578125,7.812253659266708e-05,0.00010882695551115787,64
response_first,24,12,0.00018666427831702683,0.3531143792863295,0.3531143792863295,0.640625,0.0002784618518489589,9.486670478509474e-05,64
post_selector,29,10,0.006847735502105897,0.3522418338133425,0.3522418338133425,0.859375,0.008189258505808514,0.00550621249840328,64
post_selector,29,21,0.00015650591092252592,0.35054637523147386,0.35054637523147386,0.5625,7.225449303405114e-05,0.00024075732881100072,64
post_selector,27,14,0.0002814683573433153,0.3501616860942721,0.3501616860942721,0.671875,-7.829156857040659e-05,0.0006412282832570371,64
response_mean,25,24,0.00030901937145698676,0.3499745094945082,0.3499745094945082,0.625,0.0004785820003689737,0.0001394567425449998,64
post_selector,1,6,0.0004837924570892844,0.3493274527757109,0.3493274527757109,0.640625,3.850537905236134e-05,0.0009290795351262074,64
post_selector,31,12,0.0003552810458131495,0.3484355227628773,0.3484355227628773,0.65625,0.0004603829693223624,0.0002501791223039367,64
response_mean,24,16,0.003005388800374922,0.3469830448833699,0.3469830448833699,0.59375,0.0022228590023587345,0.003787918598391111,64
post_selector,6,10,0.00024025809534576904,0.34568296811939975,0.34568296811939975,0.59375,-2.4413243409062476e-05,0.0005049294341006006,64
response_mean,22,4,0.0037851064043934405,0.3448186365501642,0.3448186365501642,0.609375,0.002040051356743796,0.005530161452043084,64
post_selector,16,6,0.0014436080637096906,0.34392380065214867,0.34392380065214867,0.5,0.00040045419154922197,0.0024867619358701597,64
post_selector,8,12,-9.424094167797784e-05,-0.343150844186797,0.343150844186797,0.5,-0.00010862964757051585,-7.985223578543983e-05,64
response_mean,23,31,0.0012937161270656218,0.34294521247252935,0.34294521247252935,0.625,-0.0005852943713762079,0.0031727266255074517,64
post_selector,28,13,0.00020401918823152095,0.3422873366345064,0.3422873366345064,0.6875,0.00035128562285532614,5.675275360771578e-05,64
post_selector,28,22,0.00041754254380065806,0.3421347923539174,0.3421347923539174,0.59375,0.00046589221165048666,0.0003691928759508294,64
post_selector,26,23,0.00019359905491000138,0.340855757096898,0.340855757096898,0.65625,0.0002762197359515786,0.00011097837386842416,64
post_selector,18,14,0.0024140243986039327,0.33981379698784836,0.33981379698784836,0.578125,0.002014613113715303,0.002813435683492562,64
response_mean,24,4,0.00035160868810634236,0.33859590430600717,0.33859590430600717,0.625,-9.78812950052006e-05,0.0008010986712178852,64
response_mean,23,13,0.0028282268413022194,0.3380179569937586,0.3380179569937586,0.671875,0.00010832035331985695,0.005548133329284581,64
post_selector,22,0,0.0018552281144366078,0.33670001439588176,0.33670001439588176,0.53125,0.0003116295847576064,0.0033988266441156096,64
post_selector,30,15,0.0015765054176881703,0.33664719557051,0.33664719557051,0.5,0.002587326942375522,0.0005656838930008187,64
post_selector,23,9,-0.0019140050389978452,-0.3366404982697854,0.3366404982697854,0.359375,-0.0017954530994757018,-0.002032556978519989,64
post_selector,8,19,0.0010856930421141477,0.33649758262083856,0.33649758262083856,0.5,0.0017564478257554562,0.0004149382584728387,64
post_selector,0,24,-0.002577477411250586,-0.33633315812602066,0.33633315812602066,0.5,-0.0025870220997603662,-0.002567932722740806,64
post_selector,13,16,0.0017777397961253804,0.3344135487213156,0.3344135487213156,0.640625,0.00044908675045008447,0.0031063928418006764,64
post_selector,8,13,0.0004892588290204005,0.3343771633588107,0.3343771633588107,0.5,0.0007120665659385813,0.00026645109210221964,64
post_selector,10,11,-0.00011622214287853531,-0.3336088178875678,0.3336088178875678,0.46875,-0.00011783000809372394,-0.00011461427766334671,64
post_selector,9,26,-0.0005090866479804322,-0.3318374026707906,0.3318374026707906,0.453125,-0.0007129410641937269,-0.0003052322317671375,64
post_selector,15,27,3.3308259901325634e-05,0.33099764893754846,0.33099764893754846,0.546875,1.695356218078466e-05,4.9662957621866603e-05,64
post_selector,8,2,0.00014316772239907706,0.32997757220011253,0.32997757220011253,0.5625,0.00016542463254154178,0.00012091081225661236,64
post_selector,14,22,4.387974206564633e-05,0.3275105811566447,0.3275105811566447,0.625,3.2717516887708035e-05,5.5041967243584635e-05,64
post_selector,17,30,6.0448002500371236e-05,0.32714176983347043,0.32714176983347043,0.65625,9.694465052233453e-05,2.3951354478407932e-05,64
response_first,26,27,0.0002811489532632375,0.32692418728196043,0.32692418728196043,0.59375,0.0005499889568909357,1.2308949635539317e-05,64
post_selector,26,7,0.0011529865896591149,0.3249695728565314,0.3249695728565314,0.546875,0.0015793259590281936,0.0007266472202900357,64
post_selector,14,30,-0.0003526508539835047,-0.32437059170207017,0.32437059170207017,0.5,-0.0005286490977596156,-0.00017665261020739374,64
final_prompt,24,26,0.0008130223668558678,0.323499292110882,0.323499292110882,0.625,-0.00025916789672919587,0.0018852126304409315,64
response_first,26,31,0.00015929125743239847,0.32238401811896117,0.32238401811896117,0.671875,0.0003110299376203084,7.552577244488542e-06,64
post_selector,0,21,0.002463924382027467,0.32216037448239626,0.32216037448239626,0.5,0.0022767215923522595,0.002651127171702675,64
post_selector,27,29,0.0004915808235637011,0.3217369393964041,0.3217369393964041,0.53125,0.0008918164912756672,9.1345155851735e-05,64
post_selector,14,12,0.0009474169328313977,0.3212737596339307,0.3212737596339307,0.5,0.0001942909475474142,0.0017005429181153812,64
post_selector,10,2,-0.00034726217927528004,-0.3209488027732083,0.3209488027732083,0.515625,-0.0004431560601006,-0.00025136829844996014,64
post_selector,8,28,3.8623962872463835e-06,0.3208503628860691,0.3208503628860691,0.65625,6.571852829040381e-06,1.152939745452386e-06,64
post_selector,12,21,-4.5024306018589146e-05,-0.3197849665601573,0.3197849665601573,0.40625,-7.623816077282719e-05,-1.3810451264351099e-05,64
post_selector,29,18,0.00013783565736956937,0.3194970608607631,0.3194970608607631,0.640625,3.7414210964932296e-06,0.00027192989364264547,64
post_selector,8,22,0.00044188772335473247,0.3191181218583536,0.3191181218583536,0.625,0.0001635681437619465,0.0007202073029475184,64
post_selector,25,17,0.0005070025158602218,0.3182760790766278,0.3182760790766278,0.5,0.00029946763424959375,0.00071453739747085,64
response_mean,24,9,0.000174972529947575,0.31729419377313783,0.31729419377313783,0.671875,-2.4517514191294234e-05,0.0003744625740864442,64
post_selector,0,12,0.002375844185735339,0.31690875180183165,0.31690875180183165,0.484375,0.0001059787391568688,0.004645709632313809,64
response_mean,21,24,0.000994072031744504,0.31434285675247137,0.31434285675247137,0.5625,0.0018892523771682859,9.889168632072214e-05,64
response_mean,25,9,0.0003471520553830411,0.314263188102542,0.314263188102542,0.65625,-1.2399590559637882e-05,0.00070670370132572,64
post_selector,3,15,0.005778559585451139,0.31390200298772997,0.31390200298772997,0.578125,0.008999072761071149,0.002558046409831128,64
post_selector,18,23,-0.0014238013845897547,-0.3133956204421912,0.3133956204421912,0.484375,-0.0005806551562273,-0.0022669476129522094,64
post_selector,13,17,-0.0010844379603440605,-0.3129534519823441,0.3129534519823441,0.296875,-0.001530910045403275,-0.0006379658752848459,64
post_selector,17,26,-0.0019281334534753042,-0.31271549349443206,0.31271549349443206,0.453125,-0.00283469966234405,-0.0010215672446065589,64
post_selector,34,14,-0.00012006952192676551,-0.31044523471980384,0.31044523471980384,0.359375,-0.00024159388522090845,1.4548413673774377e-06,64
post_selector,14,2,0.00011399923141652428,0.309656654672859,0.309656654672859,0.546875,9.494230425843872e-05,0.0001330561585746099,64
response_first,24,14,0.00011220648741526123,0.30953479903609954,0.30953479903609954,0.640625,4.772241254612116e-05,0.0001766905622844013,64
response_mean,25,11,0.0011834146198452737,0.308301301044855,0.308301301044855,0.609375,-0.001071317354217146,0.0034381465939076943,64
post_selector,16,31,0.0021205528391874382,0.30809229181858594,0.30809229181858594,0.546875,0.0030827904411125885,0.0011583152372622873,64
post_selector,31,19,0.0011879632966156307,0.30682902479896934,0.30682902479896934,0.53125,0.0016471508188260426,0.0007287757744052187,64
post_selector,24,9,0.00038909443401279975,0.30659362121744776,0.30659362121744776,0.515625,0.0001903434313135219,0.0005878454367120776,64
response_mean,23,29,-0.00014829577577301218,-0.3060573660596835,0.3060573660596835,0.421875,-0.00021641416981309848,-8.017738173292591e-05,64
post_selector,7,14,-0.0005937719797657234,-0.3051097280414025,0.3051097280414025,0.453125,-0.0006748153755324751,-0.0005127285839989718,64
response_mean,25,26,0.0021119896855452563,0.3048864174791081,0.3048864174791081,0.625,0.004288176445697867,-6.419707460735417e-05,64
post_selector,28,29,0.00014988324176101677,0.3029660920327188,0.3029660920327188,0.46875,0.00019639547645055667,0.00010337100707147685,64
response_mean,22,11,0.0004693122773460241,0.3027290881055793,0.3027290881055793,0.5625,0.0003402368201932247,0.0005983877344988236,64
post_selector,2,8,0.0013547199450840625,0.3017298024446639,0.3017298024446639,0.640625,0.00024666322860867186,0.002462776661559453,64
post_selector,6,16,-0.001394925217027759,-0.3017078365081784,0.3017078365081784,0.359375,-0.001130490505602206,-0.0016593599284533125,64
response_mean,22,5,0.0025605965593058387,0.3011633181363335,0.3011633181363335,0.640625,0.0019248517528467155,0.0031963413657649623,64
response_first,26,20,9.115676164128338e-06,0.30096816812358035,0.30096816812358035,0.5625,2.017369121176604e-05,-1.9423388835093647e-06,64
post_selector,17,3,0.00866148226486985,0.30088689079270603,0.30088689079270603,0.5,0.007045386446407068,0.01027757808333263,64
response_mean,21,11,0.0010430594182935264,0.30077570090701633,0.30077570090701633,0.5625,-0.00011145996245430197,0.0021975787990413547,64
response_first,24,15,1.916576313476403e-05,0.30061580806428034,0.30061580806428034,0.640625,3.2774931810310154e-05,5.556594459217903e-06,64
final_prompt,24,15,0.00028745082863678784,0.30037262874097326,0.30037262874097326,0.578125,0.0006730928553224434,-9.81911980488676e-05,64
post_selector,28,12,0.0012019617633995767,0.299932366985852,0.299932366985852,0.625,0.0006745532755303188,0.0017293702512688346,64
post_selector,15,18,7.475234559705009e-05,0.2987014387693822,0.2987014387693822,0.578125,8.000339153112321e-05,6.950129966297697e-05,64
post_selector,31,23,-0.0002809838874782164,-0.2973531868787221,0.2973531868787221,0.515625,-0.00042267912158422156,-0.00013928865337221137,64
response_mean,23,4,4.988117891002161e-05,0.29690627256644475,0.29690627256644475,0.578125,-1.774207194670675e-05,0.00011750442976674998,64
post_selector,30,28,-0.00012053320790528139,-0.29670628174992847,0.29670628174992847,0.515625,-0.00018123636118616261,-5.983005462440018e-05,64
final_prompt,25,10,0.0016742708849051154,0.29586508333877043,0.29586508333877043,0.625,0.0012580725851876122,0.0020904691846226186,64
post_selector,17,23,0.00033795044419092195,0.2953907344025044,0.2953907344025044,0.703125,4.624885696101296e-05,0.0006296520314208311,64
post_selector,17,19,0.00091089166744495,0.2952290478654454,0.2952290478654454,0.5625,0.0011352319052093593,0.0006865514296805406,64
post_selector,12,13,0.00415626559697557,0.29163573210736066,0.29163573210736066,0.546875,0.003565290546248437,0.004747240647702704,64
post_selector,16,0,-0.0007312749985430677,-0.2915940031364282,0.2915940031364282,0.390625,-0.0009835481687332343,-0.0004790018283529011,64
post_selector,33,21,0.0019428087507549234,0.29102845212623846,0.29102845212623846,0.5,0.0026543034473434125,0.0012313140541664342,64
post_selector,2,19,0.0023353199576376924,0.29096994478901506,0.29096994478901506,0.578125,0.00047522793465760624,0.004195411980617778,64
post_selector,23,16,0.000353352453203099,0.29038200835798167,0.29038200835798167,0.625,0.00016921723636185483,0.0005374876700443433,64
post_selector,10,27,0.0006359037847687343,0.2902613524808772,0.2902613524808772,0.515625,0.0007462714347639032,0.0005255361347735656,64
post_selector,7,11,-0.00019159579278494178,-0.28942394122546067,0.28942394122546067,0.46875,-8.914356749302386e-05,-0.00029404801807685966,64
post_selector,10,13,0.004268895143468393,0.28735191362970225,0.28735191362970225,0.5,0.003084397452767007,0.005453392834169781,64
post_selector,34,28,0.0007535527138315867,0.28695797382744903,0.28695797382744903,0.609375,-0.0009643998091632745,0.002471505236826448,64
response_first,23,13,8.555895840344345e-05,0.28650125767297724,0.28650125767297724,0.609375,4.333149036028242e-05,0.0001277864264466045,64
post_selector,15,12,0.0020583768637152454,0.28601855867529846,0.28601855867529846,0.5,0.001020080373564281,0.0030966733538662096,64
response_mean,21,8,0.0006273372487157688,0.2841154999395156,0.2841154999395156,0.578125,-0.00030803250410826275,0.0015627070015398004,64
response_first,25,24,5.510048538326373e-06,0.2839323691232359,0.2839323691232359,0.578125,1.4279521280968765e-05,-3.2594242043160193e-06,64
post_selector,27,4,0.00023785602934367595,0.28349342685973833,0.28349342685973833,0.5,0.0002891247995648904,0.0001865872591224615,64
post_selector,25,31,-0.0006030979948263796,-0.2828709111437283,0.2828709111437283,0.484375,-0.0008070443618635124,-0.00039915162778924684,64
post_selector,20,6,0.0005748421781390811,0.28071451050681523,0.28071451050681523,0.515625,4.429261207406873e-05,0.0011053917442040934,64
response_mean,21,19,0.00033266454602197886,0.2804512591570541,0.2804512591570541,0.5625,0.0009132439708991751,-0.00024791487885521735,64
post_selector,32,4,0.000377595722056852,0.2799561139393085,0.2799561139393085,0.625,0.00010556664710747588,0.0006496247970062283,64
response_mean,25,8,0.0009792147175175965,0.27961747613329285,0.27961747613329285,0.609375,-0.0003589293282857252,0.002317358763320918,64
response_mean,29,6,0.0004955515009896637,0.27818394367981836,0.27818394367981836,0.625,-0.00035300157924210375,0.0013441045812214313,64
post_selector,22,6,0.0021296302074915703,0.277595549749598,0.277595549749598,0.53125,0.000989421765552825,0.0032698386494303157,64
post_selector,20,19,0.0006095857206673834,0.2773165477982136,0.2773165477982136,0.5625,0.00023572735881316348,0.0009834440825216033,64
post_selector,13,22,0.000527029877275709,0.27721654054313016,0.27721654054313016,0.5,0.00023962465365912503,0.0008144351008922929,64
post_selector,24,2,0.00029828867536706995,0.2768368160696318,0.2768368160696318,0.59375,-0.000425184202867936,0.001021761553602076,64
post_selector,25,16,0.00016484834554829868,0.2767976790283291,0.2767976790283291,0.625,5.221170204094531e-05,0.00027748498905565204,64
post_selector,7,10,0.00012157834044044678,0.276549259518652,0.276549259518652,0.703125,8.5945362116019e-05,0.00015721131876487456,64
post_selector,7,21,0.00024051492027865113,0.27638194993574533,0.27638194993574533,0.578125,0.0004134462897127304,6.758355084457187e-05,64
post_selector,23,18,3.911923073472784e-05,0.27433867174890547,0.27433867174890547,0.59375,4.032530421225996e-05,3.791315725719574e-05,64
post_selector,26,11,0.00014191286589948222,0.2731861082253109,0.2731861082253109,0.5,3.3245533472845866e-05,0.0002505801983261185,64
post_selector,9,2,-0.0003244920135330072,-0.27315737673619483,0.27315737673619483,0.4375,2.015873178602706e-06,-0.000650999900244617,64
final_prompt,21,19,6.523459143180362e-05,0.27293679714402663,0.27293679714402663,0.546875,0.00019106937588727783,-6.060019302367059e-05,64
post_selector,25,28,0.000988091645922397,0.27153428930131124,0.27153428930131124,0.5,0.00027033775040764054,0.001705845541437153,64
post_selector,9,22,-0.0019273119469289646,-0.27094991949148234,0.27094991949148234,0.4375,-0.0029802629869664036,-0.0008743609068915252,64
post_selector,30,6,0.0013664491505096374,0.27091468116012,0.27091468116012,0.703125,0.0018038953749055565,0.0009290029261137184,64
response_first,24,29,6.029504044135356e-05,0.2706163156056082,0.2706163156056082,0.625,-6.510169714600932e-05,0.0001856917780287164,64
post_selector,8,10,0.000549717045032589,0.2702067654381626,0.2702067654381626,0.5,0.0005497233905771249,0.0005497106994880531,64
response_mean,24,0,2.2874508204036435e-05,0.2697368175964874,0.2697368175964874,0.5625,-9.569848288035933e-06,5.53188646961088e-05,64
post_selector,32,20,6.401015463096478e-05,0.26959585353495114,0.26959585353495114,0.5,3.0357342268401173e-05,9.766296699352838e-05,64
post_selector,21,17,-0.0015526293937000424,-0.2676518411278212,0.2676518411278212,0.46875,-0.0011279650498181564,-0.0019772937375819285,64
post_selector,1,23,-0.003462951048277314,-0.26755690870377064,0.26755690870377064,0.484375,-0.002519330155337216,-0.004406571941217413,64
post_selector,34,11,-2.685518677480267e-05,-0.2675427714622196,0.2675427714622196,0.375,-4.053002407999057e-05,-1.3180349469614768e-05,64
response_mean,25,31,-0.00020284797437852595,-0.2671388157551636,0.2671388157551636,0.484375,-0.00033082505979109566,-7.487088896595626e-05,64
response_mean,23,5,8.99327110914694e-05,0.26664381926419106,0.26664381926419106,0.578125,-3.552210819179284e-05,0.00021538753037473162,64
post_selector,31,11,0.00026830793558473546,0.26490775439883374,0.26490775439883374,0.59375,5.8234323660143756e-05,0.0004783815475093271,64
post_selector,26,1,-0.0007072562966641187,-0.26459378190529614,0.26459378190529614,0.421875,0.00010544680480962222,-0.0015199593981378595,64
response_first,26,26,0.0002997921766620802,0.26403726388311927,0.26403726388311927,0.625,0.00048137302621852117,0.00011821132710563918,64
post_selector,21,26,0.001227200069479294,0.2640165322891822,0.2640165322891822,0.515625,0.0008339062442246313,0.0016204938947339564,64
post_selector,21,13,0.0003293435178193195,0.26274968405124355,0.26274968405124355,0.625,0.0004980509522738497,0.00016063608336478933,64
post_selector,24,20,0.00013371303293751061,0.2626857134848967,0.2626857134848967,0.578125,-8.758137482799846e-05,0.00035500744070301966,64
post_selector,18,21,-0.002986401515954632,-0.2623974134247381,0.2623974134247381,0.453125,-0.005191376782022403,-0.0007814262498868603,64
post_selector,28,15,0.0008782906006672376,0.26218623153513687,0.26218623153513687,0.53125,0.0013280805796966875,0.0004285006216377875,64
post_selector,3,13,-0.0012015142165182598,-0.2620625494935266,0.2620625494935266,0.46875,-0.0024646487290738137,6.162029603729371e-05,64
response_mean,26,28,0.0002727007295106733,0.26192450600624,0.26192450600624,0.609375,0.00026230543289782187,0.0002830960261235246,64
post_selector,28,10,0.00030841785701338947,0.2614573345986386,0.2614573345986386,0.671875,0.00018161244770452812,0.0004352232663222508,64
post_selector,14,3,5.79435004510677e-05,0.26145565994815406,0.26145565994815406,0.53125,4.387039439279214e-05,7.201660650934329e-05,64
response_mean,28,0,0.00023343345452531058,0.2612006095556449,0.2612006095556449,0.53125,-0.0002275360956786941,0.0006944030047293152,64
response_mean,26,22,4.177117801872743e-05,0.2609254481623473,0.2609254481623473,0.546875,-1.2157505011599796e-05,9.569986104905465e-05,64
response_mean,21,30,0.0005082045354356467,0.26081970207627364,0.26081970207627364,0.578125,0.00011261240979364998,0.0009037966610776435,64
post_selector,14,31,0.0014806723083893262,0.2607866074186079,0.2607866074186079,0.53125,0.0005784745662822392,0.0023828700504964126,64
post_selector,7,7,1.1697554819220602e-05,0.26041518483328935,0.26041518483328935,0.46875,1.0982686447390227e-05,1.2412423191050976e-05,64
post_selector,3,9,0.0007650136940355776,0.2602137439674144,0.2602137439674144,0.625,-0.0002051819101325227,0.001735209298203678,64
post_selector,27,17,0.00023968447976583862,0.2595814059217388,0.2595814059217388,0.65625,0.00024243640109487065,0.00023693255843680654,64
post_selector,32,31,0.00016754137573115783,0.25949043917152037,0.25949043917152037,0.5,7.044419135126877e-05,0.0002646385601110469,64
post_selector,31,27,3.736125199793208e-05,0.259357995674927,0.259357995674927,0.625,5.182724623863451e-05,2.289525775722964e-05,64
post_selector,8,18,0.0014665590879303577,0.2584830653295713,0.2584830653295713,0.5,0.0021662371873389877,0.0007668809885217281,64
post_selector,19,24,0.000623208009528747,0.25827634862197224,0.25827634862197224,0.53125,0.0009752481719260625,0.00027116784713143114,64
post_selector,14,16,0.0008478616491629453,0.2577355383715365,0.2577355383715365,0.515625,0.0009959422841347937,0.0006997810141910971,64
response_first,24,13,5.8551548633544244e-05,0.25614059932975125,0.25614059932975125,0.578125,-3.502635661332995e-05,0.00015212945388041842,64
post_selector,9,14,-0.0008500800686306237,-0.2558091694081586,0.2558091694081586,0.421875,-0.0003658475034171658,-0.0013343126338440814,64
post_selector,23,1,0.001140073993155957,0.2557050468989289,0.2557050468989289,0.53125,0.0016958685337158264,0.0005842794525960876,64
post_selector,16,5,0.0004893324939985156,0.2549132462594113,0.2549132462594113,0.546875,0.00035036063309235315,0.000628304354904678,64
post_selector,14,4,-0.002332687658054047,-0.254099268891146,0.254099268891146,0.46875,-0.0013986930862301813,-0.0032666822298779118,64
post_selector,0,18,0.003867544503009411,0.2536404210659942,0.2536404210659942,0.5,0.003124541050056,0.004610547955962822,64
post_selector,28,9,0.00024326909772297994,0.25348646141324876,0.25348646141324876,0.671875,-0.0002526847301851234,0.0007392229256310833,64
response_mean,27,28,0.00034020690054602546,0.2526361981567761,0.2526361981567761,0.546875,0.0002815146945067638,0.00039889910658528696,64
post_selector,1,3,-0.002040814171778031,-0.2523047768404041,0.2523047768404041,0.46875,-0.0026186102768406124,-0.00146301806671545,64
post_selector,0,31,0.0029844591354049117,0.2515955572463498,0.2515955572463498,0.53125,0.0020758659520652284,0.0038930523187445947,64
post_selector,25,18,5.0830155373647894e-05,0.2511391590552477,0.2511391590552477,0.5,2.1549082987336045e-05,8.011122775995974e-05,64
post_selector,23,27,0.00018382732696408272,0.2510561244224255,0.2510561244224255,0.578125,0.0003328072034491769,3.484745047898845e-05,64
post_selector,24,22,0.00036808882941839326,0.25100892814596987,0.25100892814596987,0.671875,0.0005523634772543804,0.00018381418158240626,64
post_selector,14,27,0.0026822600884770418,0.25064585303811604,0.25064585303811604,0.578125,0.0025554914973326868,0.002809028679621397,64
post_selector,7,2,0.00044359557887218545,0.250586627421655,0.250586627421655,0.53125,0.0002937873832706804,0.0005934037744736907,64
post_selector,13,11,2.789140798853096e-05,0.24987703800553313,0.24987703800553313,0.546875,3.916533135850061e-05,1.661748461856131e-05,64
post_selector,30,10,9.449568096897134e-05,0.2488944744173377,0.2488944744173377,0.5625,0.00010039075232270715,8.86006096152355e-05,64
post_selector,7,6,2.6534116889463966e-05,0.24771167962509025,0.24771167962509025,0.390625,1.1657791961996862e-05,4.1410441816931075e-05,64
post_selector,35,17,0.0015948137479426844,0.24758579875161946,0.24758579875161946,0.5,0.0018927657074527904,0.0012968617884325782,64
post_selector,6,27,-0.00014571394240191953,-0.24740976156201314,0.24740976156201314,0.40625,-0.00014781638037674775,-0.00014361150442709125,64
response_mean,24,1,1.766311589790106e-05,0.24720894892424386,0.24720894892424386,0.65625,2.6235689631444953e-05,9.090542164357176e-06,64
post_selector,28,20,6.164516082662246e-05,0.2466920484335064,0.2466920484335064,0.625,-2.576714496170817e-05,0.00014905746661495308,64
post_selector,13,1,0.00401379083632491,0.24653398441529534,0.24653398441529534,0.53125,0.004666672772145828,0.0033609089005039914,64
post_selector,21,2,0.0003501996279737776,0.24631024003231,0.24631024003231,0.484375,0.0004941753377352138,0.0002062239182123415,64
response_mean,23,14,0.0007067574750862936,0.24584560054612042,0.24584560054612042,0.625,7.958944661366432e-05,0.0013339255035589228,64
post_selector,15,10,0.0001367367349303091,0.24554435293512328,0.24554435293512328,0.515625,6.525568460347758e-05,0.00020821778525714063,64
post_selector,12,6,0.0010758943717519313,0.2443504504993498,0.2443504504993498,0.53125,0.0002587082417449032,0.0018930805017589596,64
post_selector,5,4,0.0007121643243408533,0.24349604825866158,0.24349604825866158,0.5,0.0015345655478995412,-0.00011023689921783434,64
response_mean,24,6,1.5082502727633677e-05,0.24305354976138857,0.24305354976138857,0.609375,-7.879590725677223e-06,3.804459618094458e-05,64
post_selector,34,23,0.0001548565614939422,0.24249871278082527,0.24249871278082527,0.53125,6.493585715360787e-05,0.00024477726583427647,64
response_mean,28,8,0.00030387012003529266,0.2423237010667515,0.2423237010667515,0.546875,4.612089685453271e-05,0.0005616193432160525,64
post_selector,1,9,0.0015528075273323373,0.24221624605118422,0.24221624605118422,0.546875,0.0016730665302020595,0.0014325485244626153,64
final_prompt,24,5,1.1064909863022376e-05,0.2414929742178899,0.2414929742178899,0.625,3.5538490550352496e-06,1.85759706710095e-05,64
post_selector,35,2,0.00026732604146673437,0.24111213023120018,0.24111213023120018,0.5,0.00016512711590622184,0.0003695249670272469,64
post_selector,26,15,0.0047999290454754165,0.23967919685687764,0.23967919685687764,0.6875,-0.0013154509979358437,0.010915309088886677,64
response_mean,26,17,0.0002773542445311141,0.23830806480776032,0.23830806480776032,0.625,-0.00023277920331565008,0.0007874876923778782,64
post_selector,23,17,0.0003551959139258584,0.23818514206639152,0.23818514206639152,0.5,0.00023020634580462292,0.0004801854820470937,64
post_selector,16,14,0.001192149855341989,0.23767385040122416,0.23767385040122416,0.5625,0.0004837077067350093,0.0019005920039489687,64
post_selector,3,17,0.0002829876007126394,0.23746954175512994,0.23746954175512994,0.640625,6.034582020218267e-05,0.0005056293812230963,64
post_selector,0,30,0.002777350387987098,0.23745850181953893,0.23745850181953893,0.5,0.001174567878479142,0.004380132897495054,64
response_mean,20,13,0.0002906343088397847,0.23740122036427802,0.23740122036427802,0.65625,-0.00028170338237031684,0.0008629720000498862,64
post_selector,0,14,-0.0017191855877172263,-0.23709981850135098,0.23709981850135098,0.53125,-0.0006209526327438688,-0.0028174185426905842,64
post_selector,17,21,-5.638705874843378e-05,-0.23646947413327024,0.23646947413327024,0.34375,-7.201415633061705e-05,-4.07599611662505e-05,64
post_selector,1,22,-0.004895733509329148,-0.23603161375691734,0.23603161375691734,0.5,-0.005806386820040637,-0.0039850801986176555,64
response_mean,23,26,8.103516393020218e-05,0.23599503791601786,0.23599503791601786,0.6875,0.00019872770371874376,-3.665737585833939e-05,64
post_selector,21,14,0.00043026710272898127,0.2355906670002194,0.2355906670002194,0.5,0.00017372645197611877,0.0006868077534818438,64
final_prompt,21,31,1.4820768456046093e-05,0.2353217072583654,0.2353217072583654,0.53125,2.9214429446253113e-05,4.2710746583907166e-07,64
post_selector,9,3,0.0002001403472604583,0.2352362976230754,0.2352362976230754,0.515625,0.0002091529750032385,0.0001911277195176781,64
post_selector,21,21,-0.0005660867118422103,-0.23470654918577055,0.23470654918577055,0.453125,-9.653664892539564e-05,-0.0010356367747590249,64
response_mean,27,15,0.0002120455769727357,0.23448455048883288,0.23448455048883288,0.53125,-0.0004145585662626813,0.0008386497202081528,64
post_selector,23,25,0.0005512200841621943,0.23370216833466548,0.23370216833466548,0.5,0.0011316562886349887,-2.921612031060001e-05,64
post_selector,12,19,4.9787385933083197e-05,0.23284434410216767,0.23284434410216767,0.546875,2.8267339530429128e-05,7.130743233573727e-05,64
post_selector,14,5,0.0006447394916904003,0.2319771564698612,0.2319771564698612,0.609375,0.00016138927094288234,0.0011280897124379182,64
post_selector,24,18,-0.0005103395833430033,-0.23122863865610918,0.23122863865610918,0.421875,-0.0008211370368371563,-0.00019954212984885046,64
response_mean,23,15,0.0009154587815487429,0.230929108230208,0.230929108230208,0.5625,-0.00034491955511838687,0.0021758371182158728,64
response_mean,21,25,0.0007323971181563125,0.23039414970287195,0.23039414970287195,0.5625,0.00037304998784292283,0.001091744248469702,64
post_selector,20,18,0.0004868879514106129,0.22985699880186825,0.22985699880186825,0.46875,0.0007917223338154134,0.00018205356900581252,64
response_mean,24,10,7.865920326820577e-05,0.22880516301964904,0.22880516301964904,0.578125,-6.314432312137671e-06,0.0001636328388485492,64
response_mean,22,0,0.0007072813295962931,0.22818916915459486,0.22818916915459486,0.53125,-6.0893476984340576e-05,0.0014754561361769267,64
response_mean,29,5,0.0003651943998193006,0.2281705450281414,0.2281705450281414,0.515625,-0.0008091026757028455,0.0015394914753414468,64
post_selector,8,8,-0.0004182594566373172,-0.22745340428005506,0.22745340428005506,0.5,-0.0005253075378277563,-0.00031121137544687805,64
response_first,25,11,0.00015142235338316012,0.22706840773671955,0.22706840773671955,0.578125,-8.917767763704814e-05,0.0003920223844033684,64
final_prompt,24,16,0.000756679435653488,0.22666249948588918,0.22666249948588918,0.640625,0.0021747877981397098,-0.0006614289268327339,64
post_selector,34,12,-0.00016689990036411386,-0.22663067978993837,0.22663067978993837,0.4375,-7.919318181847297e-05,-0.00025460661890975477,64
post_selector,18,19,0.002904195460359909,0.22653040082425796,0.22653040082425796,0.5,0.0022518360601679814,0.0035565548605518372,64
final_prompt,24,11,3.6532737794907297e-05,0.2264950797610235,0.2264950797610235,0.609375,9.503401929576485e-05,-2.196854370595027e-05,64
response_first,24,30,2.049223233768771e-06,0.2264059374197037,0.2264059374197037,0.5625,2.4659079933542216e-06,1.6325384741833204e-06,64
final_prompt,23,10,0.0007797938533258147,0.22534703974522308,0.22534703974522308,0.578125,0.0010439046418468764,0.0005156830648047531,64
post_selector,28,17,0.0012378208666632413,0.22452783313910582,0.22452783313910582,0.53125,0.0013288332120282515,0.0011468085212982314,64
post_selector,7,5,0.0002314423199720765,0.22422653030018994,0.22422653030018994,0.515625,0.00036576914379792154,9.711549614623143e-05,64
response_first,24,31,4.0023212704906415e-05,0.22417761686274676,0.22417761686274676,0.609375,1.822320632527451e-05,6.18232190845383e-05,64
final_prompt,25,31,-6.425774745365805e-05,-0.22323705160023302,0.22323705160023302,0.375,5.680642061633362e-05,-0.00018532191552364974,64
post_selector,19,16,-0.002071050628728698,-0.2222160716160455,0.2222160716160455,0.484375,-0.004114530500373798,-2.7570757083599136e-05,64
post_selector,30,3,-0.00011354685307196717,-0.22149041567502786,0.22149041567502786,0.453125,-0.0002000709118874416,-2.70227942564927e-05,64
post_selector,25,15,0.0005284291373754933,0.22085464313216294,0.22085464313216294,0.59375,0.0005204045228310804,0.0005364537519199062,64
post_selector,14,15,-0.001450552743335714,-0.22066901174148026,0.22066901174148026,0.5,-0.0019877537852153,-0.0009133517014561281,64
post_selector,15,28,7.336658359235732e-05,0.22038618335141974,0.22038618335141974,0.59375,9.049487880474443e-05,5.6238288379970185e-05,64
final_prompt,21,26,2.357650359385593e-05,0.2201280283161883,0.2201280283161883,0.59375,4.969315290281331e-05,-2.5401457151014444e-06,64
post_selector,33,24,0.0002934517751782513,0.2191284300377634,0.2191284300377634,0.53125,0.0003011852841154829,0.0002857182662410196,64
post_selector,9,13,-0.0005518611123989102,-0.21846014137953124,0.21846014137953124,0.5,-0.0004221634517307429,-0.0006815587730670774,64
post_selector,11,18,0.0010625319737300751,0.21836125565899797,0.21836125565899797,0.5,0.000988326382866953,0.001136737564593197,64
final_prompt,24,9,2.123916021901072e-05,0.21831259898909083,0.21831259898909083,0.59375,3.6207337643638594e-05,6.270982794382844e-06,64
post_selector,14,24,0.0004833885222978966,0.2175736519464983,0.2175736519464983,0.5625,0.0003734618057933418,0.0005933152388024514,64
post_selector,14,21,8.672744445448535e-05,0.2175313475045285,0.2175313475045285,0.5,4.042494128953437e-05,0.0001330299476194363,64
post_selector,0,10,-0.0027976607889286216,-0.21689323427684104,0.21689323427684104,0.5,-0.004281564994016657,-0.0013137565838405871,64
post_selector,14,28,-0.0006921892072568845,-0.2167483070675275,0.2167483070675275,0.5,-0.0006927304966666218,-0.0006916479178471469,64
response_first,25,26,2.6396898988422024e-05,0.21634092115994275,0.21634092115994275,0.546875,7.133675740077649e-05,-1.854295942393245e-05,64
post_selector,30,5,4.206389104410087e-05,0.2162433745446675,0.2162433745446675,0.515625,2.3169385485710987e-06,8.181084353963065e-05,64
post_selector,7,12,5.855036181401663e-05,0.2161083512390541,0.2161083512390541,0.5,7.246362633851105e-05,4.4637097289522175e-05,64
response_mean,21,10,0.0009282234837542048,0.21545303285419512,0.21545303285419512,0.53125,-0.0010383390743981882,0.0028947860419065974,64
post_selector,11,16,0.0018627678655320798,0.21544306334031801,0.21544306334031801,0.5,9.59784156293688e-05,0.0036295573154347905,64
post_selector,35,26,0.0012089593328710254,0.21500608240807112,0.21500608240807112,0.5,-2.953674993471907e-06,0.0024208723407355215,64
post_selector,15,31,0.000386298456305664,0.21430436971416358,0.21430436971416358,0.5,0.00016931508525886246,0.0006032818273524656,64
post_selector,16,12,0.00042078633578055926,0.2142224037372804,0.2142224037372804,0.65625,7.172433652158206e-05,0.0007698483350395365,64
final_prompt,25,24,0.00010428154894270073,0.2136628968567744,0.2136628968567744,0.578125,0.00039312596777559537,-0.0001845628698901939,64
post_selector,8,15,0.0004215938006382234,0.21362756012804038,0.21362756012804038,0.5,0.0006119876507000376,0.00023119995057640938,64
post_selector,0,19,0.003435780516156225,0.2134202093037829,0.2134202093037829,0.5,0.0027159164819750064,0.004155644550337444,64
post_selector,20,16,0.0004195666406303626,0.21254517021738417,0.21254517021738417,0.578125,-2.329315611860077e-05,0.0008624264373793259,64
post_selector,5,15,0.001390199413435759,0.21242875065472838,0.21242875065472838,0.5625,0.0004031686621601624,0.0023772301647113562,64
post_selector,1,27,0.0040383312007179475,0.21242786140591471,0.21242786140591471,0.515625,0.005394802952650938,0.002681859448784956,64
response_first,26,17,1.4125761026657717e-05,0.21114795287504598,0.21114795287504598,0.515625,1.5483647416656622e-05,1.2767874636658812e-05,64
post_selector,32,15,0.0002982453486310953,0.21111383058573926,0.21111383058573926,0.5,0.00025619886491767813,0.00034029183234451254,64
response_mean,20,16,0.0008526365609213822,0.21107280830571043,0.21107280830571043,0.546875,0.0005065381774329455,0.0011987349444098185,64
post_selector,10,19,-7.437934391417951e-05,-0.21078151559099656,0.21078151559099656,0.4375,-0.00013684665373146917,-1.1912034096889853e-05,64
post_selector,31,16,0.00015545250994364687,0.21055802684135827,0.21055802684135827,0.5,0.00011784295611506878,0.00019306206377222502,64
post_selector,2,7,-0.0010672331154637515,-0.20987359868635735,0.20987359868635735,0.484375,-0.002149224968889019,1.4758737961515596e-05,64
post_selector,25,29,2.626757429879541e-05,0.2096083179576988,0.2096083179576988,0.5625,1.966646345863018e-05,3.286868513896064e-05,64
post_selector,22,3,-0.0009069742518477172,-0.2094558634109225,0.2094558634109225,0.484375,-0.0015933181493892313,-0.00022063035430620317,64
response_mean,27,7,0.00028116968974245245,0.2088259015509177,0.2088259015509177,0.625,-8.543176136298958e-05,0.0006477711408478944,64
post_selector,10,8,-9.519916648059735e-05,-0.2085646081711167,0.2085646081711167,0.5,-3.585322247091441e-05,-0.0001545451104902803,64
post_selector,32,23,-9.30856883201191e-05,-0.20805288816027387,0.20805288816027387,0.5625,-0.00013023825454184523,-5.593312209839294e-05,64
final_prompt,26,31,0.0007862041193220542,0.20779758826902203,0.20779758826902203,0.625,-0.0006467025514211841,0.0022191107900652925,64
post_selector,10,29,-0.000820112194560345,-0.20730691516831928,0.20730691516831928,0.46875,-7.915556125226135e-05,-0.0015610688278684284,64
response_mean,29,8,0.00015170193137236488,0.20729404773534776,0.20729404773534776,0.53125,-0.000305010623833349,0.0006084144865780788,64
post_selector,35,4,-0.00014757263079445554,-0.2069834492712999,0.2069834492712999,0.484375,-0.00024426369236606876,-5.0881569222842326e-05,64
final_prompt,26,25,-0.00025222048680006526,-0.20667094068999584,0.20667094068999584,0.453125,4.7726040065747354e-05,-0.000552167013665878,64
response_mean,26,30,0.0006288090426096392,0.206114787094277,0.206114787094277,0.640625,0.0014132491696727595,-0.00015563108445348103,64
post_selector,19,13,-0.004793484829860977,-0.20577765524186595,0.20577765524186595,0.5,-0.00798353985010181,-0.0016034298096201435,64
final_prompt,21,29,1.8863332513773652e-05,0.20529259525484406,0.20529259525484406,0.59375,5.1435290174587935e-05,-1.3708625147040635e-05,64
post_selector,16,30,-0.0004045270816277328,-0.20443543309725787,0.20443543309725787,0.421875,8.074431389105678e-05,-0.0008897984771465224,64
post_selector,8,16,0.00021990120330883593,0.20405013212906808,0.20405013212906808,0.5,0.0003872212473652281,5.258115925244378e-05,64
post_selector,11,10,0.00017091743291075133,0.2039862122054082,0.2039862122054082,0.546875,0.00033897183334374425,2.863032477758387e-06,64
post_selector,9,24,0.00022169018120619922,0.20349688364861374,0.20349688364861374,0.609375,-0.00011532260941750033,0.0005587029718298988,64
response_mean,21,28,0.0007379160228992952,0.20259792795592402,0.20259792795592402,0.5625,0.0008125660442601438,0.0006632660015384469,64
post_selector,10,6,-0.00011845142671518258,-0.20237638763812024,0.20237638763812024,0.46875,3.452824057603661e-05,-0.00027143109400640177,64
post_selector,10,31,0.0005086610126454601,0.2023061434702414,0.2023061434702414,0.5,0.0003335312176204734,0.0006837908076704469,64
post_selector,7,31,-5.733177408729033e-05,-0.20156444637836093,0.20156444637836093,0.515625,-9.197183408105424e-05,-2.2691714093526427e-05,64
post_selector,28,11,-0.0007767640418023845,-0.20134765654701525,0.20134765654701525,0.5625,-0.0016180099519260667,6.448186832129781e-05,64
post_selector,3,14,0.0016678925653650428,0.200631233934937,0.200631233934937,0.453125,0.0027257562933300536,0.0006100288374000322,64
post_selector,0,8,0.0021935212280368324,0.20057710969752998,0.20057710969752998,0.578125,0.0029857233457732868,0.0014013191103003785,64
response_mean,33,18,0.00013858386137143564,0.2004520026954538,0.2004520026954538,0.59375,-0.00011528089271450327,0.00039244861545737457,64
response_mean,28,11,0.00027923483548874194,0.20008025979798377,0.20008025979798377,0.546875,-0.0002955455856863354,0.0008540152566638193,64
post_selector,23,24,0.0003619143153628031,0.1997207576398366,0.1997207576398366,0.53125,0.0004908569244435,0.00023297170628210632,64
post_selector,1,8,-0.0009627058025216672,-0.19961563934880788,0.19961563934880788,0.515625,-0.002482219744706503,0.0005568081396631688,64
post_selector,9,20,-0.00012799496198567388,-0.19899611640175127,0.19899611640175127,0.4375,-0.0002908635524363363,3.4873628464988536e-05,64
final_prompt,21,11,1.3782448689879804e-05,0.19897138564964864,0.19897138564964864,0.515625,-1.3633131686668133e-05,4.119802906642774e-05,64
post_selector,11,23,0.0001612467131053584,0.19875536122167337,0.19875536122167337,0.546875,-5.699072335118041e-05,0.0003794841495618972,64
response_first,26,30,8.367649172667051e-06,0.19819364487928626,0.19819364487928626,0.59375,1.0909152933887583e-05,5.82614541144652e-06,64
post_selector,22,24,0.00015045283362268496,0.19802675592499924,0.19802675592499924,0.59375,0.00037161588716114424,-7.07102199157743e-05,64
post_selector,35,3,0.00041293200683867196,0.19653322519721922,0.19653322519721922,0.5,0.0005155521484994031,0.00031031186517794065,64
post_selector,14,18,0.0010321031695639214,0.1964835796354752,0.1964835796354752,0.515625,-0.0005758740298915619,0.0026400803690194044,64
response_mean,28,1,0.0001396878612922525,0.19646983277425717,0.19646983277425717,0.546875,-0.0003136590617031955,0.0005930347842877004,64
post_selector,24,11,0.0008731204252399009,0.19589954221483855,0.19589954221483855,0.515625,0.0008714763680472937,0.0008747644824325082,64
response_mean,21,29,0.0001466465755584038,0.19581433252918387,0.19581433252918387,0.59375,0.00037988893018335687,-8.659577906654924e-05,64
final_prompt,21,25,4.599698803530556e-05,0.19578346050085077,0.19578346050085077,0.578125,0.00011897590854913208,-2.698193247852097e-05,64
post_selector,10,16,0.00033475494001323125,0.19569370756995647,0.19569370756995647,0.5,0.00036932179500582195,0.0003001880850206406,64
post_selector,18,31,0.0021386533771874253,0.1955293899389511,0.1955293899389511,0.625,-0.00287190187373199,0.007149208628106841,64
post_selector,31,26,8.935561231736812e-05,0.1953154279149395,0.1953154279149395,0.59375,9.053999565366052e-05,8.817122898107573e-05,64
post_selector,7,4,2.059946993870909e-06,0.19495046184808373,0.19495046184808373,0.609375,-1.4368896006367048e-07,4.263582947805489e-06,64
post_selector,32,13,-0.00016755871638451876,-0.19470202719363044,0.19470202719363044,0.5,-0.00018600233488540936,-0.0001491150978836281,64
post_selector,4,29,0.0007536029643233565,0.19448734463483794,0.19448734463483794,0.609375,-0.0004890862037427782,0.001996292132389491,64
post_selector,31,0,0.00045794028847012333,0.19393585040204,0.19393585040204,0.5625,0.00024834227951943085,0.0006675382974208157,64
post_selector,18,17,0.0007117717268556595,0.1934631371025206,0.1934631371025206,0.484375,0.00010998026846209999,0.0013135631852492188,64
post_selector,4,21,0.0017631257796892814,0.19316659797104443,0.19316659797104443,0.546875,0.0015533623372902938,0.001972889222088269,64
post_selector,26,20,0.0002561039705142155,0.19259789831303106,0.19259789831303106,0.671875,0.0006977665179874461,-0.00018555857695901507,64
post_selector,19,14,-0.001868674233264758,-0.19194001892533963,0.19194001892533963,0.515625,-0.0034726758458418746,-0.0002646726206876405,64
post_selector,10,5,6.657645064933341e-05,0.1916872350813258,0.1916872350813258,0.484375,-9.304059403802442e-06,0.00014245696070246924,64
response_first,26,19,2.2306305140767125e-05,0.19167564167186638,0.19167564167186638,0.65625,6.049898649960731e-05,-1.5886376218073062e-05,64
post_selector,22,10,0.0004257533528289046,0.19157400580593556,0.19157400580593556,0.515625,0.0005493886219483101,0.0003021180837094993,64
post_selector,16,16,-0.0020869091385975484,-0.19154625622524812,0.19154625622524812,0.5,-0.0035928251163568348,-0.000580993160838263,64
final_prompt,24,19,0.0029786692684865513,0.19107358090782361,0.19107358090782361,0.515625,0.006313812991720616,-0.00035647445474751294,64
post_selector,27,6,9.541602196349474e-05,0.19050025847868776,0.19050025847868776,0.546875,-7.607005454702271e-05,0.0002669020984740122,64
response_first,23,15,1.972831778995765e-06,0.19032121457186976,0.19032121457186976,0.5625,4.942125806373099e-06,-9.964622483815688e-07,64
post_selector,16,29,0.0023315028811339168,0.19001575088941902,0.19001575088941902,0.5625,0.0034259090607520128,0.001237096701515822,64
post_selector,34,26,-5.8782003634401625e-05,-0.18951379417470143,0.18951379417470143,0.5,-6.929772007424327e-05,-4.8266287194559985e-05,64
post_selector,1,14,-0.001410502900398561,-0.18948719072610326,0.18948719072610326,0.40625,-0.003984886643593175,0.0011638808427960534,64
response_mean,21,4,0.00027316957039146336,0.18929530670237743,0.18929530670237743,0.609375,0.0004652881411857156,8.105099959721118e-05,64
response_mean,31,4,0.00013110037593833083,0.1890576864884841,0.1890576864884841,0.5625,-6.973625886529369e-05,0.0003319370107419554,64
post_selector,8,4,0.0002029816159847513,0.1883514862277316,0.1883514862277316,0.515625,0.00016391044937335585,0.00024205278259614677,64
post_selector,13,6,4.4700371972783523e-05,0.18811479203353781,0.18811479203353781,0.5625,3.907379550581275e-05,5.032694843975427e-05,64
response_mean,28,3,0.00021507801966435917,0.18807998488213273,0.18807998488213273,0.578125,-0.0005750761274611797,0.001005232166789898,64
post_selector,20,17,0.00035006421603611535,0.18807424567995548,0.18807424567995548,0.546875,-0.00015817796520422865,0.0008583063972764594,64
post_selector,21,22,-0.0010228224073216548,-0.18788153646215175,0.18788153646215175,0.484375,-0.0017195952350448282,-0.0003260495795984813,64
post_selector,9,29,0.0008515708418599367,0.18777844379724998,0.18777844379724998,0.53125,0.002379669099354922,-0.0006765274156350482,64
post_selector,7,13,0.0006878073963889593,0.18710363236574415,0.18710363236574415,0.5,0.0006287600190262376,0.0007468547737516812,64
post_selector,35,18,0.000547707471923789,0.18700785569528142,0.18700785569528142,0.5,0.0006078256574255625,0.00048758928642201563,64
post_selector,13,0,-0.00030861586128594473,-0.18666240336376327,0.18666240336376327,0.453125,-0.0005259801655483844,-9.12515570235051e-05,64
post_selector,28,31,-0.00010950903083539688,-0.1864787879138736,0.1864787879138736,0.5,-0.00017513787133793124,-4.3880190332862474e-05,64
post_selector,22,18,-0.00020491050327109113,-0.1864448159010611,0.1864448159010611,0.453125,-0.00018421946333546045,-0.0002256015432067219,64
final_prompt,22,11,3.5921288088038705e-05,0.18620241998491635,0.18620241998491635,0.515625,0.00011552975138327134,-4.368717520719394e-05,64
post_selector,35,30,8.43598502342439e-05,0.18618727312505032,0.18618727312505032,0.546875,0.0002406064413662345,-7.188674089774673e-05,64
response_mean,26,29,0.0005002671525744459,0.186157585468634,0.186157585468634,0.546875,0.0007740374799141093,0.0002264968252347823,64
post_selector,33,27,0.00014485356064143087,0.18591650472683952,0.18591650472683952,0.484375,-3.1145856155477115e-05,0.0003208529774383389,64
response_mean,20,14,0.0012384990137945745,0.18578172938196175,0.18578172938196175,0.546875,-0.001666300199190088,0.004143298226779237,64
post_selector,10,1,0.00027446045896794636,0.1856440261997408,0.1856440261997408,0.5,8.365446410608236e-05,0.0004652664538298105,64
post_selector,32,29,-1.682186666940076e-05,-0.18547739621927092,0.18547739621927092,0.40625,-1.300989135444125e-05,-2.063384198436027e-05,64
post_selector,5,12,0.000696411989338209,0.18538460954205804,0.18538460954205804,0.703125,-0.0005846463973284717,0.00197747037600489,64
final_prompt,24,1,2.0659824031095153e-05,0.1851307952467127,0.1851307952467127,0.515625,3.624254964051135e-05,5.0770984216789555e-06,64
post_selector,21,5,0.0011770251148845922,0.18503523414363052,0.18503523414363052,0.546875,0.002425104095891569,-7.105386612238427e-05,64
response_mean,22,1,0.0001949006558561371,0.1849653149231587,0.1849653149231587,0.578125,6.319747262748797e-05,0.00032660383908478626,64
post_selector,21,7,-2.7042866236114637e-05,-0.18490467710110423,0.18490467710110423,0.453125,-5.416332533058726e-05,7.759285835799513e-08,64
final_prompt,24,25,0.00025773099696379176,0.18418845287127356,0.18418845287127356,0.5625,0.00015988291124812955,0.00035557908267945396,64
post_selector,6,21,0.0005998076449031933,0.18378298519228534,0.18378298519228534,0.515625,0.0002848137155524524,0.0009148015742539344,64
post_selector,19,17,0.0007831492202967618,0.18337448647783103,0.18337448647783103,0.5,-0.00031678844970883433,0.0018830868903023576,64
post_selector,34,18,7.027683057003197e-05,0.18305165455248154,0.18305165455248154,0.484375,9.656833367442698e-05,4.398532746563692e-05,64
post_selector,18,5,0.0017668963409960188,0.1828049080842907,0.1828049080842907,0.5625,-0.0014046423893887565,0.004938435071380793,64
final_prompt,24,6,4.040185586973166e-06,0.18267977571978206,0.18267977571978206,0.53125,7.701288950556773e-06,3.7908222338955966e-07,64
post_selector,14,13,-0.0029085239148116636,-0.1815887077238493,0.1815887077238493,0.453125,-0.005057720962213344,-0.000759326867409984,64
final_prompt,24,30,1.5108366596901144e-05,0.18108027858968515,0.18108027858968515,0.625,3.498781859433905e-05,-4.771085400536767e-06,64
post_selector,4,27,0.0005478191612837453,0.18082176393063237,0.18082176393063237,0.8125,0.00021147264078533623,0.0008841656817821545,64
public_task_span,21,19,0.00012460330776774972,0.18048727486721386,0.18048727486721386,0.578125,0.00024189486475732587,7.311750778173553e-06,64
post_selector,10,20,0.00011013253788404687,0.18008465278633576,0.18008465278633576,0.609375,0.00019285585767646703,2.7409218091626743e-05,64
response_mean,34,27,4.189278683951131e-06,0.17979508577884665,0.17979508577884665,0.484375,9.243708063874524e-06,-8.65150695972261e-07,64
post_selector,12,2,9.518008468488348e-06,0.1797792960697162,0.1797792960697162,0.53125,-3.848234797490218e-06,2.2884251734466913e-05,64
response_mean,27,19,0.0002736871956585571,0.17964426128167313,0.17964426128167313,0.546875,-0.0005884044676349449,0.0011357788589520593,64
response_mean,29,26,0.0003867346540573556,0.1796095101720695,0.1796095101720695,0.53125,-0.0001284586705878477,0.000901927978702559,64
post_selector,30,22,9.47769385675037e-05,0.17943388161042237,0.17943388161042237,0.59375,0.0001639313059058315,2.5622571229175858e-05,64
post_selector,21,15,0.0005093392683193046,0.1784101318823471,0.1784101318823471,0.53125,0.00014992239448474693,0.0008687561421538623,64
response_first,27,16,0.0002838756954588425,0.17818034176640007,0.17818034176640007,0.5625,-4.1808340029075944e-05,0.000609559730946761,64
post_selector,22,30,0.0002597302991489366,0.17805431661050733,0.17805431661050733,0.5,0.0005519656988326337,-3.250510053476056e-05,64
post_selector,24,19,0.00015103894719459016,0.17796749756307487,0.17796749756307487,0.625,0.00030942194882753416,-7.344054438353757e-06,64
post_selector,20,27,6.123172079241509e-05,0.177933151595846,0.177933151595846,0.546875,0.00012440702812454248,-1.9435865397122936e-06,64
post_selector,9,31,0.0034262199703789446,0.1779136596762444,0.1779136596762444,0.5625,0.008047109604376585,-0.0011946696636186967,64
post_selector,13,3,-0.001694423157459819,-0.177246318072495,0.177246318072495,0.5,-0.0008932160417316375,-0.0024956302731880004,64
response_mean,28,23,0.0001902973936012132,0.17684303753683706,0.17684303753683706,0.53125,-0.0004513858848440364,0.0008319806720464627,64
post_selector,28,27,8.886665807494305e-05,0.17679956833312574,0.17679956833312574,0.515625,4.5642480017705205e-05,0.0001320908361321809,64
final_prompt,23,30,0.0001011725742046045,0.1764695864540822,0.1764695864540822,0.625,-7.311932904485678e-05,0.0002754644774540658,64
post_selector,0,25,0.0012997067228752695,0.17619266647294873,0.17619266647294873,0.46875,0.0018670216568352767,0.0007323917889152622,64
post_selector,22,26,9.747517447066971e-05,0.17605337512876387,0.17605337512876387,0.546875,0.00012066133876941067,7.428901017192875e-05,64
final_prompt,24,23,0.00011629114851529753,0.1742955329218658,0.1742955329218658,0.515625,0.00023278561366167811,-2.0331663108311268e-07,64
final_prompt,27,16,0.000286375783616675,0.17416989354907175,0.17416989354907175,0.53125,-0.0004827992161153572,0.001055550783348707,64
post_selector,6,13,0.0002074417258199767,0.17411866442482116,0.17411866442482116,0.65625,0.0004512588236593615,-3.637537201940804e-05,64
post_selector,8,23,0.00012865213648183775,0.17349077517026662,0.17349077517026662,0.453125,0.0003632472609069621,-0.00010594298794328654,64
post_selector,30,14,-1.5235059549915994e-05,-0.17337751888375025,0.17337751888375025,0.484375,-1.1062481291898239e-05,-1.940763780793375e-05,64
final_prompt,21,28,0.00011192243437107858,0.17277598814963813,0.17277598814963813,0.609375,6.987705091886844e-05,0.0001539678178232887,64
post_selector,10,10,0.0010073302582895801,0.1724207374437263,0.1724207374437263,0.5,0.001225493288075078,0.0007891672285040818,64
post_selector,35,19,0.0013664730613527358,0.17234359079369496,0.17234359079369496,0.46875,-0.0008943636639742094,0.0036273097866796815,64
post_selector,6,23,0.0004933589862048376,0.17203945038478372,0.17203945038478372,0.5,0.00017840441796579696,0.0008083135544438781,64
post_selector,9,28,0.0028985937270817924,0.17192547302105807,0.17192547302105807,0.515625,0.006877834705164787,-0.0010806472510012008,64
post_selector,5,5,-0.0007910911990620594,-0.1716950192842132,0.1716950192842132,0.484375,-0.0016952825535554285,0.0001131001554313093,64
post_selector,20,11,0.00011715933558775391,0.17166633751723548,0.17166633751723548,0.578125,0.00022851458192006324,5.8040892554445616e-06,64
post_selector,11,27,0.001442035703803414,0.17163848292932252,0.17163848292932252,0.5,0.001496342883910997,0.0013877285236958308,64
final_prompt,27,17,0.00013552174618780257,0.1714380007782751,0.1714380007782751,0.53125,0.0003076165171478303,-3.657302477222514e-05,64
final_prompt,25,26,0.00015741098923171542,0.17053332269044244,0.17053332269044244,0.5625,0.00032642757196298144,-1.1605593499550671e-05,64
post_selector,12,5,0.00010195883601226482,0.1700460872124492,0.1700460872124492,0.59375,-3.165339239786307e-05,0.00023557106442239267,64
response_mean,22,22,5.951614582500041e-05,0.16999633706146122,0.16999633706146122,0.578125,-8.92293029437313e-05,0.0002082615945937321,64
final_prompt,23,28,3.2051826678975974e-05,0.169905616044556,0.169905616044556,0.578125,-5.655621430377224e-05,0.00012065986766172419,64
response_mean,29,7,0.0002920957940659674,0.16970834575590693,0.16970834575590693,0.53125,-0.000899502842003093,0.0014836944301350277,64
response_mean,24,7,0.00013258400946369306,0.1694969073334213,0.1694969073334213,0.625,-0.00023649462355023243,0.0005016626424776186,64
post_selector,6,15,-0.0006273509352467855,-0.16922908772722778,0.16922908772722778,0.46875,-0.0013424228509393182,8.772098044574684e-05,64
post_selector,28,18,0.0002486941048118746,0.16892000850063638,0.16892000850063638,0.546875,-9.673949534770934e-05,0.0005941277049714586,64
post_selector,24,17,7.408620570003854e-05,0.1687849307023695,0.1687849307023695,0.578125,7.42963404718424e-05,7.38760709282347e-05,64
response_mean,27,13,0.00023866694618845377,0.16849348833770506,0.16849348833770506,0.515625,-0.0006432923128158719,0.0011206262051927794,64
post_selector,26,28,0.00012516730794231138,0.16846745820641346,0.16846745820641346,0.640625,0.00043573704988372807,-0.0001854024339991054,64
public_task_span,12,1,-2.3678046090930005e-05,-0.1682391985462515,0.1682391985462515,0.484375,-5.989298642815353e-05,1.2536894246293514e-05,64
post_selector,15,1,-0.001775341945176478,-0.16803263887015799,0.16803263887015799,0.5,-0.002572461249656053,-0.0009782226406969026,64
post_selector,4,4,-0.0014935652743588404,-0.1679590902613174,0.1679590902613174,0.5,-0.002107938034896501,-0.0008791925138211809,64
post_selector,17,8,0.00043719110544770934,0.16787992858073122,0.16787992858073122,0.5,0.0004408661261550063,0.0004335160847404125,64
post_selector,2,25,0.000899948332516939,0.16684663612324083,0.16684663612324083,0.5,0.000645945678115828,0.0011539509869180498,64
post_selector,35,11,-0.00020823247905354145,-0.16664558967523252,0.16664558967523252,0.453125,6.08159170951633e-05,-0.0004772808752022461,64
post_selector,31,1,-8.121707378449904e-05,-0.1662791516382309,0.1662791516382309,0.484375,-1.5472654922631796e-05,-0.00014696149264636628,64
response_mean,27,29,0.00023435797265847192,0.1660484933750937,0.1660484933750937,0.515625,0.0004141105418966468,5.4605403420296866e-05,64
post_selector,35,1,-7.031640984677664e-05,-0.16594092162105487,0.16594092162105487,0.5,-7.635939709870916e-05,-6.427342259484413e-05,64
post_selector,27,12,-0.00017045821687133628,-0.16587142256570941,0.16587142256570941,0.515625,-0.0004333072083682013,9.239077462552875e-05,64
post_selector,12,0,8.28575732612046e-05,0.16514564622769287,0.16514564622769287,0.5,3.542290414771703e-06,0.0001621728561076375,64
post_selector,15,30,-0.00025389586608070235,-0.16495087498360714,0.16495087498360714,0.421875,-0.00043084359822385867,-7.694813393754608e-05,64
post_selector,4,9,0.0014376869667103087,0.1647688849425348,0.1647688849425348,0.625,-0.0007802204709150698,0.003655594404335687,64
response_mean,26,14,6.000404536621249e-05,0.16442969162339952,0.16442969162339952,0.5,-0.00015161340917299926,0.00027162149990542423,64
post_selector,1,12,0.0011057465708290577,0.1642118269139575,0.1642118269139575,0.59375,0.0007816868182999375,0.001429806323358178,64
response_mean,20,19,0.0003315009853395121,0.1641802175193683,0.1641802175193683,0.546875,0.0008897306361177313,-0.00022672866543870714,64
post_selector,25,26,0.0001171264848380665,0.16411056782772485,0.16411056782772485,0.65625,0.00032080208529802116,-8.65491156218882e-05,64
post_selector,20,24,-1.3934259364134505e-06,-0.16410198959033354,0.16410198959033354,0.390625,-2.676839166326772e-06,-1.1001270650012884e-07,64
post_selector,9,19,-7.571546184690558e-06,-0.16408539163212413,0.16408539163212413,0.46875,-2.1740107127850416e-05,6.5970147584692995e-06,64
response_mean,32,6,0.00010424821925879873,0.16393170268434076,0.16393170268434076,0.5625,-0.00019425738446442845,0.00040275382298202595,64
post_selector,18,25,0.0015874062492002828,0.16297054475366243,0.16297054475366243,0.5,0.002647978384629813,0.0005268341137707535,64
post_selector,5,17,0.0007928550730866861,0.16162517896836578,0.16162517896836578,0.515625,-7.60348266339812e-05,0.0016617449728073535,64
response_mean,21,31,0.00038281530214589863,0.16160598180189822,0.16160598180189822,0.5625,0.000717744325811506,4.7886278480291367e-05,64
response_mean,27,31,4.2076794215970735e-05,0.16110158738627622,0.16110158738627622,0.578125,-1.1457054824853847e-05,9.561064325679531e-05,64
response_mean,23,1,6.627195034524849e-05,0.1609928232412233,0.1609928232412233,0.53125,0.0001293790273848506,3.164873305646391e-06,64
response_mean,30,25,7.694598377837589e-05,0.16088104521863084,0.16088104521863084,0.5625,-0.000148670395674336,0.00030256236323108777,64
post_selector,27,5,-0.000140658399686795,-0.1607645134045102,0.1607645134045102,0.5,-0.0002896653450079487,8.348545634358695e-06,64
post_selector,14,25,-0.00018336286211706904,-0.16027497778679367,0.16027497778679367,0.5625,-3.035167992493712e-05,-0.0003363740443092009,64
final_prompt,22,5,8.49708430905516e-05,0.16007953760861315,0.16007953760861315,0.5,0.0004447493756742594,-0.0002748076894931562,64
response_mean,31,30,0.00023045669695420467,0.15982828563143284,0.15982828563143284,0.546875,-0.0007253912408486636,0.001186304634757073,64
post_selector,23,28,0.0016551508051634374,0.15933773433151002,0.15933773433151002,0.46875,-0.001794058429368297,0.005104360039695172,64
post_selector,25,22,-9.393652680955158e-05,-0.1587925254576705,0.1587925254576705,0.5,-0.00010425126356493438,-8.362179005416877e-05,64
final_prompt,21,18,9.028327139048675e-05,0.15877458423843616,0.15877458423843616,0.546875,0.00022205448931343679,-4.148794653246333e-05,64
post_selector,14,0,4.885562566414247e-05,0.15856020220590458,0.15856020220590458,0.53125,0.00011937543581551778,-2.1664184487232848e-05,64
post_selector,22,1,0.0002880288375308722,0.15854749674490695,0.15854749674490695,0.53125,0.0003248833781981468,0.00025117429686359784,64
post_selector,17,25,0.000974892175690916,0.15821036092470003,0.15821036092470003,0.5,-0.00043209633440708935,0.002381880685788921,64
post_selector,31,8,0.00022460216860053237,0.15719957391317504,0.15719957391317504,0.640625,8.11654135759492e-05,0.00036803892362511563,64
post_selector,28,24,0.00015887190693319217,0.15681747352176195,0.15681747352176195,0.5,-5.934975888525007e-06,0.00032367878975490935,64
post_selector,7,1,0.00015411062122438904,0.15677664402972516,0.15677664402972516,0.515625,0.00035401192144490003,-4.5790678996121895e-05,64
post_selector,29,20,-5.3982715940036604e-05,-0.15636091411808284,0.15636091411808284,0.515625,-8.269745762844199e-05,-2.5267974251631234e-05,64
post_selector,32,24,0.00035130650303472343,0.15626182332547117,0.15626182332547117,0.5,0.0002914009655796813,0.0004112120404897657,64
final_prompt,23,13,8.509632743879965e-05,0.15604346746894687,0.15604346746894687,0.578125,-6.738426918673137e-05,0.00023757692406433067,64
response_mean,22,9,6.054825621504198e-05,0.155969905788032,0.155969905788032,0.5625,6.693494106001409e-05,5.4161571370069874e-05,64
post_selector,7,0,0.00017582564669282432,0.1559294809460406,0.1559294809460406,0.625,0.00037021738535256436,-1.856609196691577e-05,64
response_mean,28,13,0.00013379994493333247,0.15592439496829225,0.15592439496829225,0.578125,0.00011962507142014762,0.0001479748184465173,64
final_prompt,24,10,2.1385410036598123e-05,0.1555582834207185,0.1555582834207185,0.578125,3.349057351442202e-05,9.28024655877422e-06,64
response_mean,21,23,0.0007920554721749728,0.1546071117172978,0.1546071117172978,0.546875,-0.0015086482230799235,0.003092759167429869,64
post_selector,25,21,0.00016562876498937845,0.15418848282573439,0.15418848282573439,0.5625,0.00029565653858298023,3.560099139577653e-05,64
post_selector,17,11,0.0012107640286558312,0.1540546519994761,0.1540546519994761,0.484375,0.0017921512117027312,0.000629376845608931,64
response_mean,25,23,1.5965526529267594e-05,0.154039146295295,0.154039146295295,0.515625,-2.0645277345463344e-05,5.2576330403998526e-05,64
response_mean,26,7,7.141260448406433e-05,0.15402426402179506,0.15402426402179506,0.546875,0.00019289938154541805,-5.007417257728938e-05,64
response_mean,26,21,-0.00010704439205255166,-0.15393972303411435,0.15393972303411435,0.4375,-0.00041610615335227913,0.00020201736924717572,64
response_mean,22,20,0.00028868592289654825,0.15301815233056493,0.15301815233056493,0.546875,-0.0005346382631614675,0.0011120101089545638,64
post_selector,22,9,-0.00021929309787083428,-0.15283931120708938,0.15283931120708938,0.5,-0.00022314097441267482,-0.00021544522132899374,64
post_selector,30,7,3.8546466896599867e-05,0.15237197481940304,0.15237197481940304,0.578125,7.3586076041409406e-06,6.97343261890588e-05,64
final_prompt,25,9,0.00011901811126334284,0.15233077687643837,0.15233077687643837,0.625,-1.816542817324732e-05,0.000256201650699933,64
response_first,24,4,9.41146214472642e-06,0.15224466363316222,0.15224466363316222,0.5625,-1.8350846175955763e-05,3.71737704654086e-05,64
response_first,23,10,2.5221290556481203e-05,0.15171196317508778,0.15171196317508778,0.546875,3.9527805625980765e-05,1.0914775486981634e-05,64
post_selector,14,1,3.376759252659578e-05,0.15138713042051383,0.15138713042051383,0.515625,5.815737495136357e-06,6.171944755805522e-05,64
post_selector,13,28,0.0006372746183842576,0.15077371811443513,0.15077371811443513,0.484375,0.00046324519644259677,0.0008113040403259187,64
post_selector,28,25,0.0003998993615823593,0.1504545591600108,0.1504545591600108,0.5,0.00018285431724508123,0.0006169444059196374,64
final_prompt,23,8,7.62997930223643e-05,0.1501816651710881,0.1501816651710881,0.59375,0.0002096829864512842,-5.7083400406555563e-05,64
post_selector,29,31,2.2333313722806157e-05,0.14985213021132396,0.14985213021132396,0.5625,5.008520838599655e-05,-5.418580940384238e-06,64
post_selector,16,3,0.00011101915902145325,0.14890179244573323,0.14890179244573323,0.46875,0.0002742525657595218,-5.2214247716615285e-05,64
post_selector,12,20,-3.2192695215364904e-05,-0.1485364890591935,0.1485364890591935,0.453125,-1.206767365145024e-06,-6.317862306558479e-05,64
response_mean,22,7,0.0006018824477678191,0.1480383502531512,0.1480383502531512,0.53125,0.0012441711141946143,-4.040621865897574e-05,64
post_selector,19,22,0.00037843898462596413,0.147699029773826,0.147699029773826,0.5,0.0004600312240654501,0.00029684674518647803,64
post_selector,29,23,6.660427902716705e-05,0.14669892338312157,0.14669892338312157,0.515625,-7.902533934609697e-05,0.0002122338974004311,64
response_first,25,8,5.9505244337285045e-05,0.1465982403171967,0.1465982403171967,0.53125,0.00013707584685106972,-1.8065358176499633e-05,64
final_prompt,21,16,6.034594298398269e-05,0.14659415005190157,0.14659415005190157,0.53125,0.0003202219143076631,-0.00019953002833969773,64
post_selector,35,25,0.0001556229658490327,0.14646878546581676,0.14646878546581676,0.515625,-0.00015261607313732237,0.00046386200483538773,64
post_selector,9,6,2.6153067892658274e-05,0.1460384709343514,0.1460384709343514,0.5,5.613512075795629e-05,-3.828984972639744e-06,64
post_selector,30,0,0.0003128981297777398,0.14593801757989908,0.14593801757989908,0.640625,-1.059341593646318e-05,0.000636389675491943,64
post_selector,6,24,8.750934466660151e-05,0.14577865682869498,0.14577865682869498,0.59375,-1.846323357310094e-06,0.00017686501269051312,64
post_selector,15,24,-4.908775304100997e-05,-0.14540051753300154,0.14540051753300154,0.484375,1.2258929473326996e-05,-0.00011043443555534691,64
post_selector,1,29,-0.0007110594578989568,-0.14511119254641625,0.14511119254641625,0.53125,-0.002214041953266131,0.0007919230374682174,64
response_first,24,16,2.5604888605811e-05,0.14504798585919026,0.14504798585919026,0.546875,7.503494862248344e-05,-2.3825171410861416e-05,64
post_selector,34,16,0.00012541187970781698,0.1446710555245309,0.1446710555245309,0.609375,-0.0004279622989997507,0.0006787860584153845,64
post_selector,15,20,5.649524518957135e-05,0.14436361822001464,0.14436361822001464,0.515625,9.052593122759732e-05,2.246455915154537e-05,64
response_first,24,11,1.2196903526270447e-05,0.14428581851476951,0.14428581851476951,0.53125,-1.2221222505106181e-05,3.6615029557647075e-05,64
post_selector,30,12,0.0004840775955017311,0.1441179037754882,0.1441179037754882,0.5,0.0008324353348143653,0.00013571985618909696,64
final_prompt,25,8,0.0001754230113419846,0.14408926305726347,0.14408926305726347,0.59375,0.0005099391669318571,-0.00015909314424788777,64
response_mean,20,15,0.0007122978213374139,0.14392740567743073,0.14392740567743073,0.53125,-0.002215930770034867,0.0036405264127096952,64
post_selector,26,5,-3.942680876887968e-05,-0.1437602787492526,0.1437602787492526,0.328125,-2.6495084171056426e-05,-5.235853336670294e-05,64
response_mean,29,9,7.617828771344302e-05,0.14339767398515735,0.14339767398515735,0.546875,-0.0002576088184013971,0.0004099653938282831,64
post_selector,5,31,0.0017994388454098886,0.14334044289071776,0.14334044289071776,0.53125,-0.0009922961398842688,0.004591173830704046,64
post_selector,29,17,0.00017328815738436488,0.1433181069300291,0.1433181069300291,0.53125,-0.0002790988655760702,0.0006256751803448001,64
final_prompt,26,30,5.8197495945926896e-05,0.14314194745602116,0.14314194745602116,0.5625,-7.171029665186933e-05,0.00018810528854372316,64
final_prompt,26,19,0.0002676332974260661,0.14263060917178522,0.14263060917178522,0.546875,0.0006968858888285259,-0.0001616192939763936,64
post_selector,26,17,0.00018495452331989895,0.14259010787603463,0.14259010787603463,0.5625,-0.00020834964561799988,0.000578258692257798,64
post_selector,25,14,0.0006030709955666689,0.14218656484069075,0.14218656484069075,0.5,2.9202194127724972e-05,0.0011769397970056124,64
response_mean,21,22,0.0001532149430261108,0.14216742012882638,0.14216742012882638,0.5625,-0.0002742857018915807,0.0005807155879438022,64
response_first,26,28,2.5074901714107707e-05,0.14205199188918632,0.14205199188918632,0.546875,0.0001017309105009061,-5.15811070726907e-05,64
post_selector,17,0,-0.0001707395440462221,-0.14187205586892684,0.14187205586892684,0.515625,7.479480336769701e-05,-0.00041627389146014116,64
post_selector,7,20,0.0005484622797666778,0.14106035134999825,0.14106035134999825,0.5,0.000900984097825125,0.00019594046170823048,64
post_selector,3,18,-0.003745931127923539,-0.14005823934426212,0.14005823934426212,0.5,-0.0011289257381577036,-0.0063629365176893745,64
post_selector,7,23,0.0010436452066642172,0.1397964265561982,0.1397964265561982,0.5,0.0024199654726544343,-0.00033267505932600043,64
response_first,23,31,1.2865161977507117e-05,0.13881433869384405,0.13881433869384405,0.5625,1.129688655509188e-05,1.4433437399922353e-05,64
post_selector,21,30,0.0002571123040979746,0.13861314835299102,0.13861314835299102,0.5,-0.00028506599483079005,0.0007992906030267392,64
response_mean,32,11,0.00011216998382223428,0.13848434549676455,0.13848434549676455,0.578125,-9.022410540637328e-05,0.00031456407305084183,64
response_first,25,31,-1.645650991121917e-05,-0.13834851939165688,0.13834851939165688,0.421875,-2.288548785145033e-06,-3.062447103729331e-05,64
response_mean,23,12,0.0007164989234524908,0.13825663951778036,0.13825663951778036,0.53125,-0.0017876921845072237,0.0032206900314122053,64
response_mean,19,31,0.000270381226300738,0.1378570921959307,0.1378570921959307,0.546875,-0.00022423695190810106,0.000764999404509577,64
post_selector,30,29,5.910175855205477e-05,0.13781110395985213,0.13781110395985213,0.59375,6.897926459714345e-05,4.9224252506966096e-05,64
response_first,24,10,2.8568215100222005e-06,0.13720154596403675,0.13720154596403675,0.609375,1.03264934807612e-05,-4.6128504607168e-06,64
post_selector,28,26,3.890209166002304e-05,0.1364936574874513,0.1364936574874513,0.5,-2.4489918359884492e-06,8.02531751560345e-05,64
response_mean,20,12,-0.0005202013521738936,-0.13648508416284788,0.13648508416284788,0.453125,-0.0016206899181270234,0.0005802872137792364,64
response_mean,22,6,0.00025540887418174115,0.136240316272757,0.136240316272757,0.5625,0.0006587618699995819,-0.00014794412163609964,64
response_mean,28,19,9.10613485984834e-05,0.1360353890780826,0.1360353890780826,0.53125,-0.00024015329245228152,0.0004222759896492483,64
post_selector,11,17,7.754676425974051e-05,0.13603455825819663,0.13603455825819663,0.609375,0.00011864245516334664,3.645107335613439e-05,64
response_first,29,10,6.832709615877827e-06,0.13600337611471047,0.13600337611471047,0.53125,-2.1043081744661477e-05,3.470850097641712e-05,64
post_selector,7,18,-6.393973580997886e-05,-0.1355387036230899,0.1355387036230899,0.46875,-4.484516193769236e-05,-8.303430968226538e-05,64
post_selector,35,16,0.00019564392459870463,0.13496252537500622,0.13496252537500622,0.5,4.447110768531249e-06,0.0003868407384288781,64
final_prompt,23,31,4.060398021010463e-05,0.1348516835173358,0.1348516835173358,0.546875,1.3709909353567353e-05,6.74980510666419e-05,64
response_mean,32,5,8.319004700751257e-05,0.1347361339260701,0.1347361339260701,0.515625,-0.0002840323891177605,0.00045041248313278565,64
post_selector,6,20,0.00044871582940686874,0.13433798089605178,0.13433798089605178,0.5,9.102877811593794e-07,0.0008965213710325782,64
post_selector,10,18,0.0001456270679227699,0.13400760537427722,0.13400760537427722,0.484375,-0.00021462988479468514,0.0005058840206402249,64
final_prompt,20,1,3.602973441729163e-05,0.1338792991076742,0.1338792991076742,0.5625,0.00019769906828057306,-0.00012563959944598976,64
post_selector,25,25,7.472463903467343e-05,0.13369439742591302,0.13369439742591302,0.53125,-3.334052689752476e-05,0.00018278980496687163,64
post_selector,33,22,0.00017495255997345525,0.13362282366497968,0.13362282366497968,0.59375,-0.00047448684927074193,0.0008243919692176524,64
final_prompt,28,17,1.4903131614112567e-05,0.1335668197586068,0.1335668197586068,0.546875,4.555860141406719e-05,-1.575233818584206e-05,64
response_mean,20,1,0.00010858829372750473,0.13351267076126752,0.13351267076126752,0.5,0.00020456639725807785,1.2610190196931585e-05,64
post_selector,17,28,6.184818221298741e-05,0.13342155057351887,0.13342155057351887,0.578125,0.00014402693841472758,-2.0330573988752745e-05,64
response_mean,21,17,-0.0002881961881939742,-0.13326531666773767,0.13326531666773767,0.46875,0.00042198357004961565,-0.000998375946437564,64
post_selector,1,30,0.0003385282398085154,0.13314445861199684,0.13314445861199684,0.515625,-0.0008159016433637238,0.0014929581229807547,64
post_selector,23,29,-0.0002680752368178109,-0.13307747514275345,0.13307747514275345,0.421875,-0.0002593162753328062,-0.0002768341983028157,64
response_mean,22,2,0.0003236426937291945,0.13257411021548324,0.13257411021548324,0.5625,0.00038930390837777873,0.00025798147908061015,64
post_selector,33,25,0.00014091775801715318,0.13207742156225508,0.13207742156225508,0.640625,-8.606754363427682e-05,0.00036790305966858327,64
response_mean,21,27,0.0007535514414485,0.13192605588233852,0.13192605588233852,0.578125,8.339389751199004e-05,0.0014237089853850098,64
response_mean,32,10,9.754095924563294e-05,0.13182444040438945,0.13182444040438945,0.5,-0.00031411825125358554,0.0005092001697448514,64
post_selector,7,3,0.00012895838335679128,0.13147692169574798,0.13147692169574798,0.53125,0.0002727781011344486,-1.4861334420866046e-05,64
response_mean,25,20,4.275909937233976e-06,0.1312435148541442,0.1312435148541442,0.5,1.4541723274417932e-05,-5.989903399949981e-06,64
post_selector,16,19,-0.0015004265442257686,-0.13110209454862018,0.13110209454862018,0.4375,-0.0006662358064204375,-0.0023346172820311,64
final_prompt,26,28,5.2266339025655935e-05,0.13107147592430046,0.13107147592430046,0.5,0.00018228484896096165,-7.775217090964977e-05,64
post_selector,27,2,0.00010105616433974688,0.13048774946307026,0.13048774946307026,0.5,9.435180299988751e-05,0.00010776052567960622,64
post_selector,7,22,0.0016822864163259482,0.13042097435876324,0.13042097435876324,0.5,0.003943059564335272,-0.0005784867316833749,64
final_prompt,25,20,5.071812068990766e-06,0.1299333089673362,0.1299333089673362,0.515625,3.1686306726896873e-05,-2.154268258891534e-05,64
post_selector,3,3,-0.0006254544859984694,-0.129726311712323,0.129726311712323,0.3125,-0.0013765300300292173,0.00012562105803227812,64
response_first,23,28,7.028501738658623e-05,0.12967352492887949,0.12967352492887949,0.59375,-4.0142373791239724e-05,0.00018071240856441215,64
post_selector,27,20,-0.00024237672187154836,-0.12964223647800902,0.12964223647800902,0.484375,-0.00031638497239327816,-0.00016836847134981867,64
post_selector,16,9,-0.0013052808062639079,-0.12958643195263614,0.12958643195263614,0.5,-0.002964037877973169,0.0003534762654453531,64
response_mean,29,2,0.00011851045360344707,0.12952359633505212,0.12952359633505212,0.546875,-0.00010447702925375145,0.0003414979364606456,64
response_mean,34,21,0.00035325769204063253,0.12916801320122867,0.12916801320122867,0.5625,-0.000866900863911722,0.0015734162479929873,64
final_prompt,21,7,6.288019619660949e-06,0.12892705922432782,0.12892705922432782,0.578125,2.9052845718521228e-05,-1.647680647919933e-05,64
response_mean,25,30,0.0004690860332630093,0.12879974930203258,0.12879974930203258,0.53125,-0.0019186252793587722,0.0028567973458847908,64
final_prompt,20,13,8.557479361566586e-06,0.12831996367874496,0.12831996367874496,0.546875,9.603879220771976e-06,7.511079502361196e-06,64
post_selector,27,24,0.0001949178176801024,0.12814916347168562,0.12814916347168562,0.515625,-0.000370295087122929,0.0007601307224831338,64
final_prompt,23,26,4.450455753611975e-05,0.12812723545923968,0.12812723545923968,0.53125,0.00020211450282656758,-0.00011310538775432809,64
response_mean,30,27,0.0001764009771250094,0.1279597484472911,0.1279597484472911,0.53125,-0.0006178873354656163,0.0009706892897156351,64
response_first,27,17,1.6686121426799323e-05,0.1276646268984685,0.1276646268984685,0.546875,3.705611180748225e-05,-3.683868953883604e-06,64
post_selector,35,23,0.000387818323360986,0.1272632919402319,0.1272632919402319,0.5,0.00016012162814150007,0.0006155150185804719,64
post_selector,0,11,-0.0027983356485492532,-0.1269363679525107,0.1269363679525107,0.5,-0.004499964998103671,-0.0010967062989948352,64
public_task_span,11,7,-3.25327624750565e-05,-0.12663805187637955,0.12663805187637955,0.5,-1.3113670092931116e-05,-5.1951854857181887e-05,64
post_selector,12,14,0.0005160778964636814,0.1265920738813392,0.1265920738813392,0.53125,0.00042752606532302505,0.0006046297276043374,64
post_selector,22,15,0.00061170599292381,0.12626322760825465,0.12626322760825465,0.515625,-0.0006198777264216921,0.0018432897122693124,64
final_prompt,21,4,3.687373839511294e-05,0.12612780312568997,0.12612780312568997,0.5,8.16612828202685e-05,-7.91380603004262e-06,64
response_mean,23,23,4.7430030008389475e-05,0.12606473105167415,0.12606473105167415,0.609375,-7.166498653531322e-05,0.00016652504655209215,64
post_selector,22,31,0.0007976665510795953,0.12591184309765407,0.12591184309765407,0.5,0.0012629819684661845,0.00033235113369300615,64
public_task_span,7,22,5.5611391644549995e-05,0.12585701363251875,0.12585701363251875,0.5625,0.00010997256595145249,1.2502173376475093e-06,64
response_mean,31,14,0.00022289086837190347,0.1257786559846132,0.1257786559846132,0.53125,-0.0005882458806354123,0.0010340276173792194,64
post_selector,6,3,0.00013878302615921248,0.12574053134418786,0.12574053134418786,0.53125,-0.0001779606336640166,0.0004555266859824416,64
post_selector,8,14,0.00011750020985345811,0.12568683700269406,0.12568683700269406,0.5,0.0001820000725274474,5.300034717946873e-05,64
post_selector,18,9,0.00041131974376184676,0.1256466968804505,0.1256466968804505,0.53125,0.0003661729406303375,0.00045646654689335633,64
response_mean,33,19,9.863378545559546e-05,0.12561884658835987,0.12561884658835987,0.5625,-0.0004002983687314315,0.0005975659396426224,64
final_prompt,25,11,0.0003121319487036081,0.12561668589810449,0.12561668589810449,0.546875,-0.00021533865947276096,0.0008396025568799771,64
response_first,26,7,2.9028443805145212e-05,0.12556354186897992,0.12556354186897992,0.53125,7.211026422736629e-05,-1.405337661707587e-05,64
final_prompt,29,10,2.2606073990516506e-06,0.12546518527281908,0.12546518527281908,0.484375,-3.961150582654227e-06,8.482365380757528e-06,64
post_selector,7,15,-0.00015646764768462184,-0.12469264271011561,0.12469264271011561,0.5,-0.00020579496595019375,-0.00010714032941905002,64
post_selector,1,19,0.002680149971638457,0.1245849872895027,0.1245849872895027,0.546875,0.005087866338726602,0.0002724336045503103,64
post_selector,3,23,0.0009759876920725219,0.12452484915929266,0.12452484915929266,0.5,0.0018974240811076033,5.455130303744056e-05,64
final_prompt,21,17,6.727110087467732e-05,0.12424777321728861,0.12424777321728861,0.5,0.0004353330700723494,-0.0003007908683229948,64
post_selector,26,31,0.0005141765559528658,0.1238766344474378,0.1238766344474378,0.59375,0.00046854616084601253,0.0005598069510597188,64
response_mean,20,10,4.529136249331296e-05,0.12384124057294776,0.12384124057294776,0.53125,7.792882813716372e-05,1.2653896849462187e-05,64
post_selector,21,28,0.0004524633841356157,0.12376014358960435,0.12376014358960435,0.5625,0.0004589929230860375,0.0004459338451851938,64
response_mean,26,13,3.248167814717751e-05,0.12325540967182337,0.12325540967182337,0.5,-0.00010392205319929128,0.00016888540949364631,64
post_selector,30,1,5.48797005421759e-05,0.12301900305968423,0.12301900305968423,0.578125,9.789624436960733e-05,1.1863156714744485e-05,64
post_selector,12,17,0.0001460793273508906,0.12279322410641719,0.12279322410641719,0.5,0.00017605487937543746,0.00011610377532634376,64
final_prompt,21,8,3.2875219460489955e-05,0.122599473045936,0.122599473045936,0.53125,-3.572907917259639e-05,0.00010147951809357628,64
post_selector,12,8,7.784051649650163e-05,0.1224133704411555,0.1224133704411555,0.578125,4.199126942693865e-05,0.00011368976356606459,64
response_mean,20,20,2.2980648111579257e-05,0.12194250259702052,0.12194250259702052,0.53125,-2.128897756391258e-05,6.72502737870711e-05,64
final_prompt,26,17,3.5865578979597226e-05,0.12157550656527187,0.12157550656527187,0.546875,-5.521562752619734e-05,0.0001269467854853918,64
response_mean,25,29,2.3616233733037006e-06,0.12153877834943283,0.12153877834943283,0.5625,-5.647580394452234e-06,1.0370827141059635e-05,64
post_selector,4,14,0.000777717953496903,0.12149221279995148,0.12149221279995148,0.546875,-0.0007312940542760628,0.0022867299612698688,64
post_selector,8,30,5.0926010203514784e-05,0.12148725903789903,0.12148725903789903,0.484375,0.0001154064914317188,-1.3554471024689236e-05,64
public_task_span,16,20,3.877656672557474e-05,0.12126802581430049,0.12126802581430049,0.5625,0.00010449759611218972,-2.694446266104021e-05,64
post_selector,1,24,0.0002661165926838219,0.1212144554744385,0.1212144554744385,0.578125,0.0007983980467542798,-0.0002661648613866359,64
post_selector,24,12,0.0007796225800120753,0.12121217217169786,0.12121217217169786,0.484375,0.001076937958714553,0.0004823072013095972,64
public_task_span,15,25,-1.0526654932615177e-05,-0.12115138613147505,0.12115138613147505,0.4375,1.8867487824533024e-05,-3.9920797689763375e-05,64
post_selector,13,30,0.000716642056431736,0.12100597965717562,0.12100597965717562,0.5,0.0009483185094723062,0.00048496560339116566,64
post_selector,15,17,8.677451114634692e-05,0.12085128822254279,0.12085128822254279,0.546875,0.00016152767057063414,1.2021351722059733e-05,64
response_mean,25,19,5.232167978874197e-06,0.1207191164405315,0.1207191164405315,0.5,-7.668833745808723e-06,1.813316970355712e-05,64
post_selector,34,9,0.00024662258147145773,0.120615927104958,0.120615927104958,0.5,0.00032812572680995637,0.0001651194361329593,64
post_selector,31,22,0.00013383814712141463,0.12042381490217809,0.12042381490217809,0.5,-0.00016680739645381248,0.0004344836906966418,64
response_mean,21,21,2.123436042466776e-05,0.12024704619426699,0.12024704619426699,0.5625,-5.545596809496935e-05,9.792468894430486e-05,64
post_selector,9,25,0.0007097259149304485,0.12017317892038239,0.12017317892038239,0.625,-0.0008833714236971032,0.002302823253558,64
post_selector,1,17,0.000728299390175378,0.11948888255680253,0.11948888255680253,0.5,0.0007353105320362406,0.0007212882483145155,64
response_mean,31,13,0.00013017020256711047,0.11942854642749463,0.11942854642749463,0.59375,-0.0005576563949034351,0.000817996800037656,64
response_mean,28,16,1.921497357670812e-05,0.11922514526511302,0.11922514526511302,0.53125,-8.445562025369936e-05,0.0001228855674071156,64
response_mean,27,18,0.00034931587288156076,0.11921719405254173,0.11921719405254173,0.59375,-0.0011608232252910715,0.0018594549710541928,64
response_mean,27,5,6.5359871257447406e-06,0.11917790892520586,0.11917790892520586,0.5,-1.0727369726733686e-05,2.3799343978223167e-05,64
post_selector,33,4,-0.00019125151084153393,-0.1191361247446046,0.1191361247446046,0.46875,-0.0008777800139796264,0.0004952769922965585,64
post_selector,19,29,0.0002108500748363427,0.11904090663007495,0.11904090663007495,0.453125,0.0005994038156131795,-0.00017770366594049413,64
response_first,21,18,1.5685686073574135e-05,0.11857368276364066,0.11857368276364066,0.53125,4.9032913771892416e-05,-1.7661541624744142e-05,64
post_selector,35,31,-4.7207679472200134e-05,-0.11850729790451367,0.11850729790451367,0.515625,-9.712901646708053e-05,2.7136575226802503e-06,64
post_selector,34,17,0.0001857608303907824,0.11819381982438083,0.11819381982438083,0.53125,0.0001978777090698585,0.00017364395171170626,64
post_selector,34,8,-0.0001765130455169116,-0.11807967665104853,0.11807967665104853,0.5,-0.0006420105746655964,0.0002889844836317732,64
response_first,24,9,1.381792610999355e-06,0.11794510112319669,0.11794510112319669,0.578125,8.303023975031465e-07,1.9332828244955635e-06,64
post_selector,0,7,-0.0024915046233218224,-0.117832445646899,0.117832445646899,0.5,-0.005840477300807841,0.0008574680541641967,64
final_prompt,21,9,3.413648272497749e-06,0.11779575230278921,0.11779575230278921,0.546875,-2.1187449306125487e-06,8.946041475608047e-06,64
response_mean,33,16,5.944671693214825e-05,0.11770574759018598,0.11770574759018598,0.546875,-0.0002440820844639951,0.0003629755183282916,64
post_selector,33,5,-8.636144411866273e-05,-0.11697684823407793,0.11697684823407793,0.46875,-0.0003895675145031217,0.00021684462626579633,64
post_selector,6,22,-0.0009920471784425765,-0.11629506670496603,0.11629506670496603,0.359375,-0.002695877301448474,0.0007117829445633214,64
post_selector,23,26,0.0003661616992758344,0.11620907132106946,0.11620907132106946,0.53125,-0.00042472578206798127,0.00115704918061965,64
response_first,23,26,1.4592896604875016e-05,0.11617819481031537,0.11617819481031537,0.5625,7.071689219627445e-05,-4.153109898652443e-05,64
response_mean,34,7,9.382677581015321e-05,0.11612612414433342,0.11612612414433342,0.546875,-0.00046212091638151147,0.000649774468001818,64
post_selector,6,9,-0.0001264261986761967,-0.1160264725563172,0.1160264725563172,0.421875,-0.0005238884859863813,0.00027103608863398784,64
post_selector,34,15,0.0005320899563230343,0.11595901541404897,0.11595901541404897,0.5,-0.0003094284875260186,0.0013736084001720872,64
post_selector,13,8,0.0004715527984444688,0.11578147998966945,0.11578147998966945,0.421875,0.0002143069614248938,0.0007287986354640437,64
post_selector,35,22,-0.0010545683362579454,-0.11570130526040104,0.11570130526040104,0.53125,-0.0034243181144120137,0.0013151814418961218,64
final_prompt,27,28,0.00044930110743733565,0.11527790402052353,0.11527790402052353,0.5625,0.00135639830114085,-0.00045779608626617845,64
post_selector,19,27,0.00018420988317301493,0.1152216244925452,0.1152216244925452,0.625,0.0003547410578903437,1.367870845568607e-05,64
response_mean,30,2,2.2255748490349036e-05,0.11511369411027216,0.11511369411027216,0.5,-7.983618775140828e-05,0.00012434768473210635,64
post_selector,26,9,3.958070408316209e-05,0.11506546461527806,0.11506546461527806,0.5,8.963873597170524e-06,7.019753456915366e-05,64
response_mean,21,5,0.00014461249884333677,0.1149206083196557,0.1149206083196557,0.515625,-0.0002877743954741267,0.0005769993931608003,64
post_selector,7,9,7.199974072590494e-05,0.11486524835716158,0.11486524835716158,0.640625,0.00012552605448944696,1.8473426962362917e-05,64
post_selector,4,0,0.000987091814749875,0.11467762469439544,0.11467762469439544,0.5,0.000273186175036256,0.0017009974544634936,64
public_task_span,12,6,-7.50715707908873e-05,-0.11461692279856545,0.11461692279856545,0.484375,-1.2391648851910471e-05,-0.0001377514927298641,64
post_selector,20,25,-0.00018277716571901004,-0.11451560027709548,0.11451560027709548,0.453125,-0.00010727105836848708,-0.000258283273069533,64
post_selector,13,25,6.933053873580202e-05,0.11435030985632277,0.11435030985632277,0.546875,4.619217997969076e-05,9.246889749191332e-05,64
post_selector,6,11,-0.0003039724233531145,-0.1142985981599345,0.1142985981599345,0.5,-0.001340138041996379,0.00073219319529015,64
post_selector,27,30,-0.0001629082398721954,-0.11387185081094334,0.11387185081094334,0.5625,-0.00020692836278613145,-0.00011888811695825931,64
response_first,29,0,4.7122439355000685e-05,0.11385202429571234,0.11385202429571234,0.546875,-0.00021548695985982067,0.000309731838569822,64
post_selector,16,27,-4.114342596039216e-05,-0.11368378470237642,0.11368378470237642,0.53125,-8.03443240329096e-05,-1.9425278878746916e-06,64
response_mean,26,23,2.9909875479457424e-05,0.11361691545887656,0.11361691545887656,0.578125,2.204200927734961e-05,3.777774168156526e-05,64
response_first,23,4,1.3170990929012305e-06,0.11358551956709238,0.11358551956709238,0.5625,-3.722471031863961e-06,6.356669217666422e-06,64
post_selector,19,3,-0.0007531892515544312,-0.11290769163157911,0.11290769163157911,0.515625,0.0013149454316589888,-0.002821323934767851,64
response_mean,31,8,6.94642640155425e-05,0.11270285171513543,0.11270285171513543,0.53125,-0.00021496486533578046,0.0003538933933668655,64
response_mean,21,16,0.0002326104395251569,0.112627555986815,0.112627555986815,0.5625,0.0010456741511006627,-0.0005804532720503487,64
post_selector,27,3,4.7898723096296945e-05,0.11238762387270268,0.11238762387270268,0.53125,0.00010174988256039623,-5.952436367802339e-06,64
response_mean,31,3,7.0555697675443e-05,0.11238378794959934,0.11238378794959934,0.546875,-0.0001965110741366306,0.0003376224694875166,64
final_prompt,33,18,0.00016892205076146058,0.11195123513363728,0.11195123513363728,0.515625,0.0004237309058225767,-8.588680429965552e-05,64
post_selector,19,12,0.002014637233514801,0.1117861969470714,0.1117861969470714,0.53125,0.0006207911792444093,0.0034084832877851945,64
response_mean,24,24,-6.4536315221626e-05,-0.11170226856627324,0.11170226856627324,0.390625,7.589078813907533e-05,-0.00020496341858232734,64
response_first,29,3,3.3236253102578885e-05,0.11150335708733801,0.11150335708733801,0.546875,-9.768081963555924e-05,0.00016415332584071698,64
post_selector,0,3,0.0003994588460045688,0.11133884808173926,0.11133884808173926,0.515625,0.0005356975052563876,0.00026322018675275,64
post_selector,23,20,6.847405211374688e-05,0.11133378506674571,0.11133378506674571,0.5,0.00011916563471458437,1.7782469512909373e-05,64
response_mean,31,15,0.0001910623586809364,0.11121160712850836,0.11121160712850836,0.640625,0.00010712360426625022,0.00027500111309562247,64
post_selector,30,18,-7.52267460484251e-05,-0.11115261721519848,0.11115261721519848,0.421875,-0.0004995247172700694,0.00034907122517321927,64
post_selector,10,26,-0.0005437942636490375,-0.11096687380974359,0.11096687380974359,0.5,-0.0007303003731067251,-0.0003572881541913501,64
post_selector,25,4,7.590600353068437e-05,0.11030122441882158,0.11030122441882158,0.5,5.235353410171563e-05,9.945847295965313e-05,64
post_selector,19,8,0.00010025187930295781,0.11004633239947621,0.11004633239947621,0.5,-4.320215975895002e-05,0.00024370591836486567,64
response_mean,28,10,9.438551819585099e-05,0.10981546762093587,0.10981546762093587,0.53125,-5.417762486102253e-05,0.00024294866125272455,64
final_prompt,31,3,0.00017907669644045597,0.10980757640119414,0.10980757640119414,0.5625,0.0002474905486451423,0.00011066284423576976,64
post_selector,32,22,4.004516631538842e-05,0.10937381276027269,0.10937381276027269,0.609375,6.523635602205817e-05,1.485397660871868e-05,64
response_mean,28,15,3.0145256118884293e-05,0.10919801961354554,0.10919801961354554,0.515625,-8.188915217032028e-05,0.00014217966440808886,64
final_prompt,29,19,-1.3046478215982267e-05,-0.10915794845303764,0.10915794845303764,0.484375,-6.0698867628146703e-05,3.460591119618217e-05,64
final_prompt,21,10,2.2710072812507723e-05,0.10909414536993964,0.10909414536993964,0.5,3.3753207162526046e-06,4.2044824908762845e-05,64
post_selector,1,2,-0.0007198768980742874,-0.10891935345724364,0.10891935345724364,0.484375,-4.803116462425317e-05,-0.0013917226315243215,64
response_mean,28,4,-1.3944275110587142e-05,-0.10869874314006443,0.10869874314006443,0.5,1.6533644270565248e-05,-4.442219449173953e-05,64
post_selector,15,16,0.0002249788503831865,0.10867392761435334,0.10867392761435334,0.5625,-0.00032595330412731906,0.000775911004893692,64
response_first,20,31,4.534340887650605e-06,0.10867360731568117,0.10867360731568117,0.5,1.1743318131249958e-05,-2.6746363559487494e-06,64
post_selector,6,19,0.0010846382574527542,0.10860489352926123,0.10860489352926123,0.5,0.00037618687201757754,0.0017930896428879311,64
post_selector,7,19,1.483388075484696e-05,0.10847931878168303,0.10847931878168303,0.515625,3.435473934131385e-05,-4.686977831619927e-06,64
response_mean,31,5,9.708101970318228e-05,0.10829184136667573,0.10829184136667573,0.546875,-5.595421635006236e-05,0.0002501162557564269,64
post_selector,25,20,4.345929164628626e-05,0.10805584056404352,0.10805584056404352,0.53125,0.00012297981356822868,-3.606123027565616e-05,64
response_mean,19,28,0.0005544004116018139,0.10801372186928049,0.10801372186928049,0.578125,-0.002071677204185083,0.0031804780273887103,64
post_selector,12,7,0.00012816677235605,0.10801028894283068,0.10801028894283068,0.5,6.780831245123436e-05,0.00018852523226086558,64
response_mean,24,17,0.0003549722432580844,0.10771187733718104,0.10771187733718104,0.5625,-0.000862268119817581,0.0015722126063337498,64
post_selector,3,25,-0.0014398333514691248,-0.10747070049405698,0.10747070049405698,0.375,-0.003981133355409816,0.0011014666524715665,64
post_selector,1,16,-0.0004463288742044766,-0.1073023677160951,0.1073023677160951,0.5,-0.0015788148448336718,0.0006861570964247186,64
final_prompt,20,7,2.299957941431785e-06,0.10705710844266568,0.10705710844266568,0.546875,5.039904152681629e-06,-4.3998826981805905e-07,64
post_selector,19,6,0.0006549597092089296,0.10704361175148898,0.10704361175148898,0.5,0.00010662428394425942,0.0012032951344736003,64
post_selector,34,24,5.041757867729273e-05,0.10693863333382106,0.10693863333382106,0.515625,8.525252997059612e-05,1.5582627383989355e-05,64
post_selector,8,21,0.0001187312395813906,0.10689263314561265,0.10689263314561265,0.5,0.00019972307973148125,3.773939943129995e-05,64
response_mean,23,22,0.0001554875502733882,0.10674933506462843,0.10674933506462843,0.578125,0.00041476766455161574,-0.00010379256400483928,64
response_mean,31,7,6.157659606741589e-05,0.10626603479227843,0.10626603479227843,0.53125,-0.0001991052713492458,0.0003222584634840775,64
post_selector,27,9,5.1403835641391664e-05,0.10626285196441808,0.10626285196441808,0.46875,-0.00018004473440667043,0.00028285240568945376,64
post_selector,19,15,0.00043432527309051336,0.10620349948923714,0.10620349948923714,0.453125,0.00042061299609486545,0.0004480375500861612,64
response_mean,23,0,5.681405446011692e-05,0.10603168345318065,0.10603168345318065,0.5,-5.669876259161958e-05,0.00017032687151185346,64
post_selector,10,23,-0.00020628094716812316,-0.10602070076953411,0.10602070076953411,0.484375,-0.000822365273052115,0.00040980337871586876,64
post_selector,9,16,-2.6135823020470195e-05,-0.10597489101051094,0.10597489101051094,0.59375,3.70799205028196e-06,-5.597963809122236e-05,64
response_mean,26,12,2.3466596530851725e-05,0.10574480727310234,0.10574480727310234,0.515625,-0.0001374262596982328,0.00018435945275993625,64
post_selector,34,6,2.390291695064346e-05,0.10572387609218457,0.10572387609218457,0.5,-0.00011378895123923532,0.00016159478514052222,64
final_prompt,28,10,5.108105710860323e-05,0.10563230343588922,0.10563230343588922,0.546875,0.00012664529458560468,-2.4483180368398225e-05,64
final_prompt,27,13,0.0001382816217301332,0.10558826612400514,0.10558826612400514,0.546875,-0.0005748581515945046,0.0008514213950547708,64
post_selector,21,0,9.663662012825954e-05,0.10545864449855749,0.10545864449855749,0.515625,7.007649855948964e-05,0.00012319674169702948,64
response_mean,29,12,0.00018550682125351403,0.10543042603076506,0.10543042603076506,0.5,-0.0009061611053766352,0.0012771747478836633,64
post_selector,11,20,2.5544382083351775e-05,0.10541343953576994,0.10541343953576994,0.5625,-4.2406572106296704e-05,9.349533627300025e-05,64
post_selector,27,11,0.00011189613815076249,0.10538489059894454,0.10538489059894454,0.5625,-0.00011949765757889524,0.0003432899338804202,64
post_selector,21,3,0.00019985092876595,0.10515977012840294,0.10515977012840294,0.5,-6.813579238951564e-05,0.00046783764992141554,64
post_selector,16,26,0.00027952406344410697,0.10510328188861735,0.10510328188861735,0.578125,0.0017535444203530997,-0.0011944962934648858,64
response_mean,24,3,2.3077056710008037e-06,0.10506107757807372,0.10506107757807372,0.59375,5.6801577841270046e-06,-1.0647464421253972e-06,64
response_first,29,11,5.201937576691162e-06,0.1049893703612356,0.1049893703612356,0.546875,-1.3491400990158884e-05,2.3895276143541204e-05,64
response_first,29,24,1.2577160191540109e-05,0.10495184451499606,0.10495184451499606,0.53125,-2.324516390216855e-05,4.8399484285248766e-05,64
response_mean,21,7,5.3005779818706755e-06,0.10494739712716508,0.10494739712716508,0.5625,1.8005241372519324e-05,-7.404085408777975e-06,64
post_selector,21,25,-0.0012146004482929094,-0.10472892998633565,0.10472892998633565,0.40625,-0.005685423304385025,0.0032562224077992063,64
post_selector,19,5,-6.882998150103991e-05,-0.10453650095634526,0.10453650095634526,0.53125,-8.375909601454119e-05,-5.390086698753867e-05,64
response_mean,20,9,7.124083447251927e-05,0.10435758451957991,0.10435758451957991,0.546875,-6.712916592732733e-05,0.0002096108348723659,64
post_selector,26,14,-0.00033768170032999673,-0.10427525965102172,0.10427525965102172,0.5,-0.0008151811525749534,0.00013981775191495996,64
public_task_span,7,20,0.00011122939804408644,0.1041851997785575,0.1041851997785575,0.5,6.419616147467911e-05,0.00015826263461349375,64
final_prompt,29,26,0.0005871591865798106,0.1041627160670137,0.1041627160670137,0.515625,0.0008042268927965835,0.00037009148036303756,64
response_first,26,22,1.999288592458015e-06,0.10409689229319963,0.10409689229319963,0.5625,2.783152297070046e-06,1.215424887845984e-06,64
post_selector,18,28,-0.0008977338620752473,-0.10365754821317794,0.10365754821317794,0.421875,-0.004709911539976004,0.002914443815825508,64
response_mean,24,18,0.0003567147305147971,0.10362429411596881,0.10362429411596881,0.515625,-0.0007498552695323964,0.0014632847305619903,64
post_selector,26,8,-1.61575342616562e-05,-0.10358750410172085,0.10358750410172085,0.515625,-2.4600934011688685e-05,-7.714134511623727e-06,64
post_selector,1,15,0.00039412829437424025,0.10358057890737071,0.10358057890737071,0.546875,-0.001190451002912588,0.001978707591661069,64
post_selector,17,18,-0.00015411782806040985,-0.10356891006519109,0.10356891006519109,0.46875,0.0003530236099322646,-0.0006612592660530844,64
post_selector,21,19,-0.0007693412953813069,-0.1034102662308106,0.1034102662308106,0.53125,-0.0015488282515434563,1.0145660780841535e-05,64
post_selector,30,2,0.00011319197074043742,0.10337518810224157,0.10337518810224157,0.5625,4.659446130971976e-05,0.00017978948017115525,64
post_selector,29,19,5.3316559387890375e-05,0.10329931866334664,0.10329931866334664,0.59375,-0.00023143823818826104,0.0003380713569640417,64
post_selector,32,18,-0.00014123562687018122,-0.10323186884330526,0.10323186884330526,0.5,-0.00023382996550936252,-4.864128823099998e-05,64
response_first,24,5,1.0711325259647515e-05,0.1028983306136579,0.1028983306136579,0.515625,-3.521658691595453e-05,5.663923743524955e-05,64
post_selector,19,7,0.0001454080847906836,0.10254381494784098,0.10254381494784098,0.5625,-7.529895083280824e-05,0.00036611512041417546,64
post_selector,4,30,-0.0004500804770941526,-0.10237940950497434,0.10237940950497434,0.453125,-0.0018149426650779532,0.000914781710889648,64
public_task_span,19,28,0.00010405851776340324,0.10230513899711478,0.10230513899711478,0.5625,0.00016603056201347177,4.2086473513334706e-05,64
response_mean,29,10,1.5997120584637842e-05,0.10225296723875424,0.10225296723875424,0.515625,-8.963618137157677e-05,0.00012163042254085244,64
post_selector,21,1,9.175188779407945e-06,0.10209976642638205,0.10209976642638205,0.59375,2.1399503793867825e-05,-3.049126235051933e-06,64
post_selector,33,1,0.00010115447821591241,0.10196558594447276,0.10196558594447276,0.4375,-0.00016631120888631952,0.0003686201653181443,64
post_selector,26,25,-0.00013029580441070664,-0.10176997536638616,0.10176997536638616,0.515625,0.0003099238201684566,-0.0005705154289898698,64
public_task_span,20,30,-2.647664118171745e-05,-0.10174977550687377,0.10174977550687377,0.5,-7.273524738592984e-05,1.978196502249493e-05,64
post_selector,13,21,6.027847632595219e-06,0.10151306325148698,0.10151306325148698,0.515625,-4.718351902961599e-06,1.6774047168152033e-05,64
post_selector,3,19,0.0008821400879241943,0.10115663709880876,0.10115663709880876,0.546875,-0.00022765956964577224,0.0019919397454941615,64
post_selector,33,7,8.90934097696997e-05,0.10078087015681267,0.10078087015681267,0.578125,-0.00011503025416459147,0.00029321707370399085,64
response_mean,29,15,7.893660995251129e-05,0.10072099781801053,0.10072099781801053,0.515625,-0.00038811920376243523,0.0005459924236674578,64
response_first,27,28,5.715758970836573e-05,0.10070490129496963,0.10070490129496963,0.53125,0.00023938639196784586,-0.00012507121255111436,64
post_selector,4,26,0.001396302354805782,0.10067949332351962,0.10067949332351962,0.84375,-0.0005131928101036708,0.0033057975197152345,64
response_mean,29,17,5.08753362282736e-05,0.10041679248021367,0.10041679248021367,0.5,-0.00021979321445540239,0.0003215438869119496,64
final_prompt,22,17,3.667761347969786e-05,0.10040347606576987,0.10040347606576987,0.546875,0.00013380001382755453,-6.0444786868158765e-05,64
post_selector,1,18,-0.00020642883737309703,-0.10039891346516722,0.10039891346516722,0.515625,0.00017897982070278704,-0.0005918374954489813,64
post_selector,23,13,0.001279040629015074,0.09998607817881355,0.09998607817881355,0.546875,0.0007137560387491279,0.0018443252192810195,64
post_selector,4,24,0.00018700702412387677,0.09974574881333811,0.09974574881333811,0.609375,7.610152351827026e-06,0.0003664038958959266,64
response_mean,33,29,7.825369243618503e-05,0.09972171279171478,0.09972171279171478,0.53125,-0.0003881025509144598,0.0005446099357868298,64
response_mean,26,15,0.00018373199418419945,0.09932900249837599,0.09932900249837599,0.5,-0.001169983104773523,0.0015374470931419216,64
post_selector,13,12,1.0186617238616691e-07,0.09913465436169838,0.09913465436169838,0.828125,2.9756429698046816e-07,-9.383195220813434e-08,64
post_selector,3,21,0.0007074686545820462,0.09901462464476103,0.09901462464476103,0.53125,0.00031086098169906887,0.001104076327465024,64
post_selector,7,8,6.604174132007033e-05,0.0989834741467311,0.0989834741467311,0.5,2.552311889303125e-05,0.00010656036374710937,64
post_selector,17,10,0.0008212793727579998,0.09892969716107225,0.09892969716107225,0.46875,0.0008992593429866218,0.0007432994025293783,64
response_mean,33,15,7.508362205043293e-05,0.09857356818548851,0.09857356818548851,0.53125,-0.00018697634277486827,0.00033714358687573413,64
post_selector,3,8,0.0015605362277710795,0.0983246765948643,0.0983246765948643,0.5,0.0011558788828551748,0.0019651935726869847,64
post_selector,26,29,0.00041833642171695747,0.09832000069680757,0.09832000069680757,0.515625,0.0015310604394471686,-0.0006943875960132538,64
response_first,22,5,1.4999404015718284e-05,0.09824713108657715,0.09824713108657715,0.546875,9.372776293046321e-05,-6.372895489902664e-05,64
final_prompt,26,23,3.5872928151543176e-05,0.09822745547986106,0.09822745547986106,0.578125,7.890113374740883e-05,-7.155277444322482e-06,64
post_selector,14,17,-0.00039466091402573435,-0.09820681911224272,0.09820681911224272,0.46875,-0.0008881414833012939,9.881965524982509e-05,64
response_mean,17,0,-4.438402334016781e-05,-0.0982030597953952,0.0982030597953952,0.453125,-5.4857700888516205e-06,-8.328227659148403e-05,64
response_mean,30,8,7.286797534788211e-05,0.09815492472983003,0.09815492472983003,0.515625,-0.000356518694616144,0.0005022546453119082,64
response_mean,33,14,7.735516851425589e-05,0.09797844692447562,0.09797844692447562,0.5625,-0.00029192071724536064,0.00044663105427387236,64
public_task_span,11,15,-0.00014370140161190214,-0.09749018627138124,0.09749018627138124,0.453125,-0.00027540530572877053,-1.199749749503383e-05,64
response_first,23,12,2.7925536834061404e-06,0.09691832439802847,0.09691832439802847,0.546875,4.359914072438187e-06,1.225193294374094e-06,64
response_mean,23,8,0.0005931151990807767,0.09683575358910824,0.09683575358910824,0.625,-0.003063209844185598,0.004249440242347152,64
post_selector,5,30,-0.0005698772700952699,-0.09677234495120296,0.09677234495120296,0.515625,-0.0013436165295388383,0.00020386198934829828,64
public_task_span,11,24,-0.00014406506579689072,-0.0965139142355023,0.0965139142355023,0.46875,-0.00040042053115027276,0.00011229039955649119,64
response_first,35,19,1.1064413115493873e-05,0.09588764465326394,0.09588764465326394,0.5625,4.1565170704416585e-05,-1.943634447342884e-05,64
response_mean,25,21,8.394306917120978e-06,0.09580400158631275,0.09580400158631275,0.484375,-2.7402775231162873e-05,4.4191389065404837e-05,64
response_mean,33,17,0.00010668460868145494,0.09544108383153946,0.09544108383153946,0.578125,-0.0005120344567330704,0.0007254036740959803,64
response_first,29,2,3.572636273928921e-05,0.09528071294355044,0.09528071294355044,0.53125,-0.00010836762794496583,0.00017982035342354425,64
public_task_span,19,31,4.551559470655275e-05,0.0951885850790548,0.0951885850790548,0.5625,0.00016284010041543392,-7.180891100232841e-05,64
response_first,25,29,6.86619664236332e-07,0.0950459210214372,0.0950459210214372,0.546875,6.508317085263116e-07,7.224076199463526e-07,64
response_first,24,6,3.950749885461713e-06,0.09500949608026218,0.09500949608026218,0.5,1.4138797212124402e-05,-6.237297441200974e-06,64
response_mean,32,0,0.0001144179335597015,0.09488590417002628,0.09488590417002628,0.515625,-0.0005928126886373986,0.0008216485557568016,64
response_first,31,3,7.63249215651832e-06,0.09484112772782502,0.09484112772782502,0.5625,-2.7558019610287304e-05,4.2823003923323946e-05,64
post_selector,9,21,-6.701566508126871e-05,-0.09476358825902306,0.09476358825902306,0.5,4.50018887930834e-06,-0.00013853151904184578,64
post_selector,10,28,-7.988406741787731e-05,-0.09452343904718645,0.09452343904718645,0.5,-3.471952004474533e-05,-0.0001250486147910094,64
post_selector,1,13,0.0005039708341882815,0.09446042205152726,0.09446042205152726,0.5625,-0.0009016028484438622,0.001909544516820425,64
post_selector,22,12,4.388794707210559e-05,0.09429818514707893,0.09429818514707893,0.484375,-3.11279673041951e-05,0.00011890386144840624,64
final_prompt,22,4,3.100809203715644e-05,0.09428477402373743,0.09428477402373743,0.5,0.0001732324476506391,-0.00011121626357632621,64
post_selector,6,1,-0.0004090301317773892,-0.09414085375142164,0.09414085375142164,0.40625,-0.0017842823654063806,0.0009662221018516022,64
response_first,21,10,3.9257451345253713e-07,0.09412597120568161,0.09412597120568161,0.53125,-4.497045034135283e-07,1.2348535303186026e-06,64
post_selector,10,17,-0.0002389887818026169,-0.09400630109727116,0.09400630109727116,0.453125,-0.0007035013686618092,0.00022552380505657548,64
post_selector,19,20,-1.1933959427777467e-05,-0.09381916643599474,0.09381916643599474,0.453125,-5.111591070771063e-05,2.7247991852155697e-05,64
post_selector,22,29,-0.00028067816128895314,-0.09339195184101218,0.09339195184101218,0.5,-9.528933151159366e-05,-0.00046606699106631246,64
post_selector,2,9,0.0008905579306883655,0.09327882814046694,0.09327882814046694,0.53125,-0.0026577121607260813,0.004438828022102812,64
response_mean,24,25,0.0004038376628159215,0.09324245686982029,0.09324245686982029,0.578125,-0.002131523637217446,0.0029391989628492887,64
response_first,23,29,8.574159210185613e-06,0.09322446593751535,0.09322446593751535,0.5,4.076218559134405e-05,-2.3613867170972825e-05,64
final_prompt,23,14,2.359593565869979e-05,0.09321243862312449,0.09321243862312449,0.53125,3.809214354078065e-05,9.099727776618926e-06,64
response_mean,33,11,0.00010185747373724939,0.09320354541782609,0.09320354541782609,0.53125,-0.0007160376899264231,0.0009197526374009218,64
final_prompt,31,14,0.0003307510228296451,0.09314796070595341,0.09314796070595341,0.53125,0.0008501595539200924,-0.00018865750826080205,64
post_selector,15,25,0.0001897546235341,0.0930928805992513,0.0930928805992513,0.5,-0.0002504567419236968,0.0006299659889918969,64
post_selector,16,10,0.00011896652722497868,0.09304841873954353,0.09304841873954353,0.5,0.00014816324619459375,8.976980825536372e-05,64
post_selector,8,29,-3.147579104733712e-05,-0.09298936339431149,0.09298936339431149,0.453125,-0.00011484162382656475,5.189004173189051e-05,64
post_selector,12,25,2.1595751920067133e-07,0.09241261671280747,0.09241261671280747,0.515625,8.618062645737723e-07,-4.298912261724297e-07,64
post_selector,28,7,7.346153779508443e-05,0.09239275450000256,0.09239275450000256,0.546875,3.462820131971623e-05,0.00011229487427045267,64
post_selector,13,2,0.0004243386010784918,0.09227863094020214,0.09227863094020214,0.53125,-0.0005593088735622562,0.0014079860757192396,64
post_selector,2,23,0.0009907582561936414,0.0922585781403259,0.0922585781403259,0.640625,-0.001171476397757945,0.0031529929101452286,64
response_mean,19,8,2.2995466224530027e-05,0.0920795103023802,0.0920795103023802,0.53125,6.752151011822611e-05,-2.1530577669166044e-05,64
response_mean,29,3,7.788448056089097e-05,0.09204727351232023,0.09204727351232023,0.53125,-0.00034039610818580295,0.0004961650693075848,64
post_selector,2,15,0.0003833970185951314,0.09203142977606232,0.09203142977606232,0.5,-0.0016297287074848905,0.002396522744675153,64
response_first,24,1,3.5074189526085714e-06,0.09190265293867914,0.09190265293867914,0.5625,1.0336246759836462e-05,-3.3214088546193194e-06,64
response_mean,34,5,0.00016360585141227937,0.0917674717678241,0.0917674717678241,0.546875,-0.0006177321974973849,0.0009449439003219437,64
response_mean,33,28,5.5157987844716794e-05,0.09167144692598725,0.09167144692598725,0.53125,-0.00028300516032685,0.0003933211360162836,64
response_first,24,23,1.578247355382421e-05,0.09156652487578823,0.09156652487578823,0.53125,-1.1483757930358154e-05,4.304870503800657e-05,64
public_task_span,14,21,-2.6701550837060495e-06,-0.09144165069509008,0.09144165069509008,0.484375,4.237155224018352e-06,-9.57746539143045e-06,64
response_mean,31,12,1.041242637711692e-05,0.0913609303616947,0.0913609303616947,0.5,-5.167464723852183e-05,7.249949999275568e-05,64
post_selector,2,1,-0.00045114987369742444,-0.09132049111663097,0.09132049111663097,0.390625,-0.0018884174714912532,0.0009861177240964043,64
response_mean,31,31,3.0404863878178548e-05,0.09115421512332343,0.09115421512332343,0.53125,-0.00020251800242473928,0.0002633277301810964,64
post_selector,11,25,3.6305797493692393e-05,0.09090905139560897,0.09090905139560897,0.5625,7.578129361717656e-05,-3.1696986297917635e-06,64
post_selector,15,3,0.0009324772472609799,0.09082688280511281,0.09082688280511281,0.5,0.0005179756990401157,0.001346978795481844,64
final_prompt,24,4,1.3035902952651805e-05,0.09081456301143576,0.09081456301143576,0.59375,4.465639221961761e-05,-1.8584586314314008e-05,64
response_mean,29,11,5.8440583181592925e-06,0.09076563980089715,0.09076563980089715,0.5,-2.7201895662179303e-05,3.889001229849789e-05,64
response_first,19,13,2.068707065426493e-06,0.09057199800068669,0.09057199800068669,0.5,6.680846569292893e-06,-2.5434324384399076e-06,64
response_first,28,2,0.00012077153587596528,0.09051812487794024,0.09051812487794024,0.53125,-0.0008608783691670008,0.0011024214409189313,64
public_task_span,13,29,2.9176894940976245e-05,0.0904527275331019,0.0904527275331019,0.515625,8.50165220072051e-05,-2.666273212525259e-05,64
post_selector,8,20,3.059623918489255e-05,0.09045076292461723,0.09045076292461723,0.53125,-7.063558768849641e-07,6.189883424667005e-05,64
final_prompt,21,30,8.343160948242962e-05,0.09004046866921132,0.09004046866921132,0.5,-0.00012063769599990936,0.00028750091496476866,64
response_mean,32,3,0.0002048083783847663,0.09000519640138464,0.09000519640138464,0.515625,-0.0010758671751318419,0.0014854839319013743,64
response_mean,19,2,0.00015165753370638012,0.08999520896455697,0.08999520896455697,0.515625,0.0004087132708718697,-0.00010539820345910951,64
post_selector,8,26,-6.41566712147337e-05,-0.08996546034440152,0.08996546034440152,0.5,-5.707790842280944e-05,-7.123543400665794e-05,64
post_selector,7,28,-2.5149548378064738e-05,-0.08984601122442565,0.08984601122442565,0.5,-6.950320334907592e-05,1.9204106592946452e-05,64
post_selector,9,12,9.266925280827101e-05,0.0898086450818447,0.0898086450818447,0.453125,0.000503520666825336,-0.0003181821612087941,64
post_selector,3,11,0.0013864599750377218,0.08942209802100197,0.08942209802100197,0.5625,-1.5182187780752839e-05,0.0027881021378561976,64
final_prompt,26,22,1.6672629840280685e-05,0.08931373272169138,0.08931373272169138,0.53125,-1.0265537525806056e-05,4.361079720636743e-05,64
response_mean,28,17,1.7002422282525073e-05,0.08904464440399674,0.08904464440399674,0.546875,-8.996867222775487e-05,0.00012397351679280502,64
response_mean,27,30,0.00014844325960438438,0.08897355300613845,0.08897355300613845,0.53125,0.00030159706147969007,-4.710542270921147e-06,64
public_task_span,21,16,3.643427851329523e-05,0.08845226605316665,0.08845226605316665,0.5625,0.00027682365725919774,-0.00020395510023260726,64
response_first,23,22,3.397933460292194e-05,0.08843493227283995,0.08843493227283995,0.515625,3.388794266357587e-05,3.4070726542268016e-05,64
post_selector,33,6,0.0005059775394329187,0.08835226538805939,0.08835226538805939,0.671875,7.970942533562611e-06,0.0010039841363322752,64
post_selector,0,29,0.0006778224778827241,0.08818346176295576,0.08818346176295576,0.515625,0.00038062434759922206,0.0009750206081662264,64
post_selector,5,0,0.00021141053912286385,0.08795612586102389,0.08795612586102389,0.65625,-6.5089116105912265e-06,0.0004293299898563189,64
response_mean,32,8,9.867917469819033e-05,0.08785701141090392,0.08785701141090392,0.515625,-0.0004109285573576733,0.000608286906754054,64
post_selector,28,6,-0.00021047691666353742,-0.08769734985843756,0.08769734985843756,0.53125,-0.0001227601842401812,-0.0002981936490868935,64
response_mean,20,28,0.00025898846934069113,0.08751352529601393,0.08751352529601393,0.484375,0.002113828238179817,-0.001595851299498435,64
final_prompt,32,5,5.751784169660474e-05,0.0874821139613752,0.0874821139613752,0.53125,5.1819117288686426e-05,6.321656610452307e-05,64
post_selector,11,1,6.514798769785579e-05,0.08725494952229244,0.08725494952229244,0.546875,0.00020215759468555312,-7.186161928984157e-05,64
post_selector,27,22,0.00020494784621404835,0.08712986170675245,0.08712986170675245,0.5,0.0004977571770723406,-8.786148464424374e-05,64
public_task_span,26,24,1.675096211783329e-05,0.08680172376784466,0.08680172376784466,0.53125,7.511566013816791e-05,-4.1613735902501334e-05,64
final_prompt,29,24,3.548879976733545e-05,0.08678123788753764,0.08678123788753764,0.578125,-7.237331737996003e-05,0.0001433509169146309,64
post_selector,15,2,0.00019506281387294256,0.08619942208652331,0.08619942208652331,0.46875,0.000360940510290675,2.9185117455210203e-05,64
response_mean,31,29,0.0001408496282238014,0.08579544947187365,0.08579544947187365,0.5,-0.0009774643149284877,0.0012591635713760905,64
post_selector,18,0,8.005736367521846e-05,0.08578380132489963,0.08578380132489963,0.515625,0.0001204921031785475,3.9622624171889475e-05,64
post_selector,8,1,-6.60192449686172e-05,-0.08568739331369224,0.08568739331369224,0.359375,-0.00014104800447964816,9.00951454241373e-06,64
response_first,29,26,0.00015542533583356118,0.08560060085579092,0.08560060085579092,0.5625,-0.00017370456771458503,0.0004845552393817075,64
post_selector,27,21,-8.612954752606003e-05,-0.08558185225489406,0.08558185225489406,0.484375,-0.00019280602828074825,2.0546933228628126e-05,64
final_prompt,31,15,0.000449809135261593,0.08554888453913818,0.08554888453913818,0.5625,0.001325773841017484,-0.0004261555704942984,64
public_task_span,21,27,-7.009118007771648e-05,-0.08550925110071586,0.08550925110071586,0.5,-0.00043571315791266044,0.00029553079775722753,64
response_mean,28,20,3.7054646213618514e-06,0.0852445091070624,0.0852445091070624,0.546875,-6.654785124737565e-06,1.4065714367461268e-05,64
public_task_span,11,22,-1.4795842503188945e-05,-0.0848694437464681,0.0848694437464681,0.453125,-4.5326270537766186e-05,1.573458553138831e-05,64
post_selector,22,27,1.540279959044499e-05,0.08486060477304384,0.08486060477304384,0.546875,6.447973100874699e-05,-3.367413182785702e-05,64
response_mean,32,2,3.0308771442836656e-05,0.08463518018986685,0.08463518018986685,0.5,-0.0001918557674116175,0.0002524733102972908,64
post_selector,24,16,-0.00010605081774884428,-0.08461262513032242,0.08461262513032242,0.65625,-0.00016460528513562273,-4.749635036206589e-05,64
response_first,21,4,4.0782925054818065e-06,0.08455757058643316,0.08455757058643316,0.515625,7.855978765290206e-06,3.006062456734071e-07,64
post_selector,23,19,9.790333052707103e-06,0.0844010420835903,0.0844010420835903,0.546875,2.9342988511871396e-05,-9.762322406457193e-06,64
final_prompt,30,11,0.00020829745017181245,0.08436525383831907,0.08436525383831907,0.5,0.0007237132385853218,-0.00030711833824169685,64
response_first,29,6,5.8068178759635126e-05,0.08419117578032541,0.08419117578032541,0.515625,-0.00023223831249195121,0.00034837467001122145,64
response_mean,33,30,3.600329318942006e-05,0.08414590840628218,0.08414590840628218,0.5,-0.00022532645107272914,0.0002973330374515693,64
final_prompt,27,31,6.535035981869092e-05,0.08413352353555817,0.08413352353555817,0.515625,-0.0002485066488588812,0.000379207368496263,64
response_mean,35,22,0.00033632905615376893,0.08365103206614125,0.08365103206614125,0.546875,-0.0009071341773960642,0.0015797922897036018,64
public_task_span,21,18,9.190308611550555e-05,0.08359887834545895,0.08359887834545895,0.515625,0.0005511092211918176,-0.0003673030489608066,64
post_selector,35,12,-0.0002852554462151595,-0.08359102357937769,0.08359102357937769,0.5,-0.0009559248719597125,0.0003854139795293934,64
post_selector,28,5,-0.0001295223089528044,-0.0835893447678684,0.0835893447678684,0.59375,-0.00039989430115382484,0.00014084968324821608,64
post_selector,30,31,-3.5175370157958526e-05,-0.08348931239483134,0.08348931239483134,0.5625,2.1688167407773224e-05,-9.20389077236903e-05,64
post_selector,8,31,2.6438833288010835e-05,0.08346436564845573,0.08346436564845573,0.53125,3.6250825132803243e-05,1.66268414432184e-05,64
response_mean,20,8,0.0002779161804227005,0.08346140363613665,0.08346140363613665,0.640625,-0.00036956024501934716,0.0009253926058647482,64
post_selector,7,29,2.479448266967034e-05,0.08335451405125016,0.08335451405125016,0.5,2.4184670110114836e-05,2.540429522922582e-05,64
response_mean,31,28,3.938241218292913e-05,0.08333527961340842,0.08333527961340842,0.515625,-0.00025125746299179167,0.00033002228735765006,64
final_prompt,20,2,5.980147443551922e-05,0.08332748833495193,0.08332748833495193,0.515625,0.00011741395974241057,2.188989128627949e-06,64
final_prompt,22,10,3.7209694596645637e-06,0.08320771114081811,0.08320771114081811,0.546875,1.2200379444492806e-05,-4.7584405251636785e-06,64
public_task_span,20,21,2.784204387040745e-06,0.0831667800619879,0.0831667800619879,0.515625,1.2295306390797123e-06,4.338878135001778e-06,64
post_selector,34,27,-7.824368685759679e-05,-0.0831325506741444,0.0831325506741444,0.453125,0.00021777526035292487,-0.0003742626340681184,64
response_mean,25,28,3.076954317293384e-05,0.08312435708062962,0.08312435708062962,0.515625,-0.0001293252280447457,0.00019086431439061338,64
response_mean,34,31,3.916503953859821e-05,0.08303848976389226,0.08303848976389226,0.5,-0.00018284103293806557,0.000261171112015262,64
post_selector,5,28,0.0001106950267057856,0.08297547408296745,0.08297547408296745,0.640625,-0.00020804976065847997,0.0004294398140700511,64
response_first,27,15,1.3281938663564818e-05,0.08275381945213629,0.08275381945213629,0.53125,-7.066958551148292e-05,9.723346283861257e-05,64
post_selector,9,5,3.8379620150413355e-05,0.08274341853841632,0.08274341853841632,0.46875,0.0001485958514422107,-7.183661114138401e-05,64
post_selector,14,19,-0.0011835362893180012,-0.08255865159476083,0.08255865159476083,0.5,-0.0022954370215302316,-7.163555710577212e-05,64
response_mean,29,24,2.912785794251346e-05,0.08254073981970218,0.08254073981970218,0.515625,-0.00016915126889214762,0.00022740698477717456,64
post_selector,30,16,0.0001594275927345721,0.08200775319181601,0.08200775319181601,0.578125,-0.0009869910136330684,0.0013058461991022124,64
post_selector,31,2,-7.845449363230427e-05,-0.08199767898260152,0.08199767898260152,0.4375,-4.555229679689709e-06,-0.00015235375758491883,64
public_task_span,26,26,3.1044304478202616e-05,0.08193224002249389,0.08193224002249389,0.5,-0.0001049305428750639,0.00016701915183146919,64
post_selector,1,26,-0.0011096348316641518,-0.08169935736927134,0.08169935736927134,0.5,-0.00146359667996875,-0.0007556729833595533,64
response_mean,22,8,3.251359612476369e-05,0.08165606592849123,0.08165606592849123,0.53125,2.1164447389305787e-05,4.386274486022158e-05,64
response_first,31,4,9.394971129945145e-06,0.08159272216930252,0.08159272216930252,0.515625,-1.826183142839049e-05,3.7051773688280775e-05,64
response_first,26,29,1.4524267044175886e-05,0.08140279919284434,0.08140279919284434,0.53125,5.195630933483963e-05,-2.2907775246487868e-05,64
post_selector,18,26,0.0002630408780532902,0.0812795295505365,0.0812795295505365,0.484375,0.0008896654326235872,-0.00036358367651700665,64
post_selector,27,27,7.076555993989906e-05,0.08122942710786227,0.08122942710786227,0.515625,-0.00029498629191946913,0.00043651741179926725,64
post_selector,31,17,-0.00011316743803035465,-0.08094523651074079,0.08094523651074079,0.5,-0.00014542332519340312,-8.091155086730628e-05,64
response_first,25,30,0.0001683159016465582,0.08067033454055691,0.08067033454055691,0.515625,-0.001082838743968733,0.001419470547261849,64
post_selector,4,2,-0.0003719910691870566,-0.08066712797207644,0.08066712797207644,0.5,-0.0007954882566991641,5.150611832505111e-05,64
post_selector,27,19,0.0004066707915626438,0.08062003724045201,0.08062003724045201,0.53125,0.0007747201307210967,3.8621452404190466e-05,64
post_selector,11,13,-8.20546656541433e-05,-0.08053249284896001,0.08053249284896001,0.5,6.78574033372491e-05,-0.00023196673464553574,64
response_first,22,4,2.9457682501290505e-05,0.08049125689121167,0.08049125689121167,0.5,0.0001574942355375626,-9.857887053498157e-05,64
response_mean,33,13,5.927092252023412e-05,0.0803992287766232,0.0803992287766232,0.5,-0.00035030259732590427,0.00046884444236637243,64
response_first,23,11,1.347496804626686e-05,0.08030042827011928,0.08030042827011928,0.515625,-1.6377769199491885e-05,4.33277052920256e-05,64
final_prompt,23,4,7.113986155715679e-08,0.0802168307263347,0.0802168307263347,0.53125,2.892199839621412e-07,-1.4694026084782763e-07,64
post_selector,26,6,9.342843441117937e-05,0.080171921078735,0.080171921078735,0.5,-0.00014790020941290546,0.0003347570782352641,64
response_first,24,7,9.061400518817209e-07,0.08016243336718591,0.08016243336718591,0.5625,-1.3448631079882034e-06,3.157143211751645e-06,64
response_mean,30,16,-2.551427223807134e-05,-0.07994841811722125,0.07994841811722125,0.5,-0.00019137474646411663,0.00014034620198797394,64
public_task_span,12,4,-8.965765391621692e-05,-0.07990609621171736,0.07990609621171736,0.5,-0.0003727584635271221,0.00019344315569468833,64
post_selector,34,20,-8.788616547406063e-06,-0.0795197755392395,0.0795197755392395,0.609375,-1.4899313214301003e-05,-2.677919880511122e-06,64
public_task_span,21,29,1.8647885099196984e-05,0.07938933838570746,0.07938933838570746,0.59375,3.4748527014013837e-05,2.5472431843801254e-06,64
post_selector,35,5,0.0003385576437722125,0.0793384720478722,0.0793384720478722,0.5,0.0005716371233575,0.0001054781641869249,64
response_mean,29,0,0.00012720398081000504,0.07894907807115319,0.07894907807115319,0.515625,-0.0005944833937974,0.0008488913554174102,64
post_selector,33,26,-0.00015965560032781359,-0.07887905599624788,0.07887905599624788,0.484375,5.2523759222826004e-05,-0.0003718349598784531,64
post_selector,32,21,-0.00010064745401904717,-0.07881043689158387,0.07881043689158387,0.4375,-0.00027229386250837343,7.099895447027909e-05,64
response_first,32,6,4.978920799202703e-05,0.07866503674603911,0.07866503674603911,0.578125,-7.939265969997907e-06,0.00010751768195405195,64
post_selector,19,18,-8.022600832191404e-05,-0.07865703948751378,0.07865703948751378,0.5,-0.00015831171913303753,-2.1402975107906376e-06,64
post_selector,1,11,0.0003130808909190782,0.07860264101477092,0.07860264101477092,0.546875,0.0003205124521627969,0.00030564932967535935,64
post_selector,13,4,8.941132000472971e-05,0.07848259440348483,0.07848259440348483,0.5,0.00017241952264157503,6.403117367884359e-06,64
response_mean,19,9,2.511376374059232e-05,0.07847488426798079,0.07847488426798079,0.5,-8.18853885675609e-05,0.00013211291604874555,64
response_first,22,6,7.41774755397547e-06,0.07845273212012539,0.07845273212012539,0.5,5.3838275107402904e-05,-3.900277999945196e-05,64
post_selector,3,20,0.000424051340814914,0.07840678233059643,0.07840678233059643,0.5,0.0008433179973508093,4.784684279018946e-06,64
post_selector,2,0,-0.0005157258638064329,-0.07838132620803812,0.07838132620803812,0.40625,-0.0018670580175239376,0.0008356062899110717,64
public_task_span,11,29,-8.9249338088845e-06,-0.0782903217499414,0.0782903217499414,0.5,6.663279464183688e-06,-2.4513147081952687e-05,64
post_selector,12,10,0.00027206285813008446,0.07824793090696854,0.07824793090696854,0.515625,-0.0004821600450668405,0.0010262857613270093,64
response_mean,34,30,0.00010412080064269727,0.0782027980565932,0.0782027980565932,0.515625,-0.0006806668934586679,0.0008889084947440624,64
post_selector,25,5,2.096710750264515e-05,0.07795176165639242,0.07795176165639242,0.5,-2.5590732548160035e-05,6.752494755345032e-05,64
response_mean,29,19,-1.0754632000951871e-05,-0.0777866289956763,0.0777866289956763,0.5,-6.493073681211581e-05,4.3421472810212074e-05,64
response_mean,34,28,0.00021123414444445526,0.07767039772908957,0.07767039772908957,0.53125,-0.0014304232317953994,0.0018528915206843096,64
final_prompt,22,6,4.034680614495336e-05,0.07752185930094714,0.07752185930094714,0.5,0.00032210978042709903,-0.00024141616813719234,64
response_mean,20,31,0.0003470362951247776,0.0775126474090249,0.0775126474090249,0.53125,0.0025479234227531967,-0.0018538508325036417,64
response_mean,29,31,4.783233904958216e-06,0.07747936600432329,0.07747936600432329,0.515625,2.365726408015166e-05,-1.4090796270235231e-05,64
response_mean,34,1,7.534224323536077e-05,0.07740864874683862,0.07740864874683862,0.53125,-5.420279376266563e-05,0.00020488728023338715,64
final_prompt,28,8,2.8432972840159306e-05,0.07732616290145214,0.07732616290145214,0.515625,0.00011440650814618636,-5.754056246586774e-05,64
post_selector,4,20,0.0006624839770665936,0.07717422910064471,0.07717422910064471,0.484375,-0.0005563498270930627,0.0018813177812262501,64
public_task_span,11,6,-3.554768761660258e-05,-0.07664838920453994,0.07664838920453994,0.5,-0.00011464036788310691,4.3544992649901786e-05,64
post_selector,6,18,-0.0002594023781057376,-0.0766043909583285,0.0766043909583285,0.546875,-0.0014092814490140801,0.0008904766928026049,64
response_mean,18,19,0.0001943616737492035,0.0765390359153967,0.0765390359153967,0.515625,-0.0003057047856600519,0.000694428133158459,64
post_selector,29,29,8.010057308638328e-05,0.07645223057887988,0.07645223057887988,0.5625,0.0003397517634766634,-0.0001795506173038969,64
response_first,32,11,3.061886081922282e-05,0.07615208333053732,0.07615208333053732,0.53125,-1.0604898307061158e-05,7.184261994550679e-05,64
post_selector,7,27,-2.5794158773348175e-05,-0.07614879009486064,0.07614879009486064,0.5,-3.1540432246396336e-05,-2.0047885300300008e-05,64
post_selector,34,25,0.00013496315568772572,0.07610987415215807,0.07610987415215807,0.546875,0.0005176148570171564,-0.00024768854564170486,64
post_selector,5,11,-0.0012323409227974484,-0.07610373447359645,0.07610373447359645,0.421875,-0.003907580099621547,0.0014428982540266506,64
post_selector,4,17,0.0007738244876236487,0.07589632443915727,0.07589632443915727,0.453125,-0.001413245994626752,0.0029608949698740495,64
public_task_span,14,22,-9.180584328305486e-07,-0.07588448711335735,0.07588448711335735,0.5,1.3420802531527445e-06,-3.1781971188138414e-06,64
post_selector,32,27,-0.0003767432208405813,-0.07582173558618709,0.07582173558618709,0.5,-0.0005547192413359845,-0.00019876720034517803,64
response_mean,19,27,9.978686819067511e-05,0.07574759499621019,0.07574759499621019,0.515625,-0.00042826836494212826,0.0006278421013234786,64
final_prompt,28,6,8.319679545820462e-05,0.07570486124751769,0.07570486124751769,0.53125,0.0004482246986298996,-0.00028183110771349033,64
post_selector,19,26,-0.00022300736964097942,-0.07567215358195604,0.07567215358195604,0.453125,0.00026547687957645204,-0.000711491618858411,64
final_prompt,34,26,9.676356569341124e-06,0.07566245185617201,0.07566245185617201,0.5,7.107880378497819e-05,-5.172609064629595e-05,64
post_selector,4,19,0.00018274957665199702,0.07528784716673302,0.07528784716673302,0.390625,-0.00020805913391085319,0.0005735582872148471,64
final_prompt,28,9,6.185389429447202e-05,0.07526942883668808,0.07526942883668808,0.53125,-0.0001176050154754153,0.00024131280406435935,64
final_prompt,29,6,4.839446205550964e-05,0.07511699996098445,0.07511699996098445,0.546875,-0.00033172751318486437,0.0004285164372958837,64
response_mean,25,22,1.314609488645003e-05,0.07509838654028167,0.07509838654028167,0.5,-8.888139063857154e-06,3.518032883675722e-05,64
final_prompt,25,29,2.046096710728537e-06,0.07509364879063114,0.07509364879063114,0.53125,4.914701207781497e-06,-8.225077863244219e-07,64
response_first,28,13,6.608945199103324e-06,0.07508474188832717,0.07508474188832717,0.546875,1.8148945173395608e-06,1.1402995880867091e-05,64
response_first,33,18,5.4276569244386715e-05,0.07499756289123774,0.07499756289123774,0.546875,-0.0002993192683788924,0.00040787240686766585,64
post_selector,3,26,0.0006676945758954376,0.07497446174323953,0.07497446174323953,0.515625,-0.0011322273858240747,0.0024676165376149497,64
response_first,24,26,3.4540910405668006e-05,0.07494741012107423,0.07494741012107423,0.5,-7.8037681532794e-05,0.00014711950234413002,64
response_first,34,5,8.324102145707186e-05,0.07489775864789626,0.07489775864789626,0.5,-0.00014331734382721565,0.00030979938674135935,64
post_selector,5,8,-0.0009609208937035907,-0.07481411135467197,0.07481411135467197,0.5,-0.0018035476095974404,-0.00011829417780974101,64
post_selector,22,13,0.00010468703476363282,0.07466859036005166,0.07466859036005166,0.546875,-0.0006486908969236278,0.0008580649664508935,64
response_mean,33,6,0.00020098785171284833,0.0746471804754396,0.0746471804754396,0.5,-0.0012906044321425625,0.0016925801355682593,64
final_prompt,20,4,3.840960857814818e-05,0.07432991113867624,0.07432991113867624,0.5625,6.943462039999532e-05,7.3845967563010746e-06,64
response_first,27,31,7.875735946074632e-06,0.07408292839708513,0.07408292839708513,0.546875,2.35279212574764e-05,-7.776449365327133e-06,64
response_mean,34,16,2.0473857603055437e-05,0.07404019656602241,0.07404019656602241,0.53125,-0.00011932221696041248,0.00016026993216652335,64
final_prompt,27,0,-6.059416705283808e-06,-0.07401948448158116,0.07401948448158116,0.484375,-5.160377440933002e-07,-1.1602795666474313e-05,64
response_first,28,18,1.999578068989367e-05,0.0739913346955956,0.0739913346955956,0.546875,-5.693447815246421e-05,9.692603953225155e-05,64
response_first,27,29,3.465877853159613e-05,0.07381500189320973,0.07381500189320973,0.5,5.112365761306186e-05,1.8193899450130377e-05,64
post_selector,12,26,0.0005539325866266173,0.07376016290652378,0.07376016290652378,0.5,-0.0005790670256828876,0.0016869321989361216,64
public_task_span,11,18,-3.7503157727766744e-05,-0.07308978301664788,0.07308978301664788,0.453125,-0.00014377025308930528,6.876393763377178e-05,64
response_mean,19,3,0.00016054674154019778,0.07250670142298221,0.07250670142298221,0.546875,-0.00010749338753158127,0.0004285868706119768,64
response_mean,25,14,8.278270161099061e-05,0.0724770454050664,0.0724770454050664,0.5,-3.683975410239011e-05,0.0002024051573243713,64
response_first,23,6,2.6547154448053334e-06,0.07217086201036396,0.07217086201036396,0.53125,1.3615117950394051e-05,-8.305687060783384e-06,64
final_prompt,34,27,2.3107771909280928e-06,0.07212876393006362,0.07212876393006362,0.515625,8.584253180288215e-06,-3.9626987984320294e-06,64
post_selector,27,28,-0.00023362331694444464,-0.07193544772765277,0.07193544772765277,0.640625,-0.0005118142853461978,4.456765145730853e-05,64
post_selector,32,30,1.1885043527115613e-06,0.0718331164926135,0.0718331164926135,0.46875,1.7275706341024488e-06,6.494380713206738e-07,64
response_mean,30,24,1.6969926093679085e-05,0.07182561759226294,0.07182561759226294,0.515625,-0.00011977655100279553,0.0001537164031901537,64
post_selector,10,30,-0.00010002142789743947,-0.07182555957761189,0.07182555957761189,0.515625,-1.121405693993621e-05,-0.00018882879885494274,64
response_mean,33,20,0.00011893690088982487,0.07178316240379383,0.07178316240379383,0.53125,-0.0008512435069860324,0.001089117308765682,64
post_selector,2,2,0.000589799605222647,0.07173987005559337,0.07173987005559337,0.53125,-0.001959022563823953,0.003138621774269247,64
post_selector,3,2,0.0011895429779542584,0.07170924433050026,0.07170924433050026,0.5,0.0002712776185944631,0.0021078083373140526,64
public_task_span,19,1,7.982156057550783e-05,0.07164950339285628,0.07164950339285628,0.5,-0.0002818070834109532,0.0004414502045619688,64
response_mean,28,6,-2.9508442594300547e-05,-0.07164725375843574,0.07164725375843574,0.5,-1.6971518562059182e-05,-4.2045366626541925e-05,64
post_selector,2,16,-0.0003907879254256765,-0.07159876575708596,0.07159876575708596,0.40625,-0.00120990069262915,0.0004283248417777969,64
response_mean,21,13,1.617178139667776e-05,0.07151099178553352,0.07151099178553352,0.5,5.252986011327735e-05,-2.0186297319921822e-05,64
response_mean,22,10,6.05367512207496e-06,0.07138938356990732,0.07138938356990732,0.53125,5.460415195596354e-07,1.1561308724590287e-05,64
response_mean,25,27,0.0001369141355098711,0.07132920528347783,0.07132920528347783,0.515625,-0.0009116341943808689,0.0011854624654006113,64
post_selector,1,10,0.0002740654963417861,0.07132705278501653,0.07132705278501653,0.53125,-2.5250847102222017e-06,0.0005506560773937945,64
final_prompt,27,15,3.5094713894063025e-05,0.0712292936922043,0.0712292936922043,0.515625,-0.0002113793507305553,0.0002815687785186813,64
public_task_span,21,5,5.964638967271179e-05,0.07118134371395275,0.07118134371395275,0.546875,0.0002001865559577753,-8.089377661235167e-05,64
post_selector,4,10,0.000578814564505589,0.07117314880310092,0.07117314880310092,0.5,-0.002017404400248772,0.00317503352925995,64
public_task_span,19,21,-8.220943345804563e-05,-0.07115554676820693,0.07115554676820693,0.5,0.00016895494445634063,-0.0003333738113724319,64
response_first,34,7,4.4816333229384915e-05,0.07100254957696103,0.07100254957696103,0.5,-0.0003322440907140616,0.00042187675717283133,64
response_first,25,25,3.8439585523526625e-06,0.07098709414477636,0.07098709414477636,0.515625,1.5444569328335035e-05,-7.75665222362971e-06,64
post_selector,23,15,-7.653641182515433e-05,-0.07091726358531107,0.07091726358531107,0.515625,5.2531410346978824e-05,-0.00020560423399728752,64
post_selector,19,19,0.0001873638320830697,0.07084744360285772,0.07084744360285772,0.46875,0.0007810307415638737,-0.0004063030773977344,64
response_mean,20,18,0.00010967039725073723,0.07063590740587139,0.07063590740587139,0.546875,0.0005126390083205351,-0.0002932982138190606,64
final_prompt,28,19,3.4870156468962586e-05,0.07044456015779006,0.07044456015779006,0.546875,-0.00023574322767670722,0.0003054835406146324,64
response_mean,31,1,-3.4039283320902505e-06,-0.0703513419461707,0.0703513419461707,0.5,-1.986525677466177e-05,1.305740011048127e-05,64
public_task_span,10,15,-1.3265822872190278e-05,-0.07026890121588951,0.07026890121588951,0.484375,8.782305485517713e-06,-3.531395122989827e-05,64
response_first,22,11,9.942491033140964e-06,0.07025123888234176,0.07025123888234176,0.53125,3.466752855273965e-05,-1.4782546486457715e-05,64
post_selector,3,22,-0.0002648017216415594,-0.07017540761253582,0.07017540761253582,0.5,-0.0005080670634924937,-2.1536379790625115e-05,64
post_selector,21,12,-0.0001611422485439033,-0.07012133690339978,0.07012133690339978,0.359375,-0.00041245664579034227,9.01721487025356e-05,64
post_selector,9,17,-0.0002825370484060851,-0.07004638433681794,0.07004638433681794,0.4375,0.0007257569995999687,-0.0012908310964121392,64
post_selector,6,31,-0.000540422715630489,-0.0699931150059157,0.0699931150059157,0.515625,-0.0022417477293856652,0.001160902298124687,64
response_mean,34,2,0.00015748889927636145,0.06985910791630885,0.06985910791630885,0.546875,-0.001199983984406538,0.0015149617829592608,64
response_mean,27,11,1.7395463260068522e-05,0.0695655724058857,0.0695655724058857,0.515625,5.2511612011589084e-05,-1.7720685491452047e-05,64
final_prompt,31,12,1.9615611790865385e-05,0.06951500687979588,0.06951500687979588,0.5,9.975707462216182e-05,-6.0525851040431046e-05,64
final_prompt,33,19,8.865500421960876e-05,0.06943040186645218,0.06943040186645218,0.546875,7.25682202755585e-05,0.00010474178816365903,64
final_prompt,25,23,2.021837167376562e-05,0.06938408360580388,0.06938408360580388,0.546875,6.951505588402958e-05,-2.9078312536498338e-05,64
response_mean,29,13,3.03645424537556e-05,0.06916776962029245,0.06916776962029245,0.5,-5.946159410540063e-05,0.00012019067901291184,64
post_selector,25,0,-9.77284171312856e-05,-0.06916655756798129,0.06916655756798129,0.40625,-0.0004533248502411607,0.0002578680159785895,64
post_selector,7,24,7.667349927942502e-05,0.0691653957616986,0.0691653957616986,0.5,0.00019203046394978754,-3.868346539093751e-05,64
response_first,29,25,7.073225333441397e-05,0.06914438559127344,0.06914438559127344,0.625,-6.582105379494404e-05,0.000207285560463772,64
public_task_span,15,20,-4.8052178271959625e-06,-0.06908713180506947,0.06908713180506947,0.46875,-2.3253978497446158e-05,1.3643542843054231e-05,64
final_prompt,20,18,1.516978488780256e-05,0.06905957042724163,0.06905957042724163,0.5,7.2445585260523e-05,-4.210601548491789e-05,64
response_mean,33,23,0.00011513732215461984,0.06892927711833546,0.06892927711833546,0.515625,-0.0008478995287077675,0.001078174173017007,64
response_mean,33,31,7.153455248953692e-05,0.06892579780435765,0.06892579780435765,0.515625,-0.0005885961008970811,0.0007316652058761549,64
public_task_span,11,17,-9.728341069604477e-06,-0.06885026774870803,0.06885026774870803,0.484375,9.765777804201496e-06,-2.9222459943410458e-05,64
post_selector,6,8,0.00020363161456770702,0.06874751482575513,0.06874751482575513,0.46875,0.0005420861198217609,-0.00013482289068634688,64
response_mean,31,6,5.572618829318486e-05,0.06861559920277849,0.06861559920277849,0.5,-0.0002933091486738573,0.00040476152526022703,64
post_selector,4,22,-0.00030477398104266924,-0.06848057967292917,0.06848057967292917,0.515625,-0.002543414331739751,0.0019338663696544126,64
final_prompt,21,24,2.0614888683209198e-05,0.06839233294897726,0.06839233294897726,0.53125,4.193308575395543e-05,-7.033083875370305e-07,64
response_mean,24,2,2.7755695327867882e-05,0.0682963367999344,0.0682963367999344,0.515625,-9.626697465136527e-05,0.00015177836530710107,64
public_task_span,19,29,2.9679323120034826e-05,0.06824582950708402,0.06824582950708402,0.515625,0.0002790217943129144,-0.00021966314807284477,64
final_prompt,20,21,6.760579225328911e-07,0.06817834877570018,0.06817834877570018,0.5,1.5117635854267064e-06,-1.5964774036092422e-07,64
public_task_span,14,20,-3.632268430919749e-06,-0.06812920246663476,0.06812920246663476,0.46875,-8.530987543037798e-07,-6.41143810753572e-06,64
post_selector,35,29,-0.00017925102292793023,-0.06804482008275248,0.06804482008275248,0.484375,-4.390634057927184e-05,-0.0003145957052765886,64
post_selector,11,14,0.00048774922834126717,0.06793474220074674,0.06793474220074674,0.59375,-0.001454533507057928,0.0024300319637404625,64
response_mean,23,18,-4.524853551402149e-06,-0.0678029299348951,0.0678029299348951,0.484375,-2.614226815466989e-05,1.7092561051865596e-05,64
public_task_span,13,22,-3.886173601586063e-06,-0.0677627688662,0.0677627688662,0.46875,-1.3355871033128295e-05,5.58352382995617e-06,64
response_first,26,25,-2.1296423142299615e-05,-0.06759684582745856,0.06759684582745856,0.40625,0.00015974837037901064,-0.00020234121666360988,64
post_selector,2,14,-0.00039739300700602576,-0.06755940585444191,0.06755940585444191,0.484375,-0.002672963863005846,0.0018781778489937943,64
final_prompt,34,29,7.184233822955697e-06,0.06753650283717269,0.06753650283717269,0.5,9.124777079706527e-06,5.243690566204869e-06,64
post_selector,7,16,2.429922903957123e-05,0.06744729748605563,0.06744729748605563,0.5,2.512062792448478e-05,2.347783015465767e-05,64
response_mean,17,14,-1.5347550913700707e-05,-0.0670375740280573,0.0670375740280573,0.5,-3.593906041032584e-05,5.243958582924425e-06,64
final_prompt,33,14,0.00011763099882955744,0.06697440090118138,0.06697440090118138,0.53125,0.0001469527560402617,8.830924161885311e-05,64
response_mean,29,4,7.683676267333645e-05,0.06685408932014826,0.06685408932014826,0.515625,-0.0007223253942356348,0.0008759989195823077,64
post_selector,2,10,-0.0009110115533985642,-0.06668940444912129,0.06668940444912129,0.484375,-0.0063731654881848815,0.004551142381387753,64
response_mean,21,15,3.162034784053759e-05,0.06664995767777075,0.06664995767777075,0.59375,8.997934901343587e-05,-2.673865333236068e-05,64
public_task_span,11,26,-4.151325788370237e-05,-0.06662217427781457,0.06662217427781457,0.46875,-0.0002062867365566392,0.00012326022078923442,64
response_first,24,25,0.00014474180352407935,0.06639367668134438,0.06639367668134438,0.53125,-0.0009228664857800752,0.0012123500928282339,64
post_selector,0,4,0.0007626455881108989,0.06622781285088432,0.06622781285088432,0.5,-0.00016920968482736292,0.0016945008610491597,64
final_prompt,20,23,1.9203726196795307e-05,0.06617475489161626,0.06617475489161626,0.5,3.380808766451249e-05,4.599364729078124e-06,64
response_mean,34,3,0.00012259144750714914,0.06612575232283262,0.06612575232283262,0.5625,-0.001115296809075489,0.0013604797040897873,64
response_first,19,29,5.376557886902969e-06,0.066100215819255,0.066100215819255,0.5,3.896253600287389e-05,-2.820942022906795e-05,64
response_first,29,9,1.6410261423516637e-05,0.06600758964675273,0.06600758964675273,0.546875,-0.00010230173461421235,0.00013512225746124563,64
public_task_span,17,6,2.768630156424605e-05,0.06570038592910633,0.06570038592910633,0.5,0.0001423911226083685,-8.701851947987642e-05,64
post_selector,26,13,-0.00015452320803887283,-0.06546134252112373,0.06546134252112373,0.40625,-0.0011119532809970895,0.0008029068649193437,64
response_first,21,26,1.3714913036366738e-06,0.0653448067746985,0.0653448067746985,0.515625,7.508178661908005e-06,-4.765196054634657e-06,64
public_task_span,15,22,-2.820502317036614e-06,-0.0653273509060414,0.0653273509060414,0.46875,-4.37901240957457e-06,-1.2619922244986565e-06,64
response_mean,18,17,0.00030418976461987497,0.06522799775468927,0.06522799775468927,0.515625,0.00010303596491211252,0.0005053435643276376,64
post_selector,2,3,0.0005063842036179202,0.06473229359719013,0.06473229359719013,0.53125,-0.0016525021783309122,0.002665270585566753,64
response_mean,33,12,6.353529147417727e-05,0.06469660070913853,0.06469660070913853,0.5625,-0.0001992646175494806,0.0003263352004978351,64
public_task_span,11,27,-4.2894478383460544e-05,-0.064644073979915,0.064644073979915,0.46875,-6.803453470638768e-05,-1.77544220605334e-05,64
final_prompt,26,4,-9.200877502734867e-05,-0.06463447641298693,0.06463447641298693,0.515625,-0.00016860184587131252,-1.541570418338485e-05,64
post_selector,35,14,0.00014449229638558548,0.06450733642507132,0.06450733642507132,0.5,-0.0006477284186985156,0.0009367130114696865,64
response_first,29,8,2.0011363062618535e-05,0.06448718902592243,0.06448718902592243,0.546875,-9.098279952012416e-05,0.0001310055256453612,64
public_task_span,14,10,-2.5758887886690155e-05,-0.06387486806247838,0.06387486806247838,0.453125,-0.00015792936437717637,0.00010641158860379607,64
response_first,24,8,2.0125666225113097e-05,0.06381419021174368,0.06381419021174368,0.53125,-0.0001535633052469469,0.00019381463769717306,64
response_first,26,23,7.56477410845724e-06,0.0637958860015003,0.0637958860015003,0.515625,3.223211240310065e-05,-1.7102564186186156e-05,64
response_mean,19,10,0.00010094976710206533,0.06376657410515404,0.06376657410515404,0.515625,-7.624808858972931e-06,0.00020952434306310355,64
post_selector,4,12,-0.0007230365390569024,-0.06350122427780507,0.06350122427780507,0.28125,-0.0023400121826852977,0.0008939391045714927,64
post_selector,4,6,0.0005992175347273496,0.06333235783254924,0.06333235783254924,0.6875,-0.0006470440002885928,0.001845479069743292,64
final_prompt,19,9,7.495787372133271e-06,0.06332407044806482,0.06332407044806482,0.5,4.0468569636672467e-05,-2.5476994892405924e-05,64
public_task_span,20,18,3.80350320483524e-05,0.06323918786190379,0.06323918786190379,0.515625,9.912469386107256e-05,-2.3054629764367763e-05,64
post_selector,9,18,-3.904529650709952e-06,-0.06288216109147073,0.06288216109147073,0.484375,-2.1070805189531742e-05,1.3261745888111836e-05,64
post_selector,33,0,4.012004433207175e-05,0.06282550029814118,0.06282550029814118,0.484375,-0.00013314581565280809,0.0002133859043169516,64
response_first,21,24,7.113824935344176e-06,0.06277866423795997,0.06277866423795997,0.53125,3.792585658856338e-05,-2.3698206717875032e-05,64
post_selector,25,19,3.762323740375848e-05,0.0627579872090069,0.0627579872090069,0.5,-3.626584293668344e-05,0.00011151231774420044,64
post_selector,27,25,-7.349711177085279e-05,-0.06273118428768483,0.06273118428768483,0.453125,-0.0007144518895074499,0.0005674576659657443,64
final_prompt,28,15,1.166420906883721e-05,0.06271417019563105,0.06271417019563105,0.546875,-1.303601857216054e-05,3.636443670983496e-05,64
response_first,28,8,0.0001840336289546939,0.06266094916835693,0.06266094916835693,0.5,0.0012643808162238071,-0.0008963135583144193,64
public_task_span,15,23,-1.03857054511991e-06,-0.06239843420097961,0.06239843420097961,0.453125,-3.602394485824334e-06,1.5252533955845138e-06,64
response_mean,23,16,2.771835532654616e-06,0.06227012777900039,0.06227012777900039,0.484375,-1.4282498980830743e-05,1.9826170046139976e-05,64
post_selector,6,0,-0.00014081689550948388,-0.06223299267092403,0.06223299267092403,0.515625,-0.000707746388798095,0.00042611259777912717,64
post_selector,6,4,-0.0007331557935685849,-0.06222123459745593,0.06222123459745593,0.515625,-0.0017211190424859671,0.000254807455348797,64
post_selector,31,24,-0.0008063826608122347,-0.062145719915500046,0.062145719915500046,0.5,0.0005778113263659123,-0.0021905766479903806,64
final_prompt,20,28,9.922076606017373e-05,0.06207202210005725,0.06207202210005725,0.546875,0.0005433344122138784,-0.0003448928800935309,64
post_selector,1,7,-0.00021636271594616086,-0.06201418052955055,0.06201418052955055,0.5,-0.00019808390425168757,-0.00023464152764063426,64
post_selector,2,24,0.00037782306389999224,0.061887917442676514,0.061887917442676514,0.5,0.00024849348847056556,0.0005071526393294188,64
final_prompt,23,7,3.869105114516012e-06,0.06166906787971177,0.06166906787971177,0.5,1.202260409627058e-05,-4.284393867238555e-06,64
response_mean,24,21,4.1099350710280005e-05,0.06164630550198129,0.06164630550198129,0.515625,-0.0002091890510200766,0.00029138775244063665,64
post_selector,0,6,-0.0008415984848397782,-0.0615286308944646,0.0615286308944646,0.5,-0.002106648229528216,0.00042345125984865955,64
response_first,21,19,1.224664094934347e-05,0.06136605126381148,0.06136605126381148,0.5,8.196524055392057e-05,-5.747195865523363e-05,64
response_first,21,28,1.514043353268324e-05,0.06108920276374591,0.06108920276374591,0.515625,3.130612071857823e-07,2.9967805858180695e-05,64
post_selector,2,11,-0.0004150160712015344,-0.060855156677260595,0.060855156677260595,0.484375,-0.003373713698238116,0.0025436815558350467,64
public_task_span,13,20,-1.8048802701287059e-06,-0.06081874788179866,0.06081874788179866,0.5,-1.5303247096198902e-06,-2.0794358306375216e-06,64
public_task_span,18,10,4.48222565410065e-05,0.06076626533645693,0.06076626533645693,0.546875,8.84061946635461e-05,1.2383184184668593e-06,64
response_mean,32,9,1.4315647831607475e-05,0.060738182296673576,0.060738182296673576,0.53125,-0.00015312100777006325,0.0001817523034332782,64
response_first,34,1,1.3438248060989267e-05,0.06068862930869031,0.06068862930869031,0.53125,-7.528672540500772e-05,0.00010216322152698625,64
response_mean,16,20,4.176768243268713e-05,0.06066113017398089,0.06066113017398089,0.515625,-4.9675018999555674e-05,0.0001332103838649299,64
post_selector,8,27,-0.00012551479812827296,-0.06062552094731362,0.06062552094731362,0.421875,0.00015004673332441652,-0.00040107632958096256,64
final_prompt,23,1,6.7685891735887034e-06,0.06055740953481991,0.06055740953481991,0.53125,7.458242998835144e-05,-6.104525164117401e-05,64
final_prompt,29,12,6.416551877918955e-05,0.06052601798787768,0.06052601798787768,0.515625,-0.0002457705795677642,0.0003741016171261433,64
response_first,25,9,7.515709313564569e-06,0.060471850202596454,0.060471850202596454,0.59375,-1.747496310144649e-05,3.250638172857563e-05,64
post_selector,5,1,0.00039911162957650297,0.060442500916540666,0.060442500916540666,0.5625,-0.0005557569247685053,0.0013539801839215113,64
final_prompt,20,0,2.2637889401266414e-05,0.06034176327839203,0.06034176327839203,0.515625,0.0002414076807326321,-0.00019613190193009923,64
public_task_span,23,26,5.3957779527987786e-05,0.06019632746166891,0.06019632746166891,0.53125,0.00024150907483999504,-0.00013359351578401944,64
response_mean,19,0,0.00017404706136404198,0.06007120278303666,0.06007120278303666,0.515625,9.77866511674342e-06,0.0003383154576113403,64
response_mean,29,29,1.3056148731038775e-06,0.059975462791991535,0.059975462791991535,0.515625,1.1720351807298357e-05,-9.109122061090602e-06,64
final_prompt,29,7,0.00014462995568464488,0.05995003070190732,0.05995003070190732,0.578125,-0.0010614731909299583,0.0013507331022992479,64
response_mean,23,7,-6.964637918828755e-06,-0.05990597604864899,0.05990597604864899,0.46875,-2.7850101105283697e-05,1.3920825267626181e-05,64
response_first,23,24,9.53749633936118e-06,0.05988875931072181,0.05988875931072181,0.5,9.465497100789354e-05,-7.557997832917118e-05,64
post_selector,3,12,0.00043176765018415966,0.059760267264314444,0.059760267264314444,0.453125,-0.000467100589730757,0.0013306358900990762,64
response_first,33,30,2.0018933014399773e-05,0.059699571494052764,0.059699571494052764,0.5,-0.00015910058141341532,0.00019913844744221483,64
public_task_span,11,16,-2.1209835267654297e-05,-0.05967626013140298,0.05967626013140298,0.46875,-6.438376203732045e-05,2.196409150201188e-05,64
post_selector,2,13,-0.0002946462263935289,-0.05964314046124355,0.05964314046124355,0.515625,-0.0021577986917691236,0.0015685062389820656,64
final_prompt,35,27,5.068620521342227e-05,0.059446146691464016,0.059446146691464016,0.546875,-1.862070348586694e-06,0.0001032344807754313,64
response_mean,29,27,6.28709490229018e-05,0.05941159476000182,0.05941159476000182,0.53125,-0.00013251524160295605,0.0002582571396487597,64
response_first,30,25,8.28138843189126e-06,0.05928649092690599,0.05928649092690599,0.515625,-7.936170379706318e-05,9.592448066084569e-05,64
public_task_span,11,5,-8.718610843061522e-06,-0.059284788706039676,0.059284788706039676,0.484375,1.0140635595231656e-05,-2.7577857281354697e-05,64
final_prompt,29,15,1.2180552545257753e-05,0.05926972235730863,0.05926972235730863,0.515625,-8.786393084390953e-05,0.00011222503593442504,64
post_selector,2,21,-0.0003768801425394301,-0.059154111056833804,0.059154111056833804,0.28125,-0.0014832621091045272,0.0007295018240256667,64
post_selector,26,12,-7.536786051787987e-05,-0.05907914990312542,0.05907914990312542,0.53125,-0.0007106808134267218,0.0005599450923909622,64
response_mean,30,11,5.290643241550828e-05,0.059004015126779434,0.059004015126779434,0.515625,0.00010206127331002386,3.7515915209926815e-06,64
response_first,19,12,5.538226030665344e-06,0.05887332775097336,0.05887332775097336,0.515625,2.617715561114899e-05,-1.5100703549818303e-05,64
response_first,33,15,2.710894159462768e-05,0.0588463303940832,0.0588463303940832,0.515625,-9.254593896911969e-05,0.00014676382215837505,64
response_first,27,30,1.5196052345342621e-05,0.058835292897530346,0.058835292897530346,0.515625,9.482056611885515e-05,-6.44284614281699e-05,64
public_task_span,18,5,3.209550800419669e-05,0.05864808354296299,0.05864808354296299,0.546875,0.00014832986153121935,-8.413884552282598e-05,64
post_selector,31,21,0.00010945058966171486,0.05861996841851193,0.05861996841851193,0.5,4.260383502696569e-05,0.00017629734429646412,64
response_mean,19,12,0.00021306239591467136,0.058577659508970537,0.058577659508970537,0.484375,0.0011595592195589991,-0.0007334344277296566,64
final_prompt,28,3,3.5581191696108284e-05,0.058497348114457476,0.058497348114457476,0.5,-0.0002276107370562331,0.0002987731204484497,64
response_mean,22,17,2.3468745894203525e-05,0.05834921027952485,0.05834921027952485,0.53125,-8.607771951575181e-05,0.00013301521130415885,64
final_prompt,23,11,1.9762987676588896e-05,0.05834843001021004,0.05834843001021004,0.515625,-1.406673197833847e-05,5.3592707331516266e-05,64
public_task_span,19,3,0.0001324441686847452,0.05826952378355775,0.05826952378355775,0.5,0.0002565364420661309,8.351895303359365e-06,64
final_prompt,26,21,-1.4997821011773597e-05,-0.05826588373022867,0.05826588373022867,0.46875,1.4826231336019058e-06,-3.147826515714912e-05,64
final_prompt,25,30,7.86704422353054e-05,0.058204617218946424,0.058204617218946424,0.53125,-0.0006857859143565033,0.0008431267988271142,64
post_selector,2,18,0.0002730367632466293,0.058115728771156484,0.058115728771156484,0.546875,0.0006588379037566273,-0.00011276437726336877,64
response_first,29,15,4.409297233108681e-06,0.05809750958804403,0.05809750958804403,0.5,-2.840761018773898e-05,3.722620465395634e-05,64
response_first,29,5,6.302569590843744e-05,0.05804656264305326,0.05804656264305326,0.53125,-0.0004190839563306912,0.0005451353481475661,64
public_task_span,15,14,6.329652990190348e-06,0.058036455955345144,0.058036455955345144,0.484375,7.330298990381294e-05,-6.0643683923432246e-05,64
response_mean,30,26,1.9721524637362704e-05,0.05802299675484022,0.05802299675484022,0.59375,-9.73133599586517e-05,0.0001367564092333771,64
post_selector,30,13,0.00010144775842490829,0.05797559436726441,0.05797559436726441,0.515625,-0.00011553246076800627,0.00031842797761782283,64
response_first,35,3,1.97994575046323e-06,0.05796772336187439,0.05796772336187439,0.515625,1.115511940952274e-05,-7.19522790859628e-06,64
response_mean,20,7,4.256725611639285e-05,0.0579537961985446,0.0579537961985446,0.53125,-8.578110112012282e-05,0.00017091561335290856,64
post_selector,29,14,-7.740205342089069e-05,-0.057864007644166666,0.057864007644166666,0.484375,-0.00019966105219281982,4.4856945351038464e-05,64
final_prompt,34,25,4.105403817789276e-06,0.057851223456063854,0.057851223456063854,0.5,8.800659315969794e-06,-5.898516803912429e-07,64
post_selector,8,11,4.192040751149375e-05,0.057816637138760854,0.057816637138760854,0.5,8.435265226580313e-05,-5.118372428156539e-07,64
final_prompt,19,1,2.1115768504385587e-05,0.0577665644995125,0.0577665644995125,0.5,0.00011219478039946719,-6.9963243390696e-05,64
response_first,21,27,1.3532769571611084e-05,0.0577445070436061,0.0577445070436061,0.53125,-7.44092673130453e-05,0.00010147480645626747,64
post_selector,13,27,0.00013913460134062748,0.05766624651506845,0.05766624651506845,0.53125,1.0792071407191847e-05,0.0002674771312740632,64
public_task_span,20,31,-2.3331044531003573e-05,-0.057613460104353635,0.057613460104353635,0.46875,7.788969469398749e-06,-5.445105853140593e-05,64
final_prompt,28,2,7.675107735848839e-05,0.05750128478065983,0.05750128478065983,0.53125,-0.0005950421336819946,0.0007485442883989713,64
final_prompt,29,8,3.916039077011454e-05,0.05746049284714311,0.05746049284714311,0.515625,-0.00031281106475943346,0.0003911318462996626,64
response_first,20,14,1.5238637232065373e-06,0.05742726421193157,0.05742726421193157,0.5625,-5.62871640141763e-06,8.676443847830705e-06,64
final_prompt,29,31,6.895883757352505e-06,0.0574254878537122,0.0574254878537122,0.515625,3.330366439512352e-05,-1.9511896880418515e-05,64
final_prompt,32,13,3.572364221326717e-06,0.05727102416010292,0.05727102416010292,0.5,2.4784268362047308e-05,-1.7639539919393874e-05,64
post_selector,31,10,-0.0001882048491097486,-0.05724686974151548,0.05724686974151548,0.484375,-0.000707136066921516,0.0003307263687020187,64
post_selector,5,6,-0.0003980467790825035,-0.05722803631933879,0.05722803631933879,0.515625,-0.0011238888164370941,0.0003277952582720874,64
final_prompt,29,5,0.00013295206008478758,0.057084661710425914,0.057084661710425914,0.546875,0.00012766307190759807,0.0001382410482619772,64
response_mean,22,13,8.064311487035427e-06,0.05692220811646902,0.05692220811646902,0.546875,-4.765616904476922e-05,6.378479201884008e-05,64
response_first,26,15,0.0001691305806161864,0.05687436103352011,0.05687436103352011,0.515625,-0.0018403598915028593,0.002178621052735232,64
post_selector,8,25,4.240139423927511e-05,0.05687349031223122,0.05687349031223122,0.546875,9.888082058750223e-05,-1.4078032108952002e-05,64
response_mean,34,29,1.7058614162126302e-05,0.0568034023099117,0.0568034023099117,0.515625,-9.847304795582719e-05,0.0001325902762800798,64
public_task_span,20,3,3.733139431005727e-05,0.05661267371578485,0.05661267371578485,0.53125,5.014048451812134e-05,2.452230410199316e-05,64
post_selector,32,17,4.4800197429136046e-05,0.056362403100745875,0.056362403100745875,0.53125,-2.5395342163402026e-05,0.00011499573702167413,64
response_first,29,19,-1.3834503818088706e-06,-0.05634534474805728,0.05634534474805728,0.515625,-9.820733680498961e-06,7.05383291688122e-06,64
post_selector,4,16,0.0006886798037157805,0.05617110421989099,0.05617110421989099,0.546875,-0.0019231240903536469,0.003300483697785208,64
final_prompt,24,7,6.6703779424418255e-06,0.05602780810487217,0.05602780810487217,0.609375,2.766251984098878e-05,-1.4321763956105134e-05,64
post_selector,35,15,-0.0003472934622550289,-0.05598249460249813,0.05598249460249813,0.453125,-0.0021900864085182357,0.0014954994840081783,64
post_selector,3,10,-0.0003841173856926641,-0.055934996514397185,0.055934996514397185,0.5,-0.0009800190455280344,0.00021178427414270617,64
response_first,28,3,5.17654889335945e-05,0.05593338742875956,0.05593338742875956,0.546875,-0.000586422570904652,0.000689953548771841,64
final_prompt,23,22,1.4347410569825178e-05,0.05569806593609862,0.05569806593609862,0.515625,0.0001479004349675752,-0.00011920561382792484,64
post_selector,3,24,-0.00040391272432315433,-0.05559262346940494,0.05559262346940494,0.4375,-0.001893935317639233,0.001086109868992925,64
response_first,32,5,1.6174592474274775e-05,0.05548163048460623,0.05548163048460623,0.5,-0.00016332774384861563,0.0001956769287971652,64
post_selector,32,26,-0.00019376917589397806,-0.05541842101807894,0.05541842101807894,0.5,5.1332259317859465e-05,-0.0004388706111058154,64
response_mean,20,17,0.0001094831013688221,0.055371501160931084,0.055371501160931084,0.5,-0.0007141084117847477,0.0009330746145223918,64
response_mean,35,0,2.467197919031776e-05,0.05527432830608187,0.05527432830608187,0.53125,8.439699377048669e-05,-3.5053035389851183e-05,64
post_selector,6,14,-0.00020711405841211905,-0.05509081231540959,0.05509081231540959,0.484375,-0.0008082032318270488,0.00039397511500281074,64
public_task_span,12,31,-2.318676149570239e-05,-0.05507679626858223,0.05507679626858223,0.5,-2.4867207230270037e-05,-2.150631576113477e-05,64
public_task_span,12,29,-2.0052132413186417e-05,-0.055053211718684374,0.055053211718684374,0.5,-2.611030060962134e-05,-1.3993964216751483e-05,64
response_first,20,19,3.959095465688877e-05,0.05491991498322623,0.05491991498322623,0.515625,0.0003470656492936347,-0.00026788373997985713,64
post_selector,5,29,0.0004818002216779826,0.05489853260681665,0.05489853260681665,0.578125,-0.001630601738725069,0.002594202182081034,64
response_mean,34,19,8.435235213255732e-05,0.054885633070237895,0.054885633070237895,0.5625,-0.0003396940210222928,0.0005083987252874075,64
response_mean,35,25,9.983098243537727e-05,0.05478802288281832,0.05478802288281832,0.515625,0.00010330137592972423,9.63605889410304e-05,64
post_selector,19,4,-0.00014097796520218177,-0.05457518537496513,0.05457518537496513,0.46875,-0.0013340076111489655,0.0010520516807446022,64
response_first,21,16,6.142610359915865e-06,0.05447582861757339,0.05447582861757339,0.5,5.4137251453302706e-05,-4.185203073347097e-05,64
post_selector,35,8,0.00031005228083813915,0.05425443417710783,0.05425443417710783,0.5,0.00030850502662360603,0.00031159953505267195,64
response_mean,29,1,4.257577654697772e-05,0.054215287261819164,0.054215287261819164,0.5,-0.00011340067521814803,0.00019855222831210344,64
response_mean,26,16,5.496177800523702e-05,0.05409198808132449,0.05409198808132449,0.5,-0.00014493222897725923,0.0002548557849877333,64
response_first,21,25,5.672517360720212e-06,0.054009237918728616,0.054009237918728616,0.578125,2.697415406771133e-05,-1.5629119346270905e-05,64
response_first,26,18,1.8320858970353624e-05,0.054005425199460055,0.054005425199460055,0.515625,-0.00015522299509027938,0.0001918647130309866,64
response_mean,19,26,4.9879075220360534e-05,0.05396776176743906,0.05396776176743906,0.546875,1.9315005715729634e-05,8.044314472499142e-05,64
response_mean,33,9,3.400686227905546e-05,0.05383495431818983,0.05383495431818983,0.5,-0.0003902401126651719,0.0004582538372232828,64
response_first,31,14,2.045600501787224e-05,0.053741369424832694,0.053741369424832694,0.515625,-0.00011568802381133373,0.0001566000338470782,64
final_prompt,34,28,8.382683972740939e-05,0.05364445006878562,0.05364445006878562,0.515625,-0.00010008926710723963,0.0002677429465620585,64
post_selector,8,9,-4.400310194796562e-05,-0.0535413426800392,0.0535413426800392,0.5,-1.5967873423500034e-05,-7.203833047243126e-05,64
response_mean,20,21,4.63849535776695e-05,0.053515982978885046,0.053515982978885046,0.515625,-0.00017553292218507947,0.0002683028293404185,64
response_mean,18,10,-6.506302025854782e-05,-0.05341943559844475,0.05341943559844475,0.5,0.0006387249933367974,-0.0007688510338538931,64
response_first,27,13,4.185782677268332e-05,0.05338998962460653,0.05338998962460653,0.515625,-0.0004054900473419961,0.0004892057008873627,64
response_mean,25,15,1.0278907211609915e-05,0.05334871692824092,0.05334871692824092,0.515625,5.0004810418605336e-05,-2.94469959953855e-05,64
post_selector,6,12,-0.0001605639663466673,-0.053239734891430336,0.053239734891430336,0.484375,-0.00010089583156513748,-0.0002202321011281973,64
response_mean,18,7,3.897445358802543e-05,0.05319320288058077,0.05319320288058077,0.515625,0.00013307764351110438,-5.5128736335053496e-05,64
final_prompt,27,14,0.0001406205201419629,0.05309468243410276,0.05309468243410276,0.5,-0.0013338615990505555,0.0016151026393344814,64
public_task_span,18,28,0.00010985648623317869,0.05304972817741197,0.05304972817741197,0.515625,0.0006106174841988638,-0.0003909045117325063,64
public_task_span,13,31,6.695815318379908e-05,0.05304951825958059,0.05304951825958059,0.5,0.0003156928105454226,-0.00018177650417782446,64
post_selector,2,20,-0.000435825643080528,-0.053006188656853165,0.053006188656853165,0.46875,-0.0018802292088366725,0.0010085779226756168,64
final_prompt,22,22,4.454827740118874e-05,0.05260538425865601,0.05260538425865601,0.515625,6.625432797591977e-05,2.284222682645773e-05,64
public_task_span,21,10,3.927825378013906e-05,0.052572496605726035,0.052572496605726035,0.5,2.265706871184101e-05,5.5899438848437056e-05,64
final_prompt,25,21,1.0564194440118048e-05,0.05247457212547635,0.05247457212547635,0.515625,2.5050030217237166e-05,-3.921641337001069e-06,64
response_first,23,8,7.4965848284591765e-06,0.052177485241614655,0.052177485241614655,0.578125,-1.0748225122366162e-05,2.5741394779284522e-05,64
post_selector,6,6,0.0006471509987022721,0.052120832384366475,0.052120832384366475,0.5,-0.00016127264098031598,0.0014555746383848596,64
public_task_span,12,15,-9.697676659925389e-05,-0.05202544140747693,0.05202544140747693,0.5,-6.201172664077351e-05,-0.00013194180655773437,64
final_prompt,23,12,9.381363014428756e-06,0.052019053702548654,0.052019053702548654,0.515625,-5.2836725444640523e-05,7.159945147349802e-05,64
public_task_span,14,1,-5.661075988425285e-06,-0.05198159628737304,0.05198159628737304,0.453125,-6.52029859793321e-06,-4.8018533789173585e-06,64
response_mean,26,1,2.6057789455080716e-05,0.05197761678137722,0.05197761678137722,0.515625,0.00015960458767949568,-0.00010748900876933422,64
final_prompt,28,13,-3.47283098562878e-05,-0.05189145274994399,0.05189145274994399,0.515625,-0.000129540546822682,6.0083927110106405e-05,64
final_prompt,33,6,0.00012497579882619377,0.05188021369287736,0.05188021369287736,0.5,0.00011284170614089372,0.00013710989151149365,64
post_selector,12,12,-0.00011095445006503902,-0.051836453635758714,0.051836453635758714,0.53125,-0.00034890726965386247,0.00012699836952378437,64
response_first,19,31,5.834608344912264e-06,0.0517765130257148,0.0517765130257148,0.5,4.7678681674762874e-05,-3.600946498493835e-05,64
post_selector,10,4,-9.698201711216955e-05,-0.05177012101353193,0.05177012101353193,0.515625,-0.00019320960836920892,-7.544258551301307e-07,64
post_selector,34,10,-6.266625723583277e-05,-0.051763521131690984,0.051763521131690984,0.5,-0.00011845482276839371,-6.877691703271831e-06,64
response_mean,28,18,4.5967885057503064e-05,0.05174193692002225,0.05174193692002225,0.5625,-0.0005794567764496271,0.0006713925465646334,64
response_first,31,15,2.4506482532163964e-05,0.05153137052445709,0.05153137052445709,0.546875,-0.00011827687967523018,0.00016728984473955813,64
post_selector,18,18,0.0001310690113314218,0.051261809957741405,0.051261809957741405,0.453125,0.0004951102018821968,-0.00023297217921935308,64
final_prompt,20,8,8.779642556076152e-06,0.05124879704049008,0.05124879704049008,0.546875,4.1923651053818575e-05,-2.4364365941666268e-05,64
response_first,21,7,5.418381654465065e-07,0.051216135510935026,0.051216135510935026,0.546875,3.027506458863627e-06,-1.943830127970614e-06,64
final_prompt,33,21,1.5618615179848548e-05,0.051024889436270926,0.051024889436270926,0.53125,-8.505509867971791e-05,0.00011629232903941501,64
public_task_span,17,15,1.4219906802280858e-05,0.05081639006578784,0.05081639006578784,0.5,1.3335692301551049e-05,1.5104121303010655e-05,64
post_selector,7,30,8.914092290979307e-06,0.05049580683696129,0.05049580683696129,0.5,-2.977118356282964e-06,2.080530293824158e-05,64
response_first,21,5,3.295912938482968e-05,0.0504194395579551,0.0504194395579551,0.5,-1.398874064762813e-05,7.99069994172875e-05,64
final_prompt,27,11,-1.1719972007991286e-05,-0.05041054453897149,0.05041054453897149,0.5,-7.515539255108965e-05,5.171544853510709e-05,64
post_selector,27,23,-3.9204688846440764e-05,-0.05034091582122813,0.05034091582122813,0.46875,-0.0001701905816844348,9.178120399155328e-05,64
response_mean,31,22,8.958809303294404e-07,0.050334697617853204,0.050334697617853204,0.5,-4.987480451745796e-06,6.779242312404676e-06,64
post_selector,5,18,0.0004237847260810687,0.050114362791562665,0.050114362791562665,0.5,-0.0009984175885619907,0.0018459870407241284,64
response_mean,33,10,6.0752259059879834e-05,0.05003878056175677,0.05003878056175677,0.546875,-0.0005503330439750858,0.0006718375620948455,64
response_mean,19,1,0.00012847809648519018,0.05000154681372703,0.05000154681372703,0.53125,-0.0003806908116530415,0.0006376470046234217,64
public_task_span,14,11,-8.196643079822774e-06,-0.04971910979660811,0.04971910979660811,0.46875,-5.7582803947287796e-05,4.1189517787642245e-05,64
response_first,34,17,-4.210543556837301e-05,-0.049690248852387826,0.049690248852387826,0.5,-0.0005349761431716245,0.0004507652720348785,64
public_task_span,20,10,7.185686484942054e-06,0.04959115686404142,0.04959115686404142,0.5,2.6943234217915295e-05,-1.257186124803119e-05,64
response_first,33,16,1.1757477409449165e-05,0.04954970307868332,0.04954970307868332,0.515625,-0.00011070637515328904,0.0001342213299721874,64
post_selector,6,17,-1.2783661190952886e-05,-0.049512145687762014,0.049512145687762014,0.515625,2.0830042558366328e-05,-4.639736494027211e-05,64
response_first,22,0,6.114056645852562e-06,0.04942179965592169,0.04942179965592169,0.53125,2.8978578257009644e-05,-1.6750464965304517e-05,64
post_selector,0,1,-7.702230846007232e-06,-0.04939019480735997,0.04939019480735997,0.53125,-7.043271330074772e-05,5.502825160873325e-05,64
post_selector,25,3,2.056764651569746e-05,0.04938612983656214,0.04938612983656214,0.5625,-4.863195931647654e-05,8.976725234787145e-05,64
post_selector,15,26,1.436511126939383e-05,0.0493105700165396,0.0493105700165396,0.5,2.2426283976533398e-05,6.303938562254273e-06,64
final_prompt,35,21,-1.4359640090333414e-06,-0.04921154666439039,0.04921154666439039,0.484375,-3.0572422247132636e-06,1.8531420664658071e-07,64
final_prompt,34,6,1.662233535171395e-05,0.04919757653814764,0.04919757653814764,0.515625,-2.0480856619538568e-05,5.372552732296645e-05,64
public_task_span,23,6,-1.4608913261326961e-06,-0.0491121948843725,0.0491121948843725,0.484375,-4.9327077249472495e-06,2.0109250726818573e-06,64
response_first,35,22,-9.542637644699614e-05,-0.04906005499004488,0.04906005499004488,0.484375,-0.0006736008708685328,0.0004827481179745404,64
final_prompt,26,10,1.4974090056796285e-07,0.049011615222341195,0.049011615222341195,0.484375,7.379274933327906e-07,-4.3844569219686496e-07,64
final_prompt,19,21,-3.45437310898004e-05,-0.04899054152770893,0.04899054152770893,0.484375,0.00041586565566827994,-0.00048495311784788064,64
response_first,19,14,9.86294503490882e-06,0.04890938787720552,0.04890938787720552,0.546875,3.613184458117262e-05,-1.6405954511354975e-05,64
post_selector,4,28,0.00032139275208464276,0.04890741393213441,0.04890741393213441,0.578125,0.0005633355685858794,7.944993558340599e-05,64
public_task_span,12,27,-1.4029915064385251e-05,-0.04883177443523746,0.04883177443523746,0.5,6.181447588455066e-06,-3.424127771722557e-05,64
response_mean,32,7,0.00013127188719863132,0.04876273096980557,0.04876273096980557,0.515625,-0.0011172463512138884,0.001379790125611151,64
final_prompt,20,14,-6.457950664893559e-06,-0.04868825219592347,0.04868825219592347,0.546875,-5.0497892800643936e-05,3.758199147085682e-05,64
post_selector,20,22,-0.0002734474583121421,-0.0486763497240311,0.0486763497240311,0.4375,0.0014019552545505595,-0.0019488501711748436,64
public_task_span,21,9,3.1560830734635144e-05,0.04858632336436073,0.04858632336436073,0.515625,1.552990852360168e-05,4.759175294566858e-05,64
final_prompt,19,2,2.1021235966148443e-05,0.048562214743405406,0.048562214743405406,0.5,0.0002426172632112681,-0.0002005747912789712,64
final_prompt,30,29,-1.1832772202069464e-06,-0.048492795027252567,0.048492795027252567,0.53125,2.7531267505764845e-06,-5.119681190990377e-06,64
response_first,32,10,3.324483964206105e-05,0.048477935292075724,0.048477935292075724,0.546875,-0.00028577158400365645,0.0003522612632877785,64
final_prompt,31,26,3.038589488824642e-05,0.04838423260429145,0.04838423260429145,0.5,-0.00013836164362144925,0.00019913343339794215,64
response_mean,18,14,5.1848625730595616e-05,0.048301232825084306,0.048301232825084306,0.53125,-0.00034849433177441174,0.0004521915832356029,64
final_prompt,19,23,8.284848718171925e-06,0.04829866287745993,0.04829866287745993,0.5,9.276076389139976e-05,-7.61910664550559e-05,64
response_mean,29,16,1.7498486840848662e-05,0.04822833499600633,0.04822833499600633,0.53125,-0.00020399741561047418,0.0002389943892921715,64
response_first,15,12,2.6611657943927347e-06,0.04810252179667986,0.04810252179667986,0.5,1.5575128941233635e-05,-1.0252797352448166e-05,64
response_first,19,28,7.057847753339845e-06,0.04807753632933516,0.04807753632933516,0.515625,5.594113432038042e-05,-4.182543881370072e-05,64
final_prompt,21,13,1.3113577097100984e-05,0.048052652091390056,0.048052652091390056,0.5,2.9467586500681196e-05,-3.240432306479239e-06,64
response_mean,26,10,-3.3670948340613904e-07,-0.047982602336279115,0.047982602336279115,0.53125,9.713946127476447e-07,-1.6448135795599228e-06,64
post_selector,35,7,1.4782257267141745e-05,0.047966372919489964,0.047966372919489964,0.5,-5.315323505782963e-05,8.271774959211314e-05,64
post_selector,35,9,-0.00014854707114863585,-0.04794411449836669,0.04794411449836669,0.5,-0.0006197047550813344,0.00032261061278406256,64
response_first,29,7,7.480687963834189e-05,0.047817822854469484,0.047817822854469484,0.53125,-0.001009483572488497,0.0011590973317651809,64
final_prompt,32,8,7.287773132702438e-05,0.04776652895724765,0.04776652895724765,0.5,3.9022126657076774e-05,0.00010673333599697202,64
post_selector,0,23,-0.00044773175977751395,-0.04776181359238098,0.04776181359238098,0.5,-0.0006945279092178501,-0.00020093561033717768,64
response_mean,19,23,3.234346422687037e-05,0.04773875408667782,0.04773875408667782,0.5,-3.19990285788773e-05,9.668595703261806e-05,64
post_selector,4,8,0.0005931879979925708,0.047696213235374756,0.047696213235374756,0.546875,-0.0021293760855769337,0.0033157520815620747,64
post_selector,19,23,-0.0005384026662795812,-0.04766293578408856,0.04766293578408856,0.5,-0.0005631740496028189,-0.0005136312829563433,64
post_selector,33,2,2.2569541329170163e-05,0.04762884584467497,0.04762884584467497,0.5625,-2.9202926725832435e-06,4.805937533092359e-05,64
final_prompt,23,29,5.0820916044363605e-06,0.04760513072064903,0.04760513072064903,0.5,2.833128314704663e-05,-1.816709993817391e-05,64
public_task_span,12,13,-7.916068079794376e-05,-0.047530804735222525,0.047530804735222525,0.5,-0.0002429074847896094,8.45861231937219e-05,64
response_first,28,0,1.9200598813991105e-05,0.047513859910515654,0.047513859910515654,0.546875,-0.00018717048487813763,0.0002255716825061198,64
final_prompt,22,2,1.404402928528915e-05,0.047507073315041344,0.047507073315041344,0.515625,2.8762014153476222e-05,-6.73955582897931e-07,64
response_mean,26,3,1.1113138043589418e-05,0.04729301012597848,0.04729301012597848,0.546875,9.869389487005158e-06,1.235688660017369e-05,64
post_selector,11,2,-0.0002960815945698405,-0.04726252862482147,0.04726252862482147,0.5,-0.0013629968088935064,0.0007708336197538256,64
response_first,26,16,3.4538185218480752e-06,0.0472342085717898,0.0472342085717898,0.484375,3.540110628818492e-05,-2.8493469244488775e-05,64
post_selector,35,6,-2.9344330300770793e-05,-0.047200613546986216,0.047200613546986216,0.484375,-0.0002615313699152324,0.00020284270931369085,64
public_task_span,19,22,-2.0614440927601813e-05,-0.047138649552446295,0.047138649552446295,0.5,4.046265894430422e-05,-8.169154079950782e-05,64
response_mean,18,29,0.00014747120258107446,0.047093961818259276,0.047093961818259276,0.5,0.0005350606406864277,-0.00024011823552427868,64
post_selector,10,0,-9.104800255946317e-06,-0.047078389977550615,0.047078389977550615,0.4375,2.8652318633255654e-05,-4.686191914514828e-05,64
response_first,31,6,1.088422777684107e-05,0.04704121130210322,0.04704121130210322,0.53125,-8.067619455686108e-05,0.00010244465011054321,64
public_task_span,18,15,2.690665371573555e-05,0.04703645893529351,0.04703645893529351,0.53125,-6.886832125019323e-05,0.00012268162868166434,64
response_mean,25,25,8.307090456582508e-05,0.04700162698512801,0.04700162698512801,0.546875,-5.266989319353105e-05,0.00021881170232518118,64
response_mean,18,5,0.00013554568658946857,0.04699401815925175,0.04699401815925175,0.5,-6.594786646019644e-05,0.00033703923963913365,64
response_first,22,3,1.1474814073148606e-05,0.04693450677273781,0.04693450677273781,0.515625,0.000113165564926002,-9.021593677970481e-05,64
final_prompt,19,15,1.3158499541530654e-05,0.04691091122226853,0.04691091122226853,0.5,0.00010952185880340468,-8.320485972034338e-05,64
response_mean,26,5,-6.7916141119897575e-06,-0.046871210048543874,0.046871210048543874,0.46875,-4.4978011260346085e-05,3.139478303636657e-05,64
public_task_span,14,18,-2.068682988465052e-05,-0.04681550024788165,0.04681550024788165,0.46875,-0.00019664094179459586,0.0001552672820252948,64
public_task_span,7,7,7.835228110764092e-08,0.04681328442796528,0.04681328442796528,0.5625,-1.350458411764066e-07,2.9175040339168845e-07,64
final_prompt,28,0,2.4235435738261537e-06,0.04675723494397089,0.04675723494397089,0.515625,-2.0919131280546927e-05,2.5766218428199234e-05,64
response_mean,35,18,2.6533140953686055e-05,0.046740176149662055,0.046740176149662055,0.5,0.0001233825023518781,-7.031622044450602e-05,64
post_selector,11,21,4.37017600063456e-06,0.04671796997107218,0.04671796997107218,0.546875,1.4404126915221062e-05,-5.663774913951942e-06,64
final_prompt,20,20,3.4351668887220625e-06,0.046712774624970414,0.046712774624970414,0.515625,-1.3980027006247106e-05,2.085036078369123e-05,64
response_first,30,27,1.0871531458174613e-05,0.0467112111378541,0.0467112111378541,0.5,-0.00014623307879443856,0.00016797614171078776,64
response_mean,29,18,1.2934932442476962e-05,0.04663348818734275,0.04663348818734275,0.484375,-0.00013080471376268396,0.00015667457864763787,64
response_mean,23,17,-8.073065572485256e-06,-0.04660975464205957,0.04660975464205957,0.5,-5.2916496429124905e-05,3.6770365284154394e-05,64
response_mean,29,25,0.0001999813766815288,0.04644914072779252,0.04644914072779252,0.53125,-0.0018922722520073722,0.002292235005370429,64
public_task_span,12,5,-1.2576672133947765e-05,-0.046436518064147905,0.046436518064147905,0.453125,-5.9523933941809684e-05,3.437058967391417e-05,64
public_task_span,24,29,-9.845002239213389e-06,-0.04622947524101097,0.04622947524101097,0.453125,-0.0001045497111817731,8.485970670334634e-05,64
post_selector,17,31,2.4583098650063214e-05,0.04618796195062447,0.04618796195062447,0.515625,0.0002016360888319497,-0.00015246989153182327,64
response_first,22,10,1.2123256425411455e-06,0.04614558154558159,0.04614558154558159,0.515625,5.299059637309256e-06,-2.874408352226965e-06,64
response_first,20,18,1.6508615345856015e-06,0.04609116008221299,0.04609116008221299,0.515625,8.46692972800156e-06,-5.165206658830357e-06,64
final_prompt,22,3,1.5099401480255832e-05,0.046065855276769464,0.046065855276769464,0.5,0.00018738952621785932,-0.00015719072325734765,64
public_task_span,11,12,-3.0425719614865215e-05,-0.04605167084630596,0.04605167084630596,0.484375,-0.00015186852760961598,9.101708837988556e-05,64
post_selector,8,6,0.00021709982684114373,0.04603498565549479,0.04603498565549479,0.5,-0.0005720415319956436,0.0010062411856779315,64
response_mean,24,20,5.809403518240794e-06,0.0460270656075942,0.0460270656075942,0.5,-4.613049287626194e-05,5.774929991274353e-05,64
post_selector,2,30,0.00022676073785987683,0.04591972084047237,0.04591972084047237,0.53125,-0.0008234580673160876,0.001276979543035841,64
response_first,26,13,7.035318702721961e-06,0.045907885829849567,0.045907885829849567,0.515625,-5.801469234254937e-05,7.208532974799329e-05,64
response_first,31,20,1.708636875719039e-05,0.04590264925724778,0.04590264925724778,0.546875,-4.75150372949259e-05,8.168777480930667e-05,64
response_first,32,15,1.0044198120336228e-05,0.04588447650866232,0.04588447650866232,0.515625,5.263750017546492e-05,-3.2549103934792484e-05,64
final_prompt,33,12,8.656634690850507e-05,0.045869528894760016,0.045869528894760016,0.53125,9.466307346883517e-05,7.846962034817503e-05,64
public_task_span,13,23,-9.063493450865524e-06,-0.04582123941922209,0.04582123941922209,0.484375,6.45922409604226e-06,-2.4586210997773308e-05,64
final_prompt,19,10,2.127812467734142e-05,0.045798868290132994,0.045798868290132994,0.515625,0.00021526739510590508,-0.00017271114575122224,64
response_mean,32,1,6.8154862447058155e-06,0.045751739252354054,0.045751739252354054,0.53125,-7.953606245789972e-05,9.316703494731136e-05,64
public_task_span,14,26,-1.977419560717059e-05,-0.045615046293419746,0.045615046293419746,0.484375,-4.2824998672583664e-05,3.276607458242481e-06,64
final_prompt,22,8,1.7717808532323287e-05,0.04553392304258135,0.04553392304258135,0.5,0.00012320267978793419,-8.776706272328761e-05,64
final_prompt,27,6,1.0587067663440645e-05,0.045490944631285786,0.045490944631285786,0.5,-1.9549306671219288e-06,2.312906599400323e-05,64
public_task_span,20,12,-1.602566266000801e-05,-0.045394528437366924,0.045394528437366924,0.5,-2.0848868985004998e-05,-1.1202456335011024e-05,64
post_selector,8,3,1.943189363373465e-05,0.045337010784237707,0.045337010784237707,0.515625,-2.2254701434579773e-05,6.111848870204906e-05,64
post_selector,31,18,3.119543134744061e-05,0.04533510015540876,0.04533510015540876,0.5,-4.709499899036247e-05,0.00010948586168524375,64
response_first,10,2,-3.289407800365066e-06,-0.04532383185660629,0.04532383185660629,0.46875,-4.0145062712313054e-05,3.356624711158292e-05,64
response_mean,19,14,0.0001830734540817453,0.04528779334879471,0.04528779334879471,0.59375,0.0006219256310941875,-0.0002557787229306969,64
response_first,15,15,1.9824199698481593e-08,0.045263302316249455,0.045263302316249455,0.53125,2.084690278181256e-07,-1.688206284211624e-07,64
post_selector,20,10,5.977165369586481e-05,0.04521420923261402,0.04521420923261402,0.5,0.0001891090823846772,-6.956577499294759e-05,64
public_task_span,25,25,6.491400085908552e-06,0.04512011115634864,0.04512011115634864,0.5,6.007215642966232e-05,-4.7089356257845215e-05,64
post_selector,8,17,0.00014735202603333167,0.04504199242634244,0.04504199242634244,0.515625,0.0004332655662437937,-0.00013856151417713044,64
response_first,30,30,-1.0863701334073998e-06,-0.04501501233857646,0.04501501233857646,0.5,-1.5760718952151365e-06,-5.966683715996624e-07,64
response_mean,34,0,3.88186772397601e-05,0.04492846218364391,0.04492846218364391,0.515625,-0.00035498849820211767,0.00043262585268163793,64
post_selector,22,7,-9.325097471446447e-05,-0.04479886221964782,0.04479886221964782,0.453125,0.0007565090727439246,-0.0009430110221728537,64
response_first,19,21,-1.202258545163057e-05,-0.04479070465535484,0.04479070465535484,0.4375,0.00012074818459948895,-0.00014479335550275006,64
public_task_span,8,8,-4.8221307906716845e-06,-0.04474119478446357,0.04474119478446357,0.5,1.9298704273747624e-05,-2.8942965855090997e-05,64
post_selector,11,3,0.00014518032185150572,0.04468310900065966,0.04468310900065966,0.546875,-0.0010149703157367137,0.0013053309594397249,64
final_prompt,23,5,1.193797299947365e-05,0.04465683162522664,0.04465683162522664,0.515625,-6.754581602308671e-05,9.142176202203399e-05,64
final_prompt,26,13,-8.389463800994142e-06,-0.0445867719136867,0.0445867719136867,0.46875,-0.00011754761703739381,0.00010076868943540552,64
post_selector,31,25,4.669364443543496e-05,0.04457944067726858,0.04457944067726858,0.515625,-0.0003058869497181125,0.00039927423858898236,64
public_task_span,14,31,-3.604749008445773e-05,-0.04449356706194102,0.04449356706194102,0.5,-0.0001230312172992866,5.0936237130371045e-05,64
post_selector,32,12,-7.608292980877007e-05,-0.044488826617335796,0.044488826617335796,0.5,-0.000447137434093754,0.0002949715744762139,64
response_mean,35,19,1.6111952618300068e-05,0.04447551516123977,0.04447551516123977,0.5,0.00011178080103491191,-7.955689579831176e-05,64
public_task_span,22,4,1.293467107643313e-05,0.04435737560307645,0.04435737560307645,0.515625,0.00010629642747515797,-8.042708532229173e-05,64
public_task_span,23,4,-1.7776907839110348e-06,-0.04427114263649701,0.04427114263649701,0.5,-1.3407346969528327e-05,9.851965401706257e-06,64
final_prompt,22,0,1.1371439995850582e-05,0.04414299323037883,0.04414299323037883,0.484375,8.587531010559939e-05,-6.313243011389822e-05,64
response_mean,30,9,2.090735102910693e-05,0.04408804483788548,0.04408804483788548,0.546875,-0.000176365975676152,0.00021818067773436586,64
post_selector,9,15,-8.066678128670305e-05,-0.043969352366048146,0.043969352366048146,0.421875,0.00030231004711822205,-0.00046364360969162815,64
response_mean,20,2,3.63973058483721e-05,0.043805065191617205,0.043805065191617205,0.546875,4.386023510960708e-05,2.893437658713714e-05,64
post_selector,35,13,0.0002593371682451064,0.04370734577368745,0.04370734577368745,0.5,-0.000574472484004225,0.0010931468204944375,64
public_task_span,8,2,-3.618589744292142e-06,-0.043653111537118434,0.043653111537118434,0.484375,3.269744615863221e-05,-3.99346256472165e-05,64
response_first,21,17,6.565601097461362e-06,0.04357818207866917,0.04357818207866917,0.5,9.47471679637375e-05,-8.161596576881477e-05,64
final_prompt,28,25,1.5053993820401956e-06,0.04357088084477585,0.04357088084477585,0.484375,8.65436265939934e-06,-5.643563895318948e-06,64
final_prompt,35,4,1.7228056776730227e-06,0.04346318054493458,0.04346318054493458,0.484375,2.1351995656004874e-06,1.310411789745558e-06,64
post_selector,2,22,0.0005002578254789226,0.043456532915582026,0.043456532915582026,0.5,-0.0014447504900090046,0.00244526614096685,64
final_prompt,28,30,-3.3134660384327436e-06,-0.04341628846218717,0.04341628846218717,0.4375,-1.1623760997279309e-05,4.996828920413823e-06,64
response_mean,28,31,1.738249380876977e-06,0.043410870834585995,0.043410870834585995,0.484375,5.883952582053098e-06,-2.4074538202991433e-06,64
public_task_span,21,17,-4.3264385112701506e-05,-0.043317183945584654,0.043317183945584654,0.46875,0.0006238258083612546,-0.0007103545785866576,64
public_task_span,23,28,-4.716901412393522e-05,-0.043187718773434594,0.043187718773434594,0.484375,-0.0005650282009810074,0.0004706901727331369,64
post_selector,3,7,0.0003775582295020303,0.043185194866722204,0.043185194866722204,0.5625,3.2205780371467527e-06,0.0007518958809669139,64
response_mean,22,16,2.644907226567134e-05,0.04304071448138247,0.04304071448138247,0.5,3.128801017736876e-05,2.1610134353973942e-05,64
final_prompt,27,9,-8.179627366189438e-05,-0.04291823722861853,0.04291823722861853,0.5,8.495588008371848e-05,-0.0002485484274075072,64
response_mean,20,23,2.953184332454418e-05,0.042906534931244966,0.042906534931244966,0.5,-0.00020351314094567774,0.0002625768275947661,64
final_prompt,26,2,-3.6236546293367744e-05,-0.04284086699953931,0.04284086699953931,0.5,-5.750424861617157e-05,-1.4968843970563869e-05,64
final_prompt,29,16,6.746565304640282e-06,0.04282356326391863,0.04282356326391863,0.546875,-5.5658283145006845e-05,6.915141375428741e-05,64
response_mean,20,5,-4.458826333574812e-05,-0.04281323954750717,0.04281323954750717,0.5,-0.00021794831445730937,0.00012877178778581314,64
response_first,14,28,-8.558574563718943e-06,-0.04271603845375039,0.04271603845375039,0.46875,-7.614430614925033e-07,-1.635570606594538e-05,64
final_prompt,27,24,-0.0001416642826370642,-0.0426527876060222,0.0426527876060222,0.5,-3.624848613981251e-05,-0.00024708007913431564,64
post_selector,2,12,0.00014843694407319256,0.042634824181703265,0.042634824181703265,0.484375,-0.001166278325399591,0.001463152213545976,64
response_first,21,22,-8.167185434615476e-07,-0.042595518726656345,0.042595518726656345,0.484375,-6.7837192574415894e-06,5.150282170518494e-06,64
public_task_span,12,12,-2.072283348297417e-05,-0.04257819422718928,0.04257819422718928,0.5,9.165367146123319e-06,-5.0611034112071634e-05,64
post_selector,33,3,5.0514513304729415e-05,0.042554785340984586,0.042554785340984586,0.53125,5.3640219448440385e-06,9.566500466461478e-05,64
final_prompt,23,24,1.5188622910505899e-05,0.04249557864341015,0.04249557864341015,0.5,0.00015507523539780668,-0.0001246979895767949,64
post_selector,0,0,0.0008026617579162108,0.04240662106428731,0.04240662106428731,0.53125,-0.004086427274160084,0.005691750789992507,64
response_mean,34,18,7.162584267916827e-07,0.04229088164200525,0.04229088164200525,0.515625,1.1093709701981425e-06,3.23145883385223e-07,64
public_task_span,15,26,-6.289178031693154e-07,-0.0422749067998642,0.0422749067998642,0.484375,-1.930636130964558e-06,6.728005246259272e-07,64
response_mean,19,24,0.00010824440933277394,0.042234109658293134,0.042234109658293134,0.515625,-0.0010252776415881895,0.0012417664602537373,64
response_first,28,25,2.078259285553634e-06,0.042168923469481034,0.042168923469481034,0.5,5.392146363192816e-06,-1.2356277920855483e-06,64
final_prompt,20,9,4.582282713271499e-06,0.04208673121656586,0.04208673121656586,0.53125,2.8496286120111378e-05,-1.933172069356838e-05,64
final_prompt,26,29,5.051793550592338e-05,0.0420619060067071,0.0420619060067071,0.53125,-5.551647382163552e-05,0.00015655234483348237,64
response_first,34,15,1.5550679563603725e-05,0.04202431336440815,0.04202431336440815,0.515625,5.9425798099251855e-05,-2.83244389720444e-05,64
public_task_span,14,8,-1.815372434066437e-05,-0.041930019126331555,0.041930019126331555,0.484375,-2.588907864264802e-05,-1.041837003868068e-05,64
response_first,30,11,1.1753898832010066e-05,0.04180401939845827,0.04180401939845827,0.515625,-2.3455846076103395e-05,4.696364374012352e-05,64
final_prompt,31,4,6.574239841938915e-05,0.04178395213244787,0.04178395213244787,0.5,-0.00013851709354639044,0.0002700018903851687,64
response_first,31,30,4.6194206333886255e-05,0.041640854038695586,0.041640854038695586,0.515625,-0.0006044927577022426,0.0006968811703700151,64
final_prompt,19,8,3.453426273835303e-06,0.041608606509278,0.041608606509278,0.5,1.4290591423102817e-05,-7.383738875432213e-06,64
public_task_span,20,8,2.8328280393449606e-05,0.04156341991323496,0.04156341991323496,0.53125,-8.925632266709781e-05,0.000145912883453997,64
final_prompt,35,28,-1.905893554976501e-06,-0.04147994435726224,0.04147994435726224,0.453125,7.990693802639726e-06,-1.1802480912592728e-05,64
post_selector,15,4,6.188287989061553e-05,0.041442483830326365,0.041442483830326365,0.5,-0.000358689921995397,0.0004824556817766281,64
public_task_span,21,26,2.206313379815435e-05,0.041416684381626725,0.041416684381626725,0.546875,0.0001542192188708161,-0.0001100929512745074,64
response_first,30,13,1.7595750847470724e-06,0.041383124650001005,0.041383124650001005,0.515625,5.683396238961612e-06,-2.164246069467467e-06,64
post_selector,10,22,1.145607302532634e-05,0.041382386638880136,0.041382386638880136,0.5,-4.2362064050386914e-05,6.527421010103957e-05,64
response_mean,18,27,2.536898637117484e-05,0.041342988481330376,0.041342988481330376,0.515625,0.0001936231352601554,-0.00014288516251780568,64
post_selector,12,16,-0.0002152199049305656,-0.041303772005132175,0.041303772005132175,0.5,-0.0004451913919183469,1.475158205721549e-05,64
response_first,23,7,2.9411463628999775e-06,0.04129005848570084,0.04129005848570084,0.546875,1.3074413800532933e-06,4.5748513457466596e-06,64
public_task_span,9,9,9.578036355151198e-07,0.04128016443665489,0.04128016443665489,0.546875,8.156054775554367e-06,-6.240447504524127e-06,64
response_first,15,7,3.043173229855983e-06,0.04123667440401242,0.04123667440401242,0.515625,2.2832442851930795e-06,3.8031021745188828e-06,64
final_prompt,29,22,-4.19732646150681e-06,-0.04123559842213765,0.04123559842213765,0.5,-3.1055707495394545e-05,2.2661054572380925e-05,64
response_mean,34,4,5.766940944342264e-06,0.04119001475442131,0.04119001475442131,0.484375,-6.357033112179038e-05,7.510421301047489e-05,64
final_prompt,31,31,-6.157622578939185e-06,-0.04095849636799803,0.04095849636799803,0.515625,-6.060457565125289e-05,4.828933049337453e-05,64
response_mean,27,14,3.012478236997139e-05,0.04091777396635658,0.04091777396635658,0.53125,-0.0002598779146864939,0.00032012747942643667,64
response_first,9,26,-4.049083628383464e-06,-0.040856489782522425,0.040856489782522425,0.5,8.64803200784469e-06,-1.674619926461162e-05,64
public_task_span,18,8,5.244233216216833e-05,0.04085259364213997,0.04085259364213997,0.5625,1.968616106750673e-05,8.519850325682993e-05,64
final_prompt,18,14,3.3902574330094127e-06,0.04083318515118819,0.04083318515118819,0.515625,2.142681739769326e-05,-1.4646302531674434e-05,64
response_first,29,27,1.7664062056609836e-05,0.04076786535395453,0.04076786535395453,0.578125,-0.00014158275803309995,0.00017691088214631963,64
public_task_span,21,3,-2.6234279744121952e-06,-0.04068822726821567,0.04068822726821567,0.5,4.984838710695854e-06,-1.0231694659520242e-05,64
public_task_span,11,0,-8.100966442725242e-05,-0.0406099301135707,0.0406099301135707,0.484375,-0.00010693570948205086,-5.508361937245403e-05,64
post_selector,25,2,2.376656016167673e-05,0.04059451422164273,0.04059451422164273,0.515625,-0.0001358581621388943,0.0001833912824622477,64
post_selector,23,8,5.5247399359361933e-05,0.04052174027498628,0.04052174027498628,0.453125,0.00047301242557294443,-0.00036251762685422047,64
response_mean,27,12,2.6783147575303963e-06,0.04048848769162815,0.04048848769162815,0.5,1.9831518898167768e-05,-1.4474889383106977e-05,64
response_first,33,19,2.6218902348780022e-05,0.040482067428902035,0.040482067428902035,0.546875,-0.0004067489098815454,0.00045918671457910546,64
response_first,24,19,1.8478341949931797e-06,0.04042326321266248,0.04042326321266248,0.53125,-7.542105464542183e-07,4.449878936440576e-06,64
final_prompt,28,21,2.59135335909365e-05,0.04037174340910255,0.04037174340910255,0.5,0.0001729096047711189,-0.0001210825375892459,64
public_task_span,17,7,2.7590623403731183e-05,0.040356418393342385,0.040356418393342385,0.515625,0.00013262383845356863,-7.744259164610626e-05,64
public_task_span,18,14,3.9311102227655706e-05,0.040284655106676864,0.040284655106676864,0.515625,3.197597470716378e-05,4.664622974814763e-05,64
response_mean,23,24,2.901091784223327e-05,0.04016757965591583,0.04016757965591583,0.515625,-0.00012382445265757763,0.0001818462883420442,64
response_first,25,28,8.295813586300385e-06,0.040087120970653464,0.040087120970653464,0.53125,-6.243978373275807e-05,7.903141090535885e-05,64
response_mean,35,1,-1.2076442885684695e-06,-0.04002374804801884,0.04002374804801884,0.484375,1.1382163961570768e-05,-1.3797452538707706e-05,64
public_task_span,7,24,-4.180206701671705e-06,-0.03993996406808182,0.03993996406808182,0.46875,3.0979398616181956e-05,-3.933981201952536e-05,64
final_prompt,20,19,7.718843335171082e-06,0.039911741406843344,0.039911741406843344,0.5,2.488583936610157e-05,-9.448152695759403e-06,64
response_first,25,20,5.031987484471756e-07,0.03981928068943794,0.03981928068943794,0.515625,4.863458784143404e-06,-3.857061287249053e-06,64
post_selector,28,28,6.5638138835298515e-06,0.03973269571091451,0.03973269571091451,0.5,3.733259745801988e-07,1.2754301792479503e-05,64
response_first,34,29,1.5281143305398254e-05,0.03972353102033819,0.03972353102033819,0.5,-0.000144019378240024,0.0001745816648508205,64
response_mean,35,2,-3.2663549518471523e-06,-0.03969043353794241,0.03969043353794241,0.515625,1.29704631035557e-05,-1.9503173007250005e-05,64
response_mean,35,23,5.789968417957473e-05,0.039689688878056524,0.039689688878056524,0.515625,-0.0005063043681729942,0.0006221037365321437,64
public_task_span,20,5,-1.4616748558172706e-05,-0.03965395792154842,0.03965395792154842,0.5,-5.945025372965741e-05,3.021675661331201e-05,64
response_mean,18,4,1.4035343156134439e-05,0.03965267726507532,0.03965267726507532,0.5,6.043579196556275e-05,-3.236510565329387e-05,64
final_prompt,30,24,-8.703749017517072e-06,-0.03961653074564815,0.03961653074564815,0.515625,-0.00011133580142085237,9.392830338581824e-05,64
response_mean,30,6,4.896093082607047e-05,0.03961218028840919,0.03961218028840919,0.5,-0.0006229234732017658,0.0007208453348539067,64
post_selector,25,27,-2.8677692625935142e-05,-0.03959131539037299,0.03959131539037299,0.515625,0.0001111334040615362,-0.00016848878931340644,64
post_selector,5,21,0.00040471498914485324,0.039508443358596594,0.039508443358596594,0.5,-0.0014077628352424515,0.002217192813532158,64
public_task_span,20,19,6.626037861678713e-05,0.039391761776639,0.039391761776639,0.5,-6.990340807548482e-06,0.00013951109804112268,64
post_selector,24,25,-0.00014602544251829277,-0.039355534936573386,0.039355534936573386,0.53125,-0.0005614734254777353,0.00026942254044114996,64
post_selector,12,9,0.00021697944430342647,0.03928564328156846,0.03928564328156846,0.5625,-0.0008287786768050942,0.001262737565411947,64
response_first,25,23,7.348122395001155e-07,0.03924085913249246,0.03924085913249246,0.5,2.6916285378320026e-07,1.2004616252170308e-06,64
response_first,33,28,1.86731738267564e-05,0.0391760611243171,0.0391760611243171,0.515625,-0.0002013192038248063,0.0002386655514783191,64
final_prompt,19,13,4.255370254214056e-05,0.03915510578753061,0.03915510578753061,0.5,0.0004907955308226302,-0.00040568812573834917,64
final_prompt,23,23,1.0893243143067506e-05,0.03914239501267864,0.03914239501267864,0.546875,9.584485360390911e-05,-7.40583673177741e-05,64
public_task_span,13,21,-3.315771522234182e-06,-0.03914040258447426,0.03914040258447426,0.5,3.418733740545385e-06,-1.0050276785013749e-05,64
response_first,20,5,-2.430609015390763e-06,-0.03911195914115985,0.03911195914115985,0.484375,4.031950993518786e-06,-8.893169024300311e-06,64
response_first,22,8,4.298492399358329e-06,0.039104111822864364,0.039104111822864364,0.53125,1.7916510842032757e-05,-9.319526043316098e-06,64
response_mean,22,19,1.3089016732705452e-06,0.03909711156719588,0.03909711156719588,0.53125,-8.13962844858647e-06,1.075743179512756e-05,64
final_prompt,33,23,7.013045660641612e-05,0.03894784755281975,0.03894784755281975,0.5,-0.000417288862990972,0.0005575497762038041,64
public_task_span,24,13,-4.130834122405847e-05,-0.03889130183475417,0.03889130183475417,0.484375,-0.00044614909711524994,0.00036353241466713306,64
response_first,19,1,3.3211081920108983e-06,0.03889064799030813,0.03889064799030813,0.515625,-6.771667791836548e-06,1.3413884175858345e-05,64
post_selector,9,0,6.365684748742856e-05,0.0388811815441161,0.0388811815441161,0.515625,0.0009194427657348212,-0.000792129070759964,64
response_first,21,8,3.0433362425691504e-06,0.03887222151901053,0.03887222151901053,0.515625,-1.123593264651442e-05,1.732260513165272e-05,64
final_prompt,19,0,4.272696241969428e-05,0.03882584526185162,0.03882584526185162,0.515625,0.0003754243507500953,-0.0002899704259107067,64
response_first,22,2,5.521314278665296e-06,0.03876274987481646,0.03876274987481646,0.5,4.174070818407163e-05,-3.069807962674103e-05,64
final_prompt,27,30,7.558032939414218e-05,0.03870016274809341,0.03870016274809341,0.5,-1.4597124391003143e-05,0.00016575778317928753,64
response_first,28,9,3.782290559684311e-05,0.03869212812673436,0.03869212812673436,0.5,-0.0003075323302254977,0.00038317814141918395,64
public_task_span,16,14,-5.432103898783595e-05,-0.03868771835669966,0.03868771835669966,0.5,8.942530257626251e-05,-0.00019806738055193438,64
post_selector,0,5,-0.000438240662333558,-0.03842047087483078,0.03842047087483078,0.5,-0.0005623677279800187,-0.00031411359668709685,64
final_prompt,19,14,1.2158596291556758e-05,0.03842020852414598,0.03842020852414598,0.5,0.0001424707934347567,-0.00011815360085164318,64
response_mean,31,20,4.357783495833306e-05,0.03839308729887085,0.03839308729887085,0.609375,-0.00020772252810275575,0.00029487819801942187,64
response_first,26,14,4.269333686580155e-06,0.038258803254139925,0.038258803254139925,0.5,-5.120813818847015e-05,5.9746805561630456e-05,64
public_task_span,24,5,-6.978932503898575e-06,-0.03821951585882513,0.03821951585882513,0.515625,-6.957357601322124e-05,5.561571100542409e-05,64
final_prompt,21,6,8.172580237442914e-06,0.038197534917879854,0.038197534917879854,0.5,-2.9013538096529094e-06,1.9246514284538727e-05,64
response_mean,34,6,9.3280546025201e-06,0.038139289549891014,0.038139289549891014,0.5,-0.00011156800792375761,0.0001302241171287978,64
final_prompt,28,29,-5.080725813400021e-07,-0.03796851479684002,0.03796851479684002,0.46875,-2.3529268133870573e-06,1.336781650707053e-06,64
final_prompt,21,27,1.542272275400445e-05,0.03793246236268187,0.03793246236268187,0.5,-0.0002105763005601817,0.00024142174606819064,64
response_first,16,20,-1.1251383043031637e-06,-0.03792985216191667,0.03792985216191667,0.5,1.7033878236816236e-06,-3.953664432287951e-06,64
response_mean,16,15,-1.922420233313363e-05,-0.037889581367716946,0.037889581367716946,0.484375,2.833372855092642e-05,-6.678213321719368e-05,64
final_prompt,19,28,1.97951318341437e-05,0.03783460228459871,0.03783460228459871,0.5,-0.00021215222022872318,0.0002517424838970106,64
response_first,20,30,3.7161862849201877e-06,0.03781723798781495,0.03781723798781495,0.5,7.931326848619763e-06,-4.989542787793899e-07,64
post_selector,3,31,-0.0005201116076420737,-0.03765163156771281,0.03765163156771281,0.453125,-0.002973925568880955,0.0019337023535968075,64
public_task_span,12,22,-1.917013196361257e-05,-0.03764451242367228,0.03764451242367228,0.46875,-0.00018276089031131249,0.00014442062638408732,64
response_mean,20,26,1.7235914128829002e-05,0.037597639738237036,0.037597639738237036,0.5,4.617144531947818e-05,-1.1699617061820177e-05,64
response_mean,22,15,8.8410877651764e-05,0.03753306372448182,0.03753306372448182,0.515625,-0.0006726340288878375,0.0008494557841913655,64
response_first,35,4,1.5596007756345033e-06,0.037517593176064616,0.037517593176064616,0.5,-7.435692964466206e-06,1.0554894515735214e-05,64
response_mean,21,6,3.1561611251616385e-05,0.037489136390257215,0.037489136390257215,0.5,-0.00019194017738754626,0.00025506339989077905,64
response_mean,31,27,-2.4848235469221436e-07,-0.03746722291652198,0.03746722291652198,0.484375,-1.1040723890687332e-06,6.071076796843045e-07,64
public_task_span,18,6,1.1006834029105564e-05,0.03746665508987301,0.03746665508987301,0.5,8.808572488304743e-05,-6.607205682483629e-05,64
response_first,28,12,2.7510830477692067e-05,0.03742515597703971,0.03742515597703971,0.5,-3.922320547644853e-05,9.424486643183268e-05,64
public_task_span,21,15,-1.2607874396053755e-05,-0.03733235077452271,0.03733235077452271,0.484375,2.765503722913176e-06,-2.7981252515020675e-05,64
public_task_span,11,28,-8.427595332705096e-07,-0.037253891466833715,0.037253891466833715,0.5,1.3782719321397965e-06,-3.0637909986808154e-06,64
response_first,20,28,7.226864369159913e-06,0.03723818532096561,0.03723818532096561,0.515625,7.940236878310606e-05,-6.494864004478622e-05,64
final_prompt,25,19,-1.3272199055332105e-06,-0.03722180687382087,0.03722180687382087,0.484375,-6.736888337853238e-06,4.082448526786817e-06,64
response_mean,22,12,4.093643440226341e-06,0.03715723596276286,0.03715723596276286,0.515625,-2.1198065951515773e-06,1.030709347560426e-05,64
post_selector,20,4,0.0008428471192019108,0.03714944528379331,0.03714944528379331,0.5,-0.0015961546159814993,0.0032818488543853224,64
final_prompt,19,25,2.7954909000943546e-06,0.0371149046966374,0.0371149046966374,0.515625,-1.974671582160594e-05,2.533769762179465e-05,64
final_prompt,27,29,0.00010841522453120626,0.03711067226112893,0.03711067226112893,0.515625,-0.0003979705325036687,0.0006148009815660812,64
response_mean,16,11,4.83261942463554e-06,0.037004323719357635,0.037004323719357635,0.5,-2.805948054173594e-05,3.7724719391007024e-05,64
public_task_span,21,7,9.519014554371095e-07,0.036809482407660875,0.036809482407660875,0.515625,-5.30772069851082e-07,2.4345749807253014e-06,64
response_mean,22,28,-3.7433525221798115e-06,-0.03678054334388714,0.03678054334388714,0.484375,-2.4423414856754635e-05,1.6936709812395013e-05,64
public_task_span,8,6,-1.6498218883501185e-05,-0.03678034973479808,0.03678034973479808,0.46875,-2.5555891625027556e-07,-3.274087885075209e-05,64
response_first,25,21,4.392716377310535e-07,0.03671598286463164,0.03671598286463164,0.53125,7.115668552160059e-07,1.6697642024610104e-07,64
final_prompt,19,3,6.998633637067238e-05,0.03668589624556439,0.03668589624556439,0.5,0.0007469605798178047,-0.0006069879070764598,64
public_task_span,19,2,3.926407043763796e-05,0.036678727753494116,0.036678727753494116,0.53125,0.00020923811189276336,-0.00013070997101748743,64
final_prompt,19,31,2.0223854221507405e-05,0.03666775718708804,0.03666775718708804,0.53125,0.00024545477617719005,-0.00020500706773417523,64
post_selector,4,5,0.0001346264371022601,0.03663932302218467,0.03663932302218467,0.578125,-0.0001298165971093311,0.0003990694713138514,64
final_prompt,35,3,4.145753564438064e-06,0.03643140900594044,0.03643140900594044,0.53125,6.145987936177134e-05,-5.316837223289522e-05,64
post_selector,22,28,-7.408403780573285e-05,-0.036361295351929245,0.036361295351929245,0.5,-0.00026551321025181877,0.00011734513464035321,64
response_first,16,13,4.7044491111591035e-06,0.03633816936418403,0.03633816936418403,0.515625,5.392275716075015e-05,-4.451385893843194e-05,64
final_prompt,21,5,8.815671435513335e-06,0.036333602722990625,0.036333602722990625,0.515625,2.4653262812536574e-05,-7.021919941509911e-06,64
response_first,34,3,2.4652905267426194e-05,0.03632277945442899,0.03632277945442899,0.53125,-0.0003144183392578126,0.000363724149792665,64
final_prompt,22,25,2.09769859793475e-06,0.03630578397309622,0.03630578397309622,0.5,1.1343207546587131e-05,-7.1478103507176335e-06,64
final_prompt,20,5,-3.6047607636630187e-06,-0.03630091496761131,0.03630091496761131,0.5,-1.960487634278226e-05,1.2395354815456224e-05,64
response_first,10,19,3.452628106975211e-06,0.036284184678359366,0.036284184678359366,0.5,4.9192915412336085e-06,1.985964672716815e-06,64
public_task_span,19,23,-5.4402114074037405e-05,-0.03627365161939872,0.03627365161939872,0.484375,-4.441078453965643e-05,-6.439344360841849e-05,64
response_mean,16,13,1.6513488390041868e-05,0.036254337462710375,0.036254337462710375,0.5,0.000170822577274506,-0.00013779560049442222,64
final_prompt,24,18,8.067778435360031e-05,0.036238241889355774,0.036238241889355774,0.546875,0.00032809763069962584,-0.00016674206199242513,64
final_prompt,23,27,2.168787830212232e-06,0.0361793148974573,0.0361793148974573,0.53125,2.2126733028925745e-05,-1.7789157368501275e-05,64
response_mean,31,21,7.217286963623337e-07,0.03617430811542669,0.03617430811542669,0.5,-4.046768822263402e-06,5.49022621498807e-06,64
response_first,21,29,3.2131923148883502e-06,0.036173149203916496,0.036173149203916496,0.515625,2.5401979826255643e-05,-1.897559519647894e-05,64
post_selector,20,26,1.0371065059189372e-05,0.036126070914269066,0.036126070914269066,0.453125,2.2689693196297258e-05,-1.9475630779185102e-06,64
final_prompt,29,29,2.518084983193093e-06,0.0361111165747649,0.0361111165747649,0.5,3.0387134017925117e-05,-2.535096405153893e-05,64
response_first,24,0,3.8858581064005193e-07,0.03610609297732465,0.03610609297732465,0.5,-1.5360987788426428e-06,2.3132704001227467e-06,64
post_selector,28,30,1.8995142909259368e-05,0.03592681963029403,0.03592681963029403,0.5,9.46209484027375e-05,-5.6630662584218725e-05,64
public_task_span,14,0,-2.7381326717090815e-07,-0.03592592300508724,0.03592592300508724,0.5,-1.6820318649024557e-06,1.1344053305606394e-06,64
public_task_span,22,30,-4.910796769762948e-05,-0.035890148445663836,0.035890148445663836,0.5,0.00019743624852708194,-0.00029565218392234093,64
response_mean,33,25,-1.2945406751892141e-05,-0.03585391730939967,0.03585391730939967,0.453125,-0.00012314907326070552,9.725825975692121e-05,64
final_prompt,34,24,2.6563389496900676e-06,0.03579799614950408,0.03579799614950408,0.484375,3.265593511513336e-05,-2.7343257215753222e-05,64
response_first,30,24,2.457610236207277e-06,0.035590556195572075,0.035590556195572075,0.515625,-3.9834544566011735e-05,4.474976503842629e-05,64
post_selector,11,8,-5.683798394783748e-05,-0.03557170273705382,0.03557170273705382,0.515625,0.0004323043394833875,-0.0005459803073790625,64
response_mean,32,15,7.888849722801634e-06,0.03549558014026471,0.03549558014026471,0.515625,2.4276679368989412e-05,-8.498979923386134e-06,64
response_first,29,12,5.2879395184392866e-05,0.035267044214207774,0.035267044214207774,0.53125,-0.0005501028510934505,0.0006558616414622362,64
public_task_span,21,0,-1.3043552371528898e-06,-0.035192202212449654,0.035192202212449654,0.484375,1.0403429655512718e-06,-3.6490534398570505e-06,64
response_mean,18,25,1.3085380423657483e-05,0.035164465396334416,0.035164465396334416,0.5,0.00011698923321999463,-9.081847237267969e-05,64
final_prompt,21,20,3.6075603929928374e-05,0.03510261136505563,0.03510261136505563,0.515625,6.443022175516925e-05,7.720986104687503e-06,64
final_prompt,27,26,-8.99134101928127e-06,-0.035037598454624404,0.035037598454624404,0.46875,1.2268054888416896e-05,-3.025073692697943e-05,64
post_selector,1,28,8.308467505457591e-05,0.03485653427404877,0.03485653427404877,0.546875,-0.00016754867425561575,0.00033371802436476747,64
post_selector,22,14,-0.00012456399417715245,-0.03483182887662004,0.03483182887662004,0.546875,-0.00023206563491840192,-1.706235343590303e-05,64
post_selector,3,27,0.00033811824914663257,0.034796873159264705,0.034796873159264705,0.6875,-0.0016754478274379001,0.0023516843257311657,64
response_mean,17,30,2.63984708226169e-06,0.03478809758926364,0.03478809758926364,0.5,9.272598958885577e-06,-3.992904794362199e-06,64
response_first,11,28,-1.5708428247052098e-07,-0.034763167130674295,0.034763167130674295,0.5,4.2397914512548596e-08,-3.5656647945359055e-07,64
final_prompt,24,3,6.21408275947033e-07,0.03472053667702047,0.03472053667702047,0.5,7.330701805585704e-06,-6.087885253691638e-06,64
final_prompt,27,7,2.625049501147715e-05,0.03460716087201463,0.03460716087201463,0.53125,-0.00011951853502978132,0.00017201952505273564,64
post_selector,18,20,0.00021372367154981562,0.034604279101035244,0.034604279101035244,0.5,-0.0007193898818513781,0.0011468372249510092,64
public_task_span,35,27,3.160388223477921e-05,0.03460132166663658,0.03460132166663658,0.5,-6.411064532524117e-07,6.384887092281083e-05,64
post_selector,3,16,-0.00043974406435154357,-0.03457505484153223,0.03457505484153223,0.4375,9.543984197079962e-05,-0.0009749279706738874,64
response_first,19,10,2.0423380533438037e-06,0.03453424079558777,0.03453424079558777,0.53125,2.1594077907137142e-05,-1.7509401800449535e-05,64
final_prompt,20,16,2.5361938682519675e-06,0.034508828428898505,0.034508828428898505,0.5,-1.2209015977756957e-05,1.728140371426089e-05,64
response_mean,33,24,1.4388098634300832e-05,0.034502999640620265,0.034502999640620265,0.5,2.158561574105699e-05,7.1905815275446556e-06,64
response_mean,30,7,7.789439848693291e-07,0.03450200076505035,0.03450200076505035,0.5,7.1391998517356114e-06,-5.581311881996953e-06,64
response_first,35,25,0.00010480351284058997,0.03448768038963691,0.03448768038963691,0.5,0.00035776814729614637,-0.00014816112161496645,64
response_mean,28,25,2.8382046366429858e-06,0.034413310099481224,0.034413310099481224,0.515625,1.0152500635737844e-06,4.6611592097121846e-06,64
final_prompt,28,20,1.985102153411867e-05,0.03436189264501199,0.03436189264501199,0.484375,-0.0002619500046421155,0.0003016520477103529,64
post_selector,2,28,0.00032946428837021867,0.03435138750499441,0.03435138750499441,0.5,4.87781508127248e-05,0.0006101504259277126,64
public_task_span,35,24,1.831015197240324e-05,0.03421230409154173,0.03421230409154173,0.5,8.403875108342661e-05,-4.741844713862007e-05,64
response_first,11,20,3.093462694895377e-06,0.033956951977664296,0.033956951977664296,0.484375,-1.4905019796164876e-05,2.109194518595563e-05,64
public_task_span,22,22,8.51017178504776e-07,0.03384672956546257,0.03384672956546257,0.515625,-6.367785474026277e-06,8.06981983103583e-06,64
response_mean,23,21,9.57269901391806e-06,0.033839524650051744,0.033839524650051744,0.484375,-5.6366801345568456e-05,7.551219937340458e-05,64
response_mean,20,30,0.0001490438835389799,0.03383336221048937,0.03383336221048937,0.5,5.502675594470024e-05,0.0002430610111332594,64
response_mean,17,28,1.3662056943538525e-06,0.03376203233601006,0.03376203233601006,0.546875,3.934998261459422e-06,-1.202586872751718e-06,64
public_task_span,20,0,1.1622885381247408e-05,0.03375944998697894,0.03375944998697894,0.515625,8.253841497205462e-05,-5.929264420955981e-05,64
response_first,15,5,1.954687832040281e-05,0.0337001718728943,0.0337001718728943,0.5,-9.325494397671602e-05,0.00013234870061752161,64
post_selector,16,18,-0.00020412591402418586,-0.03356320850787021,0.03356320850787021,0.5,-0.00036797732172999065,-4.02745063183814e-05,64
final_prompt,24,24,-1.693236208666422e-05,-0.03354940905908748,0.03354940905908748,0.484375,0.00015508236538152713,-0.00018894708955485555,64
public_task_span,25,24,5.595878860731726e-06,0.033488761823563216,0.033488761823563216,0.515625,4.9741441443976477e-05,-3.854968372251303e-05,64
response_mean,31,23,2.6686878129573736e-06,0.03348183583338801,0.03348183583338801,0.5,-1.8199174121490812e-05,2.353654974740556e-05,64
final_prompt,30,12,-2.5185918559591764e-06,-0.033458286221976115,0.033458286221976115,0.5,4.660659953971906e-06,-9.69784366589026e-06,64
response_first,15,25,-6.289561724770465e-07,-0.03343351154208501,0.03343351154208501,0.5,2.3647356783840223e-07,-1.4943859127924952e-06,64
response_first,11,30,-1.678586272646656e-06,-0.033401079467864865,0.033401079467864865,0.5,2.437736867475517e-06,-5.794909412768827e-06,64
final_prompt,30,17,0.0001201253307954183,0.03339749198644424,0.03339749198644424,0.484375,-0.0008902622503228373,0.001130512911913674,64
public_task_span,18,9,1.6454342585343742e-05,0.0333375537884514,0.0333375537884514,0.53125,2.2168067062006917e-05,1.0740618108680581e-05,64
post_selector,15,11,-0.00011525563240867497,-0.033283197108223625,0.033283197108223625,0.578125,-0.0008544126139895594,0.0006239013491722093,64
response_first,21,31,1.1372092867391162e-06,0.03328196101791363,0.03328196101791363,0.5,5.795134057959782e-06,-3.520715484481551e-06,64
response_first,28,23,1.8559369664209606e-05,0.03318495625391159,0.03318495625391159,0.5,-0.0002545686202210975,0.00029168735954951673,64
response_first,32,8,1.595552885191947e-05,0.03312373896723903,0.03312373896723903,0.515625,-0.00020071785729667652,0.00023262891500051548,64
response_first,21,2,9.895639863083639e-07,0.033081460319356513,0.033081460319356513,0.5,3.743455152970303e-06,-1.7643271803535754e-06,64
response_mean,34,24,2.207548789101619e-06,0.0330434659997346,0.0330434659997346,0.53125,2.3616951693831718e-05,-1.920185411562848e-05,64
public_task_span,12,11,-3.3789071494526795e-05,-0.033037930812124014,0.033037930812124014,0.46875,-0.00020096677417312593,0.00013338863118407237,64
final_prompt,25,7,-3.8183939921054844e-07,-0.03295282854377189,0.03295282854377189,0.515625,1.5986077528395992e-07,-9.235395737050567e-07,64
public_task_span,11,4,-3.0572869036405464e-05,-0.03294244634586517,0.03294244634586517,0.5,-4.356424960860907e-05,-1.75814884642019e-05,64
post_selector,11,12,0.00014914502389728747,0.032927232279277026,0.032927232279277026,0.515625,-0.0003666726406663655,0.0006649626884609409,64
response_first,12,31,1.7688960838304493e-06,0.03286262057150297,0.03286262057150297,0.5625,1.7944700516641325e-06,1.7433221159967636e-06,64
public_task_span,8,9,-2.4869084427340364e-06,-0.03285701993280384,0.03285701993280384,0.484375,2.9771272693316553e-05,-3.474508957878462e-05,64
public_task_span,21,22,-1.1593459760205834e-05,-0.03285181087290543,0.03285181087290543,0.46875,-8.556806415071808e-05,6.238114463030641e-05,64
response_mean,17,1,-3.2644893963153416e-05,-0.03283984739934058,0.03283984739934058,0.484375,-0.0001627418560019529,9.745206807564605e-05,64
response_mean,25,6,8.368406156479292e-06,0.032661765114012274,0.032661765114012274,0.46875,-8.770855765759345e-05,0.00010444536997055202,64
response_first,31,31,9.714493671708089e-06,0.032650999610154954,0.032650999610154954,0.53125,-0.0001819967603750892,0.00020142574771850536,64
post_selector,0,16,0.00047041697689564703,0.032624780598591314,0.032624780598591314,0.484375,0.00013496819155988402,0.0008058657622314093,64
response_first,33,22,-5.576772650783057e-06,-0.03260454194487193,0.03260454194487193,0.5,-0.00012690963490055566,0.00011575608959898956,64
public_task_span,21,4,4.189669255084387e-06,0.03258564508068648,0.03258564508068648,0.515625,3.306609198715947e-05,-2.46867534769907e-05,64
post_selector,4,31,8.428349360654953e-05,0.03251155991107846,0.03251155991107846,0.5625,-0.00046836679985063387,0.0006369337870637329,64
public_task_span,21,12,-2.5080615159819402e-05,-0.03249522401963693,0.03249522401963693,0.46875,0.00021594264035229674,-0.00026610387067193555,64
public_task_span,24,30,-1.007255337981318e-05,-0.03249052814255594,0.03249052814255594,0.5,-2.024484945196251e-05,9.974269233615894e-08,64
response_mean,19,30,5.416036538007744e-05,0.03247170973209991,0.03247170973209991,0.515625,0.0007563312146885081,-0.0006480104839283534,64
response_first,24,17,6.454050009094501e-06,0.03245152447835846,0.03245152447835846,0.5,-1.4576057424164779e-05,2.748415744235377e-05,64
response_mean,15,16,8.126067768898569e-06,0.03243081262335099,0.03243081262335099,0.515625,2.8741972982960926e-05,-1.2489837445163795e-05,64
post_selector,15,14,-5.108604204906721e-05,-0.03234549970535704,0.03234549970535704,0.5,-9.982774190575621e-05,-2.3443421923781556e-06,64
response_first,29,13,4.918443838875493e-06,0.03225776240350547,0.03225776240350547,0.5,-4.900295157028097e-05,5.883983924803195e-05,64
response_mean,19,21,-7.154028935474951e-05,-0.03213058037727973,0.03213058037727973,0.484375,0.0007071801701385751,-0.000850260748848074,64
response_first,28,1,5.153666052134254e-06,0.03212285856658862,0.03212285856658862,0.546875,-0.00010927936295954571,0.0001195866950638142,64
post_selector,5,24,0.00040427608109893764,0.032074790270192985,0.032074790270192985,0.53125,-0.002155658916308302,0.0029642110785061777,64
final_prompt,25,27,6.547977818623661e-06,0.0320729923692004,0.0320729923692004,0.5,-8.134092763610346e-05,9.443688327335077e-05,64
response_first,34,16,4.320861307857971e-06,0.032043799709308644,0.032043799709308644,0.515625,-4.6305711293813784e-05,5.494743390952972e-05,64
final_prompt,31,23,4.919275568225792e-06,0.03202951381318282,0.03202951381318282,0.5,1.1332545454927886e-05,-1.493994318476304e-06,64
final_prompt,31,28,-0.00015115208771021723,-0.032017873000230734,0.032017873000230734,0.5,-0.001027044498187025,0.0007247403227665904,64
public_task_span,26,20,6.801648282819033e-06,0.03199158449472222,0.03199158449472222,0.53125,-4.383263399175593e-05,5.7435930557393994e-05,64
response_first,33,12,1.851057731982564e-05,0.03195787695180463,0.03195787695180463,0.5,-0.00015105785951163712,0.00018807901415128842,64
post_selector,13,10,-9.870046415016791e-05,-0.031923197469069776,0.031923197469069776,0.5625,0.00042038651554321253,-0.0006177874438435481,64
final_prompt,20,3,3.15848293439553e-05,0.03191988281460493,0.03191988281460493,0.5,0.0005291340114581286,-0.00046596435277021807,64
public_task_span,20,29,-2.5435043198738108e-05,-0.03183103798630299,0.03183103798630299,0.5,-0.00015703986673542994,0.00010616978033795375,64
response_first,31,5,2.373663778598176e-05,0.0318172786553266,0.0318172786553266,0.53125,6.585566097788599e-06,4.088770947417497e-05,64
response_mean,18,30,0.0001792280363588361,0.031786717898122825,0.031786717898122825,0.515625,0.000591555131904897,-0.00023309905918722463,64
response_first,33,14,1.2802656783606371e-05,0.031767991232957385,0.031767991232957385,0.515625,-0.00016625752004982162,0.00019186283361703434,64
public_task_span,20,13,1.8837578636517603e-05,0.03172308961108396,0.03172308961108396,0.53125,-3.8648538065904766e-05,7.632369533893993e-05,64
response_first,27,19,9.297961014457234e-06,0.03166909103413364,0.03166909103413364,0.515625,-0.00016697626642777697,0.00018557218845669145,64
response_first,23,20,2.7656057000091134e-06,0.03166109866766045,0.03166109866766045,0.515625,4.500353179536806e-05,-3.947232039534983e-05,64
public_task_span,16,4,-6.62975446630418e-06,-0.03166010030102285,0.03166010030102285,0.5,4.5241790303393036e-05,-5.8501299236001396e-05,64
final_prompt,35,17,5.314199597706338e-06,0.03163692017684805,0.03163692017684805,0.5,5.404487410484867e-06,5.22391178492782e-06,64
response_first,20,29,-1.2026888376870382e-07,-0.03157239725581683,0.03157239725581683,0.5,-9.763174508292671e-07,7.357796832918595e-07,64
public_task_span,22,7,1.0634004411259769e-05,0.03151410063559121,0.03151410063559121,0.5,0.0001387638860705867,-0.00011749587724806714,64
public_task_span,17,13,7.220613838390117e-06,0.03151246738792122,0.03151246738792122,0.5,3.0257118851280954e-05,-1.5815891174500718e-05,64
post_selector,9,30,-3.1572342562569133e-07,-0.03150226979097162,0.03150226979097162,0.640625,-2.0531958018210617e-06,1.421748950569679e-06,64
response_mean,16,19,2.4121366095644897e-05,0.03148708485924759,0.03148708485924759,0.5,7.662120242458946e-05,-2.837847023329961e-05,64
response_first,35,9,-2.0947369193898117e-05,-0.03142785529275921,0.03142785529275921,0.5,-0.00025318852658529566,0.00021129378819749944,64
post_selector,1,0,7.173129415605799e-05,0.03142496436708564,0.03142496436708564,0.5,0.00017103238860727543,-2.7569800295159372e-05,64
public_task_span,13,5,-4.965496600560826e-06,-0.031361271736625854,0.031361271736625854,0.484375,-2.8196759330968646e-05,1.8265766129846994e-05,64
public_task_span,7,15,-1.393219292822323e-06,-0.03134012556503491,0.03134012556503491,0.5,-3.1552468726658844e-06,3.6880828702123836e-07,64
final_prompt,31,10,6.6527336457461876e-06,0.03133184436140625,0.03133184436140625,0.5,-4.9233311074199095e-05,6.253877836569146e-05,64
final_prompt,9,10,-7.159037238579911e-07,-0.03130108134240294,0.03130108134240294,0.5,-1.8230980458611114e-07,-1.249497643129871e-06,64
final_prompt,25,4,2.9925767535106514e-06,0.03127926119081327,0.03127926119081327,0.515625,2.880078022825197e-05,-2.281562672123067e-05,64
response_first,16,21,-1.013657055180891e-06,-0.03127824080651888,0.03127824080651888,0.5,-3.010694257452211e-06,9.83380147090429e-07,64
final_prompt,24,17,0.00020508290617726483,0.031268337913458545,0.031268337913458545,0.515625,0.002816348849592013,-0.002406183037237483,64
response_first,30,6,7.621698216549533e-06,0.031220927081503848,0.031220927081503848,0.515625,-8.68094456904933e-05,0.00010205284212359237,64
response_first,28,22,8.41854216559837e-06,0.031181685368392963,0.031181685368392963,0.5,-8.187784260375506e-06,2.5024868591572263e-05,64
final_prompt,19,27,1.1660828285173645e-06,0.031178827703669233,0.031178827703669233,0.515625,-9.371408907552982e-06,1.1703574564587712e-05,64
public_task_span,21,28,3.402241782168966e-05,0.03115913573620167,0.03115913573620167,0.515625,-0.0001706104426375568,0.00023865527828093613,64
response_first,28,20,7.698033925862546e-07,0.03112158981961755,0.03112158981961755,0.515625,-5.895132233035838e-06,7.434739018208347e-06,64
response_mean,19,11,1.2386607068041452e-05,0.03110165530860668,0.03110165530860668,0.5,-4.0812115003098775e-06,2.885442563639276e-05,64
response_mean,28,21,5.8808474022953116e-05,0.031098252405173814,0.031098252405173814,0.515625,-0.0008856847198330589,0.001003301667878965,64
public_task_span,12,14,-1.0710661911163586e-05,-0.031097959893104484,0.031097959893104484,0.484375,0.00010541476376600383,-0.00012683608758833103,64
final_prompt,32,9,6.003727321511039e-06,0.03109226811189117,0.03109226811189117,0.5,-2.0153339846732026e-05,3.216079448975411e-05,64
response_first,16,10,1.0267371841621298e-07,0.03108941585629772,0.03108941585629772,0.5,8.579021493204664e-07,-6.525547124880404e-07,64
response_first,20,6,-1.4599784776689313e-06,-0.03099554956714278,0.03099554956714278,0.5,-1.563422335948347e-05,1.2714266404145606e-05,64
final_prompt,19,30,2.735773978202299e-05,0.03096114498364034,0.03096114498364034,0.515625,0.0006481609784713886,-0.0005934454989073426,64
final_prompt,26,8,-3.635676133484367e-07,-0.030920290048617443,0.030920290048617443,0.5,-5.279563954019295e-06,4.552428727322422e-06,64
post_selector,32,25,1.928349956869687e-05,0.030904098663281414,0.030904098663281414,0.5,4.4734198581862484e-05,-6.16719944446875e-06,64
final_prompt,24,0,1.0062735888993757e-07,0.030902583320870845,0.030902583320870845,0.515625,-6.7833837746889e-07,8.795930952487652e-07,64
public_task_span,24,8,-1.713777282929961e-05,-0.030813643029083567,0.030813643029083567,0.484375,-0.0002343868570733195,0.0002001113114147203,64
response_mean,28,27,9.712201176625967e-07,0.030778312133847966,0.030778312133847966,0.515625,6.210503585180049e-06,-4.268063349854856e-06,64
public_task_span,23,10,2.8901346468039656e-05,0.030773356381543597,0.030773356381543597,0.5,-5.026584403835128e-06,6.28292773399144e-05,64
public_task_span,24,14,-2.556995286795019e-05,-0.030735684394083904,0.030735684394083904,0.46875,-0.00011658899938992156,6.544909365402112e-05,64
public_task_span,13,24,-1.063787294697065e-05,-0.03071641713041205,0.03071641713041205,0.515625,-0.00016439619093942275,0.00014312044504548148,64
public_task_span,23,20,9.597780035621425e-06,0.03069851665716536,0.03069851665716536,0.53125,0.00014485218480329856,-0.00012565662473205572,64
response_first,28,7,-3.6660087516777282e-06,-0.030684848931772566,0.030684848931772566,0.453125,-2.5482193450438514e-05,1.8150175947083066e-05,64
response_first,17,21,-8.442549859211113e-08,-0.030613945610363024,0.030613945610363024,0.5,6.689629312717216e-07,-8.378139284559438e-07,64
post_selector,22,25,2.019462579028335e-05,0.030601785462174343,0.030601785462174343,0.46875,6.791171745134818e-05,-2.7522465870781512e-05,64
post_selector,3,5,-0.0003882282463809671,-0.030561272747458457,0.030561272747458457,0.546875,-0.00217754990222829,0.0014010934094663557,64
final_prompt,22,12,1.443554225488602e-06,0.030530506322659773,0.030530506322659773,0.5,-7.850168742608581e-06,1.0737277193585785e-05,64
public_task_span,13,15,6.101001748248791e-07,0.03052417355135881,0.03052417355135881,0.5,-2.31926801141924e-06,3.539468361068998e-06,64
public_task_span,11,30,-4.730742261925574e-06,-0.030469916906589165,0.030469916906589165,0.515625,-7.845034360796323e-06,-1.6164501630548253e-06,64
final_prompt,27,22,1.4482185861198307e-05,0.030446830574055322,0.030446830574055322,0.5,5.9751118897109386e-05,-3.078674717471275e-05,64
post_selector,26,30,-4.443248917596301e-05,-0.030352100828471715,0.030352100828471715,0.546875,0.0002685011877474443,-0.00035736616609937017,64
final_prompt,28,1,1.5032882174638204e-05,0.030335930161263243,0.030335930161263243,0.546875,-0.00019753069273064497,0.0002275964570799214,64
final_prompt,34,21,0.00020319552095315787,0.030230524495171964,0.030230524495171964,0.515625,-0.002308822382474306,0.002715213424380622,64
response_first,11,6,3.615803947810112e-06,0.03019566098685555,0.03019566098685555,0.5,-2.1333642408190724e-05,2.856525030381095e-05,64
response_first,20,1,2.381390018511823e-06,0.030181569843061886,0.030181569843061886,0.5,2.5710783887679536e-05,-2.0948003850655895e-05,64
response_mean,25,1,7.186704777950581e-07,0.030163697704957936,0.030163697704957936,0.5,-6.113556594300462e-07,2.0486966150201624e-06,64
response_first,22,7,2.768423073005577e-06,0.030161708389452882,0.030161708389452882,0.515625,4.2577518044584006e-05,-3.7040671898572856e-05,64
post_selector,1,31,-0.00014502199388743997,-0.030159968473997077,0.030159968473997077,0.5,0.0011400196532349652,-0.001430063641009845,64
final_prompt,25,18,6.571478650130302e-07,0.030133461120386555,0.030133461120386555,0.5,1.5873446557179705e-06,-2.7304892569190997e-07,64
final_prompt,23,25,1.861938449109896e-05,0.030104174043938087,0.030104174043938087,0.5,0.00012458443325157284,-8.734566426937491e-05,64
post_selector,5,22,0.0002326182680008023,0.030054608702473798,0.030054608702473798,0.53125,-0.001180735785965219,0.0016459723219668235,64
response_mean,21,3,-4.58671229353257e-06,-0.029985758533816947,0.029985758533816947,0.5,1.5517272004207678e-05,-2.4690696591272812e-05,64
response_first,31,29,1.8816362171493968e-05,0.029948322205667198,0.029948322205667198,0.515625,-0.0002682140184333469,0.0003058467427763348,64
response_first,34,4,7.555615979981782e-06,0.029922838565218966,0.029922838565218966,0.515625,-6.428947267522334e-05,7.94007046351869e-05,64
response_mean,15,12,5.678923753293764e-05,0.029893243972202846,0.029893243972202846,0.515625,0.0007972458570293244,-0.0006836673819634491,64
public_task_span,18,13,-3.319023562653246e-05,-0.02987688700316434,0.02987688700316434,0.484375,0.00045878634227845003,-0.0005251668135315149,64
response_first,15,27,8.075662805140382e-09,0.029875963354767606,0.029875963354767606,0.515625,-2.645402263912188e-08,4.260534824940265e-08,64
public_task_span,8,12,-5.322393917595694e-06,-0.02984719089547546,0.02984719089547546,0.46875,-3.0382637305594157e-05,1.973784947040277e-05,64
public_task_span,12,23,-2.5279565306842244e-05,-0.029822579847861172,0.029822579847861172,0.46875,-5.829228030044985e-06,-4.472990258363947e-05,64
public_task_span,34,1,-4.043921580887112e-05,-0.029815968576575338,0.029815968576575338,0.484375,-0.0004510021117311985,0.00037012368011345626,64
final_prompt,25,3,-1.2957157267114702e-06,-0.02979477577846727,0.02979477577846727,0.5,-1.6506023570168186e-06,-9.408290964061227e-07,64
post_selector,21,4,2.2796300072514698e-05,0.02977676879941439,0.02977676879941439,0.546875,0.00011364138390489559,-6.804878375986621e-05,64
final_prompt,26,14,-2.6914553245663224e-05,-0.02961375248485306,0.02961375248485306,0.515625,-0.00040823082213136677,0.00035440171564004035,64
final_prompt,25,6,5.783280357715486e-06,0.029601116996712928,0.029601116996712928,0.515625,-2.9900745175828983e-05,4.146730589125995e-05,64
response_mean,17,27,9.162839955933772e-05,0.029564230929958458,0.029564230929958458,0.53125,-0.0010784231435536625,0.001261679942672338,64
response_first,14,6,1.6309990314765396e-05,0.0295567941824529,0.0295567941824529,0.5,0.0001274857937687575,-9.486581313922674e-05,64
response_mean,19,15,3.296230033811252e-05,0.029521209127525344,0.029521209127525344,0.484375,7.737223404546303e-05,-1.1447633369238005e-05,64
response_mean,20,24,1.9169028320220605e-07,0.02946186101909338,0.02946186101909338,0.53125,-1.5175104408626794e-06,1.9008910072670915e-06,64
response_first,22,21,-1.6750438760484045e-06,-0.0294577383480778,0.0294577383480778,0.5,-3.3270560209073525e-05,2.9920472456976714e-05,64
post_selector,6,2,1.9672688154069912e-05,0.02937651394652879,0.02937651394652879,0.484375,-8.949597508943247e-05,0.0001288413513975723,64
final_prompt,35,12,3.659105186670936e-05,0.0293410750937752,0.0293410750937752,0.5,7.387660116364379e-05,-6.944974302249983e-07,64
response_first,11,23,-5.696971694391095e-07,-0.02932980695110541,0.02932980695110541,0.484375,4.448386690114603e-07,-1.5842330078896794e-06,64
response_first,31,10,6.4690184444733e-06,0.02926326559136665,0.02926326559136665,0.5,-3.7590441934302735e-05,5.052847882324934e-05,64
final_prompt,27,18,-0.00012373607751216056,-0.029232299817389295,0.029232299817389295,0.515625,-0.002834665483533161,0.0025871933285088397,64
response_first,22,29,1.6765776251749434e-06,0.029202691860132537,0.029202691860132537,0.5,5.4108235190122695e-06,-2.0576682686623826e-06,64
final_prompt,30,28,-1.6264692987995811e-06,-0.02919247905049222,0.02919247905049222,0.5,-9.634557727622555e-06,6.381619130023392e-06,64
response_first,20,3,2.9106062981972544e-06,0.02918833786670953,0.02918833786670953,0.515625,4.616751752449641e-05,-4.03463049281019e-05,64
public_task_span,16,25,-2.668459001142545e-05,-0.02917949583145096,0.02917949583145096,0.5,0.000142813090860725,-0.00019618227088357597,64
public_task_span,11,21,-6.884099406079258e-07,-0.029157665637246716,0.029157665637246716,0.453125,-2.0860135521161283e-06,7.091936709002766e-07,64
response_mean,28,14,4.168529244453893e-06,0.029083124996759302,0.029083124996759302,0.484375,2.8249367005628524e-05,-1.9912308516720734e-05,64
response_mean,29,20,8.428432778360198e-07,0.029075981574979978,0.029075981574979978,0.5625,-9.305549895088643e-06,1.0991236450760683e-05,64
response_first,20,13,3.2493066193239883e-07,0.029072269545432877,0.029072269545432877,0.5,2.777337574144667e-06,-2.1274762502798694e-06,64
final_prompt,34,9,3.6155294083112654e-06,0.029061418232750432,0.029061418232750432,0.5,1.840759659898974e-05,-1.1176537782367205e-05,64
public_task_span,18,26,5.525990445676733e-05,0.029056484753636255,0.029056484753636255,0.5,0.00021623269367410428,-0.0001057128847605697,64
response_mean,17,26,5.50257197176014e-05,0.029016498114059496,0.029016498114059496,0.515625,0.0002602193115990151,-0.0001501678721638123,64
final_prompt,32,18,-2.073677990208764e-06,-0.02898694623008775,0.02898694623008775,0.484375,-7.531605547221662e-06,3.3842495668041326e-06,64
final_prompt,31,20,9.041268458531175e-05,0.028957828417322338,0.028957828417322338,0.5625,0.0001973588532564503,-1.653348408582679e-05,64
response_first,23,14,5.212670437510387e-06,0.02883752614653156,0.02883752614653156,0.515625,1.0464244539313281e-05,-3.890366429251469e-08,64
response_mean,19,25,7.059737436065829e-05,0.028825576160781508,0.028825576160781508,0.5,-0.0011010199150405142,0.001242214663761831,64
public_task_span,8,0,-1.0009518064180454e-05,-0.02879081739664667,0.02879081739664667,0.46875,6.635216050199112e-05,-8.637119663035203e-05,64
final_prompt,35,20,1.6090331200757934e-05,0.02878273661448618,0.02878273661448618,0.484375,9.30122819226968e-05,-6.083161952118094e-05,64
public_task_span,20,1,1.4931590499142283e-05,0.028752292857111374,0.028752292857111374,0.515625,9.426321071254054e-06,2.043685992703051e-05,64
public_task_span,13,4,-4.401729881920816e-06,-0.028637918545882587,0.028637918545882587,0.484375,-6.715759946017728e-05,5.8354139696335646e-05,64
final_prompt,30,5,3.733213702616922e-07,0.028615583489389942,0.028615583489389942,0.5,-5.860963767645444e-07,1.3327391172879288e-06,64
public_task_span,19,27,3.3054095496242908e-06,0.028592002000513556,0.028592002000513556,0.5,-2.855691442959889e-05,3.516773352884747e-05,64
response_first,34,28,2.1485110437421274e-05,0.02854567976069813,0.02854567976069813,0.5,-0.0003527158646647804,0.00039568608553962293,64
final_prompt,19,18,1.3196190593589182e-06,0.028514149346149854,0.028514149346149854,0.53125,-7.243125992300078e-07,3.3635507179478436e-06,64
public_task_span,16,17,-9.159961336993527e-06,-0.028473628826238905,0.028473628826238905,0.484375,0.00014777392016182837,-0.00016609384283581543,64
public_task_span,34,3,-6.300831682892717e-05,-0.028436183287477004,0.028436183287477004,0.484375,-0.001549918666569248,0.0014239020329113938,64
final_prompt,35,31,3.854859869532225e-06,0.028411579304700847,0.028411579304700847,0.484375,-9.874829629548483e-06,1.758454936861293e-05,64
final_prompt,19,12,2.2039131863494672e-05,0.028265124981448914,0.028265124981448914,0.484375,0.0003734616657311469,-0.00032938340200415754,64
response_first,30,17,1.3237302482588438e-05,0.028205397505456198,0.028205397505456198,0.578125,-6.099639131206793e-05,8.747099627724479e-05,64
response_mean,14,28,-3.4717746757498707e-06,-0.028121084002284406,0.028121084002284406,0.484375,-2.7383172437113198e-05,2.0439623085613455e-05,64
response_mean,17,7,1.5736928162365467e-05,0.02811269436215047,0.02811269436215047,0.5,6.576649366250785e-05,-3.4292637337776945e-05,64
public_task_span,17,28,-3.5452792985778034e-06,-0.028086437204308447,0.028086437204308447,0.5,2.73924191560404e-05,-3.448297775319601e-05,64
final_prompt,25,2,-3.885879067411224e-07,-0.028079454568701787,0.028079454568701787,0.5,-9.981801554204142e-07,2.210043419381691e-07,64
final_prompt,29,1,-2.0532340840870663e-05,-0.028062356553987658,0.028062356553987658,0.484375,-0.00018617584919410686,0.0001451111675123656,64
response_mean,20,27,5.914196435698397e-06,0.028044627094185762,0.028044627094185762,0.515625,-3.3722462830991587e-06,1.5200639154495962e-05,64
final_prompt,23,17,2.6198562252943697e-07,0.02799621953525998,0.02799621953525998,0.5,-1.4338468048435973e-06,1.957818049902471e-06,64
response_first,34,23,3.0389416849629935e-07,0.027979673703700258,0.027979673703700258,0.5,-9.080878839995419e-07,1.5158762209921406e-06,64
response_first,33,23,1.2235626854820996e-05,0.027979276539603113,0.027979276539603113,0.515625,-0.0002433178951832624,0.00026778914889290435,64
response_first,22,30,-2.3976932652657248e-06,-0.02797300647965794,0.02797300647965794,0.5,-6.018136673446471e-07,-4.193572863186804e-06,64
public_task_span,0,16,5.110097663418903e-05,0.02791294296298982,0.02791294296298982,0.5,0.00018270840519107813,-8.050645192270005e-05,64
final_prompt,29,23,5.411226453588824e-07,0.02788291994047128,0.02788291994047128,0.5,1.3578027449057117e-06,-2.7555745418794686e-07,64
final_prompt,30,8,-3.255544379499339e-05,-0.027866516381792314,0.027866516381792314,0.5,-0.00029451906812027903,0.00022940818053029222,64
final_prompt,28,5,0.0001419976979377672,0.027829571915636557,0.027829571915636557,0.5,0.0005812014860566717,-0.00029720609018113757,64
public_task_span,17,4,1.5353726553255287e-05,0.027759984964141435,0.027759984964141435,0.5,5.6322808859459094e-05,-2.5615355752948467e-05,64
public_task_span,27,2,-4.4720763980876654e-07,-0.027756880591967004,0.027756880591967004,0.484375,3.179030386490922e-06,-4.073445666108455e-06,64
public_task_span,8,31,-5.376200306273227e-06,-0.02763628132761209,0.02763628132761209,0.5,3.2965176785635325e-05,-4.3717577398181786e-05,64
response_first,13,29,7.566655995107771e-06,0.027621418165730154,0.027621418165730154,0.5,1.2174488801976196e-05,2.9588231882393294e-06,64
public_task_span,16,24,3.989233300671792e-05,0.027605935437564892,0.027605935437564892,0.5,-0.0005647791440423907,0.0006445638100558265,64
public_task_span,19,25,1.3176056768308801e-05,0.02759151396717695,0.02759151396717695,0.515625,-0.00019389934197988048,0.00022025145551649809,64
final_prompt,23,15,4.01490686741001e-06,0.027581207916597406,0.027581207916597406,0.5,-4.3407006685918e-05,5.143682042073802e-05,64
final_prompt,23,19,-4.313265229427543e-07,-0.02757027873645469,0.02757027873645469,0.5,-1.5075422226118462e-06,6.448891767263376e-07,64
response_first,27,18,3.225096497771788e-05,0.02750002054419283,0.02750002054419283,0.515625,-0.0007377568936135217,0.0008022588235689573,64
response_first,29,31,9.361490853620658e-07,0.02749655116809594,0.02749655116809594,0.515625,8.237216107431344e-06,-6.364917936707212e-06,64
response_first,14,29,2.230060363217466e-05,0.027490046582398855,0.027490046582398855,0.5,0.0001222951632371437,-7.769395597279446e-05,64
public_task_span,18,17,1.5318278201450197e-05,0.02738002701315694,0.02738002701315694,0.46875,4.881516770183122e-05,-1.81786112989308e-05,64
post_selector,5,14,-0.00014017563808009848,-0.027362169047180678,0.027362169047180678,0.46875,-0.0007576659299957001,0.00047731465383550316,64
post_selector,3,4,-0.00029449314843077044,-0.027361371720274308,0.027361371720274308,0.484375,-0.0010814733941515435,0.0004924870972900024,64
response_first,16,11,4.0759394437372976e-07,0.027320371593027235,0.027320371593027235,0.5,-2.7530710156042915e-06,3.568258904351751e-06,64
response_mean,26,4,1.4813148936806148e-05,0.027274128971850223,0.027274128971850223,0.46875,-0.00022208611721906592,0.0002517124150926782,64
final_prompt,29,30,-4.67044660723559e-08,-0.027268321671086556,0.027268321671086556,0.484375,3.9204476109944153e-07,-4.854536932441533e-07,64
response_first,23,5,2.333245149088898e-06,0.027264470147860178,0.027264470147860178,0.515625,-3.0275653543292188e-05,3.4942143841469984e-05,64
post_selector,8,5,9.408887990503258e-06,0.02725671344448172,0.02725671344448172,0.515625,8.653237114230285e-05,-6.771459516129635e-05,64
post_selector,25,23,-6.219922170202646e-06,-0.02719580167857387,0.02719580167857387,0.53125,5.027003817302814e-05,-6.270988251343344e-05,64
post_selector,3,6,0.00022824398007514896,0.02714782675176782,0.02714782675176782,0.5,-0.0007059383128762437,0.0011624262730265417,64
public_task_span,32,31,-1.3574575632431938e-06,-0.02711164264241282,0.02711164264241282,0.484375,-7.9106237080825e-06,5.195708581596114e-06,64
final_prompt,29,11,3.574946956241831e-07,0.02705089223117821,0.02705089223117821,0.515625,-5.632851667769501e-06,6.347841059017867e-06,64
final_prompt,19,6,1.1007342436641016e-05,0.027035625270968693,0.027035625270968693,0.5,-0.0001575150245116617,0.00017952970938494374,64
public_task_span,0,17,6.081648461986562e-05,0.02701574299714973,0.02701574299714973,0.5,0.00029557954985648437,-0.00017394658061675315,64
response_mean,25,12,-6.076982330682767e-07,-0.02691683928250817,0.02691683928250817,0.53125,4.746607018546456e-06,-5.9620034846830094e-06,64
final_prompt,19,19,7.222573572102628e-06,0.026915030674059096,0.026915030674059096,0.484375,6.442904532375923e-05,-4.998389817955398e-05,64
public_task_span,33,12,-2.338778858757491e-05,-0.026864032075960432,0.026864032075960432,0.5,-0.00036673523300123005,0.00031995965582608027,64
public_task_span,8,11,-4.540166514746535e-06,-0.026836078850573573,0.026836078850573573,0.5,3.6149109860159173e-05,-4.5229442889652236e-05,64
public_task_span,21,2,-3.912316969942468e-06,-0.026829175944945816,0.026829175944945816,0.484375,1.3267285794473773e-06,-9.15136251933231e-06,64
final_prompt,14,31,2.0208973410254775e-06,0.026786567140439924,0.026786567140439924,0.515625,-2.0668818933700776e-05,2.471061361575173e-05,64
post_selector,23,11,4.730382124762278e-05,0.026780698941501525,0.026780698941501525,0.515625,0.0005531653314392184,-0.0004585576889439728,64
response_mean,27,8,3.88022661468153e-06,0.02677139313913302,0.02677139313913302,0.515625,3.60998736823555e-05,-2.833942045299244e-05,64
final_prompt,34,19,4.1526090171827126e-05,0.02674043031372614,0.02674043031372614,0.5,-9.08839938347159e-05,0.00017393617417837016,64
final_prompt,32,24,-2.783313448161174e-06,-0.026697568893872523,0.026697568893872523,0.5,4.46054855274079e-06,-1.002717544906314e-05,64
public_task_span,12,19,-5.797688118037532e-06,-0.02662264201724428,0.02662264201724428,0.484375,8.309324130094387e-05,-9.468861753701893e-05,64
final_prompt,34,30,2.074054759759789e-05,0.026585515193894103,0.026585515193894103,0.515625,-0.00023067279335007738,0.0002721538885452732,64
response_first,7,15,2.8437408872150627e-08,0.026572561944728387,0.026572561944728387,0.515625,2.1371072733700203e-07,-1.5683590959270077e-07,64
final_prompt,35,30,1.0320366754966359e-05,0.026572228020684457,0.026572228020684457,0.5,0.00016601264542258828,-0.0001453719119126556,64
public_task_span,23,24,7.750898475939982e-06,0.026558477321744253,0.026558477321744253,0.5,0.00014227475548976673,-0.00012677295853788677,64
response_mean,24,28,3.403120081201472e-05,0.026539455928281754,0.026539455928281754,0.5,-0.0006954034724913019,0.0007634658741153312,64
final_prompt,18,15,1.0464076325430798e-06,0.026529709017152233,0.026529709017152233,0.484375,7.795896564741298e-06,-5.703081299655138e-06,64
public_task_span,8,22,-4.717138608611326e-06,-0.026518222127843088,0.026518222127843088,0.5,2.294604473718203e-05,-3.2380321954404676e-05,64
public_task_span,20,14,9.692157959759132e-06,0.026483891176693034,0.026483891176693034,0.5,-2.928624348897327e-05,4.867055940849154e-05,64
response_first,35,13,6.286834832281125e-06,0.026479783736577528,0.026479783736577528,0.5,7.19949912308824e-05,-5.942132156632017e-05,64
response_first,29,17,4.12307622354992e-06,0.02647845454888727,0.02647845454888727,0.5,-7.252774298646973e-05,8.077389543356957e-05,64
final_prompt,31,5,8.315037848659714e-05,0.026458818189961007,0.026458818189961007,0.53125,0.0004915791651001031,-0.00032527840812690903,64
response_mean,25,7,8.075041932897871e-07,0.026441267548162447,0.026441267548162447,0.46875,9.488213947861368e-06,-7.873205561281793e-06,64
public_task_span,23,13,-4.1353719097969344e-05,-0.026411649880537878,0.026411649880537878,0.5,-7.738342810625004e-05,-5.324010089688706e-06,64
post_selector,35,27,-0.00013235868573247187,-0.02639448031789246,0.02639448031789246,0.5,-0.0008965535489551314,0.0006318361774901874,64
final_prompt,21,2,1.395193180542189e-06,0.026327995941213857,0.026327995941213857,0.484375,8.623286589681342e-06,-5.8329002285969635e-06,64
response_first,26,2,-5.948572265882268e-06,-0.026325602336149133,0.026325602336149133,0.5,-4.742632449960528e-05,3.5529179967840724e-05,64
response_mean,15,5,4.28467251367646e-05,0.026323933233346256,0.026323933233346256,0.5,-0.0003430300639593037,0.00042872351423283285,64
response_first,17,13,3.0508532944395473e-07,0.026309412070118644,0.026309412070118644,0.53125,2.352380992221015e-06,-1.7422103333331054e-06,64
response_first,24,3,2.824275213697547e-07,0.026299072481631502,0.026299072481631502,0.515625,2.5636365990067134e-06,-1.998781556267204e-06,64
final_prompt,32,28,-1.4987921318260436e-05,-0.026275865112476128,0.026275865112476128,0.5,3.3929740993708734e-05,-6.390558363022959e-05,64
response_mean,17,21,-1.583685070727458e-05,-0.02617534244584156,0.02617534244584156,0.484375,-0.00013235984943093778,0.00010068614801638859,64
public_task_span,26,31,3.705016843014443e-05,0.026061392125345185,0.026061392125345185,0.5,-0.0002521114929550046,0.00032621182981529344,64
response_mean,15,10,3.880555823340428e-06,0.026056919470541184,0.026056919470541184,0.53125,-5.646618865283975e-05,6.422730029952061e-05,64
public_task_span,31,1,4.516473836706111e-06,0.025864965023129897,0.025864965023129897,0.546875,-5.7917066442296666e-05,6.695001411570889e-05,64
final_prompt,20,27,1.5478520253965617e-05,0.025860052026961445,0.025860052026961445,0.5,7.638987153768436e-05,-4.543283102975313e-05,64
public_task_span,15,1,-2.839070475602186e-05,-0.02581967329963831,0.02581967329963831,0.5,-3.804939478867816e-05,-1.873201472336563e-05,64
post_selector,2,29,-0.00027148128719999454,-0.025817368466829048,0.025817368466829048,0.40625,-0.0022425521747208984,0.0016995896003209091,64
public_task_span,17,30,-1.4970886184071489e-06,-0.025808037912664457,0.025808037912664457,0.5,7.894560496877536e-06,-1.0888737733691835e-05,64
response_first,12,15,-4.125857657301094e-06,-0.02579543186325307,0.02579543186325307,0.484375,-1.1589107032252524e-05,3.337391717650333e-06,64
public_task_span,23,12,-1.0515576036591548e-05,-0.025788283735838045,0.025788283735838045,0.484375,3.259594859628609e-05,-5.36271006694692e-05,64
response_first,12,12,5.128380109911936e-06,0.025742076115646335,0.025742076115646335,0.5,2.0763008194536125e-05,-1.050624797471225e-05,64
public_task_span,15,27,-6.628632377212385e-06,-0.02571934215382335,0.02571934215382335,0.5,-3.649947575468196e-05,2.3242211000257186e-05,64
post_selector,17,29,-5.643348822559956e-05,-0.02569677847241256,0.02569677847241256,0.546875,-0.000780164864409013,0.000667297887957814,64
response_mean,27,25,-1.4532463865180183e-05,-0.025692200827943112,0.025692200827943112,0.484375,-0.0003302160821476444,0.00030115115441728407,64
final_prompt,25,22,1.7161917753587207e-06,0.025684351613560075,0.025684351613560075,0.515625,1.0947142527582034e-05,-7.514758976864588e-06,64
final_prompt,25,28,2.1293151803547367e-05,0.02564710552202363,0.02564710552202363,0.515625,-0.00022086423268774026,0.00026345053629483496,64
final_prompt,17,4,3.98615543417841e-06,0.025626868817937465,0.025626868817937465,0.5,0.00010869614015971956,-0.00010072382929136273,64
public_task_span,21,25,3.2439811207046325e-05,0.025624835217578246,0.025624835217578246,0.5,-7.033386009425011e-05,0.0001352134825083427,64
public_task_span,24,10,3.66461858903055e-06,0.025611790829372632,0.025611790829372632,0.5,2.451958016536295e-05,-1.719034298730185e-05,64
post_selector,0,27,-0.00017987786850426335,-0.025560671699780314,0.025560671699780314,0.53125,-0.0032955720380414147,0.002935816301032888,64
final_prompt,23,6,8.551892847208364e-07,0.025545848526403733,0.025545848526403733,0.5,4.953360871695623e-06,-3.2429823022539495e-06,64
response_mean,18,31,6.089193902880832e-05,0.025538311270081233,0.025538311270081233,0.5,0.0009005185738714972,-0.0007787346958138804,64
post_selector,28,4,1.1086177664773066e-05,0.0254912986795254,0.0254912986795254,0.453125,0.000103512902569487,-8.13405472399409e-05,64
final_prompt,30,25,1.6127698131636563e-05,0.02546860697522096,0.02546860697522096,0.515625,-8.027381250031092e-05,0.00011252920876358406,64
public_task_span,0,3,0.0001117666397476609,0.025418463343224652,0.025418463343224652,0.5,0.0002371048904024,-1.3571610907078379e-05,64
response_first,29,14,7.804474478231216e-06,0.025406526037589618,0.025406526037589618,0.515625,-0.00011985912317412833,0.00013546807213059078,64
response_mean,27,24,-1.0023320101025725e-05,-0.025401566868988697,0.025401566868988697,0.5,-0.00015410114883706048,0.00013405450863500904,64
final_prompt,35,10,5.807951310995552e-06,0.02535497051296796,0.02535497051296796,0.484375,-7.770067895788474e-07,1.2392909411569947e-05,64
response_first,11,8,-1.7364637727723665e-07,-0.02535182541683462,0.02535182541683462,0.5,-1.7014897082390235e-06,1.35419695368455e-06,64
public_task_span,33,14,-2.6780893222167463e-05,-0.025323043797739888,0.025323043797739888,0.46875,-0.0005576694829869477,0.0005041076965426128,64
public_task_span,17,19,4.05957671318963e-05,0.025313108279956732,0.025313108279956732,0.515625,0.00042145496445301136,-0.0003402634301892187,64
response_first,30,26,1.6502429360781741e-06,0.025298036115393732,0.025298036115393732,0.53125,-2.923616821703444e-05,3.253665408919079e-05,64
response_mean,33,0,1.9496903860259893e-06,0.025215843490323388,0.025215843490323388,0.5,-2.5809375074455645e-05,2.9708755846507624e-05,64
response_first,17,19,3.0396759598205407e-06,0.025117493399607612,0.025117493399607612,0.5,5.707649734176781e-06,3.7170218546429853e-07,64
post_selector,30,20,4.60991286672642e-05,0.025038140570127723,0.025038140570127723,0.46875,-0.00018437925609760938,0.00027657751343213775,64
response_mean,19,29,7.75606276874875e-05,0.024975130107472678,0.024975130107472678,0.5,0.0014579826129192688,-0.0013028613575442939,64
response_mean,25,5,1.4475058378578284e-06,0.02497286933175837,0.02497286933175837,0.53125,2.7062735171056173e-05,-2.4167723495340516e-05,64
public_task_span,20,6,-1.899196195154462e-05,-0.024964269122816286,0.024964269122816286,0.5,-9.547906665829877e-05,5.749514275520953e-05,64
post_selector,22,16,0.00011478056148916715,0.024948523386060066,0.024948523386060066,0.5,-0.0003007622653967657,0.0005303233883751002,64
public_task_span,16,22,1.8724112464945796e-06,0.024928468385107466,0.024928468385107466,0.5,-5.606672630162389e-06,9.35149512315155e-06,64
public_task_span,12,28,8.269662771448974e-06,0.024903715022408766,0.024903715022408766,0.5,7.526291619794741e-05,-5.872359065504945e-05,64
public_task_span,27,17,8.226656746048314e-06,0.024887719337536394,0.024887719337536394,0.5,6.791931969018891e-05,-5.146600619809227e-05,64
response_mean,16,29,2.5841600972851916e-05,0.024887046921766295,0.024887046921766295,0.5,0.0002296887657848699,-0.00017800556383916604,64
response_first,19,18,3.200852631835005e-07,0.024864435648173252,0.024864435648173252,0.5,2.0449194053639985e-06,-1.4047488789969975e-06,64
response_mean,15,23,1.5238430933100041e-05,0.02485214574887452,0.02485214574887452,0.5,-3.168102466587673e-05,6.215788653207682e-05,64
final_prompt,26,7,4.949228241457227e-05,0.024842441295142372,0.024842441295142372,0.515625,0.0005408542638178786,-0.000441869698988734,64
response_mean,30,18,-1.4804061947869702e-05,-0.02481920674166068,0.02481920674166068,0.53125,-0.00034377456859144783,0.0003141664446957084,64
response_first,17,3,4.197271266549475e-06,0.024805875053675232,0.024805875053675232,0.53125,9.066196116689775e-05,-8.226741863379879e-05,64
response_first,34,18,6.954664968361612e-07,0.02478043143151228,0.02478043143151228,0.5,-3.5901056776310725e-06,4.981038671303395e-06,64
final_prompt,32,6,4.716428520623508e-05,0.024734422359520773,0.024734422359520773,0.515625,-0.00014267645383369372,0.00023700502424616382,64
response_first,11,7,2.6327736577573763e-06,0.024732855022684845,0.024732855022684845,0.46875,-1.5870390484438792e-05,2.1135937799953545e-05,64
final_prompt,34,14,-1.2235533176862446e-05,-0.024713964862656087,0.024713964862656087,0.5,-6.0030890381320586e-05,3.555982402759566e-05,64
response_first,34,24,2.6915944886215927e-06,0.024713100675101574,0.024713100675101574,0.5,4.2105377247013255e-05,-3.6722188269770066e-05,64
response_mean,34,25,2.0438314578548755e-06,0.02470139358011982,0.02470139358011982,0.546875,2.873097255928112e-05,-2.464330964357137e-05,64
public_task_span,7,4,2.3074759825103538e-08,0.024646117901294142,0.024646117901294142,0.5,-1.0838211772501438e-08,5.698773142270852e-08,64
final_prompt,23,21,-3.4402667665718987e-06,-0.02462607714171178,0.02462607714171178,0.5,-1.1256266816439724e-06,-5.754906851499822e-06,64
post_selector,5,25,-0.00030288596917671146,-0.02459116654405091,0.02459116654405091,0.515625,-0.0018494321193429765,0.0012436601809895534,64
post_selector,26,2,-8.140874342642984e-05,-0.024553059498258197,0.024553059498258197,0.46875,-0.00047055809773154366,0.00030774061087868404,64
public_task_span,20,2,2.1905854282519617e-05,0.024546198775941174,0.024546198775941174,0.515625,6.238369587662527e-05,-1.857198731158604e-05,64
response_mean,34,9,2.511415232220285e-06,0.0244462199954182,0.0244462199954182,0.5,-1.190232751461488e-06,6.213063215902056e-06,64
response_mean,35,27,4.799449470735064e-06,0.02443729961459493,0.02443729961459493,0.484375,-5.254875759421288e-06,1.4853774700891438e-05,64
response_mean,28,22,-9.412131475986566e-06,-0.024426729192326503,0.024426729192326503,0.484375,-0.0001870657597464559,0.00016824149679448277,64
response_mean,33,4,1.3801439308738102e-05,0.02441266575068564,0.02441266575068564,0.46875,-0.00028409265723892073,0.0003116955358563969,64
final_prompt,30,7,1.0159959771284564e-06,0.02440209114694072,0.02440209114694072,0.515625,4.0522354822794596e-06,-2.0202435280225473e-06,64
final_prompt,30,10,-1.573078407091839e-06,-0.024350743463957582,0.024350743463957582,0.46875,-9.276339483220294e-06,6.130182669036618e-06,64
response_first,11,31,-1.2353309443824394e-05,-0.024271442571245,0.024271442571245,0.5,6.589041504411779e-06,-3.129566039206054e-05,64
public_task_span,11,25,-2.95907670988167e-06,-0.024242405360509287,0.024242405360509287,0.5,-4.715296199719384e-06,-1.2028572200439578e-06,64
response_mean,23,2,-1.7452358633812449e-06,-0.02419449805320823,0.02419449805320823,0.5,-1.809334719381978e-05,1.4602875467057291e-05,64
response_mean,35,21,-1.0032902537203846e-05,-0.02417870026105403,0.02417870026105403,0.515625,-0.00010323170818082215,8.316590310641442e-05,64
response_mean,13,15,7.725009297132945e-06,0.02417765452040912,0.02417765452040912,0.515625,-0.0001789708391015501,0.00019442085769581598,64
post_selector,29,30,7.211076649583342e-06,0.024160353820551147,0.024160353820551147,0.46875,6.612296283491661e-05,-5.170080953574992e-05,64
response_first,33,31,1.8929265479527286e-05,0.024131626200086104,0.024131626200086104,0.5,-0.00036325816017778107,0.00040111669113683556,64
final_prompt,7,25,2.290930297022241e-06,0.024112319688924348,0.024112319688924348,0.5,5.391887498258555e-06,-8.100269042140715e-07,64
response_mean,28,12,5.7622323993199956e-05,0.02410636806663413,0.02410636806663413,0.5,-0.00031422362235388824,0.0004294682703402881,64
public_task_span,22,6,2.419400607322937e-05,0.024104752311640495,0.024104752311640495,0.515625,0.0004983514163541096,-0.0004499634042076508,64
final_prompt,20,24,-6.09710681942488e-08,-0.0240949984156995,0.0240949984156995,0.5,1.1524022269782108e-07,-2.3718235908631868e-07,64
final_prompt,20,22,2.757901071959168e-07,0.024085414172641286,0.024085414172641286,0.5,2.091758972255775e-06,-1.5401787578639414e-06,64
public_task_span,16,18,-1.5233264093691778e-05,-0.024058678943918922,0.024058678943918922,0.484375,6.712353024340428e-05,-9.759005843078783e-05,64
response_first,33,11,2.486979519744692e-05,0.02405383540925034,0.02405383540925034,0.5625,-0.0006295737161962783,0.0006793133065911722,64
public_task_span,13,28,1.1427216918488567e-05,0.024026159049110783,0.024026159049110783,0.5,-3.343514413246666e-05,5.628957796944378e-05,64
response_first,28,27,1.2435076257601723e-06,0.02401627541070602,0.02401627541070602,0.5,4.698713723882881e-06,-2.2116984723625368e-06,64
final_prompt,28,31,-1.3970956160849124e-06,-0.024007612945798264,0.024007612945798264,0.5,-9.424202630722294e-06,6.6300113985524706e-06,64
public_task_span,15,18,1.3498781754615816e-06,0.024006318355426937,0.024006318355426937,0.515625,-1.7167704015714127e-05,1.9867460366637293e-05,64
public_task_span,23,7,1.6576968278085555e-06,0.02398998937692677,0.02398998937692677,0.5625,1.4061099932407386e-05,-1.0745706276790276e-05,64
public_task_span,19,13,4.2456332494107837e-05,0.023944844857163174,0.023944844857163174,0.5,-5.2024811338931195e-05,0.00013693747632714687,64
final_prompt,26,1,4.550750236376183e-05,0.02388738248950279,0.02388738248950279,0.515625,-6.538037632708438e-05,0.00015639538105460812,64
response_first,29,22,-1.8405706896359723e-06,-0.023881758697432507,0.023881758697432507,0.5,-2.731086578932805e-05,2.3629724410056104e-05,64
response_mean,14,11,2.0911378669558265e-05,0.023875675017193333,0.023875675017193333,0.5,4.067962072441639e-05,1.1431366147001491e-06,64
public_task_span,0,10,0.00014183299936121265,0.023859855563754993,0.023859855563754993,0.5,-0.0002972144066006875,0.0005808804053231123,64
response_first,23,19,-4.818514298676746e-07,-0.023858298883379366,0.023858298883379366,0.5,1.460004440900775e-06,-2.4237073006361243e-06,64
response_mean,20,11,9.026309491839132e-06,0.02384317360437455,0.02384317360437455,0.5,-7.185848949120368e-05,8.991110847488195e-05,64
response_first,9,29,1.2997197156751551e-05,0.023839566838807377,0.023839566838807377,0.515625,-0.00016652795211768366,0.00019252234643118678,64
response_first,23,2,-4.963591493378772e-07,-0.02381036906874182,0.02381036906874182,0.5,1.522833585454464e-06,-2.5155518841302182e-06,64
response_first,3,15,-2.2069513875059592e-05,-0.02379568554180048,0.02379568554180048,0.515625,-5.6766047691772784e-05,1.262701994165358e-05,64
post_selector,3,28,0.00020888934798790333,0.023771656662905795,0.023771656662905795,0.46875,-0.0013389359750703932,0.0017567146710462,64
response_mean,20,22,-1.5962709198919582e-06,-0.023762308366919293,0.023762308366919293,0.5,-2.1899832688630364e-05,1.8707290848846447e-05,64
public_task_span,22,11,4.837911956201151e-05,0.023720439318007335,0.023720439318007335,0.515625,-0.00026671054456529214,0.00036346878368931525,64
final_prompt,29,20,1.0178535490021836e-06,0.023708472194082796,0.023708472194082796,0.515625,-9.243603244612699e-06,1.1279310342617066e-05,64
response_first,23,9,3.005539429068623e-05,0.023688076478884098,0.023688076478884098,0.5,0.0004600716729328112,-0.00039996088435143885,64
final_prompt,31,27,3.53292739419252e-06,0.02366761047724525,0.02366761047724525,0.5,-8.2497335824861e-06,1.5315588370871133e-05,64
public_task_span,25,27,1.2973077900823534e-05,0.023660643949464887,0.023660643949464887,0.5,8.412592160311324e-05,-5.8179765801466145e-05,64
final_prompt,29,17,4.3297056890872e-06,0.023597641346763124,0.023597641346763124,0.5,-6.0665450746449506e-05,6.93248621246239e-05,64
response_mean,21,1,-3.5640272244563665e-07,-0.023577894243520695,0.023577894243520695,0.5,-2.0210823379329668e-06,1.3082768930416933e-06,64
response_mean,13,31,-2.940953095274653e-06,-0.02357369800793635,0.02357369800793635,0.484375,-3.199428556398686e-05,2.6112379373437548e-05,64
response_first,10,8,3.7124329708181578e-06,0.023555104069989386,0.023555104069989386,0.5,-2.875455976435948e-05,3.61794257059958e-05,64
public_task_span,26,0,1.9007067749040227e-05,0.0235163436563742,0.0235163436563742,0.515625,0.00011853675823658122,-8.052262273850074e-05,64
response_mean,33,7,8.033426183827948e-06,0.023460358562189736,0.023460358562189736,0.5,-0.00014746641045347558,0.00016353326282113147,64
response_first,27,0,-3.5344444881957294e-07,-0.023438775304605575,0.023438775304605575,0.5,5.217529746914806e-06,-5.924418644553953e-06,64
public_task_span,33,28,-1.0962171927531684e-05,-0.023358040661045628,0.023358040661045628,0.453125,-0.00018315581974091719,0.00016123147588585385,64
public_task_span,14,9,-3.233626159723847e-06,-0.02332384568944146,0.02332384568944146,0.46875,2.5592995029909252e-05,-3.206024734935694e-05,64
public_task_span,35,31,5.459849489852315e-06,0.0232717007477924,0.0232717007477924,0.515625,-2.1761392417835244e-05,3.268109139753987e-05,64
response_first,14,7,1.42383482852842e-05,0.02324993896853161,0.02324993896853161,0.5,3.783850661420705e-05,-9.36181004363866e-06,64
response_first,30,29,-6.58304813327959e-07,-0.02320976190191042,0.02320976190191042,0.484375,5.338230579354786e-06,-6.654840206010704e-06,64
final_prompt,31,9,-6.971888888074188e-05,-0.02320532819371499,0.02320532819371499,0.484375,-0.0005899446514376807,0.0004505068736761968,64
public_task_span,17,5,2.858121183635036e-05,0.023188388745978637,0.023188388745978637,0.515625,0.00018475635806678272,-0.00012759393439408195,64
response_mean,8,21,-1.644661438148173e-06,-0.023183922403270805,0.023183922403270805,0.5,2.923689862653156e-06,-6.213012738949503e-06,64
final_prompt,33,26,1.5817874299260237e-06,0.023141154634857268,0.023141154634857268,0.515625,1.4916806918557286e-05,-1.1753232058705237e-05,64
response_first,34,14,-7.236532837855425e-06,-0.0231314195370602,0.0231314195370602,0.484375,5.694747324014167e-05,-7.142053891585251e-05,64
final_prompt,30,18,-6.7668411247662335e-06,-0.02312669149674418,0.02312669149674418,0.5,-0.00012377878601908113,0.00011024510376954867,64
public_task_span,31,14,-2.5343805418750592e-05,-0.023107477970822746,0.023107477970822746,0.46875,-0.0004738610293770682,0.00042317341853956715,64
response_first,10,5,1.4201909607434386e-05,0.02309969119730623,0.02309969119730623,0.5,-8.87681808307978e-05,0.00011717200004566658,64
public_task_span,22,2,1.8388805074206357e-05,0.0230912284238951,0.0230912284238951,0.515625,8.77795064297908e-05,-5.100189628137812e-05,64
response_mean,13,12,3.2047517167788087e-08,0.023053740775738237,0.023053740775738237,0.515625,-4.792096606753837e-07,5.433046950109599e-07,64
public_task_span,16,16,-1.2757122931356185e-05,-0.023041758489211563,0.023041758489211563,0.5,9.56800013227609e-05,-0.00012119424718547328,64
response_mean,16,2,4.7802674885132995e-05,0.02302531687244172,0.02302531687244172,0.5,3.2064176707532555e-05,6.354117306273348e-05,64
final_prompt,19,26,9.331430987909838e-07,0.02301109871688888,0.02301109871688888,0.5,-1.3277696041311922e-05,1.514398223889389e-05,64
response_mean,25,17,9.160751091032396e-07,0.023010082039959953,0.023010082039959953,0.53125,-1.4409362762532446e-05,1.6241512980738924e-05,64
response_first,32,17,-1.3288356228722933e-06,-0.0230001546075282,0.0230001546075282,0.484375,-1.2641031162275691e-05,9.983359916531104e-06,64
public_task_span,35,0,9.872059308692304e-06,0.022961544868731146,0.022961544868731146,0.5,4.9107147788163003e-05,-2.9363029170778386e-05,64
final_prompt,11,23,8.738446837253901e-07,0.022927257962826367,0.022927257962826367,0.5,-6.545566208161033e-06,8.293255575611813e-06,64
public_task_span,11,8,-7.2421679533343535e-06,-0.022906017582955206,0.022906017582955206,0.5,-3.1414729164668404e-05,1.69303932579997e-05,64
response_first,11,5,1.0622739662124446e-05,0.022870151442499258,0.022870151442499258,0.5,-0.00010575341352847365,0.00012699889285272255,64
public_task_span,25,10,-1.8406218487138842e-05,-0.022810264522374137,0.022810264522374137,0.484375,-0.0005303788411765442,0.0004935664042022666,64
response_first,20,16,5.075494735606865e-07,0.022792631236477796,0.022792631236477796,0.53125,-1.047201045878414e-07,1.1198190517092144e-06,64
public_task_span,21,13,-2.0160942995063952e-05,-0.02278520194700193,0.02278520194700193,0.46875,-0.0001932703457896372,0.0001529484597995093,64
response_mean,35,20,-1.274399846806159e-05,-0.022777352878416604,0.022777352878416604,0.5,-0.0002867372095351737,0.0002612492125990505,64
response_mean,17,5,2.1167353906996424e-05,0.022759013803761767,0.022759013803761767,0.546875,0.0001353011380160508,-9.296643020205798e-05,64
final_prompt,9,25,2.6178605594375024e-06,0.022739048920954328,0.022739048920954328,0.5,9.920365755526821e-06,-4.684644636651809e-06,64
response_mean,17,4,5.778141860446524e-05,0.022738712369942075,0.022738712369942075,0.5,-0.00011900106937901055,0.00023456390658794097,64
response_first,31,28,1.1495334433672007e-05,0.022681837034758272,0.022681837034758272,0.53125,-0.00026994219115293247,0.00029293286002027644,64
response_first,28,11,7.983860768947342e-06,0.022675718365813446,0.022675718365813446,0.515625,-5.2308960903243986e-05,6.827668244113866e-05,64
response_first,11,22,-2.0623763219871846e-05,-0.02265169484989495,0.02265169484989495,0.484375,-0.00011935186500977357,7.810433857002986e-05,64
final_prompt,35,19,1.4197994914862484e-05,0.022651536282406275,0.022651536282406275,0.5,-1.6665248040225522e-05,4.5061237869950483e-05,64
post_selector,10,9,6.054456753190429e-05,0.022646748940371185,0.022646748940371185,0.46875,-0.00043837465636898244,0.000559463791432791,64
response_first,31,8,5.562608748735016e-06,0.02264116498076862,0.02264116498076862,0.5,-9.567710003464002e-05,0.00010680231753211006,64
response_first,22,1,1.947723774264521e-06,0.022635688093092535,0.022635688093092535,0.5,3.544682670053008e-05,-3.155137915200104e-05,64
public_task_span,25,6,-1.8447310594617274e-06,-0.022544143843136133,0.022544143843136133,0.5,8.104748303593034e-07,-4.499936949282756e-06,64
final_prompt,35,15,1.9534871171343736e-05,0.02253161078515665,0.02253161078515665,0.5,-9.732342368806875e-05,0.0001363931660307563,64
final_prompt,30,15,-5.7971476508087435e-06,-0.02252214280401684,0.02252214280401684,0.5,-3.3553400839986226e-05,2.195910553836872e-05,64
final_prompt,27,3,1.6634904298484793e-07,0.022515135870799494,0.022515135870799494,0.5,8.265691775477535e-07,-4.938710915780575e-07,64
public_task_span,1,6,-1.8546323190093735e-05,-0.02250890933861687,0.02250890933861687,0.5,-0.00022283545331446564,0.00018574280693427816,64
public_task_span,16,3,1.962340456884921e-05,0.022463020694898517,0.022463020694898517,0.5,0.00036132343211646174,-0.00032207662297876333,64
public_task_span,26,28,6.294047352638296e-06,0.02242224807122607,0.02242224807122607,0.5,0.00014137974358162088,-0.00012879164887634432,64
response_first,35,2,-1.8852759922076935e-06,-0.022404608583562493,0.022404608583562493,0.46875,5.344964847608685e-06,-9.115516832024076e-06,64
response_mean,30,17,0.0001158923578259423,0.02238516853219372,0.02238516853219372,0.515625,-0.001398054881065024,0.0016298395967169089,64
final_prompt,19,29,5.478549127245276e-06,0.022376300631229615,0.022376300631229615,0.5,-5.194025783339368e-05,6.289735608788423e-05,64
public_task_span,21,30,2.4130437395801572e-05,0.0223522223016837,0.0223522223016837,0.5,8.802546199148123e-05,-3.9764587199878125e-05,64
public_task_span,21,11,2.7149941161038285e-05,0.02235085776241923,0.02235085776241923,0.515625,-7.248099791468076e-05,0.00012678088023675735,64
response_first,31,25,-9.979548849507308e-07,-0.022281066741140658,0.022281066741140658,0.5,-1.3023678974375527e-05,1.1027769204474067e-05,64
public_task_span,10,3,-5.870174618398432e-06,-0.022236076060624697,0.022236076060624697,0.5,-4.71461771667187e-06,-7.025731520124994e-06,64
public_task_span,16,5,-8.333581718030226e-06,-0.022216688585363926,0.022216688585363926,0.5,0.00018492468279871784,-0.0002015918462347783,64
final_prompt,18,26,2.4937911803130776e-05,0.022203514971320646,0.022203514971320646,0.5,7.680667658858779e-05,-2.693085298232624e-05,64
response_mean,23,25,4.048776418131919e-06,0.022183046881867084,0.022183046881867084,0.515625,6.320148804660906e-05,-5.5103935210345245e-05,64
public_task_span,25,29,-1.4537697552433594e-06,-0.022172195680488154,0.022172195680488154,0.5,-2.9826196055186115e-06,7.508009503189146e-08,64
post_selector,3,29,9.826595714913452e-05,0.02215746737913112,0.02215746737913112,0.453125,-0.0011314375315123217,0.0013279694458105907,64
final_prompt,33,25,6.731788403156945e-06,0.022102432481048255,0.022102432481048255,0.5,3.34072453824697e-05,-1.994366857615581e-05,64
final_prompt,34,7,3.4513545870143764e-05,0.022081436406059283,0.022081436406059283,0.5,3.560310688044378e-05,3.3423984859843724e-05,64
final_prompt,32,23,-1.9969054960689653e-06,-0.02206871517146099,0.02206871517146099,0.46875,3.3053801189526696e-06,-7.299191111090605e-06,64
final_prompt,11,31,-9.606927164895747e-07,-0.022059919295633126,0.022059919295633126,0.5,-1.281113327422645e-06,-6.402721055565053e-07,64
post_selector,2,27,-0.0002505528027541001,-0.022058285029571658,0.022058285029571658,0.5,0.00029520371754188107,-0.0007963093230500815,64
public_task_span,21,14,-6.178402031762531e-06,-0.02200202657164787,0.02200202657164787,0.5,-4.700378826782178e-05,3.4646984204296715e-05,64
final_prompt,25,1,-3.0677618951817517e-06,-0.021977888111994016,0.021977888111994016,0.484375,-4.20720709825819e-06,-1.9283166921053156e-06,64
public_task_span,24,28,-1.5040593098094202e-05,-0.021955489555045157,0.021955489555045157,0.5,-9.732318358147098e-05,6.72419973852826e-05,64
final_prompt,25,12,-1.3623751442536655e-06,-0.021910076668776673,0.021910076668776673,0.515625,4.8275926474181965e-06,-7.5523429359255284e-06,64
public_task_span,19,0,4.556614658213581e-05,0.021890939006731024,0.021890939006731024,0.5,-0.0001498346236985358,0.00024096691686280737,64
public_task_span,28,22,2.4107939680108524e-05,0.02187943868835716,0.02187943868835716,0.515625,-0.00010013643623096138,0.00014835231559117844,64
final_prompt,18,13,6.088042027838917e-06,0.021816897785073383,0.021816897785073383,0.5,0.0001733875428726366,-0.00016121145881695876,64
public_task_span,19,15,1.1282251762170032e-05,0.021798536259005893,0.021798536259005893,0.484375,0.00027508227776704635,-0.0002525177742427063,64
final_prompt,29,0,8.131408685585381e-05,0.021770958524678086,0.021770958524678086,0.546875,-0.0008027110925467979,0.0009653392662585056,64
response_first,16,3,3.4824422563412517e-06,0.021734138166502392,0.021734138166502392,0.5,5.452924528092054e-05,-4.7564360768238045e-05,64
final_prompt,19,17,8.130611604426312e-06,0.021721132426848637,0.021721132426848637,0.5,3.644589560279309e-05,-2.018467239394048e-05,64
final_prompt,27,20,2.1527313947442186e-05,0.02170477515616156,0.02170477515616156,0.5,9.043960380949691e-05,-4.738497591461242e-05,64
final_prompt,1,28,-9.881927472931909e-05,-0.021671624246631917,0.021671624246631917,0.5,-0.0014152037707191182,0.0012175652212604799,64
public_task_span,18,19,4.063648430019796e-05,0.021669903577357832,0.021669903577357832,0.5,-6.670281914011861e-05,0.00014797578774051443,64
response_first,35,14,5.411122856461247e-06,0.021644714574942908,0.021644714574942908,0.5,-2.4155551727738882e-05,3.497779744066137e-05,64
response_mean,18,3,1.7894490724742003e-06,0.021582349145257824,0.021582349145257824,0.5,2.511793263692131e-05,-2.1539034491972905e-05,64
public_task_span,26,16,3.7356546727092736e-06,0.02156518856837967,0.02156518856837967,0.53125,3.649008431238841e-05,-2.901877496696986e-05,64
response_first,24,27,1.1841952982646878e-05,0.021540602984417366,0.021540602984417366,0.5,2.146354381692812e-05,2.220362148365633e-06,64
final_prompt,20,6,3.20598633152185e-06,0.02152529892707253,0.02152529892707253,0.5,-7.348048347919313e-05,7.989245614223683e-05,64
public_task_span,22,3,1.7258711523027457e-05,0.021524687314287666,0.021524687314287666,0.515625,0.00033129327857747747,-0.0002967758555314225,64
response_first,20,25,1.6275350844785006e-06,0.021448190797516694,0.021448190797516694,0.5,-1.31453202811737e-06,4.569602197074375e-06,64
public_task_span,7,3,-1.02656458693629e-05,-0.021421814288162283,0.021421814288162283,0.5,5.635284105663941e-05,-7.688413279536522e-05,64
response_first,28,17,1.071343262991551e-06,0.0213716548574435,0.0213716548574435,0.484375,-1.2521289136204707e-05,1.4663975662187809e-05,64
post_selector,19,28,-0.00021996862051309194,-0.021368540132741635,0.021368540132741635,0.40625,-0.0035101240937364993,0.0030701868527103155,64
public_task_span,9,5,-2.3243899249832024e-06,-0.02127762671570856,0.02127762671570856,0.5,1.1852395800806551e-05,-1.6501175650772956e-05,64
response_first,27,10,-9.257811939292938e-07,-0.02127598534933943,0.02127598534933943,0.484375,-2.071563575611688e-05,1.8864073368258295e-05,64
response_first,21,21,-3.488513122817949e-07,-0.02123249402830969,0.02123249402830969,0.5,-2.1734062158884626e-06,1.4757035913248728e-06,64
final_prompt,31,13,6.065293200663022e-05,0.021221065365174957,0.021221065365174957,0.546875,-0.0009697625982880626,0.001091068462301323,64
response_first,12,13,-4.408715847148235e-05,-0.02121937664816693,0.02121937664816693,0.5,0.0002216089387729875,-0.0003097832557159521,64
public_task_span,15,12,2.2584851194553914e-05,0.021217046853617066,0.021217046853617066,0.515625,0.0007165497954701727,-0.0006713800930810648,64
public_task_span,16,19,-8.362591870535995e-06,-0.021211523485929033,0.021211523485929033,0.5,-2.0798413061128294e-05,4.073229320056308e-06,64
final_prompt,22,31,8.631407763460153e-05,0.021210502297024644,0.021210502297024644,0.5,0.000228321201575453,-5.5693046306249955e-05,64
response_mean,20,4,0.00010366341211920312,0.02118389098388601,0.02118389098388601,0.5,0.001641141892832825,-0.001433815068594419,64
public_task_span,31,6,-1.7176303344964097e-05,-0.021181129362457588,0.021181129362457588,0.5,-0.00036341781105872343,0.0003290652043687953,64
public_task_span,9,3,-1.4345718000180138e-06,-0.02117401390333507,0.02117401390333507,0.5,-1.7597003534317405e-06,-1.1094432466042872e-06,64
final_prompt,21,15,9.389570095667947e-06,0.02114192231290816,0.02114192231290816,0.515625,-0.0002520622015253638,0.00027084134171669966,64
response_mean,17,24,3.918530774171637e-05,0.021092648831071155,0.021092648831071155,0.515625,0.0008794611449047666,-0.000801090529421334,64
final_prompt,14,28,3.345989398440151e-06,0.02107184368338056,0.02107184368338056,0.5,-1.2054649687376112e-06,7.897443765617912e-06,64
public_task_span,25,7,-2.9213336460998107e-07,-0.021069382713147462,0.021069382713147462,0.5,-9.45049691836175e-08,-4.897617600363446e-07,64
final_prompt,26,6,-2.1050843315615185e-05,-0.021064567976746138,0.021064567976746138,0.484375,-4.504217577051931e-05,2.940489139288937e-06,64
public_task_span,16,10,-1.3359766398940606e-05,-0.021044701193893726,0.021044701193893726,0.5,3.739128169399064e-05,-6.411081449187188e-05,64
response_mean,35,6,1.4747959085053736e-06,0.02098668418946727,0.02098668418946727,0.5,1.0673685665090919e-05,-7.724093848080172e-06,64
public_task_span,6,20,-2.8574619136629722e-05,-0.02098374866161156,0.02098374866161156,0.5,-0.0003689775348902812,0.0003118282966170219,64
public_task_span,7,25,-4.919611683364765e-06,-0.020955729206043282,0.020955729206043282,0.5,-2.947636039606852e-05,1.9637137029338995e-05,64
response_first,28,21,7.47018725632932e-06,0.020953720438814123,0.020953720438814123,0.5,-0.00016216156132030818,0.00017710193583296682,64
post_selector,4,23,-0.00018333060143048869,-0.020947987142336092,0.020947987142336092,0.375,-0.0019084812374785428,0.0015418200346175655,64
response_first,30,2,-7.809513817846891e-07,-0.02094425305315762,0.02094425305315762,0.5,3.023760882570059e-06,-4.585663646139437e-06,64
response_first,33,2,1.0232650140563442e-06,0.02094409665429634,0.02094409665429634,0.515625,-1.2081326758559355e-05,1.4127856786672043e-05,64
final_prompt,33,1,2.694471163525677e-06,0.020914262607343654,0.020914262607343654,0.5,-3.796650094043898e-05,4.3355443267490334e-05,64
public_task_span,32,8,-1.8603504031491414e-05,-0.020899049063664018,0.020899049063664018,0.5,-0.0005227430774539011,0.0004855360693909183,64
post_selector,1,25,-0.0005497262754943178,-0.020895583133876617,0.020895583133876617,0.5,-0.0010542114614508996,-4.524108953773715e-05,64
final_prompt,34,4,4.086693252245609e-06,0.0208624308601678,0.0208624308601678,0.5,-2.3379541971732976e-05,3.155292847622419e-05,64
response_mean,14,24,3.537314967161231e-06,0.020849501255552735,0.020849501255552735,0.5,8.235435871025437e-06,-1.16080593670298e-06,64
post_selector,6,25,0.00010960857616736588,0.020842948313641384,0.020842948313641384,0.625,-0.001555306793306946,0.0017745239456416774,64
public_task_span,9,27,-8.339560736203717e-06,-0.020812004959042937,0.020812004959042937,0.5,2.4380078684663725e-06,-1.911712934087378e-05,64
final_prompt,17,3,5.283482664712018e-06,0.02079904200840205,0.02079904200840205,0.5,4.38375038811556e-05,-3.327053855173157e-05,64
response_first,19,30,4.044194895411994e-06,0.020783073523729746,0.020783073523729746,0.5,0.00011530998284568333,-0.00010722159305485935,64
response_first,16,15,-7.150955752876118e-06,-0.020769210176198205,0.020769210176198205,0.5,9.009084169519504e-05,-0.00010439275320094729,64
response_mean,30,5,1.363345575098128e-06,0.020752075957267985,0.020752075957267985,0.546875,-4.149819289980984e-06,6.876510440177241e-06,64
response_mean,23,3,-1.0135461820931418e-06,-0.020737154630708104,0.020737154630708104,0.484375,1.683995060375172e-05,-1.8867042967938006e-05,64
response_mean,16,22,1.5319734188779305e-05,0.020724128370355078,0.020724128370355078,0.46875,-0.0002480496532370995,0.00027868912161465806,64
post_selector,34,21,-0.0001234885603480538,-0.02066020140674935,0.02066020140674935,0.515625,-0.0016330744983861275,0.0013860973776900196,64
public_task_span,31,7,-1.439524885426557e-05,-0.02063795882933666,0.02063795882933666,0.484375,-0.00029824408602504546,0.0002694535883165143,64
response_mean,22,30,-4.497444081153086e-06,-0.020547774488403083,0.020547774488403083,0.5,-5.2354357080726804e-05,4.3359468918420636e-05,64
response_first,17,9,-1.1396282957295676e-06,-0.020544924045184834,0.020544924045184834,0.5,-5.282306574349828e-07,-1.751025934024155e-06,64
response_first,19,15,1.4645134456255356e-06,0.020518423434880594,0.020518423434880594,0.515625,2.1362541929191463e-05,-1.8433515037940395e-05,64
post_selector,6,7,-6.368870162987738e-05,-0.020517133135553714,0.020517133135553714,0.53125,0.0001459963605156893,-0.0002733737637754442,64
response_first,13,21,-2.454677544561079e-09,-0.020514235056028104,0.020514235056028104,0.5,2.9707797333244746e-10,-5.206433062454606e-09,64
response_first,19,9,3.8240444411030694e-07,0.020506360943941333,0.020506360943941333,0.5,4.314926016490972e-06,-3.550117128270358e-06,64
public_task_span,8,13,-6.834027317380584e-06,-0.02049316864213133,0.02049316864213133,0.484375,0.00013269651481093834,-0.00014636456944569948,64
response_mean,18,22,2.657078948686981e-05,0.020476915140049023,0.020476915140049023,0.5,0.000434426014180637,-0.0003812844352068974,64
final_prompt,32,26,6.246766304230638e-07,0.02042758414638631,0.02042758414638631,0.5,3.902725246973212e-06,-2.653371986127085e-06,64
post_selector,34,4,6.816994755357558e-06,0.020426485202292236,0.020426485202292236,0.5,-6.278471346376414e-05,7.641870297447929e-05,64
public_task_span,16,8,1.595265871399156e-06,0.02035861259194225,0.02035861259194225,0.5,-4.64351160189784e-06,7.834043344696152e-06,64
response_first,28,19,4.034915889406493e-06,0.020352299119238873,0.020352299119238873,0.515625,-7.119506648222771e-05,7.926489826104071e-05,64
public_task_span,16,27,3.887779712380994e-06,0.02032105140118318,0.02032105140118318,0.5,3.086408855778022e-05,-2.3088529133018237e-05,64
final_prompt,25,14,8.45478325572304e-06,0.020292781757701207,0.020292781757701207,0.515625,6.004268470853193e-06,1.0905298040592894e-05,64
response_first,27,2,-8.239241644503181e-08,-0.020281235365449696,0.020281235365449696,0.5,7.971957991514955e-07,-9.619806320415591e-07,64
public_task_span,24,17,1.4560247336699878e-05,0.020269848504113584,0.020269848504113584,0.5,0.00026257587933285146,-0.00023345538465945173,64
response_first,33,29,7.315135462699387e-06,0.020258936011644024,0.020258936011644024,0.515625,-0.00023655405993847921,0.00025118433086387796,64
response_mean,25,13,2.348077373423898e-06,0.020251419250524,0.020251419250524,0.5,6.033129693606381e-06,-1.3369749467585862e-06,64
public_task_span,5,2,0.00011099806579295974,0.020251400423351187,0.020251400423351187,0.515625,-0.0008571866201236866,0.0010791827517096062,64
public_task_span,8,21,-8.929051546153537e-06,-0.020236056047860256,0.020236056047860256,0.5,-0.00010366402966610765,8.58059265738006e-05,64
public_task_span,8,27,-7.400421054620068e-06,-0.020213680214349196,0.020213680214349196,0.46875,5.293713911750508e-07,-1.533021350041518e-05,64
public_task_span,12,26,8.415821412199123e-06,0.0201845782139423,0.0201845782139423,0.5,1.6444503671665705e-05,3.8713915273253083e-07,64
response_first,8,17,2.5425851788424728e-06,0.02015795136339026,0.02015795136339026,0.5,6.6360996697227e-08,5.01880936098772e-06,64
public_task_span,17,12,7.852337262194462e-06,0.020144083643476834,0.020144083643476834,0.53125,2.981924444611132e-05,-1.4114569921722399e-05,64
final_prompt,27,2,-3.462437447865341e-07,-0.020123963177628313,0.020123963177628313,0.5,1.3355805208448146e-06,-2.0280680104178828e-06,64
public_task_span,25,17,-1.647379349378287e-06,-0.020066281780168,0.020066281780168,0.5,-1.0318082217967554e-05,7.023323519210977e-06,64
response_mean,30,10,-1.8243263184572576e-06,-0.02005471943714667,0.02005471943714667,0.5,-3.7151075730428144e-05,3.350242309351363e-05,64
public_task_span,26,25,-7.503136657759479e-06,-0.02003084510244577,0.02003084510244577,0.484375,0.00012331465723035428,-0.00013832093054587323,64
response_mean,10,28,-5.49467267773584e-06,-0.02000748670126012,0.02000748670126012,0.484375,2.1695886061939378e-05,-3.268523141741106e-05,64
public_task_span,16,0,2.538851140342993e-05,0.01999532910553295,0.01999532910553295,0.5,0.0005004975914743822,-0.00044972056866752217,64
final_prompt,27,5,1.5627032325935644e-06,0.019994341992045177,0.019994341992045177,0.53125,-1.2853020734834631e-05,1.5978427200021762e-05,64
public_task_span,33,29,-1.2644375601669947e-05,-0.019970823937948533,0.019970823937948533,0.5,-0.0002966305301015291,0.0002713417788981892,64
response_mean,16,24,5.271326699586171e-06,0.019967740159045056,0.019967740159045056,0.53125,-1.8633199942997888e-05,2.9175853342170246e-05,64
final_prompt,33,10,2.1405270217650233e-05,0.01996136654010778,0.01996136654010778,0.5,-0.0003989810220446031,0.0004417915624799036,64
public_task_span,17,29,-5.9653868902376895e-06,-0.019960915518949175,0.019960915518949175,0.5,-8.04550504653787e-05,6.852427668490332e-05,64
public_task_span,0,6,0.00010886293239309848,0.01995527409196429,0.01995527409196429,0.5,-0.00024906883481889687,0.00046679469960509345,64
response_first,18,24,3.049651993158875e-07,0.01995491173767906,0.01995491173767906,0.5,3.2331472972213504e-06,-2.6232168985895754e-06,64
final_prompt,34,16,7.455670129271707e-06,0.01992997166741671,0.01992997166741671,0.5,5.450126991482668e-06,9.461213267060732e-06,64
final_prompt,17,15,5.880082596826447e-06,0.019928960907382942,0.019928960907382942,0.515625,-2.220860096713312e-05,3.396876616078603e-05,64
response_mean,11,22,-6.442644689740607e-06,-0.019910492236252998,0.019910492236252998,0.515625,6.716261850669633e-05,-8.004790788617753e-05,64
response_first,15,16,1.4093339628651336e-07,0.019833221048746328,0.019833221048746328,0.5,-1.062505261550939e-06,1.3443720541239657e-06,64
final_prompt,31,19,-1.6975609696600748e-05,-0.01982158775111087,0.01982158775111087,0.5,7.401599714285158e-05,-0.00010796721653605308,64
response_mean,19,6,4.889539923169711e-06,0.019756219949980475,0.019756219949980475,0.5,-6.639493813053699e-05,7.61740179768764e-05,64
public_task_span,11,14,-1.8543759324536823e-05,-0.01975185572505219,0.01975185572505219,0.5,0.00018818547368934301,-0.00022527299233841665,64
public_task_span,17,8,3.781731720664376e-05,0.019740523299556993,0.019740523299556993,0.5,0.0001192253475892312,-4.359071317594374e-05,64
response_first,24,28,8.922110964695888e-06,0.01971738614813129,0.01971738614813129,0.53125,2.006372233153067e-05,-2.219500402138844e-06,64
final_prompt,25,17,2.120544252191976e-06,0.019707432884794308,0.019707432884794308,0.5,-2.516685435693169e-05,2.940794286131564e-05,64
response_mean,18,8,1.616781150915064e-05,0.019701608300507305,0.019701608300507305,0.5,-6.565295143444607e-05,9.798857445274733e-05,64
response_first,20,9,3.948249869267786e-07,0.01969321192863662,0.01969321192863662,0.5,2.6080791784011126e-06,-1.8184292045475556e-06,64
response_first,11,19,-3.59901144975304e-06,-0.019676319768086325,0.019676319768086325,0.5,-2.4665671389780785e-06,-4.7314557605280005e-06,64
response_mean,30,13,7.147501293049646e-07,0.019612333659177635,0.019612333659177635,0.515625,4.930683815018008e-06,-3.501183556408079e-06,64
final_prompt,23,3,2.182002731391088e-06,0.019591424385895242,0.019591424385895242,0.5,6.376860119415993e-05,-5.940459573137775e-05,64
response_mean,12,9,1.1796740295717086e-05,0.019558688069247352,0.019558688069247352,0.5,-3.309557291686314e-05,5.6689053508297327e-05,64
public_task_span,27,16,-1.1433392501197e-05,-0.019523656225485318,0.019523656225485318,0.484375,-0.00019807692660831676,0.00017521014160592273,64
response_mean,20,6,8.376448931811094e-06,0.019502455888830945,0.019502455888830945,0.5,-0.00012788258482031902,0.00014463548268394124,64
response_mean,14,7,4.956339762429528e-05,0.01949490857210252,0.01949490857210252,0.5,-9.4099959821849e-08,9.922089520841249e-05,64
response_first,31,0,5.517284989760843e-06,0.019479742064093867,0.019479742064093867,0.515625,-0.0001250590080416979,0.0001360935780212196,64
response_first,33,25,-7.833326662876061e-07,-0.01943163520887289,0.01943163520887289,0.46875,1.606489195182803e-05,-1.7631557284403243e-05,64
response_first,27,25,-1.1343426876917769e-05,-0.019424356747972944,0.019424356747972944,0.5,-0.00018449575509293752,0.00016180890133910198,64
public_task_span,22,9,1.2115966455892259e-05,0.01941193645402307,0.01941193645402307,0.5,0.00011028530752809245,-8.605337461630797e-05,64
final_prompt,20,10,-2.019173212630639e-06,-0.01940446252182671,0.01940446252182671,0.5,2.4388190208667038e-05,-2.8426536633928316e-05,64
public_task_span,8,30,-9.635695619167687e-07,-0.019399159775867304,0.019399159775867304,0.5,1.4293565982370493e-05,-1.6220705106204033e-05,64
public_task_span,5,29,-6.625734931731189e-05,-0.019383593202166476,0.019383593202166476,0.484375,-0.00121977233538926,0.001087257636754636,64
response_first,16,6,1.210608104429161e-06,0.019354782656607658,0.019354782656607658,0.5,-6.820359772063963e-06,9.241575980922284e-06,64
public_task_span,23,22,4.041984084318866e-06,0.019351533144352895,0.019351533144352895,0.5,4.805539037987729e-05,-3.997142221123956e-05,64
response_mean,15,13,3.8300510823317086e-05,0.019346684767209577,0.019346684767209577,0.5,0.0006051691516404037,-0.0005285681299937694,64
response_first,35,6,3.3881193530775823e-06,0.01934283750186723,0.01934283750186723,0.5,7.813254342182674e-06,-1.0370156360275073e-06,64
public_task_span,35,14,4.02728765038744e-05,0.019334495968559857,0.019334495968559857,0.5,-9.584937652107193e-05,0.0001763951295288208,64
final_prompt,29,9,1.0744391147450181e-05,0.019333450708504823,0.019333450708504823,0.484375,-0.00013721206687478544,0.0001587008491696858,64
response_mean,30,31,-5.675509555662472e-07,-0.01932018758614318,0.01932018758614318,0.5,-1.631682465588074e-06,4.965805544555792e-07,64
public_task_span,26,17,-1.317499345532356e-05,-0.019287238006094314,0.019287238006094314,0.5,-0.00020558372943922478,0.00017923374252857766,64
final_prompt,28,12,4.8777165375211e-05,0.01928670398306505,0.01928670398306505,0.5,9.188536387227296e-05,5.668966878149065e-06,64
final_prompt,16,8,1.189822057768651e-06,0.019240510655054832,0.019240510655054832,0.5,-6.587034135913799e-06,8.966678251451102e-06,64
public_task_span,13,27,-1.807647458917675e-05,-0.01923664506289836,0.01923664506289836,0.484375,-0.00011908222950296246,8.292928032460896e-05,64
final_prompt,20,26,-9.676067520558718e-07,-0.01923602581068353,0.01923602581068353,0.5,2.0280802459637925e-06,-3.963293750075536e-06,64
public_task_span,33,16,-2.0378454337332337e-05,-0.019234809396605608,0.019234809396605608,0.5,-0.0005161044418855244,0.0004753475332108597,64
public_task_span,35,25,3.096399450441931e-05,0.019220073622965964,0.019220073622965964,0.515625,-0.0001280247124668481,0.00018995270147568674,64
public_task_span,33,21,1.4835974980090047e-05,0.019195514026734268,0.019195514026734268,0.5,-0.0003538030250638068,0.00038347497502398686,64
response_mean,18,15,9.054864089818953e-05,0.019195137433606745,0.019195137433606745,0.515625,-0.0014784776768976787,0.0016595749586940578,64
response_mean,18,28,5.475281159306286e-05,0.019186590064725534,0.019186590064725534,0.484375,0.0003982119478678163,-0.00028870632468169067,64
response_first,11,21,6.929881593009668e-07,0.01918309710347944,0.01918309710347944,0.5,3.826570065257329e-06,-2.440593746655395e-06,64
response_first,26,4,2.799177536872471e-06,0.019178786359616465,0.019178786359616465,0.5,-2.4326580614789856e-05,2.992493568853479e-05,64
public_task_span,6,8,-4.737172457680314e-05,-0.019121152841858734,0.019121152841858734,0.5,-0.0001741645028232625,7.942105366965627e-05,64
public_task_span,7,2,2.5566537260557548e-06,0.019119866846641943,0.019119866846641943,0.5,6.950218448757774e-06,-1.8369109966462673e-06,64
public_task_span,11,19,1.7531728246922285e-07,0.01910945749788026,0.01910945749788026,0.5,-1.213774055486283e-06,1.5644086204247287e-06,64
final_prompt,35,18,-6.052629942136671e-06,-0.01907447189069183,0.01907447189069183,0.5,3.210287377441142e-05,-4.4208133658684754e-05,64
public_task_span,35,17,5.8556074691309456e-06,0.019072271274231535,0.019072271274231535,0.515625,0.00013417291575022609,-0.00012246170081196416,64
response_first,20,27,9.506124342803232e-06,0.019064617868519818,0.019064617868519818,0.5,4.558378350338407e-05,-2.6571534817777603e-05,64
final_prompt,24,27,5.997625157760941e-05,0.019040940875637992,0.019040940875637992,0.5,-0.00011510306285345307,0.00023505556600867186,64
public_task_span,29,6,-1.1304652844045797e-05,-0.01902606467027191,0.01902606467027191,0.484375,-0.0003830150417342878,0.00036040573604619616,64
response_mean,18,16,8.27418688231657e-06,0.01901634886211114,0.01901634886211114,0.5,0.00012085450202901725,-0.00010430612826438411,64
response_first,29,20,4.3290295081988006e-07,0.01898065291454129,0.01898065291454129,0.515625,-8.888520625305318e-06,9.754326526945079e-06,64
response_first,20,4,7.797415264576391e-06,0.01897696016439059,0.01897696016439059,0.5,-4.7766723582742975e-05,6.336155411189578e-05,64
public_task_span,32,10,-1.881271714409498e-05,-0.01897319372623081,0.01897319372623081,0.484375,-0.0005600411795967003,0.0005224157453085104,64
post_selector,27,8,-1.8176973298986176e-05,-0.01897312188075483,0.01897312188075483,0.5625,-0.00045982976371305474,0.0004234758171150825,64
final_prompt,13,28,6.534055501105018e-07,0.01896489128535687,0.01896489128535687,0.484375,-6.46453696617738e-06,7.771348066398383e-06,64
final_prompt,32,20,-2.2892313040780466e-06,-0.018956866973517398,0.018956866973517398,0.5,2.4339729634430845e-05,-2.891819224258694e-05,64
public_task_span,27,8,-1.6844908714120326e-05,-0.018918930421309554,0.018918930421309554,0.5,-0.00012918710490339064,9.549728747514999e-05,64
response_mean,32,13,5.977343846552685e-07,0.018892719836663276,0.018892719836663276,0.5,2.34698558188029e-06,-1.1515168125697528e-06,64
public_task_span,3,18,-0.00013575474804383892,-0.01887566702257964,0.01887566702257964,0.5,0.00013580538507084697,-0.00040731488115852525,64
public_task_span,14,23,-2.865733677024169e-06,-0.01887536069237543,0.01887536069237543,0.5,9.321997822622147e-07,-6.663667136310554e-06,64
response_first,17,4,-6.968922365082954e-07,-0.018874214914933782,0.018874214914933782,0.515625,-7.979448823080309e-06,6.585664350063718e-06,64
response_mean,15,22,1.2390641330731302e-06,0.018867909038474632,0.018867909038474632,0.5,8.872685555175743e-07,1.5908597106286848e-06,64
public_task_span,31,4,-1.6728261925888713e-05,-0.01883251721861698,0.01883251721861698,0.5,-0.00013409968687483315,0.00010064316302305567,64
final_prompt,18,28,7.10789081495047e-05,0.01882267465483872,0.01882267465483872,0.5,0.001135289432568225,-0.0009931316162692157,64
response_first,18,20,5.79961392688233e-07,0.01881339287823189,0.01881339287823189,0.5,1.1097009899430077e-05,-9.937087114053611e-06,64
public_task_span,9,26,3.374919106136407e-05,0.018802473149957546,0.018802473149957546,0.5,0.00015777842236275308,-9.0280040240025e-05,64
response_first,8,28,-1.4132482863969767e-06,-0.018800645320554494,0.018800645320554494,0.5,1.0068712519736479e-05,-1.2895209092530427e-05,64
public_task_span,24,23,1.4166624566766697e-06,0.018781700449733024,0.018781700449733024,0.5,-8.631377113482856e-06,1.1464702026836197e-05,64
public_task_span,0,19,6.900939661136574e-05,0.018760970720759804,0.018760970720759804,0.5,-0.00025325490423710003,0.00039127369745983146,64
public_task_span,5,0,-1.3438074347503681e-05,-0.018751158242046727,0.018751158242046727,0.515625,-7.734296923444473e-05,5.046682053943738e-05,64
public_task_span,20,17,1.3578783978114623e-05,0.018738889970746107,0.018738889970746107,0.5,0.00015628091796315367,-0.00012912335000692446,64
final_prompt,21,1,3.069367409125333e-07,0.01872877603056876,0.01872877603056876,0.5,2.3632142926999222e-06,-1.7493408108748554e-06,64
response_first,16,2,1.0897085087591563e-06,0.018726782889541424,0.018726782889541424,0.5,-1.05978068143371e-05,1.2777223831855413e-05,64
public_task_span,31,3,-3.665331678348257e-05,-0.01871110425074902,0.01871110425074902,0.5,-0.0008474357782688239,0.0007741291447018586,64
response_first,12,19,9.911155302687476e-06,0.01869300671543024,0.01869300671543024,0.5,5.7899558214559e-05,-3.807724760918407e-05,64
response_first,14,12,-4.0107389498444945e-07,-0.018689310948876544,0.018689310948876544,0.5,-1.1474179878234736e-05,1.0672032088265837e-05,64
final_prompt,34,23,6.798989033995895e-07,0.018653550395882883,0.018653550395882883,0.5,-6.513973005439766e-06,7.873770812238945e-06,64
post_selector,29,22,3.5942295653510384e-05,0.018616290441200087,0.018616290441200087,0.546875,-0.0001332552856183438,0.0002051398769253645,64
public_task_span,18,1,1.4703749911863477e-05,0.018603935175949247,0.018603935175949247,0.515625,1.9583419998530534e-05,9.82407982519642e-06,64
public_task_span,10,20,-2.2398053260984373e-05,-0.01859994993404463,0.01859994993404463,0.484375,0.0001775607925082924,-0.0002223568990302612,64
response_mean,7,5,1.415667718161114e-06,0.018577716733316173,0.018577716733316173,0.515625,-1.8047365884398515e-05,2.0878701320720745e-05,64
post_selector,30,23,-2.1433616893771874e-05,-0.018554013110200464,0.018554013110200464,0.5,4.8574363972878136e-05,-9.144159776042194e-05,64
response_first,16,24,3.664922815002916e-06,0.018533263035773562,0.018533263035773562,0.5,-6.785328105251263e-05,7.518312668251847e-05,64
public_task_span,33,17,-2.7465587663751668e-05,-0.018529341705888696,0.018529341705888696,0.5,-0.0007273450710272114,0.000672413895699708,64
response_first,10,15,9.415564363736073e-06,0.018526684193936688,0.018526684193936688,0.5,5.621506124953394e-05,-3.7383932522061785e-05,64
final_prompt,30,26,-6.629426820839398e-06,-0.01852431941817067,0.01852431941817067,0.5,-8.531610905037948e-05,7.20572554087007e-05,64
final_prompt,33,29,1.3406634934654651e-05,0.01848120659523564,0.01848120659523564,0.578125,-1.6565826626895428e-05,4.337909649620479e-05,64
post_selector,5,3,0.00015338251432694884,0.018446807111240384,0.018446807111240384,0.53125,-0.0013153195213817602,0.001622084550035658,64
post_selector,19,1,0.00013439768372336278,0.01844478990888622,0.01844478990888622,0.5,-0.001094267892767678,0.001363063260214403,64
public_task_span,14,14,-1.2864614063799291e-05,-0.018412101816327946,0.018412101816327946,0.5,-0.00013793711013930493,0.00011220788201170637,64
public_task_span,19,11,-6.91584909873306e-06,-0.018401361746786644,0.018401361746786644,0.5,2.2691443518853002e-05,-3.652314171631913e-05,64
response_first,21,11,1.0656813742571108e-07,0.018366062853259334,0.018366062853259334,0.5,-1.6643977804875476e-06,1.8775340553389697e-06,64
response_first,7,14,1.8639240551010516e-07,0.018337929809444778,0.018337929809444778,0.5,-1.3406185672693027e-06,1.713403378289513e-06,64
final_prompt,34,22,3.985103518291807e-06,0.018320474380784643,0.018320474380784643,0.5,-4.694611902771384e-06,1.2664818939354995e-05,64
response_first,13,22,-3.2927106019542407e-07,-0.01831510401096066,0.01831510401096066,0.5,-1.3713469684262236e-06,7.128048480353755e-07,64
response_first,21,9,8.810831957355622e-07,0.01831497796272792,0.01831497796272792,0.53125,-2.333932940257877e-07,1.9955596854969112e-06,64
final_prompt,33,16,-2.680842771951717e-05,-0.01831210059121752,0.01831210059121752,0.5,-0.00017403008132532813,0.00012041322588629376,64
response_first,25,15,-2.925004082500378e-06,-0.01831038442318901,0.01831038442318901,0.484375,6.255554831112194e-05,-6.84055564761227e-05,64
public_task_span,12,21,-4.113939667146644e-06,-0.01830189379805588,0.01830189379805588,0.5,-7.429673496516594e-05,6.606885563087268e-05,64
public_task_span,17,0,-8.290506229974562e-06,-0.018235575999585817,0.018235575999585817,0.5,-6.508319893328315e-05,4.850218647333401e-05,64
response_first,30,22,6.816859823300137e-07,0.018235343924650604,0.018235343924650604,0.515625,9.906441519546699e-06,-8.54306955488667e-06,64
public_task_span,6,16,-8.487015293212635e-05,-0.01820578941513637,0.01820578941513637,0.5,-0.0017604305467102468,0.0015906902408459943,64
response_first,10,18,2.4210251467588587e-05,0.018205027907953704,0.018205027907953704,0.5,0.0006878828189655606,-0.0006394623160303835,64
final_prompt,18,1,5.116482043377447e-06,0.018199549460821092,0.018199549460821092,0.5,7.123236628103053e-05,-6.0999402194275615e-05,64
public_task_span,8,4,-4.405482627589394e-06,-0.018189200000701924,0.018189200000701924,0.5,3.6331099636296e-05,-4.51420648914748e-05,64
response_first,25,22,7.886564077352967e-07,0.018170104039111235,0.018170104039111235,0.5,1.486855836672143e-06,9.045697879845119e-08,64
post_selector,1,20,9.699619113234719e-05,0.01816264304856799,0.01816264304856799,0.5,0.001527808824903324,-0.0013338164426386298,64
response_mean,20,3,-3.855218278658621e-05,-0.018161330029153915,0.018161330029153915,0.5,0.0012013451405436678,-0.0012784495061168401,64
response_mean,9,30,1.9235589077126765e-07,0.018157181442864666,0.018157181442864666,0.515625,-4.806835351978123e-06,5.1915471335206576e-06,64
response_first,29,18,-1.4973678048595427e-06,-0.018153983026816055,0.018153983026816055,0.484375,-6.037882030794584e-05,5.738408469822676e-05,64
final_prompt,29,28,6.2620611629427e-07,0.01814365396541967,0.01814365396541967,0.5,2.026360846230091e-06,-7.739486136415508e-07,64
response_first,24,20,1.4556384826392936e-06,0.018135268515567335,0.018135268515567335,0.5,-1.2896082012041257e-05,1.5807358977319847e-05,64
public_task_span,22,14,4.514913598540468e-05,0.018134960788948114,0.018134960788948114,0.5,-0.00019687132589752494,0.0002871695978683344,64
public_task_span,7,9,-6.81650249134691e-07,-0.018096106531725845,0.018096106531725845,0.5,2.5050271688087378e-06,-3.86832766707812e-06,64
response_first,20,10,1.1939414611486516e-08,0.018094609125715443,0.018094609125715443,0.53125,1.4229288592890188e-07,-1.1841405670592886e-07,64
response_first,30,12,1.1849779752997052e-06,0.018038782399623334,0.018038782399623334,0.5,3.989170295426354e-06,-1.619214344826943e-06,64
response_first,18,18,7.100050666156976e-07,0.01798147021677703,0.01798147021677703,0.5,1.675685620960891e-05,-1.5336846076377514e-05,64
final_prompt,11,26,3.209208330188337e-06,0.017964544337318145,0.017964544337318145,0.5,2.8835020884792753e-05,-2.2416604224416083e-05,64
post_selector,24,3,6.1128787365369845e-06,0.017954511545957983,0.017954511545957983,0.5,-5.375672958506248e-05,6.598248705813646e-05,64
final_prompt,19,11,1.9575791156962342e-06,0.01795148963400504,0.01795148963400504,0.5,2.199909374666742e-05,-1.8083935515274954e-05,64
response_first,29,29,9.121292343650117e-08,0.017931190078999897,0.017931190078999897,0.515625,2.82613993718428e-06,-2.6437140903112777e-06,64
public_task_span,25,20,5.227574433777691e-06,0.01791878070523593,0.01791878070523593,0.5,0.0001291230425977021,-0.0001186678937301467,64
response_mean,18,21,4.9837764890980825e-05,0.01791712964533008,0.01791712964533008,0.5,-0.0005555553143494689,0.0006552308441314305,64
response_mean,31,24,-1.4037175333207508e-06,-0.01788682156758425,0.01788682156758425,0.5,-2.1195623730813116e-05,1.838818866417161e-05,64
response_first,31,2,5.426373945740443e-06,0.017830719914240817,0.017830719914240817,0.5,1.0443224255139252e-05,4.0952363634163955e-07,64
post_selector,7,25,-2.2523599000119817e-05,-0.01782948561200578,0.01782948561200578,0.5,-7.69849430071187e-05,3.1937745006879135e-05,64
response_mean,30,14,2.3361669576615895e-07,0.01782451987355057,0.01782451987355057,0.5,-1.507272187950548e-06,1.9745055794828654e-06,64
response_mean,23,20,1.209718448080745e-05,0.017805968756744592,0.017805968756744592,0.515625,0.00018187333103013802,-0.00015767896206852312,64
response_mean,16,23,3.1365754239231206e-05,0.017802211924389303,0.017802211924389303,0.5,-0.00036539240682032816,0.0004281239152987906,64
response_first,34,2,1.7429103536416608e-05,0.017798453561341774,0.017798453561341774,0.5,-0.0005370048793338093,0.0005718630864066426,64
final_prompt,13,12,6.389091755654172e-10,0.017795909071299666,0.017795909071299666,0.515625,7.780509514443423e-09,-6.5026911633125906e-09,64
response_first,10,25,-2.8638134508263136e-07,-0.017768490870214204,0.017768490870214204,0.5,1.259819492283043e-06,-1.8325821824483057e-06,64
post_selector,1,4,1.134955437009844e-05,0.01775732073941777,0.01775732073941777,0.5,-6.517856945719999e-05,8.787767819739685e-05,64
final_prompt,15,3,8.769668966126977e-06,0.017751847336459386,0.017751847336459386,0.5,5.235494518273501e-05,-3.481560725048106e-05,64
response_first,19,2,2.9788171431745627e-06,0.017739873442748764,0.017739873442748764,0.5,7.830484292978419e-06,-1.8728500066292883e-06,64
response_first,14,19,-3.369791556903768e-06,-0.01773491753383719,0.01773491753383719,0.46875,-1.2532230812206697e-05,5.792647698399154e-06,64
post_selector,2,6,-0.00015678987983847351,-0.01772978922711984,0.01772978922711984,0.5,-0.003447936993325122,0.003134357233648175,64
public_task_span,18,4,1.1405412351450355e-05,0.017718797595336323,0.017718797595336323,0.5,7.769493731755629e-05,-5.4884112614655555e-05,64
public_task_span,28,31,-3.1320780635700445e-06,-0.017689056943537774,0.017689056943537774,0.5,-3.454370016624712e-07,-5.918719125477616e-06,64
response_mean,35,13,3.142178002232757e-06,0.017678533424700698,0.017678533424700698,0.5,1.7623345684116552e-05,-1.1338989679651028e-05,64
public_task_span,28,9,5.616701969299486e-06,0.017671498279582684,0.017671498279582684,0.484375,4.605297590387643e-06,6.628106348211323e-06,64
response_mean,26,8,1.7271578300892543e-07,0.017660686048475056,0.017660686048475056,0.484375,-2.9470589169022787e-06,3.2924904829201296e-06,64
response_first,34,22,1.0393404465944375e-06,0.017658505737353294,0.017658505737353294,0.5,1.4870905090443985e-05,-1.279222419725511e-05,64
response_first,9,1,2.6644972876955865e-06,0.017653602068213668,0.017653602068213668,0.515625,-9.346958677264836e-06,1.4675953252656011e-05,64
public_task_span,10,12,-1.2934990081707424e-05,-0.01765170726697684,0.01765170726697684,0.5,6.516329449367813e-05,-9.103327465709296e-05,64
response_first,10,6,-1.2728830824925782e-05,-0.01763943940247136,0.01763943940247136,0.5,-0.00013463132927426616,0.0001091736676244146,64
final_prompt,12,29,2.2070599356991203e-06,0.017601842001128,0.017601842001128,0.5,2.1188227947276385e-05,-1.6774108075878144e-05,64
public_task_span,19,30,1.3179870620653743e-05,0.017585882131972874,0.017585882131972874,0.5,0.0002954339788629733,-0.00026907423762166584,64
public_task_span,22,20,1.3684772966368754e-05,0.01757140184858284,0.01757140184858284,0.5,-0.00013298191606737816,0.00016035146200011564,64
response_first,33,4,3.4553929708680806e-06,0.01756541120459362,0.01756541120459362,0.515625,2.959536914204535e-05,-2.2684583200309187e-05,64
final_prompt,34,20,2.05694198029641e-06,0.01756374461289452,0.01756374461289452,0.5,-3.214192054201294e-05,3.625580450260576e-05,64
public_task_span,12,0,3.4681031593155914e-06,0.017561164655633135,0.017561164655633135,0.5,4.743746603706086e-05,-4.050125971842966e-05,64
public_task_span,15,16,6.775743486282887e-06,0.017503423823119015,0.017503423823119015,0.5,4.684271971199997e-05,-3.329123273943418e-05,64
response_first,19,8,1.653823558100953e-07,0.017473862428063723,0.017473862428063723,0.5,1.7083803989237367e-06,-1.3776156873035461e-06,64
final_prompt,32,4,7.303235634020779e-06,0.017466545434061214,0.017466545434061214,0.5,-1.3770090845484132e-06,1.598348035258998e-05,64
final_prompt,31,8,-4.190988329355941e-05,-0.017435599658603473,0.017435599658603473,0.5,-0.00013288037371240614,4.906060712528751e-05,64
response_first,19,0,2.407727073716534e-06,0.017411923058724448,0.017411923058724448,0.515625,9.557987340252598e-06,-4.742533192819533e-06,64
final_prompt,28,28,6.543403969768325e-07,0.01739486492308701,0.01739486492308701,0.46875,-1.3636378866976126e-05,1.4945059660929792e-05,64
public_task_span,10,14,-1.402681664330937e-05,-0.01739252317631331,0.01739252317631331,0.5,5.0304541218799986e-05,-7.835817450541874e-05,64
final_prompt,34,31,-5.556130759032595e-06,-0.01739096930938796,0.01739096930938796,0.484375,-0.00013793387392977192,0.00012682161241170674,64
response_first,12,21,-8.142557135209453e-07,-0.017375240465989227,0.017375240465989227,0.484375,-3.1663321578885765e-05,3.0034810151843873e-05,64
public_task_span,30,15,-1.3854137250736318e-06,-0.017352512277860374,0.017352512277860374,0.5,3.091416351707284e-05,-3.368499096722011e-05,64
response_mean,27,21,1.555909761919727e-06,0.017334273848274115,0.017334273848274115,0.515625,-1.4003602132103792e-05,1.711542165594325e-05,64
response_mean,15,4,9.002725647635987e-06,0.01733200041158853,0.01733200041158853,0.5,0.0001651552278190097,-0.00014714977652373774,64
public_task_span,13,16,4.0423889004156344e-05,0.017307981262942713,0.017307981262942713,0.515625,-0.00017322569692623476,0.0002540734749345474,64
public_task_span,25,15,-2.34951903621123e-06,-0.01730668686884748,0.01730668686884748,0.5,3.124115278296534e-05,-3.5940190855387793e-05,64
response_first,21,30,4.346398370103807e-06,0.017293022207005144,0.017293022207005144,0.5,-7.319596511478119e-05,8.18887618549888e-05,64
response_mean,30,29,-4.003824471965343e-07,-0.017290830067079283,0.017290830067079283,0.515625,3.48001583461155e-06,-4.2807807290046185e-06,64
response_first,28,4,-1.2305508789723994e-06,-0.017258897609828298,0.017258897609828298,0.5,9.198812335849218e-06,-1.165991409379402e-05,64
public_task_span,35,4,2.7370310817782308e-06,0.017242696566813875,0.017242696566813875,0.484375,-2.1158172785359262e-05,2.663223494891573e-05,64
public_task_span,18,7,1.2234477026140853e-05,0.017183362731249152,0.017183362731249152,0.515625,0.00010601524718366093,-8.154629313137924e-05,64
final_prompt,32,16,2.886789479816874e-05,0.01716711827417796,0.01716711827417796,0.5,0.0001890917937998813,-0.00013135600420354377,64
public_task_span,2,3,-0.00010529122664592309,-0.017165726326666877,0.017165726326666877,0.5,-0.0014144056403892938,0.0012038231870974475,64
response_first,11,18,-3.3216630868076663e-06,-0.017161359101607706,0.017161359101607706,0.5,-6.175880719181842e-05,5.511548101820308e-05,64
response_first,32,3,9.260168326361133e-06,0.017154717165102144,0.017154717165102144,0.5,-0.00028148227147537956,0.0003000026081281018,64
response_first,34,6,8.86889029061562e-06,0.017124596250798936,0.017124596250798936,0.5,-0.00012885333171652811,0.0001465911122977594,64
response_first,30,9,2.75342409850212e-06,0.017115816360991205,0.017115816360991205,0.515625,-6.539516459724376e-05,7.0902012794248e-05,64
response_mean,14,4,-2.4001154315559398e-05,-0.017090528246253015,0.017090528246253015,0.5,0.00036972782663724035,-0.0004177301352683592,64
public_task_span,33,15,-3.0405924007937687e-05,-0.017088340531739018,0.017088340531739018,0.5,-0.0007390149658021944,0.0006782031177863189,64
public_task_span,22,8,5.989016244710495e-06,0.017082667714194116,0.017082667714194116,0.5,8.28697820907041e-05,-7.08917496012831e-05,64
public_task_span,27,28,-2.6021680241679256e-05,-0.017074784901703877,0.017074784901703877,0.46875,-0.0006722373927914157,0.0006201940323080572,64
final_prompt,35,22,2.2084834199627548e-05,0.01706214234591147,0.01706214234591147,0.53125,-0.00010005549120250393,0.00014422515960175908,64
final_prompt,15,14,2.512893217954115e-07,0.01703580906846061,0.01703580906846061,0.5,1.5723469743988971e-06,-1.069768330808074e-06,64
response_first,18,29,8.195324880941997e-06,0.017021556099870733,0.017021556099870733,0.5,-4.999849352454333e-07,1.6890634697129437e-05,64
final_prompt,15,12,5.393226558680488e-06,0.017007689824404638,0.017007689824404638,0.5,6.490902944733713e-05,-5.412257632997617e-05,64
final_prompt,1,13,-0.00010772316079510068,-0.017000249438197907,0.017000249438197907,0.5,-0.0017099920571581409,0.0014945457355679394,64
response_first,12,20,-4.856666691923184e-06,-0.01699959598448747,0.01699959598448747,0.5,4.066009455528101e-05,-5.037342793912738e-05,64
public_task_span,34,5,-1.944360519701171e-05,-0.016990381863672036,0.016990381863672036,0.5,-0.00035612692772701404,0.00031723971733299067,64
final_prompt,24,28,-1.3361906894721486e-05,-0.01698737512365414,0.01698737512365414,0.5,-0.00017123247016570656,0.00014450865637626357,64
public_task_span,27,29,3.148097130178853e-05,0.016970305580337564,0.016970305580337564,0.5,0.00011509370597194904,-5.2131763368371844e-05,64
public_task_span,35,30,9.216277703679139e-06,0.016943811244319214,0.016943811244319214,0.515625,0.0001659183399169695,-0.00014748578450961118,64
public_task_span,13,17,-1.1624330909396472e-05,-0.01693241806419097,0.01693241806419097,0.5,0.00012481149224185132,-0.00014806015406064428,64
public_task_span,9,10,-3.029788302910382e-06,-0.01693039553791005,0.01693039553791005,0.5,-3.5167715992652066e-05,2.91081393868313e-05,64
public_task_span,18,30,2.8336490686341e-05,0.016928129023946796,0.016928129023946796,0.515625,-0.00015267035360011537,0.00020934333497279735,64
response_first,27,11,-1.2309787393874115e-06,-0.01691051370934895,0.01691051370934895,0.5,-8.01183773546141e-07,-1.6607737052286803e-06,64
response_first,14,16,-5.608495939669743e-06,-0.01689403447192521,0.01689403447192521,0.5,-8.67611200306678e-06,-2.540879876272715e-06,64
public_task_span,11,11,-1.0214346275455874e-05,-0.016886307694421218,0.016886307694421218,0.484375,5.2600390972666756e-05,-7.302908352357852e-05,64
public_task_span,10,13,-1.4089329852143206e-05,-0.016869331533079245,0.016869331533079245,0.5,-1.1975804227406058e-05,-1.6202855476880394e-05,64
public_task_span,19,26,8.348770506927327e-06,0.01686709153033059,0.01686709153033059,0.5,-0.0001313615900926324,0.00014805913110648705,64
final_prompt,24,21,1.0146628937948448e-05,0.01685002068224094,0.01685002068224094,0.5,6.179449337650938e-05,-4.1501235500612495e-05,64
response_first,20,7,9.942068999165183e-07,0.016845027821475737,0.016845027821475737,0.515625,-1.223130880135663e-06,3.211544679968699e-06,64
post_selector,9,23,1.7176981600640736e-05,0.01684301366193885,0.01684301366193885,0.515625,0.00011994464330199761,-8.559068010071611e-05,64
response_first,13,13,7.90038242465263e-09,0.01684227832719471,0.01684227832719471,0.5,-1.7103007664276415e-07,1.868308414920694e-07,64
response_first,35,0,1.2526377759056717e-05,0.016814662774178882,0.016814662774178882,0.453125,1.0853145795397842e-05,1.4199609722715626e-05,64
public_task_span,33,30,-1.9624111700980287e-05,-0.01679870034783481,0.01679870034783481,0.5,-0.0005441323364720836,0.0005048841130701231,64
response_first,13,31,-5.552422862819071e-06,-0.01677990133873159,0.01677990133873159,0.5,5.823333094667306e-05,-6.933817667231119e-05,64
public_task_span,14,17,4.187116974208067e-05,0.01673652489159316,0.01673652489159316,0.5,-0.000366601545465525,0.00045034388494968636,64
final_prompt,28,24,-9.254754758100675e-07,-0.016734018515498713,0.016734018515498713,0.5,6.3456932934976795e-06,-8.196644245117814e-06,64
public_task_span,7,5,1.159533923099811e-06,0.01672535504886223,0.01672535504886223,0.515625,-2.8945903807141466e-06,5.2136582269137694e-06,64
response_mean,15,9,4.098884626557711e-05,0.01670783883916786,0.01670783883916786,0.53125,-0.0007504871708476873,0.0008324648633788415,64
response_first,26,5,1.1521421572346924e-07,0.01669786719147284,0.01669786719147284,0.46875,-6.959095619762934e-07,9.263379934232319e-07,64
response_mean,12,19,5.73040279050388e-06,0.01668024998913774,0.01668024998913774,0.5,2.2590573735216355e-05,-1.1129768154208612e-05,64
response_first,34,27,-5.411961581103242e-07,-0.016679567442713105,0.016679567442713105,0.53125,-8.030356582366949e-06,6.9479642661463e-06,64
public_task_span,23,21,-8.438199984089953e-06,-0.01665659668214508,0.01665659668214508,0.5,9.618125204723346e-05,-0.00011305765201541335,64
response_first,10,7,7.341644322877798e-05,0.016635515820306458,0.016635515820306458,0.515625,-0.000789430550867101,0.0009362634373246566,64
post_selector,35,10,4.7313826144093754e-05,0.016616611429958447,0.016616611429958447,0.5,-0.00022496619931189061,0.00031959385160007807,64
public_task_span,16,15,2.2533513401864488e-05,0.01661318663114074,0.01661318663114074,0.484375,-0.00012532221444417233,0.0001703892412479013,64
response_first,10,10,-3.972004287788571e-05,-0.016612161652281597,0.016612161652281597,0.515625,-2.6914944101011975e-05,-5.252514165475942e-05,64
final_prompt,1,30,4.252578764862205e-05,0.0165530055870983,0.0165530055870983,0.5,-0.0012454379211703595,0.0013304894964676036,64
response_first,35,27,1.345805799245625e-06,0.016550059261501326,0.016550059261501326,0.515625,1.547054466754645e-05,-1.2778933069055206e-05,64
public_task_span,21,31,-2.1347244455687488e-05,-0.01654140282334472,0.01654140282334472,0.5,1.1869857189581243e-05,-5.456434610095627e-05,64
response_mean,7,19,2.025366029561246e-06,0.01648334869828994,0.01648334869828994,0.5,-3.1774820854425025e-06,7.228214144564991e-06,64
response_mean,12,20,-8.929674095275437e-06,-0.01648214993609851,0.01648214993609851,0.5,-0.00021010111686335696,0.00019224176867280613,64
response_mean,11,27,-5.262700710772205e-06,-0.01648156903862763,0.01648156903862763,0.5,1.9760811539972823e-05,-3.0286212961517234e-05,64
public_task_span,28,24,-9.003100558402417e-07,-0.0164727815334825,0.0164727815334825,0.5,1.7945631157084237e-05,-1.9746251268764717e-05,64
response_mean,17,6,9.796109736720964e-06,0.01647181148129929,0.01647181148129929,0.546875,1.3428039324006949e-05,6.164180149434979e-06,64
public_task_span,22,28,-1.6200631307587763e-05,-0.016383468466712143,0.016383468466712143,0.5,-0.0001607068797966365,0.000128305617181461,64
final_prompt,22,28,1.9046742636420322e-05,0.016378123061446172,0.016378123061446172,0.5,0.0001621033734409125,-0.00012400988816807187,64
response_first,12,27,2.339272043626879e-06,0.016341971848904537,0.016341971848904537,0.5,-8.999784995461398e-06,1.3678329082715153e-05,64
public_task_span,31,30,-3.032609697583877e-05,-0.016338447276688428,0.016338447276688428,0.46875,-0.000980135829195184,0.0009194836352435061,64
response_first,27,24,-3.5496715327081955e-06,-0.016314037829606384,0.016314037829606384,0.46875,-8.632316757938854e-05,7.922382451397215e-05,64
public_task_span,11,9,2.6729378710399487e-08,0.01630205515182849,0.01630205515182849,0.515625,3.7904060512516935e-07,-3.255818477043704e-07,64
response_first,9,2,-3.240524392818654e-06,-0.016291040398342192,0.016291040398342192,0.5,5.576160219792737e-06,-1.2057209005430059e-05,64
response_mean,13,2,4.2298125663367184e-05,0.016251458680162725,0.016251458680162725,0.515625,0.0004367100646050006,-0.0003521138132782664,64
response_first,27,7,1.758456164682576e-06,0.016244875265530537,0.016244875265530537,0.5,-2.383675473537075e-05,2.7353667064735904e-05,64
public_task_span,24,11,-4.708390633825728e-06,-0.016203233239764227,0.016203233239764227,0.484375,-0.00013826189729114382,0.00012884511602349234,64
public_task_span,17,17,2.742320339165926e-05,0.016199304105014998,0.016199304105014998,0.5,-4.2240792936359045e-05,9.708719971967752e-05,64
response_first,10,14,0.00011242781329201242,0.016181881672826793,0.016181881672826793,0.5,0.00013121076335664372,9.3644863227381e-05,64
response_first,6,5,-4.001528031949539e-05,-0.016179984544922726,0.016179984544922726,0.5,5.964505180599694e-05,-0.00013967561244498754,64
final_prompt,27,8,5.878193860553883e-06,0.016176832851976887,0.016176832851976887,0.53125,7.724634861004448e-05,-6.54899608889367e-05,64
final_prompt,1,24,-1.87347977771389e-05,-0.016169070569970825,0.016169070569970825,0.5,6.901365122758126e-05,-0.00010648324678185907,64
post_selector,5,16,2.0503578980418462e-05,0.016163554270861576,0.016163554270861576,0.53125,-0.00013896943437430453,0.00017997659233514148,64
final_prompt,29,4,1.6638978195257917e-05,0.016116162661416175,0.016116162661416175,0.46875,-0.0005864587583346052,0.000619736714725121,64
final_prompt,15,23,7.699192821068281e-07,0.016115960279514882,0.016115960279514882,0.5,-5.7109628386324635e-06,7.25080140284612e-06,64
public_task_span,30,27,-2.6537276880847575e-05,-0.016080909729124102,0.016080909729124102,0.484375,-0.0007973074521032571,0.0007442328983415617,64
public_task_span,33,19,-2.3158320800583903e-05,-0.016038780722441415,0.016038780722441415,0.5,-0.0006358267328323526,0.0005895100912311847,64
response_first,28,5,9.939376013790363e-06,0.01602139288378395,0.01602139288378395,0.515625,0.00015277229886122035,-0.0001328935468336396,64
post_selector,30,26,-2.908268686496965e-05,-0.01600163858543107,0.01600163858543107,0.578125,-0.0005659177172674303,0.0005077523435374909,64
response_first,23,25,2.7885218969423185e-06,0.015990942894621704,0.015990942894621704,0.5,6.984960145926216e-05,-6.427255766537751e-05,64
response_first,16,16,1.3338325288717126e-06,0.015986068640318898,0.015986068640318898,0.5,3.101412067962321e-05,-2.8346455621879773e-05,64
response_first,16,23,-2.4410480250470155e-06,-0.01598538564496595,0.01598538564496595,0.5,-2.5233311077954066e-05,2.0351215027860035e-05,64
final_prompt,13,13,6.669398544545402e-07,0.015984493648000055,0.015984493648000055,0.484375,-6.459265165403849e-06,7.79314487431293e-06,64
response_first,27,20,3.611914962675696e-06,0.015970628951502138,0.015970628951502138,0.484375,-4.110589497940639e-05,4.832972490475778e-05,64
response_mean,15,1,2.3097720259095275e-05,0.015962955947016674,0.015962955947016674,0.515625,0.00035052882594753434,-0.00030433338542934377,64
public_task_span,13,13,8.841811087727973e-07,0.01593638983806782,0.01593638983806782,0.5,-1.2996320762679993e-05,1.4764682980225587e-05,64
public_task_span,6,5,3.565453880583042e-05,0.01588678807924745,0.01588678807924745,0.515625,-0.0003994027429143945,0.0004707118205260552,64
final_prompt,14,21,-6.510891807920416e-07,-0.0158732323052772,0.0158732323052772,0.5,3.9270337879315775e-06,-5.229212149515661e-06,64
public_task_span,1,0,2.21736554522056e-05,0.015861317784511202,0.015861317784511202,0.5,-0.00027877490720128927,0.00032312221810570045,64
final_prompt,31,6,2.364745614614199e-05,0.01582366151744444,0.01582366151744444,0.515625,-0.0002246013627882296,0.0002718962750805136,64
final_prompt,11,10,2.0697222566902303e-06,0.01580658639859907,0.01580658639859907,0.484375,-1.7258756884070037e-05,2.1398201397450496e-05,64
response_first,18,19,-5.623113408232755e-07,-0.0158015129681772,0.0158015129681772,0.5,-1.1552323171389115e-06,3.060963549236043e-08,64
response_first,20,8,1.3418744437831975e-07,0.015798494823546394,0.015798494823546394,0.515625,2.673120201190926e-06,-2.4047453124342866e-06,64
final_prompt,11,7,1.949443571902639e-06,0.015778217279936526,0.015778217279936526,0.5,-1.9565724755823278e-06,5.855459619387611e-06,64
final_prompt,18,25,2.5933007066191193e-06,0.015777978673187806,0.015777978673187806,0.5,3.763688414436764e-05,-3.2450282731129405e-05,64
response_first,31,9,3.973258571932333e-06,0.015770093884445474,0.015770093884445474,0.515625,-8.955226121541559e-05,9.749877835928025e-05,64
response_first,33,10,1.203850865749469e-05,0.0157681254658043,0.0157681254658043,0.515625,-0.0003457418501966207,0.00036981886751161,64
response_first,25,3,-1.6398144708773543e-07,-0.015751532883776606,0.015751532883776606,0.5,-6.396273306563671e-07,3.116644364808962e-07,64
final_prompt,13,25,2.259008027749875e-06,0.015750070215828475,0.015750070215828475,0.5,-1.8068137308083364e-05,2.2586153363583108e-05,64
public_task_span,22,5,2.293394572915788e-05,0.01574364211687072,0.01574364211687072,0.546875,-0.0005057290049989954,0.0005515968964573111,64
response_first,4,28,-6.153792855912026e-05,-0.015712810103162382,0.015712810103162382,0.5,-0.001147368267993428,0.0010242924108751874,64
response_mean,12,21,-4.091455707566638e-07,-0.015701318451403466,0.015701318451403466,0.484375,-1.5200125289993593e-05,1.4381834148480266e-05,64
response_first,25,19,2.4640102225248484e-07,0.01569992234092005,0.01569992234092005,0.5,5.265896021455774e-07,-3.37875576406077e-08,64
final_prompt,18,3,1.3678367736238128e-06,0.01568030185761592,0.01568030185761592,0.5,1.1595924547681535e-05,-8.860251000433908e-06,64
response_first,33,13,5.411642973742668e-06,0.015654493276097952,0.015654493276097952,0.53125,-0.0001501953311162379,0.00016101861706372322,64
final_prompt,16,17,1.1224196612127439e-06,0.015648054407823343,0.015648054407823343,0.5,1.5402356154934005e-05,-1.3157516832508519e-05,64
public_task_span,7,10,-1.4736237972078521e-06,-0.015640454562469416,0.015640454562469416,0.46875,-1.0365445177735512e-05,7.41819758331981e-06,64
final_prompt,30,16,2.3625847461524613e-05,0.015629575559233107,0.015629575559233107,0.5,-0.00026834881646207315,0.0003156005113851225,64
response_mean,17,31,1.685052204436489e-07,0.01562870880196716,0.01562870880196716,0.5,2.103508229822637e-06,-1.7664977889353393e-06,64
response_first,12,7,4.220597929817648e-06,0.015623566228670744,0.015623566228670744,0.5,-6.270108360693735e-05,7.114227946657265e-05,64
final_prompt,34,17,-2.3652375602980775e-05,-0.015622958695121923,0.015622958695121923,0.5,0.0002564526002970469,-0.00030375735150300854,64
public_task_span,20,4,8.713438091946112e-06,0.015617710149060054,0.015617710149060054,0.5,-3.978475706390023e-05,5.7211633247792445e-05,64
response_first,1,9,9.367201346321995e-05,0.015595127404146028,0.015595127404146028,0.5,0.0004212558706058178,-0.00023391184367937794,64
response_first,7,2,5.08723906023031e-06,0.015589048489339775,0.015589048489339775,0.5,-0.00017728051170703372,0.00018745498982749434,64
final_prompt,33,2,8.637298094525018e-07,0.015575336662444633,0.015575336662444633,0.5,4.869395752389888e-06,-3.141936133484884e-06,64
public_task_span,26,27,1.1158735560453913e-05,0.01556803418778018,0.01556803418778018,0.5,-0.00028100195504520597,0.0003033194261661138,64
post_selector,4,18,0.0002053491148217287,0.015566943698491162,0.015566943698491162,0.46875,-0.002332918328647768,0.0027436165582912253,64
post_selector,20,5,3.8383492210420305e-05,0.01554953771196835,0.01554953771196835,0.5,-9.4210634415496e-05,0.0001709776188363367,64
response_first,19,16,-2.3891475109418315e-06,-0.015549453274465627,0.015549453274465627,0.484375,3.6532867909490447e-05,-4.131116293137412e-05,64
post_selector,35,21,2.0460504401856055e-05,0.015532540781002238,0.015532540781002238,0.453125,-0.00014836409536654594,0.00018928510417025814,64
response_first,11,16,-6.704018414894065e-05,-0.015531811055873191,0.015531811055873191,0.5,0.0002888721101044219,-0.000422952478402303,64
response_first,31,19,1.8908532126720369e-06,0.015522802267430712,0.015522802267430712,0.5,1.3981810013772328e-05,-1.0200103588428255e-05,64
response_first,24,2,3.357258947288348e-06,0.01552241212211731,0.01552241212211731,0.515625,-0.00013463355003293564,0.00014134806792751232,64
response_mean,19,7,-6.392482646329694e-06,-0.015483904001743943,0.015483904001743943,0.5,-1.3668386600375077e-06,-1.1418126632621887e-05,64
final_prompt,26,16,7.095390628819583e-06,0.015456054483675876,0.015456054483675876,0.5,0.0001555827520860363,-0.0001413919708283971,64
final_prompt,31,0,3.443105288170311e-05,0.01545118261617459,0.01545118261617459,0.5,7.277991244336566e-05,-3.917806679959359e-06,64
response_first,20,17,1.8541670843141834e-07,0.015448926621729222,0.015448926621729222,0.515625,-4.857888584730574e-07,8.566222753358943e-07,64
post_selector,5,7,-7.845440745768526e-05,-0.015443778016587044,0.015443778016587044,0.484375,-0.00121241564147565,0.0010555068265602793,64
public_task_span,22,19,1.2213087302373426e-05,0.015422884909142195,0.015422884909142195,0.5,3.4369411878284363e-05,-9.943237273537484e-06,64
final_prompt,17,29,2.6789732743281997e-07,0.015385466717135214,0.015385466717135214,0.515625,8.826316388876876e-06,-8.290521734011236e-06,64
public_task_span,18,27,1.681424714661366e-05,0.01538335591572382,0.01538335591572382,0.515625,0.00039099162268029533,-0.000357363128387068,64
final_prompt,34,8,1.3382751546975154e-06,0.015350637514588103,0.015350637514588103,0.5,9.079575363556633e-06,-6.403025054161602e-06,64
response_first,3,22,-2.4428499273203473e-05,-0.015324485536017281,0.015324485536017281,0.5,-0.0002351366420043722,0.0001862796434579653,64
response_mean,18,13,-2.0043540644108974e-05,-0.015310149890059282,0.015310149890059282,0.5,0.0007790241706970634,-0.0008191112519852815,64
final_prompt,33,7,1.9392167587270355e-06,0.015310116840916417,0.015310116840916417,0.5,-3.7684549170124025e-06,7.646888434466472e-06,64
final_prompt,30,6,6.420345243891394e-06,0.015269597946542385,0.015269597946542385,0.53125,-4.6139368578225666e-05,5.898005906600846e-05,64
final_prompt,20,17,5.237128391402469e-06,0.015262360959708543,0.015262360959708543,0.5,8.469790509480358e-05,-7.422364831199865e-05,64
public_task_span,6,30,-4.1782017433438916e-05,-0.01525578674288248,0.01525578674288248,0.5,-0.0011949344407184968,0.0011113704058516188,64
public_task_span,33,10,-1.8020945844910664e-05,-0.015206842077735734,0.015206842077735734,0.515625,-0.0006272003738558621,0.0005911584821660408,64
final_prompt,33,17,3.186537423971244e-05,0.01518770923901134,0.01518770923901134,0.5,0.00016483722174598752,-0.00010110647326656261,64
final_prompt,22,21,8.624113434057805e-06,0.015174630316719322,0.015174630316719322,0.5,7.649228336958437e-05,-5.924405650146872e-05,64
final_prompt,32,3,9.034382310346863e-05,0.015172403002076673,0.015172403002076673,0.5,0.00033010556217050294,-0.00014941791596356562,64
response_first,19,7,-4.041609372510633e-06,-0.015169632321443095,0.015169632321443095,0.5,6.101982762615419e-06,-1.4185201507636695e-05,64
public_task_span,11,3,-3.3072626138156105e-05,-0.01515646327875397,0.01515646327875397,0.5,-0.0005361608655220875,0.00047001561324577513,64
final_prompt,7,7,-1.3703843748658073e-07,-0.01513389866141348,0.01513389866141348,0.5,1.1907113499631805e-06,-1.464788224936342e-06,64
response_mean,8,23,-3.310638930996322e-06,-0.015125747950704493,0.015125747950704493,0.5,-1.8748851289309069e-06,-4.746392733061729e-06,64
response_mean,18,11,-3.6732734088220577e-05,-0.015124117284466972,0.015124117284466972,0.5,0.0015032051196612452,-0.0015766705878376861,64
response_first,33,3,-6.991546570127656e-06,-0.015118033220550975,0.015118033220550975,0.484375,-9.203307718052261e-05,7.804998404026725e-05,64
public_task_span,26,23,2.459705683579915e-06,0.015116613507881812,0.015116613507881812,0.5,1.8747177136898928e-05,-1.3827765769739098e-05,64
public_task_span,30,24,-7.414352012346152e-06,-0.015116464317115762,0.015116464317115762,0.5,-0.0002547628143929442,0.0002399341103682519,64
response_mean,35,5,4.3013761796828476e-07,0.015082747796635371,0.015082747796635371,0.53125,-2.5833634254013305e-06,3.4436386613379e-06,64
response_first,25,4,1.7358736101851948e-06,0.0150776470943249,0.0150776470943249,0.5,1.768256851163789e-05,-1.4210821291267499e-05,64
final_prompt,7,22,8.412148986275987e-06,0.01506779442571714,0.01506779442571714,0.5,-6.975504993535073e-05,8.657934790790274e-05,64
public_task_span,18,24,1.3281865221872464e-05,0.01506418624796764,0.01506418624796764,0.53125,0.00015380911520424098,-0.00012724538476049604,64
public_task_span,19,16,1.8171479496229613e-05,0.015033443375349623,0.015033443375349623,0.515625,0.0002280079843330753,-0.00019166502534061607,64
public_task_span,31,0,1.764613080012924e-05,0.015022309772315504,0.015022309772315504,0.53125,-0.0003473291762929714,0.0003826214378932298,64
post_selector,26,3,-2.1149672647882798e-05,-0.014980082370637103,0.014980082370637103,0.5,-0.00020321616466389996,0.00016091681936813442,64
response_first,7,0,-1.3531353943114068e-05,-0.01497795263126644,0.01497795263126644,0.5,-6.804976692378115e-06,-2.025773119385002e-05,64
response_first,9,16,-8.077452662266942e-07,-0.014970489022830508,0.014970489022830508,0.5,-1.8896270717045044e-05,1.7280780184591655e-05,64
response_first,30,15,6.892597994594056e-07,0.014942093375571298,0.014942093375571298,0.515625,3.929698337401013e-06,-2.5511787384822023e-06,64
public_task_span,27,0,2.7853466235696784e-06,0.014924482193021109,0.014924482193021109,0.515625,0.00010251344974675312,-9.694275649961377e-05,64
response_first,28,16,3.52775248302106e-06,0.014914386251844774,0.014914386251844774,0.515625,-0.00013818090997117175,0.00014523641493721388,64
response_mean,31,10,7.432124675684327e-06,0.014901644637188089,0.014901644637188089,0.515625,-7.849801113479517e-05,9.336226048616383e-05,64
final_prompt,13,15,1.6227200205776182e-07,0.014897816400053622,0.014897816400053622,0.5,-2.503684797261484e-07,5.74912483841672e-07,64
response_mean,11,16,-6.102889710746744e-05,-0.014878395174128093,0.014878395174128093,0.5,0.0008594992104917665,-0.0009815570047067013,64
public_task_span,27,22,-1.6844554011187488e-05,-0.01486048821557257,0.01486048821557257,0.5,-6.943407061044371e-05,3.574496258806876e-05,64
public_task_span,24,26,2.9764893952231862e-05,0.014858125076062045,0.014858125076062045,0.484375,-0.0003758462480618564,0.0004353760359663202,64
public_task_span,28,25,-1.6417752703974088e-06,-0.01485165403889106,0.01485165403889106,0.515625,2.8549207854662722e-05,-3.183275839545754e-05,64
response_first,14,24,1.5151375691872412e-06,0.014835319333783646,0.014835319333783646,0.5,-1.3073023069411387e-05,1.6103298207785873e-05,64
final_prompt,10,14,-1.7977463357968943e-06,-0.014832603988908987,0.014832603988908987,0.484375,-2.993060843436485e-05,2.6335115762771064e-05,64
response_first,12,0,-5.777511375981701e-07,-0.014831369711040944,0.014831369711040944,0.5,1.2604388672343703e-05,-1.3759890947540043e-05,64
response_first,30,14,1.0089433111204466e-07,0.01481722325314001,0.01481722325314001,0.5,-7.917745392660436e-07,9.93563201490133e-07,64
response_first,7,6,-1.417222890154336e-07,-0.014809069868582953,0.014809069868582953,0.484375,1.6462533096728293e-06,-1.9296978877036963e-06,64
response_first,34,0,7.230098503894566e-06,0.014792648638063677,0.014792648638063677,0.5,-0.00015087335418682515,0.0001653335511946143,64
public_task_span,19,24,1.6863855023517184e-06,0.014781036115932027,0.014781036115932027,0.5,-1.0245472822131905e-05,1.3618243826835337e-05,64
public_task_span,24,27,7.233008363982641e-05,0.014771630452865945,0.014771630452865945,0.5,-0.00045292311551747833,0.0005975832827971315,64
final_prompt,28,18,6.221937724152763e-06,0.014735015725632522,0.014735015725632522,0.5,-0.00012328764819356428,0.0001357315236418698,64
public_task_span,32,23,-4.495842063094787e-07,-0.014732167460201319,0.014732167460201319,0.484375,2.3346608486463083e-06,-3.2338292612652657e-06,64
final_prompt,32,17,9.013616363520152e-06,0.014706135920782605,0.014706135920782605,0.5,1.919403075589529e-05,-1.1667980288549752e-06,64
public_task_span,7,19,4.452855364434072e-07,0.01466161615199764,0.01466161615199764,0.5,5.659189810103271e-06,-4.768618737216457e-06,64
public_task_span,26,19,3.940833494193975e-06,0.014660215532531027,0.014660215532531027,0.515625,-2.3559345436293078e-05,3.144101242468104e-05,64
response_first,10,21,-3.292263954793371e-06,-0.014659586700272934,0.014659586700272934,0.484375,4.376906599644798e-05,-5.0353593906034714e-05,64
final_prompt,32,0,2.511253205739585e-05,0.014647141751305008,0.014647141751305008,0.515625,-0.0004951092087139687,0.0005453342728287604,64
final_prompt,11,22,5.366205471085923e-07,0.014612863883840156,0.014612863883840156,0.5,-8.270833404832664e-07,1.900324434700451e-06,64
response_mean,22,3,7.996766271392939e-06,0.0146077022748912,0.0146077022748912,0.484375,0.0001704757378320202,-0.00015448220528923432,64
public_task_span,13,25,-3.1050175266474493e-06,-0.014602325621123667,0.014602325621123667,0.5,-2.3782411290079207e-05,1.757237623678433e-05,64
final_prompt,15,15,9.843141697246355e-07,0.014600196655819835,0.014600196655819835,0.5,1.0224248228492071e-05,-8.2556198890428e-06,64
response_first,9,22,0.00013218777348811462,0.014569645928765675,0.014569645928765675,0.515625,0.00023337767743214792,3.0997869544081245e-05,64
final_prompt,21,23,-5.908379421272694e-07,-0.014553159332390398,0.014553159332390398,0.5,-2.7926312498038897e-06,1.610955365549351e-06,64
final_prompt,8,20,-8.386778063119439e-07,-0.014543020062246984,0.014543020062246984,0.5,5.502789349523008e-06,-7.180144962146896e-06,64
final_prompt,31,25,-7.605189580311529e-07,-0.01453282747860357,0.01453282747860357,0.5,-1.0886662380469783e-05,9.365624464407477e-06,64
response_first,16,19,1.3981510846848363e-06,0.014518513946015702,0.014518513946015702,0.5,1.744338601383717e-05,-1.4647083844467495e-05,64
response_first,24,18,2.499693891877461e-05,0.014512550646626323,0.014512550646626323,0.515625,0.0004975054507667554,-0.0004475115729292062,64
final_prompt,1,31,-1.8280018082345982e-05,-0.01450097783130336,0.01450097783130336,0.484375,-0.0006560984644465554,0.0006195384282818635,64
public_task_span,27,19,1.1518178666850636e-05,0.01448405995639984,0.01448405995639984,0.5,-0.0002595284822746081,0.00028256483960830927,64
final_prompt,28,22,-1.1104970326415369e-05,-0.014457505924018324,0.014457505924018324,0.5,0.00011939774412894063,-0.00014160768478177135,64
response_first,18,4,1.2894371082006573e-06,0.01443417029672531,0.01443417029672531,0.515625,2.303212431797787e-05,-2.0453250101576556e-05,64
response_mean,32,20,3.8376053623778716e-07,0.014419956375470047,0.014419956375470047,0.5,5.660335460788701e-06,-4.892814388313127e-06,64
response_first,17,1,-1.4309902667241496e-06,-0.014413256005114727,0.014413256005114727,0.5,1.538293076919176e-05,-1.8244911302640063e-05,64
final_prompt,35,26,7.471407116102064e-06,0.014394498725958185,0.014394498725958185,0.515625,-0.00011540267587405466,0.00013034549010625883,64
final_prompt,32,22,-2.083898095862183e-06,-0.014392239218386844,0.014392239218386844,0.5,6.571588301081297e-06,-1.073938449280566e-05,64
response_mean,18,6,2.1552546598972017e-05,0.014391529887955556,0.014391529887955556,0.515625,0.0003235825856791147,-0.00028047749248117065,64
post_selector,12,24,1.0987082276863662e-05,0.014383657670880045,0.014383657670880045,0.5625,0.00028171572336076043,-0.00025974155880703305,64
response_first,5,13,-2.467291687935137e-05,-0.014369908422389175,0.014369908422389175,0.5,-0.0009245300725524098,0.000875184238793707,64
response_mean,22,24,-1.3336215261012058e-06,-0.014334255936609452,0.014334255936609452,0.484375,1.5285703909739152e-05,-1.7952946961941567e-05,64
response_first,14,9,1.0530942518015948e-05,0.014325475448280386,0.014325475448280386,0.5,5.39069287697188e-05,-3.2845043733686914e-05,64
public_task_span,25,21,4.850074674321867e-06,0.014323646907262753,0.014323646907262753,0.5,-6.633495104375055e-07,1.0363498859081237e-05,64
response_mean,16,0,1.213083442052914e-05,0.014275199001439379,0.014275199001439379,0.5,0.00024243755251516396,-0.0002181758836741057,64
public_task_span,23,31,1.1570973583726163e-05,0.014262052904893805,0.014262052904893805,0.546875,0.00011361222391315518,-9.047027674570287e-05,64
final_prompt,35,0,1.3843135093336904e-05,0.014259871958450514,0.014259871958450514,0.5,0.0001957816384674481,-0.00016809536828077423,64
public_task_span,17,31,-2.7369349595554574e-06,-0.01424723445006362,0.01424723445006362,0.5,2.2893957520857233e-05,-2.8367827439968147e-05,64
response_mean,7,22,2.3251195671036812e-05,0.01424583728951788,0.01424583728951788,0.5,-8.418470315518114e-05,0.00013068709449725474,64
public_task_span,31,12,3.3394688898610506e-06,0.014243541531722996,0.014243541531722996,0.5,-7.178109672167243e-05,7.846003450139452e-05,64
final_prompt,27,19,1.58117104547201e-05,0.014233611217323616,0.014233611217323616,0.5,-0.0005386235516198097,0.00057024697252925,64
response_first,25,5,6.293180376815144e-07,0.014186829635195016,0.014186829635195016,0.5,1.1849498491756094e-05,-1.0590862416393065e-05,64
response_mean,35,31,4.311252268962677e-06,0.014171201889113869,0.014171201889113869,0.5,-1.1488404197734045e-05,2.0110908735659397e-05,64
final_prompt,30,2,3.1580905215384827e-06,0.01415132697793167,0.01415132697793167,0.5,-2.996160810652308e-05,3.627778914960004e-05,64
response_mean,33,8,-1.185099733898429e-06,-0.014142914028232527,0.014142914028232527,0.515625,-5.231795296365858e-05,4.994775349586172e-05,64
final_prompt,10,20,-2.923354713859277e-06,-0.014119845765340741,0.014119845765340741,0.5,-6.040656535332042e-05,5.4559855925601856e-05,64
response_first,9,25,-3.108990949840756e-05,-0.014116222719738142,0.014116222719738142,0.5,-0.00020651244631153797,0.0001443326273147228,64
final_prompt,35,25,-4.050446932526016e-06,-0.014094517771791368,0.014094517771791368,0.5,-6.58826993458151e-05,5.7781805480763056e-05,64
final_prompt,1,29,-1.6555584920751936e-05,-0.014089068786851304,0.014089068786851304,0.5,-0.00031877751234786293,0.00028566634250635906,64
response_first,15,14,8.657061001393626e-08,0.014055643092730163,0.014055643092730163,0.5,2.3013714329778168e-06,-2.128230212949944e-06,64
response_first,14,4,-2.6748381358719918e-06,-0.014026968665885193,0.014026968665885193,0.5,3.7318805254901985e-06,-9.08155679723418e-06,64
response_first,9,21,2.9542018182793634e-06,0.014022831898175547,0.014022831898175547,0.5,-3.056235618715126e-05,3.6470759823709994e-05,64
public_task_span,31,13,-1.438251331364691e-05,-0.014008783564175857,0.014008783564175857,0.5,-0.0006123341065631218,0.000583569079935828,64
public_task_span,33,2,5.272553153191688e-06,0.013983857517365486,0.013983857517365486,0.484375,1.576647855471741e-05,-5.221372248334028e-06,64
public_task_span,0,18,1.4441825442195288e-05,0.013981371584416973,0.013981371584416973,0.5,-8.694005373399687e-05,0.00011582370461838746,64
response_mean,13,14,8.452551497836354e-06,0.013957182259484974,0.013957182259484974,0.5,5.7032095128307594e-05,-4.0126992132634906e-05,64
public_task_span,18,3,4.2737471517284597e-07,0.013940082663610102,0.013940082663610102,0.5,5.7626710940894554e-06,-4.907921663743764e-06,64
response_first,6,19,-0.00017522550479043286,-0.013917913771426735,0.013917913771426735,0.5,-0.0025701289996504714,0.002219677990069606,64
response_first,10,16,1.2356276329232894e-05,0.013908926503226187,0.013908926503226187,0.5,-0.00022100101068643938,0.00024571356334490517,64
public_task_span,28,27,-1.1513845947802829e-06,-0.013901528672977196,0.013901528672977196,0.46875,1.2929637705369689e-05,-1.5232406894930253e-05,64
final_prompt,18,0,2.2086754825034598e-06,0.01387922668020751,0.01387922668020751,0.5,1.427540814802339e-05,-9.858057183016476e-06,64
response_mean,15,31,2.5108739123447655e-06,0.013852390784465006,0.013852390784465006,0.515625,-5.825234313759647e-05,6.3274090962286e-05,64
public_task_span,32,11,-1.1889749657709547e-05,-0.013850211565073794,0.013850211565073794,0.46875,-7.816792276572237e-05,5.43884234503033e-05,64
public_task_span,35,26,1.0146653039552305e-05,0.013818263794929921,0.013818263794929921,0.5,-6.264546573221445e-05,8.293877181131906e-05,64
response_mean,27,26,-3.6603585158463732e-06,-0.013803115555738724,0.013803115555738724,0.46875,-1.4791736703048633e-05,7.47101967135589e-06,64
public_task_span,12,9,-2.3725116989224332e-05,-0.013797205829329954,0.013797205829329954,0.484375,-7.839883801353105e-05,3.094860403508233e-05,64
final_prompt,23,16,6.41131259193628e-08,0.013791379327426523,0.013791379327426523,0.484375,5.794542845549699e-07,-4.5122803271624434e-07,64
final_prompt,26,5,-6.261121143322844e-06,-0.0137837264487306,0.0137837264487306,0.5,8.027452622627909e-05,-9.279676851292476e-05,64
response_first,27,14,7.666142209926653e-06,0.01377823111698531,0.01377823111698531,0.53125,-0.00021273518086671776,0.00022806746528657106,64
response_first,13,12,-4.832394338849513e-09,-0.013758492443121483,0.013758492443121483,0.5,-1.740447575920845e-07,1.6437996891438544e-07,64
response_first,34,20,-4.89869023567735e-07,-0.013714168131827475,0.013714168131827475,0.5,8.270033902135765e-07,-1.8067414373490465e-06,64
response_mean,5,13,-5.817067358294004e-05,-0.013707485517571737,0.013707485517571737,0.5,-0.0014294742750280277,0.0013131329278621476,64
response_first,32,27,2.8761701287251717e-06,0.013704041303626338,0.013704041303626338,0.5,2.388297434663187e-05,-1.813063408918153e-05,64
public_task_span,7,18,-3.3960950531791696e-06,-0.013694752797822686,0.013694752797822686,0.5,-7.839958925614033e-06,1.047768819255687e-06,64
response_first,10,17,1.0841921721289056e-05,0.013690809828125181,0.013690809828125181,0.484375,4.018827894469416e-05,-1.850443550211603e-05,64
final_prompt,20,29,5.793106026886422e-06,0.013686905200678876,0.013686905200678876,0.484375,-7.287543894553737e-06,1.8873755948326574e-05,64
response_mean,14,6,-2.7607517949947114e-05,-0.013674985693384394,0.013674985693384394,0.515625,3.7408140087788434e-05,-9.262317598768254e-05,64
public_task_span,12,10,-3.0357534342331972e-05,-0.013663542664034085,0.013663542664034085,0.5,4.116294621781033e-05,-0.00010187801490247413,64
public_task_span,25,14,-5.7056868172319195e-06,-0.013657131133129156,0.013657131133129156,0.5,5.458037594507566e-05,-6.599174957953951e-05,64
final_prompt,16,9,1.3229371234032628e-06,0.013632085023393574,0.013632085023393574,0.515625,4.08713458455133e-06,-1.4412603377448042e-06,64
public_task_span,33,8,5.020645858169161e-06,0.013619512148194872,0.013619512148194872,0.5,-0.0001448548155167257,0.000154896107233064,64
response_first,10,0,-4.831030366858613e-07,-0.0135859135031818,0.0135859135031818,0.5,4.794984306499828e-06,-5.76119037987155e-06,64
response_mean,18,12,8.49168873173987e-06,0.013571864517628,0.013571864517628,0.515625,0.00025475313941568595,-0.00023776976195220625,64
post_selector,6,28,-2.636692943270537e-05,-0.013554827659904489,0.013554827659904489,0.578125,0.0002614701288621219,-0.00031420398772753256,64
public_task_span,22,21,-1.8071736462833517e-06,-0.013554557770498197,0.013554557770498197,0.5,-4.1970951428981335e-05,3.8356604136414625e-05,64
response_first,26,0,-7.909115538492166e-06,-0.01354094720355088,0.01354094720355088,0.5,6.446304450947125e-05,-8.028127558645559e-05,64
public_task_span,25,9,1.1973841822057018e-05,0.013538542151239575,0.013538542151239575,0.46875,-0.00017276102835237902,0.00019670871199649301,64
public_task_span,2,8,-2.932982170022719e-05,-0.013537838800598964,0.013537838800598964,0.5,-0.0008150662542902702,0.0007564066108898156,64
response_first,26,21,-1.5584561907644456e-07,-0.013531887452669153,0.013531887452669153,0.484375,9.348653975393971e-07,-1.2465566356922864e-06,64
response_first,31,11,-5.073899387749102e-06,-0.013526454439054524,0.013526454439054524,0.46875,-5.40291644028822e-05,4.3881365627384e-05,64
public_task_span,23,5,-1.0793413451865568e-06,-0.013521321523393578,0.013521321523393578,0.5,-1.927394916377862e-05,1.7115266473405504e-05,64
public_task_span,8,19,-2.6138372049899745e-05,-0.013520502189949945,0.013520502189949945,0.5,0.00033005803015838506,-0.0003823347742581846,64
public_task_span,7,29,-3.9828536557706684e-07,-0.01351737510365314,0.01351737510365314,0.5,-2.346797259633604e-06,1.5502265284794703e-06,64
response_first,12,23,-9.783756922845309e-06,-0.01350647975641733,0.01350647975641733,0.5,3.657203251349686e-05,-5.613954635918748e-05,64
response_mean,17,15,5.920766488997609e-05,0.013504234644657567,0.013504234644657567,0.5,-0.00015936094314384795,0.00027777627292379997,64
final_prompt,1,26,-5.927365123170603e-07,-0.013467471923489474,0.013467471923489474,0.5,-1.5726300262031145e-08,-1.1697467243720894e-06,64
final_prompt,16,25,1.5158654605327964e-05,0.013464149174090733,0.013464149174090733,0.5,-0.00010472023132023909,0.00013503754053089504,64
final_prompt,11,18,-5.306397270029386e-06,-0.013461030465721667,0.013461030465721667,0.5,-0.00013160874186721714,0.00012099594732715836,64
response_mean,17,8,1.4365916172204318e-06,0.013449048052481956,0.013449048052481956,0.5,-5.9937304968123e-06,8.866913731253161e-06,64
final_prompt,25,13,1.000529721294861e-06,0.013445090133432645,0.013445090133432645,0.5,6.991530653977587e-06,-4.990471211387868e-06,64
public_task_span,25,31,-7.67654728406568e-06,-0.013418889958246484,0.013418889958246484,0.5,4.215562512405477e-06,-1.9568657080536804e-05,64
final_prompt,14,20,-8.329571983270626e-07,-0.013411750777976508,0.013411750777976508,0.5,4.147209551771899e-06,-5.813123948426025e-06,64
public_task_span,30,9,-1.261273484942622e-05,-0.013407992573333792,0.013407992573333792,0.5,-0.000393291081991249,0.0003680656122923966,64
response_first,5,14,5.8321522374169975e-05,0.013388676657920023,0.013388676657920023,0.5,-0.002087975590256954,0.0022046186350052938,64
response_mean,35,29,-5.721445631928841e-06,-0.013378583711058349,0.013378583711058349,0.5,4.563489619614029e-05,-5.7077787459997975e-05,64
response_first,16,18,-3.120192445750559e-06,-0.013376343531859014,0.013376343531859014,0.5,8.146573395604871e-05,-8.770611884754982e-05,64
response_first,9,4,7.359376468222577e-07,0.01336971781604088,0.01336971781604088,0.5,5.721392881234369e-06,-4.249517587589853e-06,64
response_first,32,1,-1.023991273998495e-06,-0.013361786383869144,0.013361786383869144,0.484375,-3.668752378871097e-05,3.463954124071398e-05,64
final_prompt,27,27,3.573660706026139e-06,0.013358625561033387,0.013358625561033387,0.484375,-3.971894375353425e-05,4.686626516558653e-05,64
public_task_span,28,8,7.508353007783947e-06,0.013344480734734586,0.013344480734734586,0.5,0.00011694674469709433,-0.0001019300386815265,64
public_task_span,1,11,-4.840739711653875e-05,-0.01333109743287787,0.01333109743287787,0.5,-7.289760105776805e-05,-2.3917193175309443e-05,64
response_mean,19,22,6.684742857032133e-06,0.013320248521144669,0.013320248521144669,0.515625,6.635766112592578e-06,6.7337196014716625e-06,64
post_selector,13,26,5.1090964916514095e-05,0.013314036426279112,0.013314036426279112,0.5,-0.0007892291287134875,0.0008914110585465157,64
response_first,15,24,3.06014880102623e-08,0.01330769367250674,0.01330769367250674,0.5,2.696539480595561e-07,-2.084509720390315e-07,64
public_task_span,10,25,-4.362561014659149e-07,-0.013302947241688666,0.013302947241688666,0.5,-1.5857475403890935e-06,7.132353374572631e-07,64
public_task_span,7,13,-3.428242507650002e-06,-0.013292620640622362,0.013292620640622362,0.5,-3.0328659704531256e-05,2.347217468923125e-05,64
response_first,9,14,8.07251562946505e-05,0.013290652267979272,0.013290652267979272,0.5,0.002399906785285551,-0.00223845647269625,64
public_task_span,24,25,5.208633228904059e-05,0.013282810635297746,0.013282810635297746,0.5,-0.001269751919608075,0.001373924584186156,64
response_first,12,30,3.637138790146824e-08,0.013273339970546402,0.013273339970546402,0.515625,-1.0451838354796905e-06,1.117926611282627e-06,64
public_task_span,22,12,-5.465589765661488e-06,-0.013269543300324678,0.013269543300324678,0.484375,8.34699676488164e-06,-1.9278176296204646e-05,64
response_first,14,1,-3.374930628297079e-07,-0.013255196047909519,0.013255196047909519,0.5,4.135066859589642e-06,-4.810052985249058e-06,64
response_mean,19,5,-9.644209058021333e-06,-0.013251680559626665,0.013251680559626665,0.5,-0.0002492319999873573,0.00022994358187131462,64
response_first,17,8,1.0427962671144547e-07,0.01324432192917989,0.01324432192917989,0.5,3.7706022482097973e-07,-1.6850097139808906e-07,64
public_task_span,1,12,3.879179712385312e-05,0.013238643985502264,0.013238643985502264,0.5,-0.0007801778119755781,0.0008577614062232842,64
response_mean,7,4,-1.6872975905357628e-08,-0.013235297422173196,0.013235297422173196,0.484375,-4.499122994161553e-07,4.1616634760544e-07,64
final_prompt,12,10,4.192697474540163e-06,0.013227306790666662,0.013227306790666662,0.5,-4.068320095029403e-05,4.906859589937436e-05,64
response_mean,15,25,-3.1027659133539076e-05,-0.013220851019312368,0.013220851019312368,0.5,0.0006539077603520093,-0.0007159630786190875,64
final_prompt,7,14,-7.501470918215615e-06,-0.013204754106883878,0.013204754106883878,0.5,-1.5317978977690623e-05,3.150371412593872e-07,64
public_task_span,3,9,8.59824140206953e-05,0.013201163368599104,0.013201163368599104,0.5,-0.0012292249302845375,0.0014011897583259283,64
response_first,31,1,-1.6899997490327223e-07,-0.013188599722855526,0.013188599722855526,0.484375,-7.60877469474508e-07,4.228775196679635e-07,64
public_task_span,31,28,-1.2478413282221513e-05,-0.013185727262385594,0.013185727262385594,0.5,-0.0005040274118073026,0.00047907058524285944,64
response_first,32,4,2.329166704840483e-06,0.013183208257394526,0.013183208257394526,0.5,-3.441674471104007e-05,3.9075078120721034e-05,64
final_prompt,9,26,7.951334524136655e-08,0.013178961036066965,0.013178961036066965,0.5,5.338044459790581e-07,-3.7477775549632497e-07,64
response_first,7,16,-9.77424221559886e-08,-0.01317165776098825,0.01317165776098825,0.5,-1.2839582552715e-06,1.0884734109595229e-06,64
final_prompt,26,11,-9.421439699524741e-07,-0.013162186497416345,0.013162186497416345,0.5,-1.2730015896521636e-05,1.0845727956616687e-05,64
response_mean,16,21,1.5281807463911711e-06,0.013148122231406854,0.013148122231406854,0.5,-8.48095112359563e-06,1.1537312616377973e-05,64
final_prompt,21,12,-3.871222816085873e-06,-0.013133919107975204,0.013133919107975204,0.484375,8.125222848320089e-05,-8.899467411537264e-05,64
response_mean,13,21,-9.020498481504546e-08,-0.013129190648963247,0.013129190648963247,0.515625,8.345456734559775e-07,-1.0149556430860684e-06,64
final_prompt,20,12,-3.103589506283856e-06,-0.013125817189280653,0.013125817189280653,0.5,8.550144639227818e-05,-9.170862540484591e-05,64
final_prompt,3,12,-0.00017324093912663037,-0.013112573845498703,0.013112573845498703,0.5,-0.0022131701246053,0.0018666882463520397,64
public_task_span,2,11,-3.075713175349534e-05,-0.01308093227265002,0.01308093227265002,0.5,-0.0011114170847576874,0.001049902821250697,64
public_task_span,19,10,-2.16607284073701e-05,-0.013061861699673714,0.013061861699673714,0.5,-0.0001044614764396163,6.114001962487608e-05,64
post_selector,4,1,0.00016230023356910464,0.013057801962428908,0.013057801962428908,0.53125,-0.0030741655391466273,0.0033987660062848373,64
public_task_span,8,17,-7.112390903780234e-06,-0.013055831653115255,0.013055831653115255,0.5,0.00011238219894948884,-0.00012660698075704933,64
public_task_span,13,26,-7.066693797244011e-06,-0.013048070933391236,0.013048070933391236,0.5,-3.9381438909918584e-05,2.5248051315430583e-05,64
public_task_span,8,24,-4.5019591198071845e-05,-0.013021015093314457,0.013021015093314457,0.5,0.00013725873577640938,-0.00022729791817255318,64
response_first,25,14,3.4086347113771915e-06,0.013018913595042904,0.013018913595042904,0.5,3.094083240285101e-05,-2.4123562980096643e-05,64
response_first,3,8,0.00011374743917258066,0.013005975539377199,0.013005975539377199,0.5,-0.002036588513874447,0.0022640833922196084,64
response_mean,32,29,6.813016852901569e-06,0.013004964943273693,0.013004964943273693,0.5,3.990521781816249e-05,-2.6279184112359375e-05,64
response_first,22,14,4.335733592600008e-06,0.012996639758756147,0.012996639758756147,0.515625,-9.701194903753746e-05,0.00010568341622273748,64
response_mean,25,2,2.944139581018135e-07,0.012981172511827475,0.012981172511827475,0.5,2.631756160553778e-06,-2.0429282443501506e-06,64
final_prompt,33,20,2.898346883739491e-05,0.012978722353730827,0.012978722353730827,0.53125,-0.00047526873822789,0.0005332356759026798,64
public_task_span,32,15,2.533738324929687e-06,0.012972033720233388,0.012972033720233388,0.5,7.377253223238341e-05,-6.870505558252403e-05,64
public_task_span,7,16,-4.285611225899277e-07,-0.01295891587455632,0.01295891587455632,0.5,-1.2502195545502185e-06,3.9309730937036343e-07,64
final_prompt,16,14,1.786623033695087e-05,0.012927611995207785,0.012927611995207785,0.484375,-0.0003797319623117778,0.0004154644229856795,64
response_first,31,16,1.31397263203424e-06,0.01292144850242947,0.01292144850242947,0.5,-1.0115801273958009e-05,1.2743746538026489e-05,64
final_prompt,22,30,1.016374790197034e-05,0.012920583648258611,0.012920583648258611,0.5,6.136987394711876e-05,-4.1042378143178125e-05,64
public_task_span,23,15,-7.002848974485651e-06,-0.012916519286801124,0.012916519286801124,0.484375,0.00019700378106788968,-0.000211009479016861,64
public_task_span,18,21,-3.674084655358361e-05,-0.012907214825670544,0.012907214825670544,0.5,0.00042145722909480744,-0.0004949389222019747,64
final_prompt,32,14,-9.101174782703142e-06,-0.012906080922354944,0.012906080922354944,0.5,5.115543126521873e-05,-6.935778083062499e-05,64
final_prompt,18,17,3.8018391119723124e-06,0.012893926938523896,0.012893926938523896,0.515625,4.786668536027501e-05,-4.0263007136330376e-05,64
public_task_span,34,2,-3.108792998318566e-05,-0.01286934267943058,0.01286934267943058,0.5,-0.0013890300824641382,0.0013268542224977669,64
post_selector,13,5,4.281600922695789e-05,0.012869092951496248,0.012869092951496248,0.5,-0.00020928071899105932,0.0002949127374449748,64
public_task_span,16,11,-4.312586838750576e-07,-0.012865478380649593,0.012865478380649593,0.5,-7.101256073838158e-06,6.238738706088043e-06,64
final_prompt,34,11,2.9001358825553325e-07,0.01284184624541474,0.01284184624541474,0.5,-3.537332418090955e-07,9.33760418320162e-07,64
response_first,20,20,1.827683604460617e-07,0.012796865369823118,0.012796865369823118,0.5,-3.2443525554981534e-06,3.609889276390277e-06,64
response_first,29,28,1.240715370443013e-07,0.012788291745020873,0.012788291745020873,0.5,3.51379405572061e-07,-1.0323633148345834e-07,64
final_prompt,26,9,1.804170466357392e-07,0.012780072152477829,0.012780072152477829,0.5,-2.1784329078400333e-06,2.5392670011115115e-06,64
final_prompt,24,2,-1.2833817777389928e-06,-0.012779208371059956,0.012779208371059956,0.515625,-3.068525961678989e-05,2.8118496061311905e-05,64
response_first,28,15,3.983425358455861e-07,0.012779070838919403,0.012779070838919403,0.5,-1.1537371449321654e-05,1.2334056521012826e-05,64
response_mean,11,28,-3.2479391265383107e-07,-0.012777347375127228,0.012777347375127228,0.5,5.751260388819901e-06,-6.4008482141275636e-06,64
response_first,13,19,6.444330324481596e-06,0.012770931698977542,0.012770931698977542,0.53125,-2.6800351406570723e-05,3.968901205553392e-05,64
public_task_span,28,21,1.9952637558160726e-05,0.012756344129456802,0.012756344129456802,0.5,-0.00045947678700031464,0.0004993820621166361,64
final_prompt,28,11,4.0695692405279694e-05,0.012751640707647834,0.012751640707647834,0.5,-0.0010527781651035125,0.0011341695499140717,64
public_task_span,7,14,-1.5710056686659365e-05,-0.012741994299296431,0.012741994299296431,0.5,-0.0001151415817730563,8.372146839973751e-05,64
public_task_span,33,18,-1.8181471205023006e-05,-0.012734816940856254,0.012734816940856254,0.5,-0.0005387156015785742,0.0005023526591685281,64
final_prompt,29,3,4.567775249598115e-05,0.012707043860182418,0.012707043860182418,0.5,0.00015128823724808432,-5.9932732256121795e-05,64
final_prompt,20,15,-1.0844337793968618e-05,-0.0127027796802524,0.0127027796802524,0.5,-0.0005917105177104091,0.000570021842122472,64
public_task_span,26,12,3.3731330404442827e-06,0.012700470281686598,0.012700470281686598,0.5,-8.715382500667189e-05,9.390009108756046e-05,64
response_mean,14,9,-6.134997306618473e-06,-0.01269747785733945,0.01269747785733945,0.515625,7.816426318639833e-05,-9.043425779963526e-05,64
final_prompt,27,12,4.505212245929465e-06,0.012678566858348237,0.012678566858348237,0.5,5.9049034007325097e-05,-5.0038609515466166e-05,64
response_mean,7,16,1.2203100041574544e-07,0.01267394693035112,0.01267394693035112,0.5,-2.03533591758287e-06,2.279397918414361e-06,64
public_task_span,19,14,1.9368160337762932e-05,0.01266896123169601,0.01266896123169601,0.5,-0.00022289765729510626,0.0002616339779706321,64
public_task_span,24,20,2.107798536592399e-06,0.012664288187378057,0.012664288187378057,0.5,-1.2589306834346636e-05,1.680490390753143e-05,64
response_first,22,15,-2.1651866290995227e-06,-0.012659247599323367,0.012659247599323367,0.5,-6.2757621890353645e-06,1.9453889308363175e-06,64
public_task_span,23,29,-3.451978841441876e-06,-0.012650024140582751,0.012650024140582751,0.515625,5.891742557650443e-05,-6.582138325938817e-05,64
public_task_span,6,10,-1.4577935871783193e-05,-0.012647680950704052,0.012647680950704052,0.5,-0.000326999081153178,0.0002978432094096116,64
response_first,15,28,-1.517105943094066e-07,-0.012643269298775604,0.012643269298775604,0.484375,1.8219431936472574e-06,-2.1253643822660706e-06,64
response_mean,16,8,-2.0187921734304837e-07,-0.01263898167553697,0.01263898167553697,0.5,-3.4792811334227736e-06,3.075522698736677e-06,64
response_mean,30,19,9.282315431817382e-07,0.01262622844483963,0.01262622844483963,0.484375,-1.4437605955207461e-05,1.629406904157094e-05,64
final_prompt,7,16,4.946670628669386e-08,0.01262403105758276,0.01262403105758276,0.5,-3.1632898256361846e-07,4.152623951370061e-07,64
response_mean,12,15,1.2040117894688488e-05,0.012603328153743664,0.012603328153743664,0.5,-6.617522490158899e-05,9.025546069096602e-05,64
public_task_span,30,22,8.135823009070334e-06,0.012571216692330838,0.012571216692330838,0.5,8.131919639708825e-05,-6.50475503789476e-05,64
response_mean,19,13,4.8344879019167916e-05,0.012561154952477168,0.012561154952477168,0.515625,0.0013833063476340326,-0.0012866165895956967,64
public_task_span,16,23,1.452389369657044e-06,0.012550532697139478,0.012550532697139478,0.484375,1.5123062780728193e-05,-1.2218284041414103e-05,64
response_first,26,3,1.1876586540874695e-06,0.012548543116042279,0.012548543116042279,0.5,-1.0229877034379145e-06,3.3983050116128544e-06,64
public_task_span,34,27,-1.7462263031091153e-06,-0.012528917402062184,0.012528917402062184,0.484375,7.804672668497882e-05,-8.153917929119705e-05,64
public_task_span,20,11,1.941516700298176e-06,0.012509899787993675,0.012509899787993675,0.5,9.320064009444445e-06,-5.4370306088481e-06,64
response_first,11,0,-2.482489799149764e-05,-0.012508016467606875,0.012508016467606875,0.46875,0.0002037881931755629,-0.0002534379891585582,64
response_mean,16,26,-4.4370740397449754e-06,-0.012444180097777806,0.012444180097777806,0.484375,7.625436592205903e-05,-8.512851400154898e-05,64
response_first,10,26,5.6072977372409515e-06,0.012424888980247262,0.012424888980247262,0.5,-2.1404291373980787e-05,3.2618886848462694e-05,64
response_first,32,2,5.735750562502776e-06,0.012390862719813505,0.012390862719813505,0.515625,-0.0002529037674321301,0.0002643752685571357,64
final_prompt,22,23,1.0116471571583753e-06,0.012384496663434517,0.012384496663434517,0.5,-3.1186582418695233e-06,5.141952556186273e-06,64
post_selector,4,7,0.00022397180794086493,0.012342435355016973,0.012342435355016973,0.5,-0.002242478225980461,0.0026904218418621908,64
public_task_span,34,31,-3.3187139933941773e-06,-0.012339564403446409,0.012339564403446409,0.5,-0.0001632088396945373,0.00015657141170774894,64
response_first,11,2,-1.0322756907039003e-05,-0.012329992286367554,0.012329992286367554,0.5,0.00011819468181784428,-0.00013884019563192227,64
post_selector,18,3,-1.1113469554403118e-05,-0.012319708695788578,0.012319708695788578,0.5,-6.85957938912875e-05,4.636885478248126e-05,64
public_task_span,22,17,4.736875780507444e-06,0.012316601795065815,0.012316601795065815,0.515625,-0.00017512476915724915,0.00018459852071826404,64
public_task_span,29,28,9.1673894076053e-07,0.012287328482047367,0.012287328482047367,0.5,2.86344079540782e-05,-2.680093007255714e-05,64
public_task_span,7,26,3.2008824746295597e-06,0.012282199060810734,0.012282199060810734,0.5,3.182699310855035e-05,-2.5425228159291232e-05,64
final_prompt,16,6,4.7394623692237127e-07,0.012277366443588964,0.012277366443588964,0.5,2.1861995946880164e-06,-1.2383071208432737e-06,64
public_task_span,1,18,-2.0073182895429605e-05,-0.012265689033684057,0.012265689033684057,0.5,0.00020858167772530069,-0.0002487280435161598,64
response_mean,17,23,4.0920641595201454e-06,0.012249721880744292,0.012249721880744292,0.484375,-4.7388232360385084e-05,5.557236067942537e-05,64
final_prompt,10,6,-2.626473133207722e-06,-0.012240610009879454,0.012240610009879454,0.5,6.704820953017029e-05,-7.230115579658573e-05,64
public_task_span,29,15,-2.4431825522651154e-06,-0.012239871671111593,0.012239871671111593,0.5,-9.800203619645905e-05,9.311567109192882e-05,64
final_prompt,18,24,1.4983622182978014e-06,0.012230380384062713,0.012230380384062713,0.5,1.2430878470578901e-05,-9.434154033983298e-06,64
public_task_span,25,18,1.9684752317061804e-07,0.01221468630236268,0.01221468630236268,0.5,2.102046352092657e-06,-1.708351305751421e-06,64
response_first,20,23,-4.7424790494623974e-07,-0.012202346224796988,0.012202346224796988,0.5,-9.552858870162257e-06,8.604363060269778e-06,64
response_mean,13,9,5.8830677289738925e-06,0.01220123521301781,0.01220123521301781,0.5,0.0001484844851802334,-0.0001367183497222856,64
response_mean,30,4,-1.943748543452071e-06,-0.012198331130708088,0.012198331130708088,0.5,-5.661057457472845e-06,1.7735603705687016e-06,64
response_mean,33,1,1.0950188311683426e-06,0.012195658851163716,0.012195658851163716,0.5,-2.8928949973293763e-05,3.1118987635630446e-05,64
response_first,10,28,-5.530966973307893e-06,-0.012183472933877866,0.012183472933877866,0.484375,0.0001241002601091182,-0.00013516219405573402,64
post_selector,27,1,2.4124257834040564e-05,0.012172228281090073,0.012172228281090073,0.5,-7.691652353969994e-05,0.00012516503920778123,64
response_mean,27,3,-6.161707499785507e-08,-0.012144398736148605,0.012144398736148605,0.515625,-1.068366390910569e-07,-1.6397510904653245e-08,64
final_prompt,28,26,9.110406651302583e-08,0.012141038359534567,0.012141038359534567,0.5,1.286506801534415e-06,-1.1042986685083633e-06,64
response_first,18,13,-6.229569862623863e-06,-0.012131680494157767,0.012131680494157767,0.5,0.00033846866426753407,-0.00035092780399278176,64
response_first,27,4,2.295175590918371e-06,0.01212730030425722,0.01212730030425722,0.53125,-4.504329217523613e-05,4.9633643357072874e-05,64
response_first,10,3,1.0775798386921322e-06,0.01212407058028616,0.01212407058028616,0.484375,2.9578577937162215e-05,-2.7423418259777952e-05,64
final_prompt,17,0,-2.3537639322073226e-06,-0.012122561035691095,0.012122561035691095,0.5,1.649624209676379e-05,-2.1203769961178444e-05,64
public_task_span,32,2,-1.489378246332831e-05,-0.012121905348886197,0.012121905348886197,0.484375,-0.0006643972892561329,0.0006346097243294761,64
final_prompt,17,22,1.579927413789207e-06,0.012117204881918671,0.012117204881918671,0.484375,1.544390840991412e-05,-1.2284053582335705e-05,64
final_prompt,33,28,-1.2054883427473472e-05,-0.012115916690529069,0.012115916690529069,0.5,-0.00018529977114667184,0.00016119000429172498,64
post_selector,27,10,-1.0333522368460259e-05,-0.012114928099446547,0.012114928099446547,0.484375,-0.0002528046061343,0.0002321375613973795,64
response_mean,29,21,4.4292477241469896e-07,0.012089702927401077,0.012089702927401077,0.5,-1.5752812032587826e-07,1.0433776651552762e-06,64
public_task_span,14,2,-6.975788835451212e-07,-0.012084064965744478,0.012084064965744478,0.515625,1.2527349895185126e-06,-2.647892756608755e-06,64
response_mean,31,0,4.65927951153924e-06,0.012072459359081994,0.012072459359081994,0.515625,-0.000169057202583637,0.0001783757616067155,64
post_selector,5,26,0.00016828866955621424,0.012071469280674065,0.012071469280674065,0.421875,-0.0019926631402995398,0.002329240479411969,64
response_first,8,6,3.369245678186777e-05,0.012060910907861766,0.012060910907861766,0.5,0.0007844713036319946,-0.000717086390068259,64
response_first,15,20,1.9922902083635552e-07,0.012052128196880837,0.012052128196880837,0.5,5.992802130094788e-07,-2.008221713367675e-07,64
final_prompt,22,9,1.8369595409246247e-06,0.012037959709011883,0.012037959709011883,0.515625,1.2191882774460508e-05,-8.517963692611256e-06,64
response_mean,18,26,5.949419778517227e-05,0.012028728286915898,0.012028728286915898,0.5,-0.0014911548441886972,0.0016101432397590417,64
public_task_span,9,22,-1.1350288332318394e-05,-0.01200458722781444,0.01200458722781444,0.5,7.80343580117848e-05,-0.00010073493467642158,64
public_task_span,24,31,-1.2210264685557788e-05,-0.011991150512283196,0.011991150512283196,0.5,-0.0004789677295775333,0.00045454720020641766,64
public_task_span,8,26,-7.967933925105274e-06,-0.011981693037347137,0.011981693037347137,0.5,-7.336275302805359e-05,5.742688517784308e-05,64
response_mean,19,4,9.996604603656844e-06,0.011945736197890583,0.011945736197890583,0.484375,-0.0005124274593981286,0.0005324206686054423,64
final_prompt,1,15,2.5877258167418538e-06,0.011943560899144896,0.011943560899144896,0.5,-6.673940754352296e-05,7.191485917700667e-05,64
response_first,26,1,2.487603182998344e-06,0.011943384943482661,0.011943384943482661,0.484375,4.358819410298763e-05,-3.8612987736990956e-05,64
final_prompt,35,14,1.4282547908789899e-06,0.01193303914443023,0.01193303914443023,0.53125,1.0799794835477576e-08,2.8457097869225005e-06,64
response_first,7,12,-1.3601363590964866e-08,-0.011922866062122742,0.011922866062122742,0.5,-2.3049783237638621e-07,2.0329510519445648e-07,64
final_prompt,19,24,3.610770278328346e-07,0.011889962199714006,0.011889962199714006,0.5,-9.108156817205781e-06,9.83031087287145e-06,64
public_task_span,35,11,1.3217919331505737e-05,0.01188829629365408,0.01188829629365408,0.5,-0.00011167952470714005,0.00013811536337015153,64
post_selector,4,3,-9.45273695833746e-05,-0.011875195401960534,0.011875195401960534,0.546875,-0.0009668467755545779,0.0007777920363878281,64
public_task_span,28,23,-1.2006720226057389e-05,-0.011849623453817636,0.011849623453817636,0.5,-0.00045305411185835547,0.00042904067140624077,64
response_mean,29,22,-2.3939344373472517e-06,-0.011848088558265982,0.011848088558265982,0.46875,-0.0001050842975018624,0.00010029642862716791,64
public_task_span,0,9,1.0820912393681259e-05,0.011845031573198503,0.011845031573198503,0.5,-5.52125675312499e-06,2.7163081540487494e-05,64
public_task_span,29,21,4.19149955632369e-06,0.01184218519038331,0.01184218519038331,0.5,-0.00010901860832745185,0.00011740160744009925,64
response_mean,11,23,3.66343581958919e-06,0.011837695923846836,0.011837695923846836,0.5,2.6045481092754663e-05,-1.8718609453576296e-05,64
public_task_span,10,19,-3.854019723803304e-06,-0.01183201907150878,0.01183201907150878,0.515625,4.70591303383043e-05,-5.476716978591089e-05,64
public_task_span,35,28,-3.451847078396316e-06,-0.011830749154926542,0.011830749154926542,0.5,5.7331501011501814e-05,-6.423519516829445e-05,64
public_task_span,24,1,8.208572097600826e-07,0.011817053572214516,0.011817053572214516,0.515625,-1.388096308123998e-06,3.02981072764416e-06,64
post_selector,27,7,3.082185685343904e-05,0.01181590776429547,0.01181590776429547,0.515625,2.3856351617731266e-05,3.7787362089146815e-05,64
public_task_span,33,7,9.009561836132822e-06,0.011812855226190886,0.011812855226190886,0.5,-8.497192811774066e-05,0.00010299105179000625,64
response_first,11,1,4.856808573092535e-06,0.011791041386231651,0.011791041386231651,0.5,4.5134508582110635e-05,-3.5420891435925595e-05,64
post_selector,13,18,3.131289213342828e-05,0.011787425018148416,0.011787425018148416,0.5,0.0008868397562764506,-0.0008242139720095941,64
response_first,11,14,-1.1014334859274417e-05,-0.01178380822531756,0.01178380822531756,0.5,-0.0003881073896536475,0.0003660787199350988,64
response_mean,34,8,-6.288071290324491e-07,-0.011780645827646466,0.011780645827646466,0.5,-3.783725389893555e-06,2.5261111318286567e-06,64
response_first,18,14,4.798318542498152e-07,0.01175520305564446,0.01175520305564446,0.5,3.7058567841063165e-06,-2.746193075606686e-06,64
public_task_span,16,21,1.7142040178468357e-06,0.011751245858574375,0.011751245858574375,0.5,-1.8740148789212064e-05,2.2168556824905732e-05,64
response_first,9,20,5.611088454316463e-05,0.011751112405088292,0.011751112405088292,0.484375,0.0019530308200046444,-0.001840809050918315,64
response_mean,1,9,2.645930362632189e-05,0.011748509008923536,0.011748509008923536,0.5,-4.14097230532313e-05,9.432833030587501e-05,64
response_first,25,27,6.591775218112622e-06,0.01174268153190421,0.01174268153190421,0.5,-0.00032454247661915125,0.00033772602705537655,64
response_mean,31,25,-2.9674067292262407e-07,-0.011737517964088935,0.011737517964088935,0.5,-7.474962515630068e-06,6.88148116978482e-06,64
final_prompt,31,22,1.308940341002625e-06,0.01173223689769052,0.01173223689769052,0.5,1.1039057881135408e-05,-8.421177199130162e-06,64
public_task_span,33,11,-2.577315672170137e-05,-0.01172930041335599,0.01172930041335599,0.484375,-0.001310776537138704,0.001259230223695301,64
response_first,35,17,3.6197425288283376e-06,0.01172274849520226,0.01172274849520226,0.5,-3.068191062993514e-05,3.792139568759181e-05,64
response_first,7,9,-8.01999142652221e-08,-0.011710473147799428,0.011710473147799428,0.5,7.471726206631502e-07,-9.075724491935944e-07,64
response_mean,19,17,1.1715764230758855e-05,0.011699304906518092,0.011699304906518092,0.5,-0.00034935545681945095,0.0003727869852809687,64
response_mean,14,25,-1.1920006159019483e-05,-0.011668081623215386,0.011668081623215386,0.5,0.00039610853843895385,-0.00041994855075699276,64
response_first,35,16,3.187914671794582e-06,0.011655466251429767,0.011655466251429767,0.5,-1.4587728856032197e-06,7.83460222919239e-06,64
public_task_span,30,8,-6.347753696898158e-06,-0.011640506568303021,0.011640506568303021,0.5,-0.00024815357505757484,0.00023545806766377852,64
response_first,22,25,2.8267811558162976e-07,0.011636799620941378,0.011636799620941378,0.5,4.019404158838396e-06,-3.4540479276751363e-06,64
public_task_span,11,2,-2.37272452068269e-05,-0.011628763015232147,0.011628763015232147,0.5,0.0005171668017283015,-0.0005646212921419554,64
response_mean,16,9,5.415701707529039e-06,0.011609015076032323,0.011609015076032323,0.5,-0.0001431281307304661,0.00015395953414552418,64
public_task_span,11,20,-5.813699317521461e-07,-0.011598995715006704,0.011598995715006704,0.46875,-7.8315180189726e-06,6.668778155468308e-06,64
response_mean,11,10,-2.9749259965685998e-05,-0.011598604576998335,0.011598604576998335,0.46875,-0.0009549586852699519,0.0008954601653385798,64
response_first,9,12,1.5257843642759472e-05,0.011597385276682278,0.011597385276682278,0.515625,-0.00028181881316412195,0.000312334500449641,64
public_task_span,19,8,1.2593600899902896e-06,0.011588547567657793,0.011588547567657793,0.53125,2.9518378710235475e-05,-2.69996585302549e-05,64
public_task_span,14,3,-2.9043165739071784e-07,-0.011587745159709903,0.011587745159709903,0.5,5.096234588107331e-06,-5.677097902888767e-06,64
final_prompt,5,7,-3.376796632892381e-05,-0.011582302175605729,0.011582302175605729,0.5,-0.0005731067888063902,0.0005055708561485425,64
response_mean,35,9,5.869446340509905e-06,0.011559796784246948,0.011559796784246948,0.515625,-0.00022969225574341045,0.00024143114842443028,64
response_first,28,10,2.499968445592522e-06,0.01155314363941647,0.01155314363941647,0.5,-7.802156574142333e-05,8.302150263260839e-05,64
final_prompt,16,10,2.468417278579231e-06,0.0115494342486983,0.0115494342486983,0.5,1.805575152502691e-05,-1.3118916967868451e-05,64
post_selector,5,23,0.00012953770897183707,0.011536106815737857,0.011536106815737857,0.5,-0.001622391612727364,0.0018814670306710381,64
final_prompt,6,9,2.6427155717092164e-06,0.011535103387766659,0.011535103387766659,0.5,-3.149570943605135e-05,3.678114057946977e-05,64
public_task_span,8,28,-8.605158718921757e-08,-0.011533845800745852,0.011533845800745852,0.5,1.2065193288890441e-08,-1.8416836766732558e-07,64
response_mean,31,16,4.0471027773550584e-07,0.011521654270968051,0.011521654270968051,0.515625,-3.541139392382445e-06,4.350559947853458e-06,64
public_task_span,15,8,1.9640493519539087e-05,0.011516856926305578,0.011516856926305578,0.5,-0.00016610924649286253,0.0002053902335319406,64
response_first,25,13,1.1058189670613882e-06,0.011515921616283752,0.011515921616283752,0.5,7.283154559444917e-06,-5.071516625322137e-06,64
response_first,17,31,2.901391002452236e-10,0.011514948097952489,0.011514948097952489,0.5,4.452140229399548e-09,-3.871862028909101e-09,64
response_first,11,10,1.0908164483677365e-05,0.011512593890604866,0.011512593890604866,0.515625,-0.00024790712689081915,0.00026972345585817383,64
public_task_span,7,11,1.7414645299136853e-06,0.011511304194325472,0.011511304194325472,0.484375,-1.9867228274952843e-05,2.3350157334780212e-05,64
public_task_span,4,27,1.529610722172573e-05,0.011500872922248056,0.011500872922248056,0.5,-0.000178467276782623,0.0002090594912260745,64
response_first,31,26,1.0636953220453968e-06,0.01149631638989249,0.01149631638989249,0.5,-2.3201859335127505e-05,2.5329249979218302e-05,64
final_prompt,20,31,5.063810135648672e-06,0.011453152548653383,0.011453152548653383,0.5,-0.00010612744927129396,0.00011625506954259131,64
final_prompt,9,12,-9.66009451984587e-07,-0.0114511806607767,0.0114511806607767,0.5,1.020176415522477e-05,-1.2133783059193943e-05,64
final_prompt,35,11,-9.131443221122731e-06,-0.011445535354493074,0.011445535354493074,0.5,-0.0002712068162509189,0.0002529439298086734,64
public_task_span,34,21,-2.1553132683039023e-05,-0.011434068775774664,0.011434068775774664,0.5,-0.00047144467680480627,0.0004283384114387282,64
final_prompt,22,27,1.2442704466764098e-07,0.011423064874871748,0.011423064874871748,0.515625,1.446032012353271e-06,-1.197177923017989e-06,64
public_task_span,20,28,-6.2818476180820964e-06,-0.01142170927730045,0.01142170927730045,0.484375,0.00036794513289348176,-0.00038050882812964596,64
public_task_span,20,7,5.70202575999858e-06,0.011417075968080528,0.011417075968080528,0.46875,-0.00013564303958446842,0.00014704709110446558,64
response_mean,16,31,6.096431292237283e-06,0.011408797414083904,0.011408797414083904,0.5,-1.3864203651823535e-06,1.3579282949656945e-05,64
public_task_span,19,9,7.598704087288009e-06,0.01140269017,0.01140269017,0.5,9.219003459303191e-06,5.97840471527284e-06,64
public_task_span,29,4,-7.284383627852013e-06,-0.011395765929541902,0.011395765929541902,0.5,-0.0002186535784858242,0.00020408481123012013,64
response_first,8,10,-7.408046087675757e-08,-0.011395229333805476,0.011395229333805476,0.5,-6.331384128088757e-07,4.849774910553606e-07,64
final_prompt,18,10,-5.051210109742365e-06,-0.011388790614752968,0.011388790614752968,0.5,0.000161349261816193,-0.0001714516820356777,64
response_mean,10,0,-3.003071924467804e-07,-0.01136964627569622,0.01136964627569622,0.484375,1.7180922782245034e-06,-2.318706663118064e-06,64
public_task_span,34,23,-3.16846808345872e-07,-0.011362540341473713,0.011362540341473713,0.5,-3.2907784088820335e-06,2.657084792190289e-06,64
final_prompt,7,17,5.010233223842468e-07,0.011353571747757162,0.011353571747757162,0.515625,1.860979466525143e-06,-8.589328217566476e-07,64
public_task_span,7,17,1.6233434507706154e-06,0.011349171408030297,0.011349171408030297,0.5,-1.1083962135667936e-05,1.4330649037209167e-05,64
final_prompt,20,11,-1.0142544759617067e-07,-0.011345254974603437,0.011345254974603437,0.5,-1.3760501715864837e-07,-6.524587803369286e-08,64
public_task_span,32,5,-5.06632318320504e-06,-0.011344243833775244,0.011344243833775244,0.5,-0.0002727915793911731,0.00026265893302476295,64
response_first,20,22,-6.561149064046357e-07,-0.011336566742060902,0.011336566742060902,0.5,-7.3705015779492835e-06,6.058271765140015e-06,64
public_task_span,33,13,-1.2143586900484546e-05,-0.011314386812152298,0.011314386812152298,0.46875,-0.0006120453163020768,0.0005877581425011078,64
response_first,12,3,-1.3477326547207806e-05,-0.01131219343271174,0.01131219343271174,0.5,-0.00038107954151200314,0.0003541248884175875,64
response_first,30,3,1.1639219792443328e-06,0.011292472088457248,0.011292472088457248,0.5,-4.268273869448938e-06,6.5961178279376034e-06,64
public_task_span,30,11,-5.9325226402547675e-06,-0.011286392195231393,0.011286392195231393,0.5,-4.4633060497288376e-05,3.2768015216778814e-05,64
response_mean,17,11,-2.820917643482421e-06,-0.011284008715151735,0.011284008715151735,0.484375,-1.5067637832545236e-05,9.425802545580392e-06,64
response_mean,11,30,-8.736946028872267e-07,-0.011280141948230347,0.011280141948230347,0.484375,2.1675843811404784e-05,-2.3423233017179238e-05,64
public_task_span,10,8,-1.3712525515047836e-06,-0.011275110687702481,0.011275110687702481,0.484375,-7.888462732794546e-06,5.145957629784973e-06,64
public_task_span,28,19,-7.938946282594439e-06,-0.011274768012799988,0.011274768012799988,0.5,-0.0003528302904669249,0.0003369523979017361,64
response_first,15,3,-4.76477907796111e-06,-0.01127181682061703,0.01127181682061703,0.5,-2.995217528219854e-06,-6.534340627702357e-06,64
response_first,14,25,-5.383467760462622e-07,-0.01126480841100734,0.01126480841100734,0.5,1.5349167778561912e-05,-1.6425861330654437e-05,64
public_task_span,30,30,-7.230514711391736e-07,-0.011255257572373547,0.011255257572373547,0.5,1.5243008647300142e-05,-1.668911158957849e-05,64
response_mean,23,19,-6.480122181086824e-07,-0.011227363286470445,0.011227363286470445,0.5,-9.281963627928003e-06,7.985939191710638e-06,64
response_mean,17,2,1.9511421669440535e-06,0.011225736690691348,0.011225736690691348,0.515625,2.788478559523202e-05,-2.398250126134391e-05,64
final_prompt,33,30,-1.362245529890154e-05,-0.01121827910054546,0.01121827910054546,0.5,-0.0003050971336051593,0.00027785222300735616,64
response_first,16,1,1.0469466076311478e-06,0.01121341737915505,0.01121341737915505,0.5,1.2962205914844026e-05,-1.086831269958173e-05,64
final_prompt,28,7,4.282763484296215e-06,0.011212859621776297,0.011212859621776297,0.484375,2.0295323338353052e-05,-1.1729796369760632e-05,64
final_prompt,14,24,1.3808981975672015e-06,0.011195615927204462,0.011195615927204462,0.5,3.7166213928660935e-06,-9.548249977316905e-07,64
response_mean,27,10,5.945841508045166e-07,0.011189210353025203,0.011189210353025203,0.5,-1.9316367797724185e-05,2.0505536099333218e-05,64
response_mean,11,0,-3.758956154342749e-05,-0.011187155541916932,0.011187155541916932,0.484375,-0.0006381009516189784,0.0005629218285321236,64
public_task_span,10,7,-8.625109785499207e-06,-0.011161568382547834,0.011161568382547834,0.5,-4.853508835366887e-05,3.1284868782670405e-05,64
public_task_span,23,11,8.581805332143818e-06,0.011153721491811684,0.011153721491811684,0.5,0.0002153235136574871,-0.00019815990299319947,64
response_mean,12,23,-2.7209555355534946e-06,-0.01112713685747089,0.01112713685747089,0.484375,-2.2886177703188604e-05,1.7444266632081612e-05,64
response_first,13,1,1.5109392506925703e-05,0.011121702161608965,0.011121702161608965,0.5,-0.00012293575900913903,0.0001531545440229904,64
final_prompt,30,13,-4.083372630243871e-06,-0.011086289434936525,0.011086289434936525,0.5,-0.00011387586982890787,0.00010570912456842014,64
response_first,8,16,5.454531333281336e-07,0.011085412721516199,0.011085412721516199,0.515625,-2.9084773700560846e-06,3.999383636712352e-06,64
final_prompt,1,9,-3.0444157346209408e-05,-0.011071935897090168,0.011071935897090168,0.5,0.0004570259188767563,-0.000517914233569175,64
public_task_span,0,4,3.23745061905342e-05,0.01107045821265011,0.01107045821265011,0.5,-0.0001974021579371748,0.0002621511703182434,64
final_prompt,15,22,3.0547938223435267e-07,0.011062029292898665,0.011062029292898665,0.5,-4.949983981816786e-06,5.560942746285491e-06,64
public_task_span,15,31,4.070721843165096e-06,0.011048191245258602,0.011048191245258602,0.5,-0.00014366351342686101,0.00015180495711319123,64
public_task_span,15,17,3.921493004101144e-06,0.01104529419050542,0.01104529419050542,0.5,-4.137701239420573e-06,1.1980687247622848e-05,64
response_mean,16,12,8.886065529619927e-06,0.011044487658535353,0.011044487658535353,0.5,0.00014135719129625495,-0.00012358506023701506,64
response_mean,12,14,2.1368587283634175e-05,0.011031376885274273,0.011031376885274273,0.5,0.0005202092254421502,-0.00047747205087488194,64
final_prompt,16,15,2.269136984978953e-06,0.01098956961650271,0.01098956961650271,0.5,-0.00010101735279019673,0.00010555562676015463,64
public_task_span,29,5,-7.065225759095948e-06,-0.010982169560289358,0.010982169560289358,0.5,-0.00033592805857548895,0.00032179760705729703,64
final_prompt,17,23,4.447440318239982e-07,0.010979729867899956,0.010979729867899956,0.5,1.1492275191925021e-05,-1.0602787128277025e-05,64
response_first,12,28,-1.8691293917076122e-06,-0.010979564465871686,0.010979564465871686,0.5,1.953726274450046e-05,-2.327552152791568e-05,64
public_task_span,6,1,-4.241796887071956e-05,-0.010979327009688573,0.010979327009688573,0.5,-0.0008315942068293158,0.0007467582690878767,64
response_mean,12,4,-1.8320229173695518e-05,-0.010974514718281973,0.010974514718281973,0.5,-0.0010396277721155932,0.0010029873137682023,64
final_prompt,30,1,-1.127364726015763e-06,-0.010966705809862993,0.010966705809862993,0.484375,-2.768753233794807e-05,2.543280288591654e-05,64
response_mean,10,14,4.0277460357177855e-05,0.010965307152424055,0.010965307152424055,0.515625,2.6368230464874373e-05,5.418669024948128e-05,64
response_first,28,28,2.3051093478443342e-07,0.01095872879354819,0.01095872879354819,0.5,2.299953905549046e-06,-1.8389320359801786e-06,64
response_first,12,2,-8.282616477100449e-07,-0.01094748703329239,0.01094748703329239,0.5,9.238344603093863e-06,-1.0894867898513957e-05,64
public_task_span,22,16,5.9136991694673975e-06,0.01094417092770872,0.01094417092770872,0.515625,0.00025241581715815963,-0.00024058841881922485,64
final_prompt,35,6,1.6994202951512858e-06,0.010937656578887496,0.010937656578887496,0.5,1.9807144553841592e-05,-1.640830396353902e-05,64
public_task_span,28,28,8.337825079261693e-07,0.010929577082578096,0.010929577082578096,0.5,-1.3285860745770467e-05,1.4953425761622803e-05,64
public_task_span,32,4,2.542764036657767e-06,0.010928215959902732,0.010928215959902732,0.5,-5.1750950206037135e-05,5.683647827935266e-05,64
final_prompt,15,30,-4.1566447350760427e-07,-0.010927021853279843,0.010927021853279843,0.5,7.826239425412496e-07,-1.613952889556458e-06,64
post_selector,26,10,1.9691741215329414e-06,0.010924459612444724,0.010924459612444724,0.5,-7.680951057416907e-06,1.1619299300482793e-05,64
public_task_span,31,15,-1.4985744201105122e-05,-0.010922330937961118,0.010922330937961118,0.5,-0.0004388653924251957,0.0004088939040229855,64
public_task_span,31,21,-4.116161562706111e-07,-0.010910226796564641,0.010910226796564641,0.5,-1.3813987777666625e-05,1.2990755465125403e-05,64
public_task_span,23,1,2.5030021788514795e-06,0.010893361906457524,0.010893361906457524,0.5,0.0001289373813051178,-0.00012393137694741485,64
public_task_span,8,1,-2.897916829167825e-06,-0.010888705126875587,0.010888705126875587,0.5,9.755404425958785e-05,-0.0001033498779179235,64
response_mean,30,12,4.970631835029693e-07,0.01087622609711203,0.01087622609711203,0.5,4.574240904275646e-06,-3.5801145372697067e-06,64
public_task_span,23,30,4.435711957741345e-06,0.010870572934681683,0.010870572934681683,0.5,-0.00017041660862557575,0.00017928803254105847,64
response_first,4,3,0.0001696584004093895,0.010860624468052391,0.010860624468052391,0.5,0.002272972167702378,-0.0019336553668836002,64
public_task_span,14,27,-1.4340555026137031e-05,-0.010851527079046209,0.010851527079046209,0.515625,-7.438830380124568e-05,4.570719374897162e-05,64
response_mean,11,5,5.548192532953253e-06,0.010850027270718434,0.010850027270718434,0.5,-6.852451360827652e-05,7.9620898674183e-05,64
response_first,15,18,-1.014696996870175e-06,-0.010845561413611246,0.010845561413611246,0.515625,-1.867340389027629e-05,1.664400989653594e-05,64
response_mean,31,18,-2.9373997278980823e-07,-0.01083915173705629,0.01083915173705629,0.53125,-6.515537791074166e-06,5.92805784549455e-06,64
public_task_span,6,11,-3.330480649310508e-05,-0.010830460460939814,0.010830460460939814,0.46875,-0.0004938688070978986,0.00042725919411168846,64
response_first,31,18,-4.4293613399197566e-07,-0.010828806366567072,0.010828806366567072,0.5,-5.4413767429629086e-06,4.555504474978957e-06,64
response_first,9,5,5.020090725335843e-06,0.01082868881286866,0.01082868881286866,0.5,-1.3456627584671115e-05,2.3496809035342836e-05,64
response_mean,17,9,-1.4460202919467501e-06,-0.010811979617069442,0.010811979617069442,0.5,-4.9256323336505984e-05,4.636428275261249e-05,64
public_task_span,27,31,3.563176051103093e-06,0.010807190800834287,0.010807190800834287,0.484375,-7.266547481775782e-05,7.979182691996399e-05,64
response_mean,9,5,3.2911547123156205e-06,0.01079542713489394,0.01079542713489394,0.5,3.363768041708438e-05,-2.7055370992453132e-05,64
public_task_span,6,2,-1.845510405473695e-05,-0.01074339577188436,0.01074339577188436,0.5,-0.0003150211950924128,0.0002781109869829388,64
final_prompt,22,16,2.762218400676272e-06,0.01073642079471742,0.01073642079471742,0.484375,5.577156025537341e-05,-5.0247123454020866e-05,64
public_task_span,28,3,-1.2943026831635791e-05,-0.01073264860473551,0.01073264860473551,0.515625,-0.0006223181126187912,0.0005964320589555198,64
final_prompt,11,28,-2.4812129595375154e-07,-0.010727584216760544,0.010727584216760544,0.5,7.4110139962613175e-06,-7.90725658816882e-06,64
response_first,16,28,1.1332376104203353e-06,0.010723010949017207,0.010723010949017207,0.5,4.469899169378438e-05,-4.243251647294371e-05,64
final_prompt,9,11,-5.3025118518235104e-08,-0.01071849226045126,0.01071849226045126,0.5,-7.041400635898754e-07,5.980898265534051e-07,64
final_prompt,27,25,-4.130922025069844e-05,-0.010705924699438167,0.010705924699438167,0.5,0.00023398202756652188,-0.00031660046806791884,64
response_first,12,11,5.024830556975939e-06,0.010702426771020396,0.010702426771020396,0.5,-8.635792551103279e-05,9.640758662498466e-05,64
response_first,32,0,4.692811671701932e-06,0.010690103467555827,0.010690103467555827,0.5,-0.00026320903111806774,0.0002725946544614716,64
response_first,5,30,-1.901344109001037e-05,-0.01068723493006591,0.01068723493006591,0.5,-0.00040742519081504025,0.0003693983086350196,64
response_first,7,29,1.3386306818574667e-07,0.01067074786609161,0.01067074786609161,0.5,-2.9625595274751504e-06,3.2302856638466437e-06,64
response_first,33,17,5.452761456579898e-06,0.010662994056954141,0.010662994056954141,0.5,-0.00025985835873141986,0.0002707638816445797,64
public_task_span,35,16,-9.851275990517215e-07,-0.010654498459021042,0.010654498459021042,0.5,-1.847667135730018e-06,-1.2258806237342421e-07,64
final_prompt,22,24,1.545192219507315e-06,0.010651463641015973,0.010651463641015973,0.515625,3.3805020393622194e-05,-3.071463595460757e-05,64
response_mean,9,2,-2.140040351151077e-06,-0.010646059775028976,0.010646059775028976,0.484375,1.9075317595691123e-05,-2.335539829799327e-05,64
final_prompt,7,5,-9.796141284819697e-07,-0.010641172730780723,0.010641172730780723,0.484375,1.688015342437806e-05,-1.8839381681342003e-05,64
public_task_span,24,9,6.664518537016965e-07,0.01063342171184631,0.01063342171184631,0.484375,-1.7297496128777103e-05,1.8630399836180498e-05,64
response_first,14,3,-6.421559078265859e-06,-0.010623886462797877,0.010623886462797877,0.5,7.692897474953099e-05,-8.977209290606267e-05,64
response_mean,8,6,-5.852447611687185e-05,-0.010617061979173129,0.010617061979173129,0.5,-0.001585598660312825,0.0014685497080790815,64
response_first,30,18,6.375513237328353e-07,0.010613271300091535,0.010613271300091535,0.5,2.0314391974799653e-05,-1.9039289327333984e-05,64
final_prompt,10,29,-9.189984666637043e-07,-0.010613110473012426,0.010613110473012426,0.484375,-1.2034928715823778e-05,1.0196931782496367e-05,64
public_task_span,28,16,-4.982557129554134e-06,-0.01061067037475229,0.01061067037475229,0.5,-0.00029849280144841195,0.0002885276871893037,64
response_first,1,8,4.6584511437692205e-05,0.010607558586013147,0.010607558586013147,0.5,-0.0005464420610223749,0.0006396110838977595,64
response_first,32,14,3.4443667118495796e-06,0.010606720579897968,0.010606720579897968,0.5,3.081989257225835e-05,-2.393115914855921e-05,64
response_mean,3,22,-2.4204464807550014e-05,-0.010601096426427595,0.010601096426427595,0.5,-0.00036683191046904377,0.00031842298085394376,64
public_task_span,17,11,5.180000152904367e-05,0.010592336349205221,0.010592336349205221,0.5,0.00015083646576385314,-4.723646270576561e-05,64
response_first,17,0,-9.542239922663104e-07,-0.010589452438875331,0.010589452438875331,0.484375,5.794954745394857e-06,-7.703402729927478e-06,64
final_prompt,9,18,-7.223721842919417e-08,-0.010580874872799028,0.010580874872799028,0.5,-9.97772486854842e-07,8.532980499964539e-07,64
response_first,35,21,-5.692851345873482e-07,-0.010580100412842878,0.010580100412842878,0.515625,-5.584519271904253e-06,4.445949002729554e-06,64
response_mean,27,6,6.315682412609898e-07,0.010577568644568925,0.010577568644568925,0.5,-1.1530187407514347e-05,1.2793323890036328e-05,64
final_prompt,17,13,2.648059052035021e-07,0.010573204380893523,0.010573204380893523,0.515625,4.967812259337734e-06,-4.438200448930729e-06,64
final_prompt,14,4,-1.5762978211598073e-06,-0.010569883846931812,0.010569883846931812,0.5,-3.060125610331975e-05,2.744866046100014e-05,64
public_task_span,32,19,3.5892981031822375e-06,0.010557025398750315,0.010557025398750315,0.5,-6.851023499620382e-05,7.568883120256827e-05,64
final_prompt,8,21,1.3736450554802104e-07,0.010556384681620306,0.010556384681620306,0.5,-5.648959671589182e-06,5.923688682685224e-06,64
response_first,16,31,-9.12095596827811e-08,-0.010547532224985712,0.010547532224985712,0.5,-3.508379828875976e-07,1.6841886352203517e-07,64
public_task_span,7,8,-3.2141253996104378e-06,-0.010539903490021832,0.010539903490021832,0.5,-5.436469064078437e-05,4.79364398415635e-05,64
public_task_span,32,0,-1.6386539300584783e-05,-0.010533887735356736,0.010533887735356736,0.5,-0.0008609087672084313,0.0008281356886072617,64
response_first,34,10,3.2924440063197835e-07,0.010525227561944744,0.010525227561944744,0.5,3.3303024338238174e-08,6.251857769257185e-07,64
response_mean,20,29,4.7717448524057864e-05,0.01052344846803923,0.01052344846803923,0.5,-0.0002464655726726157,0.0003419004697207313,64
public_task_span,9,4,-3.962298933402053e-07,-0.010521267621455263,0.010521267621455263,0.515625,6.646844440183487e-06,-7.4393042268638965e-06,64
response_first,30,4,-1.6932806374842516e-06,-0.010520303773735957,0.010520303773735957,0.5,1.6131843040052764e-05,-1.9518404315021264e-05,64
final_prompt,18,20,2.6673911008849423e-06,0.010516251127493098,0.010516251127493098,0.53125,7.243113054755344e-05,-6.709634834578356e-05,64
public_task_span,24,18,-9.0337352958155e-06,-0.010486142526442827,0.010486142526442827,0.515625,0.00024052924163696853,-0.00025859671222859944,64
response_first,10,13,-5.7432030189359545e-06,-0.010483301817272058,0.010483301817272058,0.5,-4.479263861866876e-05,3.330623258079689e-05,64
public_task_span,8,20,2.7034961931354834e-06,0.010476094025911776,0.010476094025911776,0.5,-1.3098623185216939e-05,1.8505615571487907e-05,64
public_task_span,22,1,4.043376975458867e-06,0.010474617576863961,0.010474617576863961,0.515625,0.00017240750003109717,-0.0001643207460801795,64
public_task_span,33,25,2.433121153445894e-06,0.01044771397313206,0.01044771397313206,0.5,-2.827422031258794e-05,3.314046261947973e-05,64
public_task_span,30,5,-1.3276234653868422e-06,-0.010442018957151383,0.010442018957151383,0.46875,-5.240436621536819e-06,2.5851896907631376e-06,64
public_task_span,9,1,9.103529237068149e-07,0.010413122978359918,0.010413122978359918,0.5,2.8205419084759278e-05,-2.638471323734565e-05,64
response_first,34,19,-1.5800319488334623e-05,-0.010403230072342791,0.010403230072342791,0.5,-0.0004907383317913536,0.0004591376928146845,64
response_first,18,17,5.620299885385205e-08,0.010377384701571563,0.010377384701571563,0.5,-5.283654371905644e-07,6.407714348982685e-07,64
public_task_span,35,12,1.853823778219296e-05,0.010352825172183869,0.010352825172183869,0.484375,0.00012407729809638113,-8.700082253199526e-05,64
response_mean,7,24,-4.165438696190904e-07,-0.01035064972485215,0.01035064972485215,0.5,1.0529469989251083e-05,-1.1362557728489264e-05,64
post_selector,5,20,-0.00013974072226119363,-0.010349937454320453,0.010349937454320453,0.5,-0.0024060251071205126,0.002126543662598125,64
final_prompt,11,24,5.82898962876335e-07,0.010345525636237774,0.010345525636237774,0.5,-1.7760592072623513e-06,2.9418571330150204e-06,64
response_first,13,15,8.312183922495409e-06,0.010344837076503166,0.010344837076503166,0.5,-0.00037100938988029856,0.0003876337577252894,64
final_prompt,27,10,-1.6618212157492264e-06,-0.01034241976419731,0.01034241976419731,0.5,-3.3321774708379534e-05,2.9998132276881082e-05,64
public_task_span,20,9,4.380355449031525e-06,0.010339697659601589,0.010339697659601589,0.5,4.521468827078335e-05,-3.645397737272027e-05,64
response_first,15,0,-1.2528906154332423e-05,-0.01033626612811074,0.01033626612811074,0.5,0.00039541108344565563,-0.00042046889575432056,64
response_first,17,16,6.694859777668686e-06,0.01032581431665469,0.01032581431665469,0.5,0.00015880436393444624,-0.00014541464437910887,64
response_first,15,11,-1.941066191334585e-06,-0.010321437038329787,0.010321437038329787,0.5,-6.805676942177776e-05,6.417463703910858e-05,64
final_prompt,32,7,6.267302455853849e-05,0.010311850703275019,0.010311850703275019,0.5,-0.0004979418094990292,0.0006232878586161061,64
response_mean,15,19,2.2869047455739256e-06,0.01029445157748926,0.01029445157748926,0.5,5.1612339092335306e-05,-4.7038529601187455e-05,64
final_prompt,31,16,4.538775897349433e-07,0.010293434630196947,0.010293434630196947,0.578125,4.944261320362526e-06,-4.036506140892641e-06,64
response_first,14,30,-4.627528255695096e-06,-0.010293235757066761,0.010293235757066761,0.53125,-3.6555163887904195e-05,2.7300107376513998e-05,64
response_first,9,15,2.0646881239369514e-05,0.010287382029316316,0.010287382029316316,0.515625,0.0003460892658040231,-0.00030479550332528413,64
response_first,25,12,-4.985163570836438e-08,-0.010281526288915164,0.010281526288915164,0.46875,5.262355031732114e-07,-6.259387745899403e-07,64
public_task_span,14,15,1.7294045392193856e-05,0.010276631001507077,0.010276631001507077,0.5,-9.049953223438409e-05,0.00012508762301877174,64
public_task_span,17,23,-1.8478663150738134e-06,-0.010270589575180492,0.010270589575180492,0.484375,1.1065865123776008e-05,-1.476159775392363e-05,64
final_prompt,11,6,1.373948293801562e-06,0.010268759154752602,0.010268759154752602,0.5,-4.233008843356662e-05,4.507798502116975e-05,64
public_task_span,30,7,-5.764035449830443e-06,-0.010268146884512906,0.010268146884512906,0.5,7.102492509147501e-05,-8.25529959911359e-05,64
response_first,18,21,-1.4538354591321663e-06,-0.010264084997708488,0.010264084997708488,0.484375,-1.2532429238373979e-05,9.624758320109648e-06,64
response_first,7,7,8.490286340645525e-08,0.010263241182488315,0.010263241182488315,0.5,-9.89155406472264e-07,1.1589611332851746e-06,64
public_task_span,19,12,1.5689578276572347e-05,0.010244309735218718,0.010244309735218718,0.484375,-0.00027748965476348736,0.000308868811316632,64
final_prompt,2,8,-1.2387013157418753e-05,-0.010239151416872969,0.010239151416872969,0.5,-0.00020266592127882814,0.0001778918949639906,64
response_first,32,7,8.173960054593432e-06,0.010238090508287057,0.010238090508287057,0.515625,-0.000258065962157136,0.00027441388226632287,64
final_prompt,13,24,2.470209466319488e-06,0.01023437407172374,0.01023437407172374,0.5,-5.016787451948256e-05,5.5108293452121545e-05,64
response_first,33,6,-1.3018735444350198e-05,-0.010234030448392592,0.010234030448392592,0.5,-0.00037899593280598965,0.0003529584619172892,64
final_prompt,30,3,7.572605795713023e-07,0.010230542193032861,0.010230542193032861,0.5,-1.4922989180378391e-05,1.6437510339520994e-05,64
response_first,7,20,-1.2514011302791178e-06,-0.010226493365846193,0.010226493365846193,0.5,2.3403017621547484e-06,-4.8431040227129856e-06,64
post_selector,17,24,0.00012201493518659672,0.010222973990910296,0.010222973990910296,0.546875,-0.003458595674601375,0.003702625544974568,64
public_task_span,1,3,1.518298631708667e-05,0.010221151542597508,0.010221151542597508,0.5,-0.00013201920955907206,0.00016238518219324527,64
response_mean,12,16,-3.49053243553719e-06,-0.01020611183976852,0.01020611183976852,0.484375,5.402654551289267e-05,-6.100761038396704e-05,64
post_selector,0,9,8.82220774656172e-05,0.010198786953294068,0.010198786953294068,0.5,-2.7583591872818738e-05,0.00020402774680405335,64
response_first,31,23,1.8017803427028412e-07,0.010186146981983439,0.010186146981983439,0.5,-6.355231064958389e-06,6.715587133498957e-06,64
public_task_span,34,0,-8.125445674522306e-06,-0.010175756040835716,0.010175756040835716,0.484375,-0.0003396763695491025,0.0003234254782000579,64
public_task_span,25,2,-4.629124532573786e-07,-0.01016629989538973,0.01016629989538973,0.484375,7.164444923545347e-06,-8.090269830060104e-06,64
final_prompt,18,12,1.1397206094418894e-06,0.010154367922655217,0.010154367922655217,0.515625,2.584461930154546e-05,-2.356517808266168e-05,64
response_mean,17,12,6.957594450796707e-06,0.010145469202998329,0.010145469202998329,0.5,-1.8579726202074359e-06,1.5773161521800844e-05,64
response_mean,8,3,-2.2251994096213276e-06,-0.010145004037617361,0.010145004037617361,0.484375,-3.2992892556635676e-05,2.854249373739303e-05,64
response_first,24,24,-1.151591095549161e-05,-0.010143767919564388,0.010143767919564388,0.5,0.00028786517759726285,-0.00031089699950824604,64
public_task_span,32,7,-2.2773154114471368e-05,-0.010095128434810776,0.010095128434810776,0.5,-0.0007754325272344214,0.0007298862190054788,64
final_prompt,17,6,9.491212153999939e-07,0.010087098310342893,0.010087098310342893,0.5,4.1066307289835575e-05,-3.9168064859035584e-05,64
public_task_span,26,5,3.474649929559299e-06,0.010080556878340799,0.010080556878340799,0.5,-0.00011291332748441024,0.00011986262734352884,64
response_first,12,24,-2.971572854445621e-07,-0.010080530819182936,0.010080530819182936,0.5,-1.3915833221741772e-05,1.3321518650852648e-05,64
response_mean,25,4,-1.5075585224539206e-06,-0.010077368638000326,0.010077368638000326,0.5,1.0174170370189601e-05,-1.3189287415097443e-05,64
public_task_span,16,30,1.0172840120504438e-05,0.010064059539623428,0.010064059539623428,0.515625,0.0005365890774555513,-0.0005162433972145424,64
response_mean,10,2,-2.0277209387123704e-06,-0.010062938242570665,0.010062938242570665,0.484375,-4.0271754642145676e-05,3.6216312764720935e-05,64
response_mean,16,4,6.532085535587068e-06,0.01006146799992585,0.01006146799992585,0.5,-7.289179211511436e-05,8.59559631862885e-05,64
response_first,16,9,4.0062548123387387e-07,0.010045396002906404,0.010045396002906404,0.515625,3.82315647584619e-06,-3.021905513378442e-06,64
response_mean,13,23,-1.0979876776693546e-06,-0.01004498159194491,0.01004498159194491,0.5,1.1631021038735047e-05,-1.3826996394073755e-05,64
response_mean,13,26,9.102237527254883e-06,0.010036548791653856,0.010036548791653856,0.5,5.462673652800769e-05,-3.642226147349795e-05,64
final_prompt,31,21,1.1938668649188111e-06,0.010031840267521339,0.010031840267521339,0.484375,1.1833752523667175e-05,-9.446018793829554e-06,64
response_mean,9,1,3.601322987381281e-06,0.010029981665212462,0.010029981665212462,0.5,3.749470261028823e-05,-3.0292056635525683e-05,64
response_first,35,12,3.15369925374315e-06,0.010016594224720156,0.010016594224720156,0.5,2.4470587050016794e-05,-1.816318854253048e-05,64
final_prompt,5,2,-4.778317816089885e-05,-0.01000300482932236,0.01000300482932236,0.515625,-0.00042586920608300705,0.0003303028497612094,64
response_mean,9,3,7.841971125801186e-07,0.010002964726105285,0.010002964726105285,0.5,-1.9798710013670747e-05,2.1367104238830987e-05,64
response_first,27,26,-3.972269041697817e-06,-0.009999710903674363,0.009999710903674363,0.484375,-1.4814158930622492e-06,-6.463122190333381e-06,64
response_first,12,25,4.303993250687199e-08,0.009998147920769258,0.009998147920769258,0.5,-5.47419723773146e-07,6.334995887868899e-07,64
response_first,27,6,1.327629348679693e-07,0.009938415226063788,0.009938415226063788,0.5,1.17807965693828e-06,-9.125537872023415e-07,64
final_prompt,18,2,2.665243300725723e-06,0.009936642711206181,0.009936642711206181,0.5,2.0783757918245777e-05,-1.5453271316794324e-05,64
post_selector,6,26,3.7340687413229696e-05,0.009936135999145652,0.009936135999145652,0.484375,-0.0012074612313881469,0.0012821426062146063,64
final_prompt,35,8,1.0188255146196852e-05,0.009931704967488087,0.009931704967488087,0.5,5.1680155593193704e-05,-3.1303645300799986e-05,64
response_first,19,20,8.489940483951771e-07,0.009915211809596218,0.009915211809596218,0.5,1.842832963915914e-05,-1.6730341542368783e-05,64
response_mean,28,28,-2.0836270664403834e-07,-0.009910064845523384,0.009910064845523384,0.5,-3.323403461763519e-06,2.9066780484754418e-06,64
public_task_span,7,27,-6.518270083687617e-07,-0.009897617901723705,0.009897617901723705,0.5,1.4652674963144139e-05,-1.595632897988166e-05,64
public_task_span,29,29,1.844141024776041e-06,0.009897250548223581,0.009897250548223581,0.5,0.0001077878637260937,-0.00010409958167654162,64
response_first,1,28,2.1131054154462068e-05,0.009895963311015374,0.009895963311015374,0.484375,-0.0008416715168095701,0.0008839336251184942,64
public_task_span,23,8,6.969736432436195e-06,0.009887114923620804,0.009887114923620804,0.515625,0.0003341265141898163,-0.000320187041324944,64
post_selector,8,0,6.2796293605009825e-06,0.009878210126829939,0.009878210126829939,0.546875,0.0001460331550333476,-0.00013347389631234558,64
response_mean,11,13,-5.724320999432311e-06,-0.009876957749473187,0.009876957749473187,0.5,-2.258134372823235e-05,1.1132701729367727e-05,64
public_task_span,0,11,-3.5067218050240686e-05,-0.00986957195743549,0.00986957195743549,0.5,-0.0002654561067174594,0.0001953216706169781,64
post_selector,5,13,5.779680259365011e-05,0.009863978509756987,0.009863978509756987,0.484375,0.002176328021960201,-0.002060734416772901,64
response_mean,28,29,-5.308443746810749e-07,-0.009863614726290512,0.009863614726290512,0.5,-4.591128799805289e-06,3.5294400504431395e-06,64
final_prompt,11,21,-6.020932232804274e-07,-0.009857593006620423,0.009857593006620423,0.5,-1.299212749472605e-05,1.1787941048165197e-05,64
response_mean,32,26,-8.75527938149015e-07,-0.009846363636174941,0.009846363636174941,0.5,3.6259679205847502e-06,-5.37702379688278e-06,64
response_first,13,2,8.659891136633235e-06,0.009818537348361168,0.009818537348361168,0.5,-0.00013720233846468519,0.00015452212073795168,64
response_mean,22,25,4.009734624336552e-07,0.009818375476788202,0.009818375476788202,0.515625,4.482605618248709e-06,-3.680658693381398e-06,64
public_task_span,1,17,1.2390497431625385e-05,0.00981821247290917,0.00981821247290917,0.5,-0.00022507057292384987,0.0002498515677871006,64
response_first,31,17,3.136032233897726e-07,0.009803631823812026,0.009803631823812026,0.484375,5.30738283543882e-06,-4.6801763886592745e-06,64
response_first,17,23,5.097538604558029e-07,0.009796260614722337,0.009796260614722337,0.5,2.529652050499082e-06,-1.5101443295874761e-06,64
final_prompt,14,10,6.159208680863192e-07,0.009789538142516109,0.009789538142516109,0.515625,2.2676933326724013e-06,-1.035851596499762e-06,64
public_task_span,33,31,-7.524957482016752e-06,-0.009784526148333831,0.009784526148333831,0.5,-0.0003787885534620462,0.00036373863849801277,64
response_mean,35,11,3.979403118137955e-06,0.009783413223104777,0.009783413223104777,0.515625,-0.00017706996732156686,0.00018502877355784279,64
response_mean,8,14,3.216644699930527e-06,0.00976712746715492,0.00976712746715492,0.5,0.00014173388581183432,-0.00013530059641197326,64
public_task_span,24,15,7.177526526901708e-06,0.009766780242101805,0.009766780242101805,0.5,0.000198340927227019,-0.00018398587417321557,64
response_mean,13,29,1.8737664504418207e-06,0.009751587469006975,0.009751587469006975,0.5,-4.264500898897925e-05,4.6392541889862896e-05,64
final_prompt,27,4,6.34719708614562e-06,0.009738681159387582,0.009738681159387582,0.5,-0.0003411090701774503,0.0003538034643497416,64
public_task_span,9,30,-2.6147494258558554e-07,-0.009738439511808408,0.009738439511808408,0.5,6.570955440209881e-06,-7.093905325381052e-06,64
response_mean,15,18,1.3756321663995836e-06,0.009728679008684389,0.009728679008684389,0.484375,9.129266800255825e-07,1.8383376527735813e-06,64
final_prompt,12,30,1.3469205555357626e-06,0.009722654410202664,0.009722654410202664,0.5,-5.903853627840437e-05,6.17323773894759e-05,64
response_first,18,22,-1.9584203982982812e-06,-0.00971299660707715,0.00971299660707715,0.5,-8.834597451826353e-06,4.917756655229792e-06,64
final_prompt,1,10,-8.80218067322771e-06,-0.009705005804020521,0.009705005804020521,0.453125,7.874428047215801e-05,-9.63486418186134e-05,64
public_task_span,33,9,-8.969695500128126e-06,-0.009701107874484246,0.009701107874484246,0.5,-0.0005542792741834812,0.000536339883183225,64
public_task_span,30,1,3.841399120571749e-06,0.009699187829588599,0.009699187829588599,0.515625,-9.136612243309302e-05,9.904892067423655e-05,64
final_prompt,6,8,9.528427881374986e-06,0.009697560962498304,0.009697560962498304,0.5,-7.570242269140625e-05,9.475927845415625e-05,64
public_task_span,31,24,5.440146651382128e-06,0.009682062515060569,0.009682062515060569,0.5,-7.352267584792579e-05,8.440296915069003e-05,64
response_first,31,12,9.46552177082656e-07,0.009676638555977854,0.009676638555977854,0.5,-5.579295270762321e-05,5.768605706178852e-05,64
final_prompt,2,13,-3.808242240669989e-06,-0.009641528081665103,0.009641528081665103,0.5,-0.00011198904599040147,0.00010437256150906149,64
post_selector,2,5,3.147630468446979e-05,0.009633889137402452,0.009633889137402452,0.53125,-0.00043561563325056243,0.0004985682426195019,64
response_first,29,16,-1.0025055416884324e-06,-0.009630320527405993,0.009630320527405993,0.5,-7.292722420968107e-05,7.09222131263042e-05,64
response_mean,35,16,-1.342757343536382e-06,-0.0096121738568792,0.0096121738568792,0.5,5.270292149271238e-07,-3.2125439019998877e-06,64
response_first,27,8,1.1588352322182098e-06,0.009612114285010784,0.009612114285010784,0.5,2.3734646163119275e-05,-2.1416975698682855e-05,64
public_task_span,29,2,-2.9272738174773206e-05,-0.009611230408098614,0.009611230408098614,0.5,-0.0011388690109015434,0.001080323534551997,64
final_prompt,15,17,4.996168740946363e-07,0.009591290359644572,0.009591290359644572,0.5,-3.7624723958603634e-06,4.761706144049637e-06,64
final_prompt,11,19,-6.357805659735471e-07,-0.00958573252241075,0.00958573252241075,0.5,-1.0467902029630968e-05,9.196340897683876e-06,64
response_first,25,2,-1.0246670711921979e-07,-0.009583977396588334,0.009583977396588334,0.484375,1.8052338788265843e-06,-2.010167293065024e-06,64
response_mean,24,27,2.765320687108441e-06,0.00958219332372268,0.00958219332372268,0.5,-8.006748112164174e-05,8.559812249585863e-05,64
public_task_span,31,9,-6.751363798684893e-06,-0.009577170992639739,0.009577170992639739,0.484375,-0.00018485831878932966,0.00017135559119195988,64
post_selector,5,27,0.00014860201736155518,0.009576566459569212,0.009576566459569212,0.5625,-0.0025103978878177964,0.0028076019225409064,64
response_first,6,10,-3.0253944714784777e-05,-0.009566065278289232,0.009566065278289232,0.484375,0.00020140713968430608,-0.0002619150291138755,64
final_prompt,17,17,1.3358061551119355e-05,0.009552450192080855,0.009552450192080855,0.5,0.00039969888348423074,-0.0003729827603819921,64
public_task_span,21,24,5.205227466836974e-06,0.009544116123872346,0.009544116123872346,0.484375,0.00010144838643100533,-9.103793149733138e-05,64
public_task_span,16,28,1.4537130027746857e-05,0.009540522854252985,0.009540522854252985,0.484375,0.0007591157764181563,-0.0007300415163626625,64
response_mean,19,20,1.8601336932967465e-06,0.009539231677418046,0.009539231677418046,0.5,1.8341021359438194e-05,-1.4620753972844701e-05,64
response_mean,25,16,2.1421575979745748e-07,0.009499746749020464,0.009499746749020464,0.5,2.275913146831893e-06,-1.8474816272369778e-06,64
response_mean,1,28,3.947013431115524e-05,0.009493020404402856,0.009493020404402856,0.5,-0.0019451329585535781,0.0020240732271758883,64
post_selector,14,8,-1.250891546078286e-05,-0.009490317725808696,0.009490317725808696,0.53125,-0.0001992748966586063,0.0001742570657370406,64
response_first,18,28,3.073466302795087e-06,0.009487402658486023,0.009487402658486023,0.5,5.23384296684455e-05,-4.619149706285532e-05,64
public_task_span,4,21,9.214385499945062e-05,0.009487033360510863,0.009487033360510863,0.5,-0.0013114225730532702,0.0014957102830521721,64
response_first,19,24,8.66488116674005e-07,0.009483352966778592,0.009483352966778592,0.515625,-2.295417397707273e-05,2.4687150210420738e-05,64
response_mean,32,28,-7.0041714934609685e-06,-0.009478963916047146,0.009478963916047146,0.5,1.640215214138751e-05,-3.0410495128309448e-05,64
public_task_span,10,11,1.2491625511720714e-06,0.009476998176054274,0.009476998176054274,0.5,-1.4611941883100295e-08,2.512937044227249e-06,64
response_first,17,30,-5.6386552316212146e-08,-0.009474071193778773,0.009474071193778773,0.484375,1.3928236626270518e-06,-1.5055967672594761e-06,64
response_mean,16,6,3.0994438589012007e-06,0.009465381250294998,0.009465381250294998,0.484375,-5.083669861951063e-06,1.1282557579753444e-05,64
response_mean,7,29,2.782927452926742e-07,0.009452188619108778,0.009452188619108778,0.5,-1.752953750155939e-06,2.3095392407412874e-06,64
response_mean,7,27,-1.5465113278878572e-07,-0.009442107997715289,0.009442107997715289,0.5,3.978554815375901e-06,-4.287857080953472e-06,64
final_prompt,22,19,-8.133828686122581e-07,-0.009434308410610222,0.009434308410610222,0.5,-7.628213012366879e-06,6.0014472751423645e-06,64
final_prompt,9,14,-1.5219801525717752e-06,-0.009431897387604303,0.009431897387604303,0.5,-6.72326905259473e-06,3.679308747451179e-06,64
response_first,20,11,1.848555417072184e-08,0.009428026198784441,0.009428026198784441,0.5,-5.5820057243138876e-08,9.279116558458256e-08,64
public_task_span,17,10,5.837122807860612e-05,0.00942017166117008,0.00942017166117008,0.515625,-1.6672958736321797e-05,0.00013341541489353447,64
response_first,14,27,8.101455648562212e-06,0.009419010303964737,0.009419010303964737,0.5,0.0002020312304011992,-0.00018582831910407479,64
public_task_span,21,8,1.0738415880944504e-06,0.009416407135063075,0.009416407135063075,0.5,1.5481155827503905e-05,-1.3333472651315008e-05,64
response_first,22,28,1.1351557986873534e-06,0.009409410262919306,0.009409410262919306,0.5,-3.256674517612023e-06,5.526986114986733e-06,64
response_first,7,8,3.258021692431612e-07,0.009407435963031735,0.009407435963031735,0.5,7.658831279400147e-06,-7.007226940913824e-06,64
response_mean,18,1,6.1721191286679216e-06,0.009400546250478302,0.009400546250478302,0.515625,0.0004293402894290586,-0.00041699605117172267,64
post_selector,5,9,-0.00020642645540646732,-0.009387844465941932,0.009387844465941932,0.5,-0.0017463208641856783,0.0013334679533727432,64
final_prompt,17,9,-1.4100393173055615e-06,-0.009374792750347114,0.009374792750347114,0.5,9.12551331565888e-06,-1.1945591950270002e-05,64
final_prompt,18,22,6.050850970492109e-06,0.009348213208581693,0.009348213208581693,0.484375,1.3730596037929006e-05,-1.6288940969447953e-06,64
final_prompt,13,16,1.8417374008064455e-06,0.009345410218789107,0.009345410218789107,0.5,-3.3121346973534286e-05,3.680482177514717e-05,64
public_task_span,34,11,6.755644790246307e-06,0.009339452155310093,0.009339452155310093,0.5,-5.9179566960665967e-05,7.26908565411586e-05,64
public_task_span,10,16,-9.625253369452213e-06,-0.00933695030115392,0.00933695030115392,0.5,-0.000187351372005638,0.0001681008652667336,64
public_task_span,22,18,1.5715357903921328e-06,0.009333087036038617,0.009333087036038617,0.5,4.379998836156767e-05,-4.0656916780783415e-05,64
public_task_span,17,21,2.930741857197835e-06,0.009287563828754081,0.009287563828754081,0.5,9.009696441351914e-05,-8.423548069912347e-05,64
final_prompt,11,15,2.0956278603992233e-05,0.009282935144147207,0.009282935144147207,0.5,0.00031366612165584066,-0.0002717535644478563,64
public_task_span,18,18,1.8878503055927065e-05,0.009281089491511147,0.009281089491511147,0.5,0.0003517324880704008,-0.00031397548195854667,64
final_prompt,7,23,-6.593170382959168e-07,-0.009279324684010465,0.009279324684010465,0.5,-5.34749972302576e-06,4.028865646433928e-06,64
final_prompt,25,15,-8.640777878104024e-06,-0.009274852766145496,0.009274852766145496,0.484375,-5.51877428733978e-05,3.790618711718973e-05,64
public_task_span,24,22,2.206485305572537e-06,0.009272444015539068,0.009272444015539068,0.5,-5.01735883062823e-05,5.458655891742739e-05,64
response_mean,14,26,2.533379938540628e-05,0.009252503901509583,0.009252503901509583,0.5,0.0004109952906219406,-0.0003603276918511281,64
response_mean,9,22,4.941520819556574e-05,0.009235502484487687,0.009235502484487687,0.5,-0.0005024898473493533,0.0006013202637404843,64
response_mean,25,0,7.712223322181106e-07,0.009235210233236623,0.009235210233236623,0.515625,-1.6426123210065897e-05,1.796856787450212e-05,64
final_prompt,33,15,-5.491540287039053e-05,-0.009231353969729034,0.009231353969729034,0.5,0.00010160475358134683,-0.00021143555932212816,64
response_first,13,14,-3.886350103953286e-07,-0.009229414663380996,0.009229414663380996,0.5,-1.5584928419795275e-05,1.4807658399004616e-05,64
public_task_span,11,1,4.544354851532506e-06,0.009223923850799013,0.009223923850799013,0.515625,0.00012365226211840597,-0.00011456355241534099,64
response_mean,23,27,2.1004728978374224e-07,0.009223079858125753,0.009223079858125753,0.53125,4.3650399135231055e-06,-3.944945333955621e-06,64
response_mean,33,2,5.858152007956105e-07,0.009220199149234791,0.009220199149234791,0.5,5.836071181898171e-07,5.880232834014009e-07,64
final_prompt,7,8,-3.1645581657336092e-06,-0.009214294594859953,0.009214294594859953,0.5,2.2778374614060317e-05,-2.9107490945527536e-05,64
response_mean,26,2,1.3240501175438514e-06,0.009203696081657962,0.009203696081657962,0.484375,-8.097808813543227e-05,8.362618837051996e-05,64
response_first,23,23,1.19312358037654e-06,0.009200258321671848,0.009200258321671848,0.515625,-9.012933560369022e-06,1.1399180721122099e-05,64
public_task_span,17,27,1.4846494877931928e-05,0.009196613825698552,0.009196613825698552,0.515625,-0.0006056149959476768,0.0006353079857035407,64
response_first,18,7,1.2715263419949007e-07,0.009186959807423057,0.009186959807423057,0.484375,3.871222086893056e-06,-3.616916818494076e-06,64
final_prompt,34,15,1.0286218639517125e-05,0.009173864147693278,0.009173864147693278,0.5,-0.00016408108967880836,0.00018465352695784255,64
public_task_span,18,0,-1.6028391200939111e-06,-0.009167660346579199,0.009167660346579199,0.46875,-8.982309509515466e-07,-2.307447289236279e-06,64
public_task_span,24,6,7.525506475762547e-07,0.00916470977388146,0.00916470977388146,0.5,-7.439190312648272e-06,8.94429160780078e-06,64
final_prompt,23,20,5.629464396866995e-07,0.009163702166318411,0.009163702166318411,0.515625,2.415515740494846e-05,-2.302926452557506e-05,64
response_mean,13,13,-8.028700564156448e-06,-0.009161414856377026,0.009161414856377026,0.5,-0.00013704410036518785,0.00012098669923687493,64
response_mean,34,11,-1.8786893463129672e-07,-0.009150594854604104,0.009150594854604104,0.5,-2.7225044334500126e-06,2.346766564187419e-06,64
response_first,35,20,-4.4698758756577186e-06,-0.009139922836568904,0.009139922836568904,0.5,-0.0002561679721111267,0.00024722822035981123,64
final_prompt,14,13,1.417934640815292e-06,0.009134965037714804,0.009134965037714804,0.5,1.0485622624409216e-05,-7.649753342778632e-06,64
public_task_span,3,2,2.3754459107295383e-05,0.009131134100752341,0.009131134100752341,0.5,-0.000342368644851375,0.0003898775630659656,64
final_prompt,17,2,4.927005875288112e-06,0.00912970841234781,0.00912970841234781,0.5,-5.365582592276611e-05,6.350983767334234e-05,64
response_first,18,25,4.986876553925915e-07,0.009117544487136538,0.009117544487136538,0.5,1.3547460213199246e-05,-1.2550084902414062e-05,64
final_prompt,33,0,-6.818372213496499e-07,-0.009114496735618939,0.009114496735618939,0.484375,-1.5464816243588033e-05,1.4101141800888732e-05,64
public_task_span,16,31,2.7755030487236202e-06,0.009112108249933552,0.009112108249933552,0.515625,7.272577477123272e-05,-6.717476867378548e-05,64
response_first,1,27,4.8376030463256686e-05,0.00910157527644897,0.00910157527644897,0.5,0.0002034232165897342,-0.00010667115566322127,64
public_task_span,35,13,1.1407675629014047e-05,0.009083747537635736,0.009083747537635736,0.5,7.674385415157501e-05,-5.3928502893546836e-05,64
public_task_span,31,22,-1.1765450835780617e-06,-0.009082007227208049,0.009082007227208049,0.5,-4.599517114910156e-05,4.364208098194544e-05,64
response_first,13,27,-7.213232947835968e-06,-0.009076181093169588,0.009076181093169588,0.5,0.00016512674665136067,-0.00017955321254703262,64
response_first,13,18,-3.437961652252764e-06,-0.00906407063174305,0.00906407063174305,0.5,-0.00011478236274341846,0.00010790643943891294,64
final_prompt,18,7,3.4546361575860694e-06,0.009061693664525935,0.009061693664525935,0.5,0.00012067974122941846,-0.0001137704689142463,64
public_task_span,28,1,-3.5320510960470977e-06,-0.009057665590472183,0.009057665590472183,0.5,-0.00018229366014564283,0.00017522955795354865,64
final_prompt,30,9,-6.816737027294671e-06,-0.00905344170441553,0.00905344170441553,0.515625,-0.0002870184937364633,0.000273385019681874,64
response_mean,13,10,2.3554792278452207e-05,0.009049789320045033,0.009049789320045033,0.5,-0.0005618193135887731,0.0006089288981456775,64
response_mean,28,7,1.9521144167813428e-05,0.009037465062290128,0.009037465062290128,0.515625,-0.0005964477259112623,0.0006354900142468891,64
final_prompt,9,27,1.154847154791378e-06,0.00903664745404272,0.00903664745404272,0.5,1.970940206773705e-05,-1.7399707758154293e-05,64
final_prompt,11,5,1.1803286383812727e-06,0.009033816439349555,0.009033816439349555,0.5,-2.464347466002169e-05,2.700413193678424e-05,64
final_prompt,17,12,1.2803966455993436e-06,0.009033094833656595,0.009033094833656595,0.53125,3.824967620857934e-05,-3.568888291738065e-05,64
final_prompt,16,19,1.6655233423539248e-06,0.009027181469038286,0.009027181469038286,0.5,-6.713222092002028e-05,7.046326760472814e-05,64
final_prompt,9,30,-1.6036925387652445e-07,-0.009024953566959546,0.009024953566959546,0.484375,-1.32609226710656e-07,-1.8812928104239312e-07,64
post_selector,3,0,-6.648198905168757e-05,-0.009011037091626142,0.009011037091626142,0.5,-0.00012293367763051277,-1.0030300472862368e-05,64
response_first,22,26,-1.5378195143942093e-06,-0.009010456628338603,0.009010456628338603,0.5,5.2521085081049466e-06,-8.327747536893355e-06,64
response_first,34,13,1.4676776345363238e-06,0.009008053256299244,0.009008053256299244,0.5,4.1578899299557715e-05,-3.864354403048507e-05,64
public_task_span,2,19,3.4594399039633816e-05,0.009003942988539994,0.009003942988539994,0.5,-0.0007490082789445387,0.0008181970770238062,64
final_prompt,7,19,-2.1170372477286037e-07,-0.008990893004167578,0.008990893004167578,0.5,-9.88705430415848e-07,5.652979808701275e-07,64
response_mean,10,30,5.5442928896816594e-06,0.008985693985132645,0.008985693985132645,0.5,0.00018989030149895928,-0.00017880171571959597,64
public_task_span,8,3,-2.373102915953648e-06,-0.00898528823279526,0.00898528823279526,0.5,-4.961517333870775e-06,2.1531150196346904e-07,64
response_first,15,29,-6.556996368091209e-07,-0.008981925546216494,0.008981925546216494,0.515625,-5.251539391789792e-06,3.940140118171549e-06,64
public_task_span,9,29,-4.492730809600761e-06,-0.00896667189998488,0.00896667189998488,0.5,7.987029812285001e-05,-8.885575974205153e-05,64
public_task_span,27,12,2.7510418476604632e-06,0.008961722922695297,0.008961722922695297,0.5,3.829788056464687e-05,-3.2795796869325944e-05,64
response_first,11,25,2.2237027224068883e-06,0.00895220930521498,0.00895220930521498,0.5,-5.988305929348533e-05,6.433046473829909e-05,64
response_mean,31,9,9.51149286264614e-06,0.008927513608534323,0.008927513608534323,0.5,-0.00045637406947206857,0.00047539705519736086,64
response_mean,21,12,-6.354402557922374e-06,-0.008918079885429312,0.008918079885429312,0.5,0.00016890659162525172,-0.00018161539674109645,64
public_task_span,34,8,1.8799404642774997e-05,0.00891388371648495,0.00891388371648495,0.5,0.00026303187405573436,-0.00022543306477018431,64
public_task_span,26,13,5.096685754323965e-06,0.008911506705176715,0.008911506705176715,0.5,6.573514292540283e-05,-5.5541771416754906e-05,64
public_task_span,15,30,-4.007042207376575e-06,-0.008905739695940312,0.008905739695940312,0.515625,4.32933329648265e-05,-5.1307417379579664e-05,64
response_first,1,4,-2.3341596033787937e-07,-0.008903193182189321,0.008903193182189321,0.46875,3.405046186344407e-06,-3.871878107020166e-06,64
final_prompt,33,5,-4.778912625617304e-06,-0.008901855313158586,0.008901855313158586,0.5,-5.3089089306009364e-05,4.353126405477474e-05,64
response_mean,30,22,1.1076507462316045e-06,0.008900066695419456,0.008900066695419456,0.5,2.4667120669611388e-05,-2.2451819177148182e-05,64
final_prompt,34,10,8.991829645342239e-07,0.008892036450436975,0.008892036450436975,0.5,8.68315214575234e-06,-6.8847862166838915e-06,64
public_task_span,27,1,3.652385203167796e-07,0.008889824647876802,0.008889824647876802,0.5,4.426859504746972e-06,-3.6963824641134124e-06,64
response_mean,10,6,-7.782261036485289e-06,-0.00888229209649024,0.00888229209649024,0.5,-4.4413544856067094e-05,2.8849022783096523e-05,64
public_task_span,29,25,-3.272099274909137e-05,-0.008876456177157382,0.008876456177157382,0.5,-0.0023733765192445995,0.002307934533746417,64
response_first,22,17,1.804075282055951e-06,0.008859935639234729,0.008859935639234729,0.5,-3.3659660857656085e-05,3.726781142176797e-05,64
public_task_span,31,31,-4.036952304886546e-06,-0.008848597477872366,0.008848597477872366,0.5,-0.0002864787902580856,0.0002784048856483125,64
response_mean,25,3,1.194221042055687e-07,0.008847221906495008,0.008847221906495008,0.5,8.709222356628743e-07,-6.320780272517368e-07,64
response_first,18,6,8.245939286943837e-08,0.008841983969090542,0.008841983969090542,0.5,2.9217632113720526e-06,-2.756844425633176e-06,64
final_prompt,21,14,-9.51728509337987e-07,-0.008827453921224023,0.008827453921224023,0.46875,-1.3225010036427614e-05,1.132155301775164e-05,64
response_first,10,1,4.4126213651852175e-06,0.008798799210425319,0.008798799210425319,0.5,0.00010766551258711271,-9.88402698567423e-05,64
public_task_span,9,19,-7.776651855806449e-08,-0.008796259214805252,0.008796259214805252,0.5,-2.846680715151706e-06,2.691147678035577e-06,64
final_prompt,22,13,6.513289463344626e-07,0.008790929905055053,0.008790929905055053,0.53125,-1.0869206562340428e-05,1.2171864455009351e-05,64
response_first,19,19,-1.0864161765769918e-06,-0.00877918374626603,0.00877918374626603,0.484375,2.019615627090888e-05,-2.2368988624062863e-05,64
public_task_span,26,22,1.6002726681588476e-06,0.008764879934869609,0.008764879934869609,0.5,-1.5127304038732939e-05,1.832784937505063e-05,64
response_mean,14,22,-2.0026625406851264e-06,-0.008757935502760487,0.008757935502760487,0.5,5.114331634104645e-05,-5.514864142241671e-05,64
response_first,16,5,-2.8855687261950425e-07,-0.008744038102357602,0.008744038102357602,0.5,1.1815662364964825e-05,-1.2392776110203834e-05,64
final_prompt,12,5,2.5189601160596727e-07,0.008731102533125815,0.008731102533125815,0.515625,-2.2340822880526364e-06,2.7378743112645692e-06,64
final_prompt,18,5,2.484860885945883e-06,0.008724590298327593,0.008724590298327593,0.5,9.074127098073825e-05,-8.577154920884647e-05,64
response_first,17,15,-8.542086114001712e-07,-0.00872330065343616,0.00872330065343616,0.515625,-2.643086735786848e-05,2.4722450135068134e-05,64
public_task_span,22,15,1.3450011465466585e-05,0.00871458047526081,0.00871458047526081,0.5,-0.00028217741055413105,0.0003090774334850642,64
response_first,6,12,-2.921942541433472e-05,-0.008711874862114891,0.008711874862114891,0.5,-0.0013834767141815813,0.0013250378633529118,64
response_first,15,6,-1.3366674345149931e-07,-0.008702763067750953,0.008702763067750953,0.5,4.661247253068268e-06,-4.928580739971267e-06,64
public_task_span,35,18,5.929892722629629e-06,0.008689478453488747,0.008689478453488747,0.5,3.440422187850868e-05,-2.254443643324947e-05,64
response_mean,18,0,8.977722529829528e-07,0.008688046887205895,0.008688046887205895,0.5,-5.032374872370535e-06,6.827919378336442e-06,64
final_prompt,16,16,8.786320222470158e-07,0.008687454759940821,0.008687454759940821,0.5,3.0175373922236742e-05,-2.841810987774271e-05,64
response_first,16,4,7.881757966298154e-07,0.008679626526667724,0.008679626526667724,0.5,2.7813268786754545e-05,-2.623691719349491e-05,64
final_prompt,9,23,1.6458550788911452e-07,0.008672355410999139,0.008672355410999139,0.5,9.158273186926635e-06,-8.829102171148406e-06,64
response_mean,13,27,-6.606744136657605e-06,-0.008670918550595836,0.008670918550595836,0.484375,6.25282455075724e-05,-7.574173378088757e-05,64
response_first,2,18,3.875817128573555e-05,0.008667189714780893,0.008667189714780893,0.5,-0.0007214197794382837,0.0007989361220097546,64
response_first,32,19,-5.845076316278347e-07,-0.008662366477655814,0.008662366477655814,0.484375,-2.4431799374716713e-06,1.2741646742160019e-06,64
final_prompt,27,23,1.216906412082452e-06,0.008655997551181372,0.008655997551181372,0.5,1.1748517863453261e-05,-9.314705039288364e-06,64
response_first,31,22,1.1756398521356459e-07,0.008640099096117721,0.008640099096117721,0.515625,-4.272959273521337e-06,4.5080872439484665e-06,64
final_prompt,35,13,1.0512540029616164e-06,0.008639080546996534,0.008639080546996534,0.484375,2.8537589969342302e-05,-2.6435081963419064e-05,64
final_prompt,2,11,-1.647686576688659e-05,-0.008634914496926932,0.008634914496926932,0.5,-0.00045281827215147607,0.00041986454061770283,64
public_task_span,24,4,3.280021132919432e-06,0.008625563333234975,0.008625563333234975,0.5,-0.00011011158017026974,0.00011667162243610862,64
public_task_span,29,9,-5.0644295015410265e-06,-0.00862061911465031,0.00862061911465031,0.5,-0.0002574878412815305,0.0002473589822784484,64
response_first,25,7,2.563015186751727e-07,0.008618295531789635,0.008618295531789635,0.5,9.238157872459851e-06,-8.725554835109506e-06,64
response_mean,29,30,-9.040853043984487e-08,-0.00860730135920389,0.00860730135920389,0.5,9.788708226210474e-07,-1.1596878835007372e-06,64
final_prompt,22,7,6.151936133875808e-07,0.008605107131292656,0.008605107131292656,0.5,2.978533254349639e-05,-2.8554945316721228e-05,64
final_prompt,23,9,-4.408293534647785e-06,-0.008597199512081117,0.008597199512081117,0.5,0.00025652298972998956,-0.00026533957679928516,64
public_task_span,10,27,-5.99233260345148e-06,-0.008581542278655731,0.008581542278655731,0.484375,5.226036159910217e-05,-6.424502680600511e-05,64
final_prompt,19,4,1.8388716853220217e-05,0.008581525436498372,0.008581525436498372,0.5,-0.001163925458968129,0.0012007028926745696,64
final_prompt,16,22,6.01750389251248e-06,0.008576852015791262,0.008576852015791262,0.5,-2.1418043161246896e-05,3.345305094627185e-05,64
response_mean,11,26,-9.227331474905478e-06,-0.00856982530096616,0.00856982530096616,0.5,-0.00013185663260628037,0.00011340196965646941,64
response_first,7,19,3.966199102472296e-07,0.008564181229391789,0.008564181229391789,0.5,-5.7416454808375555e-06,6.534885301332015e-06,64
final_prompt,9,24,-4.509213624714903e-08,-0.00855779040284837,0.00855779040284837,0.5,-8.027137567978571e-07,7.12529484303559e-07,64
response_first,15,31,-2.6054998691793415e-07,-0.008538485465024647,0.008538485465024647,0.5,-3.446979864207375e-06,2.9258798903715064e-06,64
public_task_span,22,0,-5.1930951485715466e-06,-0.008537900033938383,0.008537900033938383,0.5,4.6011469294168376e-05,-5.63976595913115e-05,64
public_task_span,32,27,-5.097806024424636e-06,-0.008529497266204703,0.008529497266204703,0.5,9.331233923148309e-05,-0.00010350795128033239,64
final_prompt,9,21,6.334855129363739e-07,0.008529265115753809,0.008529265115753809,0.5,3.245218965730393e-05,-3.1185218631431177e-05,64
public_task_span,28,11,-6.932148835404444e-06,-0.008524535399045196,0.008524535399045196,0.5,-0.0002834203605743712,0.0002695560629035623,64
response_mean,14,14,1.036962430589662e-05,0.008521443667206748,0.008521443667206748,0.5,8.66250611579846e-05,-6.588581254619142e-05,64
final_prompt,10,26,2.5256748870106094e-07,0.00851956803373242,0.00851956803373242,0.5,6.267423060535293e-06,-5.762288083133171e-06,64
response_first,3,3,2.5522573196210376e-05,0.008513432958345118,0.008513432958345118,0.5,-0.00043114922118546564,0.00048219436757788645,64
public_task_span,2,10,-5.792285810457507e-05,-0.008500078349708381,0.008500078349708381,0.5,-0.0009066638522199281,0.0007908181360107784,64
response_first,9,23,2.2193527570377002e-05,0.00849612139655855,0.00849612139655855,0.5,-0.00018150408186556703,0.0002258911370063211,64
public_task_span,21,6,4.808518497160978e-06,0.00849535631388367,0.00849535631388367,0.5,0.00015059848146846508,-0.00014098144447414313,64
response_mean,14,13,-8.10284655017627e-06,-0.008475451841799788,0.008475451841799788,0.484375,-0.00022056408488424698,0.00020435839178389444,64
public_task_span,30,18,-4.035687425130018e-06,-0.008447747744244614,0.008447747744244614,0.515625,-0.00021720118775190488,0.00020912981290164485,64
final_prompt,29,27,2.3661166778764074e-05,0.008445291852147015,0.008445291852147015,0.515625,-0.0012145491618866687,0.0012618714954441969,64
public_task_span,25,3,-4.1985890675244817e-07,-0.00843507879845118,0.00843507879845118,0.5,2.6304860503472484e-09,-8.423482995552415e-07,64
response_first,16,17,6.32741304683801e-07,0.008425910039599981,0.008425910039599981,0.5,3.5714931073012516e-05,-3.444944846364492e-05,64
final_prompt,11,12,3.9475416997449406e-06,0.008425438164119916,0.008425438164119916,0.515625,9.573752322456964e-06,-1.678668922967073e-06,64
final_prompt,33,8,1.565656134517601e-06,0.008424938238161143,0.008424938238161143,0.5,-4.327002397984614e-05,4.640133624888135e-05,64
response_first,13,17,-8.602958246225929e-06,-0.00841108357659729,0.00841108357659729,0.5,0.0002464157569192926,-0.0002636216734117444,64
public_task_span,9,20,-2.476857844160976e-06,-0.00840935487991597,0.00840935487991597,0.5,-5.6528777349736946e-05,5.157506166141498e-05,64
response_first,31,24,-9.191263643487122e-07,-0.008407925269111011,0.008407925269111011,0.5,-3.013058642408255e-05,2.829233369538513e-05,64
final_prompt,13,20,-6.880024550071084e-08,-0.008390267967425986,0.008390267967425986,0.5,-6.349727250665183e-07,4.973722340650966e-07,64
response_first,2,2,9.196737210004732e-05,0.008389871173585061,0.008389871173585061,0.5,-0.0017420768454030542,0.0019260115896031491,64
response_first,30,20,-1.891321630869625e-06,-0.00837698272603669,0.00837698272603669,0.5,-1.2371655429895227e-05,8.589012168155984e-06,64
response_mean,6,0,-2.118306292686089e-05,-0.008376481223741402,0.008376481223741402,0.5,-0.0004123452745261595,0.0003699791486724375,64
public_task_span,31,5,-9.64308901529839e-06,-0.008375792671122378,0.008375792671122378,0.484375,-0.00019734399029403183,0.0001780578122634351,64
response_mean,13,28,-7.137850161598463e-06,-0.008375650889978976,0.008375650889978976,0.5,-0.00027728734960418314,0.00026301164928098624,64
response_first,34,8,-9.666944151820292e-07,-0.008372961996216358,0.008372961996216358,0.5,1.0977936426604827e-06,-3.0311824730245497e-06,64
response_first,29,23,-8.610559376620586e-08,-0.008372121922318489,0.008372121922318489,0.5,-1.7428047485168463e-06,1.5705935609844346e-06,64
response_mean,27,2,-4.416791199446374e-08,-0.008370917997227454,0.008370917997227454,0.5,2.1491796928785334e-06,-2.237515516867461e-06,64
response_first,22,9,1.8367857137475812e-06,0.008361179279185841,0.008361179279185841,0.515625,2.0737005229417737e-05,-1.7063433801922578e-05,64
public_task_span,23,14,6.35091669210142e-06,0.008352339955939403,0.008352339955939403,0.515625,0.00020472903611334515,-0.00019202720272914228,64
response_mean,32,30,-2.2691690446624994e-06,-0.008350053267260642,0.008350053267260642,0.5,1.8290778371012497e-05,-2.282911646033749e-05,64
post_selector,14,6,-3.56413456756894e-05,-0.008343688762368281,0.008343688762368281,0.5625,-0.0002548118645791031,0.00018352917322772447,64
response_mean,32,25,-1.9275788645262374e-06,-0.008339455806855738,0.008339455806855738,0.5,-2.547412577775749e-06,-1.3077451512767275e-06,64
response_first,17,25,-3.4561050039241607e-07,-0.00833492469600001,0.00833492469600001,0.5,-9.358755351510158e-06,8.667534350725326e-06,64
response_first,11,11,-1.6991727704860502e-06,-0.008334582119832215,0.008334582119832215,0.484375,-9.005765940626991e-05,8.66593138652978e-05,64
post_selector,5,19,-6.998579465289671e-05,-0.008312067348921322,0.008312067348921322,0.5,-0.0012797502640751156,0.001139778674769322,64
public_task_span,9,6,-1.4361967259901576e-07,-0.00831182097380489,0.00831182097380489,0.5,-3.9406476162184845e-06,3.653408271020453e-06,64
response_first,32,9,1.6116864571793195e-06,0.008309152542065395,0.008309152542065395,0.515625,-0.00011915352160938732,0.00012237689452374595,64
response_mean,35,4,2.7256851353740785e-07,0.008307015113159809,0.008307015113159809,0.5,-7.926193120511016e-06,8.471330147585832e-06,64
response_first,14,26,-5.673196081776034e-07,-0.008303784448341116,0.008303784448341116,0.5,1.7032066800482598e-05,-1.8166706016837805e-05,64
response_mean,16,17,8.109456530286827e-06,0.008301387909835756,0.008301387909835756,0.5,0.0003889173904099028,-0.0003726984773493292,64
final_prompt,26,12,1.225729647557166e-06,0.008291682556538397,0.008291682556538397,0.515625,-6.729107076351793e-05,6.974253005863226e-05,64
response_mean,30,30,2.0728208482978516e-07,0.008286284251232194,0.008286284251232194,0.484375,2.0628155539270665e-06,-1.6482513842674962e-06,64
response_first,7,22,-6.504499197029522e-06,-0.00828055275539509,0.00828055275539509,0.515625,5.884249731026143e-05,-7.185149570432047e-05,64
response_mean,23,9,2.3412718292093718e-05,0.008275148434174618,0.008275148434174618,0.515625,-6.791578925913208e-05,0.00011474122584331939,64
response_mean,16,1,-4.236061045052465e-06,-0.008271646677166473,0.008271646677166473,0.5,0.00021282790407891933,-0.00022130002616902426,64
final_prompt,8,17,1.4000525538865628e-06,0.008270651093758448,0.008270651093758448,0.5,3.1467848430100185e-05,-2.8667743322327066e-05,64
response_first,35,31,6.52804737910669e-06,0.0082665398353431,0.0082665398353431,0.5,-0.00011409959188313004,0.0001271556866413434,64
post_selector,7,17,-3.5247694540910553e-06,-0.008262870464203449,0.008262870464203449,0.46875,1.844890357460805e-05,-2.5498442482790146e-05,64
final_prompt,33,31,-8.776930030775576e-06,-0.008260043664523908,0.008260043664523908,0.515625,-0.00038766323837081094,0.0003701093783092599,64
response_mean,25,18,-4.096666117437671e-07,-0.008256585566012165,0.008256585566012165,0.5,-6.846603923797383e-07,-1.3467283110779593e-07,64
public_task_span,18,22,1.1695638022502299e-05,0.008251222605652676,0.008251222605652676,0.5,4.229972910251875e-05,-1.890845305751421e-05,64
final_prompt,7,0,1.71201111243082e-06,0.008248974887837402,0.008248974887837402,0.5,-1.3541985026681313e-05,1.696600725154296e-05,64
response_mean,30,0,3.7923998661414736e-06,0.008245547918296544,0.008245547918296544,0.5,0.00013223166615714986,-0.0001246468664248669,64
public_task_span,30,4,-3.7560187138246075e-07,-0.008207626647723974,0.008207626647723974,0.484375,-1.0987643008750507e-06,3.475605581101305e-07,64
public_task_span,15,29,-1.5710421394034654e-05,-0.008205997321597191,0.008205997321597191,0.5,-0.0002566954526628319,0.0002252746098747625,64
public_task_span,10,26,2.7787536964768755e-06,0.008204377196692656,0.008204377196692656,0.515625,8.513738248438407e-05,-7.957987509143031e-05,64
post_selector,2,4,-2.3977976525198572e-05,-0.008199692311101552,0.008199692311101552,0.5,-0.00023643235181224412,0.00018847639876184687,64
response_first,11,17,2.19636353904201e-06,0.008197549282061423,0.008197549282061423,0.46875,2.7577669243327677e-05,-2.3184942165243657e-05,64
public_task_span,13,3,-9.80934964900744e-06,-0.008195995185761914,0.008195995185761914,0.484375,-0.00025608211035432445,0.00023646341105630956,64
public_task_span,6,21,-2.9217495466579712e-05,-0.008192762672472499,0.008192762672472499,0.5,-0.0006115307041909407,0.0005530957132577812,64
response_mean,14,17,1.2354317732387544e-05,0.008183781897188502,0.008183781897188502,0.5,-0.00015863464795984374,0.00018334328342461877,64
response_mean,17,22,3.7747413443898512e-06,0.008183670498607425,0.008183670498607425,0.5,5.7972006288755256e-05,-5.042252359997556e-05,64
response_first,17,17,8.320993813969305e-07,0.008183026367393922,0.008183026367393922,0.5,-3.0087690518596087e-05,3.175188928138994e-05,64
response_first,25,16,-1.8313202332365108e-07,-0.008174514578316375,0.008174514578316375,0.5,1.7781769656721735e-07,-5.440817432145195e-07,64
response_first,15,17,-7.048323867336559e-07,-0.008174499578154049,0.008174499578154049,0.5,-1.4567087444737653e-05,1.3157422671270343e-05,64
final_prompt,22,1,4.531396768926947e-07,0.008171324758191403,0.008171324758191403,0.5,2.085686378449918e-05,-1.995058443071379e-05,64
response_first,22,22,2.3180501216266474e-06,0.008161563463995686,0.008161563463995686,0.5,-0.0001352587960923145,0.00013989489633556778,64
response_first,8,4,-4.934491016683588e-06,-0.008161320592215322,0.008161320592215322,0.515625,3.4371037259013786e-05,-4.4240019292380976e-05,64
public_task_span,13,9,1.2545131539817297e-05,0.008157244330138364,0.008157244330138364,0.5,-0.0004344777044025068,0.0004595679674821413,64
response_first,28,6,8.738420547184367e-07,0.008131206359567862,0.008131206359567862,0.5,4.871417831962789e-05,-4.696649421019102e-05,64
response_first,14,15,-2.7034711820270546e-06,-0.008130757922851891,0.008130757922851891,0.5,6.431123892980799e-05,-6.971818129386206e-05,64
public_task_span,26,15,4.985985697202436e-06,0.008127751961844,0.008127751961844,0.5,-0.00012850658322348943,0.00013847855461789427,64
response_first,7,31,-3.0606558993922004e-06,-0.008118290902573867,0.008118290902573867,0.5,-4.982553400622691e-05,4.370422220744252e-05,64
public_task_span,27,21,-8.195330792667718e-06,-0.008116074069751558,0.008116074069751558,0.5,-0.00019115258146484642,0.00017476191987951103,64
final_prompt,22,15,-5.710622644983168e-06,-0.008114799125502524,0.008114799125502524,0.515625,-3.175582969559906e-05,2.0334584405632704e-05,64
response_first,18,31,2.9894893032152562e-06,0.008114208011114779,0.008114208011114779,0.5,3.9627380829187486e-05,-3.364840222275702e-05,64
final_prompt,14,19,1.292805450247435e-06,0.008106877353880602,0.008106877353880602,0.5,-3.2673639225276224e-06,5.852974823022489e-06,64
final_prompt,11,29,-5.048690923104682e-07,-0.008084124532181053,0.008084124532181053,0.5,-3.6342448765930607e-06,2.624506691972126e-06,64
response_first,14,10,-3.37237293024139e-06,-0.008081595204680573,0.008081595204680573,0.484375,5.609208619716767e-05,-6.283683205765046e-05,64
response_mean,33,22,1.7763281903159367e-06,0.008069200546355196,0.008069200546355196,0.515625,-0.00015260620557453147,0.00015615886195516335,64
public_task_span,22,23,2.831054572991179e-07,0.008068399125232124,0.008068399125232124,0.515625,-1.0600931929614064e-05,1.1167142844212299e-05,64
response_first,30,19,-9.061961350193318e-07,-0.008066925158400648,0.008066925158400648,0.5,-1.2171243724877109e-05,1.0358851454838447e-05,64
response_first,8,15,1.405945681656174e-06,0.008053570415031483,0.008053570415031483,0.5,2.8604577437360117e-05,-2.5792686074047772e-05,64
response_mean,29,23,-1.3808015353333758e-07,-0.00804994046232914,0.00804994046232914,0.5,-5.419742265644345e-06,5.14358195857767e-06,64
final_prompt,34,18,-4.76192667519639e-07,-0.008038311325147771,0.008038311325147771,0.5,3.2784277436801834e-05,-3.373666277184111e-05,64
response_mean,33,21,-4.77022467749213e-06,-0.008038206838967603,0.008038206838967603,0.515625,-0.00045436510663418616,0.0004448246572792019,64
final_prompt,12,14,4.3291888403070615e-06,0.008026612882976916,0.008026612882976916,0.5,0.00016260598061989303,-0.00015394760293927892,64
response_first,16,14,-1.4552263110033224e-06,-0.008026144067938917,0.008026144067938917,0.484375,-3.6832670957653765e-05,3.392221833564712e-05,64
final_prompt,20,30,-3.946721562897271e-06,-0.008023814939755167,0.008023814939755167,0.5,-3.8987858488328004e-05,3.109441536253344e-05,64
final_prompt,1,16,1.267858465324587e-06,0.008017884748699314,0.008017884748699314,0.5,-5.617543490642632e-05,5.871115183707548e-05,64
final_prompt,30,20,6.997661330385939e-06,0.008016711410377995,0.008016711410377995,0.5,6.613702498724375e-05,-5.21417023264719e-05,64
final_prompt,8,8,-1.260464586039235e-07,-0.008016015528717543,0.008016015528717543,0.5,7.706379477667724e-06,-7.958472394875571e-06,64
response_mean,32,24,-5.082401486337467e-07,-0.008012526364326982,0.008012526364326982,0.5,-2.9324631896087817e-06,1.9159828923412875e-06,64
response_mean,9,25,-3.6782108509212725e-05,-0.008006889909107839,0.008006889909107839,0.5,-0.0007445929077221031,0.0006710286907036776,64
public_task_span,22,25,-9.244447198846295e-07,-0.00799314564245253,0.00799314564245253,0.484375,1.1845635697229044e-05,-1.3694525136998305e-05,64
public_task_span,1,28,2.793825876779013e-05,0.007984149395731792,0.007984149395731792,0.5,-0.0014927073921171465,0.0015485839096527267,64
final_prompt,31,7,8.529721526429559e-06,0.007975096627194587,0.007975096627194587,0.53125,-6.760308315278149e-05,8.466252620564066e-05,64
public_task_span,7,21,-1.8413138604955375e-06,-0.007971268330221454,0.007971268330221454,0.5,-3.178100541845433e-05,2.8098377697463252e-05,64
final_prompt,27,21,6.103159194021869e-06,0.007969326801298712,0.007969326801298712,0.5,7.844499941711249e-05,-6.623868102906879e-05,64
response_mean,12,25,4.294080213184453e-06,0.00795575809874321,0.00795575809874321,0.5,4.527657384301005e-05,-3.6688413416641136e-05,64
public_task_span,20,23,-2.6564466679733837e-06,-0.007948851590835838,0.007948851590835838,0.5,-9.332520733096635e-05,8.80123139950196e-05,64
response_mean,10,8,1.6272388734307418e-06,0.007944787669139697,0.007944787669139697,0.5,-2.689638449735392e-06,5.944116196596874e-06,64
final_prompt,14,29,1.158691702582514e-06,0.00793641728858729,0.00793641728858729,0.515625,4.618374578056999e-05,-4.386636237540497e-05,64
response_mean,28,30,4.2151455659222847e-07,0.007935999180784841,0.007935999180784841,0.5,-8.541806550965703e-07,1.6972097682810272e-06,64
final_prompt,10,28,-2.4404480427613225e-06,-0.007925535474872545,0.007925535474872545,0.5,9.594665607436288e-05,-0.00010082755215988554,64
final_prompt,28,23,-9.58378950599844e-06,-0.007922659158129664,0.007922659158129664,0.5,-0.00024388608562731567,0.00022471850661531881,64
final_prompt,9,4,2.242387466818243e-07,0.007921894398133983,0.007921894398133983,0.5,-8.443159316582315e-06,8.891636809945964e-06,64
final_prompt,2,7,-6.032830633272646e-06,-0.007920379239066095,0.007920379239066095,0.5,-0.00018564693270660268,0.00017358127144005735,64
public_task_span,26,8,5.289093110154945e-07,0.007919794758092258,0.007919794758092258,0.5,2.112749712067689e-06,-1.0549310900366992e-06,64
response_mean,9,4,7.49547382383342e-07,0.007915847140982816,0.007915847140982816,0.5,-1.3786785302722574e-05,1.5285880067489255e-05,64
response_mean,12,26,5.139235099699636e-06,0.007915596250511903,0.007915596250511903,0.5,-0.00027714788484443193,0.00028742635504383116,64
public_task_span,3,1,4.123995313421716e-05,0.007910109537618757,0.007910109537618757,0.5,-0.00032909966830629053,0.00041157957457472517,64
final_prompt,15,8,1.0625776099026442e-06,0.007901844991641245,0.007901844991641245,0.5,-1.2198303465982961e-05,1.4323458685788243e-05,64
response_mean,15,24,2.554371762997119e-07,0.007901312249562616,0.007901312249562616,0.515625,-2.831209109821449e-06,3.342083462420873e-06,64
final_prompt,1,0,-4.682205326389508e-05,-0.007890659243242441,0.007890659243242441,0.5,-0.0013515409245883434,0.0012578968180605534,64
response_first,9,24,1.1920958513662014e-06,0.007885669089801612,0.007885669089801612,0.5,1.5674460655645796e-05,-1.3290268952913385e-05,64
response_mean,9,15,1.1346199244151447e-05,0.007882766703303812,0.007882766703303812,0.515625,0.00026812684154719113,-0.0002454344430588883,64
public_task_span,26,9,-6.029428618598347e-07,-0.007875025316489604,0.007875025316489604,0.5,2.118024099211754e-06,-3.323909822931421e-06,64
response_mean,15,8,1.8283595636602284e-05,0.007874296574862891,0.007874296574862891,0.5,0.00016598649017395245,-0.00012941929890074782,64
response_first,22,19,-3.3282047695769247e-07,-0.00787097468093349,0.00787097468093349,0.5,2.227118040891854e-09,-6.678680719562764e-07,64
response_mean,9,16,1.0986493407470852e-05,0.007867531300144528,0.007867531300144528,0.515625,-0.00010890848488997684,0.00013088147170491857,64
public_task_span,31,16,-7.956317915613909e-08,-0.007867329553128922,0.007867329553128922,0.484375,4.1599874123221525e-06,-4.319113770634431e-06,64
response_first,4,4,9.760949524207068e-05,0.007866604260021566,0.007866604260021566,0.5,0.002176714247980272,-0.001981495257496131,64
public_task_span,24,7,-3.183597812028626e-07,-0.007862255937684972,0.007862255937684972,0.5,-1.9906506309985546e-06,1.3539310685928285e-06,64
final_prompt,15,18,8.5848904873842e-08,0.007859070030933757,0.007859070030933757,0.5,-1.2442545767044066e-06,1.4159523864520906e-06,64
response_first,10,30,4.895941643207082e-07,0.007851894313812488,0.007851894313812488,0.5,-9.036498553884524e-06,1.001568688252594e-05,64
response_first,19,22,2.1309821249807307e-06,0.007841448406274522,0.007841448406274522,0.5,-6.643114636516192e-05,7.069311061512338e-05,64
public_task_span,8,29,-9.7223970385167e-07,-0.007839930858655243,0.007839930858655243,0.5,2.2162538385827418e-05,-2.4107017793530756e-05,64
response_first,5,16,-8.559205639356167e-06,-0.007824449746262932,0.007824449746262932,0.5,-0.00021815534660162158,0.00020103693532290927,64
final_prompt,12,2,-2.911712897457619e-07,-0.007794355881418123,0.007794355881418123,0.5,-4.416647527705209e-06,3.834304948213685e-06,64
final_prompt,18,18,1.029416547027166e-05,0.007790165927321397,0.007790165927321397,0.5,0.0003808121013832934,-0.00036022377044275,64
response_mean,10,15,6.236919944059284e-06,0.007785151125630948,0.007785151125630948,0.5,7.250088674480858e-05,-6.002704685669012e-05,64
response_first,4,22,3.0440969567283055e-05,0.007784259533795809,0.007784259533795809,0.5,-0.0008000153911780035,0.0008608973303125698,64
public_task_span,34,28,-8.695169753989386e-06,-0.007772430139766362,0.007772430139766362,0.5,-0.0005013147265344611,0.00048392438702648237,64
response_mean,10,17,6.0821680563086835e-06,0.007763238699185748,0.007763238699185748,0.5,0.00023747129398543808,-0.0002253069578728207,64
response_mean,9,14,3.4490079997339946e-05,0.00775817427164677,0.00775817427164677,0.5,0.001803978462703516,-0.0017349983027088363,64
post_selector,2,17,-3.7305711884984375e-05,-0.007746130282263185,0.007746130282263185,0.5625,-0.0007433924765791781,0.0006687810528092093,64
post_selector,3,30,-0.00010654001277999366,-0.007742981206571986,0.007742981206571986,0.5,-0.002565969899251283,0.0023528898736912955,64
public_task_span,17,26,-1.1460245104896972e-05,-0.00771928755362454,0.00771928755362454,0.5,-0.00019663435523397486,0.00017371386502418098,64
public_task_span,15,6,-5.049267599597546e-07,-0.007718226192577381,0.007718226192577381,0.46875,-8.304419679916196e-06,7.294566159996685e-06,64
final_prompt,2,26,-1.9172204702043753e-05,-0.007714804859710638,0.007714804859710638,0.5,-0.0005768059963884281,0.0005384615869843408,64
final_prompt,2,27,-3.756912576590878e-07,-0.0077068718622143656,0.0077068718622143656,0.5,-1.1031498502234654e-05,1.028011598691648e-05,64
response_mean,12,29,3.843004208191531e-06,0.0077044115960726335,0.0077044115960726335,0.5,-0.00012910106386242805,0.0001367870722788111,64
final_prompt,18,6,1.3290408844607224e-06,0.007700483072009068,0.007700483072009068,0.5,5.4391663468320886e-05,-5.173358169939943e-05,64
final_prompt,11,4,-6.294223808822613e-08,-0.007700305874773757,0.007700305874773757,0.515625,-1.0579312714753542e-06,9.320467952989019e-07,64
final_prompt,10,22,9.700260079622295e-07,0.0076946259090115675,0.0076946259090115675,0.5,-1.1925863645950784e-05,1.3865915661875243e-05,64
public_task_span,15,5,1.570090148558103e-06,0.007689722659971198,0.007689722659971198,0.5,-2.235414308415879e-05,2.549432338127499e-05,64
response_mean,16,7,1.625461209187546e-05,0.007689211918208528,0.007689211918208528,0.515625,0.00042838460649363225,-0.00039587538230988125,64
final_prompt,33,22,5.541833161263959e-06,0.007681874743029511,0.007681874743029511,0.5,-0.0002062000203295509,0.0002172836866520788,64
response_mean,9,18,1.063857558847089e-05,0.007679020926835646,0.007679020926835646,0.5,-0.0003530146721004674,0.0003742918232774091,64
public_task_span,10,2,-7.512794582000918e-07,-0.0076766184315148825,0.0076766184315148825,0.515625,-8.241731848175213e-07,-6.783857315826631e-07,64
final_prompt,3,14,-8.578948295223654e-05,-0.00767435615356114,0.00767435615356114,0.5,-0.0018067216366972495,0.0016351426707927766,64
response_first,33,24,1.5243658708673798e-06,0.007669135481828185,0.007669135481828185,0.5,4.375646267362475e-05,-4.0707730931889974e-05,64
final_prompt,4,17,-6.084760286765329e-07,-0.007667494370704389,0.007667494370704389,0.5,-2.2563773782735847e-05,2.134682172538278e-05,64
response_first,10,27,1.943419263740267e-06,0.007665946852181902,0.007665946852181902,0.5,3.1235607821142086e-05,-2.7348769293661566e-05,64
response_first,8,20,8.528176067553698e-07,0.007665585335925949,0.007665585335925949,0.5,1.2154355090387984e-05,-1.0448719876877248e-05,64
final_prompt,4,28,3.5087539913531075e-06,0.007662616899749539,0.007662616899749539,0.5,-7.397965066502231e-05,8.099715864772855e-05,64
public_task_span,34,16,-2.530065103210093e-06,-0.007656535823343318,0.007656535823343318,0.5,-0.00010952589946099305,0.00010446576925457284,64
final_prompt,1,22,6.059769646072274e-07,0.007655035939534007,0.007655035939534007,0.5,1.1921791667644199e-05,-1.0709837738429744e-05,64
response_first,35,29,-6.438785021594789e-06,-0.007653834385780216,0.007653834385780216,0.5,4.6615019527978864e-05,-5.949258957116846e-05,64
response_mean,34,20,8.54974359752226e-07,0.0076493406995430625,0.0076493406995430625,0.5,-7.801676588317157e-06,9.511625307821606e-06,64
public_task_span,5,14,3.1778434276929785e-05,0.007648025147579752,0.007648025147579752,0.5,-0.0005190150222915781,0.0005825718908454376,64
response_first,11,4,-3.170116826822486e-06,-0.007644586873426751,0.007644586873426751,0.5,0.00013906471338031592,-0.0001454049470339609,64
response_first,32,13,-3.0796611838316845e-07,-0.007636944362683934,0.007636944362683934,0.5,5.320229405469944e-06,-5.936161642236282e-06,64
final_prompt,17,14,1.4976890270176109e-06,0.007615675297695936,0.007615675297695936,0.5,1.0649769649264408e-05,-7.654391595229176e-06,64
final_prompt,10,5,2.878172153939816e-07,0.007614403860953903,0.007614403860953903,0.5,-2.6175578852870878e-05,2.6751213283658843e-05,64
response_first,32,24,-4.105808955045917e-07,-0.007614083284539654,0.007614083284539654,0.5,5.020411606446385e-07,-1.3232029516538219e-06,64
response_first,22,24,6.197247444113498e-07,0.0076099567642702315,0.0076099567642702315,0.5,1.3345274723518958e-05,-1.2105825234696259e-05,64
public_task_span,1,30,1.1945234291485459e-05,0.007593470838838871,0.007593470838838871,0.5,-0.0008827415731502524,0.0009066320417332234,64
final_prompt,5,31,7.345925610027662e-06,0.00759249816107008,0.00759249816107008,0.5,-0.00014302801912435576,0.00015771987034441108,64
response_mean,22,21,-3.789657512250868e-07,-0.007591549068897379,0.007591549068897379,0.5,-3.31447418488997e-05,3.238681034644952e-05,64
response_mean,30,23,-3.743921439543598e-07,-0.0075850139277620745,0.0075850139277620745,0.5,-1.843370966979458e-06,1.0945866790707392e-06,64
response_first,11,15,2.948845121863617e-05,0.0075742315417462475,0.0075742315417462475,0.5,0.0009568992682034013,-0.0008979223657661288,64
final_prompt,8,24,3.748224116861552e-05,0.007564393828602798,0.007564393828602798,0.5,0.000295571997412475,-0.0002206075150752438,64
final_prompt,18,9,5.657567044178035e-06,0.007563881813379283,0.007563881813379283,0.5,-0.00037361444401537897,0.00038492957810373513,64
response_first,15,30,-1.6172496941635472e-07,-0.007560464673978867,0.007560464673978867,0.5,-1.0164178334548524e-06,6.929678946221429e-07,64
public_task_span,18,11,8.676232027940206e-06,0.007556350002864291,0.007556350002864291,0.484375,0.00035640898795461884,-0.0003390565238987384,64
final_prompt,16,28,9.6097340929373e-07,0.007553026451640423,0.007553026451640423,0.5,5.945021564456254e-05,-5.752826882597508e-05,64
response_mean,22,27,-1.418431168076495e-07,-0.007540407141140477,0.007540407141140477,0.484375,4.753204194685168e-07,-7.590066530838158e-07,64
public_task_span,15,28,7.19830552497931e-07,0.00753855053417829,0.00753855053417829,0.5,9.168313113149489e-06,-7.728652008153629e-06,64
final_prompt,18,4,3.11462770241485e-07,0.007538287701356047,0.007538287701356047,0.5,1.439112341472537e-05,-1.3768197874242402e-05,64
response_first,8,0,1.4782073776589908e-05,0.007538063423608777,0.007538063423608777,0.484375,8.399617763644517e-05,-5.443203008326529e-05,64
public_task_span,20,26,6.681187187492895e-06,0.007535710164386461,0.007535710164386461,0.5,9.263721221940843e-05,-7.927483784442269e-05,64
public_task_span,15,4,2.2650011715063017e-06,0.007520596826170366,0.007520596826170366,0.5,-4.85389602999916e-05,5.306896264300418e-05,64
public_task_span,21,1,-2.045715632448264e-07,-0.007516346244610981,0.007516346244610981,0.5,-1.9527695371834852e-06,1.5436264106938324e-06,64
final_prompt,7,18,9.20329171090549e-07,0.007508614372395969,0.007508614372395969,0.546875,1.3385452916733914e-05,-1.1544794574552813e-05,64
response_mean,3,15,4.598131715739042e-05,0.007504619324139706,0.007504619324139706,0.5,-0.0006683276794774343,0.0007602903137922152,64
response_first,1,5,-2.4678863610425614e-06,-0.007502224409540871,0.007502224409540871,0.5,-8.524282748120986e-06,3.5885100260358432e-06,64
final_prompt,13,23,-1.3926513275919206e-07,-0.007500993983876924,0.007500993983876924,0.5,-3.9031360330454845e-06,3.6246057675271004e-06,64
public_task_span,16,9,-3.5813582144347214e-06,-0.007498423543878886,0.007498423543878886,0.5,3.710601959030382e-06,-1.0873318387899825e-05,64
public_task_span,17,24,1.3044730167166481e-05,0.0074883158281018065,0.0074883158281018065,0.5,5.6714199672562446e-05,-3.0624739338229565e-05,64
response_first,10,29,6.6694256020140535e-06,0.007485624789297816,0.007485624789297816,0.5,-0.00012426475018400418,0.00013760360138803229,64
response_first,33,8,5.087877639173459e-07,0.007471263991237721,0.007471263991237721,0.515625,-4.279132122064204e-05,4.380889674847673e-05,64
final_prompt,32,11,2.6803263608595395e-05,0.007469868721725559,0.007469868721725559,0.53125,0.0006152557180030218,-0.0005616491907858314,64
response_mean,15,6,8.328484113916204e-06,0.007467012382821532,0.007467012382821532,0.46875,0.0001282759071727933,-0.00011161893894496094,64
final_prompt,10,10,6.560521796909864e-07,0.007451871003891211,0.007451871003891211,0.515625,3.6960893794461985e-06,-2.383985020064226e-06,64
post_selector,27,26,7.730675861240351e-06,0.0074515127183572005,0.0074515127183572005,0.515625,-0.000345203356118854,0.0003606647078413347,64
public_task_span,23,3,6.13153360972341e-06,0.007440591674761347,0.007440591674761347,0.5,0.00019688671545736004,-0.0001846236482379132,64
public_task_span,9,7,-1.0191506589758818e-06,-0.00743604970003635,0.00743604970003635,0.484375,3.7836935007352984e-05,-3.987523632530475e-05,64
response_mean,10,24,2.070049254143273e-05,0.0074188238007077256,0.0074188238007077256,0.5,-0.00020068208345946475,0.0002420830685423302,64
final_prompt,12,27,1.157828705802283e-06,0.007418699119829638,0.007418699119829638,0.5,-5.575660793501037e-06,7.891318205105606e-06,64
response_mean,21,20,6.443211532317059e-06,0.007410832961334932,0.007410832961334932,0.5,-0.00019907680052708236,0.0002119632235917165,64
response_mean,15,17,9.439234688100729e-06,0.007410595930312832,0.007410595930312832,0.5,9.983582791050087e-05,-8.095735853429944e-05,64
response_mean,35,26,5.2447844609551035e-06,0.007399760623236429,0.007399760623236429,0.5,-0.0001646733298912212,0.00017516289881313135,64
response_first,7,18,2.567061414987168e-06,0.007393063052697616,0.007393063052697616,0.5,0.0001742601953082781,-0.00016912607247830376,64
public_task_span,22,26,4.490273113339774e-07,0.007389705652131182,0.007389705652131182,0.484375,1.7754019609125846e-05,-1.6855964986457895e-05,64
public_task_span,34,9,1.115423037845623e-05,0.007387953937173315,0.007387953937173315,0.5,-2.982293153762815e-05,5.213139229454062e-05,64
response_first,9,13,-2.3716022496958806e-05,-0.0073820685536573885,0.0073820685536573885,0.515625,0.0011662146289381694,-0.0012136466739320873,64
response_first,10,12,4.3538821046243e-06,0.007366905124025546,0.007366905124025546,0.5,9.601120837035566e-06,-8.933566277869733e-07,64
response_first,18,15,-4.6347455241735336e-08,-0.007366430071584168,0.007366430071584168,0.5,-9.840010326001014e-07,8.913061221166307e-07,64
response_mean,27,4,2.2635017558055767e-06,0.007361943388941149,0.007361943388941149,0.53125,-3.5218672110200456e-05,3.97456756218116e-05,64
response_first,10,9,1.9106101717624466e-05,0.007358945631635291,0.007358945631635291,0.5,-0.0007885930754127781,0.0008268052788480268,64
public_task_span,23,16,-1.4950946933787898e-06,-0.007356890391320112,0.007356890391320112,0.5,4.1469441612203036e-05,-4.4459630998960625e-05,64
public_task_span,6,27,-2.0679317458417758e-05,-0.007355664292064317,0.007355664292064317,0.5,-0.0003408380234759488,0.00029947938855911333,64
final_prompt,5,13,-4.361003220765443e-05,-0.007349668684373628,0.007349668684373628,0.5,-0.0010846410668818827,0.000997421002466574,64
public_task_span,20,25,-6.51381287752523e-06,-0.007348002472031313,0.007348002472031313,0.5,5.7027014008781075e-05,-7.005463976383153e-05,64
final_prompt,25,5,-1.3898986708150808e-06,-0.007344932830925563,0.007344932830925563,0.453125,6.00742714596275e-06,-8.787224487592912e-06,64
response_mean,32,4,-2.0522210206769496e-06,-0.007344176696291293,0.007344176696291293,0.5,-0.00010985927792715324,0.0001057548358857993,64
final_prompt,12,18,1.890656494651406e-05,0.007342494580362384,0.007342494580362384,0.5,0.0004022885968879406,-0.00036447546699491253,64
public_task_span,2,9,-4.8571109800834514e-05,-0.007324032253036079,0.007324032253036079,0.5,-0.002229565980087494,0.002132423760485825,64
public_task_span,13,1,2.3329876967182215e-05,0.007323926514739556,0.007323926514739556,0.5,-0.0012850055290982588,0.0013316652830326233,64
response_first,18,5,2.3860210873646423e-07,0.007319407153647816,0.007319407153647816,0.5,9.641867244167392e-06,-9.164663026694465e-06,64
public_task_span,30,2,3.260082394265597e-06,0.007315484232187212,0.007315484232187212,0.5,-0.0001482068264522072,0.00015472699124073836,64
final_prompt,34,1,-1.991272529267025e-05,-0.007314858160736736,0.007314858160736736,0.5,0.00015825749505892815,-0.00019808294564426865,64
final_prompt,2,24,-4.488650665733862e-05,-0.007313833039062601,0.007313833039062601,0.5,-0.000795984931755796,0.0007062119184411189,64
public_task_span,34,17,1.696822209848866e-06,0.007306192541390484,0.007306192541390484,0.5,-8.278723726101642e-06,1.1672368145799393e-05,64
post_selector,0,15,7.017764437478594e-05,0.0072944779742890875,0.0072944779742890875,0.5,-0.0036590819363482184,0.003799437225097791,64
response_first,32,21,-1.78905835923682e-07,-0.0072940187738591185,0.0072940187738591185,0.5,-2.9179496152664153e-06,2.5601379434190513e-06,64
response_mean,35,3,7.70686710890791e-07,0.007290700140527945,0.007290700140527945,0.484375,4.0360502680403365e-05,-3.8819129258621786e-05,64
public_task_span,31,25,7.303901838916465e-07,0.007288155295420201,0.007288155295420201,0.5,-2.6824228370958624e-05,2.828500873874191e-05,64
public_task_span,1,26,2.6734145649244495e-05,0.007279775403905432,0.007279775403905432,0.5,-0.00011501782864799134,0.0001684861199464805,64
public_task_span,12,20,7.61145747674448e-06,0.007273359103076781,0.007273359103076781,0.515625,-0.0003739299863809556,0.0003891529013344446,64
response_mean,7,7,-1.0832010985949513e-06,-0.007257478844039876,0.007257478844039876,0.5,-1.4320476580564362e-05,1.215407438337446e-05,64
final_prompt,15,10,7.749374333366335e-07,0.00725405529441117,0.00725405529441117,0.5,-3.7725266110849633e-07,1.92712752778176e-06,64
public_task_span,35,6,4.804740456164052e-06,0.007252167546388439,0.007252167546388439,0.5,1.4661309251096892e-05,-5.051828338768782e-06,64
final_prompt,30,27,-2.4652480533405392e-05,-0.00724654436825934,0.00724654436825934,0.5,-0.0011967433656536594,0.0011474384045868486,64
public_task_span,6,15,-1.709842490527258e-05,-0.007242543278545032,0.007242543278545032,0.5,-0.0007064680576149533,0.0006722712078044081,64
response_first,3,16,-7.212203490780753e-05,-0.007241462531644144,0.007241462531644144,0.5,-0.0003942221519537311,0.0002499780821381154,64
response_mean,30,3,-5.249991659180502e-07,-0.007237517388163311,0.007237517388163311,0.5,7.404294137814586e-07,-1.7904277456175599e-06,64
final_prompt,32,2,-7.550936970800074e-06,-0.007233847823556987,0.007233847823556987,0.515625,-0.0002492237463229702,0.00023412187238136997,64
response_first,30,5,6.958093337057818e-07,0.007230796158610416,0.007230796158610416,0.5,-1.558158231773752e-05,1.6973200985149085e-05,64
final_prompt,5,30,6.771738782164419e-06,0.007226570939106305,0.007226570939106305,0.5,-0.00012746963042786183,0.0001410131079921907,64
final_prompt,12,8,7.101426149355657e-07,0.0072239989593238935,0.0072239989593238935,0.5,1.6345870335499423e-05,-1.4925585105628292e-05,64
response_mean,11,18,-4.212371550243388e-06,-0.007223627797000784,0.007223627797000784,0.5,-0.00019026338850380303,0.00018183864540331627,64
response_first,30,28,1.2905865531820382e-07,0.007202236136841427,0.007202236136841427,0.5,-2.6442845069141185e-07,5.225457613278195e-07,64
public_task_span,35,23,-1.2436066754160943e-05,-0.007199196785677639,0.007199196785677639,0.5,-4.648615140467183e-05,2.1614017896350024e-05,64
response_first,14,14,2.4053993001910443e-06,0.0071964992880442415,0.0071964992880442415,0.5,-0.0001217451117554218,0.00012655591035580388,64
public_task_span,32,3,-1.8907794583360616e-05,-0.007189268680891469,0.007189268680891469,0.5,-0.0011392024844098906,0.0011013868952431695,64
response_first,9,11,-6.562472911768438e-07,-0.007182811845682199,0.007182811845682199,0.5,-4.65325570715369e-05,4.522006248918321e-05,64
public_task_span,31,10,2.2903805074738046e-06,0.007177504444305827,0.007177504444305827,0.5,-0.00010316243788109991,0.00010774319889604749,64
final_prompt,0,3,1.1470502613515623e-05,0.007176710837918329,0.007176710837918329,0.5,-4.7471045036221876e-05,7.041205026325314e-05,64
post_selector,4,13,-9.744031285662653e-05,-0.007173571956968269,0.007173571956968269,0.40625,-0.002328305803530376,0.002133425177817122,64
final_prompt,11,2,1.1289852409394663e-05,0.007158470569221453,0.007158470569221453,0.5,4.6606128307758035e-06,1.7919091988013536e-05,64
response_first,35,26,-1.4932295016478625e-05,-0.0071532641141641385,0.0071532641141641385,0.5,-0.0004404566643643131,0.00041059207433135573,64
response_mean,27,22,-4.830774855690834e-07,-0.007149264911315505,0.007149264911315505,0.5,1.6014821540011326e-06,-2.5676371251392993e-06,64
public_task_span,29,12,-1.244767162235739e-06,-0.00714767245216265,0.00714767245216265,0.5,-7.08023385982316e-05,6.831280427376013e-05,64
final_prompt,35,23,-1.084328414435753e-05,-0.007146980364073191,0.007146980364073191,0.5,-0.0007114154377631964,0.0006897288694744813,64
response_mean,15,27,-3.6791237789622113e-06,-0.007144354237790454,0.007144354237790454,0.5,0.0001249771926268207,-0.00013233544018474513,64
public_task_span,7,0,-2.8102620035484398e-06,-0.007140794917410283,0.007140794917410283,0.5,-5.3434966503103126e-05,4.7814442496006227e-05,64
public_task_span,17,14,-3.98098313780493e-06,-0.007118950827056194,0.007118950827056194,0.5,3.981811028097403e-05,-4.77800765565839e-05,64
response_first,15,4,1.5998849889342637e-07,0.007118066521557497,0.007118066521557497,0.5,-1.496789298727208e-06,1.8167662965140607e-06,64
response_first,3,13,-4.085234468221096e-05,-0.007107506443997204,0.007107506443997204,0.5,-0.0008382789019378907,0.000756574212573469,64
response_mean,15,7,1.553603192405759e-05,0.007098406539683934,0.007098406539683934,0.5,0.00019474313785394434,-0.00016367107400582916,64
response_mean,16,10,-4.321918822819407e-07,-0.007086124970560919,0.007086124970560919,0.5,-1.9268460391680807e-06,1.062462274604198e-06,64
final_prompt,6,15,-1.2018291585032831e-05,-0.007084810818711055,0.007084810818711055,0.5,-0.00037540800400391583,0.0003513714208338502,64
public_task_span,29,16,1.9752951629898414e-06,0.007060820969191933,0.007060820969191933,0.5,-0.0001041909822561084,0.00010814157258208809,64
post_selector,16,7,-5.6695986131660866e-05,-0.007048040711283545,0.007048040711283545,0.421875,0.001956832216819753,-0.0020702241890830746,64
public_task_span,33,22,9.8930358944942e-06,0.007047257491278663,0.007047257491278663,0.5,-0.0005557671429414675,0.0005755532147304559,64
public_task_span,23,9,1.1389733117547066e-05,0.0070418064984346185,0.0070418064984346185,0.5,0.0007635053116245968,-0.0007407258453895028,64
response_mean,34,15,3.973984348701163e-06,0.007039050036615974,0.007039050036615974,0.5,1.8188980902775003e-05,-1.0241012205372664e-05,64
response_mean,21,14,-3.7305594560144603e-06,-0.0070189642782751945,0.0070189642782751945,0.5,-9.704111926112175e-05,8.958000034909284e-05,64
response_first,3,17,-7.752929604979274e-06,-0.007009549369628633,0.007009549369628633,0.5,-0.00019093030107342088,0.00017542444186346233,64
response_first,1,31,-9.324491543373503e-07,-0.007008054034888866,0.007008054034888866,0.5,-6.33073256039961e-05,6.14424272953214e-05,64
final_prompt,13,0,-4.945900400343884e-07,-0.007007566104915863,0.007007566104915863,0.5,-6.797512895669374e-06,5.808332815600599e-06,64
public_task_span,34,10,-5.529218015003126e-06,-0.0070038561489296014,0.0070038561489296014,0.5,-6.921920703462501e-05,5.8160771004618736e-05,64
public_task_span,29,11,-3.012135579179774e-06,-0.006986700726496899,0.006986700726496899,0.5,-0.00019664548983653452,0.000190621218678175,64
final_prompt,5,3,4.683954853135116e-05,0.0069850918605835486,0.0069850918605835486,0.5,-0.000921378950806691,0.0010150580478693935,64
response_first,16,0,8.916534710592793e-07,0.006979396522983543,0.006979396522983543,0.5,7.650271952995593e-05,-7.471941258783738e-05,64
response_mean,10,16,4.259583420212343e-06,0.006977534950420408,0.006977534950420408,0.5,-0.00013000356557311515,0.00013852273241353984,64
response_first,33,7,3.7571567190754253e-06,0.006957906414066008,0.006957906414066008,0.5,-4.227687441016293e-05,4.979118784831378e-05,64
final_prompt,16,24,5.163036803426068e-06,0.006954559908068003,0.006954559908068003,0.5,0.00024072393898676408,-0.000230397865379912,64
response_first,34,9,5.36034121978058e-07,0.006947710470210361,0.006947710470210361,0.5,-3.081256409128235e-06,4.153324653084353e-06,64
response_mean,30,1,8.716272077427983e-07,0.006946088559243924,0.006946088559243924,0.5,8.231516517295792e-06,-6.4882621018102e-06,64
response_mean,7,17,-3.7955510379107797e-07,-0.006931077984943915,0.006931077984943915,0.5,-3.4753461477505756e-06,2.7162359401684197e-06,64
response_first,32,16,8.905140020920741e-07,0.006927553871613504,0.006927553871613504,0.5,1.9224469951936626e-05,-1.7443441947752478e-05,64
response_first,6,29,2.1761302377853114e-05,0.006924029285779858,0.006924029285779858,0.5,-0.001012309976431403,0.0010558325811871093,64
response_first,12,18,-3.917253707186568e-05,-0.00691531568283506,0.00691531568283506,0.5,-0.00021561059111264698,0.00013726551696891561,64
response_first,29,4,2.9185757739469036e-06,0.006908030568347647,0.006908030568347647,0.5,-0.00031582129122394517,0.00032165844277183894,64
public_task_span,14,30,-5.20861505036751e-07,-0.0068956653665156195,0.0068956653665156195,0.5,3.953371845003914e-06,-4.995094855077415e-06,64
public_task_span,8,16,4.619462004036049e-07,0.006890862468940873,0.006890862468940873,0.515625,3.513000450540679e-06,-2.589108049733469e-06,64
public_task_span,3,3,1.5171654013102973e-05,0.006885422934928015,0.006885422934928015,0.5,-0.00031523642064713105,0.0003455797286733371,64
public_task_span,1,19,1.5174734471659335e-05,0.006881496653716656,0.006881496653716656,0.5,-0.0006487989376182518,0.0006791484065615704,64
response_first,3,23,-5.4887029364179645e-05,-0.006873764221121574,0.006873764221121574,0.5,-0.001229576768309933,0.0011198027095815737,64
public_task_span,26,29,3.4809540920862645e-06,0.006863109719432473,0.006863109719432473,0.484375,8.97952568266213e-05,-8.283334864244877e-05,64
final_prompt,2,28,4.469151991770662e-05,0.006860395101982245,0.006860395101982245,0.515625,-0.0009643927055549161,0.0010537757453903296,64
final_prompt,11,30,-2.6788910645419144e-07,-0.006858920254873471,0.006858920254873471,0.5,-5.254128950582223e-06,4.718350737673839e-06,64
response_mean,6,19,-3.081441172981129e-05,-0.006853216363667368,0.006853216363667368,0.515625,-0.0016706112946849223,0.0016089824712253,64
final_prompt,15,13,1.032984982885661e-06,0.006852625854444403,0.006852625854444403,0.5,3.530519245486971e-05,-3.32392224890984e-05,64
response_first,8,5,6.382273625125786e-07,0.006850194956438051,0.006850194956438051,0.484375,2.2066060211038075e-05,-2.0789605486012925e-05,64
final_prompt,9,16,-2.2794097276346292e-07,-0.006846278720374573,0.006846278720374573,0.5,5.556093327641065e-06,-6.011975273167991e-06,64
final_prompt,7,13,7.826404839759017e-07,0.0068428220644880244,0.0068428220644880244,0.5,-3.0509090720205547e-07,1.8703718751538572e-06,64
response_first,27,27,-1.054775623289613e-06,-0.006842124998748753,0.006842124998748753,0.5,-3.1304199069377475e-05,2.9194647822798252e-05,64
response_first,17,18,-7.099638992271861e-07,-0.00683655493510905,0.00683655493510905,0.5,4.432308662671046e-05,-4.574301442516483e-05,64
public_task_span,27,18,-8.754589771341577e-06,-0.006830925552132752,0.006830925552132752,0.5,-0.000474119737191342,0.0004566105576486589,64
response_mean,24,22,2.9163340968760433e-06,0.006828152939878654,0.006828152939878654,0.5,-0.00010754468326013858,0.00011337735145389066,64
final_prompt,15,25,2.149327116285349e-07,0.00681748351682625,0.00681748351682625,0.5,-1.630828705856402e-06,2.0606941291134717e-06,64
public_task_span,9,0,2.3028201212558487e-06,0.006803788881373695,0.006803788881373695,0.5,7.70009787629452e-05,-7.239533852043349e-05,64
response_first,35,24,1.3169233170610243e-06,0.006798154457090105,0.006798154457090105,0.515625,5.437250888461047e-05,-5.1738662250488414e-05,64
public_task_span,32,24,-4.922483185514645e-07,-0.006795848658152166,0.006795848658152166,0.5,1.1535450539664088e-05,-1.2519947176767011e-05,64
final_prompt,14,17,4.649762104239066e-06,0.006782132935962392,0.006782132935962392,0.5,3.0317896744187493e-06,6.267734534059363e-06,64
post_selector,30,21,-1.1354151865817116e-05,-0.006781025246379142,0.006781025246379142,0.515625,-0.0005971803275315155,0.0005744720237998813,64
public_task_span,27,3,5.738029358314226e-07,0.006780147801115233,0.006780147801115233,0.5,-1.4224777260089454e-05,1.5372383131752298e-05,64
final_prompt,7,6,1.746338647024004e-07,0.006773690956966937,0.006773690956966937,0.5,-5.866587748926122e-06,6.215855478330923e-06,64
public_task_span,25,8,5.963406920270324e-06,0.006764682104337488,0.006764682104337488,0.5,-0.00018600354587759444,0.0001979303597181351,64
public_task_span,16,13,-2.2048250230020247e-06,-0.006755322296814536,0.006755322296814536,0.5,0.00016734637483747857,-0.0001717560248834826,64
response_mean,20,0,-6.3102886542766e-06,-0.006753996673340039,0.006753996673340039,0.484375,0.0004961036981967217,-0.000508724275505275,64
final_prompt,8,7,3.0032301765515587e-06,0.006747625840449942,0.006747625840449942,0.5,5.3410436521512505e-05,-4.740397616840937e-05,64
public_task_span,27,4,-1.8566103108165945e-06,-0.006744203045353378,0.006744203045353378,0.5,-3.4531834899093774e-05,3.081861427746059e-05,64
response_first,18,1,-3.0844475418142325e-07,-0.006739629181144305,0.006739629181144305,0.5,2.7800328979310215e-05,-2.8417218487673065e-05,64
final_prompt,4,29,2.4882425577711204e-06,0.006733681286034888,0.006733681286034888,0.515625,-0.0001088761180199061,0.00011385260313544836,64
final_prompt,6,0,-2.152537092571614e-06,-0.0067303478888778735,0.0067303478888778735,0.5,-7.124302055671491e-05,6.693794637157168e-05,64
public_task_span,1,2,1.3219726497474995e-05,0.006722309705002352,0.006722309705002352,0.5,-0.00020341131130407808,0.00022985076429902815,64
public_task_span,30,21,4.1108482946562055e-06,0.0067054409413948605,0.0067054409413948605,0.515625,-0.0001441595013602479,0.0001523811979495603,64
response_mean,14,10,1.1072029337810195e-05,0.006700871945866874,0.006700871945866874,0.5,-0.00039690624817009996,0.00041905030684572035,64
response_first,18,26,1.3219573276021508e-06,0.006691560973373391,0.006691560973373391,0.5,-1.963308582731619e-05,2.2277000482520504e-05,64
response_first,20,24,-4.094814265442892e-08,-0.006683353163405554,0.006683353163405554,0.5,-2.9994913575137616e-07,2.1805285044251832e-07,64
response_mean,10,11,-2.866563818313776e-06,-0.006677743623102757,0.006677743623102757,0.5,3.983120495832262e-05,-4.556433259495018e-05,64
final_prompt,21,21,2.29921226946317e-07,0.006677213178264162,0.006677213178264162,0.5,3.854844749184849e-06,-3.395002295292215e-06,64
final_prompt,23,0,-5.418049227034824e-07,-0.006675859265347938,0.006675859265347938,0.515625,3.962426660565409e-06,-5.046036505972374e-06,64
final_prompt,19,20,1.2857451281433896e-07,0.0066671306286762355,0.0066671306286762355,0.5,2.1234106100109784e-06,-1.8662615843823005e-06,64
response_mean,33,5,2.438160663585564e-06,0.006666824699559076,0.006666824699559076,0.515625,-0.00017778599340088493,0.00018266231472805606,64
response_mean,29,14,3.508927420623155e-06,0.006664635115339131,0.006664635115339131,0.515625,-0.00024694720525529504,0.0002539650600965414,64
public_task_span,13,14,1.2441802255098042e-06,0.006652961141779629,0.006652961141779629,0.5,-3.0902276876072826e-05,3.339063732709243e-05,64
public_task_span,25,16,1.1628185347944964e-07,0.0066517751466459146,0.0066517751466459146,0.484375,1.3663233744409808e-07,9.593136951480119e-08,64
response_first,15,2,9.998416317107004e-06,0.0066515483877325945,0.0066515483877325945,0.515625,-0.0007110730166459427,0.0007310698492801567,64
response_mean,9,29,1.206010767873369e-05,0.006647692212758336,0.006647692212758336,0.5,-0.0002955078196009578,0.00031962803495842523,64
final_prompt,23,2,-5.666340712198438e-07,-0.006642697741622617,0.006642697741622617,0.46875,1.684421943082097e-05,-1.7977487573260657e-05,64
final_prompt,5,6,3.900246588450719e-05,0.006641629293292979,0.006641629293292979,0.515625,-0.0007853213555790669,0.0008633262873480813,64
response_mean,10,22,2.0857307845379973e-06,0.006635455361126803,0.006635455361126803,0.53125,-4.6297390781530915e-05,5.0468852350606896e-05,64
response_mean,7,23,-5.870931744311151e-06,-0.006624570037129571,0.006624570037129571,0.5,-0.00025047159414269267,0.00023872973065407042,64
response_mean,21,2,-1.1011755987052442e-06,-0.006617711416055542,0.006617711416055542,0.484375,-1.9783658217417274e-05,1.7581307020006786e-05,64
public_task_span,31,23,7.306570068971559e-07,0.006614655451034533,0.006614655451034533,0.515625,3.7624158721879733e-06,-2.3011018583936607e-06,64
final_prompt,12,21,3.172267270195697e-06,0.00660927238358029,0.00660927238358029,0.5,-4.546403033601389e-05,5.180856487640527e-05,64
public_task_span,30,29,-1.8967844539474754e-07,-0.006596630908321446,0.006596630908321446,0.484375,5.9659764133357385e-06,-6.3453333041252336e-06,64
response_first,30,16,6.633470093196235e-07,0.006579241943355298,0.006579241943355298,0.5,-4.343416026130165e-05,4.47608542799409e-05,64
response_first,18,16,8.099289061647141e-08,0.0065770163992937515,0.0065770163992937515,0.546875,4.140091629523113e-06,-3.97810584829017e-06,64
public_task_span,24,24,1.1661957614709923e-05,0.006575956769572709,0.006575956769572709,0.5,5.8014724345419166e-05,-3.469080911599928e-05,64
public_task_span,18,25,5.798703568869439e-06,0.006571745180546431,0.006571745180546431,0.515625,0.0002256996097002974,-0.00021410220256255853,64
final_prompt,6,1,-7.0511105150266284e-06,-0.006563999781894148,0.006563999781894148,0.5,-0.00022031117077859358,0.00020620894974854033,64
post_selector,5,10,0.00010948019553325182,0.0065629552340339,0.0065629552340339,0.5,-0.0025519203918520318,0.0027708807829185346,64
response_mean,13,1,1.896918456623426e-05,0.006554083337765918,0.006554083337765918,0.484375,-0.00041393943138244083,0.0004518778005149093,64
response_first,17,2,5.056741372296079e-07,0.006549399074121839,0.006549399074121839,0.515625,1.9163367085180998e-05,-1.8152018810721777e-05,64
public_task_span,0,8,1.9695969967863916e-05,0.00654716375446069,0.00654716375446069,0.515625,3.307459701318299e-05,6.317342922545002e-06,64
final_prompt,28,14,-1.1555880519150086e-06,-0.006545680311793811,0.006545680311793811,0.484375,8.729096180102474e-05,-8.960213790485476e-05,64
public_task_span,25,1,-1.5361065379693952e-06,-0.0065454834170718314,0.0065454834170718314,0.5,3.576954577511251e-05,-3.884175885105131e-05,64
response_first,8,3,-1.6989426967514468e-06,-0.006543013524764222,0.006543013524764222,0.5,-4.807070035894077e-05,4.4672814965437876e-05,64
response_first,12,26,8.571809075827598e-07,0.006540795481490348,0.006540795481490348,0.53125,1.6504111727042443e-05,-1.4789749911876923e-05,64
response_first,11,26,1.2186397810839739e-06,0.00653598082866469,0.00653598082866469,0.5,-3.230576868417837e-05,3.474304824634631e-05,64
response_mean,28,26,5.8669087366070016e-08,0.0065253995814525045,0.0065253995814525045,0.484375,9.830728515680676e-07,-8.657346768359274e-07,64
final_prompt,7,12,-4.514888132693614e-06,-0.006518943021483133,0.006518943021483133,0.5,-9.368617247674008e-05,8.46563962113529e-05,64
final_prompt,16,31,1.2344377182697938e-06,0.006511293462952156,0.006511293462952156,0.5,6.89992931484025e-05,-6.653041771186292e-05,64
response_first,25,0,9.345051950044567e-07,0.006510739374922716,0.006510739374922716,0.5,-2.6555794534032384e-05,2.8424804924041297e-05,64
response_first,32,12,1.9891699594199195e-06,0.0064990273458271144,0.0064990273458271144,0.5,-5.1606798024287284e-05,5.558513794312714e-05,64
public_task_span,33,0,3.885899786832224e-06,0.006497207921887003,0.006497207921887003,0.53125,-9.78650641627594e-05,0.00010563686373642387,64
final_prompt,8,16,2.1779506198527088e-07,0.0064657309793069075,0.0064657309793069075,0.5,8.312364826679186e-06,-7.876774702708644e-06,64
final_prompt,6,20,-8.383679414690514e-06,-0.006462631596895897,0.006462631596895897,0.484375,-0.00021196397119638375,0.00019519661236700275,64
public_task_span,4,4,-0.00010814884626597523,-0.006457228448519625,0.006457228448519625,0.5,-0.002738591807428751,0.0025222941148968,64
response_mean,13,22,6.189787598052319e-07,0.006455259191796502,0.006455259191796502,0.5,1.656806887244735e-06,-4.188493676342665e-07,64
response_first,15,21,-7.419663177180353e-07,-0.0064550559929524316,0.0064550559929524316,0.5,1.072398447379462e-06,-2.5563310828155338e-06,64
response_first,6,0,-1.3227261661087553e-05,-0.006452266647809248,0.006452266647809248,0.5,-0.0004257629079802407,0.0003993083846580656,64
response_first,2,9,-2.291075907124093e-05,-0.006450693351499436,0.006450693351499436,0.5,-0.0011912272202607719,0.00114540570211829,64
final_prompt,13,14,4.88398427477141e-07,0.006436165013407613,0.006436165013407613,0.515625,-9.003951504378248e-06,9.98074835933253e-06,64
final_prompt,18,29,1.6702962966519327e-05,0.006434227712868634,0.006434227712868634,0.5,0.0010466677304065979,-0.0010132618044735593,64
final_prompt,33,27,-1.6851714690346853e-07,-0.006431024375933678,0.006431024375933678,0.484375,3.2487001249137393e-06,-3.5857344187206763e-06,64
public_task_span,13,12,1.0417773976811873e-08,0.006430102297850624,0.006430102297850624,0.484375,-9.113310328601187e-09,2.994885828222493e-08,64
response_first,30,21,-4.4280054112264907e-07,-0.00642251461511463,0.00642251461511463,0.5,-5.480679021728769e-06,4.595077939483471e-06,64
response_first,16,12,-3.823129191003089e-07,-0.006406997701701342,0.006406997701701342,0.5,1.086028640883685e-05,-1.1624912247037468e-05,64
final_prompt,32,21,-5.870857080482547e-07,-0.006403392274557688,0.006403392274557688,0.5,-8.460568494683302e-06,7.286397078586791e-06,64
response_first,21,6,6.283667630670634e-07,0.006396064857641049,0.006396064857641049,0.5,-6.4996702349135284e-06,7.756403761047655e-06,64
response_first,13,0,-2.7364199866038515e-06,-0.006393578069245626,0.006393578069245626,0.5,-0.00011918318355696238,0.00011371034358375468,64
response_mean,9,19,8.151506563076872e-07,0.006392932597365748,0.006392932597365748,0.5,-3.5158104140001206e-05,3.678840545261659e-05,64
public_task_span,29,3,1.2078475265297076e-05,0.0063876543154783,0.0063876543154783,0.5,-0.00047484700553466477,0.0004990039560652591,64
response_first,4,0,8.119452104438291e-05,0.006386263678587698,0.006386263678587698,0.5,-2.535917155909969e-05,0.0001877482136478654,64
public_task_span,6,13,-5.204462240726999e-05,-0.006386031558631412,0.006386031558631412,0.5,-0.0016356815303879531,0.001531592285573413,64
final_prompt,1,23,-4.1501365899537853e-07,-0.0063822295332868,0.0063822295332868,0.5,9.353898349216614e-07,-1.7654171529124184e-06,64
response_mean,34,12,-2.0066072465828017e-06,-0.006378259360174779,0.006378259360174779,0.5,-1.875007001217188e-05,1.4736855519006233e-05,64
response_mean,17,16,-1.2422083614180078e-05,-0.006376630731756736,0.006376630731756736,0.5,0.00036372532940731405,-0.00038856949663567417,64
public_task_span,10,10,-2.325182322240588e-06,-0.006370642697869213,0.006370642697869213,0.5,3.0936530492886154e-06,-7.744017693769788e-06,64
response_first,18,10,5.592034391094193e-07,0.006370360810797283,0.006370360810797283,0.5,2.621852558703535e-05,-2.510011870881651e-05,64
response_first,7,24,-1.8539400059580657e-07,-0.006365205063895037,0.006365205063895037,0.5,3.317908038980022e-06,-3.688696040171635e-06,64
final_prompt,6,19,4.500873274080426e-06,0.006358868367179328,0.006358868367179328,0.5,-9.666213372838717e-06,1.8667959920999557e-05,64
public_task_span,12,3,5.8057912610812905e-06,0.006356866429147924,0.006356866429147924,0.515625,-4.2516105168034875e-05,5.412768769019746e-05,64
response_first,13,4,1.3582030078426135e-06,0.006347300255799748,0.006347300255799748,0.5,-5.2352117961612717e-05,5.506852397729795e-05,64
final_prompt,7,4,5.118480306265376e-09,0.006340379587538332,0.006340379587538332,0.5,-9.776186860044335e-08,1.079988292129741e-07,64
response_first,17,5,5.833387319863084e-07,0.0063398019254881765,0.0063398019254881765,0.5,8.85438612385744e-06,-7.68770865988482e-06,64
final_prompt,17,5,1.7560972196372193e-06,0.006338983050418158,0.006338983050418158,0.5,0.00011088030703375637,-0.00010736811259448191,64
response_mean,11,2,-5.335962441682261e-06,-0.0063364439936927155,0.0063364439936927155,0.484375,0.0001593894103280032,-0.00017006133521136772,64
public_task_span,6,24,-1.6971845070654063e-05,-0.006335420109981556,0.006335420109981556,0.46875,-0.0006267389608183019,0.0005927952706769938,64
public_task_span,35,20,5.011697794543159e-06,0.006310704954063035,0.006310704954063035,0.5,-0.00017367125656164503,0.00018369465215073143,64
response_mean,8,30,1.681176627243763e-05,0.006307903239584145,0.006307903239584145,0.5,0.00076243345483816,-0.0007288099222932849,64
public_task_span,5,4,5.8844638260773506e-05,0.006304677742178722,0.006304677742178722,0.5,-0.003045365860089053,0.0031630551366106,64
final_prompt,9,0,5.6103985457411856e-08,0.006303327614890807,0.006303327614890807,0.5,1.0477564984512355e-06,-9.355485275364118e-07,64
final_prompt,26,3,2.5874928724089905e-06,0.006301383042172024,0.006301383042172024,0.5,4.099299667358826e-05,-3.581801092877032e-05,64
final_prompt,2,6,-2.7810334358943683e-05,-0.006299698715328505,0.006299698715328505,0.5,-0.0011527263559400751,0.0010971056872221877,64
public_task_span,22,13,-7.453192665709451e-06,-0.00628978263014082,0.00628978263014082,0.5,-5.472503835336607e-05,3.9818653021947135e-05,64
response_first,9,7,-7.913109811852316e-08,-0.006282126499951412,0.006282126499951412,0.5,-3.1236064899076155e-06,2.9653442936705687e-06,64
public_task_span,6,17,6.641439995294556e-06,0.00626648410704997,0.00626648410704997,0.5,-0.0001479109969295655,0.00016119387692015461,64
response_mean,1,5,-4.0910863390296675e-06,-0.006254336264066239,0.006254336264066239,0.5,-4.1847381908156244e-05,3.3665209230096895e-05,64
public_task_span,18,16,5.873686632185208e-06,0.006249216815966719,0.006249216815966719,0.5,0.0002524593783164082,-0.0002407120050520378,64
response_first,34,12,-1.2558123216891443e-06,-0.006243639358189258,0.006243639358189258,0.5,-1.8589577621239198e-05,1.607795297786091e-05,64
public_task_span,1,22,6.44712272332979e-05,0.006242916048041409,0.006242916048041409,0.5,0.0020841646764893093,-0.0019552222220227127,64
response_mean,32,14,1.213595112401507e-06,0.006241420633112847,0.006241420633112847,0.5,-2.7745584247960225e-06,5.201748649599026e-06,64
response_first,22,18,4.7503482392155227e-07,0.006239064098785272,0.006239064098785272,0.5,3.1969121891958915e-06,-2.246842541352786e-06,64
public_task_span,12,7,-2.0530887923097124e-06,-0.006238562850163226,0.006238562850163226,0.5,8.058975345192398e-05,-8.469593103654338e-05,64
final_prompt,16,18,-1.0077270644653328e-06,-0.006227985446404838,0.006227985446404838,0.5,1.1228411722168672e-05,-1.3243865851099345e-05,64
response_first,18,23,-2.3024253259385972e-07,-0.006227407460287871,0.006227407460287871,0.5,-1.313122488963165e-06,8.526374237754464e-07,64
response_first,7,28,-4.780680029627007e-07,-0.006227190855184817,0.006227190855184817,0.5,-3.531230248652244e-06,2.5750942427268443e-06,64
response_first,14,0,-9.78231327053436e-08,-0.006219775283283931,0.006219775283283931,0.5,2.151382936688151e-06,-2.347029202098838e-06,64
response_first,7,1,-1.8770938368066137e-06,-0.006206296189118764,0.006206296189118764,0.5,7.283033483007705e-07,-4.4824910219139945e-06,64
public_task_span,6,19,-1.614370376045777e-05,-0.006202685031169838,0.006202685031169838,0.5,-0.00042110557114936875,0.0003888181636284531,64
public_task_span,28,30,-4.269549208404675e-06,-0.006197408725720229,0.006197408725720229,0.5,5.672339511874376e-05,-6.526249353555315e-05,64
public_task_span,30,10,9.48483091179217e-07,0.006195652164244404,0.006195652164244404,0.515625,-2.625086233365139e-05,2.8147828516009827e-05,64
response_mean,11,8,-3.0448590138163853e-07,-0.006188521786422369,0.006188521786422369,0.5,9.145320078115843e-06,-9.754291880879121e-06,64
response_mean,13,24,-3.6075205116542365e-06,-0.006181451995605639,0.006181451995605639,0.5,-0.0002755743130364599,0.0002683592720131514,64
response_first,12,1,1.8833886770136075e-06,0.006180593869630654,0.006180593869630654,0.5,-1.9679991964951226e-05,2.3446769318978428e-05,64
response_first,35,18,4.352548785395614e-06,0.006175074513362012,0.006175074513362012,0.546875,8.847983735905283e-05,-7.977473978826157e-05,64
final_prompt,12,28,1.4021415495335532e-07,0.006172145817384987,0.006172145817384987,0.5,-6.027677784459229e-06,6.3081060943659395e-06,64
public_task_span,29,27,-4.455112957662481e-06,-0.006133229618952013,0.006133229618952013,0.5,-0.00019185449946235622,0.00018294427354703126,64
response_mean,32,19,4.118926426603376e-07,0.006131636895913869,0.006131636895913869,0.5,4.2828260120615715e-06,-3.4590407267408955e-06,64
response_first,26,6,2.016719918168928e-06,0.006120163512170353,0.006120163512170353,0.5,1.827046389733866e-05,-1.4237024061000797e-05,64
final_prompt,16,11,1.0443999087783606e-07,0.006119083272673088,0.006119083272673088,0.515625,-4.621597156528878e-06,4.83047713828455e-06,64
final_prompt,14,18,-1.7578202005082942e-06,-0.006113437954344203,0.006113437954344203,0.5,-1.273888392460513e-05,9.223243523588538e-06,64
response_mean,32,23,-1.0105966907758557e-07,-0.006111402237803167,0.006111402237803167,0.5,4.4753724068868905e-06,-4.677491745042062e-06,64
response_first,9,6,-1.1205054661900249e-08,-0.006107770078278778,0.006107770078278778,0.5,-2.392063080947082e-07,2.1679619877090772e-07,64
public_task_span,26,14,1.4935360468376595e-06,0.006096566921377795,0.006096566921377795,0.5,-0.0001028389476118645,0.00010582601970553981,64
public_task_span,17,20,2.3584157133871287e-06,0.00609235383228476,0.00609235383228476,0.515625,0.00017661170159043293,-0.00017189487016365868,64
response_first,28,26,1.8057940565086028e-07,0.0060923523878969755,0.0060923523878969755,0.5,3.1053202178554784e-06,-2.744161406553758e-06,64
response_mean,8,20,6.540319645882198e-07,0.006084718260749835,0.006084718260749835,0.5,-6.548064675362992e-06,7.85612860453943e-06,64
public_task_span,30,25,-2.887371692844744e-06,-0.0060826450774817235,0.0060826450774817235,0.515625,-0.0001203785432153264,0.00011460379982963692,64
response_first,2,23,-6.22406025740888e-05,-0.00607447481547685,0.00607447481547685,0.515625,-0.0017600147962184458,0.0016355335910702676,64
public_task_span,29,10,-4.2352034768141393e-07,-0.006067767711159625,0.006067767711159625,0.5,-2.1421286533038938e-05,2.057424583767611e-05,64
public_task_span,27,13,-1.3490431229000975e-05,-0.006065637323206769,0.006065637323206769,0.484375,-0.0009518239567114331,0.0009248430942534311,64
response_mean,9,28,3.1695029605352092e-06,0.0060635644603712555,0.0060635644603712555,0.5,-0.00016534717860847923,0.00017168618452954965,64
public_task_span,17,9,1.0072793884321855e-05,0.006062875918770607,0.006062875918770607,0.5,0.00013836856305715314,-0.00011822297528850937,64
public_task_span,32,13,-7.890562869761934e-07,-0.006060804880165584,0.006060804880165584,0.5,7.967957458278131e-06,-9.546070032230525e-06,64
response_first,19,27,-8.04914153107461e-08,-0.006060713918989463,0.006060713918989463,0.5,-4.327042388174718e-06,4.1660595575532255e-06,64
response_mean,11,31,-8.177843028535923e-06,-0.0060572149421264316,0.0060572149421264316,0.5,-0.000196589184724875,0.00018023349866780314,64
public_task_span,10,6,1.0233204648073873e-06,0.006054183593720904,0.006054183593720904,0.484375,2.5158949711101308e-05,-2.3112308781486537e-05,64
final_prompt,8,10,-3.924508362729284e-08,-0.006046560074624707,0.006046560074624707,0.5,1.2043400445804764e-06,-1.282830211835062e-06,64
response_mean,11,3,5.6253234106345236e-06,0.006042617113071284,0.006042617113071284,0.5,-0.000306040612485954,0.000317291259307223,64
public_task_span,19,20,-2.4074881821434246e-07,-0.006039538220582209,0.006039538220582209,0.5,1.4910048776073381e-05,-1.5391546412502066e-05,64
response_mean,14,21,2.453358547431259e-06,0.0060371982912522815,0.0060371982912522815,0.5,-3.1878625122762496e-05,3.6785342217625014e-05,64
response_first,2,11,-1.6248333167813288e-06,-0.006027502063322301,0.006027502063322301,0.5,-8.933309732126779e-05,8.608343068770513e-05,64
public_task_span,9,2,-1.1211936907708467e-06,-0.00602171480544564,0.00602171480544564,0.484375,7.291951624210895e-05,-7.516190362365064e-05,64
final_prompt,15,4,1.8489589592718403e-07,0.006015785013941732,0.006015785013941732,0.5,-4.467663160312441e-06,4.837454952166809e-06,64
response_mean,10,29,8.00724728833905e-06,0.0060151336363651565,0.0060151336363651565,0.5,-0.0002967995378639844,0.0003128140324406625,64
response_mean,17,19,2.1795858629047837e-06,0.006012199953835052,0.006012199953835052,0.484375,0.0001871101849246609,-0.0001827510131988513,64
response_mean,14,30,-2.755542823255302e-06,-0.006006164991715329,0.006006164991715329,0.5,-4.484183136810866e-05,3.933074572159805e-05,64
response_mean,15,15,-1.6086566052597778e-06,-0.005996753041419511,0.005996753041419511,0.515625,2.1520741878323538e-05,-2.4738055088843097e-05,64
response_first,25,18,-3.2811358607842363e-07,-0.005973911138289919,0.005973911138289919,0.5,-1.7202350477390403e-06,1.0640078755821939e-06,64
public_task_span,13,11,1.3362639528224923e-07,0.005971434468711503,0.005971434468711503,0.5,-1.7589135055118277e-06,2.026166296076326e-06,64
public_task_span,32,17,5.10106656293081e-06,0.0059680152715205085,0.0059680152715205085,0.515625,-0.00011160389476571003,0.00012180602789157165,64
response_first,19,6,1.9427639017528544e-06,0.005966070612319608,0.005966070612319608,0.5,-6.271432675929911e-05,6.659985456280481e-05,64
public_task_span,25,28,-3.5614257285597546e-06,-0.005960498833718825,0.005960498833718825,0.5,-0.000286494842839602,0.00027937199138248256,64
public_task_span,26,18,-4.471871761784293e-06,-0.00595559828093625,0.00595559828093625,0.484375,-0.00027208118626730824,0.00026313744274373966,64
response_first,35,10,1.1805425401692496e-06,0.0059515749014212495,0.0059515749014212495,0.5,-8.4310454440125e-06,1.0792130524350986e-05,64
public_task_span,0,31,2.8945018129890548e-05,0.005930930191558882,0.005930930191558882,0.5,0.000236590996792075,-0.00017870096053229363,64
response_first,34,11,-5.746852593802032e-08,-0.005927453017376349,0.005927453017376349,0.5,1.0957275691225732e-06,-1.2106646209986138e-06,64
final_prompt,32,15,-4.287191586629551e-06,-0.0059219160445174324,0.0059219160445174324,0.484375,-5.8926884321410395e-05,5.0352501148151306e-05,64
post_selector,9,1,3.527431772453764e-06,0.005921435605778859,0.005921435605778859,0.359375,-4.96674056193684e-06,1.2021604106844368e-05,64
final_prompt,2,31,-6.524166732901893e-05,-0.005920508634405883,0.005920508634405883,0.5,-0.0018100143722108413,0.0016795310375528035,64
final_prompt,16,20,-5.802032774202824e-07,-0.005920010960187414,0.005920010960187414,0.5,9.142917292592226e-06,-1.0303323847432789e-05,64
public_task_span,31,19,-1.0185572136821931e-06,-0.005917000214002479,0.005917000214002479,0.5,2.6148561801162836e-05,-2.818567622852721e-05,64
final_prompt,15,16,1.076918323406062e-07,0.005910449210595433,0.005910449210595433,0.5,3.0660835506068906e-06,-2.8506998859256782e-06,64
public_task_span,34,26,-4.3446902964040013e-07,-0.005907511612728191,0.005907511612728191,0.515625,2.519227757602152e-05,-2.6061215635302322e-05,64
response_first,10,24,1.2850834583136077e-06,0.005902541597674418,0.005902541597674418,0.5,5.0686178099105324e-05,-4.81160111824781e-05,64
final_prompt,35,7,-6.639508853822917e-08,-0.005900282653297387,0.005900282653297387,0.5,-2.869080589107398e-06,2.7362904120309395e-06,64
final_prompt,14,25,-1.2717102659820512e-07,-0.005899343052919358,0.005899343052919358,0.5,-4.276935854363728e-07,1.7335153223996253e-07,64
public_task_span,21,20,-3.890258540194894e-06,-0.0058955592838089476,0.0058955592838089476,0.484375,-8.321590121341025e-05,7.543538413302049e-05,64
final_prompt,14,26,-3.0658634386656835e-07,-0.005895203470650976,0.005895203470650976,0.5,-2.350264715284483e-06,1.737092027551348e-06,64
public_task_span,1,29,-9.107788173424888e-06,-0.005894052127773145,0.005894052127773145,0.484375,-0.0007225045210361505,0.0007042889446893007,64
response_first,6,15,-2.805076474032752e-05,-0.005861052921476907,0.005861052921476907,0.5,-0.0008809874834696336,0.0008248859539889788,64
post_selector,13,9,-4.8631489335093864e-05,-0.005858114058583961,0.005858114058583961,0.53125,-0.00010922006913460645,1.1957090464418882e-05,64
response_mean,14,29,1.072179293259798e-05,0.0058564111186621024,0.0058564111186621024,0.5,5.678906381944292e-05,-3.534547795424719e-05,64
response_first,7,27,-3.079613719592092e-08,-0.005853168568088506,0.005853168568088506,0.484375,1.2129014237416387e-08,-7.37212886292583e-08,64
response_mean,13,4,-2.0071635589214213e-06,-0.0058397038834798,0.0058397038834798,0.5,-7.064778642985065e-05,6.66334593120078e-05,64
final_prompt,21,22,2.017302733751739e-07,0.005835624441375415,0.005835624441375415,0.5,-4.3114280856552885e-06,4.714888632405637e-06,64
response_mean,12,2,-3.653539408786689e-07,-0.005832665912247642,0.005832665912247642,0.5,-2.5705374469009117e-06,1.839829565143574e-06,64
public_task_span,14,24,-1.298021516051778e-06,-0.005824394460026639,0.005824394460026639,0.5,1.6055864762164167e-05,-1.865190779426772e-05,64
final_prompt,15,29,5.236964852862298e-07,0.005810188152138484,0.005810188152138484,0.515625,1.9040138340635247e-05,-1.799274537006279e-05,64
response_mean,2,11,-2.421908220638757e-06,-0.005809374955180445,0.005809374955180445,0.5,-9.691556078904266e-05,9.207174434776514e-05,64
response_first,14,5,3.913099135388383e-06,0.005780408595299205,0.005780408595299205,0.5,0.00015035561227704354,-0.00014252941400626679,64
final_prompt,12,15,1.2231512869271573e-06,0.005778606444720993,0.005778606444720993,0.5,-3.1161444496767446e-05,3.360774707062176e-05,64
public_task_span,30,0,3.928188107241796e-06,0.005777224709811015,0.005777224709811015,0.5,0.00018525301311455,-0.0001773966369000664,64
public_task_span,12,18,1.764926309987463e-05,0.005770228007679152,0.005770228007679152,0.515625,0.000389328473829647,-0.0003540299476298977,64
public_task_span,34,24,-3.256535364928686e-06,-0.0057690159152779955,0.0057690159152779955,0.5,6.556672906298967e-05,-7.207979979284706e-05,64
public_task_span,34,15,-1.4960392945793707e-05,-0.005768092381984739,0.005768092381984739,0.5,-0.00030682299257023124,0.0002769022066786437,64
response_mean,14,1,2.082035052805835e-06,0.005767645242314764,0.005767645242314764,0.5,6.787874599466505e-05,-6.371467588905339e-05,64
public_task_span,9,15,4.922801963404855e-06,0.005761972447397733,0.005761972447397733,0.5,-7.173308404162567e-06,1.701891233097229e-05,64
response_mean,13,3,1.194187098008188e-05,0.0057609246211863425,0.0057609246211863425,0.5,0.0006550062462338243,-0.0006311225042736606,64
final_prompt,10,25,1.7678703301271526e-07,0.005759569143629963,0.005759569143629963,0.515625,2.0239809828126454e-07,1.5117596774416619e-07,64
final_prompt,12,23,-1.2946201195580982e-06,-0.005757555166947111,0.005757555166947111,0.5,-2.948243218271205e-05,2.6893191943595846e-05,64
final_prompt,15,24,-1.6902084354443964e-07,-0.0057572338432677886,0.0057572338432677886,0.5,1.65232928850142e-06,-1.990370975590299e-06,64
final_prompt,26,15,1.5256485312416398e-05,0.0057410648821569765,0.0057410648821569765,0.5,-0.0011891309450220205,0.0012196439156468536,64
public_task_span,10,31,9.612584108250004e-06,0.005738714644927841,0.005738714644927841,0.5,-9.744744602343739e-07,2.019964267673441e-05,64
public_task_span,27,26,-5.857705218657822e-06,-0.005733011874369842,0.005733011874369842,0.5,1.7151616702890617e-05,-2.8867027140206267e-05,64
response_first,13,3,6.9552816057705054e-06,0.005732436744994679,0.005732436744994679,0.5,0.0003154747928419887,-0.00030156422963044773,64
final_prompt,8,6,2.9359221116432914e-06,0.005723682262986516,0.005723682262986516,0.5,-0.0001481280578445765,0.0001539999020678631,64
final_prompt,3,18,5.855022754986105e-05,0.005722415247722632,0.005722415247722632,0.5,-0.0013509951604646626,0.0014680956155643842,64
public_task_span,23,0,7.502221706094615e-06,0.0057221185447970035,0.0057221185447970035,0.515625,-8.071145566645622e-05,9.57158990786455e-05,64
final_prompt,8,23,3.2237960567604823e-07,0.005720929658232756,0.005720929658232756,0.5,5.880081403120403e-06,-5.2353221917683065e-06,64
public_task_span,27,30,6.165651029724792e-06,0.005713554415400254,0.005713554415400254,0.5,0.00022174502919367748,-0.00020941372713422795,64
response_first,35,28,9.92843342828849e-06,0.005700049790280241,0.005700049790280241,0.5,-0.00022117473054094749,0.0002410315973975244,64
final_prompt,35,5,-2.8198871859703113e-07,-0.005699828254756035,0.005699828254756035,0.5,-1.220200852003534e-05,1.1638031082841275e-05,64
public_task_span,30,3,-1.899852122734375e-06,-0.0056874727661458645,0.0056874727661458645,0.5,4.962245657225078e-05,-5.3422160817719524e-05,64
public_task_span,31,20,-5.017446483177203e-06,-0.005687095688575457,0.005687095688575457,0.484375,-0.0001980977272068955,0.00018806283424054108,64
public_task_span,13,0,-9.103595402851545e-06,-0.0056867634867369884,0.0056867634867369884,0.5,0.00039638860744160625,-0.00041459579824730937,64
public_task_span,33,20,-2.011358355958145e-05,-0.0056677409689867625,0.0056677409689867625,0.5,-0.0015785957339175959,0.0015383685667984329,64
response_first,11,3,7.679504960834193e-06,0.005666593485579884,0.005666593485579884,0.5,-0.000411646282373111,0.00042700529229477947,64
public_task_span,6,0,-1.1380486284901896e-05,-0.0056648211168143555,0.0056648211168143555,0.5,-0.00041898654490068034,0.0003962255723308764,64
response_first,5,9,6.766132173657811e-06,0.00565745675636439,0.00565745675636439,0.5,-8.789080311543746e-05,0.00010142306746275317,64
response_first,11,27,-1.0190550980890889e-06,-0.005649769743370493,0.005649769743370493,0.5,-5.46656073652467e-06,3.428450540346494e-06,64
public_task_span,5,31,-4.6978385398691025e-05,-0.005639021816466903,0.005639021816466903,0.5,-0.0014548287690558884,0.0013608719982585065,64
response_first,26,12,4.4120110942447426e-07,0.005638765347199015,0.005638765347199015,0.515625,-3.94497194520127e-05,4.033212167086164e-05,64
response_mean,26,6,1.6049564237628437e-06,0.005637906539284562,0.005637906539284562,0.5,-6.288322765617193e-06,9.498235613142863e-06,64
public_task_span,8,23,5.358096359481387e-06,0.005618788768656127,0.005618788768656127,0.5,-0.00015974071675374572,0.0001704569094727085,64
response_first,7,26,1.6943179161847796e-06,0.005616062883618319,0.005616062883618319,0.5,0.00010244037594019084,-9.905174010782129e-05,64
public_task_span,10,5,-8.99874464718019e-07,-0.005613874523209733,0.005613874523209733,0.5,-4.766831432333693e-05,4.586856539390089e-05,64
public_task_span,30,23,9.87070325208749e-06,0.005602977371914752,0.005602977371914752,0.5,-9.279986443289375e-05,0.00011254127093706875,64
final_prompt,3,31,-6.659382916041285e-05,-0.005600654969173234,0.005600654969173234,0.5,-0.00252838217897987,0.0023951945206590443,64
response_first,29,21,-1.7399241869497928e-07,-0.005598589384310689,0.005598589384310689,0.5,8.125431349981227e-08,-4.292391508897708e-07,64
public_task_span,33,3,3.4723177577650195e-06,0.005590556358872056,0.005590556358872056,0.5,-0.0001858656728472822,0.00019281030836281225,64
public_task_span,15,9,6.439775461330332e-06,0.005588795438108084,0.005588795438108084,0.5,-0.0003202015318493007,0.0003330810827719614,64
response_mean,32,18,-5.623086281056632e-07,-0.005581700330740793,0.005581700330740793,0.5,1.4775887393679197e-06,-2.6022059955792436e-06,64
response_first,7,25,-6.004007104813684e-07,-0.005576774620618378,0.005576774620618378,0.5,2.254655100840749e-05,-2.3747352429370228e-05,64
final_prompt,35,9,1.9239046196165826e-06,0.005572632977501916,0.005572632977501916,0.5,-8.714981049705532e-06,1.2562790288938707e-05,64
response_mean,17,29,-3.4023557304848357e-06,-0.005572015783996189,0.005572015783996189,0.5,-8.741957765322672e-05,8.061486619225704e-05,64
response_first,12,5,7.388201531455367e-06,0.00555302449118675,0.00555302449118675,0.515625,-0.00025094600053420906,0.0002657224035971198,64
public_task_span,18,2,7.433313839974721e-07,0.005549883820931158,0.005549883820931158,0.5,-6.533035787017511e-06,8.019698555012459e-06,64
public_task_span,34,29,-3.289807409593789e-06,-0.005549538349077748,0.005549538349077748,0.5,-0.00011361759516148476,0.00010703798034229721,64
response_mean,2,31,1.2962199207320272e-05,0.0055416582671588945,0.0055416582671588945,0.5,-0.0006037846837898527,0.0006297090822044931,64
response_first,2,28,3.202803009117074e-05,0.005524190892333781,0.005524190892333781,0.53125,-0.0012011589960820785,0.0012652150562644199,64
response_first,2,10,-8.057071499934204e-05,-0.00551872331037295,0.00551872331037295,0.5,-0.004925936969812008,0.004764795539813323,64
final_prompt,8,13,6.36144932287824e-07,0.005514340529916608,0.005514340529916608,0.5,3.1315615615301263e-05,-3.0043325750725626e-05,64
response_first,6,16,6.806405872339036e-05,0.00551394771927393,0.00551394771927393,0.5,0.0036756244226125935,-0.003539496305165813,64
public_task_span,5,28,7.758058927720318e-06,0.005509823673097436,0.005509823673097436,0.5,-0.0006650880295637606,0.0006806041474192012,64
response_mean,12,18,-2.4389057216470263e-05,-0.00550267824318244,0.00550267824318244,0.5,0.0003229274370823937,-0.0003717055515153342,64
response_mean,32,22,8.000460383073005e-08,0.005502315115319686,0.005502315115319686,0.5,-5.310348427656209e-07,6.910440504270809e-07,64
response_mean,3,13,-5.21331676282e-05,-0.005497024052581658,0.005497024052581658,0.5,-0.0017657440912444097,0.0016614777559880096,64
response_mean,3,9,-3.5126162401870396e-05,-0.0054922946895704745,0.0054922946895704745,0.5,-0.0006178632247611001,0.0005476108999573595,64
final_prompt,16,27,-6.026731824715099e-07,-0.005490634195529605,0.005490634195529605,0.5,-1.0969681142113007e-05,9.764334777169985e-06,64
response_first,8,30,4.4918538151214705e-06,0.005485400879327053,0.005485400879327053,0.515625,0.00027942349970542726,-0.00027043979207518434,64
response_mean,15,26,-4.079638671328212e-08,-0.005472294412155479,0.005472294412155479,0.484375,1.9129226913605635e-06,-1.9945154647871277e-06,64
response_first,6,17,8.188995479936998e-06,0.005468640532682543,0.005468640532682543,0.5,-0.0002658217083535364,0.00028219969931341047,64
response_first,34,25,-2.7878751041101e-07,-0.005464288927019841,0.005464288927019841,0.5,1.3034764947402032e-05,-1.3592339968224052e-05,64
public_task_span,11,23,1.3727428722613572e-06,0.005464210844240333,0.005464210844240333,0.484375,5.568168876379342e-05,-5.29362030192707e-05,64
response_mean,22,14,-9.053440408026585e-06,-0.005462131606350477,0.005462131606350477,0.53125,-0.0007610754569213772,0.0007429685761053239,64
public_task_span,33,27,-4.0616549767823846e-07,-0.0054617895189427055,0.0054617895189427055,0.5,-2.0408873751870296e-05,1.9596542756513822e-05,64
final_prompt,16,21,3.826897057014644e-07,0.005461096470746283,0.005461096470746283,0.5,1.5063519072117741e-06,-7.409724958088471e-07,64
public_task_span,10,4,-5.898442850593971e-06,-0.005454451524963872,0.005454451524963872,0.5,2.2736670871383545e-05,-3.453355657257143e-05,64
final_prompt,6,5,7.0706746555531015e-06,0.005452460958687746,0.005452460958687746,0.5,-0.00010609781384119063,0.00012023916315229691,64
public_task_span,20,22,-1.6345370568163245e-06,-0.005448492186788075,0.005448492186788075,0.5,2.8027312964686838e-05,-3.12963870783195e-05,64
final_prompt,1,1,-1.5637222531956254e-05,-0.00544766875274375,0.00544766875274375,0.5,-0.0002453210036037594,0.00021404655853984693,64
public_task_span,27,15,-3.763097083723599e-06,-0.005446769477893414,0.005446769477893414,0.484375,-0.00024795069657557303,0.00024042450240812589,64
final_prompt,9,29,-4.074720436622953e-07,-0.005441623741093407,0.005441623741093407,0.5,-1.3691404262765395e-05,1.2876460175440805e-05,64
response_first,8,29,1.7555176555106842e-05,0.005440610493727793,0.005440610493727793,0.5,0.0001691218812993473,-0.00013401152818913353,64
final_prompt,16,26,2.3973957468124424e-06,0.005428961979619087,0.005428961979619087,0.5,-0.00010228883274975497,0.00010708362424337987,64
public_task_span,28,14,1.5302548490575207e-06,0.005423538298931648,0.005423538298931648,0.5,-6.646712154177897e-05,6.9527631239894e-05,64
response_first,17,26,-3.9151541173510195e-06,-0.00542290424340094,0.00542290424340094,0.484375,-0.00013800025992339012,0.00013016995168868808,64
final_prompt,8,9,-1.057262011272543e-08,-0.005418217794211394,0.005418217794211394,0.5,6.864162855890754e-07,-7.075615258145262e-07,64
public_task_span,13,30,2.958784307334723e-06,0.005417314242927941,0.005417314242927941,0.5,3.779225062316109e-05,-3.187468200849169e-05,64
public_task_span,25,26,3.470364845267356e-06,0.005416425884853369,0.005416425884853369,0.5,-0.0002563823973105099,0.0002633231270010446,64
response_mean,7,12,-2.2407365918297728e-07,-0.0054157095827261905,0.0054157095827261905,0.5,-7.181462990502041e-06,6.7333156721360865e-06,64
final_prompt,23,18,1.5977893497097945e-07,0.0053854014589928495,0.0053854014589928495,0.5,-3.132032261990384e-06,3.4515901319323427e-06,64
response_first,31,27,5.210398335009348e-08,0.005383595511964131,0.005383595511964131,0.515625,-6.917922235061271e-07,7.960001902063141e-07,64
public_task_span,14,6,1.1270478353259414e-05,0.005378858812106247,0.005378858812106247,0.5,0.00034750398845061247,-0.00032496303174409373,64
final_prompt,3,9,2.0161192878729683e-05,0.0053752003675526065,0.0053752003675526065,0.5,-0.00019936090393458744,0.0002396832896920468,64
response_first,32,18,9.005866559153003e-07,0.005371083822793784,0.005371083822793784,0.5,9.917812803904769e-06,-8.116639492074171e-06,64
response_mean,10,4,8.111137958620111e-06,0.005369693873608045,0.005369693873608045,0.5,-3.39178241120006e-05,5.014010002924086e-05,64
response_mean,14,5,8.559487923778269e-06,0.005366994732460819,0.005366994732460819,0.5,0.00033558201448612775,-0.0003184630386385712,64
public_task_span,1,5,1.4369550626726558e-05,0.005365585817905716,0.005365585817905716,0.5,-8.312378122354687e-05,0.00011186288247700001,64
final_prompt,8,3,-2.4257735731282445e-07,-0.005350752348869123,0.005350752348869123,0.5,2.586332811918357e-06,-3.071487526544006e-06,64
response_mean,11,1,-4.223149062455172e-06,-0.005345756103045631,0.005345756103045631,0.5,-2.5201386961264204e-05,1.675508883635392e-05,64
public_task_span,25,30,-6.056398433428649e-06,-0.005339043132987049,0.005339043132987049,0.5,-0.0005150935130586527,0.0005029807161917954,64
final_prompt,4,22,-2.9692422685911716e-05,-0.005334514248926443,0.005334514248926443,0.5,-0.0009714280313346478,0.0009120431859628245,64
response_mean,7,1,-1.4700904102957418e-06,-0.0053308950651562315,0.0053308950651562315,0.5,4.928049747822638e-06,-7.86823056841412e-06,64
public_task_span,34,22,2.1009816464396063e-07,0.005324277426880055,0.005324277426880055,0.5,-1.63875455427887e-07,5.840717847158082e-07,64
final_prompt,11,25,1.0153070206806391e-06,0.0053230740368305435,0.0053230740368305435,0.5,-8.591151527069048e-06,1.0621765568430324e-05,64
response_mean,8,0,2.217684141214688e-05,0.005322527725164314,0.005322527725164314,0.5,0.0002996306229761093,-0.00025527694015181553,64
public_task_span,4,20,-5.0149199523732155e-05,-0.00532156267624162,0.00532156267624162,0.5,-0.0017917624463734548,0.0016914640473259907,64
response_first,2,3,-4.2207604565193586e-05,-0.0053172897128740005,0.0053172897128740005,0.5,-0.0019170660525560498,0.0018326508434256621,64
public_task_span,0,28,1.3930920431446918e-05,0.005314447529336296,0.005314447529336296,0.5,-0.00021444372396218125,0.0002423055648250749,64
public_task_span,17,18,4.198182068647264e-06,0.005305176776910736,0.005305176776910736,0.5,0.00019409948981773486,-0.0001857031256804404,64
response_mean,31,11,7.18482033334546e-06,0.005301640547373068,0.005301640547373068,0.515625,-2.3911751668482444e-05,3.828139233517335e-05,64
response_first,3,1,-7.783335604472208e-06,-0.005294282443033759,0.005294282443033759,0.5,-0.0001319332368439178,0.00011636656563497343,64
response_mean,32,12,2.837942702170991e-06,0.005292109605583319,0.005292109605583319,0.5,-7.25818408682272e-05,7.825772627256915e-05,64
public_task_span,8,25,-2.5052886485353925e-06,-0.005292049140322699,0.005292049140322699,0.5,7.33965134713792e-05,-7.840709076844996e-05,64
response_mean,10,1,3.223106887164077e-06,0.00527834994847448,0.00527834994847448,0.5,4.695106781582813e-05,-4.05048540415e-05,64
response_first,8,24,2.9924172849851586e-05,0.005277331193433664,0.005277331193433664,0.5,-0.0012549874736578156,0.0013148358193575186,64
final_prompt,17,11,2.7880128072828165e-06,0.005270683710802215,0.005270683710802215,0.5,-1.9148151295674997e-05,2.4724176910240637e-05,64
final_prompt,9,3,-6.73661872951925e-08,-0.005270609648502627,0.005270609648502627,0.5,-2.8417920248102746e-06,2.7070596502198896e-06,64
public_task_span,28,20,5.163842047296347e-07,0.005269078515999694,0.005269078515999694,0.5,-3.590089249881554e-05,3.693366090827481e-05,64
response_first,26,9,-3.943941351285813e-07,-0.00526766978810498,0.00526766978810498,0.5,-1.2146682593121746e-06,4.258799890550103e-07,64
public_task_span,29,24,-3.05487446894657e-06,-0.005261299216171851,0.005261299216171851,0.5,-0.00011962025655521557,0.0001135105076173224,64
response_mean,16,16,2.8178831144038705e-06,0.005256521218280168,0.005256521218280168,0.5,0.00019266846720710897,-0.0001870327009783012,64
response_mean,9,27,3.858107447740419e-06,0.0052563681076308695,0.0052563681076308695,0.5,7.104147880454645e-05,-6.332526390906562e-05,64
final_prompt,7,29,1.1469798977259416e-07,0.005254020336858658,0.005254020336858658,0.5,-8.528473827595917e-06,8.757869807141105e-06,64
final_prompt,15,21,2.3741537802379753e-07,0.005251783494516672,0.005251783494516672,0.5,-3.2409076311523634e-07,7.989215191628318e-07,64
final_prompt,29,14,1.467877495993646e-06,0.005250659396669046,0.005250659396669046,0.5,-5.8707571042759505e-05,6.164332603474676e-05,64
response_first,12,10,5.282010420159928e-06,0.005237097559831551,0.005237097559831551,0.5,0.00035273394883005493,-0.0003421699279897352,64
public_task_span,30,6,-4.7036481873832356e-06,-0.005234102579666961,0.005234102579666961,0.484375,-0.00016204751000257624,0.0001526402136278098,64
post_selector,21,16,2.10608304769242e-05,0.005227078155880211,0.005227078155880211,0.46875,-0.0007700498026679359,0.0008121714636217843,64
response_first,35,11,-1.926197001009979e-06,-0.005223509357219464,0.005223509357219464,0.5,-0.0001507290598965381,0.00014687666589451812,64
response_mean,26,0,2.624438820928107e-06,0.005222904590606712,0.005222904590606712,0.5,8.431231799477739e-05,-7.906344035292119e-05,64
response_mean,2,25,-5.155825419934613e-06,-0.0052186732603030405,0.0052186732603030405,0.5,-0.00011345108032403147,0.00010313942948416228,64
final_prompt,3,26,5.3125081258569755e-06,0.005216665524350433,0.005216665524350433,0.5,-0.00018388530173751058,0.00019451031798922456,64
response_first,33,9,1.0803374834764575e-06,0.005211136217933681,0.005211136217933681,0.5,-0.00015286244581598997,0.00015502312078294287,64
public_task_span,30,17,1.4710603863933737e-05,0.00520487028317185,0.00520487028317185,0.484375,-0.0008737783500691861,0.0009031995577970535,64
public_task_span,31,18,-4.795861059418125e-07,-0.005191942925386376,0.005191942925386376,0.5,2.3919785689822367e-06,-3.3511507808658633e-06,64
public_task_span,16,12,-1.7139332157998148e-06,-0.005191765311113803,0.005191765311113803,0.484375,9.504714171262973e-06,-1.2932580602862599e-05,64
final_prompt,3,27,2.1211203744542434e-05,0.005176818692214206,0.005176818692214206,0.5,-0.0006709401004059048,0.0007133625078949898,64
final_prompt,18,23,2.4319480189632695e-06,0.005175755172066751,0.005175755172066751,0.484375,3.874320259455214e-05,-3.387930655662558e-05,64
post_selector,22,19,7.601735342177649e-05,0.005166056187742287,0.005166056187742287,0.5,0.0025221398027497287,-0.002370105095906175,64
post_selector,30,4,-1.2558805337890126e-06,-0.005161162037457599,0.005161162037457599,0.46875,6.495133902716541e-05,-6.746310009474345e-05,64
public_task_span,4,29,1.4082712368688566e-05,0.005159380516385457,0.005159380516385457,0.5,-0.0009852779639914016,0.0010134433887287785,64
response_mean,7,30,2.708549970963796e-07,0.0051589404540753675,0.0051589404540753675,0.5,1.4512687584968123e-06,-9.09558764304054e-07,64
public_task_span,15,21,2.537299224077406e-07,0.0051584988108150116,0.0051584988108150116,0.5,-1.0696720664517042e-07,6.144270514606516e-07,64
public_task_span,17,25,5.8175418189404375e-06,0.00515080998929794,0.00515080998929794,0.5,-6.059440102035474e-05,7.222948465823565e-05,64
response_first,3,9,-4.6840399591009186e-05,-0.005147169644383715,0.005147169644383715,0.5,-2.847357245627162e-05,-6.520722672574654e-05,64
public_task_span,15,10,8.370285513588791e-07,0.0051430992334801475,0.0051430992334801475,0.515625,-3.985108014602491e-05,4.1525137248742664e-05,64
public_task_span,32,28,2.1259319282751398e-07,0.005136989483182579,0.005136989483182579,0.5,6.083676794331053e-06,-5.6584904086760255e-06,64
response_mean,10,7,1.596007678017112e-05,0.005122509445428088,0.005122509445428088,0.515625,-0.0007390743066934987,0.0007709944602538409,64
final_prompt,11,27,-4.8090154081137477e-08,-0.005120970194260988,0.005120970194260988,0.5,-9.09305697405216e-07,8.131253892429413e-07,64
response_first,5,1,-5.524831385629239e-05,-0.0051162352467658805,0.0051162352467658805,0.5,-0.0018863047880586313,0.0017758081603460464,64
final_prompt,10,23,-2.924464752136306e-06,-0.005115608696051977,0.005115608696051977,0.5,-0.0002600315110612214,0.0002541825815569488,64
response_first,2,4,-8.06669437736347e-06,-0.005105611617568875,0.005105611617568875,0.5,-0.0002941583495328333,0.0002780249607781064,64
final_prompt,2,1,2.0220820260873567e-05,0.005099872253509545,0.005099872253509545,0.5,-0.0006798172216804163,0.0007202588622021636,64
public_task_span,32,20,-2.1885125534026884e-07,-0.005096575570567821,0.005096575570567821,0.5,3.6782588495043456e-06,-4.115961360184883e-06,64
public_task_span,22,29,2.385330481046886e-05,0.00509564315274845,0.00509564315274845,0.5,0.0006322873668977906,-0.000584580757276853,64
response_mean,35,8,4.421332050695307e-06,0.005094850360539038,0.005094850360539038,0.5,-3.519303027133752e-05,4.403569437272815e-05,64
response_mean,35,17,9.509477649783804e-07,0.0050865508784184365,0.0050865508784184365,0.5,-5.288378360997207e-06,7.190273890953981e-06,64
final_prompt,17,1,3.6832329897183507e-06,0.005082198282274902,0.005082198282274902,0.5,-1.36800181280642e-05,2.1046484107500874e-05,64
response_first,21,0,-1.1525245646737403e-08,-0.005081715139238747,0.005081715139238747,0.5,-5.3376030706431266e-08,3.032553941295646e-08,64
final_prompt,24,22,4.24911922891566e-06,0.005080855613377328,0.005080855613377328,0.5,8.894471920939376e-05,-8.044648075156247e-05,64
public_task_span,22,27,-2.8149318609376764e-07,-0.005080809673041158,0.005080809673041158,0.5,1.4719478997448304e-05,-1.528246536963584e-05,64
public_task_span,19,18,-4.2007025058193565e-07,-0.0050805106203118955,0.0050805106203118955,0.484375,-2.5163636564680365e-05,2.4323496063516494e-05,64
final_prompt,15,0,3.0303435778452716e-06,0.005072735526682355,0.005072735526682355,0.5,-4.651211929740113e-05,5.2572806453091655e-05,64
response_first,26,10,-6.301906552153024e-08,-0.005068953712148758,0.005068953712148758,0.484375,-6.037829933802641e-07,4.777448623372038e-07,64
final_prompt,31,1,6.283329412312658e-07,0.005064222896473175,0.005064222896473175,0.484375,1.6362542055497056e-05,-1.5105876173034525e-05,64
response_mean,18,20,-7.348565731040161e-06,-0.0050608003681442085,0.0050608003681442085,0.515625,0.00033819740912120755,-0.0003528945405832879,64
response_mean,17,20,3.9101573179100483e-07,0.005052209982651018,0.005052209982651018,0.5,1.4256860708880572e-05,-1.3474829245298564e-05,64
final_prompt,19,5,-2.482058334855627e-06,-0.005047128562858422,0.005047128562858422,0.5,-8.882312613421734e-05,8.385900946450612e-05,64
response_mean,8,4,-1.2117726782890942e-05,-0.005033205759654545,0.005033205759654545,0.5,0.0003842848091153508,-0.00040852026268113276,64
response_first,24,22,4.1056514419296854e-06,0.0050307019746048,0.0050307019746048,0.5,-7.217041638796874e-05,8.038171927182811e-05,64
response_first,21,20,-1.1708433476056011e-06,-0.005029884705443723,0.005029884705443723,0.5,-5.906247133678821e-05,5.672078464157702e-05,64
response_first,13,25,3.173050941994902e-07,0.005027545627564661,0.005027545627564661,0.5,-2.3355364390902532e-05,2.3989974579301514e-05,64
response_first,2,1,-3.2715258384999866e-05,-0.0050245118835269605,0.0050245118835269605,0.5,-0.0010543921980570342,0.0009889616812870344,64
final_prompt,29,25,4.399445060698803e-05,0.00501691235992961,0.00501691235992961,0.53125,-0.0026138449502468367,0.0027018338514608127,64
final_prompt,10,4,7.977616860433964e-07,0.0050110257847168415,0.0050110257847168415,0.5,-6.18138972185883e-05,6.340942059067508e-05,64
final_prompt,13,2,9.632346973332206e-07,0.0049986388711683715,0.0049986388711683715,0.484375,8.436867005906688e-06,-6.510397611240247e-06,64
final_prompt,10,0,-1.1553149192877754e-07,-0.004996026793761307,0.004996026793761307,0.5,1.6853759063906184e-06,-1.9164388902481733e-06,64
final_prompt,4,13,8.51855642736286e-06,0.004993641468412986,0.004993641468412986,0.5,-0.00033456181228074964,0.0003515989251354754,64
final_prompt,26,0,-5.542762664843174e-06,-0.004989990544596894,0.004989990544596894,0.453125,6.096919605625799e-05,-7.20547213859443e-05,64
response_mean,8,2,-1.1726292541424315e-05,-0.004987244495883164,0.004987244495883164,0.5,-0.00043230753090027415,0.0004088549458174252,64
response_first,32,22,7.555516390311823e-08,0.004962478696043355,0.004962478696043355,0.5,7.356966165161793e-07,-5.845862887099428e-07,64
public_task_span,16,7,1.0675815246945312e-05,0.004949886087683559,0.004949886087683559,0.5,0.00039480533632740936,-0.00037345370583351874,64
public_task_span,3,19,-4.928702401230383e-05,-0.004949808677944954,0.004949808677944954,0.5,-0.0006410541864170279,0.0005424801383924205,64
response_first,13,23,1.4292811556515517e-07,0.0049483764143580895,0.0049483764143580895,0.5,-3.0270607993543304e-06,3.312917030484641e-06,64
final_prompt,30,22,-6.364601290457214e-07,-0.004947928600124184,0.004947928600124184,0.5,1.68126380230985e-05,-1.808555828118994e-05,64
public_task_span,6,23,-7.548161647717174e-06,-0.0049465104837464685,0.0049465104837464685,0.5,-0.00024365575882256564,0.00022855943552713126,64
response_mean,7,6,1.7232472515678647e-07,0.004945824345306342,0.004945824345306342,0.515625,5.396228885969142e-07,-1.9497343828334209e-07,64
response_mean,6,9,3.5327157093014143e-06,0.004932708614320007,0.004932708614320007,0.484375,-0.00026657579655874064,0.00027364122797734347,64
public_task_span,25,11,4.631291176337629e-06,0.004930699588407916,0.004930699588407916,0.5,-0.0002579721731308229,0.0002672347554834982,64
response_mean,18,23,-1.7522957023174507e-05,-0.004926531319587715,0.004926531319587715,0.5,-0.0016711657317500643,0.0016361198177037154,64
final_prompt,18,30,-8.700496437087044e-06,-0.004921969541885353,0.004921969541885353,0.515625,0.0012386705493554106,-0.0012560715422295847,64
response_mean,32,17,-4.929445935878623e-07,-0.004921576749637666,0.004921576749637666,0.515625,-3.6630332260763655e-06,2.6771440389006375e-06,64
public_task_span,7,28,1.277015400091841e-07,0.004921233053598191,0.004921233053598191,0.5,2.3001859403848357e-06,-2.0447828603664675e-06,64
response_first,8,26,9.768871677804541e-06,0.004919208668620155,0.004919208668620155,0.5,0.0001489644782850359,-0.0001294267349294267,64
response_mean,5,2,-8.81406449480004e-05,-0.004915265081955499,0.004915265081955499,0.5,-0.0038872120494488596,0.0037109307595528593,64
public_task_span,31,26,9.432637853016777e-07,0.004912753001894969,0.004912753001894969,0.5,-8.402190132973974e-06,1.0288717703577342e-05,64
response_mean,16,25,-4.95463791593843e-06,-0.004907756722734524,0.004907756722734524,0.484375,0.00025552633087499814,-0.00026543560670687507,64
response_mean,8,1,-3.463710982034115e-06,-0.004905555169672918,0.004905555169672918,0.515625,0.00010136530090676473,-0.00010829272287083295,64
public_task_span,18,23,8.335436632479908e-06,0.004901034261278428,0.004901034261278428,0.5,0.0003003035990332038,-0.0002836327257682439,64
public_task_span,26,11,3.2272663474943543e-07,0.004886112790037783,0.004886112790037783,0.5,5.94994656921446e-06,-5.304493299715589e-06,64
public_task_span,10,17,2.724653313635012e-06,0.004873559842003011,0.004873559842003011,0.5,0.00023533018065789442,-0.00022988087403062442,64
response_mean,3,8,4.125473788007649e-05,0.00487233651125755,0.00487233651125755,0.5,-0.0017658457363722874,0.0018483552121324408,64
response_first,3,6,-4.0380553684826005e-05,-0.004869584638588303,0.004869584638588303,0.5,-0.0014647168344481543,0.0013839557270785025,64
response_first,2,25,-8.728198736208129e-06,-0.004864754840419976,0.004864754840419976,0.484375,-0.0002914255019277255,0.00027396910445530925,64
response_first,9,31,1.2690501693946032e-07,0.0048584474349409905,0.0048584474349409905,0.5,-2.655843523324819e-06,2.9096535572037396e-06,64
final_prompt,4,4,-4.679058145029807e-05,-0.004853459265977556,0.004853459265977556,0.5,-0.0013514372752751957,0.0012578561123745995,64
response_mean,14,18,3.1353893064089344e-06,0.004847468121357136,0.004847468121357136,0.484375,-0.00010804061093948545,0.00011431138955230331,64
final_prompt,0,8,9.52341724769219e-06,0.004845701106794573,0.004845701106794573,0.5,-0.0005227144647506032,0.0005417612992459876,64
response_mean,1,31,1.405250543484672e-05,0.004824968100783919,0.004824968100783919,0.515625,-0.0012721747923478439,0.001300279803217537,64
response_mean,17,17,1.909491402330007e-05,0.0048223779285117155,0.0048223779285117155,0.5,-0.0009143959377979499,0.0009525857658445501,64
final_prompt,30,30,5.570244638851768e-07,0.004822052938829714,0.004822052938829714,0.5,1.2826244983440964e-05,-1.1712196055670616e-05,64
response_mean,1,20,-1.4657918654848405e-05,-0.004819496267783406,0.004819496267783406,0.5,-0.00010467474930920005,7.535891199950313e-05,64
final_prompt,33,3,2.4096250683661025e-07,0.004815778619359241,0.004815778619359241,0.5,-5.307918229392324e-06,5.789843243065545e-06,64
final_prompt,16,1,3.3715427605440246e-07,0.004793504147283473,0.004793504147283473,0.5,8.102042329484947e-06,-7.427733777376144e-06,64
public_task_span,0,7,2.7086198315371833e-05,0.004791086061136715,0.004791086061136715,0.5,-0.0005347899350454064,0.00058896233167615,64
public_task_span,1,10,-2.0723578927568534e-05,-0.004790253828593817,0.004790253828593817,0.5,-0.0007264890155056468,0.0006850418576505096,64
response_first,29,30,-1.376143217145027e-07,-0.004787031582604209,0.004787031582604209,0.5,1.0063598665541113e-06,-1.2815885099831167e-06,64
final_prompt,12,25,4.637618289393686e-08,0.00478634824688036,0.00478634824688036,0.5,-1.6832558955570676e-06,1.7760082613449413e-06,64
response_first,5,2,-0.00023199882707558746,-0.004783365163942751,0.004783365163942751,0.5,-0.009983070602174848,0.009519072948023679,64
response_mean,35,10,9.852672064887147e-07,0.004777690712626145,0.004777690712626145,0.5,-3.7536113723029706e-05,3.950664813600713e-05,64
response_first,13,10,1.9339669279422365e-06,0.004768129240877958,0.004768129240877958,0.515625,-0.00020205819646431752,0.000205926130320202,64
response_first,3,4,3.9903725337355866e-05,0.004768114859192881,0.004768114859192881,0.515625,-0.0015106627251952867,0.0015904701758699985,64
post_selector,16,1,1.1907348380192227e-05,0.004759514710141568,0.004759514710141568,0.484375,-0.0008608573989476907,0.000884672095708075,64
public_task_span,11,10,3.120001849769514e-06,0.004755985388652968,0.004755985388652968,0.5,0.00014437843287850717,-0.0001381384291789681,64
response_first,5,4,-2.4039230197545384e-06,-0.004750501128390315,0.004750501128390315,0.5,-0.00013546378841054573,0.00013065594237103665,64
public_task_span,8,5,-4.2993019633408055e-07,-0.004748850916560361,0.004748850916560361,0.5,-3.3416432643211167e-06,2.481782871652954e-06,64
response_mean,14,23,-8.705403160996888e-06,-0.004746607868799249,0.004746607868799249,0.5,-0.0002115513743774344,0.00019414056805544056,64
final_prompt,6,27,-1.1278360261711504e-05,-0.004745805822983167,0.004745805822983167,0.5,-0.0005656579826336216,0.0005431012621101987,64
response_first,19,26,-3.522438607461709e-08,-0.004743148246691843,0.004743148246691843,0.5,-2.6148876361986595e-06,2.5444388640494253e-06,64
response_first,34,30,2.0074567146363514e-06,0.004740068970902886,0.004740068970902886,0.53125,-0.0002527695996832011,0.0002567845131124738,64
response_mean,7,3,-1.7640704754739512e-05,-0.0047377060696062534,0.0047377060696062534,0.515625,8.186080958694577e-05,-0.00011714221909642496,64
response_mean,8,17,-2.302318534930242e-05,-0.0047255930374745046,0.0047255930374745046,0.5,0.002581169101176754,-0.0026272154718753587,64
response_mean,12,28,-6.707238071616425e-07,-0.004722894550143472,0.004722894550143472,0.53125,-3.357624530053189e-05,3.223479768620862e-05,64
response_first,30,8,1.2891239293828775e-06,0.004722431980023218,0.004722431980023218,0.5,-0.00015791533348872362,0.0001604935813474894,64
response_first,8,31,7.790735025989087e-06,0.004719247474539757,0.004719247474539757,0.5,0.0006342746423797307,-0.0006186931723277525,64
public_task_span,21,23,2.5945862489576866e-06,0.004719206421846227,0.004719206421846227,0.5,-6.83332546032093e-05,7.35224271011247e-05,64
public_task_span,2,26,-5.9599187807202756e-06,-0.0047191020840180115,0.0047191020840180115,0.5,-0.00014137091966403745,0.00012945108210259685,64
final_prompt,17,10,-3.1109648261887296e-06,-0.004718268164936219,0.004718268164936219,0.5,-0.00014666834431408866,0.00014044641466171123,64
public_task_span,1,9,1.739513754728818e-05,0.00471489131222262,0.00471489131222262,0.5,0.0007545105254394074,-0.0007197202503448312,64
final_prompt,14,8,2.559499421289782e-07,0.004713825178938765,0.004713825178938765,0.5,-1.1894163918668117e-05,1.2406063802926073e-05,64
public_task_span,33,26,8.390892389819749e-07,0.004708803603104364,0.004708803603104364,0.5,-1.7002369872893527e-05,1.8680548350857476e-05,64
response_first,9,19,-2.818067486036659e-07,-0.00470437518707099,0.00470437518707099,0.5,-2.8558698005549586e-05,2.799508450834225e-05,64
final_prompt,17,26,-1.9694916773008167e-06,-0.004703601469875869,0.004703601469875869,0.5,0.00015934958707929738,-0.00016328857043389902,64
final_prompt,3,22,-1.907908426802024e-05,-0.0047021215326060704,0.0047021215326060704,0.5,-0.0005765495661762657,0.0005383913976402249,64
response_first,17,27,-6.978539417450657e-07,-0.004698978561784901,0.004698978561784901,0.5,-4.817757152863464e-05,4.678186364514451e-05,64
public_task_span,29,18,1.2294567568484366e-06,0.004698460481931524,0.004698460481931524,0.5,-9.831974603001322e-05,0.00010077865954371008,64
final_prompt,9,2,1.2575651453516912e-07,0.004695745525303697,0.004695745525303697,0.5,3.972873173552216e-06,-3.721360144481878e-06,64
public_task_span,29,26,-8.615405022284779e-06,-0.00468513634495889,0.00468513634495889,0.5,-0.0006080340226617281,0.0005908032126171587,64
response_mean,14,2,-6.181899152566309e-07,-0.004679708235762591,0.004679708235762591,0.5,6.433814405681387e-06,-7.67019423619465e-06,64
public_task_span,25,19,-1.6912103717337555e-07,-0.00467445040639426,0.00467445040639426,0.484375,3.836769053605072e-07,-7.219189797072583e-07,64
final_prompt,15,7,6.457127028659245e-07,0.004673481697710418,0.004673481697710418,0.5,1.7853744338935574e-05,-1.6562318933203728e-05,64
public_task_span,17,2,1.1753722901626561e-05,0.004671679264369638,0.004671679264369638,0.5,0.00037614459688484057,-0.00035263715108158744,64
response_first,16,27,1.275117497812241e-06,0.004666621399169308,0.004666621399169308,0.5,-3.226013674861565e-05,3.481037174424014e-05,64
response_mean,14,15,-3.7556865208905583e-06,-0.004665467670503647,0.004665467670503647,0.5,-3.4388115636829454e-05,2.6876742595048406e-05,64
response_first,33,20,4.6215848215048035e-06,0.004664964841688476,0.004664964841688476,0.5,-0.0004752771556013484,0.00048452032524435803,64
final_prompt,15,1,-2.080880221907595e-06,-0.004664149891639248,0.004664149891639248,0.5,-9.404006050316926e-05,8.987830005935403e-05,64
public_task_span,12,16,2.333656084372268e-06,0.0046517286091141965,0.0046517286091141965,0.5,5.007786057831361e-05,-4.541054840956907e-05,64
response_mean,12,6,-7.102766403471205e-06,-0.004648682190409903,0.004648682190409903,0.484375,-0.00021151196369827597,0.00019730643089133348,64
final_prompt,18,27,-1.2605549812902141e-06,-0.004641705365802004,0.004641705365802004,0.5,0.0001229986799557854,-0.0001255197899183658,64
public_task_span,7,30,-1.1325761306579807e-07,-0.004638699043303331,0.004638699043303331,0.5,-2.2260696255216317e-06,1.9995543993900355e-06,64
public_task_span,4,28,-1.911702383950169e-05,-0.004636947210017549,0.004636947210017549,0.5,-2.475719884388757e-05,-1.3476848835116025e-05,64
final_prompt,8,4,1.0288528073904365e-06,0.004629205780470614,0.004629205780470614,0.5,-1.4185872942105514e-05,1.6243578556886383e-05,64
final_prompt,14,3,-1.5374284956237716e-07,-0.00462680607796573,0.00462680607796573,0.5,4.133343097123543e-06,-4.440828796248297e-06,64
final_prompt,28,16,-1.0415600399980842e-06,-0.00462389137024741,0.00462389137024741,0.515625,-0.00012361165181572187,0.0001215285317357257,64
final_prompt,16,0,-2.034452563742813e-06,-0.00462159883447061,0.00462159883447061,0.5,8.56840608776063e-06,-1.263731121524625e-05,64
public_task_span,25,12,-3.760331424066059e-07,-0.004619506029038801,0.004619506029038801,0.5,2.7158347961623402e-05,-2.7910414246436614e-05,64
response_first,14,21,-2.9411887680893906e-07,-0.004616621601568887,0.004616621601568887,0.5,-1.1318545432456395e-05,1.0730307678838517e-05,64
final_prompt,10,16,2.437880368689096e-07,0.004603119462011183,0.004603119462011183,0.5,-7.122636702659549e-06,7.610212776397369e-06,64
public_task_span,3,10,3.0994711778487436e-05,0.004602340022118188,0.004602340022118188,0.5,-0.0008769756022956999,0.0009389650258526749,64
final_prompt,11,14,1.1213754987696861e-05,0.004597525603348454,0.004597525603348454,0.5,0.0008462769219477093,-0.0008238494119723157,64
response_first,35,23,-5.682163646274934e-06,-0.004584367584733956,0.004584367584733956,0.515625,-0.00015689585052314513,0.00014553152323059528,64
public_task_span,27,20,-8.709908797756505e-06,-0.0045707431750605055,0.0045707431750605055,0.5,-0.000596135767409578,0.0005787159498140651,64
response_first,7,21,-1.5756222637739236e-06,-0.004564949413065253,0.004564949413065253,0.5,6.439162643800527e-05,-6.754287096555311e-05,64
response_first,8,12,1.3411786881079024e-07,0.004563647657335806,0.004563647657335806,0.5,9.55031589455757e-06,-9.28208015693599e-06,64
final_prompt,20,25,2.530918663978125e-06,0.004548587961085773,0.004548587961085773,0.5,5.471584336191877e-05,-4.9654006033962497e-05,64
final_prompt,3,29,2.1716532046410204e-05,0.004542066417490874,0.004542066417490874,0.5,-0.0009448150340176604,0.0009882480981104808,64
response_first,35,7,1.1059025695203673e-07,0.004536563074467037,0.004536563074467037,0.5,-8.89519611746437e-07,1.11070012565051e-06,64
response_mean,1,23,8.894032362153064e-06,0.004535395967304943,0.004535395967304943,0.5,0.00020881285308860134,-0.00019102478836429518,64
response_mean,5,14,1.7443204342267163e-05,0.004533517738842688,0.004533517738842688,0.5,-0.0013564223227149215,0.001391308731399456,64
response_mean,8,25,5.854342816743853e-06,0.004532446543745456,0.004532446543745456,0.5,8.52785415190754e-05,-7.356985588558772e-05,64
response_first,1,14,2.180172032239844e-05,0.004531289952220284,0.004531289952220284,0.5,-0.0014029622325324406,0.0014465656731772376,64
final_prompt,8,29,-2.0496523234271613e-07,-0.004527104820385891,0.004527104820385891,0.5,9.30031734469468e-06,-9.710247809380114e-06,64
response_mean,15,29,-5.389584202928924e-06,-0.0045189143374045095,0.0045189143374045095,0.5,-0.00038336133457050593,0.00037258216616464806,64
response_mean,31,26,8.949746757046057e-07,0.004517098766861461,0.004517098766861461,0.5,-2.3803797887449903e-05,2.5593747238859117e-05,64
response_mean,22,26,-3.3186046266553675e-07,-0.004513879206991485,0.004513879206991485,0.5,-1.1872509730894488e-06,5.23530047758377e-07,64
response_mean,14,3,-1.5169014773171706e-06,-0.004511037882917373,0.004511037882917373,0.5,1.8280417975799413e-05,-2.131422093043375e-05,64
public_task_span,27,24,-8.01443638920651e-06,-0.004509375818667938,0.004509375818667938,0.484375,9.92856748780333e-05,-0.0001153145476564463,64
response_mean,16,27,-9.625165375851116e-07,-0.0045072593931260365,0.0045072593931260365,0.515625,-2.2120495088984473e-05,2.0195462013814246e-05,64
response_first,16,30,6.345824914440299e-07,0.0044949955887915935,0.0044949955887915935,0.5,6.105777404740727e-05,-5.9788609064519215e-05,64
final_prompt,25,16,-3.2921968795856867e-07,-0.004480951647941235,0.004480951647941235,0.484375,2.1851830183543486e-05,-2.2510269559460622e-05,64
response_mean,34,10,-1.5226142124902253e-07,-0.004467391714021157,0.004467391714021157,0.5,-1.5049996306970574e-06,1.200476788199012e-06,64
response_mean,0,3,5.892676199432809e-06,0.004465930590684575,0.004465930590684575,0.5,-5.735879312859381e-06,1.7521231711725054e-05,64
final_prompt,9,15,6.885287007212678e-07,0.004464408813646175,0.004464408813646175,0.5,3.123813041838438e-05,-2.9861073016941856e-05,64
final_prompt,16,4,-1.8832367487635434e-07,-0.004462637412167536,0.004462637412167536,0.484375,8.856281439760268e-06,-9.232928789512977e-06,64
response_mean,15,2,1.4133706827120375e-05,0.004453201503475503,0.004453201503475503,0.5,0.0003144083711958844,-0.00028614095754164374,64
response_first,5,6,-1.8776660652973162e-05,-0.004448839365939883,0.004448839365939883,0.515625,-0.0007627901792943646,0.0007252368579884182,64
response_mean,22,23,2.497881190809572e-07,0.0044406031306297306,0.0044406031306297306,0.515625,-2.4560813006494076e-05,2.506038924465599e-05,64
public_task_span,25,23,1.1591782822509552e-06,0.004439485903961198,0.004439485903961198,0.515625,-5.41456824976156e-05,5.646403906211749e-05,64
response_mean,11,19,-1.0171386008999736e-06,-0.0044292970755025534,0.0044292970755025534,0.5,-9.957548684272672e-06,7.92327148247273e-06,64
final_prompt,30,21,-4.6307186494234595e-06,-0.004426942024964681,0.004426942024964681,0.5,-9.061867785931247e-05,8.135724056046563e-05,64
final_prompt,3,2,-9.480483640801965e-06,-0.004420706554930899,0.004420706554930899,0.53125,-0.0004958171011821698,0.000476856133900566,64
response_mean,34,23,4.4132571019952454e-07,0.004418920066816777,0.004418920066816777,0.5,-4.42068342181207e-05,4.508948563851975e-05,64
final_prompt,13,27,2.249800900240228e-06,0.004416660178184407,0.004416660178184407,0.5,-7.616175935255435e-05,8.06613611530348e-05,64
final_prompt,35,29,2.7750438675896413e-06,0.004410644506849096,0.004410644506849096,0.5,0.00013416333604254638,-0.00012861324830736704,64
public_task_span,3,15,5.307206629367642e-05,0.0044028605881010485,0.0044028605881010485,0.5,-0.0022824164070698195,0.002388560539657172,64
response_mean,17,13,1.048369590254015e-06,0.004398217890766873,0.004398217890766873,0.5,1.460181493940182e-05,-1.2505075758893789e-05,64
response_mean,7,9,-2.0673087419489555e-07,-0.004396045349696511,0.004396045349696511,0.5,7.55688927256516e-06,-7.970351020954951e-06,64
response_first,20,15,2.562812007056047e-07,0.0043932832297636885,0.0043932832297636885,0.5,-2.0241645589888997e-05,2.0754207991300206e-05,64
response_mean,3,17,-5.616263194949411e-06,-0.004378968622787494,0.004378968622787494,0.5,-0.00020571734296481563,0.00019448481657491682,64
public_task_span,25,0,3.5127404771665314e-06,0.004378769304153722,0.004378769304153722,0.515625,-0.0003905685171048198,0.0003975939980591528,64
response_first,2,31,-3.947548719905723e-06,-0.0043778699938328515,0.0043778699938328515,0.5,-0.0001993128005892531,0.00019141770314944163,64
final_prompt,22,14,-5.065614459448322e-06,-0.004369732677193127,0.004369732677193127,0.484375,-0.000371664849808425,0.00036153362088952836,64
public_task_span,2,7,-2.21466398215847e-05,-0.004368805609890941,0.004368805609890941,0.5,-0.0010788916797536971,0.0010345984001105275,64
response_mean,5,30,-8.724719378960054e-06,-0.004367700559782777,0.004367700559782777,0.5,-0.0004012553634993256,0.0003838059247414055,64
response_first,28,30,2.1284122908582503e-07,0.00436517316421893,0.00436517316421893,0.5,2.881570594581717e-06,-2.455888136410067e-06,64
response_mean,32,21,9.151077051749752e-08,0.004365049871073415,0.004365049871073415,0.515625,-1.5691146870708875e-06,1.7521362281058832e-06,64
response_mean,11,25,1.0664850833646317e-06,0.004358035515673306,0.004358035515673306,0.5,-2.9232202450635602e-05,3.1365172617364855e-05,64
final_prompt,4,3,3.240192199885198e-06,0.004357621675988542,0.004357621675988542,0.5,-8.693844392837668e-05,9.341882832814707e-05,64
response_first,22,20,9.236246114598432e-06,0.004354346912280008,0.004354346912280008,0.5,-0.0005661079048877657,0.0005845803971169625,64
final_prompt,9,22,-1.117013539436519e-06,-0.004345059744031835,0.004345059744031835,0.5,3.2001469207897275e-05,-3.423549628677032e-05,64
final_prompt,1,6,4.157722287348422e-06,0.004328029314732782,0.004328029314732782,0.5,-0.00020852879242737495,0.0002168442370020719,64
response_first,2,21,5.0892755098169836e-05,0.0043276502263747,0.0043276502263747,0.5,0.002554860286181769,-0.002453074775985429,64
response_mean,16,30,3.0218292295129704e-06,0.004317215757231195,0.004317215757231195,0.5,0.00032078114213616516,-0.0003147374836771392,64
response_mean,6,11,-3.059078881051256e-05,-0.004312729281599877,0.004312729281599877,0.5,-0.0007441945781465626,0.0006830130005255374,64
response_first,14,18,2.5861299945926985e-06,0.004295528891929353,0.004295528891929353,0.5,-2.7451455025580825e-05,3.26237150147662e-05,64
response_first,17,7,-5.491441470448077e-07,-0.004292660666730962,0.004292660666730962,0.5,5.511112703934342e-07,-1.6493995644830446e-06,64
response_first,27,23,1.9797846917413153e-08,0.004290959224061889,0.004290959224061889,0.5,-7.697768680259287e-07,8.093725618607549e-07,64
response_first,24,21,1.782390654626565e-06,0.004279924205183092,0.004279924205183092,0.5,-5.5707411320334374e-05,5.9272192629587504e-05,64
response_first,3,24,-6.241344158298056e-05,-0.00426350230153968,0.00426350230153968,0.5,-0.002279115154124151,0.0021542882709581898,64
public_task_span,24,0,2.488946506674384e-07,0.0042613731252149735,0.0042613731252149735,0.5,-1.0068688879978688e-05,1.0566478181313563e-05,64
public_task_span,2,14,-1.3852004485671141e-05,-0.004259640147724778,0.004259640147724778,0.5,-0.0010900631532422156,0.0010623591442708732,64
response_first,8,23,-4.7363795374536267e-07,-0.004259217615622671,0.004259217615622671,0.515625,2.7665688435264403e-05,-2.8612964342755128e-05,64
public_task_span,22,31,-2.0434177713462437e-05,-0.00425481417099407,0.00425481417099407,0.5,0.00025699182879180014,-0.00029786018421872474,64
response_mean,15,3,7.656170964767797e-06,0.00423390987055243,0.00423390987055243,0.5,0.0003065170003537779,-0.0002912046584242423,64
final_prompt,34,13,-1.7591415257811605e-07,-0.004228364145105475,0.004228364145105475,0.5,-6.226295624855993e-06,5.874467319699761e-06,64
public_task_span,17,16,3.52778329215295e-06,0.004221180139297792,0.004221180139297792,0.515625,0.0001609728137736845,-0.00015391724718937864,64
final_prompt,15,6,5.215460774365976e-08,0.004212238913944655,0.004212238913944655,0.5,-1.551818940015437e-07,2.594911094888628e-07,64
public_task_span,1,15,-5.0971029850170415e-06,-0.0042089888443678294,0.0042089888443678294,0.5,-0.000661889680486615,0.0006516954745165809,64
response_mean,16,3,3.185331401310058e-06,0.004196049135161525,0.004196049135161525,0.5,0.00027416438297933116,-0.0002677937201767111,64
response_mean,8,12,4.4798230192065266e-07,0.004190680445556612,0.004190680445556612,0.515625,1.671870995778025e-05,-1.5822745353938938e-05,64
public_task_span,1,27,-1.0665247827998985e-05,-0.00418706762271862,0.00418706762271862,0.5,0.0004021485874545663,-0.00042347908311056437,64
response_mean,1,29,5.097565917825672e-06,0.00418676758512477,0.00418676758512477,0.5,-0.00035995824691778837,0.00037015337875343976,64
public_task_span,35,9,9.516195859757742e-06,0.0041794520671201065,0.0041794520671201065,0.5,5.233299452811244e-05,-3.330060280859687e-05,64
final_prompt,31,18,1.4761246802763317e-07,0.004178648478858007,0.004178648478858007,0.53125,-3.0784298132960487e-07,6.030679173848712e-07,64
response_first,15,19,-1.6387124990302482e-08,-0.004172727129278649,0.004172727129278649,0.5,1.384945029769824e-07,-1.7126875295758737e-07,64
final_prompt,31,29,1.86428696906663e-05,0.004171707955648913,0.004171707955648913,0.515625,-0.00043863354221685194,0.00047591928159818454,64
public_task_span,7,23,2.0834211227356384e-06,0.004170519118685668,0.004170519118685668,0.5,-2.7333195362188446e-05,3.1500037607659696e-05,64
response_mean,35,7,1.4467718756350223e-07,0.004168674275321365,0.004168674275321365,0.5,-8.096324108919362e-07,1.0989867860189406e-06,64
response_first,6,30,-1.6023695479820793e-05,-0.004152382266896663,0.004152382266896663,0.5,-0.0013066246465314032,0.0012745772555717615,64
public_task_span,3,16,3.717461368069291e-05,0.004144876654823251,0.004144876654823251,0.5,-0.0029077068611513645,0.0029820560885127504,64
final_prompt,8,1,5.096865152092551e-07,0.004140807940490232,0.004140807940490232,0.5,2.4500379822623653e-06,-1.4306649518438567e-06,64
response_mean,2,9,-2.082906212307967e-05,-0.004132475801327655,0.004132475801327655,0.5,-0.002063446041574916,0.002021787917328756,64
final_prompt,16,2,1.356291164712983e-06,0.004132423144417555,0.004132423144417555,0.5,5.011370291186123e-05,-4.7401120582435275e-05,64
response_first,31,13,2.0429991991461673e-06,0.0041251565712958896,0.0041251565712958896,0.515625,-0.0003332600373368854,0.0003373460357351777,64
response_mean,8,8,-9.50635126173438e-08,-0.004124803920767523,0.004124803920767523,0.5,1.5969135347404515e-06,-1.7870405599751393e-06,64
response_mean,18,2,-9.381189329368762e-06,-0.004121562781731127,0.004121562781731127,0.5,-0.0003133563832307188,0.00029459400457198116,64
public_task_span,29,7,-3.195675390088385e-06,-0.004121002855617692,0.004121002855617692,0.46875,-0.00034294172019143896,0.00033655036941126224,64
response_mean,7,15,4.571602119085583e-08,0.004120563164268237,0.004120563164268237,0.5,1.1094774947650876e-06,-1.018045452383376e-06,64
public_task_span,28,2,-3.5887269405122414e-06,-0.004119433603151427,0.004119433603151427,0.5,-0.00037048788044556624,0.00036331042656454176,64
final_prompt,3,24,-3.3991711461556695e-05,-0.00410763029369628,0.00410763029369628,0.5,-0.0016259430394711559,0.001557959616548043,64
response_mean,35,28,3.339133400003124e-06,0.004104527766708698,0.004104527766708698,0.5,-5.4343541705743716e-05,6.1021808505750004e-05,64
public_task_span,16,29,4.703630338554287e-06,0.004100310428853904,0.004100310428853904,0.5,0.00014806617264183516,-0.0001386589119647266,64
response_mean,16,18,-3.7260858789550208e-06,-0.0040963983653728095,0.0040963983653728095,0.5,0.0002601141318336845,-0.0002675663035915945,64
response_mean,30,28,-9.274972967432394e-08,-0.004092344649177408,0.004092344649177408,0.5,1.8656757845292304e-06,-2.0511752438778785e-06,64
final_prompt,12,26,7.256784897471456e-07,0.004085977487767668,0.004085977487767668,0.5,-3.829780621343727e-05,3.974916319293157e-05,64
final_prompt,14,7,2.8604639510414286e-06,0.004084682521905938,0.004084682521905938,0.5,-5.492898685587894e-05,6.064991475796184e-05,64
response_first,1,23,1.667551987337815e-05,0.0040773288431108405,0.0040773288431108405,0.5,0.0005926081648794813,-0.000559257125132725,64
final_prompt,14,9,5.5594369996469944e-08,0.00407350638526483,0.00407350638526483,0.5,1.35674935819452e-06,-1.24556061820158e-06,64
response_mean,12,17,6.196796107381745e-07,0.004066435825297573,0.004066435825297573,0.5,7.500019592047256e-06,-6.2606603705709104e-06,64
public_task_span,33,4,2.8489794203810374e-06,0.00406574543578402,0.00406574543578402,0.5,-0.00011322822592772718,0.00011892618476848922,64
final_prompt,18,21,2.0451059299384116e-06,0.004065227486838768,0.004065227486838768,0.515625,2.0613635570052304e-05,-1.6523423710175464e-05,64
response_mean,7,0,-6.065546585881269e-06,-0.004057385740813497,0.004057385740813497,0.5,3.4852033422796904e-05,-4.698312659455933e-05,64
response_mean,8,19,4.465478468772475e-06,0.004055028919180252,0.004055028919180252,0.515625,0.0001766357281667241,-0.00016770477122917914,64
final_prompt,32,1,2.9089319468783044e-06,0.004053757808465497,0.004053757808465497,0.515625,-0.0001752274492900975,0.00018104531318385408,64
public_task_span,31,27,2.615247467477816e-07,0.004053178230465458,0.004053178230465458,0.5,1.353662639761203e-06,-8.306131462656433e-07,64
public_task_span,2,13,-9.61680780164686e-06,-0.004053006395355608,0.004053006395355608,0.5,-0.0008138118791975958,0.0007945782635943022,64
public_task_span,27,23,8.353708835782855e-06,0.00405164834377414,0.00405164834377414,0.5,-0.0002972828588099219,0.0003139902764814875,64
response_first,22,16,1.9237870674156855e-07,0.004049540783521086,0.004049540783521086,0.515625,1.8229427723780264e-05,-1.7844670310297127e-05,64
public_task_span,3,8,-5.042532575316391e-05,-0.004047645971681805,0.004047645971681805,0.515625,-0.000446063117124133,0.00034521246561780615,64
response_first,6,2,4.501552484725439e-05,0.004047223477090394,0.004047223477090394,0.5,-0.002010648026043769,0.002100679075738279,64
final_prompt,32,30,-6.593833745651192e-07,-0.004045696317878849,0.004045696317878849,0.5,2.893354968591809e-05,-3.025231643504833e-05,64
public_task_span,23,17,7.357729145932809e-07,0.004040664392774911,0.004040664392774911,0.5,6.04622539412836e-05,-5.899070811209704e-05,64
final_prompt,18,19,7.1451448775402355e-06,0.004037446453926793,0.004037446453926793,0.515625,0.0004577308556576921,-0.0004434405659026117,64
response_mean,34,26,3.1692530910706337e-07,0.004035757184254845,0.004035757184254845,0.515625,2.733715416524183e-05,-2.6703303547027708e-05,64
response_first,3,10,4.659672686103131e-05,0.00403503037402085,0.00403503037402085,0.5,-0.0016699812995284384,0.0017631747532505005,64
response_mean,1,7,-1.9999815776769944e-06,-0.004024832953371018,0.004024832953371018,0.5,6.055909761926309e-05,-6.455906077461709e-05,64
public_task_span,30,28,4.5147817217933197e-07,0.004024055779701761,0.004024055779701761,0.5,2.760872939687581e-05,-2.670577305251715e-05,64
public_task_span,35,1,4.0584154703210216e-07,0.004013980742588463,0.004013980742588463,0.5,4.33025816164279e-05,-4.249089852236369e-05,64
response_mean,28,5,3.7576492104531353e-06,0.0040120029937441674,0.0040120029937441674,0.5,-4.1799274185918914e-05,4.9314572606825124e-05,64
public_task_span,6,29,-1.2848754522570057e-05,-0.004007183351848877,0.004007183351848877,0.46875,-0.0008782957593211737,0.0008525982502760337,64
response_first,4,23,-3.237522878407357e-05,-0.003997792330403112,0.003997792330403112,0.5,-0.0014202764580204448,0.0013555260004522978,64
response_first,23,1,2.714576510264148e-07,0.003989284559820053,0.003989284559820053,0.515625,1.0530050190020833e-05,-9.987134887968004e-06,64
public_task_span,35,19,3.6542915040610723e-06,0.0039842655305275905,0.0039842655305275905,0.515625,-2.9699520382555963e-05,3.700810339067807e-05,64
response_mean,22,29,2.6151954557552757e-07,0.003983901427282541,0.003983901427282541,0.5,7.350609507743507e-07,-2.1202185962329643e-07,64
final_prompt,11,3,1.259249256691246e-05,0.003981164053025217,0.003981164053025217,0.5,-0.0013981246738694346,0.0014233096590032595,64
final_prompt,9,19,2.6919765305777332e-09,0.003980030830661817,0.003980030830661817,0.5,-1.4018990923680974e-07,1.455738622979652e-07,64
public_task_span,10,22,-7.906160135461872e-07,-0.003978301578409712,0.003978301578409712,0.5,-1.8337716028323426e-05,1.675648400123106e-05,64
response_mean,35,14,6.48902869220957e-07,0.0039710911180397745,0.0039710911180397745,0.5,-1.1487310985101305e-05,1.2785116723543219e-05,64
response_mean,26,11,6.457933210413134e-08,0.0039670591506132166,0.0039670591506132166,0.5,1.249538328806921e-06,-1.1203796645986586e-06,64
response_first,2,16,9.77664421952386e-06,0.003962629151403976,0.003962629151403976,0.515625,-2.0546998712244472e-05,4.010028715129227e-05,64
public_task_span,27,6,-8.840804639530701e-07,-0.003961616293057827,0.003961616293057827,0.5,-2.9213877951417132e-05,2.7445717023510965e-05,64
response_first,33,1,5.25488303535096e-07,0.003948353112220961,0.003948353112220961,0.5,-5.628958638224843e-05,5.7340562989318627e-05,64
public_task_span,35,15,-1.1273390555293766e-05,-0.003935516565899869,0.003935516565899869,0.5,-0.00042576959822326253,0.00040322281711267495,64
response_mean,33,26,-3.516864524075384e-07,-0.003930716262577974,0.003930716262577974,0.5,-2.5061681867569538e-06,1.8027952819418744e-06,64
response_mean,5,9,3.115133040407819e-06,0.003929261214630184,0.003929261214630184,0.5,-6.698012657579687e-05,7.321039265661252e-05,64
final_prompt,34,3,2.019743988057658e-05,0.003923676379286427,0.003923676379286427,0.5,-0.0007395757565973251,0.0007799706363584783,64
public_task_span,26,1,7.278089469757212e-06,0.003921607662314288,0.003921607662314288,0.5,-0.00017108488827944707,0.00018564106721896155,64
response_first,21,23,-8.215624234265603e-07,-0.0039166196974286865,0.0039166196974286865,0.515625,-4.606232289459956e-05,4.4419198047746445e-05,64
response_mean,13,25,-2.757742549873844e-06,-0.003910094374340388,0.003910094374340388,0.5,-0.00017663871403782833,0.00017112322893808067,64
response_first,20,0,1.0942737382918029e-07,0.003907909983588351,0.003907909983588351,0.5,9.681861911303195e-06,-9.463007163644834e-06,64
response_first,17,29,1.353764123024348e-08,0.0038898193351106403,0.0038898193351106403,0.5,1.8641421561937932e-06,-1.8370668737333062e-06,64
final_prompt,10,8,5.861316054733823e-08,0.0038859990381173637,0.0038859990381173637,0.5,-1.2691970994183066e-06,1.3864234205129833e-06,64
final_prompt,3,28,-6.037615106537113e-06,-0.0038831003832928285,0.0038831003832928285,0.5,-0.0003310515533065897,0.0003189763230935155,64
public_task_span,14,29,-1.1755371360740273e-06,-0.0038786283271389005,0.0038786283271389005,0.5,2.0525508261970306e-06,-4.4036250983450734e-06,64
final_prompt,18,16,1.2903672441666458e-07,0.003875154155999134,0.003875154155999134,0.5,1.4063274072384502e-05,-1.3805200623551173e-05,64
final_prompt,1,3,3.1239011377580996e-07,0.0038683787209038045,0.0038683787209038045,0.5,-1.0044306861798528e-05,1.0669087089350148e-05,64
public_task_span,4,22,1.5509416698474747e-05,0.0038650844470816182,0.0038650844470816182,0.5,-0.0017585529567440824,0.0017895717901410325,64
response_first,17,11,-3.4609206522996635e-07,-0.0038640328691054407,0.0038640328691054407,0.5,-2.204216855264686e-06,1.5120327248047607e-06,64
public_task_span,26,21,-1.7517959349728544e-07,-0.003859675099423925,0.003859675099423925,0.484375,-1.54920542172462e-05,1.514169503025163e-05,64
response_mean,8,18,1.1521947840211626e-06,0.003849099795191766,0.003849099795191766,0.5,-4.944016393438702e-05,5.1744553502429354e-05,64
response_mean,12,11,-1.505980935689687e-05,-0.0038472607327390946,0.0038472607327390946,0.484375,0.0005861830441063101,-0.0006163026628201039,64
response_mean,16,5,-6.729688379888717e-07,-0.0038466035779576354,0.0038466035779576354,0.484375,5.867901757027195e-05,-6.0024955246249695e-05,64
final_prompt,18,31,4.135384187981606e-06,0.003840595844879708,0.003840595844879708,0.515625,0.0004512732084549358,-0.0004430024400789726,64
response_first,11,29,2.2185230363953934e-07,0.003829209323612598,0.003829209323612598,0.5,-5.455338055072093e-06,5.89904266235117e-06,64
public_task_span,13,2,-1.1229910342075495e-05,-0.003828332602326364,0.003828332602326364,0.5,0.00023589483862452155,-0.00025835465930867246,64
response_mean,18,9,1.0472206554366514e-05,0.003826559464742178,0.003826559464742178,0.5,-3.6584814097288755e-05,5.752922720602187e-05,64
response_first,19,3,3.210098751248843e-07,0.003821374914495904,0.003821374914495904,0.5,-1.1277116586328401e-05,1.191913633657817e-05,64
post_selector,3,1,-3.523567283991724e-05,-0.0038208586995028557,0.0038208586995028557,0.5,-0.000485307420603925,0.00041483607492409083,64
public_task_span,32,12,1.0834774002458234e-06,0.003807991382108207,0.003807991382108207,0.5,-3.219274913134758e-05,3.435970393183922e-05,64
public_task_span,27,7,1.9243625501952797e-06,0.003801659655861105,0.003801659655861105,0.5,-0.00013799251428281436,0.00014184123938320488,64
response_mean,5,7,-1.662112595113025e-05,-0.0038013866284653955,0.0038013866284653955,0.5,-0.0009948318265742126,0.0009615895746719521,64
response_mean,1,8,8.707625966051193e-06,0.003797860021052399,0.003797860021052399,0.5,-0.0006431252913898788,0.0006605405433219812,64
response_first,35,5,2.9580428417883625e-07,0.0037976862668349003,0.0037976862668349003,0.5,-1.4712062466032581e-06,2.062814814960934e-06,64
response_mean,5,8,-7.628080993468833e-07,-0.0037955611642449833,0.0037955611642449833,0.5,3.859830940199994e-06,-5.385447138893752e-06,64
public_task_span,32,6,-2.897893523365794e-06,-0.003785763468179726,0.003785763468179726,0.515625,-0.0003122822779459834,0.00030648649089925177,64
public_task_span,32,22,-2.1642522369796975e-06,-0.0037808063903655687,0.0037808063903655687,0.5,1.5977764633131246e-05,-2.0306269107090634e-05,64
response_mean,12,31,5.274102932161598e-06,0.0037755229539714794,0.0037755229539714794,0.515625,-0.0005786762469597206,0.0005892244528240438,64
public_task_span,19,5,-6.017999112374953e-06,-0.0037692848076622976,0.0037692848076622976,0.5,8.431161404581962e-06,-2.046715962933184e-05,64
response_first,34,26,-1.6037790828742125e-07,-0.003769125640106869,0.003769125640106869,0.5,-2.686905759220122e-06,2.3661499426452792e-06,64
response_first,6,22,-1.9390916349945348e-05,-0.0037640287883320086,0.0037640287883320086,0.5,-0.0008569999772589593,0.0008182181445590688,64
final_prompt,34,5,-7.623311830684521e-05,-0.0037531739863390133,0.0037531739863390133,0.5,0.002013509772950778,-0.0021659760095644673,64
final_prompt,21,3,7.644619017805411e-07,0.003749886020973053,0.003749886020973053,0.515625,-2.373839697611349e-05,2.5267320779674572e-05,64
response_first,8,19,6.186822702148416e-06,0.003748202255343461,0.003748202255343461,0.5,0.00019162257194693124,-0.00017924892654263435,64
final_prompt,29,21,2.3649943159227416e-07,0.003747552101877914,0.003747552101877914,0.46875,-1.1743861819009073e-05,1.2216860682193623e-05,64
public_task_span,34,7,-3.1373065212334718e-06,-0.003746140402369622,0.003746140402369622,0.5,-0.00046121497689452376,0.0004549403638520569,64
public_task_span,9,21,-9.513655641057943e-07,-0.0037452192183061376,0.0037452192183061376,0.5,6.387942630680074e-05,-6.578215743501233e-05,64
public_task_span,26,2,-6.419242708940803e-06,-0.0037451164581285604,0.0037451164581285604,0.5,-0.00015815967344678776,0.00014532118802890615,64
response_first,20,21,2.6034796008080206e-07,0.003739588391114816,0.003739588391114816,0.515625,-1.9755268198191547e-05,2.027596411835315e-05,64
final_prompt,1,11,-8.300281479019928e-06,-0.0037386467443289873,0.0037386467443289873,0.515625,-0.0002520202178857188,0.00023541965492767893,64
public_task_span,34,13,-3.221927045177246e-07,-0.0037225254879994936,0.0037225254879994936,0.5,1.51287561038663e-05,-1.5773141512901752e-05,64
final_prompt,9,31,-1.4253768831906655e-08,-0.003718042572929129,0.003718042572929129,0.5,1.080292168609276e-06,-1.1087997062730892e-06,64
final_prompt,6,7,7.2389461820422156e-06,0.0037156445119068946,0.0037156445119068946,0.5,-0.00033929722758330616,0.0003537751199473907,64
final_prompt,17,16,2.0142212520059857e-06,0.003707664008952875,0.003707664008952875,0.515625,5.463574734675859e-05,-5.06073048427466e-05,64
final_prompt,32,10,4.3617365008668865e-06,0.0037047425014229973,0.0037047425014229973,0.53125,-0.00019644443455035207,0.0002051679075520858,64
response_first,2,22,3.2234055652220696e-05,0.0036992386399339224,0.0036992386399339224,0.5,-0.0012385236113914332,0.0013029917226958737,64
final_prompt,2,23,3.317272683033961e-05,0.0036958062642183788,0.0036958062642183788,0.5,-0.0016808740674605247,0.001747219521121204,64
public_task_span,29,23,1.4982260836408136e-06,0.003693158799330954,0.003693158799330954,0.5,-0.0001684985627434652,0.00017149501491074682,64
response_mean,27,27,5.950201398295795e-07,0.003688601513165287,0.003688601513165287,0.46875,-6.100286134367522e-05,6.219290162333439e-05,64
response_mean,35,15,2.2535805328478343e-06,0.0036839350448119976,0.0036839350448119976,0.5,-0.0002074960539175578,0.0002120032149832535,64
public_task_span,8,10,4.980990979663417e-07,0.003681006599878869,0.003681006599878869,0.515625,4.982355562788005e-06,-3.986157366855321e-06,64
public_task_span,31,2,2.3440393306420045e-06,0.003680286812960673,0.003680286812960673,0.5,-6.404354644473282e-05,6.873162510601683e-05,64
final_prompt,6,10,1.9731069187339063e-06,0.0036793984160798255,0.0036793984160798255,0.5,-8.613893623988245e-05,9.008515007735029e-05,64
response_first,15,23,-3.1315323667513545e-08,-0.0036789823004901973,0.0036789823004901973,0.5,-4.4543001820329685e-07,3.8279937086826976e-07,64
final_prompt,8,12,1.7030143339912266e-07,0.003675862562038785,0.003675862562038785,0.5,1.2767052737674863e-05,-1.2426449870876617e-05,64
response_first,8,1,3.902659955193742e-06,0.0036723916102554778,0.0036723916102554778,0.5,0.0001654034022067219,-0.00015759808229633436,64
final_prompt,2,4,4.037365397379592e-05,0.003670904251938058,0.003670904251938058,0.5,-0.0020780698750968328,0.002158817183044425,64
response_first,33,21,-1.146369413620887e-06,-0.0036649970377776423,0.0036649970377776423,0.5,-0.0002537255977585687,0.0002514328589313269,64
response_first,6,24,-2.169290564779544e-05,-0.003660578168750448,0.003660578168750448,0.5,0.001127786385040953,-0.0011711721963365439,64
response_mean,1,22,-1.3333858078107784e-05,-0.0036552966317253115,0.0036552966317253115,0.5,0.00027157791191711263,-0.0002982456280733281,64
public_task_span,5,15,2.335337921976978e-05,0.0036536679330580993,0.0036536679330580993,0.5,-0.0015190215708571243,0.0015657283292966641,64
response_mean,11,7,8.628289606345415e-06,0.0036462063788701418,0.0036462063788701418,0.5,0.0006075146843613716,-0.0005902581051486806,64
response_mean,31,2,7.415139862123073e-07,0.0036449236415986505,0.0036449236415986505,0.5,-7.464707346115207e-05,7.613010143357671e-05,64
public_task_span,8,15,6.704294719366637e-07,0.0036426105383615633,0.0036426105383615633,0.5,-2.286571680087877e-05,2.4206575744752104e-05,64
response_first,3,30,5.231752311374554e-05,0.0036418238481939107,0.0036418238481939107,0.5,-0.0022074691362377035,0.0023121041824651955,64
public_task_span,30,31,2.561417318262593e-07,0.0036417096539622944,0.0036417096539622944,0.5,9.387696195516221e-06,-8.875412731863705e-06,64
public_task_span,1,21,8.492652341371784e-06,0.0036324255965898746,0.0036324255965898746,0.5,7.161319808801875e-05,-5.462789340527496e-05,64
public_task_span,8,18,-4.177808818871705e-07,-0.003627646878370461,0.003627646878370461,0.5,-1.2636870110324472e-05,1.1801308346550127e-05,64
response_first,8,22,-2.33922537517932e-06,-0.0036252386945951247,0.0036252386945951247,0.5,0.0003002957646458354,-0.00030497421539619406,64
response_mean,12,27,-9.390246304986403e-07,-0.0036246582560879185,0.0036246582560879185,0.5,-3.217143591882309e-05,3.0293386657825816e-05,64
post_selector,24,27,1.1010510206694267e-05,0.003624516724433005,0.003624516724433005,0.46875,-1.0806106729521845e-06,2.310163108634061e-05,64
public_task_span,20,24,4.0269759438075775e-07,0.003615711914824348,0.003615711914824348,0.5,-2.944500022294172e-05,3.0250395411703234e-05,64
final_prompt,8,15,-3.7920284512428573e-07,-0.003610322168786786,0.003610322168786786,0.5,1.8683738289841897e-07,-9.452430731469955e-07,64
response_first,21,12,1.303134666841288e-07,0.003604728412022341,0.003604728412022341,0.515625,1.270912127893098e-05,-1.2448494345562722e-05,64
public_task_span,12,24,8.386477929909248e-07,0.00360110780629773,0.00360110780629773,0.5,-4.824190978068361e-05,4.9919205366665454e-05,64
response_mean,6,10,-5.022435288990732e-06,-0.003597676553339772,0.003597676553339772,0.484375,0.00030601515391025566,-0.00031606002448823713,64
public_task_span,4,0,4.330209048930545e-05,0.003595082864626839,0.003595082864626839,0.53125,-0.0012069208823959224,0.0012935250633745333,64
response_first,6,28,2.0256949028406768e-05,0.0035930795339957256,0.0035930795339957256,0.5,-0.0013645159688166829,0.001405029866873496,64
public_task_span,13,6,4.020375286037489e-07,0.0035920053509001784,0.0035920053509001784,0.5,-7.72204555232751e-06,8.526120609535005e-06,64
public_task_span,6,9,-2.812841103154749e-06,-0.003586453796736083,0.003586453796736083,0.5,-0.00026667348265618367,0.00026104780044987417,64
response_mean,1,18,2.9330130928455678e-06,0.0035863270752269014,0.0035863270752269014,0.5,-0.00025756032118804946,0.0002634263473737406,64
response_first,3,27,-6.541789798574882e-05,-0.0035844248271003332,0.0035844248271003332,0.5,-0.0033376881456206303,0.0032068523496491317,64
response_mean,7,28,1.6022039517296868e-06,0.0035833361878824053,0.0035833361878824053,0.5,5.614610040538751e-05,-5.2941692501928136e-05,64
response_first,23,21,4.042826162729057e-07,0.0035829552608643823,0.0035829552608643823,0.53125,-2.135320232809942e-05,2.2161767560645234e-05,64
final_prompt,1,20,7.69279722589952e-06,0.0035805721458961374,0.0035805721458961374,0.5,0.00025050173280761253,-0.0002351161383558134,64
public_task_span,4,24,2.8000659767712932e-05,0.003571857688449291,0.003571857688449291,0.515625,-0.0011867046923725883,0.0012427060119080142,64
final_prompt,32,27,1.4432657735624964e-06,0.003567249323198426,0.003567249323198426,0.515625,9.182175745080721e-05,-8.893522590368222e-05,64
final_prompt,30,14,-6.435982413677266e-08,-0.003561567617495621,0.003561567617495621,0.515625,-3.842779108254035e-07,2.555582625518582e-07,64
response_mean,12,5,1.6379413807500754e-06,0.0035536266284704517,0.0035536266284704517,0.5,-3.401899766686667e-05,3.729488042836681e-05,64
final_prompt,12,24,2.986498657243715e-07,0.003552839922375176,0.003552839922375176,0.5,4.978497088353085e-06,-4.381197356904342e-06,64
final_prompt,11,0,1.8182231542633872e-06,0.003551382741769296,0.003551382741769296,0.5,0.00016056572894739641,-0.00015692928263886968,64
public_task_span,0,15,-4.844183422389049e-06,-0.003548792188740267,0.003548792188740267,0.5,-0.00031930427030601565,0.0003096159034612375,64
response_first,14,31,2.6611764951734436e-06,0.003547251038332562,0.003547251038332562,0.5,4.816214095626873e-05,-4.283978796592187e-05,64
final_prompt,5,5,3.140769877063744e-05,0.0035452271294414673,0.0035452271294414673,0.5,-0.001655520991334925,0.0017183363888762001,64
response_mean,3,10,2.248651617265158e-05,0.0035403512471993215,0.0035403512471993215,0.5,-0.0016921309434110095,0.0017371039757563124,64
response_first,22,31,3.1476938602312295e-06,0.0035402884901273852,0.0035402884901273852,0.5,-5.018646697861876e-05,5.648185469908125e-05,64
final_prompt,9,20,8.409251677266105e-07,0.003537707293878622,0.003537707293878622,0.5,5.415094028648089e-05,-5.246908995102765e-05,64
final_prompt,5,20,4.001672557763724e-06,0.003537677745285082,0.003537677745285082,0.5,-0.00018604210642080834,0.0001940454515363358,64
response_mean,3,16,-2.4368298909397025e-05,-0.0035315085251177475,0.0035315085251177475,0.5,-0.0014068829477764532,0.0013581463499576592,64
final_prompt,13,19,4.7706868144737e-07,0.003529787605104893,0.003529787605104893,0.5,1.3893338632438741e-05,-1.2939201269544e-05,64
final_prompt,34,2,2.143512710972345e-05,0.0035294597214800376,0.0035294597214800376,0.5,-0.001526813874988878,0.0015696841292083248,64
public_task_span,0,30,1.8412749341221817e-05,0.0035265385100056498,0.0035265385100056498,0.5,3.8276230043262336e-05,-1.450731360818757e-06,64
final_prompt,6,18,-3.7722640513493524e-06,-0.0035245865002521493,0.0035245865002521493,0.5,-0.00017859074634429234,0.0001710462182415937,64
public_task_span,12,30,1.4926854419190292e-06,0.00352316558181158,0.00352316558181158,0.5,3.599786850835472e-06,-6.144159669973831e-07,64
response_mean,10,3,2.7715356054657783e-07,0.0035203933158226364,0.0035203933158226364,0.515625,2.0980337353640234e-05,-2.0426030232547074e-05,64
public_task_span,10,18,-1.7567617760525416e-06,-0.0035203332895092673,0.0035203332895092673,0.5,3.717504932864387e-05,-4.068857288074896e-05,64
post_selector,8,7,-7.049051419028608e-06,-0.0035168011810707664,0.0035168011810707664,0.5625,0.0001710216929495709,-0.0001851197957876282,64
response_mean,8,15,4.6345235204756073e-07,0.0035089429039177186,0.0035089429039177186,0.5,4.2984508581855145e-05,-4.205760387776002e-05,64
public_task_span,6,22,-1.9757778318307828e-05,-0.0035055258677385267,0.0035055258677385267,0.5,-0.0008496028458466719,0.0008100872892100562,64
response_first,5,15,-8.50007199914573e-06,-0.0035029012754766685,0.0035029012754766685,0.484375,-0.0004849834513151876,0.00046798330731689616,64
final_prompt,33,13,9.754294296729729e-06,0.003502784815705553,0.003502784815705553,0.5,-0.00023035614140098435,0.0002498647299944436,64
public_task_span,27,25,-2.5161948542548433e-06,-0.0034975399367039753,0.0034975399367039753,0.5,-0.0002300169999216497,0.00022498461021314004,64
response_first,10,31,-1.5623334093101612e-06,-0.003490948172033855,0.003490948172033855,0.5,8.733969480090587e-06,-1.1858636298710913e-05,64
public_task_span,9,11,-4.764132768311821e-07,-0.0034899219499907774,0.0034899219499907774,0.5,-2.388341641790048e-05,2.293058986423811e-05,64
response_first,18,12,-2.3642628832554572e-07,-0.003489482622697898,0.003489482622697898,0.5,1.6965169976394736e-05,-1.7438022553045828e-05,64
response_first,4,27,-1.8701555205779283e-05,-0.0034819823821437617,0.0034819823821437617,0.5,-0.000848018695137398,0.0008106155847258391,64
public_task_span,13,8,-5.315610906106429e-06,-0.0034812396463952634,0.0034812396463952634,0.5,0.0008682361403770909,-0.0008788673621893037,64
final_prompt,31,11,-1.907425030365301e-06,-0.003480919827253381,0.003480919827253381,0.5,-0.0001371560838379078,0.00013334123377717718,64
response_first,2,5,-8.64966943936495e-06,-0.0034807691987909853,0.0034807691987909853,0.5,-0.0005089141520784186,0.0004916148131996886,64
public_task_span,33,23,-6.860460189279314e-06,-0.0034805776223990545,0.0034805776223990545,0.515625,-0.0006187399321788653,0.0006050190118003069,64
public_task_span,4,30,1.659165354794076e-05,0.003473890402516527,0.003473890402516527,0.5,-0.0022396354906959407,0.0022728187977918216,64
response_mean,9,0,2.0690737301319512e-07,0.0034724352798890835,0.0034724352798890835,0.484375,-1.874808720003392e-05,1.916190194606031e-05,64
response_mean,8,10,2.4939588172401272e-08,0.0034723387888433476,0.0034723387888433476,0.515625,-7.61375900992789e-07,8.112550773375915e-07,64
public_task_span,33,5,-2.4044725250847945e-06,-0.0034640640930142146,0.0034640640930142146,0.5,-0.0003608974329836026,0.00035608848793343287,64
public_task_span,5,8,-9.8486343631484e-06,-0.0034597409318393446,0.0034597409318393446,0.5,-0.00024113349354593127,0.0002214362248196343,64
response_mean,17,18,6.831797350072459e-07,0.0034537241199124173,0.0034537241199124173,0.5,7.189909479165677e-05,-7.053273532164227e-05,64
final_prompt,6,14,-1.2257426078575662e-05,-0.003449697656414258,0.003449697656414258,0.5,-0.0006704615743729023,0.0006459467222157512,64
public_task_span,4,25,3.335253131809559e-05,0.0034470051001204353,0.0034470051001204353,0.5,-0.0013487886026268873,0.0014154936652630787,64
response_mean,9,20,8.789913408690887e-06,0.0034452297060056504,0.0034452297060056504,0.515625,0.0011968098406214148,-0.0011792300138040329,64
response_first,7,23,-9.452602824910722e-07,-0.0034444680375415437,0.0034444680375415437,0.5,-0.00011300452584349404,0.00011111400527851189,64
response_mean,13,19,1.8403758303948215e-06,0.0034429947177499792,0.0034429947177499792,0.5,4.738114284918076e-05,-4.3700391188391133e-05,64
response_first,6,25,1.0926101822402205e-05,0.0034427160987885617,0.0034427160987885617,0.5,-0.000545061650882412,0.0005669138545272165,64
response_mean,14,12,7.585201842631072e-06,0.003441687545464519,0.003441687545464519,0.5,-5.6294765613517286e-05,7.146516929877947e-05,64
public_task_span,29,13,-5.044389865792117e-07,-0.0034398371017955653,0.0034398371017955653,0.5,-9.26117982657147e-06,8.252301853413055e-06,64
response_first,6,3,-5.033625711809342e-06,-0.0034361059519977823,0.0034361059519977823,0.5,-0.0002683138995962594,0.0002582466481726407,64
response_mean,15,21,-4.2799774746517477e-07,-0.0034274308040845827,0.0034274308040845827,0.515625,2.527712990740957e-05,-2.6133125402339922e-05,64
final_prompt,2,20,-3.5092246832849863e-05,-0.0034266187824998507,0.0034266187824998507,0.5,-0.0019881839857589533,0.001917999492093253,64
final_prompt,15,28,-7.68332881762035e-08,-0.0034262086280552055,0.0034262086280552055,0.5,-1.3789430397537217e-06,1.2252764634013147e-06,64
response_mean,19,18,-1.8913902976897847e-07,-0.003419250703217288,0.003419250703217288,0.5,-7.519015099428641e-06,7.140737039890683e-06,64
public_task_span,9,24,-4.375289108793357e-08,-0.003418798313819452,0.003418798313819452,0.5,-2.685462931140137e-06,2.5979571489642694e-06,64
public_task_span,28,15,8.662918844526987e-07,0.003418533403239805,0.003418533403239805,0.5,2.3800256713005226e-05,-2.2067672944099835e-05,64
response_mean,4,3,3.127080344711235e-05,0.003415429489089822,0.003415429489089822,0.5,-0.00030510377837346565,0.0003676453852676906,64
public_task_span,10,30,-5.518953116719235e-07,-0.0034146752028251415,0.0034146752028251415,0.5,8.681419103619406e-07,-1.971932533705795e-06,64
final_prompt,7,30,2.6874836578372197e-08,0.0034142752266213944,0.0034142752266213944,0.53125,-2.789994603347168e-06,2.8437442765039123e-06,64
response_first,11,13,-1.3857925296208225e-06,-0.00341101903266533,0.00341101903266533,0.5,6.268050128698293e-06,-9.039635187939924e-06,64
response_mean,12,1,1.6783546925613527e-06,0.0033940753996737428,0.0033940753996737428,0.5,2.157345079468561e-05,-1.8216741409562883e-05,64
response_first,35,30,-2.412063167867194e-06,-0.0033919703191387074,0.0033919703191387074,0.5,0.00017015525099850314,-0.0001749793773342375,64
response_first,15,26,-2.220434613953166e-09,-0.003387543717826744,0.003387543717826744,0.5,5.448477180536315e-08,-5.8925641033269485e-08,64
response_first,3,14,2.9000255153733482e-05,0.0033872470542581153,0.0033872470542581153,0.5,-0.001575897073962545,0.0016338975842700118,64
response_mean,35,12,1.9952603906832997e-06,0.003381660679527365,0.003381660679527365,0.484375,-0.00013617447439174583,0.0001401649951731124,64
public_task_span,0,13,2.628960646688407e-05,0.003372021506885089,0.003372021506885089,0.5,0.00042432386544531296,-0.00037174465251154504,64
final_prompt,1,25,-1.1848951544372251e-06,-0.003367539519611362,0.003367539519611362,0.484375,-6.259979272727596e-06,3.8901889638531455e-06,64
post_selector,12,3,1.8834161892293858e-05,0.003366921105670791,0.003366921105670791,0.59375,0.0007130084923119189,-0.0006753401685273315,64
response_first,13,9,-2.4200133452612874e-07,-0.0033664735555518285,0.0033664735555518285,0.5,-1.5678847660175065e-05,1.5194844991122805e-05,64
public_task_span,25,5,1.1030456903514676e-07,0.003359271044242546,0.003359271044242546,0.5,4.265967277205775e-06,-4.045358139135481e-06,64
response_first,33,5,1.966640411409371e-06,0.003358531853612329,0.003358531853612329,0.5,5.8096857173943926e-05,-5.416357635112518e-05,64
final_prompt,4,30,-1.283611595681591e-05,-0.0033550338374079567,0.0033550338374079567,0.5,-0.0008132480070343997,0.0007875757751207679,64
response_mean,9,21,1.0742912763840483e-06,0.00335097757828809,0.00335097757828809,0.5,9.844922033162612e-06,-7.696339480394515e-06,64
public_task_span,30,16,5.436804713104685e-06,0.003348358752768565,0.003348358752768565,0.5,-0.0009737409818626093,0.0009846145912888187,64
final_prompt,30,19,-8.09277366900664e-07,-0.003348023971534297,0.003348023971534297,0.5,1.6786501646488534e-05,-1.840505638028988e-05,64
public_task_span,29,31,4.4272474042333476e-07,0.003347632323436646,0.003347632323436646,0.5,4.1353825963585134e-05,-4.0468376482738464e-05,64
final_prompt,5,17,-8.377969152208956e-06,-0.0033468765239165845,0.0033468765239165845,0.5,-0.00038855946831971495,0.000371803530015297,64
response_first,5,31,-8.797155714996162e-06,-0.003344024007620715,0.003344024007620715,0.484375,-0.000927266613871314,0.0009096723024413217,64
response_first,26,11,6.36473984627628e-08,0.0033312146937955487,0.0033312146937955487,0.515625,1.215737597703992e-06,-1.0884428007784663e-06,64
response_first,20,26,3.310624833824987e-06,0.0033216938608209754,0.0033216938608209754,0.5,0.00014350350284075,-0.0001368822531731,64
response_mean,6,24,-1.3182492693884372e-05,-0.0033209203725573376,0.0033209203725573376,0.5,0.00016924995179578743,-0.0001956149371835563,64
response_first,5,28,-7.177103611868816e-06,-0.0033085625654988996,0.0033085625654988996,0.5,-0.00037946318644798967,0.0003651089792242521,64
final_prompt,3,4,2.6761519393408365e-05,0.0033048604780969368,0.0033048604780969368,0.5,-0.0014539510461872704,0.0015074740849740872,64
public_task_span,17,1,7.891272616689093e-06,0.003295626163698854,0.003295626163698854,0.5,-0.00027088995011581563,0.00028667249534919365,64
response_first,12,6,4.579580490825084e-06,0.003290756577610259,0.003290756577610259,0.515625,-0.00015265070601343415,0.0001618098669950843,64
final_prompt,9,8,2.4943823007106456e-08,0.0032737900688825806,0.0032737900688825806,0.5,-1.8890334843035816e-06,1.9389211303177945e-06,64
public_task_span,2,20,-1.2410628187356325e-05,-0.0032725280386205324,0.0032725280386205324,0.5,-0.000832435169286316,0.0008076139129116033,64
response_mean,10,10,5.264131687000642e-06,0.0032720448684047457,0.0032720448684047457,0.515625,1.6352152670145428e-05,-5.823889296144118e-06,64
final_prompt,12,12,1.2959176558523988e-06,0.0032719551663256278,0.0032719551663256278,0.484375,-3.5885250554206166e-05,3.847708586591097e-05,64
response_mean,13,18,1.5903513030917194e-06,0.0032675691614388273,0.0032675691614388273,0.484375,-0.00011691344957398214,0.00012009415218016557,64
final_prompt,13,7,1.8736447771161937e-07,0.0032605740066045225,0.0032605740066045225,0.5,-6.002737364949649e-06,6.377466320372889e-06,64
public_task_span,5,12,9.943743862095262e-06,0.0032565705369118673,0.0032565705369118673,0.5,-0.0006537184926855626,0.000673605980409753,64
final_prompt,30,23,-5.613997586819458e-07,-0.003252704570332762,0.003252704570332762,0.5,-1.8173393527941662e-06,6.945398354302831e-07,64
response_mean,4,25,-2.2067282770876068e-05,-0.0032464033413249927,0.0032464033413249927,0.5,-0.0011155222055094758,0.0010713876399677238,64
response_mean,21,0,2.9625038422409595e-08,0.0032401543462446665,0.0032401543462446665,0.5,-1.7161123082587437e-06,1.7753623851035627e-06,64
response_mean,32,16,4.58946374231754e-07,0.0032400833512842816,0.0032400833512842816,0.5,1.7350149391847605e-05,-1.6432256643384094e-05,64
response_first,9,30,5.0179499611058276e-08,0.003239128572444446,0.003239128572444446,0.5,2.8983634793866564e-06,-2.79800448016454e-06,64
response_mean,6,30,-9.763693014970369e-06,-0.0032382942928692554,0.0032382942928692554,0.5,-0.0009921286582539064,0.0009726012722239656,64
final_prompt,9,7,7.84544198495496e-08,0.0032363877424342827,0.0032363877424342827,0.5,3.3330777000628586e-06,-3.1761688603637594e-06,64
final_prompt,6,31,1.5996614592929575e-06,0.0032349031451905283,0.0032349031451905283,0.5,-9.52601772041807e-05,9.84595001227666e-05,64
public_task_span,23,18,-6.385170081547273e-07,-0.0032333869115280666,0.0032333869115280666,0.5,4.275942342246412e-05,-4.403645743877358e-05,64
public_task_span,1,8,1.271706787519698e-05,0.003225331128674414,0.003225331128674414,0.484375,-0.0011883475890499496,0.0012137817248003438,64
response_mean,30,21,-2.1848421738366308e-07,-0.003224134563241657,0.003224134563241657,0.5,-7.354319279783356e-06,6.917350845016028e-06,64
response_mean,9,9,2.978092368278239e-07,0.003221761382384253,0.003221761382384253,0.515625,-6.929751435789305e-05,6.989313283154871e-05,64
final_prompt,7,11,1.687029680396504e-07,0.0032216974642263812,0.0032216974642263812,0.5,-1.0272114536740331e-05,1.0609520472819631e-05,64
public_task_span,27,5,6.465750175203376e-07,0.0032214162793131255,0.0032214162793131255,0.515625,-4.639178087018405e-05,4.768493090522473e-05,64
response_mean,0,18,4.004067704954677e-06,0.003220361262276837,0.003220361262276837,0.5,-7.331208507821252e-05,8.132022048812186e-05,64
response_mean,34,22,1.4913262020874938e-06,0.003219689443926945,0.003219689443926945,0.5,-2.9617283416881243e-05,3.259993582105625e-05,64
public_task_span,14,5,-1.5665723367425844e-06,-0.003211961080438801,0.003211961080438801,0.5,8.534165954187864e-05,-8.847480421536381e-05,64
public_task_span,12,2,1.339242317045317e-06,0.0032062138093261906,0.0032062138093261906,0.5,2.922423527706562e-05,-2.6545750642974995e-05,64
response_mean,17,10,-2.1463508801403483e-06,-0.003202304462565373,0.003202304462565373,0.5,-0.00011135565682707468,0.00010706295506679397,64
public_task_span,3,17,2.4737803641987257e-05,0.003198834686981872,0.003198834686981872,0.5,-0.0012029651084048915,0.001252440715688866,64
response_mean,34,13,2.0854020021862865e-07,0.003194826925328956,0.003194826925328956,0.5,-4.242509021426342e-06,4.6595894218636025e-06,64
public_task_span,5,7,-1.7357893739240835e-05,-0.0031927150949299286,0.0031927150949299286,0.515625,-0.001093464290534023,0.0010587485030555414,64
response_first,6,7,-1.660322959650933e-05,-0.0031857418157095626,0.0031857418157095626,0.5,-0.0008287888849736125,0.0007955824257805938,64
response_mean,33,3,8.595000053908878e-07,0.0031848411615549754,0.0031848411615549754,0.5,-7.460729580087784e-05,7.632629581165958e-05,64
response_first,17,28,-8.111101568175627e-09,-0.00318067127590194,0.00318067127590194,0.5,1.9038644616387046e-07,-2.0660864930022171e-07,64
response_first,27,9,-1.100972895072826e-06,-0.003178973198522209,0.003178973198522209,0.5,3.991602034147433e-05,-4.211796613161998e-05,64
final_prompt,3,8,2.752742238953758e-05,0.003174775121224588,0.003174775121224588,0.5,-0.0013329358262126343,0.0013879906709917096,64
response_mean,13,7,-2.0781096736762308e-06,-0.003174318433019707,0.003174318433019707,0.5,-8.200454726647897e-05,7.78483279191265e-05,64
response_first,9,0,-1.3325401226893518e-08,-0.0031696111692915735,0.0031696111692915735,0.5,-1.2277681022965226e-06,1.2011172998427355e-06,64
response_mean,32,27,-8.776107733892301e-07,-0.0031575585625298204,0.0031575585625298204,0.5,1.5132318821993222e-05,-1.6887540368771664e-05,64
public_task_span,14,12,-7.652501778934996e-07,-0.003155046374325143,0.003155046374325143,0.5,-4.276282692216866e-05,4.123232656638166e-05,64
response_mean,10,18,3.17308786180223e-06,0.003151785566785801,0.003151785566785801,0.515625,0.00041151412369799204,-0.00040516794797438747,64
public_task_span,32,1,1.3909168501413254e-06,0.0031475911864164495,0.0031475911864164495,0.5,-8.74159495651834e-05,9.019778326546604e-05,64
public_task_span,8,14,-6.724092145331355e-07,-0.0031472104875029908,0.0031472104875029908,0.5,9.965282288247071e-05,-0.00010099764131153698,64
response_first,5,18,-3.883160479745639e-05,-0.00314656066603056,0.00314656066603056,0.5,-0.002008462147387031,0.001930798937792119,64
public_task_span,6,14,-2.4126564767359038e-05,-0.0031413895937235673,0.0031413895937235673,0.5,-0.0015318298383135431,0.001483576708778825,64
final_prompt,5,4,-1.9906451768750592e-05,-0.0031376167337760445,0.0031376167337760445,0.5,-0.0011290442656388656,0.0010892313621013645,64
final_prompt,11,11,-2.3141444671685596e-07,-0.003127081016361793,0.003127081016361793,0.5,1.6891049540387033e-05,-1.7353878433820744e-05,64
final_prompt,14,6,-1.4371259737869134e-07,-0.003122973892422411,0.003122973892422411,0.5,-4.622725363387552e-06,4.335300168630169e-06,64
public_task_span,3,25,-1.7502840364617977e-05,-0.0031203477627664736,0.0031203477627664736,0.5,-0.00098080712177761,0.0009458014410483738,64
public_task_span,22,24,-2.562640588631207e-07,-0.0031179017550064868,0.0031179017550064868,0.5,1.7874837908494036e-05,-1.8387366026220277e-05,64
final_prompt,11,1,2.0106566012218706e-07,0.003112516253075095,0.003112516253075095,0.5,-1.5421286036592907e-05,1.5823417356837283e-05,64
response_first,5,29,4.690564674092503e-05,0.0031072279805515793,0.0031072279805515793,0.5,-0.005462326938868478,0.005556138232350328,64
final_prompt,22,29,-1.3392175333109295e-06,-0.003101339305362549,0.003101339305362549,0.5,3.3117185921584384e-05,-3.579562098820624e-05,64
response_first,22,13,1.5337019476480317e-07,0.0030994701301608244,0.0030994701301608244,0.484375,-1.1900231697837013e-05,1.2206972087366619e-05,64
response_first,2,24,1.3461416529027319e-05,0.003097641899938217,0.003097641899938217,0.46875,-0.0004278349952073775,0.00045475782826543223,64
response_mean,9,12,-3.940711394529635e-06,-0.0030872445691023788,0.0030872445691023788,0.5,-4.161095603193743e-05,3.3729533242878105e-05,64
final_prompt,8,5,9.02547014902666e-08,0.0030840963897842215,0.0030840963897842215,0.5,2.885991875700711e-06,-2.7054824727201776e-06,64
public_task_span,1,4,-1.5052855815156227e-06,-0.0030801485545177767,0.0030801485545177767,0.5,-5.9555113693937425e-06,2.9449402063625037e-06,64
final_prompt,4,0,3.856550097225647e-05,0.0030779274262521207,0.0030779274262521207,0.5,-0.001910796821903197,0.0019879278238477097,64
response_first,1,17,5.089685146231475e-06,0.003076819049354799,0.003076819049354799,0.5,-0.00019430002430453902,0.0002044793945970019,64
response_first,15,13,1.261483784090683e-07,0.0030754201666565273,0.0030754201666565273,0.546875,-7.975793545831067e-06,8.228090302649203e-06,64
public_task_span,10,0,2.6940841734738415e-07,0.0030692453883252265,0.0030692453883252265,0.5,-1.2628152148861979e-05,1.3166968983556746e-05,64
response_first,3,0,-7.897739124019634e-06,-0.003059549735136571,0.003059549735136571,0.5,-0.00030116024572635297,0.00028536476747831373,64
response_first,23,0,9.395124322963923e-08,0.003059185538269249,0.003059185538269249,0.515625,3.3926820321994455e-06,-3.2047795457401662e-06,64
response_first,21,3,3.1958421686946556e-07,0.0030558808293494094,0.0030558808293494094,0.5,-2.804056168769389e-05,2.867973012143282e-05,64
response_mean,15,0,-4.715934664996927e-06,-0.0030504373534577926,0.0030504373534577926,0.5,0.000505740681546734,-0.000515172550876728,64
public_task_span,28,10,-3.304829078839701e-06,-0.0030432887986541076,0.0030432887986541076,0.5,-0.000170712902217926,0.0001641032440602466,64
final_prompt,13,22,4.257096009041561e-08,0.0030408530474042516,0.0030408530474042516,0.5,-3.6653472506031903e-06,3.7504891707840216e-06,64
response_mean,12,8,-9.876787316895237e-07,-0.00303246208999055,0.00303246208999055,0.5,5.0812947392836626e-05,-5.278830485621568e-05,64
public_task_span,2,17,-7.472124707420076e-06,-0.003031428822065128,0.003031428822065128,0.5,-8.007180440472515e-05,6.51275549898851e-05,64
response_first,13,16,-8.106379027599845e-06,-0.0030313974533906344,0.0030313974533906344,0.5,-0.0011948646642849499,0.0011786519062297503,64
response_first,31,21,2.5753720933607838e-08,0.0030308907233536327,0.0030308907233536327,0.53125,-4.341384851613839e-06,4.392892293481054e-06,64
public_task_span,15,0,-5.622126991510103e-06,-0.003024314045540175,0.003024314045540175,0.5,-3.674413164776703e-07,-1.0876812666542454e-05,64
public_task_span,32,21,-1.0716430551856764e-06,-0.003021631932537747,0.003021631932537747,0.5,-0.00011145774533360029,0.00010931445922322892,64
post_selector,35,0,-2.271609446323437e-06,-0.003016114970093482,0.003016114970093482,0.53125,-0.00013622031656268204,0.00013167709767003517,64
final_prompt,15,27,-4.753015048208903e-08,-0.0030132421724609858,0.0030132421724609858,0.5,1.090040200324438e-07,-2.0406432099662197e-07,64
final_prompt,16,3,-3.4742888033310417e-07,-0.0030083522353449295,0.0030083522353449295,0.5,1.1091397979612005e-05,-1.1786255740278215e-05,64
public_task_span,18,31,4.442720637596657e-06,0.0030007771111046425,0.0030007771111046425,0.5,-0.00017584853958395698,0.00018473398085915032,64
response_mean,31,19,3.7876544922702516e-07,0.003000214346496732,0.003000214346496732,0.5,1.3608065870584048e-05,-1.2850534972129998e-05,64
public_task_span,29,30,-1.0151626383958501e-07,-0.002996314523318844,0.002996314523318844,0.5,6.3592007109036786e-06,-6.5622332385828486e-06,64
final_prompt,12,3,3.144619427065876e-07,0.0029917578248481614,0.0029917578248481614,0.5,-9.83519805685225e-06,1.0464121942265425e-05,64
response_first,2,30,-1.622245690668277e-05,-0.0029834620225713464,0.0029834620225713464,0.5,-0.0012059807268087596,0.001173535812995394,64
final_prompt,1,12,4.956825421216294e-07,0.0029779862342022324,0.0029779862342022324,0.5,-3.814095157394245e-05,3.9132316658185713e-05,64
response_first,14,2,-2.1592452981103136e-07,-0.002976497966769034,0.002976497966769034,0.5,1.5108378192960257e-05,-1.554022725258232e-05,64
final_prompt,2,16,-3.307638871774695e-05,-0.002976453878434874,0.002976453878434874,0.5,-0.0018655090316315069,0.0017993562541960134,64
response_first,5,12,-1.3682752978638854e-05,-0.0029691268510729637,0.0029691268510729637,0.5,-0.0010282693438057313,0.0010009038378484538,64
final_prompt,5,29,1.883080108200228e-05,0.0029640521154909393,0.0029640521154909393,0.5,-0.000999546192360856,0.0010372077945248607,64
response_first,10,4,1.3061951449346124e-06,0.002963354138978185,0.002963354138978185,0.5,-0.00012547612232081102,0.00012808851261068025,64
final_prompt,31,24,-1.6015374058078228e-06,-0.0029611194306678437,0.0029611194306678437,0.5,-6.063606633696882e-06,2.8605318220812563e-06,64
response_mean,12,10,1.1714753213710278e-05,0.002959437046157261,0.002959437046157261,0.5,0.0001368871737668235,-0.00011345766733940286,64
public_task_span,0,5,6.223890522962498e-06,0.002956933526062134,0.002956933526062134,0.5,5.4706040828028175e-05,-4.225825978210315e-05,64
final_prompt,12,16,1.488576344854e-06,0.002946827058453675,0.002946827058453675,0.5,-1.3580399354402089e-05,1.6557552044110082e-05,64
response_first,23,18,-5.00085590715571e-08,-0.002942488704248638,0.002942488704248638,0.5,1.3937140863617972e-06,-1.4937312045049111e-06,64
final_prompt,4,2,2.1572499008470642e-05,0.0029382478496557357,0.0029382478496557357,0.5,-0.0010881932712436505,0.0011313382692605916,64
public_task_span,0,0,1.871089625637962e-05,0.002934669138507491,0.002934669138507491,0.5,-0.0030144760967232157,0.0030518978892359752,64
public_task_span,33,1,-1.4336378626530891e-06,-0.0029342644119169196,0.0029342644119169196,0.5,-0.00022027497834642065,0.00021740770262111448,64
final_prompt,10,21,1.3288595255328114e-06,0.0029322644782760884,0.0029322644782760884,0.5,5.014667112845625e-05,-4.7488952077390616e-05,64
public_task_span,7,1,1.2134630651444196e-06,0.0029308755227520616,0.0029308755227520616,0.5,5.07466656927112e-05,-4.8319739562422326e-05,64
response_mean,6,23,2.9494979116870344e-06,0.0029307482396137272,0.0029307482396137272,0.5,-8.77667484928679e-05,9.366574431624193e-05,64
response_mean,3,18,-1.670599158387512e-05,-0.0029305361210913024,0.0029305361210913024,0.5,-0.0001503310777479812,0.00011691909458023128,64
public_task_span,2,24,5.810701622975864e-06,0.0029271921786558287,0.0029271921786558287,0.484375,-0.0002702061574382247,0.0002818275606841765,64
response_mean,2,23,-2.020024203374987e-05,-0.002917695190080852,0.002917695190080852,0.5,-0.0011526057478476893,0.0011122052637801898,64
response_mean,27,0,6.452737011386489e-08,0.002913879042707002,0.002913879042707002,0.453125,9.238259849553287e-06,-9.109205109325558e-06,64
response_mean,1,26,-1.5816396626179747e-05,-0.002913590224658661,0.002913590224658661,0.5,-0.0006085088680265653,0.0005768760747742059,64
response_mean,6,8,-2.7170453904548522e-05,-0.002909135169364413,0.002909135169364413,0.5,0.0035098149710392837,-0.003564155878848381,64
post_selector,23,12,-1.3012936506126625e-05,-0.0029045924622819815,0.0029045924622819815,0.515625,-0.0008616064969828561,0.0008355806239706031,64
public_task_span,7,31,1.5272081554969055e-07,0.0029019118048387257,0.0029019118048387257,0.53125,-3.4924714782361766e-06,3.7979131093355586e-06,64
post_selector,1,21,-3.857132833218278e-05,-0.00290139136499498,0.00290139136499498,0.5,-4.330299270804386e-05,-3.383966395632213e-05,64
response_first,12,17,-5.912424967397888e-07,-0.0029005921920511866,0.0029005921920511866,0.5,-1.0637396144374289e-05,9.454911150894711e-06,64
response_first,16,29,1.670972977766211e-07,0.0028937494793196132,0.0028937494793196132,0.5,1.587389292012434e-05,-1.5539698324571097e-05,64
response_first,4,6,4.045924310957594e-05,0.0028931554337072018,0.0028931554337072018,0.5,-0.002021023795123247,0.0021019422813423993,64
response_first,12,8,-1.273256316378681e-06,-0.0028893001759275143,0.0028893001759275143,0.5,2.029840516116738e-05,-2.2844917793924722e-05,64
response_mean,18,24,4.829647281208752e-06,0.002888416543804513,0.002888416543804513,0.515625,-0.000574715525999629,0.0005843748205620467,64
response_mean,3,6,-3.308949999336234e-05,-0.0028799455477078913,0.0028799455477078913,0.515625,-0.0031754132191963323,0.0031092342192096077,64
response_mean,3,1,-7.030401320657172e-06,-0.0028741186052491704,0.0028741186052491704,0.53125,-0.0001865571903181251,0.00017249638767681083,64
final_prompt,22,18,-2.094254512043096e-07,-0.002869426228856428,0.002869426228856428,0.5,2.4218870180436796e-06,-2.8407379204523004e-06,64
response_first,35,8,4.017824721814054e-06,0.002863034890446082,0.002863034890446082,0.5,2.9487113351928115e-05,-2.1451463908300035e-05,64
public_task_span,2,6,-5.010401764594081e-06,-0.0028511530457668403,0.0028511530457668403,0.5,-0.0007470167965948091,0.0007369959930656209,64
final_prompt,17,21,2.92237530172272e-07,0.0028477161870784666,0.0028477161870784666,0.484375,1.113159919440633e-05,-1.054712413406179e-05,64
response_first,2,15,-1.0636817023625009e-05,-0.0028430298362380215,0.0028430298362380215,0.5,-0.0014181849473970838,0.0013969113133498337,64
public_task_span,14,28,2.879432940983121e-07,0.002842600759378127,0.002842600759378127,0.515625,-7.823471150904826e-07,1.358233703287106e-06,64
response_mean,8,27,3.7553481888628133e-06,0.002835098254456723,0.002835098254456723,0.515625,0.0002534598261263589,-0.00024594912974863325,64
final_prompt,9,13,-2.762869257857659e-07,-0.0028329239819753133,0.0028329239819753133,0.5,4.88726141156233e-06,-5.439835263133862e-06,64
final_prompt,14,16,-5.818287576175748e-07,-0.0028315204124193076,0.0028315204124193076,0.5,-3.4509293953984375e-05,3.334563643874923e-05,64
response_first,13,20,8.500815340595501e-08,0.0028282792552712308,0.0028282792552712308,0.5,-6.593333388592553e-06,6.763349695404463e-06,64
response_mean,4,29,-3.2169782571212486e-06,-0.0028280433827727793,0.0028280433827727793,0.5,-0.0003876457662954664,0.00038121180978122396,64
public_task_span,3,11,-3.4919663448817296e-05,-0.002822644574504125,0.002822644574504125,0.5,-0.0012374499638099154,0.0011676106369122813,64
response_mean,12,22,-2.8333238333417117e-07,-0.002818940234143745,0.002818940234143745,0.484375,-3.666476777652156e-05,3.6098103009853217e-05,64
public_task_span,12,25,-3.531762260422511e-08,-0.002817131416215896,0.002817131416215896,0.5,-9.87030844612491e-07,9.163955994040407e-07,64
response_first,27,5,6.54172112035667e-08,0.0028151639999071942,0.0028151639999071942,0.5,-4.937031974350248e-06,5.067866396757381e-06,64
response_first,4,30,-1.0201926215817794e-05,-0.002809220180752369,0.002809220180752369,0.5,-0.000960137315814772,0.0009397334633831364,64
response_mean,11,29,-4.2458827919812066e-07,-0.002803838788925142,0.002803838788925142,0.5,7.606972076250228e-06,-8.456148634646466e-06,64
response_mean,8,16,9.71016334008444e-07,0.00279862228485471,0.00279862228485471,0.484375,-0.00011005449414367554,0.00011199652681169244,64
final_prompt,7,10,7.311396643672197e-08,0.002796904012495151,0.002796904012495151,0.5,-3.737856275165541e-06,3.884084208038985e-06,64
public_task_span,2,25,-2.5619929147082285e-06,-0.0027958734215719223,0.0027958734215719223,0.484375,-0.00015354483912232163,0.0001484208532929052,64
final_prompt,8,25,2.2647509467553116e-07,0.00278363712182859,0.00278363712182859,0.5,2.4715670861053984e-06,-2.018616896754337e-06,64
response_mean,6,5,-1.1831280062323365e-05,-0.0027794240577205184,0.0027794240577205184,0.5,-0.0003209141614206626,0.00029725160129601575,64
response_first,4,25,-1.0264244338031831e-05,-0.0027772488156542845,0.0027772488156542845,0.5,-0.0007269181005540124,0.0007063896118779487,64
response_mean,4,31,-1.8140200950266185e-06,-0.0027768442122277645,0.0027768442122277645,0.5,-0.00013333382776181422,0.000129705787571761,64
response_first,5,10,-4.857643304489892e-05,-0.0027716870617731752,0.0027716870617731752,0.5,-0.0021980291226668643,0.0021008762565770667,64
response_first,1,11,1.217869430547488e-05,0.002770634952800314,0.002770634952800314,0.5,-3.8738333387318804e-05,6.309572199826878e-05,64
final_prompt,17,8,3.06612719211692e-07,0.0027685562694784813,0.0027685562694784813,0.5,7.054652314752904e-06,-6.441426876329518e-06,64
final_prompt,3,7,4.18683420875263e-05,0.0027554576843705774,0.0027554576843705774,0.5,-0.0025430895791629304,0.002626826263337983,64
public_task_span,10,9,2.653084266059086e-06,0.002753939202481325,0.002753939202481325,0.5,-1.3791423043574642e-05,1.9097591575692794e-05,64
response_first,17,14,1.1004396327495042e-07,0.0027522544582498413,0.0027522544582498413,0.5,9.058011869454215e-06,-8.837923942904314e-06,64
public_task_span,9,14,-4.66408164357132e-06,-0.002749922494332296,0.002749922494332296,0.5,-0.00016514723756700137,0.00015581907427985873,64
response_first,32,25,-3.458317223687539e-07,-0.0027430141573505148,0.0027430141573505148,0.5,7.934946779640041e-06,-8.626610224377548e-06,64
final_prompt,8,11,-2.338733224847849e-07,-0.002741449007090551,0.002741449007090551,0.5,1.837401623561403e-05,-1.88417628805836e-05,64
response_mean,3,0,-1.0471710993441709e-05,-0.00273428522104195,0.00273428522104195,0.5,-0.0007582429461763226,0.0007372995241894391,64
response_first,34,31,5.758570296122258e-07,0.0027322986755512653,0.0027322986755512653,0.515625,-0.00011233127418106763,0.00011348298824029206,64
final_prompt,16,30,6.486520760463535e-07,0.0027294965499889785,0.0027294965499889785,0.5,4.241629903843802e-05,-4.1118994886345326e-05,64
final_prompt,11,9,7.067612051159244e-09,0.0027242424881483845,0.0027242424881483845,0.5,-7.778762278753959e-07,7.920114519777144e-07,64
response_mean,10,20,6.095342541832062e-07,0.002718496510726046,0.002718496510726046,0.5,3.612180807976231e-05,-3.49027395713959e-05,64
final_prompt,0,6,2.227873210358341e-06,0.002717604620928104,0.002717604620928104,0.5,-1.2902528396810067e-05,1.7358274817526732e-05,64
final_prompt,7,31,1.0053589676305106e-06,0.002716536105871722,0.002716536105871722,0.5,-6.530426628615647e-05,6.731498422141751e-05,64
public_task_span,0,14,2.7601548936222035e-05,0.0027158641092755375,0.0027158641092755375,0.5,0.0016576751659158656,-0.001602472068043422,64
post_selector,23,21,6.91868262947537e-06,0.0027145267691485067,0.0027145267691485067,0.515625,0.0005922492928220836,-0.0005784119275631327,64
public_task_span,9,23,1.6364390376150833e-06,0.002705296720664022,0.002705296720664022,0.515625,0.00021614108891299376,-0.0002128682108377636,64
response_mean,27,9,-8.22945025904651e-07,-0.002705072096243893,0.002705072096243893,0.5,4.119111667931866e-05,-4.283700673112797e-05,64
final_prompt,8,18,1.7352318693042434e-08,0.0027006969186248735,0.0027006969186248735,0.5,2.757053536583953e-07,-2.4100071627231046e-07,64
public_task_span,15,24,-6.259811016245584e-07,-0.0026991318836851797,0.0026991318836851797,0.5,4.3555945467220837e-05,-4.480790767046997e-05,64
response_first,25,17,-4.652311957897837e-08,-0.0026972724492114095,0.0026972724492114095,0.5,-3.885268441194967e-06,3.79222220203701e-06,64
response_mean,10,12,-2.2293334041089628e-06,-0.002697086081577261,0.002697086081577261,0.5,-7.829766400391437e-05,7.383899719569641e-05,64
response_first,5,5,1.9272883946546928e-05,0.002696806495217767,0.002696806495217767,0.5,-0.0010777334609883811,0.001116279228881475,64
final_prompt,10,2,-4.6511138407140213e-07,-0.0026948417919535742,0.0026948417919535742,0.5,-9.719723493613821e-06,8.789500725471022e-06,64
response_first,2,6,-4.747395223601744e-06,-0.002693685722990613,0.002693685722990613,0.5,-0.00037472875919772184,0.0003652339687505183,64
public_task_span,18,12,2.2005601749687138e-06,0.0026934014604375234,0.0026934014604375234,0.53125,-2.1087888853791822e-05,2.5489009203729222e-05,64
response_first,2,12,-1.2313736988290669e-05,-0.002689052582246409,0.002689052582246409,0.5,-0.0026370654450147235,0.002612437971038142,64
final_prompt,8,31,-3.358334410563657e-08,-0.0026859877573399784,0.0026859877573399784,0.5,7.833563593351298e-07,-8.505230475464032e-07,64
response_mean,2,12,-1.0733630915640756e-05,-0.002681252792980024,0.002681252792980024,0.5,-0.0015392396198876535,0.0015177723580563716,64
final_prompt,17,24,9.35613343245032e-07,0.002680550502826077,0.002680550502826077,0.515625,2.494820273568148e-05,-2.3076976049191395e-05,64
public_task_span,24,21,1.1804952464484301e-06,0.0026783335112722413,0.0026783335112722413,0.5,-2.6158477794518755e-05,2.8519468287415643e-05,64
response_mean,9,26,4.5999672692870135e-07,0.0026777368931487047,0.0026777368931487047,0.5,-4.251442646817089e-06,5.171436100674488e-06,64
final_prompt,16,23,-3.881198608723447e-06,-0.0026700370669491273,0.0026700370669491273,0.5,-7.86885602792656e-05,7.092616306181879e-05,64
public_task_span,28,0,1.2517027130341297e-06,0.0026683895902482545,0.0026683895902482545,0.5,-0.00022904504783126855,0.00023154845325733681,64
response_first,21,1,6.957063902746128e-08,0.0026679753628153107,0.0026679753628153107,0.5,2.485380605321552e-06,-2.3462393272666304e-06,64
public_task_span,15,11,4.4977144852694523e-07,0.002664787521097046,0.002664787521097046,0.5,-3.49149210023809e-05,3.5814463899434796e-05,64
response_mean,13,0,1.479531022142488e-06,0.002663054758964426,0.002663054758964426,0.46875,-9.599545285253324e-05,9.895451489681823e-05,64
final_prompt,17,25,3.2192059151779514e-07,0.0026590356360866843,0.0026590356360866843,0.484375,-2.3742497436524054e-05,2.4386338619559645e-05,64
public_task_span,30,13,4.653976475341562e-07,0.0026559535179677173,0.0026559535179677173,0.5,3.345046934554744e-05,-3.2519674050479134e-05,64
response_mean,6,22,-9.036752089737466e-06,-0.002654107726404672,0.002654107726404672,0.5,-0.0005617868755507344,0.0005437133713712594,64
response_first,5,8,-7.484342745556205e-08,-0.002653378879568394,0.002653378879568394,0.5,6.780432499908784e-07,-8.277301049020025e-07,64
response_first,3,28,2.6090046276290406e-05,0.002650080442487259,0.002650080442487259,0.5,-0.0019035230648114434,0.001955703157364024,64
final_prompt,6,4,2.186011261074214e-05,0.0026442777651184686,0.0026442777651184686,0.5,0.00034076922747772176,-0.0002970490022562377,64
response_mean,9,6,-1.923034176343208e-08,-0.0026349824202918388,0.0026349824202918388,0.5,1.2328229672675661e-06,-1.2712836507944303e-06,64
response_mean,0,16,4.252657163304676e-06,0.002633696014648623,0.002633696014648623,0.5,1.1253598131581274e-05,-2.7482838049718277e-06,64
response_mean,6,2,1.5493608771062093e-05,0.0026302567471410865,0.0026302567471410865,0.5,-0.0010676768470147954,0.00109866406455692,64
response_first,16,8,2.9157050107642135e-08,0.0026301654036310134,0.0026301654036310134,0.5,-1.6683089540947549e-06,1.7266230543100392e-06,64
final_prompt,3,25,1.6842585125685682e-05,0.0026299295308778075,0.0026299295308778075,0.5,-0.0011209162821614904,0.0011546014524128614,64
response_first,12,22,-5.937563685165493e-08,-0.0026280399118990706,0.0026280399118990706,0.484375,-4.56456811548378e-06,4.44581684178047e-06,64
response_mean,11,20,1.7992622929317395e-06,0.002626730003472571,0.002626730003472571,0.5,-8.858984665492838e-05,9.218837124079187e-05,64
public_task_span,3,6,-4.7390278609779147e-05,-0.0026175705528428566,0.0026175705528428566,0.5,-0.004626010324727739,0.0045312297675081815,64
public_task_span,29,19,-7.368471415244211e-07,-0.0026149563486737534,0.0026149563486737534,0.5,5.2079583156219386e-05,-5.355327743926825e-05,64
response_first,10,11,-4.407028768540622e-07,-0.0026145766066161254,0.0026145766066161254,0.5,2.6245387516610882e-05,-2.7126793270318998e-05,64
response_mean,0,7,2.557787411207827e-06,0.0026098847519328136,0.0026098847519328136,0.5,-0.00020971763478882808,0.00021483320961124375,64
response_mean,3,19,2.3231499653779473e-05,0.002608881364542395,0.002608881364542395,0.5,-0.001635422206163613,0.001681885205471172,64
final_prompt,7,9,-2.389941755625488e-07,-0.002596239461648335,0.002596239461648335,0.5,2.0183120682300277e-05,-2.066110903342537e-05,64
response_mean,7,18,7.38477751839774e-07,0.002595459028480911,0.002595459028480911,0.5,0.0001272911285923131,-0.00012581417308863357,64
response_mean,9,8,8.905529398374107e-07,0.002593526465576492,0.002593526465576492,0.5,-0.0001885581098121977,0.00019033921569187255,64
public_task_span,35,29,1.522180355091918e-06,0.0025934662301201586,0.0025934662301201586,0.5,0.00014114047917245626,-0.00013809611846227245,64
response_first,8,7,6.853497325211256e-06,0.002584187582167003,0.002584187582167003,0.5,0.0008283373535959839,-0.0008146303589455614,64
response_first,8,18,2.0908289854815975e-07,0.002583744002784222,0.002583744002784222,0.5,7.175702421589804e-06,-6.757536624493486e-06,64
response_mean,5,1,-2.161027441616208e-05,-0.00257738622686255,0.00257738622686255,0.5,-0.001421601646143245,0.0013783810973109205,64
public_task_span,31,17,5.503983970814717e-07,0.0025743429290731347,0.0025743429290731347,0.5,1.7128654576479723e-05,-1.602785778231677e-05,64
public_task_span,0,2,3.6190540413349992e-06,0.002571348613882662,0.002571348613882662,0.5,-4.4975153286932134e-05,5.2213261369602186e-05,64
response_mean,27,20,5.208424909137858e-07,0.002564714759514134,0.002564714759514134,0.484375,-5.59688028260884e-05,5.701048780791598e-05,64
response_mean,4,0,2.5814277250907705e-05,0.002559155964446313,0.002559155964446313,0.484375,-0.001481882791267692,0.0015335113457695072,64
response_mean,1,25,-3.265517989334585e-07,-0.002555996348635803,0.002555996348635803,0.5,7.5831903814164796e-06,-8.236293979283391e-06,64
response_mean,7,11,-3.8096328580980325e-07,-0.0025499407933845582,0.0025499407933845582,0.5,-1.9431688770056137e-05,1.866976219843652e-05,64
response_first,17,10,-8.74322267917212e-07,-0.0025497538812328303,0.0025497538812328303,0.5,-6.036886634319123e-05,5.862022180735678e-05,64
public_task_span,32,26,3.145992195627964e-07,0.002544902439509815,0.002544902439509815,0.5,4.060191440656979e-05,-3.99727159674442e-05,64
response_first,4,19,-3.844416505671623e-05,-0.002540104783979197,0.002540104783979197,0.5,-0.00257514160057325,0.002498253270459818,64
final_prompt,13,9,2.117697164288444e-07,0.002536311725399781,0.002536311725399781,0.5,-1.530924080838812e-05,1.573278024124581e-05,64
final_prompt,30,0,-3.9985379771639135e-06,-0.002535833937973221,0.002535833937973221,0.5,0.00015634364717697518,-0.00016434072313130306,64
public_task_span,3,13,3.0827830414634715e-05,0.0025220431987941533,0.0025220431987941533,0.5,-0.0020414646533026782,0.0021031203141319474,64
final_prompt,19,16,-8.364270343044175e-07,-0.0025153578794124007,0.0025153578794124007,0.5,3.7354258893168224e-05,-3.902711296177702e-05,64
final_prompt,3,19,-4.3753619934248575e-05,-0.002514966856987023,0.002514966856987023,0.5,-0.002658987326412902,0.0025714800865444063,64
final_prompt,2,29,3.7673070210073e-05,0.0025015935136299483,0.0025015935136299483,0.5,-0.0020482055811044124,0.002123551721524558,64
final_prompt,17,18,-1.090862724601483e-06,-0.0025007270222438785,0.0025007270222438785,0.5,4.310381928006901e-05,-4.5285544729271975e-05,64
response_first,3,7,1.0533206134869118e-05,0.0025003277404797956,0.0025003277404797956,0.5,-0.0007591222852880644,0.0007801886975578028,64
response_mean,5,15,-1.0273040970789791e-05,-0.0024993807562898583,0.0024993807562898583,0.5,-0.0005350218016246851,0.0005144757196831056,64
final_prompt,32,29,-1.6182974320604098e-06,-0.0024976131317235033,0.0024976131317235033,0.515625,-3.9556762772053025e-06,7.190814130844897e-07,64
final_prompt,2,30,-1.4765755622645263e-05,-0.002490194815693526,0.002490194815693526,0.5,-0.001371154201478925,0.0013416226902336346,64
final_prompt,6,28,6.041009498856188e-06,0.002489024760862456,0.002489024760862456,0.5,-0.000406867249353117,0.0004189492683508293,64
response_first,4,2,-3.7742514905406296e-05,-0.002487487913274328,0.002487487913274328,0.5,-0.0024733162226766563,0.0023978311928658435,64
public_task_span,25,4,-2.7321516426821186e-07,-0.0024853956375504144,0.0024853956375504144,0.515625,2.2840196834289378e-05,-2.33866271628258e-05,64
post_selector,1,5,-2.0338535250629742e-05,-0.002485380079232402,0.002485380079232402,0.5,0.0005863994447281592,-0.0006270765152294189,64
final_prompt,8,22,6.92025992066192e-08,0.0024852917363300357,0.0024852917363300357,0.5,-6.151693355604948e-06,6.290098554018186e-06,64
final_prompt,8,2,1.4224390554230312e-07,0.0024824969150730107,0.0024824969150730107,0.5,-2.479609094049437e-06,2.7640969051340426e-06,64
final_prompt,32,25,1.6406349345714058e-07,0.0024798063502675153,0.0024798063502675153,0.5,8.63612882540117e-06,-8.308001838486891e-06,64
response_mean,6,15,-9.981482889997464e-06,-0.00247858993268787,0.00247858993268787,0.5,-0.0008556789052817978,0.0008357159395018027,64
response_mean,14,20,-2.752814225466993e-07,-0.0024765381749136815,0.0024765381749136815,0.5,-2.0744246398858497e-05,2.0193683553765095e-05,64
response_first,10,23,1.1272095434791373e-06,0.002471874876416565,0.002471874876416565,0.5,-0.00013907836728321513,0.00014133278637017339,64
public_task_span,27,27,1.2335181054372419e-06,0.0024708017221318126,0.0024708017221318126,0.5,-8.854386032907503e-05,9.10108965399495e-05,64
response_mean,6,16,-1.7663056496529633e-05,-0.0024672345661212285,0.0024672345661212285,0.5,-0.00076250921119935,0.0007271830982062905,64
response_first,14,11,-1.1778993211901756e-06,-0.0024610132787796298,0.0024610132787796298,0.5,-0.00014706502224725259,0.00014470922360487225,64
public_task_span,13,18,-1.421263846172299e-06,-0.0024597293598946405,0.0024597293598946405,0.5,-7.03073428667151e-05,6.746481517437049e-05,64
response_mean,32,31,-8.810438885140597e-07,-0.0024582199889308033,0.0024582199889308033,0.5,1.7528761418365633e-05,-1.9290849195393746e-05,64
response_mean,3,23,-2.2538643861480794e-05,-0.002453679809296665,0.002453679809296665,0.5,-0.0014574556516890888,0.0014123783639661274,64
final_prompt,28,4,-4.2027460267234003e-07,-0.0024505468547113113,0.0024505468547113113,0.5,2.764341968486717e-05,-2.8483968890211857e-05,64
public_task_span,34,14,1.1434080988669309e-06,0.0024485598509537253,0.0024485598509537253,0.5,-7.699710295130752e-06,9.9865264928646e-06,64
public_task_span,31,8,1.1325994364597204e-06,0.002446808059189713,0.002446808059189713,0.5,1.3851461062591033e-05,-1.1586262189671579e-05,64
public_task_span,29,8,-5.710176083078258e-07,-0.0024461572960948834,0.0024461572960948834,0.484375,-0.00013580658742282559,0.00013466455220620993,64
response_first,2,19,1.2202090147187623e-05,0.002444913120147767,0.002444913120147767,0.5,-1.3840050087306091e-05,3.824423038168139e-05,64
public_task_span,16,1,-1.5282421372848249e-06,-0.0024447794032239093,0.0024447794032239093,0.5,0.0002483186140125099,-0.00025137509828707956,64
response_first,1,20,-6.0839884099519374e-06,-0.002442184328442246,0.002442184328442246,0.5,-5.356117617338942e-05,4.139319935348557e-05,64
final_prompt,1,7,-6.631942142075826e-07,-0.002437929845116078,0.002437929845116078,0.5,-1.2969909448644845e-05,1.164352102022969e-05,64
final_prompt,14,22,4.024376387690154e-09,0.0024351423278391516,0.0024351423278391516,0.5,-5.314047815119238e-07,5.394535342873041e-07,64
final_prompt,3,0,4.368928784970099e-06,0.002434659879943597,0.002434659879943597,0.515625,-0.000540693043149054,0.0005494309007189941,64
response_first,5,0,6.915104677324735e-06,0.00242704422888477,0.00242704422888477,0.5,0.0004584673370118244,-0.000444637127657175,64
final_prompt,31,17,3.8125546097930885e-07,0.0024236221995107485,0.0024236221995107485,0.5,1.5002538930274041e-05,-1.4240028008315425e-05,64
final_prompt,27,1,-3.972166950916268e-08,-0.0024234988345107713,0.0024234988345107713,0.484375,-2.8476412126110517e-06,2.768197873592726e-06,64
response_mean,7,31,-1.1902659480218789e-06,-0.002422924571822599,0.002422924571822599,0.5,-5.07461327288125e-05,4.836560083276874e-05,64
response_mean,11,9,-1.3603894366500969e-06,-0.002416217263647489,0.002416217263647489,0.5,4.9590893809261e-06,-7.679868254226307e-06,64
final_prompt,12,22,-1.5763853866380259e-07,-0.002412211902622577,0.002412211902622577,0.5,-1.1355101037221476e-05,1.103982395989387e-05,64
final_prompt,29,13,6.087589952121509e-07,0.002410968955802942,0.002410968955802942,0.515625,-0.00011939042411766532,0.00012060794210808963,64
public_task_span,33,6,-4.642308340411486e-06,-0.0024095167023775914,0.0024095167023775914,0.484375,-0.0008508857899869181,0.0008416011733060949,64
final_prompt,12,1,6.3637276070795e-07,0.002409310304139775,0.002409310304139775,0.5,4.0307782455785066e-05,-3.9035036934369166e-05,64
final_prompt,30,31,9.235353104508232e-08,0.0024079772137590412,0.0024079772137590412,0.5,-3.32596312091599e-06,3.5106701830061546e-06,64
response_first,13,6,-2.2457891191340876e-07,-0.002407615933966167,0.002407615933966167,0.484375,-2.5181318846987748e-05,2.473216102316093e-05,64
final_prompt,14,14,2.2805817678772655e-08,0.0023973696508168747,0.0023973696508168747,0.5,1.9275347540315124e-06,-1.8819231186739671e-06,64
response_mean,1,27,7.482081855415763e-06,0.0023968474085769935,0.0023968474085769935,0.5,0.00015646183237551258,-0.00014149766866468127,64
final_prompt,12,11,8.98431210311809e-07,0.0023940622563613624,0.0023940622563613624,0.484375,-8.034709264848629e-05,8.214395506910991e-05,64
response_first,31,7,-5.003315663996382e-07,-0.0023918998333446024,0.0023918998333446024,0.5,-9.331381352238702e-05,9.231315038958774e-05,64
final_prompt,13,30,8.589088906774123e-08,0.0023911776992306165,0.0023911776992306165,0.5,-2.861179382307455e-07,4.5789971636622795e-07,64
response_first,32,20,9.078840434964622e-08,0.0023836458376625983,0.0023836458376625983,0.5,2.86583372144591e-06,-2.6842569127466175e-06,64
response_first,13,8,-2.098875938825948e-06,-0.002383264092173112,0.002383264092173112,0.5,-0.0001595207877471641,0.00015532303586951218,64
public_task_span,4,3,2.7156558644488927e-05,0.002367756809329992,0.002367756809329992,0.515625,-0.0012382929562591016,0.0012926060735480784,64
final_prompt,2,18,-2.3541871541966225e-05,-0.0023656603004534415,0.0023656603004534415,0.5,-0.0015570885598208326,0.0015100048167369,64
final_prompt,5,0,-3.7463486250991475e-06,-0.0023649215425281655,0.0023649215425281655,0.484375,-0.0001912789225571131,0.0001837862253069148,64
response_mean,3,2,3.321360281916162e-06,0.0023593866299304856,0.0023593866299304856,0.5,-0.00015854793173275737,0.00016519065229658964,64
final_prompt,4,5,4.703108288595266e-06,0.00235859596409273,0.00235859596409273,0.5,-0.00028383523840603127,0.00029324145498322185,64
response_first,32,23,-4.626706129329229e-08,-0.0023552996685577785,0.0023552996685577785,0.5,1.0268633161558682e-06,-1.1193974387424528e-06,64
public_task_span,32,18,8.604547474570047e-07,0.002355219269593556,0.002355219269593556,0.5,-3.3006966987151975e-05,3.472787648206599e-05,64
public_task_span,4,17,2.49426666414376e-05,0.0023545380733292175,0.0023545380733292175,0.515625,-0.0019954526824221656,0.0020453380157050404,64
response_first,1,12,5.303168109091033e-06,0.002353584817098194,0.002353584817098194,0.5,-0.0005220993498369288,0.0005327056860551107,64
response_mean,2,15,-8.439987141174973e-06,-0.0023529284407466343,0.0023529284407466343,0.5,-0.0009911764282151,0.0009742964539327498,64
response_mean,6,28,8.605369202995775e-06,0.0023505519022837974,0.0023505519022837974,0.484375,-0.0010608244292597934,0.001078035167665785,64
response_mean,15,14,4.380426659621874e-06,0.002350064496314373,0.002350064496314373,0.515625,-0.00013161158983621393,0.00014037244315545771,64
response_first,19,4,1.1834340511956565e-06,0.0023497262714519676,0.0023497262714519676,0.5,-0.00029083032586639117,0.0002931971939687825,64
response_first,9,10,-1.7686949931315608e-06,-0.002348240744803511,0.002348240744803511,0.5,-0.00035060058755218666,0.00034706319756592347,64
response_mean,3,11,-2.6040142984128296e-05,-0.002348041512558063,0.002348041512558063,0.5,-0.0012219648633617938,0.0011698845773935374,64
response_first,15,1,-1.0279484286007402e-06,-0.0023441430395156437,0.0023441430395156437,0.5,9.421059212399652e-05,-9.626648898119798e-05,64
response_first,5,21,2.3105707782637556e-05,0.002343670812167848,0.002343670812167848,0.484375,-0.0014706859619764067,0.0015168973775416816,64
response_first,6,21,-1.293440527661108e-05,-0.0023420826974081765,0.0023420826974081765,0.484375,-0.0007993667795744807,0.0007734979690212587,64
public_task_span,2,28,2.341742947464695e-05,0.002336184592105333,0.002336184592105333,0.5,-0.001975924926227891,0.0020227597851771844,64
final_prompt,17,27,7.96565700511944e-07,0.002328654761209189,0.002328654761209189,0.5,-2.488847462701007e-05,2.6481606028033965e-05,64
response_mean,9,13,-5.380973107095235e-06,-0.002312583740600969,0.002312583740600969,0.5,0.0007979102056197,-0.0008086721518338906,64
public_task_span,15,2,7.285945684998513e-06,0.0023096325090424894,0.0023096325090424894,0.5,0.0005666469769494125,-0.0005520750855794157,64
response_mean,10,19,3.3833271118184905e-07,0.002308523595932268,0.002308523595932268,0.5,-2.5525619548706768e-05,2.620228497107046e-05,64
final_prompt,6,25,-1.8455145436746697e-05,-0.0023082978049225773,0.0023082978049225773,0.5,-0.0012580778893607125,0.0012211675984872192,64
response_mean,8,5,-2.071076494303487e-06,-0.0023027643224985857,0.0023027643224985857,0.5,-0.00010811370185593252,0.00010397154886732554,64
public_task_span,5,17,1.5141685707931337e-05,0.002296486166675811,0.002296486166675811,0.5,-0.0010069406853290283,0.0010372240567448905,64
response_first,8,9,-2.208808922414514e-07,-0.002295353200751354,0.002295353200751354,0.5,9.018600948709993e-06,-9.460362733192896e-06,64
public_task_span,4,31,9.98630366666554e-06,0.002294706492460408,0.002294706492460408,0.484375,-0.000707752095422618,0.0007277247027559489,64
response_first,28,14,1.495514538860081e-07,0.0022892588303446496,0.0022892588303446496,0.5,3.4145352287836583e-06,-3.1154323210116405e-06,64
response_mean,2,3,-1.459168561268427e-05,-0.0022773580693620722,0.0022773580693620722,0.5,-0.001219669618876653,0.0011904862476512844,64
public_task_span,16,2,-1.2651960901185153e-06,-0.002273610998780721,0.002273610998780721,0.484375,0.00012086545348209121,-0.00012339584566232827,64
response_first,16,7,-1.3589827858605759e-06,-0.002271590372505894,0.002271590372505894,0.5,0.00014880663252369157,-0.00015152459809541274,64
response_first,3,29,2.5657608603070286e-05,0.002266580416853716,0.002266580416853716,0.5,-0.0020011798433188263,0.0020524950605249666,64
response_first,10,22,6.41324504617089e-07,0.002258273548061039,0.002258273548061039,0.5,-1.1457314029222394e-07,1.3972221495263782e-06,64
final_prompt,2,17,3.7774516385983474e-06,0.0022560480224868974,0.0022560480224868974,0.5,-0.00025712179467516873,0.00026467669795236554,64
final_prompt,10,27,-5.197649644017614e-09,-0.002247309039138282,0.002247309039138282,0.5,1.760833052699695e-07,-1.864786045580047e-07,64
final_prompt,9,17,3.395324199573224e-08,0.0022290450760281653,0.0022290450760281653,0.5,7.457352708684084e-07,-6.778287868769439e-07,64
public_task_span,0,27,1.61242569447533e-05,0.00222351461250573,0.00222351461250573,0.5,-0.0025524599041091183,0.0025847084179986247,64
response_mean,0,17,4.944961801812509e-06,0.0022223263687813923,0.0022223263687813923,0.5,-0.0001320855135418219,0.00014197543714544687,64
final_prompt,15,26,-3.99694655150995e-09,-0.00221651662392232,0.00221651662392232,0.5,-4.4012412825367164e-08,3.6018519722347264e-08,64
public_task_span,31,11,6.573982318563832e-07,0.0022147896792686353,0.0022147896792686353,0.5,1.4310793631023831e-05,-1.2995997167311068e-05,64
response_first,14,23,-7.153381375250015e-06,-0.00221395344996507,0.00221395344996507,0.5,-0.00025603860194678126,0.00024173183919628128,64
response_first,6,4,3.1800191209184676e-05,0.002212374553326879,0.002212374553326879,0.5,-0.0017159101080324096,0.0017795104904507783,64
public_task_span,2,16,-1.475375029258598e-05,-0.0022072892782397067,0.0022072892782397067,0.5,-0.0014870204759063093,0.0014575129753211374,64
public_task_span,9,28,-7.983565453173469e-08,-0.0022071289510392222,0.0022071289510392222,0.5,-1.1255008693922264e-05,1.1095337384858794e-05,64
response_mean,4,1,3.624818873504984e-05,0.002200877785467324,0.002200877785467324,0.5,-0.003918326186976606,0.003990822564446707,64
final_prompt,10,24,-4.54708271036287e-07,-0.0021997237103141714,0.0021997237103141714,0.484375,8.487915749813607e-06,-9.397332291886181e-06,64
public_task_span,35,21,5.180122570890315e-07,0.002199267966279219,0.002199267966279219,0.5,-2.1855035811309145e-05,2.289106032548721e-05,64
public_task_span,1,20,-9.917159331969568e-06,-0.002199023975692848,0.002199023975692848,0.484375,-0.0019365244370419341,0.0019166901183779953,64
public_task_span,5,19,2.3614994006493687e-05,0.002188795513545136,0.002188795513545136,0.5,-0.0013784521734123657,0.0014256821614253533,64
public_task_span,2,4,-1.8662917682368482e-06,-0.00218570238011731,0.00218570238011731,0.515625,-0.0002133755801878328,0.00020964299665135914,64
response_first,14,17,1.6524400052773006e-06,0.0021840060689982616,0.0021840060689982616,0.5,-0.00010861498049050976,0.00011191986050106435,64
final_prompt,10,19,4.77121375294129e-07,0.002182200286408649,0.002182200286408649,0.515625,-1.2000241440585637e-06,2.1542668946468183e-06,64
final_prompt,16,13,-5.01200020151735e-07,-0.0021758088426165824,0.0021758088426165824,0.5,3.0139869977563707e-05,-3.1142270017867163e-05,64
response_first,6,27,-5.7206525525589375e-06,-0.0021754673542041776,0.0021754673542041776,0.484375,-0.0008926898408389896,0.0008812485357338716,64
response_first,5,20,-2.937258830115405e-05,-0.002171240675089546,0.002171240675089546,0.5,-0.002045808170578306,0.0019870629939759982,64
response_first,17,20,2.0138813283665513e-08,0.0021646292308212583,0.0021646292308212583,0.484375,2.036543854444517e-06,-1.996266227877186e-06,64
response_mean,15,30,2.780894874395072e-07,0.0021558440090793884,0.0021558440090793884,0.5,-7.268371973620863e-06,7.824550948499884e-06,64
public_task_span,3,0,-1.843286736403425e-05,-0.0021538675558771246,0.0021538675558771246,0.5,-0.0008617771090939752,0.0008249113743659066,64
response_mean,2,14,-1.1157462722623362e-05,-0.0021535831775746994,0.0021535831775746994,0.5,-0.00031550441781292497,0.00029318949236767816,64
final_prompt,10,17,1.8689371472788561e-07,0.0021513976703239545,0.0021513976703239545,0.5,-4.0132118783547324e-07,7.751086172912445e-07,64
public_task_span,2,31,-2.3606829017804184e-05,-0.002146495745707395,0.002146495745707395,0.5,-0.0038087405009718904,0.0037615268429362823,64
response_mean,11,14,-4.833895218325562e-06,-0.0021453927006084817,0.0021453927006084817,0.5,0.0005011059524804367,-0.0005107737429170878,64
response_first,12,4,-5.609334721117468e-07,-0.002143149590151907,0.002143149590151907,0.5,-3.687860908028812e-05,3.575674213606463e-05,64
response_mean,12,7,1.02729677564693e-06,0.0021414239049633607,0.0021414239049633607,0.5,-7.404346843030478e-05,7.609806198159865e-05,64
response_first,8,21,-5.0575060583923914e-08,-0.002141387528433847,0.002141387528433847,0.5,2.3155776034400333e-06,-2.416727724607881e-06,64
response_first,3,21,-3.062918312935132e-05,-0.0021394102363979173,0.0021394102363979173,0.5,-0.002620127535919887,0.0025588691696611845,64
final_prompt,2,3,-9.454184692004686e-06,-0.0021298755424285273,0.0021298755424285273,0.5,-0.00048072826029965,0.0004618198909156408,64
public_task_span,2,2,1.80229435500124e-05,0.0021262004377672356,0.0021262004377672356,0.5,-0.001064295371179478,0.0011003412582795032,64
response_first,1,6,-4.90503225591244e-06,-0.00212421479726342,0.00212421479726342,0.5,-0.0006586441086255718,0.0006488340441137469,64
final_prompt,33,4,-1.5877089936134492e-06,-0.0021196986018194174,0.0021196986018194174,0.484375,9.589620003679766e-05,-9.90716180240246e-05,64
public_task_span,1,24,-1.3527358532879432e-05,-0.00211540711004998,0.00211540711004998,0.5,0.0003865382022922876,-0.0004135929193580468,64
response_mean,2,6,-6.814009338990579e-06,-0.002108995609018714,0.002108995609018714,0.5,-0.0007974789523359205,0.0007838509336579393,64
final_prompt,35,2,-5.152705853106081e-07,-0.0021071859163052536,0.0021071859163052536,0.5,2.279420459670681e-05,-2.3824745767328033e-05,64
final_prompt,14,2,-6.207048954885122e-07,-0.002105231658476431,0.002105231658476431,0.5,1.3601328646463234e-05,-1.4842738437440255e-05,64
response_mean,2,21,1.6831865650597945e-05,0.0021040776356319913,0.0021040776356319913,0.5,0.0005648129808832625,-0.0005311492495820662,64
public_task_span,13,10,2.9458642529802166e-06,0.0020962605278458763,0.0020962605278458763,0.5,-0.00044589563185581027,0.00045178736036177063,64
final_prompt,28,27,4.7748642373335315e-08,0.002092891361354137,0.002092891361354137,0.5,7.97999541646277e-06,-7.8844981317161e-06,64
final_prompt,4,1,2.8159396151748598e-05,0.0020922201963742113,0.0020922201963742113,0.5,-0.003284134177192733,0.0033404529694962305,64
response_first,4,31,7.13340796207079e-07,0.0020882003983427023,0.0020882003983427023,0.515625,-5.4915090458957475e-05,5.6341772051371627e-05,64
public_task_span,27,10,-9.129589670888693e-07,-0.002087793116557611,0.002087793116557611,0.5,-0.00026880652239922,0.00026698060446504225,64
final_prompt,5,9,1.0903539077850054e-05,0.002085742708007161,0.002085742708007161,0.5,-0.0003316639194963375,0.0003534709976520374,64
response_first,8,8,-9.706457149139961e-08,-0.0020833734259939106,0.0020833734259939106,0.5,8.403822221224465e-06,-8.597951364207265e-06,64
public_task_span,7,12,-1.5758969311734482e-06,-0.0020797935492262746,0.0020797935492262746,0.5,-7.893560723459688e-05,7.578381337225001e-05,64
final_prompt,4,24,2.1235372969383875e-05,0.002078123712465557,0.002078123712465557,0.5,-0.001593629034687179,0.0016360997806259467,64
public_task_span,6,3,-6.392324394248445e-06,-0.002067431806876852,0.002067431806876852,0.5,-0.000636691993349803,0.0006239073445613063,64
public_task_span,23,27,1.0487039503457876e-07,0.0020564965224284105,0.0020564965224284105,0.5,1.8971952385979053e-05,-1.8762211595909896e-05,64
final_prompt,3,6,-3.936647770785731e-05,-0.002051351641538197,0.002051351641538197,0.5,-0.003243848275218393,0.003165115319802678,64
final_prompt,3,5,2.438091340195526e-05,0.0020489467409206125,0.0020489467409206125,0.5,-0.0018409025755090468,0.0018896644023129578,64
response_mean,18,18,-5.4072549886577224e-06,-0.002047022005596819,0.002047022005596819,0.5,0.000361966513821689,-0.0003727810237990046,64
response_mean,5,21,2.4739579657765548e-05,0.002042601997904503,0.002042601997904503,0.5,-0.0017970869598684465,0.001846566119183978,64
public_task_span,14,4,-2.284052698084971e-06,-0.002042130957768905,0.002042130957768905,0.5,0.0002603007246761849,-0.00026486883007235484,64
response_mean,4,27,-1.321468505466447e-05,-0.0020420739879668717,0.0020420739879668717,0.515625,-0.000936707630216913,0.000910278260107584,64
response_first,4,1,2.8626353014265355e-05,0.0020379915103306244,0.0020379915103306244,0.5,-0.003931294992071318,0.00398854769809985,64
final_prompt,2,5,-1.0714079053283606e-05,-0.002031169495728185,0.002031169495728185,0.5,-0.0010023217946581793,0.0009808936365516122,64
final_prompt,12,20,-1.2685785577550495e-07,-0.002027801504988414,0.002027801504988414,0.5,-2.5178342866636018e-05,2.4924627155085006e-05,64
final_prompt,13,6,-2.2438318581023637e-07,-0.002025325297686602,0.002025325297686602,0.5,-1.4087032553787871e-05,1.3638266182167398e-05,64
response_first,18,0,-2.17088000908916e-08,-0.0020163767300967017,0.0020163767300967017,0.5,3.795397613970408e-07,-4.2295736157882397e-07,64
response_mean,15,28,-1.2721081930071494e-06,-0.002016006067099509,0.002016006067099509,0.5,7.309748639271382e-05,-7.564170277872809e-05,64
response_first,18,9,2.651097492650721e-07,0.002014550241642111,0.002014550241642111,0.53125,-2.2277011460397342e-05,2.2807230958927486e-05,64
final_prompt,12,17,2.4573591872557275e-07,0.002010351468652299,0.002010351468652299,0.5,9.88901376785837e-06,-9.397541930407225e-06,64
final_prompt,8,19,1.2914446756481026e-07,0.0020030364407476083,0.0020030364407476083,0.5,8.637260975779495e-06,-8.378972040649876e-06,64
final_prompt,15,20,-1.3403411003300143e-07,-0.0020008707152372007,0.0020008707152372007,0.5,-2.4691100861669936e-06,2.2010418661009907e-06,64
response_first,32,31,9.786774626234444e-07,0.001999442999579296,0.001999442999579296,0.5,1.7842477973312493e-05,-1.5885123048065607e-05,64
public_task_span,5,10,1.0916635801548375e-05,0.0019923930724052336,0.0019923930724052336,0.5,-0.0008084739129117189,0.0008303071845148157,64
response_first,8,13,-9.793064236877935e-06,-0.0019920985261484875,0.0019920985261484875,0.5,0.0004107955610379455,-0.0004303816895117013,64
response_mean,5,17,6.797762921447923e-06,0.0019913754698625084,0.0019913754698625084,0.5,-0.0005837702731241748,0.0005973657989670707,64
public_task_span,30,14,5.722834828247848e-08,0.001987602345125192,0.001987602345125192,0.5,6.6996519763051765e-06,-6.585195279740219e-06,64
public_task_span,6,31,-1.0684211247282424e-05,-0.001978341928175069,0.001978341928175069,0.5,-0.001248304329237715,0.0012269359067431506,64
response_mean,2,0,-1.2622982467286076e-05,-0.0019774211416915036,0.0019774211416915036,0.5,-0.0005768296177848188,0.0005515836528502469,64
response_first,23,16,2.1386828308322947e-08,0.00197570133819239,0.00197570133819239,0.5,1.1796338128533534e-07,-7.518972466868945e-08,64
public_task_span,9,8,-7.279919600522748e-08,-0.0019667807949918024,0.0019667807949918024,0.5,-1.3292697417455202e-05,1.3147099025444747e-05,64
response_mean,3,7,-1.6362490651287954e-05,-0.001964762517925661,0.001964762517925661,0.484375,-0.0013929902436586798,0.0013602652623561037,64
final_prompt,12,6,2.3889171529942283e-07,0.0019639431161841163,0.0019639431161841163,0.5,1.0864297905697052e-06,-6.086463599708612e-07,64
response_mean,3,3,-6.474585461554175e-06,-0.0019629662488218143,0.0019629662488218143,0.5,-0.0005058148390162385,0.0004928656680931302,64
response_mean,7,25,2.3093525669175632e-07,0.001961007261115348,0.001961007261115348,0.5,3.06835777337196e-05,-3.0221707220336087e-05,64
final_prompt,34,12,8.46025386635226e-07,0.0019605976249552188,0.0019605976249552188,0.5,1.3897394183002665e-05,-1.2205343409732206e-05,64
response_first,6,18,-1.1765991530398917e-05,-0.0019585455678394104,0.0019585455678394104,0.5,-0.0011850244641209142,0.0011614924810601163,64
response_first,17,22,-9.20580305319163e-08,-0.001956152504359404,0.001956152504359404,0.5,9.243526392310741e-06,-9.427642453374574e-06,64
final_prompt,2,15,1.0592662874846942e-05,0.001954831046422788,0.001954831046422788,0.5,-0.0013075246497464689,0.0013287099754961625,64
response_mean,13,20,-1.0761739588332379e-07,-0.001954403351391283,0.001954403351391283,0.5,1.4372841974364472e-06,-1.6525189892030956e-06,64
response_mean,2,28,4.247752713122878e-06,0.0019522809667166829,0.0019522809667166829,0.5,-0.0005595270895355469,0.0005680225949617926,64
response_first,23,17,2.812857928841028e-07,0.0019522420247835247,0.0019522420247835247,0.5,7.564366910629699e-06,-7.0017953248615104e-06,64
response_mean,34,17,6.58131284585327e-07,0.0019482743060944398,0.0019482743060944398,0.5,-0.00017251768167621985,0.0001738339442453905,64
response_first,12,9,1.4511020651764773e-06,0.0019466963087586137,0.0019466963087586137,0.5,-0.00011630874192291801,0.00011921094605327094,64
response_mean,11,21,-1.7590440393140322e-07,-0.0019437499024637735,0.0019437499024637735,0.5,-6.204576152411012e-06,5.852767344548203e-06,64
response_first,35,1,-8.670531315174728e-08,-0.0019429466475821937,0.0019429466475821937,0.5,3.8218921076792425e-06,-3.995302733982737e-06,64
public_task_span,4,13,1.5482215985678383e-05,0.0019429420664856766,0.0019429420664856766,0.5,-0.0014303077368822362,0.001461272168853593,64
response_first,21,15,1.6143283687631525e-07,0.001940581271043491,0.001940581271043491,0.515625,-2.27588454322372e-05,2.308171110598983e-05,64
final_prompt,4,15,-2.696522824408281e-05,-0.0019391993965835097,0.0019391993965835097,0.5,-0.001951289305452525,0.0018973588489643593,64
public_task_span,2,5,8.212056854971992e-06,0.0019268287053106734,0.0019268287053106734,0.5,-0.0018657506661838644,0.0018821747798938085,64
final_prompt,0,7,-1.0116764315171886e-05,-0.0019264007331296908,0.0019264007331296908,0.5,0.0012018806446576502,-0.0012221141732879938,64
final_prompt,16,29,4.686921784036642e-07,0.0019258697352549227,0.0019258697352549227,0.515625,0.00010207254103988293,-0.00010113515668307561,64
response_mean,7,10,1.1779349051607119e-07,0.0019249048662531311,0.0019249048662531311,0.5,1.2190196400749485e-05,-1.1954609419717343e-05,64
response_mean,6,7,-1.7681908502706193e-05,-0.0019236772868319674,0.0019236772868319674,0.5,-0.0006639760540565502,0.0006286122370511374,64
response_first,1,19,8.452184374736751e-07,0.0019218628938064504,0.0019218628938064504,0.5,-0.00024695116781000604,0.00024864160468495344,64
final_prompt,7,24,7.387765776911692e-08,0.0019210800023385136,0.0019210800023385136,0.5,7.9612352692493e-06,-7.813479953711067e-06,64
public_task_span,26,7,-3.0389851417560475e-06,-0.0019167076277818527,0.0019167076277818527,0.5,5.8976836044163965e-05,-6.505480632767617e-05,64
response_mean,3,21,-2.091302030748758e-05,-0.0019135214865486287,0.0019135214865486287,0.5,-0.0018878910395869655,0.0018460649989719903,64
response_mean,7,14,4.2514017195571796e-08,0.0019129698540337877,0.0019129698540337877,0.5,-2.3232950070450897e-06,2.4083230414362333e-06,64
public_task_span,25,13,-3.263478447461709e-07,-0.0018919384532624685,0.0018919384532624685,0.5,-1.175594616142864e-05,1.1103250471936298e-05,64
final_prompt,6,2,-1.733995031827205e-05,-0.001891641869640198,0.001891641869640198,0.5,-0.0016368461119782172,0.0016021662113416732,64
response_mean,34,14,6.108839443204526e-07,0.0018894662897516764,0.0018894662897516764,0.46875,6.118873534432816e-05,-5.996696745568726e-05,64
response_first,2,14,-9.343108104067143e-06,-0.0018868068339175392,0.0018868068339175392,0.5,0.0001928123820107563,-0.0002114985982188906,64
final_prompt,14,1,-4.165232780906081e-08,-0.0018853809327677516,0.0018853809327677516,0.5,-2.3481717335016583e-06,2.2648670778835367e-06,64
response_mean,7,20,3.5034270240197977e-07,0.0018825008574283935,0.0018825008574283935,0.5,3.3958574476819728e-06,-2.6951720428780183e-06,64
public_task_span,4,19,2.0512631635936788e-05,0.001880288423136787,0.001880288423136787,0.515625,-0.0023871678858995355,0.0024281931491714087,64
response_mean,2,5,-4.995750714442178e-06,-0.0018796151285427878,0.0018796151285427878,0.5,-0.0007916152226243812,0.0007816237211954969,64
final_prompt,4,16,8.620583116676834e-06,0.0018796146494596067,0.0018796146494596067,0.5,-0.0008719215686596598,0.0008891627348930133,64
response_mean,11,4,1.8101090972823941e-06,0.0018772022062549163,0.0018772022062549163,0.5,0.00043070644551334696,-0.0004270862273187821,64
response_first,3,19,2.7181873122111865e-05,0.0018765706731873975,0.0018765706731873975,0.5,-0.0020467370611641027,0.0021011008074083262,64
public_task_span,25,22,-8.395959412153174e-07,-0.0018765032345618696,0.0018765032345618696,0.484375,7.014738912403064e-05,-7.18265810064613e-05,64
final_prompt,1,19,-7.227961305016411e-07,-0.0018742514929313329,0.0018742514929313329,0.5,-0.00013003000935894873,0.00012858441709794543,64
response_mean,0,28,2.9354878279284143e-06,0.0018729409935776579,0.0018729409935776579,0.5,7.921437645563894e-05,-7.334340079978211e-05,64
response_first,23,3,5.942715119999775e-08,0.0018707967623149955,0.0018707967623149955,0.5,5.2814225455222186e-06,-5.162568243122223e-06,64
final_prompt,3,21,-2.760139750531345e-06,-0.001866102419341839,0.001866102419341839,0.5,-0.00034950665622089443,0.00034398637671983166,64
final_prompt,4,10,-2.6467298539472727e-06,-0.0018659725351553654,0.0018659725351553654,0.5,-0.00020597174261638594,0.00020067828290849143,64
response_mean,8,24,3.461260348559334e-06,0.001865675040520166,0.001865675040520166,0.5,-0.00026643501041690007,0.00027335753111401866,64
response_first,5,3,2.5892172061495276e-05,0.0018624218086129218,0.0018624218086129218,0.5,-0.002069479366355159,0.002121263710478149,64
public_task_span,4,18,1.9472683106865215e-05,0.0018588287638241336,0.0018588287638241336,0.5,-0.002233204832009489,0.002272150198223219,64
response_mean,5,4,-5.300802399690684e-06,-0.001858044426036838,0.001858044426036838,0.5,-0.0005385065469454241,0.0005279049421460427,64
response_first,28,29,-1.3697393797196557e-07,-0.0018547384970525793,0.0018547384970525793,0.46875,2.6689491505761253e-06,-2.942897026520055e-06,64
response_first,22,23,-6.266054697334761e-08,-0.0018529206948087998,0.0018529206948087998,0.515625,-1.3564425820788983e-05,1.3439104726842288e-05,64
public_task_span,9,12,9.540422070045723e-07,0.0018528649647035647,0.0018528649647035647,0.5,0.00011819034807557333,-0.0001162822636615642,64
response_first,12,29,-5.7857011625025956e-08,-0.001848747713256873,0.001848747713256873,0.5,-6.608675498396382e-06,6.4929614751463305e-06,64
response_mean,9,11,-7.303770246376061e-07,-0.0018397603740710712,0.0018397603740710712,0.5,-7.53359663576605e-05,7.38752123083853e-05,64
final_prompt,16,5,3.493709144208889e-08,0.0018334196481179024,0.0018334196481179024,0.5,-5.790637018776578e-07,6.489378847618354e-07,64
response_first,4,24,1.839752803789083e-05,0.0018333485557641218,0.0018333485557641218,0.5,-0.0010636339029588466,0.0011004289590346285,64
public_task_span,35,22,4.070739123562166e-06,0.001829483705196139,0.001829483705196139,0.5,-0.000892163317985235,0.0009003047962323593,64
response_first,27,3,3.0997244770958332e-09,0.001827272127413571,0.001827272127413571,0.5,2.80436938560058e-07,-2.7423748960586636e-07,64
response_mean,4,4,-1.1840312254212364e-05,-0.0018210838581382426,0.0018210838581382426,0.5,0.0011574369818845185,-0.0011811176063929439,64
public_task_span,28,5,1.4016140994501877e-06,0.0018197257235316642,0.0018197257235316642,0.515625,-0.00012919728578708392,0.00013200051398598426,64
public_task_span,13,19,-3.593417886801617e-06,-0.0018163302621480085,0.0018163302621480085,0.5,-0.00029173321763664245,0.0002845463818630392,64
response_mean,1,6,-2.117827534675002e-06,-0.0018125194331227897,0.0018125194331227897,0.5,-0.00021476170513778125,0.00021052605006843125,64
response_first,8,27,-4.7724888645442245e-06,-0.0017996190325562048,0.0017996190325562048,0.5,0.00043828973321071834,-0.00044783471093980684,64
public_task_span,6,4,-2.156564005418004e-05,-0.0017986133847754473,0.0017986133847754473,0.46875,-0.00178133451117902,0.0017382032310706598,64
public_task_span,1,31,-1.27438233903307e-05,-0.0017951183422423684,0.0017951183422423684,0.484375,-0.004141834473557513,0.004116346826776852,64
post_selector,23,14,1.93574169316217e-06,0.0017903410914086439,0.0017903410914086439,0.515625,0.00013866920653526877,-0.0001347977231489444,64
response_mean,7,8,1.9681004914434616e-07,0.0017844991358100964,0.0017844991358100964,0.5,2.640846992107003e-05,-2.6014849822781348e-05,64
final_prompt,14,5,-2.4966050204938837e-07,-0.0017832105933992457,0.0017832105933992457,0.5,7.014606762821554e-05,-7.064538863231433e-05,64
public_task_span,29,22,-1.6256635717582364e-06,-0.0017757122806222952,0.0017757122806222952,0.5,-0.0004238846850057345,0.00042063335786221795,64
response_first,7,30,-8.771221970960141e-09,-0.0017732613453958668,0.0017732613453958668,0.5,-1.4488596740136472e-06,1.431317230071727e-06,64
response_first,11,9,-1.8907387922023643e-07,-0.0017606806180178712,0.0017606806180178712,0.5,-2.891988569508572e-05,2.8541737936645245e-05,64
response_mean,10,23,8.303668437275147e-07,0.0017581133952450166,0.0017581133952450166,0.5,-0.00020921416580675628,0.00021087489949421132,64
response_first,12,14,8.018750250517057e-07,0.0017561543661514009,0.0017561543661514009,0.5,7.178809339335651e-05,-7.01843433432531e-05,64
response_mean,1,30,-3.672841557994706e-06,-0.0017513897984115932,0.0017513897984115932,0.5,-0.0012246957849128956,0.0012173501017969063,64
response_first,1,24,-3.726061549971877e-06,-0.0017498827048395744,0.0017498827048395744,0.5,6.808615580662487e-06,-1.4260738680606363e-05,64
response_mean,9,17,5.755632628283691e-06,0.0017443585593743059,0.0017443585593743059,0.5,-0.0002794530682876854,0.00029096433354425277,64
final_prompt,32,12,-7.162545898592698e-07,-0.0017432055494842446,0.0017432055494842446,0.515625,-5.279459037409843e-05,5.136208119437986e-05,64
post_selector,10,21,-2.106856300088782e-06,-0.0017397554601201496,0.0017397554601201496,0.53125,0.0001225290397997005,-0.00012674275239987813,64
response_first,21,14,-2.0962392000073356e-07,-0.0017306521350457192,0.0017306521350457192,0.5,-3.420734742575921e-05,3.378809958575774e-05,64
public_task_span,29,0,-3.1377999221076996e-06,-0.0017283312216506133,0.0017283312216506133,0.484375,-0.000725195926861474,0.0007189203270172586,64
public_task_span,2,23,-7.400366030193748e-06,-0.001725447414407875,0.001725447414407875,0.5,-0.0008456613240923406,0.0008308605920319531,64
response_first,25,6,3.0968817554822827e-07,0.001724564321402018,0.001724564321402018,0.53125,-6.048657678546217e-05,6.11059531365586e-05,64
public_task_span,6,18,-9.650770152800248e-06,-0.001724407352428105,0.001724407352428105,0.5,-0.001093997783755169,0.0010746962434495684,64
response_mean,8,7,4.736846676679806e-06,0.0017224106137563636,0.0017224106137563636,0.515625,0.0009453803395444887,-0.0009359066461911292,64
response_first,32,29,-5.476271098796738e-07,-0.0017205466648834383,0.0017205466648834383,0.5,7.896018769316178e-05,-8.005544191292115e-05,64
public_task_span,0,29,7.016016752462605e-06,0.0017182877521766445,0.0017182877521766445,0.5,-9.382492862640565e-06,2.3414526367565667e-05,64
post_selector,25,1,-3.4816048355648817e-07,-0.0017068061377768394,0.0017068061377768394,0.515625,-5.3941069381822855e-05,5.324474841470989e-05,64
public_task_span,5,30,5.216194040261695e-06,0.0017024917845084794,0.0017024917845084794,0.53125,-0.00047287807751672116,0.00048331046559724455,64
response_mean,5,18,-1.183383983516023e-05,-0.0016985134664732927,0.0016985134664732927,0.5,-0.0011219603579775005,0.0010982926783071798,64
response_mean,9,10,2.258492088463027e-06,0.0016926467419833536,0.0016926467419833536,0.5,1.5136300703512504e-05,-1.0619316526586464e-05,64
final_prompt,29,18,-4.343426098782437e-07,-0.0016897701118217345,0.0016897701118217345,0.5,-0.0001736661979520848,0.0001727975127323283,64
public_task_span,15,7,-1.0141600341746777e-06,-0.0016885523753686657,0.0016885523753686657,0.515625,-0.00010448165551224186,0.00010245333544389249,64
public_task_span,22,10,3.9820474740093735e-07,0.0016868816002917656,0.0016868816002917656,0.46875,4.238903784425529e-06,-3.4424942896236615e-06,64
final_prompt,14,23,3.618081336791335e-07,0.0016863146277908139,0.0016863146277908139,0.5,-7.430953655783408e-05,7.503315282519235e-05,64
response_first,14,22,1.1686080369972873e-07,0.00168411719478819,0.00168411719478819,0.5,-7.78405058099509e-06,8.017772188394547e-06,64
response_first,9,18,-1.0856582548494699e-06,-0.0016839845563890695,0.0016839845563890695,0.5,-0.0002249895584327436,0.00022281824192304465,64
final_prompt,1,18,-3.825941803398525e-07,-0.0016830695328194554,0.0016830695328194554,0.484375,-8.932254377213346e-05,8.855735541145375e-05,64
response_mean,2,10,-1.645524389459627e-05,-0.001682789534296368,0.001682789534296368,0.5,-0.0027225462508795135,0.002689635763090321,64
final_prompt,10,1,-1.9947503915674105e-07,-0.001682035446557933,0.001682035446557933,0.5,-5.354722134153842e-06,4.95577205584036e-06,64
final_prompt,13,21,-2.8893574199884142e-09,-0.0016815948606325318,0.0016815948606325318,0.5,-3.688228233933444e-08,3.110356749935761e-08,64
response_first,3,31,-3.1329879540466796e-05,-0.0016787838491222214,0.0016787838491222214,0.5,-0.0029744881751412296,0.002911828416060296,64
response_first,17,12,3.0175272058389097e-07,0.0016748120812782243,0.0016748120812782243,0.5,-2.183753269947272e-05,2.24410381406405e-05,64
response_first,1,25,-2.0141737877538627e-07,-0.0016737110475970858,0.0016737110475970858,0.5,-5.9964927459157e-06,5.593657988364924e-06,64
public_task_span,5,5,7.253693183889608e-06,0.0016721870789073773,0.0016721870789073773,0.5,-0.001224121093400716,0.0012386284797684952,64
public_task_span,34,12,-1.174599333370852e-07,-0.0016689054341420982,0.0016689054341420982,0.5,6.622373234673156e-06,-6.857293101347325e-06,64
response_first,1,10,4.421755875227539e-06,0.0016663209058811166,0.0016663209058811166,0.5,-5.157412306289197e-05,6.0417634813346856e-05,64
final_prompt,4,25,-1.3416793080981348e-05,-0.0016610092111757253,0.0016610092111757253,0.5,-0.0012506899620348343,0.0012238563758728718,64
response_mean,17,25,-4.611984365962915e-06,-0.001657655204867633,0.001657655204867633,0.515625,-0.0010019842047767995,0.0009927602360448738,64
final_prompt,15,9,-1.8748212937444974e-07,-0.0016576392211000966,0.0016576392211000966,0.5,1.4438578261890823e-06,-1.8188220849379851e-06,64
response_mean,1,17,-1.5125406207484738e-06,-0.0016564960847175651,0.0016564960847175651,0.5,-0.00011058701784348913,0.0001075619366019922,64
response_first,17,6,7.43971995124348e-08,0.001655129427413487,0.001655129427413487,0.5,8.097357579118871e-06,-7.948563180094e-06,64
response_mean,13,5,1.3280523489817285e-06,0.0016528849348720366,0.0016528849348720366,0.5,0.00016568947421547513,-0.00016303336951751165,64
response_mean,2,29,-2.242007758468422e-05,-0.0016481677759554285,0.0016481677759554285,0.515625,-0.0021881657339690584,0.0021433255787996906,64
final_prompt,13,18,-4.83295110598192e-08,-0.0016409639278077025,0.0016409639278077025,0.5,2.1074459937153733e-06,-2.2041050158350117e-06,64
response_first,8,2,-3.468767317817183e-06,-0.0016394574354417297,0.0016394574354417297,0.5,-1.550580600450623e-05,8.56827136887189e-06,64
public_task_span,35,5,5.113818133414084e-07,0.001639454824333292,0.001639454824333292,0.5,-1.7840070995586375e-05,1.886283462226919e-05,64
final_prompt,2,10,1.4764684237886954e-05,0.0016354025811117375,0.0016354025811117375,0.5,-0.0018080835361615625,0.0018376129046373357,64
response_first,14,13,7.591748953943273e-07,0.0016331635947324794,0.0016331635947324794,0.5,-0.0001240397979245011,0.0001255581477152898,64
final_prompt,35,24,1.9195749700754315e-07,0.0016297091595059428,0.0016297091595059428,0.5,1.5939606782913165e-05,-1.5555691788898077e-05,64
final_prompt,0,1,-6.201418727873396e-06,-0.0016266680024171968,0.0016266680024171968,0.5,-0.0002334794262424094,0.0002210765887866626,64
response_mean,13,17,1.963794602486072e-06,0.0016265040482078819,0.0016265040482078819,0.5,-9.881797859635232e-05,0.00010274556780132447,64
response_first,1,3,-5.944162694502967e-06,-0.0016260641172794392,0.0016260641172794392,0.5,-0.001012252363580045,0.0010003640381910392,64
response_first,32,28,-9.609919970946274e-07,-0.0016177911196415826,0.0016177911196415826,0.5,6.847796373676766e-05,-7.039994773095695e-05,64
public_task_span,3,21,-1.661432906985489e-05,-0.0016152403303745452,0.0016152403303745452,0.5,-0.0021570177195826563,0.002123789061442947,64
response_mean,12,13,4.265153393129064e-06,0.0016148711110612719,0.0016148711110612719,0.5,0.0002793237617879628,-0.00027079345500170485,64
response_first,4,18,-2.2555746909351483e-05,-0.0016145769569099388,0.0016145769569099388,0.5,-0.0025574086685082754,0.002512297174689572,64
public_task_span,4,16,1.339527079836125e-05,0.0016142550715335245,0.0016142550715335245,0.5,-0.001740278021316025,0.0017670685629127478,64
final_prompt,1,8,-2.153730747519791e-06,-0.001606759510141644,0.001606759510141644,0.5,0.00033142926986328076,-0.0003357367313583203,64
response_first,18,27,-2.3823642280928989e-07,-0.0016067469980396154,0.0016067469980396154,0.484375,4.7046050451803146e-05,-4.752252329742173e-05,64
response_first,13,30,6.613373670988865e-08,0.001605116412159785,0.001605116412159785,0.484375,-1.9158839961617166e-05,1.9291107435036943e-05,64
response_mean,13,16,4.12202098232933e-06,0.0016036093999861468,0.0016036093999861468,0.5,-0.0005420645284175248,0.0005503085703821831,64
public_task_span,29,20,-3.4531592518916783e-07,-0.0016023751080482306,0.0016023751080482306,0.484375,-7.660444248358084e-05,7.59138106332025e-05,64
public_task_span,3,14,1.953228593265814e-05,0.001601255324110214,0.001601255324110214,0.5,-0.002198650363425228,0.002237714935290544,64
response_first,3,2,-2.339286993446917e-06,-0.0015966655981324402,0.0015966655981324402,0.5,-0.00019058520274483875,0.00018590662875794488,64
response_mean,10,25,-3.393515441967218e-07,-0.0015948827195666104,0.0015948827195666104,0.5,6.332836888134077e-05,-6.400707196973423e-05,64
public_task_span,34,30,-2.13594103115871e-06,-0.00159429980807633,0.00159429980807633,0.484375,-0.0006313422218226914,0.000627070339760374,64
final_prompt,17,30,-1.423734552474798e-08,-0.001593709201724927,0.001593709201724927,0.5,3.1313819697231793e-06,-3.1598566607726752e-06,64
public_task_span,15,19,5.970013035055276e-07,0.0015924680637084217,0.0015924680637084217,0.515625,0.00015806511396475727,-0.0001568711113577462,64
public_task_span,20,27,-3.5719240258952993e-06,-0.0015910186480232525,0.0015910186480232525,0.5,8.710438123670937e-05,-9.424822928850003e-05,64
public_task_span,29,17,2.3301122382680907e-06,0.0015891985084408185,0.0015891985084408185,0.484375,-0.00015101574899744567,0.0001556759734739818,64
final_prompt,22,26,-1.6714864159611913e-07,-0.0015860253716177435,0.0015860253716177435,0.46875,3.330190770610783e-05,-3.3636204989300065e-05,64
final_prompt,10,30,8.121093486668265e-08,0.0015854293386354998,0.0015854293386354998,0.484375,6.132820459469049e-06,-5.970398589735685e-06,64
public_task_span,24,2,-3.460903599273158e-07,-0.0015835799891823113,0.0015835799891823113,0.5,2.1146615381432742e-05,-2.1838796101287377e-05,64
public_task_span,32,16,6.602022040145292e-07,0.0015831458842045976,0.0015831458842045976,0.5,1.5619943042109694e-05,-1.4299538634080623e-05,64
final_prompt,1,27,9.413895895704898e-06,0.0015816785971404469,0.0015816785971404469,0.5,6.878415297250932e-05,-4.9956361181099874e-05,64
public_task_span,20,20,8.450442692293443e-07,0.0015805197465477974,0.0015805197465477974,0.5,-7.518639722547667e-05,7.687648576393537e-05,64
response_first,14,8,-3.3811579669530596e-07,-0.0015771953168569857,0.0015771953168569857,0.5,-2.6332779498246784e-05,2.565654790485617e-05,64
public_task_span,3,5,2.497784678467431e-05,0.0015765864905363657,0.0015765864905363657,0.5,-0.002484625084306894,0.002534580777876242,64
response_first,5,25,2.381407080065379e-05,0.0015757925653315573,0.0015757925653315573,0.5,-0.0025923096609403702,0.0026399378025416783,64
final_prompt,3,16,1.700174470898306e-05,0.0015742558416878588,0.0015742558416878588,0.5,0.00013201971887610983,-9.801622945814392e-05,64
response_first,17,24,5.197721293381954e-07,0.0015731832365417403,0.0015731832365417403,0.5,0.00010293651268965538,-0.000101896968430979,64
response_mean,0,19,2.17574233829523e-06,0.001571584117744388,0.001571584117744388,0.5,-2.8505713999038555e-05,3.285719867562902e-05,64
response_mean,5,10,-2.4289670818685143e-05,-0.0015679309840974497,0.0015679309840974497,0.5,-0.00199642871370996,0.0019478493720725895,64
public_task_span,26,6,-1.726470600261454e-06,-0.0015671471229620146,0.0015671471229620146,0.5,-1.0128105714115957e-05,6.675164513593049e-06,64
final_prompt,19,22,3.4304480323615907e-07,0.001565693736303991,0.001565693736303991,0.5,4.5655659505428834e-05,-4.496956989895653e-05,64
final_prompt,13,10,4.879748303166995e-07,0.0015656474918194138,0.0015656474918194138,0.5,-0.00011546969835762455,0.00011644564801825796,64
public_task_span,23,25,-3.393506631309775e-07,-0.0015637750478369864,0.0015637750478369864,0.5,0.0001388824798595728,-0.00013956118118583474,64
response_first,13,24,-2.0814505318985018e-07,-0.0015628556027048467,0.0015628556027048467,0.5,-5.452883789301905e-05,5.4112547786639345e-05,64
final_prompt,6,24,-1.230857651534793e-05,-0.001560804185484522,0.001560804185484522,0.5,-0.0014265047354910954,0.0014018875824603999,64
public_task_span,30,12,1.7288505205123708e-07,0.0015603776362562887,0.0015603776362562887,0.515625,2.7539231496116664e-05,-2.7193461392014183e-05,64
public_task_span,5,20,7.639101568201575e-06,0.0015579695715115065,0.0015579695715115065,0.5,-0.0007303442271222625,0.0007456224302586658,64
final_prompt,4,31,8.403595401793726e-07,0.0015562450781193382,0.0015562450781193382,0.5,-8.758061974844099e-05,8.926133882879973e-05,64
response_first,15,22,-7.725664552538092e-09,-0.0015556837019944654,0.0015556837019944654,0.5,-3.338552865272959e-07,3.184039574222197e-07,64
response_mean,0,15,-9.839147878643763e-07,-0.0015485847400897774,0.0015485847400897774,0.5,-0.00023841233269192552,0.00023644450311619678,64
public_task_span,3,7,2.4415962798223596e-05,0.0015468281836669793,0.0015468281836669793,0.515625,-0.0036211457604622176,0.003669977686058665,64
public_task_span,6,7,1.2440206774045758e-05,0.0015415884871726158,0.0015415884871726158,0.5,-0.0009984078642446587,0.00102328827779275,64
response_first,19,17,-3.974147944063594e-08,-0.0015392733518147462,0.0015392733518147462,0.484375,1.0536285230955402e-06,-1.1331114819768118e-06,64
response_first,27,1,5.8149023374198805e-09,0.001537150341572488,0.001537150341572488,0.5,2.4302493883965326e-07,-2.313951341648135e-07,64
public_task_span,14,19,-1.5914920368215977e-06,-0.001533533925693895,0.001533533925693895,0.5,-0.00023413812596116546,0.00023095514188752227,64
final_prompt,9,5,5.7817388210423815e-08,0.0015304818410012383,0.0015304818410012383,0.5,2.262916041217973e-07,-1.1065682770095009e-07,64
response_mean,12,3,-2.2202932541437763e-06,-0.0015250597603171912,0.0015250597603171912,0.5,-0.00041632261309133123,0.00041188202658304373,64
response_first,27,12,6.121908313616586e-08,0.0015196151317126078,0.0015196151317126078,0.5,9.472474232552486e-06,-9.350036066280154e-06,64
final_prompt,3,13,-2.0008534164620484e-05,-0.0015193927842321322,0.0015193927842321322,0.5,-0.0019094406910937721,0.0018694236227645312,64
response_first,3,5,1.9221485022316294e-05,0.0015167525762133734,0.0015167525762133734,0.5,-0.001917634314185784,0.0019560772842304166,64
response_first,9,9,1.3696120504665405e-07,0.0015158244946985489,0.0015158244946985489,0.515625,-4.3753160980475856e-05,4.4027083390569166e-05,64
public_task_span,4,8,1.7682045836411582e-05,0.001513802364430571,0.001513802364430571,0.484375,-0.002126887815393256,0.00216225190706608,64
response_first,30,7,5.857648588403235e-09,0.0015128902494235318,0.0015128902494235318,0.5,7.692996248920281e-07,-7.575843277152217e-07,64
response_first,32,30,4.385628926687486e-07,0.0015107085686098887,0.0015107085686098887,0.5,3.047176460314062e-05,-2.9594638817803128e-05,64
response_mean,6,27,4.39735231338637e-06,0.0015072659224569251,0.0015072659224569251,0.5,-0.0008757340910960842,0.0008845287957228568,64
response_mean,15,20,4.044863999351553e-07,0.0015030368350704112,0.0015030368350704112,0.5,5.501922942130724e-05,-5.421025662143692e-05,64
response_mean,3,28,-1.558309321580758e-05,-0.0015023046140204997,0.0015023046140204997,0.5,-0.0019214261126307922,0.0018902599261991773,64
response_first,6,20,-1.1969171509916966e-05,-0.0015016244522017734,0.0015016244522017734,0.5,-0.0011216037701160537,0.0010976654270962198,64
response_mean,2,4,-1.9624816616227968e-06,-0.0015000548665684448,0.0015000548665684448,0.5,-0.00022882241700017126,0.00022489745367692567,64
response_first,28,24,2.7046752393289353e-08,0.0014995147763667935,0.0014995147763667935,0.5,2.2115197282346344e-06,-2.1574262234480557e-06,64
response_mean,5,26,-2.5607451789265694e-05,-0.0014966423021340843,0.0014966423021340843,0.5,-0.0025959066010727877,0.0025446916974942563,64
final_prompt,17,19,2.0756868934384176e-07,0.0014954706824490422,0.0014954706824490422,0.5,3.6010647136201596e-05,-3.559550975751391e-05,64
response_mean,1,15,2.4968871912352426e-06,0.001492683977703403,0.001492683977703403,0.5,-0.000756191067011946,0.0007611848413944165,64
response_mean,13,30,-2.168591350941876e-07,-0.001489693105903715,0.001489693105903715,0.5,-4.3588211184437766e-05,4.315449291424939e-05,64
response_mean,1,24,-2.169588697143753e-06,-0.0014882918201184234,0.0014882918201184234,0.5,5.461362889036561e-05,-5.895280628465314e-05,64
response_first,30,1,-2.1379639747668042e-07,-0.0014877357609577547,0.0014877357609577547,0.5,-1.2391916470733468e-05,1.1964323675780102e-05,64
response_first,7,11,-1.268740419392009e-07,-0.001486829894003937,0.001486829894003937,0.5,1.0896772550960392e-06,-1.3434253389744427e-06,64
public_task_span,24,3,3.322725206089672e-08,0.0014849800942956892,0.0014849800942956892,0.5,3.6158797911411966e-07,-2.9513347499232623e-07,64
final_prompt,5,22,1.1761956116628468e-05,0.0014821634235252644,0.0014821634235252644,0.5,-0.0010653224778138755,0.0010888463900471325,64
final_prompt,13,31,-8.899934300643508e-08,-0.0014780409452728337,0.0014780409452728337,0.5,-1.698245057468739e-06,1.520246371455869e-06,64
public_task_span,35,10,1.7498678062062621e-06,0.0014756302285758147,0.0014756302285758147,0.5,-0.0001589993353263875,0.00016249907093879998,64
public_task_span,14,16,1.407835952702931e-06,0.0014732803717221617,0.0014732803717221617,0.5,-0.00031634945207768394,0.00031916512398308974,64
final_prompt,9,6,-1.1420713263987636e-08,-0.001471296331809187,0.001471296331809187,0.5,-2.4294613538700105e-06,2.4066199273420352e-06,64
final_prompt,10,7,1.0241430459252948e-07,0.0014711096676467059,0.0014711096676467059,0.484375,-8.53850792736714e-06,8.743336536552197e-06,64
public_task_span,30,20,-2.153989044019167e-06,-0.001465714737401425,0.001465714737401425,0.5,-0.00013554182805819147,0.0001312338499701531,64
response_mean,10,13,-7.520184226437568e-07,-0.001465187018644871,0.001465187018644871,0.5,-2.3773485736449988e-05,2.226944889116248e-05,64
final_prompt,8,28,-7.988566252947749e-09,-0.0014581571921972313,0.0014581571921972313,0.5,1.9344547226296527e-06,-1.950431855135548e-06,64
final_prompt,5,19,-1.8417505998513553e-05,-0.0014559107548793267,0.0014559107548793267,0.5,-0.0018187880077675704,0.0017819529957705436,64
final_prompt,4,21,1.0149975423695795e-05,0.0014543910543782469,0.0014543910543782469,0.5,-0.0009314597773482159,0.0009517597281956076,64
response_mean,0,8,-1.4443194231664061e-06,-0.0014542278908623964,0.0014542278908623964,0.5,0.00011831524898299012,-0.00012120388782932293,64
response_mean,2,7,-1.2355275259782388e-05,-0.001446921169438689,0.001446921169438689,0.5,-0.0015682679045312263,0.0015435573540116614,64
final_prompt,18,11,-1.127646783059654e-06,-0.001440397260551942,0.001440397260551942,0.5,0.0005226058588049925,-0.0005248611523711118,64
public_task_span,5,27,-1.9208899630028834e-05,-0.0014391064509890314,0.0014391064509890314,0.5,-0.002554598462666008,0.00251618066340595,64
final_prompt,7,21,4.7676303438720394e-07,0.0014284216800710858,0.0014284216800710858,0.5,9.498990766587433e-05,-9.403638159709993e-05,64
response_first,4,7,-2.4040165499168427e-05,-0.0014252457126267362,0.0014252457126267362,0.5,-0.002431165373309341,0.002383085042311004,64
public_task_span,28,6,8.696056283893385e-07,0.0014199282683048276,0.0014199282683048276,0.5,-5.756462996936143e-06,7.495674253714851e-06,64
public_task_span,26,30,1.470834831719919e-07,0.0014190931447238236,0.0014190931447238236,0.5,-1.2744015293715173e-05,1.3038182260059153e-05,64
response_mean,14,31,8.666320354679837e-07,0.0014181027152810229,0.0014181027152810229,0.484375,7.445115807058697e-05,-7.271789399965096e-05,64
public_task_span,10,1,-1.6594985936554767e-06,-0.0014148830271621482,0.0014148830271621482,0.5,0.0001613904369150948,-0.0001647094341024058,64
public_task_span,4,14,1.0351925084252172e-05,0.00140740792063936,0.00140740792063936,0.5,-0.0013758827117271739,0.0013965865618956782,64
final_prompt,13,29,-1.2065092391975446e-07,-0.0014035792936460954,0.0014035792936460954,0.5,-1.6236069740215527e-05,1.5994767892376018e-05,64
public_task_span,20,15,-8.461909146714129e-07,-0.0014015048012504167,0.0014015048012504167,0.5,-0.00022321994231332433,0.00022152756048398153,64
final_prompt,6,30,-4.827265001954191e-06,-0.001391773258062427,0.001391773258062427,0.5,-0.0008362732023670021,0.0008266186723630937,64
response_first,30,0,-3.7868448998683513e-07,-0.0013916831102053363,0.0013916831102053363,0.484375,2.5447927782801793e-05,-2.6205296762775467e-05,64
public_task_span,5,16,-5.722782816514055e-06,-0.0013873730554832566,0.0013873730554832566,0.5,-0.0006021382996550563,0.0005906927340220281,64
response_first,2,8,5.532565410254736e-06,0.0013858310891865391,0.0013858310891865391,0.5,-0.0001317490641667907,0.00014281419498729997,64
public_task_span,29,14,-4.7324698471117325e-07,-0.0013831318177540877,0.0013831318177540877,0.515625,-9.43259427685868e-05,9.337944879916447e-05,64
final_prompt,7,1,-3.2038633434687536e-07,-0.0013826893965342946,0.0013826893965342946,0.5,1.3367756764640623e-05,-1.4008529433334364e-05,64
response_mean,16,28,3.115321987928968e-06,0.0013785258281206608,0.0013785258281206608,0.515625,0.0013707295852327319,-0.001364498941256874,64
response_first,6,23,1.5172486200788658e-06,0.0013672674473455665,0.0013672674473455665,0.5,-4.144803369854774e-05,4.448253093870542e-05,64
public_task_span,11,31,4.88418663734424e-07,0.0013643428782942162,0.0013643428782942162,0.5,-9.846079501583767e-05,9.94376323433065e-05,64
public_task_span,15,15,-1.6644810330059284e-07,-0.0013546114452955113,0.0013546114452955113,0.5,6.177223320945398e-05,-6.210512941605516e-05,64
response_mean,3,27,-1.732655755404299e-05,-0.001352116209775385,0.001352116209775385,0.5,-0.002363181293731024,0.0023285281786229383,64
public_task_span,10,24,-1.218236320709618e-06,-0.0013434055577015633,0.0013434055577015633,0.5,0.00029489558801286506,-0.0002973320606542842,64
response_mean,11,15,8.921522749001507e-06,0.0013427614416563374,0.0013427614416563374,0.5,0.0018218529585283093,-0.0018040099130303062,64
response_mean,9,7,1.454947096168635e-07,0.0013424485251889607,0.0013424485251889607,0.5,1.1661777762130447e-05,-1.1370788342896725e-05,64
response_mean,10,27,4.160103230794248e-07,0.0013386652345731458,0.0013386652345731458,0.5,5.6740807735876126e-05,-5.5908787089717276e-05,64
response_mean,4,20,-1.3885547559765372e-05,-0.001335055961547881,0.001335055961547881,0.5,-0.0017239902299479501,0.0016962191348284185,64
response_mean,2,1,-1.0385285349908703e-05,-0.001334281383860493,0.001334281383860493,0.5,-0.0013508931224350735,0.0013301225517352562,64
public_task_span,34,19,3.2150437618874944e-06,0.0013337041546692976,0.0013337041546692976,0.5,-0.0005984731033094968,0.0006049031908332719,64
response_mean,5,3,1.1617705240492152e-05,0.0013304965601474458,0.0013304965601474458,0.5,-0.001164471510946903,0.0011877069214278875,64
response_mean,14,19,-9.153918654172622e-07,-0.001329671612532405,0.001329671612532405,0.484375,-5.481955668073259e-05,5.2988772949898045e-05,64
public_task_span,15,3,-2.1813857529198396e-06,-0.0013276763651637656,0.0013276763651637656,0.5,0.0005127640888531443,-0.0005171268603589841,64
public_task_span,5,21,-1.2754787348961331e-05,-0.0013272996839133126,0.0013272996839133126,0.5,-0.0018809855282597503,0.0018554759535618277,64
response_first,9,8,1.7915352579193027e-07,0.0013163032788633235,0.0013163032788633235,0.5,-5.8474687950386676e-05,5.883299500197054e-05,64
response_mean,2,27,-3.177539838353341e-06,-0.0013155587938915047,0.0013155587938915047,0.5,-0.00017756002853273683,0.0001712049488560301,64
public_task_span,1,1,-2.0430434233296367e-06,-0.0013145662330947224,0.0013145662330947224,0.5,5.683730341843438e-05,-6.092339026509373e-05,64
final_prompt,6,6,5.383039024312454e-06,0.0013145564462660833,0.0013145564462660833,0.5,-8.697205703356254e-05,9.773813508218761e-05,64
response_first,4,29,-2.344025233462702e-06,-0.0013103069866450465,0.0013103069866450465,0.5,-0.0006196047197590685,0.0006149166692921428,64
response_first,1,2,-3.949600795744696e-06,-0.0013062507965643524,0.0013062507965643524,0.5,-2.6617817638907148e-05,1.8718616047417756e-05,64
public_task_span,12,8,3.1249692255954957e-07,0.00129927887145403,0.00129927887145403,0.5,6.524744867418631e-05,-6.462245482906724e-05,64
response_first,33,27,1.1007239209235224e-07,0.0012937216277861259,0.0012937216277861259,0.5,1.493765557824942e-05,-1.4717510794064714e-05,64
response_first,30,23,7.229819232205838e-08,0.0012916116019314895,0.0012916116019314895,0.5,-1.2855155375734808e-06,1.4301119222175993e-06,64
public_task_span,2,1,-1.1511261618571769e-05,-0.001290933222562432,0.001290933222562432,0.5,-0.001634940981602989,0.0016119184583658452,64
final_prompt,8,27,-3.4119830160918344e-07,-0.0012811889392253615,0.0012811889392253615,0.5,2.06790746233261e-05,-2.136147122654448e-05,64
final_prompt,12,19,1.669786229304081e-07,0.0012803838265320069,0.0012803838265320069,0.5,-1.254274900475055e-05,1.2876706250611367e-05,64
response_mean,19,16,7.485562036770762e-07,0.001276703747999512,0.001276703747999512,0.5,-8.343027911906164e-05,8.49273915264158e-05,64
public_task_span,35,2,-3.1340050555204765e-07,-0.0012749939463418006,0.0012749939463418006,0.5,-1.501486985944195e-05,1.4388068848337877e-05,64
response_first,19,11,9.737792083722734e-08,0.0012710055946984367,0.0012710055946984367,0.5,1.3948421042180002e-05,-1.3753665200505544e-05,64
response_mean,13,11,-4.5160021500169796e-07,-0.0012590157260881588,0.0012590157260881588,0.5,-5.54798986627168e-05,5.45766982327134e-05,64
response_mean,6,17,-8.183644695238105e-07,-0.001256520395345614,0.001256520395345614,0.5,-1.634891532376272e-05,1.4712186384715117e-05,64
response_mean,14,16,-1.371040525552482e-06,-0.0012515073043291155,0.0012515073043291155,0.5,0.000356758167072258,-0.0003595002481233629,64
final_prompt,14,30,7.699145499038394e-08,0.001251315279382445,0.001251315279382445,0.5,1.617184369706977e-05,-1.6017860787089e-05,64
final_prompt,5,18,4.852060556000061e-06,0.0012478291586900678,0.0012478291586900678,0.5,-0.0006284463524934793,0.0006381504736054794,64
public_task_span,4,10,9.46885847952206e-06,0.0012471159688108083,0.0012471159688108083,0.515625,-0.0017128420204244128,0.0017317797373834563,64
response_first,30,10,6.190373369443666e-08,0.001245181547925391,0.001245181547925391,0.484375,-1.935236332428681e-05,1.9476170791675685e-05,64
final_prompt,2,14,-9.730782039694372e-06,-0.001239540321096663,0.001239540321096663,0.5,-0.0014490538542304239,0.001429592290151035,64
public_task_span,34,4,5.321589924273993e-07,0.0012367301463977276,0.0012367301463977276,0.5,-0.00010089293891723465,0.00010195725690208946,64
response_mean,2,2,1.2414881894075866e-05,0.001235555353049815,0.001235555353049815,0.5,-0.001648062230742646,0.0016728919945307975,64
public_task_span,9,25,-8.692286428451165e-07,-0.0012346187478879233,0.0012346187478879233,0.5,8.171755325748246e-05,-8.345601054317267e-05,64
response_first,1,7,2.9450120564083413e-07,0.0012340942908749682,0.0012340942908749682,0.5,-1.8088601336792517e-06,2.397862544960936e-06,64
response_first,1,18,1.709733624010465e-06,0.0012340260947666846,0.0012340260947666846,0.484375,-0.00012529598461696867,0.00012871545186498963,64
final_prompt,18,8,8.376828191091352e-07,0.0012338564855805326,0.0012338564855805326,0.484375,-0.0003401104745534839,0.0003417858401917022,64
public_task_span,1,23,8.21781577542332e-06,0.0012298006838490966,0.0012298006838490966,0.5,0.0002825317496899563,-0.00026609611813910945,64
public_task_span,21,21,4.574321792425809e-07,0.0012282849129304511,0.0012282849129304511,0.5,3.205946495652906e-05,-3.114460059804392e-05,64
final_prompt,14,27,-3.246394046917223e-07,-0.0012264736412228635,0.0012264736412228635,0.5,-4.651990152204494e-05,4.58706227126615e-05,64
public_task_span,1,7,1.5733694453936502e-06,0.0012231833168328539,0.0012231833168328539,0.5,2.4939086870292995e-05,-2.1792347979505695e-05,64
response_mean,7,13,3.433564188526361e-08,0.0012221955238758662,0.0012221955238758662,0.5,4.7672415632860066e-06,-4.698570279515479e-06,64
response_first,35,15,-5.956435416049985e-07,-0.001213071737862569,0.001213071737862569,0.484375,1.7362357539233928e-05,-1.8553644622443928e-05,64
public_task_span,10,21,7.76253727964414e-07,0.0012115334371487281,0.0012115334371487281,0.515625,0.00022329717467071253,-0.00022174466721478365,64
response_first,0,17,8.220222298440234e-07,0.0012077753587182343,0.0012077753587182343,0.5,7.386622291960342e-05,-7.222217845991534e-05,64
response_first,5,26,-2.3453309324852943e-05,-0.001196054372954585,0.001196054372954585,0.5,-0.0028227601504795486,0.0027758535318298423,64
final_prompt,10,9,-6.758645554346363e-08,-0.0011860872576556862,0.0011860872576556862,0.5,-1.5675408519653894e-05,1.554023560856697e-05,64
public_task_span,33,24,9.357754606773578e-07,0.0011848454966617934,0.0011848454966617934,0.5,-5.10005911564882e-05,5.2872142077842876e-05,64
response_mean,7,21,4.7003322834201453e-07,0.0011831858944850672,0.0011831858944850672,0.5,7.318542429857322e-05,-7.224535784188917e-05,64
response_mean,19,19,-5.713583846011215e-07,-0.0011823685224578901,0.0011823685224578901,0.484375,4.562404416220294e-05,-4.6766760931405186e-05,64
final_prompt,5,12,-7.499190814999547e-06,-0.0011790731946494778,0.0011790731946494778,0.5,-0.001109803662984617,0.001094805281354618,64
response_mean,3,12,1.4885173811755859e-05,0.0011780133549046294,0.0011780133549046294,0.5,-0.0029324869242373,0.0029622572718608115,64
final_prompt,3,15,-1.2505757013061506e-05,-0.0011729538686127508,0.0011729538686127508,0.5,-0.0018687464007598343,0.0018437348867337108,64
response_first,3,18,1.1494143109304648e-05,0.0011650010507691104,0.0011650010507691104,0.5,0.0004998817312298344,-0.00047689344501122485,64
final_prompt,1,21,-1.9352082745167814e-06,-0.0011609380898469847,0.0011609380898469847,0.5,-0.0003835321331280183,0.0003796617165789847,64
response_first,0,19,1.24780285659987e-06,0.0011577091677458066,0.0011577091677458066,0.5,-4.1581217828922266e-05,4.407682354212194e-05,64
final_prompt,0,28,3.6530082070402453e-06,0.001154550091648292,0.001154550091648292,0.5,0.00033965456168517276,-0.00033234854527109206,64
response_mean,1,16,1.212215920527634e-06,0.0011534141407193274,0.0011534141407193274,0.5,-0.00020783232457687606,0.0002102567564179313,64
response_mean,11,11,-1.2274081200372162e-06,-0.0011486805177450888,0.0011486805177450888,0.5,-0.0001232320219060165,0.00012077720566594204,64
response_first,6,14,-8.106410859905905e-06,-0.0011481805557938892,0.0011481805557938892,0.5,-0.001598420572918249,0.0015822077511984374,64
response_mean,5,12,6.79665390634893e-06,0.0011431246978478612,0.0011431246978478612,0.5,-0.0010537253619986539,0.0010673186698113518,64
response_first,0,30,2.413076799717131e-06,0.001141536715064762,0.001141536715064762,0.5,-0.0001671989575697719,0.00017202511116920624,64
response_first,4,10,1.4753879895582338e-05,0.0011397460011093317,0.0011397460011093317,0.5,-0.0020045945666424757,0.0020341023264336404,64
response_first,4,5,4.871999180976769e-06,0.001125602645094907,0.001125602645094907,0.5,-0.000627236059017378,0.0006369800573793316,64
response_mean,4,7,-1.5951366549421292e-05,-0.0011244134446765444,0.0011244134446765444,0.484375,-0.002401702491624749,0.002369799758525907,64
final_prompt,12,4,1.9552999219565066e-07,0.001122828889499818,0.001122828889499818,0.515625,-4.777405115418418e-05,4.8165111138575485e-05,64
response_mean,9,31,6.885361969531347e-07,0.0011196080520481594,0.0011196080520481594,0.5,0.00017538674153172684,-0.00017400966913782054,64
response_mean,1,12,-3.0726723707641006e-06,-0.0011180973768942374,0.0011180973768942374,0.5,-0.001072110522727578,0.0010659651779860498,64
response_mean,5,5,7.421989721476536e-06,0.0011132575737191708,0.0011132575737191708,0.5,-0.0012660031134146287,0.0012808470928575815,64
final_prompt,5,26,-2.1247146378305807e-05,-0.0011129954707922156,0.0011129954707922156,0.5,-0.003016557256160009,0.002974062963403397,64
final_prompt,13,8,-3.196968378915699e-08,-0.0011103675861872473,0.0011103675861872473,0.5,5.784539311548542e-06,-5.848478679126856e-06,64
response_mean,4,13,9.065191989063802e-06,0.0011032992228982238,0.0011032992228982238,0.5,-0.0012568893489515154,0.0012750197329296433,64
final_prompt,1,2,-2.5886454295726447e-06,-0.001101305139443073,0.001101305139443073,0.484375,-0.0007267867445079942,0.000721609453648849,64
response_first,1,22,2.056162884397385e-06,0.001099164979439663,0.001099164979439663,0.5,0.0002919368926086391,-0.00028782456683984427,64
response_mean,5,28,-1.7280656976478777e-06,-0.0010970193022930119,0.0010970193022930119,0.484375,-0.00024451255191592497,0.00024105642052062921,64
response_first,3,25,-2.0793493376904722e-05,-0.0010875331497234343,0.0010875331497234343,0.5,-0.0029458744998009812,0.0029042875130471713,64
public_task_span,34,25,-5.6926580782567496e-08,-0.0010851015179169934,0.0010851015179169934,0.5,1.178965703731891e-06,-1.2928188652970255e-06,64
final_prompt,4,14,1.7138366160908977e-05,0.0010838771939522221,0.0010838771939522221,0.484375,-0.0023179899105798428,0.002352266642901661,64
response_mean,6,29,3.9541764635890445e-06,0.0010836010603789176,0.0010836010603789176,0.5,-0.0010953116234304406,0.0011032199763576188,64
response_first,9,3,-1.3063583992334316e-08,-0.0010819755735925745,0.0010819755735925745,0.5,-1.1650938631646568e-06,1.1389666951799882e-06,64
response_mean,11,6,1.8201246234663617e-06,0.0010815555169617235,0.0010815555169617235,0.5,-0.0003860510923914119,0.00038969134163834463,64
public_task_span,29,1,-8.181442581192894e-07,-0.0010810824132007882,0.0010810824132007882,0.5,-0.0002064045349925412,0.00020476824647630267,64
final_prompt,5,28,9.852237113251857e-06,0.0010725601976995728,0.0010725601976995728,0.5,-0.0011129705808627884,0.0011326750550892924,64
response_mean,1,0,-3.654182364696819e-06,-0.0010706119304400047,0.0010706119304400047,0.5,-0.0007470151595043719,0.0007397067947749781,64
response_first,25,1,2.5802627590110205e-08,0.001067581727559867,0.001067581727559867,0.5,2.6928769045753143e-06,-2.641271649395094e-06,64
final_prompt,32,31,-7.748831194468466e-07,-0.0010633321965171586,0.0010633321965171586,0.5,8.393950156460625e-05,-8.548926780349999e-05,64
response_first,14,20,4.814503995433341e-08,0.001061852517439912,0.001061852517439912,0.484375,3.0766123018111102e-06,-2.980322221902444e-06,64
response_mean,0,5,1.2882082955843519e-06,0.001054431503689234,0.001054431503689234,0.5,-7.114162144721871e-06,9.690578735890615e-06,64
response_first,20,2,1.1756542050942327e-07,0.0010455454639138372,0.0010455454639138372,0.515625,-7.565489468679227e-06,7.800620309698074e-06,64
response_first,4,21,-9.358227543999269e-06,-0.0010430991701046567,0.0010430991701046567,0.5,-0.0009952410619007437,0.0009765246068127451,64
response_mean,4,24,6.862302598160724e-06,0.0010428271717872236,0.0010428271717872236,0.5,-0.0008921252274376623,0.0009058498326339837,64
response_mean,5,16,-8.369218107873058e-06,-0.0010373027988573671,0.0010373027988573671,0.5,-0.0011392274820991469,0.0011224890458834008,64
response_mean,22,31,-9.528966984345469e-07,-0.0010348655722533645,0.0010348655722533645,0.5,-1.576606700837014e-05,1.3860273611501002e-05,64
final_prompt,14,11,-1.7749027846840592e-07,-0.0010344768268650071,0.0010344768268650071,0.5,-4.830295904410376e-05,4.7947978487166956e-05,64
response_first,2,26,6.353634489609397e-07,0.0010343597058200835,0.0010343597058200835,0.5,1.6603402400506258e-05,-1.533267550258435e-05,64
response_mean,4,5,-3.017646918129866e-06,-0.0010335570062832136,0.0010335570062832136,0.5,-0.000347661564205745,0.0003416262703694851,64
final_prompt,31,2,1.4271472537093736e-06,0.0010314210156564428,0.0010314210156564428,0.5,0.00018866309619625001,-0.0001858088016888313,64
public_task_span,4,2,-1.6874559150891117e-05,-0.0010309636457042377,0.0010309636457042377,0.5,-0.003105006169789688,0.0030712570514879064,64
response_mean,7,26,5.227284418639095e-07,0.0010281887327125195,0.0010281887327125195,0.5,0.00013525568192562519,-0.00013421022504189734,64
response_mean,14,8,-7.879366421543475e-07,-0.001024673937506302,0.001024673937506302,0.5,-8.818538208288097e-05,8.660950879857223e-05,64
final_prompt,7,20,5.23076550962287e-08,0.0010233011264687984,0.0010233011264687984,0.5,-1.7664129359218308e-07,2.812566037846409e-07,64
response_mean,17,3,-7.632688721058805e-07,-0.001022431274632116,0.001022431274632116,0.5,0.00017999218880503112,-0.00018151872654924284,64
response_first,20,12,-1.0632325597862409e-07,-0.0010196760639442763,0.0010196760639442763,0.5,4.575740842937523e-05,-4.5970054941332485e-05,64
response_mean,5,0,-2.1927189664018034e-06,-0.0010195376206956542,0.0010195376206956542,0.5,2.80331059911944e-05,-3.241854392399802e-05,64
response_first,1,1,-5.268493623588976e-06,-0.0010182747483670923,0.0010182747483670923,0.5,-0.0012580478978634407,0.0012475109106162624,64
public_task_span,26,10,3.864633413286356e-08,0.0010176050529246406,0.0010176050529246406,0.5,3.7088372550897475e-06,-3.6315445868240204e-06,64
response_first,6,13,5.604761099676592e-06,0.00101473313030719,0.00101473313030719,0.5,-0.0017215822890648185,0.0017327918112641715,64
public_task_span,10,28,-1.356170287201571e-07,-0.0010092068673819184,0.0010092068673819184,0.5,2.6682091174724386e-05,-2.6953325232164704e-05,64
final_prompt,1,4,-5.6737690100752824e-08,-0.0010082178072245,0.0010082178072245,0.484375,-9.491029459236745e-06,9.377554079035235e-06,64
final_prompt,6,26,-1.1816700862227368e-06,-0.0010081549856142753,0.0010081549856142753,0.5,-0.00022017236506144218,0.00021780902488899672,64
response_mean,13,6,1.0464438560118099e-07,0.0010067746772918775,0.0010067746772918775,0.5,-1.1637871921262447e-05,1.1847160692464806e-05,64
response_mean,12,0,1.2967404927727708e-07,0.0010060485631366437,0.0010060485631366437,0.5,2.9440265052469894e-05,-2.9180916953915333e-05,64
response_first,6,11,7.571368769278188e-06,0.000997697886288585,0.000997697886288585,0.5,0.0004028699331684062,-0.0003877271956298496,64
final_prompt,3,11,-6.535250577137386e-06,-0.000997610746148955,0.000997610746148955,0.5,-0.0015878486155997936,0.0015747781144455188,64
final_prompt,3,3,-9.227020200342916e-06,-0.0009951612684897763,0.0009951612684897763,0.5,-0.0014635122352046753,0.0014450581948039895,64
final_prompt,31,30,2.0078314264516083e-06,0.000994985977976992,0.000994985977976992,0.5,-0.0005933812462899438,0.000597396909142847,64
response_mean,5,20,-8.827243391351658e-06,-0.0009881481036713698,0.0009881481036713698,0.5,-0.0013574705496921455,0.001339816062909442,64
response_first,9,27,4.561134119270329e-07,0.000987386750742706,0.000987386750742706,0.5,0.0001263253166143697,-0.0001254130897905156,64
response_mean,1,11,2.2128515411214958e-06,0.0009856431378913605,0.0009856431378913605,0.5,-0.0003417634434299528,0.0003461891465121957,64
response_first,8,11,1.3395128917485102e-07,0.000984996320701825,0.000984996320701825,0.5,3.640910688317811e-05,-3.6141204304828404e-05,64
response_first,13,5,2.567436467878649e-07,0.0009834884092957082,0.0009834884092957082,0.5,3.5304474295114657e-06,-3.0169601359357393e-06,64
response_mean,4,30,-2.1925038709039803e-06,-0.0009826872459386318,0.0009826872459386318,0.5,-0.0007466986789949937,0.0007423136712531857,64
public_task_span,5,22,-7.429792276527302e-06,-0.000980809195833718,0.000980809195833718,0.5,-0.0014890288157402886,0.001474169231187234,64
final_prompt,5,21,3.2233312055035947e-06,0.0009792442584655647,0.0009792442584655647,0.5,-0.0005174975117654373,0.0005239441741764445,64
public_task_span,28,26,2.7096348276245408e-08,0.0009770285290934043,0.0009770285290934043,0.5,2.915187451435484e-07,-2.3732604859105777e-07,64
public_task_span,35,8,4.281297151462394e-06,0.0009763315213685972,0.0009763315213685972,0.5,0.0001992080942727562,-0.00019064549996983108,64
response_mean,6,31,6.614054655074955e-06,0.0009734936343097765,0.0009734936343097765,0.5,-0.0014216397275958813,0.0014348678369060313,64
response_mean,2,16,-3.426101102373873e-06,-0.0009691108816192444,0.0009691108816192444,0.5,-0.0007053443187032728,0.0006984921164985252,64
final_prompt,3,23,-4.536384835777637e-06,-0.000966886695225357,0.000966886695225357,0.5,-0.0008378711665955053,0.00082879839692395,64
response_mean,16,14,9.126360964740852e-07,0.0009572782343626508,0.0009572782343626508,0.515625,-0.00011347964755259294,0.00011530491974554113,64
response_first,5,11,-1.6634308394714676e-05,-0.0009535422701110837,0.0009535422701110837,0.5,-0.002369654275753425,0.0023363856589639948,64
post_selector,27,0,-7.99548615757812e-07,-0.0009497130506279535,0.0009497130506279535,0.515625,-0.00018663339687918117,0.00018503429964766556,64
response_mean,6,21,-4.648303274732096e-06,-0.0009448648032969494,0.0009448648032969494,0.5,-0.0006623918661716666,0.0006530952596222024,64
public_task_span,3,29,8.02162844592484e-06,0.0009446544134054854,0.0009446544134054854,0.5,-0.0016025812174120938,0.0016186244743039435,64
response_first,29,1,1.7291932863408366e-07,0.0009431781282946327,0.0009431781282946327,0.5,-4.18402453306008e-05,4.2186083987868966e-05,64
public_task_span,32,25,1.3098815543573282e-07,0.0009411371399519071,0.0009411371399519071,0.5,2.8881504476891164e-06,-2.6261741368176482e-06,64
response_first,27,21,1.370256654827435e-07,0.0009399951624894713,0.0009399951624894713,0.5,-2.1801013417640578e-05,2.207506474860606e-05,64
response_mean,8,31,2.210527213721011e-06,0.0009392975719206613,0.0009392975719206613,0.5,0.0009327706611657038,-0.0009283496067382618,64
final_prompt,2,2,8.352325494340564e-06,0.0009374173190742112,0.0009374173190742112,0.5,-0.0015666525232518225,0.0015833571742405034,64
public_task_span,15,13,-9.686061730513901e-08,-0.0009371963707713137,0.0009371963707713137,0.5,6.343421091513685e-05,-6.362793214974714e-05,64
final_prompt,17,20,9.230468833720806e-09,0.0009343638436111885,0.0009343638436111885,0.5,8.745564414880392e-07,-8.560955038205974e-07,64
final_prompt,14,0,8.030662357327803e-09,0.0009337993863169395,0.0009337993863169395,0.484375,8.270165672286112e-07,-8.109552425139555e-07,64
public_task_span,9,16,-8.617607818412696e-07,-0.0009329636589968114,0.0009329636589968114,0.5,0.00012836115547542953,-0.00013008467703911204,64
final_prompt,13,3,3.443940386211803e-07,0.000928514932700854,0.000928514932700854,0.5,-6.153028789412915e-05,6.22190759713715e-05,64
response_first,13,7,-1.6346456277260351e-07,-0.0009276327601406282,0.0009276327601406282,0.484375,-4.4248208723714365e-05,4.392127959816915e-05,64
response_mean,20,25,1.7272805052638095e-07,0.0009219562040041515,0.0009219562040041515,0.5,1.31999504446834e-05,-1.2854494343630642e-05,64
final_prompt,17,28,-3.944937709832175e-09,-0.0009189806746527215,0.0009189806746527215,0.5,9.367213564814847e-07,-9.44611231901149e-07,64
public_task_span,4,1,1.1487798474265351e-05,0.0009186359344316446,0.0009186359344316446,0.5,-0.002678484903299236,0.0027014605002477652,64
response_first,1,26,-9.210769349012288e-06,-0.0009142721205526331,0.0009142721205526331,0.515625,-0.001923151678056472,0.0019047301393584476,64
response_first,2,17,-2.045384462694819e-06,-0.0009127425498653527,0.0009127425498653527,0.5,-0.0004663330182665959,0.0004622422493412062,64
final_prompt,7,3,-4.4087346396093206e-07,-0.0009118886819633584,0.0009118886819633584,0.5,2.1481352632687495e-05,-2.236309956060938e-05,64
final_prompt,4,23,7.898065632610943e-06,0.000911204187138044,0.000911204187138044,0.5,-0.001436323951565997,0.0014521200828312186,64
public_task_span,17,3,-1.4684699181077832e-06,-0.0009101512904257238,0.0009101512904257238,0.5,-1.6564272300462505e-05,1.3627332464246885e-05,64
response_mean,10,21,-3.2263869797808606e-07,-0.0009093792049049498,0.0009093792049049498,0.515625,5.1113603149134665e-05,-5.175888054509082e-05,64
public_task_span,27,9,2.237006810976539e-07,0.0009088520814540102,0.0009088520814540102,0.5,-0.00014605560409105888,0.0001465030054532542,64
response_first,28,31,-3.6891236732116826e-08,-0.0009038852354312459,0.0009038852354312459,0.5,6.3496111124550225e-06,-6.423393585919257e-06,64
response_first,8,14,1.8787545741094793e-07,0.0009037271767671033,0.0009037271767671033,0.5,9.870144435806102e-05,-9.832569344323913e-05,64
response_first,26,8,-8.835723264155604e-09,-0.0009028243212505862,0.0009028243212505862,0.5,-1.5317798514047356e-06,1.5141084048764242e-06,64
final_prompt,2,22,1.4946129795131188e-05,0.0009014673357348709,0.0009014673357348709,0.5,-0.0027859981223628044,0.002815890381953067,64
public_task_span,3,4,1.206146725963057e-05,0.0009005646583742645,0.0009005646583742645,0.5,-0.0022983880899118845,0.0023225110244311457,64
response_mean,2,26,-1.3941607903687655e-06,-0.0009004683871708205,0.0009004683871708205,0.5,-8.234509186878126e-05,7.955677028804374e-05,64
final_prompt,1,14,-1.2467153283144906e-06,-0.0008985424100793278,0.0008985424100793278,0.5,-0.0003198975773557347,0.00031740414669910574,64
final_prompt,13,4,3.047771457431736e-08,0.0008908304927555,0.0008908304927555,0.5,4.758713018304661e-06,-4.697757589156026e-06,64
final_prompt,6,12,-3.768164447140169e-07,-0.0008785208118159304,0.0008785208118159304,0.5,-8.345790456587068e-05,8.270427167644263e-05,64
final_prompt,17,31,-3.359849176653995e-09,-0.0008742585227284821,0.0008742585227284821,0.5,6.634995044496605e-07,-6.702192028029685e-07,64
final_prompt,5,24,-1.1382081538619383e-05,-0.0008741910325618395,0.0008741910325618395,0.5,-0.0022805239382250883,0.0022577597751478494,64
final_prompt,33,9,7.735327471878302e-07,0.0008733188346473193,0.0008733188346473193,0.5,-0.0002050808643616594,0.00020662792985603508,64
response_first,16,26,4.775192792235221e-07,0.0008729314464851171,0.0008729314464851171,0.5,0.0002749201130427362,-0.0002739650744842891,64
public_task_span,26,3,9.246696208844101e-08,0.0008726437350298709,0.0008726437350298709,0.5,2.557353582232732e-05,-2.5388601898150443e-05,64
final_prompt,14,12,2.873832727373501e-07,0.0008672343964571011,0.0008672343964571011,0.5,-3.8050889088475914e-05,3.8625655633950624e-05,64
response_mean,2,22,8.503270237265599e-06,0.0008665580380320543,0.0008665580380320543,0.5,-0.0017650022509769782,0.0017820087914515094,64
response_first,6,8,1.451011848985044e-05,0.0008655561538742151,0.0008655561538742151,0.5,0.007330012384045388,-0.007300992147065688,64
final_prompt,4,11,1.2900592082586452e-05,0.0008655128713590017,0.0008655128713590017,0.5,-0.0028736799195030237,0.0028994811036681966,64
public_task_span,26,4,1.259476221087659e-07,0.0008636741948625363,0.0008636741948625363,0.5,-9.605075433680851e-06,9.856970677898383e-06,64
final_prompt,25,25,1.886384097822621e-07,0.0008631266643021677,0.0008631266643021677,0.46875,2.8745607778543263e-05,-2.8368330958978746e-05,64
public_task_span,23,2,-1.8372236354397255e-07,-0.0008573979378466017,0.0008573979378466017,0.5,7.843092794245266e-05,-7.879837266954061e-05,64
public_task_span,34,18,-3.363112454948342e-08,-0.0008565495904534207,0.0008565495904534207,0.484375,1.9099808923783712e-05,-1.916707117288268e-05,64
final_prompt,6,11,-4.186837031734387e-06,-0.000855938139502146,0.000855938139502146,0.5,-0.000895368004421475,0.0008869943303580062,64
public_task_span,3,27,-7.306474799407907e-06,-0.0008538945978857486,0.0008538945978857486,0.5,-0.0018687860128920688,0.0018541730632932532,64
public_task_span,19,19,-6.667601155749985e-07,-0.0008534123878633407,0.0008534123878633407,0.5,0.00011172100130350938,-0.00011305452153465939,64
response_mean,12,30,4.317125359430796e-07,0.0008532110295840984,0.0008532110295840984,0.5,-4.716836230043899e-05,4.8031787372325164e-05,64
final_prompt,26,18,-5.718890179286995e-07,-0.0008527567035161841,0.0008527567035161841,0.5,-0.00023711622293375912,0.0002359724448979017,64
public_task_span,3,28,-8.054022487160748e-06,-0.0008472389256145331,0.0008472389256145331,0.515625,-0.002122105247281068,0.002105997202306746,64
response_mean,3,20,3.1736235541824688e-06,0.0008468113030716249,0.0008468113030716249,0.515625,-0.0004566939278447433,0.0004630411749531082,64
response_first,3,12,7.0412256718517595e-06,0.0008457116402616459,0.0008457116402616459,0.5,-0.001561346618586857,0.0015754290699305608,64
public_task_span,2,29,9.508445145915494e-06,0.000843770454011955,0.000843770454011955,0.5,-0.001559859014378172,0.0015788759046700034,64
public_task_span,5,13,-7.672033461859657e-06,-0.0008408282396891299,0.0008408282396891299,0.5,-0.001687233931079383,0.0016718898641556637,64
public_task_span,27,11,-2.718888936233986e-07,-0.0008378382088701047,0.0008378382088701047,0.5,-7.38363223717924e-05,7.32925445845456e-05,64
public_task_span,27,14,2.1344203559944147e-07,0.0008322050721742244,0.0008322050721742244,0.5,-1.5649789020247313e-05,1.60766730914462e-05,64
final_prompt,4,12,-1.242038138116121e-05,-0.0008321105267246922,0.0008321105267246922,0.5,-0.0022551300178292816,0.002230289255066959,64
response_first,9,17,-1.1553834156077466e-06,-0.0008291231123614532,0.0008291231123614532,0.484375,0.0002887096225094795,-0.000291020389340695,64
final_prompt,5,15,-5.32457670487696e-06,-0.0008282439417020693,0.0008282439417020693,0.5,-0.00122015580564037,0.0012095066522306158,64
response_mean,3,31,-1.0195796221524754e-05,-0.0008274771867445612,0.0008274771867445612,0.5,-0.0021282592805391544,0.0021078676880961055,64
final_prompt,10,12,-2.3303891793912212e-07,-0.000825606531682605,0.000825606531682605,0.5,2.1745161575386638e-05,-2.2211239411264865e-05,64
public_task_span,34,6,-4.1048247112399056e-07,-0.0008165850982793331,0.0008165850982793331,0.5,-0.00012126775391152391,0.00012044678896927594,64
response_mean,3,5,9.226891251044086e-06,0.0008164537959898362,0.0008164537959898362,0.5,-0.001977152469919464,0.001995606252421552,64
public_task_span,34,20,-1.609888045095431e-08,-0.000809566009010718,0.000809566009010718,0.5,1.0458965107318363e-06,-1.078094271633745e-06,64
response_first,5,19,-3.570104695426368e-06,-0.0008063262433602872,0.0008063262433602872,0.5,-0.0006505050305349845,0.000643364821144132,64
final_prompt,19,7,-5.220967977930674e-07,-0.0008046223023650269,0.0008046223023650269,0.5,1.3697970643986374e-05,-1.4742164239572479e-05,64
response_first,15,9,-3.82092703310458e-09,-0.0008041505030376592,0.0008041505030376592,0.53125,-3.3074573721481027e-07,3.2310388314860106e-07,64
public_task_span,32,30,-5.7571213573011606e-08,-0.0008007403921673052,0.0008007403921673052,0.5,8.809621704130825e-06,-8.92476413127685e-06,64
response_first,7,10,4.6733603655247684e-08,0.0007982673760299479,0.0007982673760299479,0.5,1.3612992404448649e-06,-1.2678320331343695e-06,64
response_first,6,9,-6.098662197435512e-07,-0.0007946938899579243,0.0007946938899579243,0.5,-0.00025979829479182484,0.00025857856235233774,64
response_mean,4,9,-1.109165054913059e-05,-0.0007933989542015407,0.0007933989542015407,0.5,-0.0026520828928368887,0.0026298995917386275,64
response_first,0,3,1.7380261851915367e-06,0.000791415760082287,0.000791415760082287,0.5,-0.00018277890558238082,0.00018625495795276405,64
response_first,4,17,-1.0899339258685901e-05,-0.0007822358317769021,0.0007822358317769021,0.5,-0.0024016585894059885,0.0023798599108886165,64
response_mean,27,1,-5.9805991270422965e-09,-0.000781651466264182,0.000781651466264182,0.515625,2.714072735443551e-07,-2.833684717984396e-07,64
final_prompt,22,20,-1.3257240425484153e-06,-0.0007804553850768573,0.0007804553850768573,0.5,-0.0001214262156281594,0.00011877476754306251,64
response_first,0,11,-3.6510255086163266e-07,-0.0007795797321599264,0.0007795797321599264,0.5,8.515084027749175e-05,-8.588104537921501e-05,64
response_mean,0,29,-1.0777075658605746e-06,-0.0007772469481856144,0.0007772469481856144,0.5,-0.0001631546765565824,0.00016099926142486125,64
final_prompt,1,5,1.288204742877518e-08,0.0007768437482994188,0.0007768437482994188,0.5,-1.9068465704208393e-06,1.932610665278389e-06,64
final_prompt,12,9,1.2228038315461588e-07,0.0007721078734392307,0.0007721078734392307,0.5,-4.5044221025126604e-05,4.528878179143583e-05,64
response_mean,9,23,-1.3643698366637853e-06,-0.0007701057158913736,0.0007701057158913736,0.484375,0.0001973126800294291,-0.0002000414197027568,64
response_mean,3,29,6.0715562995009476e-06,0.0007660055401646439,0.0007660055401646439,0.484375,-0.001317736438068098,0.0013298795506671,64
final_prompt,0,5,7.759954314675519e-07,0.0007536172601106373,0.0007536172601106373,0.5,-0.00020293489069445395,0.00020448688155738908,64
response_mean,29,28,-6.654630624325364e-09,-0.0007519925040005287,0.0007519925040005287,0.5,1.424639677338746e-07,-1.5577322898252532e-07,64
response_first,32,26,5.540024972287643e-08,0.0007519440591959692,0.0007519440591959692,0.5,7.4067913971045925e-06,-7.295990897658841e-06,64
final_prompt,4,19,-7.165462875493526e-06,-0.0007507553551019865,0.0007507553551019865,0.5,-0.0018287437242178902,0.0018144127984669027,64
final_prompt,10,3,1.0491817193189337e-07,0.0007483344383820099,0.0007483344383820099,0.5,2.519970212233081e-05,-2.4989865778467023e-05,64
final_prompt,8,0,-9.668258371691883e-08,-0.0007430653790442089,0.0007430653790442089,0.5,3.7489872397655984e-06,-3.942352407199436e-06,64
response_first,18,30,-8.678932772819453e-08,-0.0007420980765037332,0.0007420980765037332,0.484375,7.034504619694009e-05,-7.051862485239647e-05,64
response_first,4,12,-1.2532669416029873e-05,-0.0007415020648256092,0.0007415020648256092,0.5,-0.0023892524704933727,0.0023641871316613123,64
public_task_span,28,13,-4.2942463096289123e-07,-0.0007380931173328083,0.0007380931173328083,0.5,-6.035202318343962e-05,5.949317392151385e-05,64
response_mean,11,17,8.623933354115026e-07,0.000735924958358448,0.000735924958358448,0.5,0.00016730668448872117,-0.00016558189781789816,64
final_prompt,0,29,-2.7496716938917883e-06,-0.0007302732052488957,0.0007302732052488957,0.5,0.0006731658941134773,-0.000678665237501261,64
response_first,5,24,1.068963410943795e-05,0.0007300820532478704,0.0007300820532478704,0.5,-0.002691046205654848,0.0027124254738737246,64
final_prompt,33,24,1.0247590580625892e-06,0.0007288496115579312,0.0007288496115579312,0.5,-0.00014346813259179665,0.00014551765070792185,64
response_first,3,20,3.71814894606877e-06,0.0007264557852065562,0.0007264557852065562,0.5,-0.0002613809338072218,0.0002688172316993592,64
final_prompt,15,2,6.765458238109249e-07,0.0007261547977826808,0.0007261547977826808,0.5,-0.00012236585280333965,0.00012371894445096157,64
final_prompt,5,14,-2.6999182409768487e-06,-0.0007233858653721574,0.0007233858653721574,0.515625,-0.000607902776209805,0.0006025029397278513,64
response_first,6,26,2.7984933694889086e-06,0.0007196523691993401,0.0007196523691993401,0.5,-0.0015196905296761209,0.0015252875164150984,64
response_mean,2,18,-4.376299330029242e-06,-0.0007194688198177141,0.0007194688198177141,0.5,-0.0010404800268588575,0.001031727428198799,64
public_task_span,4,15,8.606974915892026e-06,0.0007191481079742562,0.0007191481079742562,0.5,-0.0019371802573004931,0.001954394207132277,64
public_task_span,2,12,3.10171890305736e-06,0.000718749263552049,0.000718749263552049,0.515625,-0.0011818016064353192,0.0011880050442414337,64
final_prompt,11,13,-8.101596904359039e-08,-0.000717494640983396,0.000717494640983396,0.5,7.545935750384334e-05,-7.562138944193051e-05,64
response_mean,8,11,6.213525693847587e-08,0.000713920447608764,0.000713920447608764,0.5,1.962101009666105e-05,-1.9496739582784098e-05,64
final_prompt,9,1,-3.357649802462268e-08,-0.0007138480797496226,0.0007138480797496226,0.484375,-1.9156721350549166e-05,1.9089568354499917e-05,64
final_prompt,4,18,-2.070108138255463e-07,-0.0007057521760756338,0.0007057521760756338,0.5,-5.9906577831720696e-05,5.94925562040696e-05,64
final_prompt,4,7,1.5938351204170843e-05,0.0007036581277363675,0.0007036581277363675,0.5,-0.002786323849178979,0.0028182005515873204,64
post_selector,4,15,-7.0099797539969946e-06,-0.0007016352000228053,0.0007016352000228053,0.5,-0.0017415092356713783,0.0017274892761633843,64
public_task_span,3,31,7.6735686889124e-06,0.0006992540636868857,0.0006992540636868857,0.5,-0.0022345134591432504,0.002249860596521075,64
response_first,0,16,5.387937562703683e-07,0.0006953098340012888,0.0006953098340012888,0.5,-5.425645213121242e-06,6.503232725661972e-06,64
response_first,6,1,3.5839366319147237e-06,0.0006951708430668238,0.0006951708430668238,0.5,-0.0003955885840696251,0.0004027564573334545,64
public_task_span,24,12,-3.796278633654732e-07,-0.0006936337489390284,0.0006936337489390284,0.5,0.00013671497754329904,-0.00013747423327002998,64
final_prompt,13,26,-1.233531179436011e-07,-0.0006904166854341318,0.0006904166854341318,0.5,-3.3896394143084166e-05,3.364968790719697e-05,64
response_mean,4,22,3.144748006894064e-06,0.0006858398488775959,0.0006858398488775959,0.5,-0.001143761728599179,0.0011500512246129671,64
response_mean,30,15,2.4842705671224028e-08,0.0006849450514655777,0.0006849450514655777,0.5,3.938798329272421e-06,-3.8891129179299735e-06,64
final_prompt,4,20,3.7199079088198576e-06,0.0006820740878830744,0.0006820740878830744,0.5,-0.0007927244350867005,0.0008001642509043404,64
response_mean,0,2,2.0941411094526315e-07,0.0006812319280992954,0.0006812319280992954,0.5,-4.166304825047247e-05,4.208187647236301e-05,64
response_mean,15,11,5.411099095909138e-06,0.0006810449506818529,0.0006810449506818529,0.5,-0.0021507339060917625,0.0021615561042835807,64
public_task_span,18,29,-1.8131750039183166e-06,-0.0006806413583967831,0.0006806413583967831,0.484375,0.0009668856182542904,-0.000970511968262127,64
response_first,1,16,-6.643738288329395e-07,-0.0006754900895873823,0.0006754900895873823,0.484375,-0.0004217425612296046,0.0004204138135719387,64
response_first,23,27,2.0425765967953063e-08,0.0006753480480342212,0.0006753480480342212,0.515625,6.407680430697705e-06,-6.3668288987618e-06,64
final_prompt,8,26,-6.046766429774507e-07,-0.0006721393673292688,0.0006721393673292688,0.5,2.5720093617566964e-05,-2.6929446903521838e-05,64
response_mean,4,11,6.83162261339151e-06,0.0006683910249299342,0.0006683910249299342,0.5,-0.002351404351429638,0.0023650675966564202,64
response_mean,14,27,-2.1741966520524944e-06,-0.0006651979665668973,0.0006651979665668973,0.515625,0.00027831434908876277,-0.00028266274239286765,64
final_prompt,6,13,4.874218802796825e-06,0.0006650330306162536,0.0006650330306162536,0.5,-0.0011491999140389399,0.001158948351644534,64
public_task_span,24,16,9.595560186384752e-07,0.0006644947616400648,0.0006644947616400648,0.515625,4.153455120102837e-05,-3.961543916375143e-05,64
response_mean,0,31,4.2451119952853034e-07,0.0006639051651325616,0.0006639051651325616,0.5,-3.746279935511727e-05,3.831182175417433e-05,64
final_prompt,21,0,2.829480649733181e-08,0.0006635422702373891,0.0006635422702373891,0.5,2.6586549211044975e-06,-2.6020653081098347e-06,64
response_first,0,5,-1.0668518370884154e-06,-0.0006618241393495954,0.0006618241393495954,0.5,-0.00010777003626570839,0.00010563633259153153,64
public_task_span,28,4,-1.5677596820600433e-07,-0.0006592642747930697,0.0006592642747930697,0.5,2.0422936358943024e-05,-2.0736488295355033e-05,64
final_prompt,15,19,9.265504807842611e-09,0.0006576661284333265,0.0006576661284333265,0.5,2.123262998310338e-06,-2.1047319886946525e-06,64
public_task_span,5,23,4.99955467603237e-06,0.0006563592928532279,0.0006563592928532279,0.515625,-0.0013614998742923433,0.001371498983644408,64
public_task_span,0,21,-1.267064362764589e-06,-0.0006562265421206842,0.0006562265421206842,0.5,0.0003485279157757666,-0.0003510620445012957,64
response_mean,26,9,1.7214688341482542e-08,0.0006555367343169588,0.0006555367343169588,0.515625,1.3925289863436768e-06,-1.3580996096607123e-06,64
public_task_span,19,4,4.208035534250358e-06,0.0006553975103222088,0.0006553975103222088,0.484375,-0.0020962205162504523,0.0021046365873189535,64
response_mean,4,12,-6.864920806032857e-06,-0.0006534937857002305,0.0006534937857002305,0.5,-0.0016230760402322533,0.0016093461986201876,64
response_mean,8,22,-2.653096089511053e-07,-0.0006526444445937248,0.0006526444445937248,0.5,-0.00012482516649469884,0.00012429454727679663,64
public_task_span,3,22,-3.690634912342143e-06,-0.0006517576653570081,0.0006517576653570081,0.5,0.00013932632282375614,-0.00014670759264844057,64
response_mean,1,13,5.44620525034164e-06,0.000648309034247232,0.000648309034247232,0.5,-0.0025006736186696556,0.0025115660291703387,64
response_first,11,12,1.0862977433177221e-06,0.0006435583191911967,0.0006435583191911967,0.484375,0.0005903944420424551,-0.0005882218465558198,64
response_mean,5,19,6.478809154937797e-06,0.0006425374585545129,0.0006425374585545129,0.5,-0.0014631465194270288,0.001476104137736904,64
public_task_span,18,20,2.319992290722114e-06,0.0006419835888548915,0.0006419835888548915,0.5,0.00034960946868521257,-0.0003449694841037683,64
final_prompt,24,20,1.687848225584219e-07,0.0006418852535077293,0.0006418852535077293,0.5,2.108812395817011e-06,-1.7712427507001637e-06,64
public_task_span,10,23,-9.336763469035313e-07,-0.0006304703261435117,0.0006304703261435117,0.515625,2.958854020108749e-05,-3.145589289489457e-05,64
response_first,7,17,1.3191531422762637e-08,0.0006253626759547675,0.0006253626759547675,0.5,-2.070825317446179e-06,2.097208380291704e-06,64
final_prompt,4,26,8.432357390116907e-06,0.0006239636140786112,0.0006239636140786112,0.5,-0.0021763970435131237,0.002193261758293358,64
final_prompt,33,11,-9.288421551905426e-07,-0.0006223298783605609,0.0006223298783605609,0.5,-0.0007384601626654092,0.0007366024783550282,64
response_mean,4,23,-4.9526568091132444e-06,-0.0006219154532560924,0.0006219154532560924,0.5,-0.0012556361375572985,0.0012457308239390721,64
final_prompt,7,2,9.055980854100198e-09,0.0006218279734206496,0.0006218279734206496,0.5,3.001978114980375e-06,-2.9838661532721744e-06,64
final_prompt,0,18,1.4178385754343831e-06,0.0006214945707969864,0.0006214945707969864,0.5,0.00013517488332581254,-0.00013233920617494374,64
final_prompt,11,16,1.289672582003652e-07,0.0006161965877227378,0.0006161965877227378,0.5,6.125651088949261e-05,-6.099857637309188e-05,64
response_mean,4,16,-7.5611133070199125e-06,-0.0006152908877061455,0.0006152908877061455,0.5,-0.002212737738773278,0.0021976155121592373,64
final_prompt,35,16,-2.6632619665178936e-08,-0.0006151348496484207,0.0006151348496484207,0.5,4.2940396269841585e-06,-4.347304866314516e-06,64
response_mean,0,6,2.8179988475929177e-07,0.0006142987214223832,0.0006142987214223832,0.5,-6.0204724832140084e-05,6.076832460165869e-05,64
response_first,34,21,7.347825885470699e-07,0.0006130272859625279,0.0006130272859625279,0.484375,-0.00034364386010565345,0.0003451134252827476,64
response_first,16,25,3.8485677578125737e-07,0.0006107025867634785,0.0006107025867634785,0.5,0.00016106628572743126,-0.00016029657217586876,64
response_first,13,28,-9.573267334146612e-08,-0.0006103746969939989,0.0006103746969939989,0.5,-6.394950020193111e-05,6.375803485524819e-05,64
response_mean,6,13,4.531592821881158e-06,0.0006026427434131563,0.0006026427434131563,0.5,-0.0018914002448582145,0.001900463430501977,64
response_mean,27,23,1.4299477159264347e-08,0.0006017307322825968,0.0006017307322825968,0.5,-4.198228012339071e-06,4.2268269666576e-06,64
response_first,22,27,1.9725398204760065e-08,0.0005999894452801854,0.0005999894452801854,0.5,3.546349454097303e-06,-3.506898657687783e-06,64
final_prompt,6,3,1.5146815712453264e-07,0.0005981443719610887,0.0005981443719610887,0.5,-0.00010852468130904066,0.00010882761762328972,64
response_first,1,13,-9.849410901088362e-06,-0.000592095639361367,0.000592095639361367,0.5,-0.004472409452887376,0.0044527106310852,64
response_first,6,31,5.242032926839615e-06,0.0005917640846913596,0.0005917640846913596,0.5,-0.001582983968148705,0.0015934680340023845,64
response_first,7,4,-4.3072323485660036e-10,-0.0005913255024832376,0.0005913255024832376,0.515625,-2.8097238702340377e-07,2.8011094055369057e-07,64
response_mean,6,1,2.0983588910841885e-06,0.0005874767246606739,0.0005874767246606739,0.5,-0.0007071276158967529,0.0007113243336789211,64
response_mean,0,30,4.931237071977891e-07,0.0005851714794351092,0.0005851714794351092,0.515625,-4.530009982773239e-05,4.6286347242127966e-05,64
response_first,1,30,-9.103896445581447e-07,-0.0005816354844862272,0.0005816354844862272,0.5,-0.0007660377450520099,0.0007642169657628936,64
response_mean,8,9,2.2034193137948007e-08,0.0005805339479013973,0.0005805339479013973,0.5,5.706771119663784e-06,-5.662702733387888e-06,64
public_task_span,28,18,-3.330711138053064e-07,-0.0005708131402606941,0.0005708131402606941,0.5,-0.0001311691893306427,0.00013050304710303208,64
public_task_span,9,31,2.9814456059511224e-07,0.0005702145071643131,0.0005702145071643131,0.5,0.00012706526068661925,-0.00012646897156542904,64
response_mean,1,10,-1.38978430186626e-06,-0.000569883817261756,0.000569883817261756,0.5,-0.00014054188068257848,0.00013776231207884577,64
final_prompt,6,21,2.007480361504923e-06,0.0005696467458332969,0.0005696467458332969,0.5,-0.000550125125300824,0.0005541400860238341,64
response_first,4,13,-1.0038465006802569e-05,-0.0005689568386507735,0.0005689568386507735,0.5,-0.002417870932731616,0.0023977940027180107,64
public_task_span,2,18,-3.7754798540799706e-06,-0.0005682349958918972,0.0005682349958918972,0.5,-0.001041391813487269,0.001033840853779109,64
final_prompt,6,16,-1.4730030670810648e-06,-0.0005679024859779158,0.0005679024859779158,0.515625,-0.0003987875534221568,0.0003958415472879946,64
final_prompt,14,15,4.653577434809906e-08,0.0005662801774117655,0.0005662801774117655,0.5,2.512924288566906e-05,-2.5036171336972857e-05,64
response_mean,6,6,-7.021313649601421e-06,-0.0005629461351262617,0.0005629461351262617,0.5,-0.0015228435440803813,0.0015088009167811783,64
response_first,0,0,-7.517228368617029e-07,-0.00056136678078675,0.00056136678078675,0.484375,-0.0006144801154732505,0.0006129766697995269,64
response_mean,3,26,4.985243776902955e-06,0.0005587210996338289,0.0005587210996338289,0.5,-0.0013494438835550617,0.0013594143711088678,64
final_prompt,32,19,-3.606538712084479e-08,-0.0005571605146990862,0.0005571605146990862,0.5,5.474526687980476e-06,-5.546657462222165e-06,64
public_task_span,5,18,-5.770419647890758e-06,-0.0005501363136908795,0.0005501363136908795,0.515625,-0.0016071865229605549,0.0015956456836647727,64
response_first,2,20,8.188106448870454e-06,0.000549282825455238,0.000549282825455238,0.5,-0.002715544098464302,0.0027319203113620434,64
response_first,7,13,-9.849344451140496e-09,-0.0005471567149749175,0.0005471567149749175,0.5,2.5553722196036688e-06,-2.5750709085059498e-06,64
final_prompt,4,9,-9.175810873783856e-06,-0.0005414934013079344,0.0005414934013079344,0.515625,-0.0026961686853610193,0.0026778170636134516,64
final_prompt,8,14,-3.623753741618273e-08,-0.0005369764615353354,0.0005369764615353354,0.5,1.9904832072369106e-05,-1.9977307147201473e-05,64
response_mean,1,4,-4.271390707634496e-08,-0.0005339014914300592,0.0005339014914300592,0.5,8.226201543943432e-06,-8.311629358096124e-06,64
response_mean,0,25,9.277146091345855e-07,0.0005323752183659878,0.0005323752183659878,0.5,0.0004232416231388815,-0.00042138619392061236,64
final_prompt,12,7,1.1334918780955773e-07,0.000532002468873141,0.000532002468873141,0.515625,1.927690209412883e-05,-1.905020371850971e-05,64
public_task_span,4,7,-1.148411627126993e-05,-0.0005318958492853451,0.0005318958492853451,0.5,-0.003343969700154017,0.003321001467611477,64
public_task_span,3,23,5.755922757095426e-06,0.0005285862358207054,0.0005285862358207054,0.5,-0.001467437934479674,0.0014789497799938647,64
response_mean,2,30,-3.5379889595828088e-06,-0.0005254679955272716,0.0005254679955272716,0.5,-0.0013999814400449352,0.0013929054621257693,64
final_prompt,0,30,-1.0308767741681796e-06,-0.0005229124817142507,0.0005229124817142507,0.5,3.5166922316516775e-06,-5.578445779988145e-06,64
public_task_span,4,6,-5.847679858556943e-06,-0.0005133433658833734,0.0005133433658833734,0.515625,-0.001552003688630069,0.001540308328912955,64
response_mean,6,12,1.7549191397779032e-06,0.0005107939989838549,0.0005107939989838549,0.5,-0.0020306126461946223,0.0020341224844741784,64
final_prompt,13,5,-3.066256226727946e-08,-0.000506031609513144,0.000506031609513144,0.5,1.3206669677836681e-06,-1.3819920923182262e-06,64
public_task_span,35,3,-3.2840853237188657e-07,-0.0005048981871517794,0.0005048981871517794,0.5,3.72043068637156e-05,-3.786112392845938e-05,64
response_first,13,26,4.1926887206309305e-07,0.0004984967274443206,0.0004984967274443206,0.5,-5.795387551190204e-06,6.633925295316383e-06,64
response_mean,4,2,-7.33952629161541e-06,-0.0004978300425325428,0.0004978300425325428,0.5,-0.0023753552204652875,0.002360676167882057,64
response_first,16,22,1.5626063997996348e-08,0.0004957635111574385,0.0004957635111574385,0.5,-4.350439446906881e-06,4.381691574902874e-06,64
response_mean,8,26,-6.3454717746578e-07,-0.0004948927897619554,0.0004948927897619554,0.484375,-0.00013834270066581146,0.0001370736063108799,64
final_prompt,6,17,-1.2055684806092996e-07,-0.0004926101596473326,0.0004926101596473326,0.5,-4.377396814447335e-05,4.353285444835149e-05,64
response_mean,3,25,-7.545495918745925e-06,-0.0004889251324773358,0.0004889251324773358,0.5,-0.002416255807929696,0.0024011648160922046,64
public_task_span,1,13,3.2450911930898094e-06,0.0004888783095730576,0.0004888783095730576,0.5,-0.0031824170464460383,0.003188907228832218,64
response_first,15,10,1.3166055801352819e-08,0.0004888711148023141,0.0004888711148023141,0.5,-2.893641498859311e-06,2.9199736104620164e-06,64
final_prompt,11,17,-1.8349794574063765e-08,-0.00048530663265156527,0.00048530663265156527,0.5,1.3279480413044835e-06,-1.3646476304526119e-06,64
public_task_span,14,7,-7.310102319078946e-07,-0.0004808440372013467,0.0004808440372013467,0.5,-0.0003001113555001255,0.0002986493350363098,64
response_first,8,25,2.674159986768149e-07,0.0004804083311287665,0.0004804083311287665,0.484375,0.00011931990593439022,-0.00011878507393703658,64
public_task_span,1,14,1.8093251128490322e-06,0.00047972844755143554,0.00047972844755143554,0.515625,-0.0018727196948020476,0.0018763383450277455,64
final_prompt,0,17,8.591523510406371e-07,0.0004775822208044036,0.0004775822208044036,0.5,0.00025144473329418316,-0.00024972642859210194,64
response_first,15,8,-8.993483788880539e-07,-0.00047724025583267647,0.00047724025583267647,0.5,-0.0005442960682557911,0.0005424973714980152,64
public_task_span,0,22,-1.1627548701994569e-07,-0.0004728056160922579,0.0004728056160922579,0.5,1.5469150184793096e-05,-1.5701701158832977e-05,64
response_first,18,2,-1.1802299582086773e-08,-0.0004724340557764106,0.0004724340557764106,0.5,-4.004988738870452e-06,3.981384139706279e-06,64
response_mean,14,0,-7.535263080171717e-09,-0.0004710812624136078,0.0004710812624136078,0.5,-3.4586297914529496e-07,3.307924529849515e-07,64
public_task_span,35,7,2.5093811473198002e-08,0.0004682338650114649,0.0004682338650114649,0.5,-7.950621579766448e-06,8.000809202712844e-06,64
public_task_span,6,12,-2.465994839438582e-06,-0.0004643401270275121,0.0004643401270275121,0.5,-0.001624485026695757,0.00161955303701688,64
public_task_span,5,11,5.042313205199972e-06,0.00046353775913974296,0.00046353775913974296,0.5,-0.0017938769597094343,0.0018039615861198343,64
public_task_span,3,26,-5.900641554036114e-06,-0.00046315244819572884,0.00046315244819572884,0.5,-0.0024586559557064763,0.002446854672598405,64
response_mean,4,18,-5.531941496882977e-06,-0.000459213409118844,0.000459213409118844,0.5,-0.002224071275122692,0.0022130073921289256,64
final_prompt,10,18,-2.6078197379829535e-08,-0.0004584631045412443,0.0004584631045412443,0.46875,-2.2839446558005115e-05,2.278729016324546e-05,64
response_mean,2,20,5.707991022069398e-06,0.00045690123894703545,0.00045690123894703545,0.5,-0.0022130217266749055,0.0022244377087190445,64
final_prompt,10,15,2.1763639779584848e-08,0.000455547559206742,0.000455547559206742,0.53125,-1.7892318737719883e-05,1.7935846017279057e-05,64
final_prompt,5,1,2.9589195946724454e-06,0.0004537171101992778,0.0004537171101992778,0.5,-0.0009528485143164328,0.000958766353505778,64
public_task_span,1,16,1.1709585123686624e-06,0.0004535441777640707,0.0004535441777640707,0.5,-0.0006999404831731237,0.000702282400197861,64
response_mean,28,24,-6.101949168169085e-09,-0.0004472681128824982,0.0004472681128824982,0.5,3.7856923285062294e-06,-3.7978962268425676e-06,64
public_task_span,32,9,-1.3660724107369864e-07,-0.0004439580085677381,0.0004439580085677381,0.5,-4.985016812497097e-05,4.9576953642823564e-05,64
public_task_span,16,6,-7.615392405743598e-08,-0.00044358173777040696,0.00044358173777040696,0.5,7.802528125465493e-05,-7.817758910276979e-05,64
final_prompt,16,12,-2.5286283288955867e-08,-0.00044285460506863583,0.00044285460506863583,0.5,2.7746089017472894e-06,-2.8251814683252003e-06,64
response_mean,4,21,3.92967194784373e-06,0.0004416725132317821,0.0004416725132317821,0.5,-0.0015741282732051186,0.0015819876171008062,64
public_task_span,19,7,-4.884132067648378e-07,-0.00044141859199066483,0.00044141859199066483,0.5,0.00014164182357489472,-0.00014261864998842442,64
response_mean,6,25,1.7129059415339895e-06,0.0004408394462895118,0.0004408394462895118,0.5,-0.000842517652927197,0.0008459434648102652,64
response_mean,3,24,-4.698929387818144e-06,-0.00043465389181232154,0.00043465389181232154,0.484375,-0.001755432093887061,0.001746034235111425,64
public_task_span,3,12,6.000420938786035e-06,0.00043462953820714483,0.00043462953820714483,0.46875,-0.0020831494376807235,0.0020951502795582954,64
public_task_span,0,12,-2.4455366656171186e-06,-0.00043414112486914663,0.00043414112486914663,0.5,0.0003241060621803562,-0.0003289971355115907,64
final_prompt,10,13,-5.3401436161546874e-08,-0.000433990647853385,0.000433990647853385,0.5,-1.4863624073768401e-05,1.4756821201445307e-05,64
response_mean,4,15,-5.780659193992295e-06,-0.0004305370426408982,0.0004305370426408982,0.5,-0.0019151503552166213,0.0019035890368286372,64
response_first,1,15,1.854845322665598e-06,0.00042996710009113423,0.00042996710009113423,0.5,-0.001402177340423803,0.0014058870310691342,64
final_prompt,34,0,-7.59569957154739e-07,-0.00042000563492150983,0.00042000563492150983,0.5,-0.0005213548756728345,0.000519835735758525,64
public_task_span,0,20,7.480884960300437e-07,0.00041790511070918703,0.00041790511070918703,0.5,8.764427184359487e-05,-8.614809485153472e-05,64
final_prompt,0,25,-5.966419394080896e-07,-0.00041738159662198563,0.00041738159662198563,0.5,0.0003421448702738485,-0.00034333815415266464,64
response_mean,5,22,-4.186463570479519e-06,-0.00041720429299831546,0.00041720429299831546,0.5,-0.001520730888842085,0.0015123579617011258,64
response_first,21,13,-3.917211444104396e-09,-0.0004151885077490997,0.0004151885077490997,0.5,1.6804150853033661e-06,-1.688249508191575e-06,64
response_mean,5,25,4.527512828645481e-06,0.00041329780887376606,0.00041329780887376606,0.5,-0.0017463987460359849,0.0017554537716932752,64
public_task_span,19,17,-1.4194984032756016e-07,-0.0004108813892798381,0.0004108813892798381,0.5,-6.956681318110811e-06,6.672781637455698e-06,64
final_prompt,0,4,-8.749702828903482e-07,-0.0004098217071458214,0.0004098217071458214,0.5,-7.883799116825585e-05,7.708805060247512e-05,64
public_task_span,4,5,2.864269845304784e-06,0.000408441760483713,0.000408441760483713,0.5,-0.0009597076314094092,0.0009654361711000188,64
final_prompt,10,11,2.3744377129867325e-08,0.00040795789956771586,0.00040795789956771586,0.5,4.513804015005136e-06,-4.466315260745401e-06,64
response_mean,3,30,-4.904236277524909e-06,-0.00040662629221099866,0.00040662629221099866,0.5,-0.0019919158124821405,0.0019821073399270903,64
public_task_span,17,22,-3.854984242923756e-07,-0.00040573194100953537,0.00040573194100953537,0.5,0.0001251683252121449,-0.00012593932206072972,64
final_prompt,11,20,-6.92733692631009e-09,-0.0004053891364989622,0.0004053891364989622,0.5,2.2264579513375793e-07,-2.3650046898637822e-07,64
final_prompt,2,0,-3.376397216921928e-06,-0.0004032211082499029,0.0004032211082499029,0.5,-0.001518416633189194,0.00151166383875535,64
response_mean,0,12,-1.2587261153374472e-06,-0.000402889210884712,0.000402889210884712,0.5,0.0004603994748322251,-0.0004629169270628999,64
public_task_span,6,25,3.4178574424009603e-06,0.000399194388937301,0.000399194388937301,0.5,-0.0021037448059359884,0.002110580520820791,64
public_task_span,24,19,5.511533345267997e-07,0.00039875408513802854,0.00039875408513802854,0.484375,0.00022595948485103668,-0.00022485717818198308,64
final_prompt,5,16,-4.9368984491603195e-06,-0.0003984935683629451,0.0003984935683629451,0.5,-0.001750034957694872,0.0017401611607965513,64
final_prompt,4,27,5.0140000666937376e-06,0.00039408827872093686,0.00039408827872093686,0.5,-0.0019414899518324078,0.001951517951965796,64
response_mean,4,6,4.933528998662083e-06,0.0003933839233368464,0.0003933839233368464,0.5,-0.001662491298702653,0.001672358356699977,64
final_prompt,16,7,-6.34961452299002e-08,-0.00038425666155880305,0.00038425666155880305,0.5,-4.359781769381144e-06,4.232789478921343e-06,64
response_first,7,5,-7.295909654007058e-08,-0.0003840153810545135,0.0003840153810545135,0.484375,-6.081189893335991e-05,6.0665980740279776e-05,64
response_mean,2,13,-1.528853317721838e-06,-0.0003826409466224882,0.0003826409466224882,0.5,-0.0014886971439409375,0.0014856394373054939,64
response_mean,4,17,5.0903240662534535e-06,0.00038091195567333344,0.00038091195567333344,0.5,-0.0023674690937696033,0.0023776497419021104,64
public_task_span,2,30,-2.6231209631084993e-06,-0.00038078891758297197,0.00038078891758297197,0.5,-0.0012910350997117246,0.001285788857785508,64
response_mean,1,19,6.972013579813923e-07,0.00037962479133788753,0.00037962479133788753,0.484375,-0.0005901538115722286,0.0005915482142881914,64
public_task_span,5,9,-1.7031961760890797e-06,-0.0003789024378985762,0.0003789024378985762,0.5,-0.00034845244226742816,0.0003450460499152502,64
public_task_span,9,17,-1.5654563867153012e-07,-0.000376562139078605,0.000376562139078605,0.5,-0.00013326174212122623,0.00013294865084388316,64
final_prompt,29,2,6.314103302487435e-07,0.00037474167237459957,0.00037474167237459957,0.46875,-0.0003729102372744756,0.00037417305793497317,64
final_prompt,15,31,1.470260713325869e-08,0.0003732162550058851,0.0003732162550058851,0.5,-1.3774638887277565e-06,1.4068691029942735e-06,64
response_mean,10,9,1.140650056182832e-06,0.00037259461307184466,0.00037259461307184466,0.5,0.0002495043227099718,-0.00024722302259760627,64
final_prompt,5,27,6.101798135200076e-06,0.00037137456351422356,0.00037137456351422356,0.5,-0.002605730120194497,0.002617933716464897,64
response_mean,5,31,-4.142688339925913e-06,-0.00037090053846998715,0.00037090053846998715,0.5,-0.0020992833160562345,0.002090997939376383,64
response_mean,6,18,1.4424390428751798e-06,0.0003702369008934462,0.0003702369008934462,0.5,-0.000869571314979099,0.0008724561930648492,64
final_prompt,12,13,2.9597991614559797e-08,0.0003693611712047946,0.0003693611712047946,0.5,-3.3573238340516714e-05,3.363243432374583e-05,64
response_first,0,25,6.026257324296894e-07,0.00036859990479856506,0.00036859990479856506,0.5,0.00037433812940434373,-0.0003731328779394844,64
response_first,7,3,-5.915899237172789e-07,-0.00036636670009756436,0.00036636670009756436,0.5,5.253137351246597e-05,-5.371455335990039e-05,64
response_first,0,27,-2.9458024073359627e-06,-0.00036304973668635276,0.00036304973668635276,0.5,-0.0031700201216153783,0.003164128516800706,64
public_task_span,3,30,-5.126498308527191e-06,-0.0003602286966634796,0.0003602286966634796,0.5,-0.002606883659154839,0.0025966306625377846,64
response_first,4,8,6.2623287249169044e-06,0.0003600537556335625,0.0003600537556335625,0.5,-0.003178314511387707,0.0031908391688375403,64
final_prompt,15,11,-2.8594293152646747e-08,-0.00035989877334661964,0.00035989877334661964,0.5,1.5112495361841485e-06,-1.5684381224894437e-06,64
public_task_span,0,25,1.1806050679273198e-06,0.00035902731314635844,0.00035902731314635844,0.5,0.001250782768693162,-0.0012484215585573076,64
final_prompt,6,22,-7.554290277718748e-07,-0.0003587392002647996,0.0003587392002647996,0.5,-0.00034074249742843123,0.0003392316393728875,64
public_task_span,2,21,2.027107257159222e-06,0.00035863046469225286,0.00035863046469225286,0.5,-0.0006350208059302428,0.0006390750204445608,64
public_task_span,16,26,7.756407285281278e-07,0.0003560579052095364,0.0003560579052095364,0.5,0.0011394062203180218,-0.0011378549388609657,64
response_mean,4,8,-4.146247192694601e-06,-0.00035339651642772064,0.00035339651642772064,0.5,-0.0020427347299118914,0.002034442235526502,64
response_mean,0,22,-4.353350959722835e-07,-0.00035013263196999355,0.00035013263196999355,0.5,-0.0003396167012397183,0.00033874603104777385,64
final_prompt,2,19,4.677494871426413e-06,0.0003448389156228674,0.0003448389156228674,0.5,-0.0019875426296494065,0.0019968976193922594,64
public_task_span,2,22,-1.0656858648883387e-06,-0.0003442304582066709,0.0003442304582066709,0.5,-0.0006944371652934957,0.000692305793563719,64
final_prompt,6,29,-1.2346688436133831e-06,-0.0003419606387320882,0.0003419606387320882,0.5,-0.0006837956643721385,0.0006813263266849117,64
post_selector,4,11,-4.68961297884899e-06,-0.0003415207411825616,0.0003415207411825616,0.546875,-0.0025231017443729823,0.0025137225184152846,64
response_first,4,14,-4.454497684490606e-06,-0.0003395482845312379,0.0003395482845312379,0.5,-0.0021286488081386596,0.0021197398127696778,64
final_prompt,0,19,4.47694219468584e-07,0.00033830985395993734,0.00033830985395993734,0.5,-0.0001821897294576171,0.00018308511789655427,64
final_prompt,3,20,-7.367252692422473e-07,-0.0003355761027116569,0.0003355761027116569,0.5,0.0002807790187944094,-0.0002822524693328938,64
response_first,18,8,-7.295878390521402e-08,-0.00033504367570559405,0.00033504367570559405,0.5,1.796361186734167e-05,-1.8109529435152093e-05,64
final_prompt,7,15,-1.1473844097054098e-08,-0.0003334152404314317,0.0003334152404314317,0.5,-1.2062854466421417e-06,1.1833377584480331e-06,64
response_first,4,26,4.754693463842816e-06,0.0003326969827397874,0.0003326969827397874,0.5,-0.0021063113745185456,0.002115820761446231,64
response_mean,0,9,1.0945939266093774e-08,0.0003298804264441438,0.0003298804264441438,0.5,4.386234706998948e-06,-4.364342828466761e-06,64
response_first,0,13,1.8985701899532374e-06,0.00032787248595673324,0.00032787248595673324,0.5,0.000270921424089475,-0.00026712428370956874,64
response_mean,7,2,-2.407255124098177e-07,-0.00032509152350537355,0.00032509152350537355,0.5,-0.00021014451067456597,0.00020966305964974637,64
final_prompt,9,28,5.789695833868791e-09,0.0003236550666756549,0.0003236550666756549,0.484375,4.510414420622055e-06,-4.498835028954318e-06,64
response_mean,0,0,1.0071380529484122e-06,0.00032298990127545307,0.00032298990127545307,0.5,-0.0017997011527768187,0.0018017154288827155,64
response_mean,0,11,-1.1871998139824586e-07,-0.00032227765517037893,0.00032227765517037893,0.5,1.3165846212369808e-05,-1.3403286175166321e-05,64
response_first,4,16,-4.619937953973582e-06,-0.00031982202766950594,0.00031982202766950594,0.5,-0.0026833953879758995,0.002674155512067953,64
response_mean,8,29,1.2869918464300208e-06,0.0003176956816277592,0.0003176956816277592,0.5,0.0007807734327798122,-0.0007781994490869521,64
public_task_span,6,26,-6.146101441074296e-07,-0.00031532821070992225,0.00031532821070992225,0.5,-0.0005932110161665814,0.0005919817958783667,64
final_prompt,3,17,2.44523960191373e-06,0.0003147790970041469,0.0003147790970041469,0.5,-0.0012523816076281929,0.0012572720868320203,64
response_mean,5,23,-4.025239093153536e-06,-0.00031448107697131645,0.00031448107697131645,0.5,-0.0018876089592367823,0.0018795584810504752,64
response_mean,31,17,8.232085236604686e-09,0.00031194044890083775,0.00031194044890083775,0.484375,2.977933895919791e-06,-2.9614697254465817e-06,64
final_prompt,1,17,-4.203066055225119e-07,-0.00031067555123199896,0.00031067555123199896,0.5,8.068665192693486e-05,-8.152726513797992e-05,64
response_mean,4,19,-4.445426839088111e-06,-0.00030926624549547653,0.00030926624549547653,0.5,-0.0024486625497956898,0.0024397716961175133,64
public_task_span,30,19,-8.25871211390532e-08,-0.0003039088431565491,0.0003039088431565491,0.5,-3.9758453567632056e-05,3.959327932535395e-05,64
final_prompt,6,23,-3.511914314916002e-07,-0.0003018151022961708,0.0003018151022961708,0.5,-0.0001980993175152421,0.00019739693465225885,64
final_prompt,0,20,-8.432216418437455e-07,-0.0003016186677604993,0.0003016186677604993,0.5,4.4662519940165656e-05,-4.634896322385315e-05,64
response_mean,0,20,4.4081934901887853e-07,0.00030109618273697165,0.00030109618273697165,0.5,-0.00019034274555450732,0.00019122438425254524,64
response_mean,10,26,-1.3264866538312405e-07,-0.0002967436231152096,0.0002967436231152096,0.484375,-9.065621088665283e-05,9.039091355588657e-05,64
response_mean,33,27,-2.4183975710373196e-08,-0.0002965119497805955,0.0002965119497805955,0.5,4.393123276712001e-06,-4.441491228132749e-06,64
public_task_span,4,11,2.7883224902354583e-06,0.00029634642656262996,0.00029634642656262996,0.5,-0.00231916601114788,0.0023247426561283507,64
final_prompt,15,5,3.084119271121557e-08,0.00029627790805384925,0.00029627790805384925,0.5,1.1517606765209108e-05,-1.1455924379786675e-05,64
response_mean,13,8,-5.149436219640434e-07,-0.00029590441321200437,0.00029590441321200437,0.5,0.000655550835290325,-0.0006565807225342532,64
response_first,18,3,1.5821619570033363e-09,0.0002953654793094591,0.0002953654793094591,0.5,1.2271272709085679e-06,-1.2239629469945612e-06,64
final_prompt,3,10,-3.6964083847125214e-06,-0.00029476082028047275,0.00029476082028047275,0.5,-0.0012290487866266687,0.0012216559698572443,64
public_task_span,5,1,2.03034369405811e-06,0.0002922924896200037,0.0002922924896200037,0.5,-0.0011569932148631766,0.0011610539022512928,64
public_task_span,8,7,-1.3313865566057196e-07,-0.0002879269451688788,0.0002879269451688788,0.5,-8.231745687226117e-05,8.205117956094001e-05,64
response_first,19,23,-3.7265749596936094e-08,-0.0002837170122059504,0.0002837170122059504,0.5,4.8531301217725764e-05,-4.8605832716919636e-05,64
public_task_span,19,6,-1.5964469639546475e-06,-0.0002808200609068072,0.0002808200609068072,0.5,6.902556924614052e-05,-7.221846317404987e-05,64
response_mean,0,14,8.72525561137512e-07,0.0002780069599272237,0.0002780069599272237,0.5,-0.00027570164820642825,0.0002774466993287031,64
response_first,10,20,1.500711732657551e-08,0.0002761011801032846,0.0002761011801032846,0.5,1.7023793589027517e-05,-1.6993779354374366e-05,64
public_task_span,20,16,-3.2007312710723114e-07,-0.00027545305832799434,0.00027545305832799434,0.5,-9.253004009224143e-05,9.1889893838027e-05,64
response_mean,2,8,8.040951797748158e-07,0.00027443620943387657,0.00027443620943387657,0.5,-0.0007448844989994313,0.000746492689358981,64
response_first,5,27,-4.8686541731526e-06,-0.0002741085372322145,0.0002741085372322145,0.5,-0.0029465057414199735,0.002936768433073669,64
final_prompt,5,11,-4.32616070611294e-06,-0.00027392634356248436,0.00027392634356248436,0.46875,-0.002317458645848089,0.0023088063244358628,64
response_first,1,29,4.148294010511888e-07,0.000272038973012973,0.000272038973012973,0.5,-0.0006655629954366203,0.0006663926542387226,64
response_mean,2,17,1.274096575799551e-06,0.0002705511674753305,0.0002705511674753305,0.515625,-0.0007036871538730318,0.0007062353470246308,64
response_mean,5,27,4.829654756119254e-06,0.0002692881608559762,0.0002692881608559762,0.5,-0.002784367665412898,0.0027940269749251374,64
final_prompt,3,30,-4.356150100190371e-06,-0.0002689848669627116,0.0002689848669627116,0.515625,-0.0026517077270682373,0.0026429954268678566,64
response_first,4,20,-3.1734807635089507e-06,-0.00026619148115757346,0.00026619148115757346,0.5,-0.0020086106451344525,0.0020022636836074348,64
response_mean,8,13,-2.889864845244233e-07,-0.0002641577983688694,0.0002641577983688694,0.5,9.410531129105853e-05,-9.468328426010742e-05,64
public_task_span,2,0,-1.5290606825124327e-06,-0.00025890003000622234,0.00025890003000622234,0.5,-0.0017867401620605718,0.0017836820406955465,64
response_first,0,8,5.814790711171542e-07,0.0002557033538352908,0.0002557033538352908,0.5,-0.00023429958491761558,0.00023546254305984997,64
final_prompt,3,1,-1.4273500710204287e-06,-0.00025565518194593426,0.00025565518194593426,0.5,-0.00038477961788885306,0.0003819249177468124,64
public_task_span,23,23,9.387213139898035e-08,0.0002543843679649296,0.0002543843679649296,0.5,0.0001405797374900303,-0.00014039199322723238,64
response_first,30,31,1.4189367900824916e-08,0.00025427999677628873,0.00025427999677628873,0.484375,-6.659712937564439e-06,6.688091673366089e-06,64
response_first,33,0,2.438829937968521e-08,0.0002536215917468519,0.0002536215917468519,0.5,-4.281126382465352e-05,4.286004042341289e-05,64
response_mean,6,14,-2.328371465407542e-06,-0.00025250002449832997,0.00025250002449832997,0.5,-0.001754560006702376,0.0017499032637715605,64
response_mean,11,24,-8.01392161517108e-07,-0.0002522379034244135,0.0002522379034244135,0.5,-0.0007501356813008719,0.0007485328969778375,64
response_first,2,0,-2.2126914700467196e-06,-0.00025201760623311037,0.00025201760623311037,0.5,-0.001205714776006069,0.0012012893930659755,64
final_prompt,13,11,3.9925822648001486e-09,0.00025010743675836836,0.00025010743675836836,0.5,-3.753930513994419e-06,3.7619156785240193e-06,64
public_task_span,31,29,-3.101540642091598e-07,-0.00024951077289165225,0.00024951077289165225,0.5,-0.0006084195829316689,0.0006077992748032506,64
public_task_span,11,13,1.1406655176117154e-07,0.00024892567701218995,0.00024892567701218995,0.484375,0.00023633165892531963,-0.00023610352582179728,64
final_prompt,7,28,5.655969914641901e-09,0.0002485720943817958,0.0002485720943817958,0.484375,-1.0144223097086067e-06,1.0257342495378907e-06,64
response_mean,0,27,-1.371241523884291e-06,-0.0002485518977372569,0.0002485518977372569,0.5,-0.0031676278595113784,0.0031648853764636095,64
response_mean,12,24,4.075714059570537e-07,0.0002482596424622861,0.0002482596424622861,0.5,-0.0005793779064333601,0.0005801930492452742,64
response_mean,6,20,-6.547202246974922e-07,-0.0002443521263970172,0.0002443521263970172,0.5,-0.0003608048582464052,0.00035949541779701014,64
final_prompt,5,8,4.5182787290249746e-08,0.00024336725996940018,0.00024336725996940018,0.5,-5.648053047482284e-06,5.738418622062794e-06,64
public_task_span,30,26,-1.5277905163036358e-07,-0.00024281285319521456,0.00024281285319521456,0.5,-0.00015959347780380434,0.00015928791970054365,64
final_prompt,0,31,-3.3659489418059313e-07,-0.00024218522400473662,0.00024218522400473662,0.5,-5.5815449741210195e-05,5.5142259952849036e-05,64
response_mean,1,2,-8.93382093645345e-07,-0.00024033737338932328,0.00024033737338932328,0.5,-0.0005467654700623936,0.0005449787058751032,64
final_prompt,11,8,-2.7535946856005467e-09,-0.00023868626849415082,0.00023868626849415082,0.5,-4.676946844028862e-06,4.671439654657661e-06,64
public_task_span,2,15,-1.2697491911218238e-06,-0.00023784699117936187,0.00023784699117936187,0.5,-0.0025515524612273782,0.0025490129628451346,64
response_first,1,0,-8.583047019749797e-07,-0.00023471252338296258,0.00023471252338296258,0.5,-0.0005993977101752593,0.0005976811007713095,64
response_mean,11,12,-5.312199391397347e-07,-0.00023413729171744662,0.00023413729171744662,0.5,0.0006111495149525684,-0.0006122119548308479,64
final_prompt,9,9,-6.415848475036607e-08,-0.0002325453612917635,0.0002325453612917635,0.5,-1.1025342246293399e-05,1.0897025276792667e-05,64
public_task_span,0,24,2.866490831312141e-07,0.00023139566937724606,0.00023139566937724606,0.5,-0.0001744136388879313,0.00017498693705419378,64
response_first,2,7,3.831776609788452e-06,0.00023116251948819002,0.00023116251948819002,0.5,-0.002830427365552159,0.0028380909187717355,64
public_task_span,5,24,2.7274800231729063e-06,0.0002308739742305124,0.0002308739742305124,0.5,-0.0021213702166278285,0.0021268251766741746,64
response_mean,3,4,-2.30226305575641e-06,-0.00023071265145567862,0.00023071265145567862,0.5,-0.0017890457202156531,0.0017844411941041406,64
response_first,13,11,1.0944674501704422e-08,0.00023050463661495138,0.00023050463661495138,0.5,-1.4986974861128093e-05,1.5008864210131503e-05,64
response_first,3,26,1.546562998550288e-06,0.00023048378787438598,0.00023048378787438598,0.5,-0.0006915965186635846,0.000694689644660685,64
final_prompt,0,11,-4.7044750321546043e-08,-0.00022324654104974333,0.00022324654104974333,0.5,7.356834566961514e-05,-7.366243517025824e-05,64
public_task_span,6,6,2.780070644806381e-06,0.00022240026601649698,0.00022240026601649698,0.5,-0.0014991854550316969,0.0015047455963213092,64
response_mean,1,21,1.208463800109842e-07,0.00021881515621906044,0.00021881515621906044,0.5,6.59807756164766e-05,-6.573908285645465e-05,64
final_prompt,2,12,9.915636383092208e-07,0.0002157642368348494,0.0002157642368348494,0.5,-0.0009535149902148915,0.0009554981174915098,64
response_first,22,12,8.693007203921656e-09,0.00021349058248435385,0.00021349058248435385,0.5,-5.407327819282632e-06,5.4247138336904754e-06,64
response_first,0,4,2.3968550522125416e-07,0.00021325330529597925,0.00021325330529597925,0.5,-6.816883251302857e-05,6.864820352347104e-05,64
final_prompt,2,25,8.543847798116665e-07,0.00021077146785974634,0.00021077146785974634,0.484375,-0.0008130781425279583,0.0008147869120875817,64
response_first,0,7,7.606377039238258e-08,0.00020693786007477364,0.00020693786007477364,0.5,-3.092155657213713e-05,3.1073684112921896e-05,64
final_prompt,13,17,-1.3345768935136601e-08,-0.00020577124476285456,0.00020577124476285456,0.484375,1.4715249335492754e-05,-1.4741940873363025e-05,64
public_task_span,12,17,1.759844963047008e-07,0.00020525137171436997,0.00020525137171436997,0.5,6.958758604006249e-06,-6.606789611396881e-06,64
response_mean,9,24,-6.429081622722431e-08,-0.00020359884186949088,0.00020359884186949088,0.5,3.2806350645834794e-05,-3.293493227828926e-05,64
response_mean,1,3,-5.893707566453324e-07,-0.00019900183506981793,0.00019900183506981793,0.5,-0.0007579250122944406,0.0007567462707811501,64
public_task_span,3,20,1.8402643036111383e-06,0.00019825059507735558,0.00019825059507735558,0.5,-0.000374857605493169,0.0003785381341003906,64
public_task_span,32,14,-1.938593641103967e-08,-0.00019744850159550623,0.00019744850159550623,0.5,7.233788437587855e-06,-7.272560310409934e-06,64
response_first,5,23,3.005370217585906e-06,0.0001941766382783784,0.0001941766382783784,0.5,-0.0023053476661516344,0.0023113584065868062,64
response_mean,6,3,4.2167766878020333e-07,0.00019121475632148313,0.00019121475632148313,0.5,-0.00024136181218637989,0.0002422051675239403,64
response_first,0,23,-1.7337879398797028e-07,-0.00018591391935973077,0.00018591391935973077,0.5,-0.0003877671861118743,0.00038742042852389836,64
response_mean,5,24,-2.48795322476856e-06,-0.00018012782713048824,0.00018012782713048824,0.5,-0.0024387816083617326,0.0024338057019121953,64
response_first,6,6,-2.0431143639142472e-06,-0.0001776607196632627,0.0001776607196632627,0.5,-0.0010433005591039626,0.0010392143303761341,64
final_prompt,0,0,1.8770660972172813e-06,0.00017682667332846437,0.00017682667332846437,0.5,-0.005521331419004122,0.005525085551198556,64
response_first,0,12,7.238304533531111e-07,0.00017383894662634166,0.00017383894662634166,0.5,-0.0008222375545301406,0.0008236852154368469,64
public_task_span,5,6,1.4987344911755133e-06,0.00017341519836958005,0.00017341519836958005,0.5,-0.0015090325482560595,0.0015120300172384107,64
public_task_span,14,13,-2.974345534343748e-07,-0.00017217999255495972,0.00017217999255495972,0.5,-0.0001905166234336982,0.00018992175432682947,64
response_first,27,22,-1.612704636104928e-08,-0.00017079057197448984,0.00017079057197448984,0.5,5.494890729199419e-07,-5.817431656420421e-07,64
public_task_span,4,12,-1.6246676750638744e-06,-0.00016923590545115007,0.00016923590545115007,0.5,-0.001525493193184956,0.0015222438578348283,64
response_first,5,22,1.995716502281521e-06,0.00016778662388738943,0.00016778662388738943,0.484375,-0.0019136978303322231,0.0019176892633367868,64
public_task_span,0,23,3.1357558328125464e-07,0.0001661614164038332,0.0001661614164038332,0.5,0.0003692848331411282,-0.0003686576819745657,64
public_task_span,32,29,-1.9302945018827382e-08,-0.00016082470539989537,0.00016082470539989537,0.5,1.7366903250605424e-05,-1.7405509140643078e-05,64
public_task_span,28,29,1.2067971512559356e-08,0.00016048522012727153,0.00016048522012727153,0.5,-3.0322632028395893e-05,3.0346767971421008e-05,64
response_mean,3,14,1.8572793578609196e-06,0.00015732318930651896,0.00015732318930651896,0.5,-0.002139951279332303,0.002143665838048026,64
public_task_span,5,25,2.1756436581202776e-06,0.00015670770270467954,0.00015670770270467954,0.5,-0.0026578771885396963,0.0026622284758559362,64
public_task_span,1,25,5.902838893311979e-07,0.0001555393919602388,0.0001555393919602388,0.5,-0.00013153130566933126,0.0001327118734479937,64
response_first,33,26,1.0653280922202561e-08,0.00015458031729182915,0.00015458031729182915,0.5,1.3363024777382597e-05,-1.334171821553819e-05,64
response_mean,5,29,-1.8000537238547273e-06,-0.00014095110726662657,0.00014095110726662657,0.5,-0.0034156908841396065,0.003412090776691897,64
response_first,11,24,-1.7133447727433023e-07,-0.0001404974843416222,0.0001404974843416222,0.515625,-0.00032243269890840716,0.00032209002995385854,64
response_first,19,25,4.0462964532669995e-08,0.00013962080110676005,0.00013962080110676005,0.5,-6.190979979692164e-05,6.199072572598698e-05,64
response_first,1,21,3.2790194382485574e-07,0.0001391865020672194,0.0001391865020672194,0.5,0.0002867616494768322,-0.00028610584558918264,64
response_first,19,5,9.55951691164426e-08,0.0001389400056142777,0.0001389400056142777,0.5,1.7575741367180272e-05,-1.7384551028947374e-05,64
response_mean,2,19,8.474617061421234e-07,0.00013762724463346228,0.00013762724463346228,0.5,-0.0005343818811525188,0.0005360768045648029,64
final_prompt,0,22,7.281300895508061e-09,0.000135901402934641,0.000135901402934641,0.5,7.938062822171575e-06,-7.92350022038056e-06,64
public_task_span,2,27,-3.8546204450488067e-07,-0.00013489314637269174,0.00013489314637269174,0.5,-0.00017747244419296244,0.0001767015201039525,64
response_first,0,29,-1.370353857066589e-07,-0.00013355925363560872,0.00013355925363560872,0.5,0.00033009903563649846,-0.0003303731064079118,64
public_task_span,4,9,1.3792191566613802e-06,0.00013353844936918135,0.00013353844936918135,0.5,-0.0023271848504009323,0.0023299432887142553,64
final_prompt,2,9,-3.4981985663228347e-07,-0.00013323897302571918,0.00013323897302571918,0.5,-0.0005915802357776476,0.0005908805960643832,64
response_mean,6,26,2.780634531554494e-07,0.00012508687619843184,0.00012508687619843184,0.5,-0.0004986586136510419,0.0004992147405573528,64
final_prompt,0,14,-1.4322540664334419e-07,-0.00012240195271344406,0.00012240195271344406,0.5,0.000244349852437159,-0.00024463630325044565,64
post_selector,32,19,8.883853297317343e-08,0.00012118589719420429,0.00012118589719420429,0.546875,-0.00013679456606041317,0.0001369722431263595,64
response_mean,22,18,-6.835591649700232e-09,-0.00012059461683867351,0.00012059461683867351,0.5,3.6742785596277467e-06,-3.687949742927149e-06,64
public_task_span,28,12,-1.988519215997835e-08,-0.0001178146669971144,0.0001178146669971144,0.5,-7.098466858222718e-05,7.094489819790722e-05,64
response_mean,10,5,9.822088031941412e-08,0.00011578067807756329,0.00011578067807756329,0.515625,-0.0001505642230767978,0.0001507606648374366,64
final_prompt,0,16,3.4147524275040153e-07,0.00011563017626952409,0.00011563017626952409,0.5,0.0003646350160124665,-0.00036395206552696565,64
response_first,0,20,2.1532082428120099e-07,0.00011277096208716943,0.00011277096208716943,0.5,-0.0006510508842438665,0.000651481525892429,64
public_task_span,14,25,5.951426374015495e-08,0.00010684555764136983,0.00010684555764136983,0.5,0.00010555101130192503,-0.00010543198277444475,64
response_mean,4,10,1.1930778782687484e-06,0.00010527155649545593,0.00010527155649545593,0.5,-0.0017843054411059655,0.001786691596862503,64
final_prompt,30,4,-2.4499058778172674e-08,-0.00010326076411943114,0.00010326076411943114,0.515625,3.560844561435911e-06,-3.609842678992258e-06,64
public_task_span,5,26,-1.6674553080499527e-06,-0.00010307864030113696,0.00010307864030113696,0.5,-0.002784696627713846,0.0027813617170977453,64
public_task_span,7,6,-5.647073919590184e-10,-0.00010259175846906327,0.00010259175846906327,0.515625,-1.3419121955848823e-06,1.3407827808009642e-06,64
final_prompt,25,0,1.920602698780623e-08,0.00010245352795200997,0.00010245352795200997,0.453125,-4.931282796860395e-05,4.9351240022579566e-05,64
response_mean,4,28,-4.350667950368597e-07,-0.00010138505233306313,0.00010138505233306313,0.5,1.9476166926343937e-05,-2.0346300516417603e-05,64
response_mean,35,30,-1.9454091674278033e-08,-9.963607954796181e-05,9.963607954796181e-05,0.5,8.359642379216905e-05,-8.363533197551759e-05,64
final_prompt,0,9,-5.99870872968966e-08,-9.941787713741176e-05,9.941787713741176e-05,0.5,3.165391717634357e-06,-3.28536589222813e-06,64
response_first,2,29,1.2199825505283552e-06,9.790621622121809e-05,9.790621622121809e-05,0.5,-0.0019507018096192087,0.0019531417747202656,64
public_task_span,5,3,4.204212018454824e-07,9.759167642071526e-05,9.759167642071526e-05,0.5,-0.0005726637009502284,0.0005735045433539193,64
final_prompt,0,15,2.5035205912662213e-08,9.601121053614899e-05,9.601121053614899e-05,0.5,-1.20343074740841e-05,1.2084377885909414e-05,64
response_first,4,9,-1.7900886177812936e-06,-9.540480921716331e-05,9.540480921716331e-05,0.5,-0.0034546120691629533,0.003451031891927391,64
public_task_span,4,23,1.0674884833858974e-06,9.405653019103902e-05,9.405653019103902e-05,0.5,-0.0020731908298330316,0.002075325806799803,64
final_prompt,0,2,3.069289959969576e-07,9.358799626665303e-05,9.358799626665303e-05,0.5,-0.00028048964304616556,0.0002811035010381595,64
response_mean,35,24,-3.552349880939104e-08,-9.164725187096955e-05,9.164725187096955e-05,0.5,-2.1124344584675677e-05,2.1053297587056874e-05,64
final_prompt,13,1,2.0640186451652517e-08,9.085608688293125e-05,9.085608688293125e-05,0.5,-2.462834436301035e-05,2.466962473591365e-05,64
final_prompt,2,21,-1.4723643744289335e-06,-8.994805038757226e-05,8.994805038757226e-05,0.5,-0.0030309072571981337,0.003027962528449276,64
public_task_span,28,17,1.469368271935268e-08,8.853056787422707e-05,8.853056787422707e-05,0.5,-8.581246902392535e-05,8.584185638936408e-05,64
response_first,0,6,9.134237188604638e-08,8.513913203188213e-05,8.513913203188213e-05,0.5,-0.00012412781870806548,0.0001243105034518376,64
response_first,2,13,4.361445462523891e-07,8.319409711509106e-05,8.319409711509106e-05,0.5,-0.0016353865685232358,0.0016362588576157404,64
response_first,12,16,1.1697920852604205e-08,8.16330173256085e-05,8.16330173256085e-05,0.5,-6.358835435092043e-06,6.382231276797261e-06,64
response_first,5,17,7.352912234671747e-08,7.951136153561888e-05,7.951136153561888e-05,0.5,-0.0002272608575140088,0.00022740791575870224,64
response_mean,0,23,-5.5367763710217205e-08,-7.52315558641275e-05,7.52315558641275e-05,0.5,-0.00015807476029293187,0.00015796402476551152,64
response_mean,2,24,1.8882201402654116e-07,7.327724536447865e-05,7.327724536447865e-05,0.5,-0.00024398135428783745,0.00024435899831589064,64
response_first,0,14,4.949251888328524e-07,7.20734665660318e-05,7.20734665660318e-05,0.5,0.0016665138246025873,-0.0016655239742249218,64
response_mean,12,12,3.012823413075697e-08,7.169560993305413e-05,7.169560993305413e-05,0.5,-4.944174008869276e-05,4.950199655695427e-05,64
response_first,9,28,2.816827748922846e-08,7.164401582493446e-05,7.164401582493446e-05,0.5,-0.00013904488831605852,0.00013910122487103697,64
response_mean,0,10,-4.518710739460124e-08,-7.029094973232555e-05,7.029094973232555e-05,0.5,-8.08806053100954e-05,8.079023109530621e-05,64
public_task_span,0,26,-3.762670530326327e-08,-7.013800747025473e-05,7.013800747025473e-05,0.5,-7.390651535387331e-05,7.383126194326675e-05,64
final_prompt,7,27,1.3167067436370417e-09,6.931412846956498e-05,6.931412846956498e-05,0.5,4.704227364982216e-06,-4.701593951494942e-06,64
final_prompt,5,23,1.0534542838019738e-06,6.898928832341953e-05,6.898928832341953e-05,0.5,-0.0022415163680022847,0.0022436232765698887,64
final_prompt,0,27,-1.6229751054062025e-07,-6.861339000769446e-05,6.861339000769446e-05,0.5,-0.001376084503135622,0.0013757599081145406,64
public_task_span,9,13,3.945660864746218e-08,6.563131813509052e-05,6.563131813509052e-05,0.5,4.0344816625300576e-05,-4.0265903408005666e-05,64
final_prompt,8,30,5.358742784589287e-09,6.550158465910055e-05,6.550158465910055e-05,0.5,1.335737388785518e-05,-1.3346656402286001e-05,64
response_first,18,11,-7.1747585638815115e-09,-6.40004672082625e-05,6.40004672082625e-05,0.5,4.5098898063134106e-05,-4.5113247580261874e-05,64
response_first,0,31,-2.3647316990614542e-08,-6.388491856919864e-05,6.388491856919864e-05,0.5,-7.83904147283332e-05,7.834312009435195e-05,64
response_mean,6,4,7.120615919077242e-07,6.240133439123587e-05,6.240133439123587e-05,0.5,-0.0010898736290982968,0.0010912977522821122,64
response_mean,1,1,-2.0880906959058884e-07,-6.165070582074436e-05,6.165070582074436e-05,0.5,-0.0007387136756733468,0.0007382960575341656,64
public_task_span,4,26,5.358269845614724e-07,6.021386911841025e-05,6.021386911841025e-05,0.515625,-0.0015590615566907075,0.0015601332106598303,64
public_task_span,6,28,-2.9242437449693184e-07,-5.9447861305146584e-05,5.9447861305146584e-05,0.5,-0.0014650710681962625,0.0014644862194472688,64
final_prompt,0,13,-1.0022404240919323e-08,-5.898424163349045e-05,5.898424163349045e-05,0.5,6.365880881275193e-05,-6.367885362123375e-05,64
response_first,3,11,-1.0294606909167772e-06,-5.888581574195123e-05,5.888581574195123e-05,0.515625,-0.0037823082238901402,0.003780249302508306,64
final_prompt,0,21,2.356327968352904e-07,5.7920464243323005e-05,5.7920464243323005e-05,0.5,-0.0007067188143991907,0.0007071900799928615,64
response_mean,5,6,-3.437065814194929e-07,-5.777111879255179e-05,5.777111879255179e-05,0.5,-0.0008950611799747275,0.0008943737668118886,64
response_mean,4,26,-4.670991984325975e-07,-5.773662388586015e-05,5.773662388586015e-05,0.5,-0.0012213397094456,0.0012204055110487352,64
final_prompt,4,6,-3.824420673469728e-07,-5.691803441353125e-05,5.691803441353125e-05,0.5,-0.0010151426267839187,0.001014377742649225,64
final_prompt,5,25,-6.752593435558566e-07,-5.621297548478275e-05,5.621297548478275e-05,0.5,-0.002161321922358183,0.002159971403671071,64
final_prompt,35,1,4.1743533093050176e-09,5.336044839370178e-05,5.336044839370178e-05,0.484375,2.7574772957443993e-05,-2.7566424250825385e-05,64
public_task_span,3,24,4.5892466005154455e-07,5.0326224120698046e-05,5.0326224120698046e-05,0.5,-0.001574505768985534,0.0015754236183056374,64
final_prompt,5,10,-1.0997613344441211e-06,-4.967131644140686e-05,4.967131644140686e-05,0.5,-0.0027972405373475314,0.0027950410146786427,64
response_mean,0,24,-1.444914232610767e-08,-4.8772288540436356e-05,4.8772288540436356e-05,0.5,-3.6694688787965864e-05,3.666579050331365e-05,64
response_mean,4,14,-5.313295332600668e-07,-4.217310366046774e-05,4.217310366046774e-05,0.5,-0.0020219901507516434,0.0020209274916851232,64
final_prompt,12,0,2.7594637692780925e-09,4.184258604884217e-05,4.184258604884217e-05,0.5,-5.690302486965648e-07,5.745491762351218e-07,64
response_first,4,11,-4.050398274557665e-07,-4.174967794336021e-05,4.174967794336021e-05,0.5,-0.002267072873109985,0.002266262793455073,64
response_first,0,10,1.126099959969666e-07,4.167679767930427e-05,4.167679767930427e-05,0.5,-0.000683414996274225,0.0006836402162662188,64
response_mean,5,11,-6.105301508785559e-07,-3.972241753231917e-05,3.972241753231917e-05,0.5,-0.0021792893076053575,0.0021780682473036004,64
response_first,0,18,1.1641532182693481e-10,3.962514652772484e-05,3.962514652772484e-05,0.5,-3.163615680534804e-08,3.1868987449001906e-08,64
final_prompt,17,7,1.1479983185508407e-08,3.9532841828195335e-05,3.9532841828195335e-05,0.484375,0.00012014802086922265,-0.00012012506090285163,64
final_prompt,7,26,2.3257484825527406e-09,3.3823009668840535e-05,3.3823009668840535e-05,0.5,9.572388989904089e-06,-9.567737492938983e-06,64
public_task_span,23,19,-3.036916496850352e-09,-3.32600439091002e-05,3.32600439091002e-05,0.5,3.149310543903616e-05,-3.149917927202986e-05,64
final_prompt,0,24,-9.143604982812155e-09,-3.0081477035363602e-05,3.0081477035363602e-05,0.5,-5.00716057558589e-05,5.005331854589326e-05,64
public_task_span,28,7,-9.379164111233723e-09,-2.8584469328061003e-05,2.8584469328061003e-05,0.5,3.225975433451929e-05,-3.2278512662741745e-05,64
response_first,2,27,6.503069016340998e-08,2.776478766636514e-05,2.776478766636514e-05,0.5,-3.8157108065211775e-05,3.828716944553857e-05,64
final_prompt,10,31,4.426965458434344e-09,2.5769076807744633e-05,2.5769076807744633e-05,0.484375,-1.4103513876756696e-05,1.411236780767357e-05,64
response_mean,1,14,-7.27600308854853e-08,-2.491008518573072e-05,2.491008518573072e-05,0.5,-0.0009688693198768103,0.0009687237998150393,64
response_mean,10,31,4.070670911174903e-08,2.4410959767039835e-05,2.4410959767039835e-05,0.5,5.601955308524997e-06,-5.52054189030158e-06,64
public_task_span,9,18,-1.7081518408419268e-09,-2.2414983245438528e-05,2.2414983245438528e-05,0.5,-2.3845090396427105e-05,2.384167409274542e-05,64
response_first,4,15,2.5959047889251904e-07,2.0327943358735224e-05,2.0327943358735224e-05,0.5,-0.0019474460505079958,0.0019479652314657806,64
public_task_span,10,29,1.7225829651565708e-08,1.7514758175326153e-05,1.7514758175326153e-05,0.5,-7.2334056312675e-05,7.236850797197813e-05,64
response_mean,0,4,1.636544765962276e-08,1.685209083174372e-05,1.685209083174372e-05,0.5,-6.019823194946911e-05,6.023096284478834e-05,64
response_first,0,9,2.80138579000883e-10,1.6782127132341367e-05,1.6782127132341367e-05,0.5,1.0742363087956577e-07,-1.0686335372156442e-07,64
response_first,0,24,1.1860493031183084e-08,1.5174408406289889e-05,1.5174408406289889e-05,0.5,-4.659584965338942e-05,4.66195706394518e-05,64
response_mean,0,26,1.5606246962223823e-08,1.346936770086167e-05,1.346936770086167e-05,0.5,-0.0005671959938808734,0.0005672272063747979,64
public_task_span,13,7,-1.8123955657984146e-09,-1.2042396789525449e-05,1.2042396789525449e-05,0.484375,-1.0518386375208974e-06,1.0482138463892972e-06,64
response_mean,30,20,2.1923938236408555e-09,9.579119426347872e-06,9.579119426347872e-06,0.5,-6.112145683795714e-06,6.116530471442987e-06,64
response_mean,8,28,1.2347385333483772e-09,8.149304042733604e-06,8.149304042733604e-06,0.5,4.662037380853024e-05,-4.661790433146355e-05,64
response_first,5,7,2.6555994735470365e-08,7.505278205080387e-06,7.505278205080387e-06,0.5,-0.0005202888805797488,0.0005203419925692199,64
final_prompt,4,8,1.22821518291189e-07,7.453099744959528e-06,7.453099744959528e-06,0.5,-0.002594320907292034,0.0025945665503286164,64
final_prompt,0,10,-1.0941789693094922e-09,-7.0004056005552825e-06,7.0004056005552825e-06,0.5,4.554365943931454e-05,-4.554584779725316e-05,64
response_mean,0,21,-9.078576106798833e-09,-5.696490995271064e-06,5.696490995271064e-06,0.5,-3.9809179725117626e-05,3.979102257290401e-05,64
response_first,0,26,-4.711182554624727e-10,-5.284530910556496e-06,5.284530910556496e-06,0.5,-2.5181958790189263e-05,2.518101655367834e-05,64
public_task_span,0,1,-2.66163624374914e-09,-5.123571214251345e-06,5.123571214251345e-06,0.5,9.831475836103133e-06,-9.83679910859061e-06,64
final_prompt,0,23,1.2005330064080279e-08,3.1791247167917133e-06,3.1791247167917133e-06,0.5,-0.0011494265054352586,0.0011494505160953867,64
response_first,0,28,9.72022462519817e-12,6.760821772751825e-07,6.760821772751825e-07,0.5,1.9645769171461325e-06,-1.964557476696882e-06,64
final_prompt,0,12,1.5552359375160194e-10,6.002993506925461e-07,6.002993506925461e-07,0.5,4.5073860292164865e-05,-4.507354924497736e-05,64
response_first,0,22,-4.229150468953828e-11,-4.240581250355086e-07,4.240581250355086e-07,0.5,5.884165034333491e-06,-5.884249617342861e-06,64
response_mean,0,13,-1.3387762030426294e-09,-3.349395113894755e-07,3.349395113894755e-07,0.5,0.0008064668218139469,-0.000806469499366353,64
response_first,0,2,-1.0587086762401976e-11,-3.113034259092528e-07,3.113034259092528e-07,0.5,-2.2110012221123446e-07,2.210789480377088e-07,64
final_prompt,12,31,7.617020968296779e-12,9.114665956172923e-08,9.114665956172923e-08,0.5,-5.691562421360898e-06,5.6915776554028326e-06,64
response_mean,0,1,1.728040000453573e-11,3.423968598320094e-08,3.423968598320094e-08,0.5,-0.00018307883510714973,0.00018307886966794973,64
final_prompt,0,26,5.820766069662697e-11,6.524358625145284e-09,6.524358625145284e-09,0.5,-0.00408286800654877,0.004082868122964092,64
pre_selector,18,27,2.202285662861181e-20,4.6916792263456685e-17,4.6916792263456685e-17,0.5,0.0001945448570950078,-0.0001945448570950078,64
pre_selector,26,1,2.710505431213761e-19,4.614581488842891e-17,4.614581488842891e-17,0.5,-0.0002922678831964813,0.00029226788319648136,64
pre_selector,6,26,-8.131516293641283e-20,-4.481530907240851e-17,4.481530907240851e-17,0.5,-0.0006754043861292218,0.0006754043861292218,64
pre_selector,18,6,2.168404344971009e-19,4.4460906574541366e-17,4.4460906574541366e-17,0.5,0.0021548437835008224,-0.0021548437835008224,64
pre_selector,0,12,-2.710505431213761e-19,-4.441038866451698e-17,4.441038866451698e-17,0.5,-0.0007092601554177188,0.0007092601554177188,64
pre_selector,11,24,-3.7947076036992655e-19,-4.325021996664416e-17,4.325021996664416e-17,0.5,-0.001298840601521078,0.0012988406015210783,64
pre_selector,19,22,1.0842021724855044e-19,4.3161253013208584e-17,4.3161253013208584e-17,0.5,0.00027100205261377185,-0.00027100205261377185,64
pre_selector,12,3,-8.131516293641283e-20,-4.1736671475638633e-17,4.1736671475638633e-17,0.5,-0.0004428712345543188,0.0004428712345543188,64
pre_selector,15,20,6.776263578034403e-20,4.162549491850045e-17,4.162549491850045e-17,0.5,-0.00023641082043468378,0.00023641082043468367,64
pre_selector,7,21,-2.0328790734103208e-20,-4.1596574230513797e-17,4.1596574230513797e-17,0.5,4.3127601202279274e-05,-4.312760120227928e-05,64
pre_selector,20,29,2.168404344971009e-19,4.127993378220214e-17,4.127993378220214e-17,0.5,-0.002053483989584476,0.002053483989584476,64
pre_selector,0,28,-5.421010862427522e-19,-4.1199131860427895e-17,4.1199131860427895e-17,0.5,0.00035961397225037846,-0.0003596139722503778,64
pre_selector,9,24,1.0842021724855044e-19,4.0733905249416135e-17,4.0733905249416135e-17,0.5,-0.0003473664110060699,0.0003473664110060699,64
pre_selector,27,3,-5.421010862427522e-20,-3.791410116557085e-17,3.791410116557085e-17,0.5,-0.00012367733870632816,0.00012367733870632814,64
pre_selector,27,29,2.168404344971009e-19,3.781704239880488e-17,3.781704239880488e-17,0.5,-0.001710369408101528,0.001710369408101528,64
pre_selector,5,11,-4.336808689942018e-19,-3.721398118785627e-17,3.721398118785627e-17,0.5,-0.0016160488012246625,0.0016160488012246623,64
pre_selector,35,17,1.0842021724855044e-19,3.649150968586772e-17,3.649150968586772e-17,0.5,8.131708636938436e-05,-8.131708636938432e-05,64
pre_selector,31,22,-2.0328790734103208e-20,-3.6152708987493896e-17,3.6152708987493896e-17,0.5,-0.00014124439530859484,0.00014124439530859484,64
pre_selector,23,1,6.776263578034403e-20,3.5829176436859654e-17,3.5829176436859654e-17,0.5,0.0007153543774620396,-0.0007153543774620397,64
pre_selector,27,1,1.3552527156068805e-20,3.5328736665508993e-17,3.5328736665508993e-17,0.5,-3.809580175584451e-05,3.80958017558445e-05,64
pre_selector,16,4,-2.710505431213761e-20,-3.5077133120617317e-17,3.5077133120617317e-17,0.5,8.88203994691096e-05,-8.882039946910957e-05,64
pre_selector,28,10,-1.4907779871675686e-19,-3.4414899608080516e-17,3.4414899608080516e-17,0.5,-0.000930169730963813,0.0009301697309638131,64
pre_selector,22,25,-1.3552527156068805e-20,-3.4291760812817917e-17,3.4291760812817917e-17,0.5,8.872038961360253e-07,-8.872038961360152e-07,64
pre_selector,26,23,1.5246593050577406e-20,3.3961094622109004e-17,3.3961094622109004e-17,0.5,0.00013060192122791849,-0.00013060192122791849,64
pre_selector,32,13,-2.0328790734103208e-20,-3.39326253976022e-17,3.39326253976022e-17,0.5,7.223218017316249e-05,-7.22321801731625e-05,64
pre_selector,26,24,1.3552527156068805e-19,3.33024383532198e-17,3.33024383532198e-17,0.5,0.00014012373139849377,-0.00014012373139849383,64
pre_selector,18,7,8.131516293641283e-20,3.3302031406029906e-17,3.3302031406029906e-17,0.5,0.00070097994739625,-0.00070097994739625,64
pre_selector,16,8,8.131516293641283e-20,3.2850006660585306e-17,3.2850006660585306e-17,0.5,0.0007831107031961357,-0.0007831107031961356,64
pre_selector,0,20,-4.336808689942018e-19,-3.273205926809785e-17,3.273205926809785e-17,0.5,0.0020181688887532852,-0.0020181688887532844,64
pre_selector,5,7,1.6263032587282567e-19,3.269837011252913e-17,3.269837011252913e-17,0.5,-0.0014283756627264433,0.0014283756627264433,64
pre_selector,5,17,-2.168404344971009e-19,-3.263933565551594e-17,3.263933565551594e-17,0.5,-0.0006779294781153906,0.0006779294781153905,64
pre_selector,0,18,5.421010862427522e-19,3.212987035719762e-17,3.212987035719762e-17,0.5,9.630020940674814e-06,-9.630020940674597e-06,64
pre_selector,35,15,-1.6263032587282567e-19,-3.1775774960994814e-17,3.1775774960994814e-17,0.5,-0.001362317692837678,0.001362317692837678,64
pre_selector,30,23,1.0842021724855044e-19,3.170643101828848e-17,3.170643101828848e-17,0.5,0.000297465401672525,-0.0002974654016725251,64
pre_selector,29,0,-7.589415207398531e-19,-3.149002248618878e-17,3.149002248618878e-17,0.5,-0.007431379839545112,0.007431379839545112,64
pre_selector,20,15,-4.336808689942018e-19,-3.1332772242344435e-17,3.1332772242344435e-17,0.5,-0.0018023115990217797,0.0018023115990217792,64
pre_selector,16,6,2.0328790734103208e-20,3.12393225654208e-17,3.12393225654208e-17,0.5,-0.0001558853987262327,0.0001558853987262327,64
pre_selector,28,12,1.0842021724855044e-18,3.1218713465102615e-17,3.1218713465102615e-17,0.5,-4.671636270359332e-05,4.671636270359332e-05,64
pre_selector,7,28,5.082197683525802e-21,3.1121001493365185e-17,3.1121001493365185e-17,0.5,-3.18258291826895e-05,3.18258291826895e-05,64
pre_selector,34,6,-2.710505431213761e-20,-3.0971441616541385e-17,3.0971441616541385e-17,0.5,-6.092043622628954e-05,6.0920436226289553e-05,64
pre_selector,17,5,-8.131516293641283e-20,-3.0507471541538876e-17,3.0507471541538876e-17,0.5,0.00040265654388348853,-0.00040265654388348864,64
pre_selector,9,13,4.0657581468206416e-20,3.0440801159246685e-17,3.0440801159246685e-17,0.5,0.00019127462837786522,-0.00019127462837786524,64
pre_selector,19,15,8.131516293641283e-20,3.036209411448304e-17,3.036209411448304e-17,0.5,9.333844354842167e-05,-9.333844354842167e-05,64
pre_selector,33,16,4.336808689942018e-19,3.035424890104546e-17,3.035424890104546e-17,0.5,-0.005025504986406303,0.005025504986406304,64
pre_selector,28,23,2.168404344971009e-19,2.979693999927666e-17,2.979693999927666e-17,0.5,-0.0030307106790132734,0.0030307106790132734,64
pre_selector,3,2,-4.336808689942018e-19,-2.9748403370794705e-17,2.9748403370794705e-17,0.5,-0.0013074091111775436,0.001307409111177544,64
pre_selector,9,17,-1.3552527156068805e-20,-2.9436787866401093e-17,2.9436787866401093e-17,0.5,6.3557126850350605e-06,-6.3557126850350605e-06,64
pre_selector,28,16,2.0328790734103208e-20,2.920833011655871e-17,2.920833011655871e-17,0.5,-0.0004296532465559472,0.0004296532465559472,64
pre_selector,15,10,6.776263578034403e-21,2.909617534694512e-17,2.909617534694512e-17,0.5,8.944698947742863e-05,-8.944698947742863e-05,64
pre_selector,29,27,-2.710505431213761e-20,-2.903044976455453e-17,2.903044976455453e-17,0.5,-3.5149651012038736e-05,3.514965101203875e-05,64
pre_selector,10,11,-1.0164395367051604e-20,-2.871990905054857e-17,2.871990905054857e-17,0.5,-3.8197013964239846e-05,3.819701396423984e-05,64
pre_selector,30,30,-1.3552527156068805e-20,-2.870272931443433e-17,2.870272931443433e-17,0.5,0.00011264545082667358,-0.00011264545082667356,64
pre_selector,10,8,-1.3552527156068805e-20,-2.8524874860219335e-17,2.8524874860219335e-17,0.5,-3.38577483489625e-05,3.3857748348962494e-05,64
pre_selector,27,10,2.710505431213761e-20,2.81828917917615e-17,2.81828917917615e-17,0.5,-7.204460234788205e-05,7.204460234788203e-05,64
pre_selector,15,16,4.0657581468206416e-20,2.8140118323998924e-17,2.8140118323998924e-17,0.5,2.0410179786253948e-05,-2.0410179786253928e-05,64
pre_selector,22,30,5.963111948670274e-19,2.809388924804782e-17,2.809388924804782e-17,0.5,0.004156071314355362,-0.004156071314355362,64
pre_selector,25,9,2.710505431213761e-20,2.778538025745038e-17,2.778538025745038e-17,0.5,6.84096869463197e-05,-6.84096869463197e-05,64
pre_selector,20,6,5.421010862427522e-20,2.771483627942515e-17,2.771483627942515e-17,0.5,-1.5449051716128105e-05,1.5449051716128132e-05,64
pre_selector,6,0,3.3881317890172014e-20,2.7712641779365333e-17,2.7712641779365333e-17,0.5,-0.0002091062278850563,0.00020910622788505628,64
pre_selector,2,9,3.2526065174565133e-19,2.7600256076372804e-17,2.7600256076372804e-17,0.5,-0.002234065374068444,0.002234065374068444,64
pre_selector,7,30,1.0164395367051604e-20,2.7583106630632737e-17,2.7583106630632737e-17,0.5,-2.810568048516875e-05,2.8105680485168745e-05,64
pre_selector,17,25,4.0657581468206416e-20,2.7451497391613266e-17,2.7451497391613266e-17,0.5,-0.00029350070053624157,0.00029350070053624157,64
pre_selector,1,22,5.421010862427522e-19,2.734746593322485e-17,2.734746593322485e-17,0.5,-0.0012090681120753247,0.0012090681120753254,64
pre_selector,16,29,5.421010862427522e-20,2.729361507234137e-17,2.729361507234137e-17,0.5,7.43003402021559e-05,-7.430034020215586e-05,64
pre_selector,23,16,-3.3881317890172014e-20,-2.6794989680462053e-17,2.6794989680462053e-17,0.5,0.00016894913460418126,-0.00016894913460418123,64
pre_selector,11,4,5.421010862427522e-20,2.6756509104259562e-17,2.6756509104259562e-17,0.5,-3.127117088296641e-05,3.127117088296639e-05,64
pre_selector,25,28,-2.168404344971009e-19,-2.659826083373543e-17,2.659826083373543e-17,0.5,-0.0007590822642669062,0.0007590822642669062,64
pre_selector,29,26,-1.6263032587282567e-19,-2.6454769553906253e-17,2.6454769553906253e-17,0.5,-0.0005040253090555593,0.0005040253090555595,64
pre_selector,35,25,2.710505431213761e-20,2.644158878434445e-17,2.644158878434445e-17,0.5,-0.00035156068770447085,0.00035156068770447085,64
pre_selector,3,8,-3.2526065174565133e-19,-2.6354517956600586e-17,2.6354517956600586e-17,0.5,-0.0011212295066798123,0.001121229506679813,64
pre_selector,32,11,5.421010862427522e-19,2.6348965979466775e-17,2.6348965979466775e-17,0.5,-0.00023351106210611262,0.00023351106210611262,64
pre_selector,26,10,-6.776263578034403e-21,-2.6291212606267103e-17,2.6291212606267103e-17,0.5,-1.6016547192515004e-05,1.6016547192514997e-05,64
pre_selector,0,7,8.673617379884035e-19,2.622193186364925e-17,2.622193186364925e-17,0.5,-0.004846367985010142,0.004846367985010143,64
pre_selector,24,28,-1.0842021724855044e-19,-2.61678540570269e-17,2.61678540570269e-17,0.5,-0.0009420501883141636,0.0009420501883141635,64
pre_selector,25,13,-6.776263578034403e-21,-2.616387642688267e-17,2.616387642688267e-17,0.5,4.102121215509314e-05,-4.1021212155093134e-05,64
pre_selector,35,5,1.3552527156068805e-19,2.6156742798104848e-17,2.6156742798104848e-17,0.5,-0.00021000120614189698,0.00021000120614189698,64
pre_selector,34,19,4.336808689942018e-19,2.6151029317529517e-17,2.6151029317529517e-17,0.5,-0.009886141990136784,0.009886141990136786,64
pre_selector,2,14,1.0842021724855044e-19,2.6008102082190942e-17,2.6008102082190942e-17,0.5,-0.0012375723417789924,0.0012375723417789922,64
pre_selector,0,27,-1.0842021724855044e-19,-2.5991048111948725e-17,2.5991048111948725e-17,0.5,-0.0006567112868651717,0.0006567112868651718,64
pre_selector,25,14,8.131516293641283e-20,2.5814384262203232e-17,2.5814384262203232e-17,0.5,-8.749655171414372e-05,8.749655171414372e-05,64
pre_selector,35,6,-1.0164395367051604e-20,-2.571247084617961e-17,2.571247084617961e-17,0.5,-9.169726217804375e-05,9.169726217804376e-05,64
pre_selector,21,12,1.0842021724855044e-19,2.5702637191159624e-17,2.5702637191159624e-17,0.5,0.0006717948526784375,-0.0006717948526784377,64
pre_selector,33,21,1.0842021724855044e-19,2.5302491368863433e-17,2.5302491368863433e-17,0.5,2.3027059796727365e-05,-2.302705979672742e-05,64
pre_selector,4,17,-4.336808689942018e-19,-2.5299609265494827e-17,2.5299609265494827e-17,0.5,-0.0029948441510896048,0.0029948441510896048,64
pre_selector,19,19,5.421010862427522e-20,2.5166255764783148e-17,2.5166255764783148e-17,0.5,0.00029724016349063747,-0.00029724016349063747,64
pre_selector,35,21,-1.0164395367051604e-20,-2.5121781792855472e-17,2.5121781792855472e-17,0.5,0.00010564978447290328,-0.00010564978447290328,64
pre_selector,26,3,-1.0842021724855044e-19,-2.5084698618021303e-17,2.5084698618021303e-17,0.5,-0.0004806251890840937,0.0004806251890840939,64
pre_selector,24,17,-5.421010862427522e-20,-2.5051750574723985e-17,2.5051750574723985e-17,0.5,0.0006282089998421562,-0.0006282089998421562,64
pre_selector,30,14,8.470329472543003e-21,2.4821235687207828e-17,2.4821235687207828e-17,0.5,-1.1922210433112896e-05,1.1922210433112882e-05,64
pre_selector,22,5,-2.168404344971009e-19,-2.4820041683693675e-17,2.4820041683693675e-17,0.5,-0.002042088861344378,0.002042088861344378,64
pre_selector,28,25,-8.131516293641283e-20,-2.4725710346202975e-17,2.4725710346202975e-17,0.5,-0.00030552401221939373,0.00030552401221939373,64
pre_selector,20,23,4.336808689942018e-19,2.4612191869669905e-17,2.4612191869669905e-17,0.5,0.007849339250242322,-0.007849339250242322,64
pre_selector,29,22,2.710505431213761e-20,2.4566377121482788e-17,2.4566377121482788e-17,0.5,-0.0005797815210825963,0.0005797815210825963,64
pre_selector,18,31,-1.0842021724855044e-19,-2.453244227378139e-17,2.453244227378139e-17,0.5,0.0010185142564296283,-0.0010185142564296283,64
pre_selector,1,25,-8.673617379884035e-19,-2.4378656286203936e-17,2.4378656286203936e-17,0.5,-0.000414178881328551,0.0004141788813285495,64
pre_selector,15,6,6.776263578034403e-21,2.4334082179545466e-17,2.4334082179545466e-17,0.5,1.2540622719813249e-05,-1.254062271981325e-05,64
pre_selector,23,3,2.371692252312041e-20,2.4236395423250357e-17,2.4236395423250357e-17,0.5,0.0004004882357548856,-0.0004004882357548856,64
pre_selector,1,5,3.2526065174565133e-19,2.407607903574353e-17,2.407607903574353e-17,0.5,0.0006569930555997408,-0.0006569930555997406,64
pre_selector,7,11,2.0328790734103208e-20,2.3968677367108454e-17,2.3968677367108454e-17,0.5,4.2900284825002e-05,-4.2900284825002e-05,64
pre_selector,3,9,-5.421010862427522e-20,-2.394577427509171e-17,2.394577427509171e-17,0.5,-0.0005158280546311108,0.0005158280546311108,64
pre_selector,0,29,-2.168404344971009e-19,-2.3880017178032146e-17,2.3880017178032146e-17,0.5,-0.0010948936687782283,0.0010948936687782283,64
pre_selector,32,7,4.336808689942018e-19,2.3799966974186714e-17,2.3799966974186714e-17,0.5,-0.0032586527640887687,0.0032586527640887687,64
pre_selector,35,7,-2.0328790734103208e-20,-2.3778664814262224e-17,2.3778664814262224e-17,0.5,-0.0002184955819757219,0.00021849558197572187,64
pre_selector,20,2,-5.421010862427522e-20,-2.3730313455037686e-17,2.3730313455037686e-17,0.5,3.353067768329713e-05,-3.3530677683297106e-05,64
pre_selector,7,9,-6.776263578034403e-21,-2.3701277224097125e-17,2.3701277224097125e-17,0.5,6.714007349727514e-05,-6.714007349727514e-05,64
pre_selector,30,27,8.673617379884035e-19,2.3664026947373108e-17,2.3664026947373108e-17,0.5,-0.015652910893550132,0.015652910893550136,64
pre_selector,20,16,5.421010862427522e-20,2.3662460394465332e-17,2.3662460394465332e-17,0.5,0.0010535654928389467,-0.0010535654928389467,64
pre_selector,18,21,1.0842021724855044e-19,2.3590376055460274e-17,2.3590376055460274e-17,0.5,0.001988448333577232,-0.0019884483335772325,64
pre_selector,33,9,-1.6263032587282567e-19,-2.3553904407903667e-17,2.3553904407903667e-17,0.5,-0.0032781475892988783,0.003278147589298878,64
pre_selector,26,28,2.371692252312041e-20,2.3547012689588945e-17,2.3547012689588945e-17,0.5,0.0006367266960296315,-0.0006367266960296315,64
pre_selector,3,22,-1.0842021724855044e-19,-2.3546964750706053e-17,2.3546964750706053e-17,0.5,0.00024356417998205317,-0.00024356417998205296,64
pre_selector,0,16,-4.336808689942018e-19,-2.351740087251909e-17,2.351740087251909e-17,0.5,-0.00045163906179368095,0.0004516390617936815,64
pre_selector,5,16,-4.336808689942018e-19,-2.349431079545164e-17,2.349431079545164e-17,0.5,-0.0029474479561031252,0.0029474479561031252,64
pre_selector,16,9,6.776263578034403e-20,2.3361208406073655e-17,2.3361208406073655e-17,0.5,0.0011464446361059988,-0.0011464446361059988,64
pre_selector,2,18,-5.421010862427522e-20,-2.3302248629179096e-17,2.3302248629179096e-17,0.5,0.00043793477016151563,-0.00043793477016151563,64
pre_selector,28,26,-1.0164395367051604e-20,-2.327263248931476e-17,2.327263248931476e-17,0.5,6.338865841826767e-05,-6.33886584182677e-05,64
pre_selector,28,0,-4.87890977618477e-19,-2.3241290663160846e-17,2.3241290663160846e-17,0.5,0.0007781123495078656,-0.0007781123495078655,64
pre_selector,9,14,-8.131516293641283e-20,-2.32286661292105e-17,2.32286661292105e-17,0.5,0.00021952952738502193,-0.00021952952738502193,64
pre_selector,27,12,2.371692252312041e-20,2.3019317534543183e-17,2.3019317534543183e-17,0.5,-0.00020642467643482309,0.00020642467643482309,64
pre_selector,14,0,6.776263578034403e-21,2.3008720023139092e-17,2.3008720023139092e-17,0.5,-2.5665928205847025e-05,2.5665928205847022e-05,64
pre_selector,2,25,1.0842021724855044e-19,2.299485199304801e-17,2.299485199304801e-17,0.5,-0.0007516103723901406,0.0007516103723901406,64
pre_selector,34,29,2.710505431213761e-20,2.2923752920580034e-17,2.2923752920580034e-17,0.5,-0.0006668813539363073,0.0006668813539363073,64
pre_selector,3,29,1.0842021724855044e-19,2.2914861672617925e-17,2.2914861672617925e-17,0.5,-0.0009822149295359702,0.0009822149295359702,64
pre_selector,22,8,5.421010862427522e-20,2.2847229706381118e-17,2.2847229706381118e-17,0.5,-1.0528987331777742e-05,1.0528987331777742e-05,64
pre_selector,22,1,-2.710505431213761e-20,-2.2749430771490112e-17,2.2749430771490112e-17,0.5,0.0002991771398228477,-0.0002991771398228477,64
pre_selector,1,21,2.168404344971009e-19,2.272565651763755e-17,2.272565651763755e-17,0.5,5.2388044423428044e-05,-5.238804442342783e-05,64
pre_selector,16,25,5.421010862427522e-20,2.270952051180737e-17,2.270952051180737e-17,0.5,2.8529349947357453e-05,-2.8529349947357453e-05,64
pre_selector,28,29,-1.3552527156068805e-20,-2.2660165850598672e-17,2.2660165850598672e-17,0.5,-2.847994937837484e-05,2.847994937837486e-05,64
pre_selector,33,19,2.168404344971009e-19,2.2646679284932116e-17,2.2646679284932116e-17,0.5,-0.003243805651436559,0.003243805651436559,64
pre_selector,31,8,-1.6263032587282567e-19,-2.2541927780317017e-17,2.2541927780317017e-17,0.5,-0.0028878888915641904,0.0028878888915641904,64
pre_selector,25,3,-5.082197683525802e-21,-2.2477332511958395e-17,2.2477332511958395e-17,0.5,-7.049180737793943e-05,7.049180737793945e-05,64
pre_selector,25,0,-3.3881317890172014e-20,-2.241553616765887e-17,2.241553616765887e-17,0.5,-0.0005208358343224748,0.0005208358343224748,64
pre_selector,2,8,5.421010862427522e-20,2.2385423525606842e-17,2.2385423525606842e-17,0.5,-0.0009054190086317164,0.0009054190086317164,64
pre_selector,14,8,-2.710505431213761e-20,-2.2270352145538012e-17,2.2270352145538012e-17,0.5,0.00014804194870519997,-0.0001480419487052,64
pre_selector,24,20,-5.421010862427522e-20,-2.2267098866882125e-17,2.2267098866882125e-17,0.5,-0.0002096459083986731,0.00020964590839867307,64
pre_selector,0,11,-8.673617379884035e-19,-2.2170750347914652e-17,2.2170750347914652e-17,0.5,-0.006351825373712934,0.006351825373712932,64
pre_selector,31,4,1.3552527156068805e-19,2.215541139473546e-17,2.215541139473546e-17,0.5,3.68014516425312e-05,-3.6801451642531034e-05,64
pre_selector,19,24,5.082197683525802e-21,2.2095667707834223e-17,2.2095667707834223e-17,0.5,2.1034791188858585e-05,-2.1034791188858585e-05,64
pre_selector,23,11,-2.168404344971009e-19,-2.1932536425677406e-17,2.1932536425677406e-17,0.5,0.002015041951381119,-0.0020150419513811193,64
pre_selector,24,16,2.168404344971009e-19,2.1827867843633656e-17,2.1827867843633656e-17,0.5,0.0028071724736946566,-0.002807172473694656,64
pre_selector,15,8,-4.0657581468206416e-20,-2.1813352669724934e-17,2.1813352669724934e-17,0.5,-0.00048135648466995245,0.00048135648466995256,64
pre_selector,20,31,5.421010862427522e-20,2.158137742888217e-17,2.158137742888217e-17,0.5,-0.0003142496498185261,0.00031424964981852603,64
pre_selector,17,22,-8.470329472543003e-21,-2.1575289315893236e-17,2.1575289315893236e-17,0.5,0.00017083083366739859,-0.00017083083366739856,64
pre_selector,33,8,2.0328790734103208e-20,2.1566464814940498e-17,2.1566464814940498e-17,0.5,-0.00035045367076234256,0.0003504536707623426,64
pre_selector,12,20,-6.776263578034403e-21,-2.145488308386077e-17,2.145488308386077e-17,0.5,-6.689017845928066e-05,6.689017845928067e-05,64
pre_selector,19,17,-1.0842021724855044e-19,-2.117078060526716e-17,2.117078060526716e-17,0.5,-0.0005130737772560658,0.0005130737772560657,64
pre_selector,29,1,-5.421010862427522e-20,-2.1142742667266648e-17,2.1142742667266648e-17,0.5,0.0003587843766581552,-0.0003587843766581553,64
pre_selector,10,23,3.3881317890172014e-20,2.1124244397311157e-17,2.1124244397311157e-17,0.5,-0.0004923708547721437,0.0004923708547721438,64
pre_selector,13,27,-5.421010862427522e-20,-2.110561164968022e-17,2.110561164968022e-17,0.5,-0.0003846363906632155,0.00038463639066321537,64
pre_selector,0,30,-4.336808689942018e-19,-2.109385314217671e-17,2.109385314217671e-17,0.5,-3.710384771693151e-05,3.710384771693151e-05,64
pre_selector,3,19,1.0842021724855044e-19,2.1012174185806258e-17,2.1012174185806258e-17,0.5,-0.00036691453715320644,0.00036691453715320633,64
pre_selector,12,27,1.3552527156068805e-20,2.0941582177978307e-17,2.0941582177978307e-17,0.5,-2.8444823328753963e-05,2.8444823328753984e-05,64
pre_selector,24,23,-2.168404344971009e-19,-2.0920271655719345e-17,2.0920271655719345e-17,0.5,-0.0020057489164173412,0.0020057489164173412,64
pre_selector,23,13,4.336808689942018e-19,2.0897296221653462e-17,2.0897296221653462e-17,0.5,-0.002322180807823318,0.0023221808078233187,64
pre_selector,26,11,6.776263578034403e-21,2.0894948389998425e-17,2.0894948389998425e-17,0.5,-2.1924545308133408e-05,2.1924545308133394e-05,64
pre_selector,18,5,-1.0842021724855044e-19,-2.0851525051851518e-17,2.0851525051851518e-17,0.5,0.0007976422202773407,-0.0007976422202773408,64
pre_selector,15,1,-8.131516293641283e-20,-2.0819044771506714e-17,2.0819044771506714e-17,0.5,0.00155759263725485,-0.0015575926372548502,64
pre_selector,18,24,-5.421010862427522e-20,-2.0741454756334606e-17,2.0741454756334606e-17,0.5,0.00083393892828097,-0.0008339389282809699,64
pre_selector,34,16,4.743384504624082e-20,2.0731749130335064e-17,2.0731749130335064e-17,0.5,-0.0013792589634249192,0.0013792589634249192,64
pre_selector,12,16,2.710505431213761e-20,2.0674715723468355e-17,2.0674715723468355e-17,0.5,0.00011023128536180284,-0.00011023128536180287,64
pre_selector,20,11,6.776263578034403e-21,2.0669805775141307e-17,2.0669805775141307e-17,0.5,9.618591502656373e-05,-9.618591502656374e-05,64
pre_selector,24,30,-1.6263032587282567e-19,-2.0623348110440057e-17,2.0623348110440057e-17,0.5,-0.000861972228449306,0.0008619722284493065,64
pre_selector,34,15,-1.6263032587282567e-19,-2.055987053066181e-17,2.055987053066181e-17,0.5,-0.0009046858540386873,0.0009046858540386873,64
pre_selector,3,20,8.131516293641283e-20,2.055064163834009e-17,2.055064163834009e-17,0.5,-0.00016886644516490615,0.00016886644516490618,64
pre_selector,7,13,5.421010862427522e-20,2.045472235771803e-17,2.045472235771803e-17,0.5,-0.00021551210011238757,0.00021551210011238757,64
pre_selector,25,27,2.0328790734103208e-20,2.0445660056643063e-17,2.0445660056643063e-17,0.5,-0.00042014232622020913,0.00042014232622020913,64
pre_selector,33,2,-6.776263578034403e-21,-2.0392909120927214e-17,2.0392909120927214e-17,0.5,2.8114472002009884e-05,-2.811447200200989e-05,64
pre_selector,24,6,6.776263578034403e-21,2.0386866216601133e-17,2.0386866216601133e-17,0.5,-3.0407228223337495e-05,3.040722822333751e-05,64
pre_selector,8,27,5.421010862427522e-20,2.036410447411926e-17,2.036410447411926e-17,0.5,0.0005290638619044191,-0.0005290638619044191,64
pre_selector,27,22,-5.421010862427522e-20,-2.0344125296217548e-17,2.0344125296217548e-17,0.5,0.0003464194160187646,-0.00034641941601876446,64
pre_selector,0,21,1.0842021724855044e-19,2.0339853409505132e-17,2.0339853409505132e-17,0.5,-0.0007483371791749874,0.0007483371791749878,64
pre_selector,21,0,-5.421010862427522e-20,-2.0186430552828616e-17,2.0186430552828616e-17,0.5,-0.00015480733782169057,0.00015480733782169062,64
pre_selector,16,19,1.0842021724855044e-19,2.0158526425364532e-17,2.0158526425364532e-17,0.5,0.0016617227593087483,-0.0016617227593087485,64
pre_selector,8,6,-2.710505431213761e-20,-2.0092536115197417e-17,2.0092536115197417e-17,0.5,0.00041161892841046286,-0.0004116189284104629,64
pre_selector,35,27,-1.6263032587282567e-19,-2.0084193984917753e-17,2.0084193984917753e-17,0.5,-0.0013025164662394655,0.0013025164662394655,64
pre_selector,12,18,8.131516293641283e-20,2.0054207155267936e-17,2.0054207155267936e-17,0.5,0.0007136813801480438,-0.0007136813801480438,64
pre_selector,34,7,-5.421010862427522e-20,-2.0009243628015836e-17,2.0009243628015836e-17,0.5,-0.001367294229567034,0.001367294229567034,64
pre_selector,21,7,3.3881317890172014e-21,1.9973369880278384e-17,1.9973369880278384e-17,0.5,2.3203158889374288e-05,-2.3203158889374288e-05,64
pre_selector,2,11,-8.131516293641283e-20,-1.995203729690139e-17,1.995203729690139e-17,0.5,-0.001071181424777,0.001071181424777,64
pre_selector,9,3,1.0842021724855044e-19,1.9906944297836724e-17,1.9906944297836724e-17,0.5,0.0009152354577963843,-0.0009152354577963843,64
pre_selector,3,4,-2.168404344971009e-19,-1.9776626158571047e-17,1.9776626158571047e-17,0.5,-0.0019464857614366281,0.0019464857614366281,64
pre_selector,21,24,8.131516293641283e-20,1.9773921019289704e-17,1.9773921019289704e-17,0.5,0.001598259518686942,-0.0015982595186869422,64
pre_selector,29,28,6.776263578034403e-21,1.9751950630585216e-17,1.9751950630585216e-17,0.5,-3.868970725305946e-05,3.868970725305945e-05,64
pre_selector,7,3,-2.710505431213761e-20,-1.9745032468445953e-17,1.9745032468445953e-17,0.5,6.746277176716564e-05,-6.746277176716566e-05,64
pre_selector,26,30,5.421010862427522e-20,1.9709188619705288e-17,1.9709188619705288e-17,0.5,0.0007329862964979743,-0.0007329862964979743,64
pre_selector,33,13,-2.168404344971009e-19,-1.9708490028247443e-17,1.9708490028247443e-17,0.5,-0.0036979058859287596,0.0036979058859287596,64
pre_selector,22,15,-1.0842021724855044e-19,-1.9688053135616368e-17,1.9688053135616368e-17,0.5,-3.873874084092666e-05,3.873874084092666e-05,64
pre_selector,4,25,-1.6263032587282567e-19,-1.9647364355698447e-17,1.9647364355698447e-17,0.5,-0.0022946348908590188,0.0022946348908590188,64
pre_selector,0,13,2.168404344971009e-19,1.9643835083134307e-17,1.9643835083134307e-17,0.5,0.003967895492678506,-0.003967895492678506,64
pre_selector,4,6,2.710505431213761e-19,1.964070589458191e-17,1.964070589458191e-17,0.5,-0.0006274239167396467,0.0006274239167396467,64
pre_selector,13,10,1.3552527156068805e-20,1.9595011036747532e-17,1.9595011036747532e-17,0.5,5.8785469036592864e-05,-5.878546903659285e-05,64
pre_selector,14,21,2.0328790734103208e-20,1.9543040300112422e-17,1.9543040300112422e-17,0.5,6.153477897896564e-05,-6.153477897896563e-05,64
pre_selector,26,25,1.2197274440461925e-19,1.949090801724951e-17,1.949090801724951e-17,0.5,0.0032260363896057095,-0.0032260363896057095,64
pre_selector,25,6,6.776263578034403e-21,1.9266003480320552e-17,1.9266003480320552e-17,0.5,-2.9624356102417817e-05,2.9624356102417817e-05,64
pre_selector,2,10,1.8973538018496328e-19,1.9239519096545092e-17,1.9239519096545092e-17,0.5,-0.004371643364720487,0.004371643364720488,64
pre_selector,22,26,1.0842021724855044e-19,1.9226256354515916e-17,1.9226256354515916e-17,0.5,0.00019833810802084265,-0.00019833810802084254,64
pre_selector,6,19,-5.421010862427522e-20,-1.9179562097445648e-17,1.9179562097445648e-17,0.5,0.0004677883734984825,-0.00046778837349848254,64
pre_selector,1,14,1.0842021724855044e-19,1.9174072618235624e-17,1.9174072618235624e-17,0.5,-0.0015881382569204968,0.001588138256920497,64
pre_selector,18,3,-4.0657581468206416e-20,-1.9089762209298078e-17,1.9089762209298078e-17,0.5,0.0001209108413604595,-0.00012091084136045939,64
pre_selector,2,16,-5.421010862427522e-20,-1.9074219271479804e-17,1.9074219271479804e-17,0.5,-0.00039774704782757464,0.0003977470478275747,64
pre_selector,32,29,3.3881317890172014e-21,1.90717674223583e-17,1.90717674223583e-17,0.5,-2.3823668016113473e-06,2.382366801611354e-06,64
pre_selector,3,7,-2.168404344971009e-19,-1.90471489813852e-17,1.90471489813852e-17,0.5,-0.001642952797283232,0.001642952797283232,64
pre_selector,10,12,-2.710505431213761e-20,-1.9001054561485108e-17,1.9001054561485108e-17,0.5,-7.874905713832887e-05,7.87490571383289e-05,64
pre_selector,24,29,-2.168404344971009e-19,-1.8996005957727982e-17,1.8996005957727982e-17,0.5,-0.006672939278359966,0.006672939278359966,64
pre_selector,11,0,2.168404344971009e-19,1.897895005053655e-17,1.897895005053655e-17,0.5,-0.0019857458246406155,0.001985745824640616,64
pre_selector,10,1,-5.421010862427522e-20,-1.8937182908157672e-17,1.8937182908157672e-17,0.5,-0.0002833131948136657,0.0002833131948136658,64
pre_selector,14,2,-1.3552527156068805e-20,-1.89339884989714e-17,1.89339884989714e-17,0.5,-0.00014868531980028124,0.00014868531980028127,64
pre_selector,4,15,-3.2526065174565133e-19,-1.8914987395002442e-17,1.8914987395002442e-17,0.5,-0.0028512030967248964,0.0028512030967248964,64
pre_selector,23,19,1.0164395367051604e-20,1.8895495808839498e-17,1.8895495808839498e-17,0.5,-2.3038153358355507e-06,2.303815335835554e-06,64
pre_selector,26,26,-2.710505431213761e-19,-1.8821113649907843e-17,1.8821113649907843e-17,0.5,-0.005812697534565784,0.005812697534565784,64
pre_selector,21,6,-3.3881317890172014e-20,-1.8789237160072377e-17,1.8789237160072377e-17,0.5,0.0007928768027340926,-0.0007928768027340926,64
pre_selector,33,24,-3.3881317890172014e-20,-1.8761444579861964e-17,1.8761444579861964e-17,0.5,-1.4138890037425697e-05,1.413889003742567e-05,64
pre_selector,30,19,-6.776263578034403e-21,-1.8728662143872003e-17,1.8728662143872003e-17,0.5,3.642632259470923e-05,-3.642632259470926e-05,64
pre_selector,9,15,5.082197683525802e-21,1.868299024255455e-17,1.868299024255455e-17,0.5,2.7881671940125665e-05,-2.7881671940125665e-05,64
pre_selector,7,1,1.3552527156068805e-20,1.867977409803476e-17,1.867977409803476e-17,0.5,0.00012827269074477813,-0.00012827269074477813,64
pre_selector,31,0,2.168404344971009e-19,1.8649459461598094e-17,1.8649459461598094e-17,0.5,-0.0009021790174301686,0.0009021790174301688,64
pre_selector,8,23,1.6940658945086007e-21,1.8547237440538486e-17,1.8547237440538486e-17,0.5,1.5023054515947463e-05,-1.5023054515947463e-05,64
pre_selector,34,30,-6.776263578034403e-20,-1.8498893751507243e-17,1.8498893751507243e-17,0.5,-0.0018155757461499557,0.0018155757461499557,64
pre_selector,3,15,2.710505431213761e-20,1.8480692043264437e-17,1.8480692043264437e-17,0.5,-0.0004796227740371111,0.0004796227740371111,64
pre_selector,24,10,-2.710505431213761e-20,-1.8424970511812174e-17,1.8424970511812174e-17,0.5,9.812198732106539e-05,-9.812198732106546e-05,64
pre_selector,23,10,-1.6263032587282567e-19,-1.8406216485173654e-17,1.8406216485173654e-17,0.5,0.002632841002196056,-0.002632841002196056,64
pre_selector,13,30,2.168404344971009e-19,1.8370972293121385e-17,1.8370972293121385e-17,0.5,0.0023572934951516782,-0.0023572934951516782,64
pre_selector,22,19,1.0842021724855044e-19,1.8369092062654892e-17,1.8369092062654892e-17,0.5,0.0006548921264766219,-0.000654892126476622,64
pre_selector,33,31,2.168404344971009e-19,1.8365576935683647e-17,1.8365576935683647e-17,0.5,-0.0051143178861820906,0.00511431788618209,64
pre_selector,33,12,-2.168404344971009e-19,-1.8343463889993187e-17,1.8343463889993187e-17,0.5,-0.0015545799833489404,0.0015545799833489404,64
pre_selector,26,29,5.421010862427522e-20,1.8306086362775762e-17,1.8306086362775762e-17,0.5,0.00011725167496478787,-0.00011725167496478791,64
pre_selector,18,10,2.0328790734103208e-20,1.829893141822971e-17,1.829893141822971e-17,0.5,0.0004479903236642453,-0.00044799032366424525,64
pre_selector,32,24,-1.0164395367051604e-20,-1.8292910584082956e-17,1.8292910584082956e-17,0.5,3.370119884493754e-06,-3.3701198844937337e-06,64
pre_selector,1,4,4.235164736271502e-21,1.8183066162303726e-17,1.8183066162303726e-17,0.5,-6.149214732430738e-05,6.149214732430736e-05,64
pre_selector,15,0,-2.710505431213761e-20,-1.816422427767911e-17,1.816422427767911e-17,0.5,4.0274464481632024e-05,-4.0274464481632085e-05,64
pre_selector,19,4,-1.0842021724855044e-19,-1.815536865874648e-17,1.815536865874648e-17,0.5,-0.0015693307213950904,0.0015693307213950909,64
pre_selector,35,22,-2.168404344971009e-19,-1.8125117466567858e-17,1.8125117466567858e-17,0.5,-0.005622095442959098,0.005622095442959097,64
pre_selector,9,25,1.0842021724855044e-19,1.806302037474735e-17,1.806302037474735e-17,0.5,-0.0012778720338246685,0.0012778720338246685,64
pre_selector,21,18,1.0842021724855044e-19,1.806255186371485e-17,1.806255186371485e-17,0.5,0.002041354640823536,-0.002041354640823536,64
pre_selector,18,22,2.710505431213761e-20,1.7990509092598197e-17,1.7990509092598197e-17,0.5,7.0280802901760795e-06,-7.028080290176052e-06,64
pre_selector,13,13,5.421010862427522e-20,1.7961746786568523e-17,1.7961746786568523e-17,0.5,0.0006698304159726749,-0.000669830415972675,64
pre_selector,1,18,1.0164395367051604e-20,1.793926829329808e-17,1.793926829329808e-17,0.5,-9.223986126021025e-06,9.223986126021023e-06,64
pre_selector,0,17,2.168404344971009e-19,1.7938054371369502e-17,1.7938054371369502e-17,0.5,0.00024149015371221843,-0.00024149015371221832,64
pre_selector,17,29,8.470329472543003e-21,1.7869400310004563e-17,1.7869400310004563e-17,0.5,0.00022610190615067217,-0.00022610190615067217,64
pre_selector,17,12,1.3552527156068805e-20,1.7826677211031128e-17,1.7826677211031128e-17,0.5,-0.00018082845963362845,0.00018082845963362848,64
pre_selector,11,1,-1.3552527156068805e-20,-1.7825210098293235e-17,1.7825210098293235e-17,0.5,-2.5930565243462514e-05,2.5930565243462487e-05,64
pre_selector,31,1,3.3881317890172014e-21,1.777541673265061e-17,1.777541673265061e-17,0.5,1.5579268847430362e-05,-1.5579268847430362e-05,64
pre_selector,22,13,5.421010862427522e-20,1.775681217835093e-17,1.775681217835093e-17,0.5,-0.0006303699628915562,0.0006303699628915563,64
pre_selector,10,31,1.3552527156068805e-20,1.770307896898641e-17,1.770307896898641e-17,0.5,2.8013662358706285e-05,-2.8013662358706258e-05,64
pre_selector,4,12,2.168404344971009e-19,1.7615338468500965e-17,1.7615338468500965e-17,0.5,-0.0021848016494913926,0.0021848016494913926,64
pre_selector,5,29,-1.6263032587282567e-19,-1.7596366250614904e-17,1.7596366250614904e-17,0.5,-0.0023283666778297603,0.0023283666778297603,64
pre_selector,2,23,-2.168404344971009e-19,-1.7588289124873416e-17,1.7588289124873416e-17,0.5,-0.0024938308333730735,0.002493830833373074,64
pre_selector,27,13,-2.168404344971009e-19,-1.755117075225818e-17,1.755117075225818e-17,0.5,-0.0062134643703757025,0.006213464370375703,64
pre_selector,4,10,2.168404344971009e-19,1.754488695087111e-17,1.754488695087111e-17,0.5,-0.0024098608719214,0.0024098608719214,64
pre_selector,29,2,-2.168404344971009e-19,-1.752919290062502e-17,1.752919290062502e-17,0.5,-0.0010043813017546095,0.0010043813017546095,64
pre_selector,9,1,6.776263578034403e-21,1.7499486722584965e-17,1.7499486722584965e-17,0.5,0.00010228243741039242,-0.00010228243741039243,64
pre_selector,29,24,-1.3552527156068805e-20,-1.7451134280087092e-17,1.7451134280087092e-17,0.5,-0.0003536457561494685,0.00035364575614946843,64
pre_selector,10,21,2.0328790734103208e-20,1.740224660617577e-17,1.740224660617577e-17,0.5,0.0003080016322201053,-0.0003080016322201053,64
pre_selector,30,25,8.131516293641283e-20,1.73891509396282e-17,1.73891509396282e-17,0.5,0.0011867531839015906,-0.0011867531839015906,64
pre_selector,27,25,-5.421010862427522e-20,-1.7291513063236556e-17,1.7291513063236556e-17,0.5,0.0006249846119317143,-0.0006249846119317144,64
pre_selector,28,13,-2.0328790734103208e-20,-1.7291134756879493e-17,1.7291134756879493e-17,0.5,-0.0002079816854347833,0.00020798168543478325,64
pre_selector,12,8,-2.710505431213761e-20,-1.729079081169898e-17,1.729079081169898e-17,0.5,-0.00021227925390121478,0.00021227925390121478,64
pre_selector,35,26,-1.0842021724855044e-19,-1.7287859263192806e-17,1.7287859263192806e-17,0.5,-0.0023398428966174565,0.002339842896617456,64
pre_selector,31,31,1.0842021724855044e-19,1.7200712377406938e-17,1.7200712377406938e-17,0.5,-0.0028942684730281815,0.002894268473028181,64
pre_selector,33,6,-1.3552527156068805e-19,-1.7149831445945917e-17,1.7149831445945917e-17,0.5,-0.0028911102563142685,0.0028911102563142685,64
pre_selector,4,13,-1.0842021724855044e-19,-1.714100509334007e-17,1.714100509334007e-17,0.5,-0.0011376324046068406,0.0011376324046068406,64
pre_selector,22,3,5.421010862427522e-20,1.7123529591942953e-17,1.7123529591942953e-17,0.5,0.0007123674004105686,-0.0007123674004105687,64
pre_selector,4,4,3.2526065174565133e-19,1.7088117368495908e-17,1.7088117368495908e-17,0.5,0.00023468712606699985,-0.0002346871260669992,64
pre_selector,2,27,-5.421010862427522e-20,-1.7022052385318428e-17,1.7022052385318428e-17,0.5,1.5632649592587527e-05,-1.563264959258742e-05,64
pre_selector,10,0,-3.3881317890172014e-21,-1.6793202330225868e-17,1.6793202330225868e-17,0.5,-3.482417696432027e-05,3.482417696432027e-05,64
pre_selector,30,1,2.710505431213761e-20,1.679099313717913e-17,1.679099313717913e-17,0.5,1.3826016584068956e-05,-1.3826016584068902e-05,64
pre_selector,17,7,-5.421010862427522e-20,-1.673515690934665e-17,1.673515690934665e-17,0.5,-3.349283360866033e-06,3.349283360866087e-06,64
pre_selector,4,23,1.6263032587282567e-19,1.6726767310093668e-17,1.6726767310093668e-17,0.5,-0.0020753296485054346,0.0020753296485054346,64
pre_selector,18,1,4.0657581468206416e-20,1.667518163963907e-17,1.667518163963907e-17,0.5,0.0007632143806404142,-0.0007632143806404141,64
pre_selector,6,28,-1.3552527156068805e-20,-1.6606819782658975e-17,1.6606819782658975e-17,0.5,-0.0002151133201095813,0.00021511332010958127,64
pre_selector,7,20,1.0164395367051604e-20,1.6601941656106244e-17,1.6601941656106244e-17,0.5,4.1691981550684364e-05,-4.169198155068435e-05,64
pre_selector,8,15,1.3552527156068805e-20,1.658058237157826e-17,1.658058237157826e-17,0.5,7.306080442504685e-05,-7.306080442504686e-05,64
pre_selector,17,2,5.421010862427522e-20,1.6565439692502335e-17,1.6565439692502335e-17,0.5,9.953907647286254e-05,-9.953907647286271e-05,64
pre_selector,11,16,2.710505431213761e-20,1.641118579528521e-17,1.641118579528521e-17,0.5,-0.00031263890195986564,0.00031263890195986564,64
pre_selector,30,2,5.421010862427522e-20,1.6392384597342334e-17,1.6392384597342334e-17,0.5,-0.00040706002619116875,0.0004070600261911687,64
pre_selector,14,26,3.8116482626443515e-21,1.6325760487356968e-17,1.6325760487356968e-17,0.5,6.385601864166187e-05,-6.385601864166188e-05,64
pre_selector,16,15,1.0842021724855044e-19,1.6262955188010498e-17,1.6262955188010498e-17,0.5,-2.3153654183250146e-05,2.3153654183250038e-05,64
pre_selector,33,20,-4.336808689942018e-19,-1.6216397057040923e-17,1.6216397057040923e-17,0.5,-0.010156557298614633,0.010156557298614633,64
pre_selector,15,18,1.6940658945086007e-21,1.620880900674847e-17,1.620880900674847e-17,0.5,-2.985898856877135e-05,2.985898856877135e-05,64
pre_selector,3,23,-1.0842021724855044e-19,-1.6200497161111136e-17,1.6200497161111136e-17,0.5,0.0022545312822330596,-0.0022545312822330596,64
pre_selector,16,20,-3.3881317890172014e-21,-1.618248191450173e-17,1.618248191450173e-17,0.5,-9.742027486937825e-06,9.742027486937828e-06,64
pre_selector,21,10,2.710505431213761e-20,1.609964287501445e-17,1.609964287501445e-17,0.5,0.0001470097486162413,-0.0001470097486162413,64
pre_selector,34,14,-5.082197683525802e-21,-1.6086547026382564e-17,1.6086547026382564e-17,0.5,-0.0001181551797344445,0.0001181551797344445,64
pre_selector,18,19,-5.421010862427522e-20,-1.6049105922120874e-17,1.6049105922120874e-17,0.5,0.0005005082603020186,-0.0005005082603020186,64
pre_selector,13,22,-5.082197683525802e-21,-1.6042738731733646e-17,1.6042738731733646e-17,0.5,-2.931850758613044e-05,2.9318507586130448e-05,64
pre_selector,21,27,2.710505431213761e-20,1.60314167912167e-17,1.60314167912167e-17,0.5,-0.00027451121059129843,0.0002745112105912985,64
pre_selector,20,26,2.202285662861181e-20,1.5998681449986055e-17,1.5998681449986055e-17,0.5,0.00018790053582051726,-0.00018790053582051726,64
pre_selector,2,13,5.421010862427522e-20,1.5994896903045467e-17,1.5994896903045467e-17,0.5,-0.001185531909868573,0.001185531909868573,64
pre_selector,10,29,2.0328790734103208e-20,1.594251194226863e-17,1.594251194226863e-17,0.5,0.00020692368798334748,-0.00020692368798334748,64
pre_selector,5,10,2.168404344971009e-19,1.589883251966706e-17,1.589883251966706e-17,0.5,-0.0021165690850466403,0.00211656908504664,64
pre_selector,29,20,3.3881317890172014e-21,1.589562592773454e-17,1.589562592773454e-17,0.5,-5.209438268137701e-05,5.2094382681377004e-05,64
pre_selector,24,5,8.131516293641283e-20,1.586782763415461e-17,1.586782763415461e-17,0.5,-0.00018918696150648228,0.00018918696150648238,64
pre_selector,28,19,-2.710505431213761e-20,-1.5752905048391234e-17,1.5752905048391234e-17,0.5,-0.0008344574744114589,0.0008344574744114589,64
pre_selector,30,29,6.776263578034403e-21,1.574164316793667e-17,1.574164316793667e-17,0.5,-1.31707081436567e-05,1.3170708143656694e-05,64
pre_selector,26,8,3.3881317890172014e-21,1.5729463067854525e-17,1.5729463067854525e-17,0.5,-1.5517479368997324e-05,1.5517479368997324e-05,64
pre_selector,26,19,4.0657581468206416e-20,1.5705025771193006e-17,1.5705025771193006e-17,0.5,0.0008345449587068121,-0.000834544958706812,64
pre_selector,35,4,1.0164395367051604e-20,1.5584849348661707e-17,1.5584849348661707e-17,0.5,-0.00020004786347270996,0.00020004786347270994,64
pre_selector,0,23,-2.168404344971009e-19,-1.5565481614621627e-17,1.5565481614621627e-17,0.5,0.0011310529371257845,-0.001131052937125785,64
pre_selector,14,31,2.710505431213761e-20,1.55490824225113e-17,1.55490824225113e-17,0.5,-0.00021927895795670438,0.0002192789579567044,64
pre_selector,22,14,-5.421010862427522e-20,-1.554384722918251e-17,1.554384722918251e-17,0.5,0.00034794480598065,-0.00034794480598065005,64
pre_selector,32,27,8.131516293641283e-20,1.5543224120469204e-17,1.5543224120469204e-17,0.5,1.4253368135546827e-05,-1.425336813554699e-05,64
pre_selector,11,12,2.710505431213761e-20,1.5537492493685853e-17,1.5537492493685853e-17,0.5,-0.0007034519994704125,0.0007034519994704126,64
pre_selector,30,16,-4.0657581468206416e-20,-1.5519206571036367e-17,1.5519206571036367e-17,0.5,-0.0009377447859150992,0.0009377447859150992,64
pre_selector,8,4,3.3881317890172014e-21,1.5491181265137637e-17,1.5491181265137637e-17,0.5,-3.0792183281395336e-05,3.0792183281395336e-05,64
pre_selector,35,2,2.710505431213761e-20,1.546349250242133e-17,1.546349250242133e-17,0.5,-0.00012462643280741558,0.0001246264328074156,64
pre_selector,17,10,2.168404344971009e-19,1.545841890725945e-17,1.545841890725945e-17,0.5,0.002115062758093697,-0.0021150627580936968,64
pre_selector,33,7,-6.776263578034403e-21,-1.5431617797388192e-17,1.5431617797388192e-17,0.5,-5.085493557998662e-05,5.085493557998661e-05,64
pre_selector,28,31,-1.3552527156068805e-20,-1.54206255710083e-17,1.54206255710083e-17,0.5,-4.5042397687214885e-05,4.5042397687214885e-05,64
pre_selector,28,3,-1.0842021724855044e-19,-1.5412252852935338e-17,1.5412252852935338e-17,0.5,-0.0034885501227108406,0.0034885501227108406,64
pre_selector,12,19,2.541098841762901e-21,1.5337837705151612e-17,1.5337837705151612e-17,0.5,3.196979605490101e-05,-3.196979605490101e-05,64
pre_selector,21,2,-5.421010862427522e-20,-1.5254936152899977e-17,1.5254936152899977e-17,0.5,-0.0001321988856943782,0.000132198885694378,64
pre_selector,30,21,-5.421010862427522e-20,-1.5215979593096393e-17,1.5215979593096393e-17,0.5,0.0003896925773005932,-0.00038969257730059315,64
pre_selector,31,12,-1.0164395367051604e-20,-1.5196199443736692e-17,1.5196199443736692e-17,0.5,-0.0002242946193291448,0.00022429461932914474,64
pre_selector,2,21,1.0842021724855044e-19,1.519237877997222e-17,1.519237877997222e-17,0.5,-0.001273496123758362,0.001273496123758362,64
pre_selector,20,21,2.710505431213761e-20,1.5168782822344755e-17,1.5168782822344755e-17,0.5,0.0007278900120581864,-0.0007278900120581864,64
pre_selector,17,6,-1.3552527156068805e-20,-1.513138218711362e-17,1.513138218711362e-17,0.5,0.0002474162010912399,-0.0002474162010912399,64
pre_selector,32,26,1.3552527156068805e-20,1.5131054181966177e-17,1.5131054181966177e-17,0.5,-5.2633386076193756e-05,5.263338607619378e-05,64
pre_selector,27,26,1.0842021724855044e-19,1.5094723752885677e-17,1.5094723752885677e-17,0.5,0.0011641231903922623,-0.0011641231903922623,64
pre_selector,7,26,1.0164395367051604e-20,1.504420465714293e-17,1.504420465714293e-17,0.5,1.0937397746605035e-05,-1.0937397746605041e-05,64
pre_selector,2,22,-2.168404344971009e-19,-1.503560505436871e-17,1.503560505436871e-17,0.5,-0.0026711461443937844,0.0026711461443937835,64
pre_selector,24,22,2.168404344971009e-19,1.5018442218801774e-17,1.5018442218801774e-17,0.5,0.003720140783116219,-0.003720140783116219,64
pre_selector,13,8,1.0842021724855044e-19,1.498008123702053e-17,1.498008123702053e-17,0.5,-0.00024869814296833107,0.0002486981429683314,64
pre_selector,22,29,-4.336808689942018e-19,-1.4978179495823992e-17,1.4978179495823992e-17,0.5,0.003708789416123182,-0.0037087894161231816,64
pre_selector,26,22,2.541098841762901e-21,1.4975846731798934e-17,1.4975846731798934e-17,0.5,3.483919545032272e-05,-3.483919545032271e-05,64
pre_selector,6,16,-5.421010862427522e-20,-1.4940304616167533e-17,1.4940304616167533e-17,0.5,5.590225919151567e-05,-5.5902259191515616e-05,64
pre_selector,14,28,2.710505431213761e-20,1.491319877454392e-17,1.491319877454392e-17,0.5,-3.6578137951437465e-05,3.657813795143749e-05,64
pre_selector,4,31,5.421010862427522e-20,1.4902951861056823e-17,1.4902951861056823e-17,0.5,-0.0008375031275136221,0.0008375031275136221,64
pre_selector,12,11,5.421010862427522e-20,1.488812082922652e-17,1.488812082922652e-17,0.5,-7.061495489324058e-05,7.061495489324053e-05,64
pre_selector,4,8,1.0842021724855044e-19,1.4872843152651326e-17,1.4872843152651326e-17,0.5,-0.0016805033010314028,0.0016805033010314028,64
pre_selector,15,11,-3.3881317890172014e-21,-1.4872487817071166e-17,1.4872487817071166e-17,0.5,4.78037275115581e-05,-4.780372751155809e-05,64
pre_selector,35,13,8.131516293641283e-20,1.4869892809993927e-17,1.4869892809993927e-17,0.5,-7.782760803819384e-05,7.782760803819373e-05,64
pre_selector,29,31,-6.776263578034403e-21,-1.486021909682849e-17,1.486021909682849e-17,0.5,1.813516428228766e-05,-1.8135164282287652e-05,64
pre_selector,35,12,1.0842021724855044e-19,1.4775023685541598e-17,1.4775023685541598e-17,0.5,-0.0016211098554776938,0.0016211098554776936,64
pre_selector,30,7,-1.3552527156068805e-20,-1.4759766566183513e-17,1.4759766566183513e-17,0.5,4.6139513870009376e-05,-4.613951387000937e-05,64
pre_selector,14,4,1.0842021724855044e-19,1.4662880045674812e-17,1.4662880045674812e-17,0.5,0.002136974515451566,-0.002136974515451566,64
pre_selector,10,26,2.0328790734103208e-20,1.4622289936640638e-17,1.4622289936640638e-17,0.5,0.0003559195392881406,-0.0003559195392881406,64
pre_selector,17,23,-2.710505431213761e-20,-1.461960155665328e-17,1.461960155665328e-17,0.5,0.0003778908976528313,-0.00037789089765283116,64
pre_selector,18,15,2.710505431213761e-20,1.4583421791896833e-17,1.4583421791896833e-17,0.5,-2.978653355978136e-06,2.9786533559781226e-06,64
pre_selector,12,0,-1.3552527156068805e-20,-1.4566356992918295e-17,1.4566356992918295e-17,0.5,-0.00012170929949205312,0.00012170929949205316,64
pre_selector,15,7,-1.3552527156068805e-20,-1.4465274771584935e-17,1.4465274771584935e-17,0.5,-0.0002588143361208277,0.00025881433612082763,64
pre_selector,2,3,-1.0842021724855044e-19,-1.4452045803967155e-17,1.4452045803967155e-17,0.5,-0.0005963335861452032,0.000596333586145203,64
pre_selector,28,28,-1.6940658945086007e-21,-1.44361636818378e-17,1.44361636818378e-17,0.5,-1.196008656734837e-05,1.196008656734837e-05,64
pre_selector,8,21,5.082197683525802e-21,1.4402758891869235e-17,1.4402758891869235e-17,0.5,3.027949082933096e-05,-3.0279490829330954e-05,64
pre_selector,32,1,2.710505431213761e-20,1.43955578754008e-17,1.43955578754008e-17,0.5,9.513738950772189e-05,-9.513738950772189e-05,64
pre_selector,26,6,-5.421010862427522e-20,-1.4392339483208875e-17,1.4392339483208875e-17,0.5,0.0005505581139004657,-0.0005505581139004657,64
pre_selector,5,20,5.421010862427522e-20,1.4356595365205653e-17,1.4356595365205653e-17,0.5,-0.0006549516519953535,0.0006549516519953535,64
pre_selector,32,8,1.3552527156068805e-19,1.435596304307848e-17,1.435596304307848e-17,0.5,-0.0034577819897094564,0.0034577819897094564,64
pre_selector,6,17,6.776263578034403e-21,1.4349305264881804e-17,1.4349305264881804e-17,0.5,-4.5144406613049695e-06,4.5144406613049695e-06,64
pre_selector,17,9,2.168404344971009e-19,1.4276987584841853e-17,1.4276987584841853e-17,0.5,0.005447131828987033,-0.005447131828987033,64
pre_selector,22,24,5.421010862427522e-20,1.4264914420290017e-17,1.4264914420290017e-17,0.5,0.0010751713962235843,-0.0010751713962235843,64
pre_selector,30,26,-1.0842021724855044e-19,-1.425036305079421e-17,1.425036305079421e-17,0.5,-0.0022728628855474926,0.0022728628855474926,64
pre_selector,23,12,1.0842021724855044e-19,1.4246505735615507e-17,1.4246505735615507e-17,0.5,-0.0015148761158343405,0.0015148761158343409,64
pre_selector,1,31,4.0657581468206416e-20,1.423827155533828e-17,1.423827155533828e-17,0.5,-0.0009566848488020584,0.0009566848488020583,64
pre_selector,7,27,1.3552527156068805e-20,1.4206412797347673e-17,1.4206412797347673e-17,0.5,9.244815373677959e-05,-9.244815373677962e-05,64
pre_selector,10,6,6.776263578034403e-21,1.4195643749606423e-17,1.4195643749606423e-17,0.5,0.0001263749527424823,-0.0001263749527424823,64
pre_selector,3,24,-2.168404344971009e-19,-1.4184888474906463e-17,1.4184888474906463e-17,0.5,-0.0027957548313679377,0.0027957548313679377,64
pre_selector,20,9,1.3552527156068805e-20,1.4153225407172865e-17,1.4153225407172865e-17,0.5,-6.549514910147213e-05,6.549514910147213e-05,64
pre_selector,16,7,5.421010862427522e-20,1.4152197269249182e-17,1.4152197269249182e-17,0.5,0.0004743587160191765,-0.00047435871601917643,64
pre_selector,23,14,-5.421010862427522e-20,-1.4144343961203786e-17,1.4144343961203786e-17,0.5,0.0005776557645731281,-0.0005776557645731282,64
pre_selector,7,8,-1.0164395367051604e-20,-1.4135901340163885e-17,1.4135901340163885e-17,0.5,-5.3035253131380273e-05,5.3035253131380273e-05,64
pre_selector,24,4,2.710505431213761e-20,1.4128084902600263e-17,1.4128084902600263e-17,0.5,-4.982211976294347e-07,4.982211976294212e-07,64
pre_selector,30,24,-5.421010862427522e-20,-1.411084922251337e-17,1.411084922251337e-17,0.5,-0.002426710518193403,0.002426710518193403,64
pre_selector,29,23,1.6940658945086007e-21,1.407374422289988e-17,1.407374422289988e-17,0.5,-4.390571575644078e-06,4.390571575644078e-06,64
pre_selector,0,2,-1.6940658945086007e-21,-1.405356893412936e-17,1.405356893412936e-17,0.5,2.7677605658025007e-05,-2.7677605658025007e-05,64
pre_selector,0,22,-1.0842021724855044e-19,-1.403007612382862e-17,1.403007612382862e-17,0.5,0.00032061230740510616,-0.0003206123074051062,64
pre_selector,32,0,1.0842021724855044e-19,1.4019962879944694e-17,1.4019962879944694e-17,0.5,-0.0038834729566587832,0.003883472956658784,64
pre_selector,28,21,-2.0328790734103208e-20,-1.4004807547368792e-17,1.4004807547368792e-17,0.5,-0.000866648995724952,0.000866648995724952,64
pre_selector,8,9,-6.776263578034403e-21,-1.4000412966347465e-17,1.4000412966347465e-17,0.5,-7.028186701062516e-06,7.028186701062502e-06,64
pre_selector,19,6,-2.168404344971009e-19,-1.3970457739658497e-17,1.3970457739658497e-17,0.5,0.0010880150657612778,-0.0010880150657612774,64
pre_selector,30,0,-1.6263032587282567e-19,-1.3872031914092388e-17,1.3872031914092388e-17,0.5,-0.002983332902658734,0.002983332902658735,64
pre_selector,32,15,5.421010862427522e-20,1.3811685972840045e-17,1.3811685972840045e-17,0.5,-0.0005161666158528531,0.0005161666158528532,64
pre_selector,22,0,1.0842021724855044e-19,1.3748430243038778e-17,1.3748430243038778e-17,0.5,-0.0007253819203469874,0.0007253819203469875,64
pre_selector,1,9,2.168404344971009e-19,1.3726000303089605e-17,1.3726000303089605e-17,0.5,0.00035581486008596846,-0.00035581486008596846,64
pre_selector,5,18,-3.3881317890172014e-21,-1.3716930042695572e-17,1.3716930042695572e-17,0.5,-3.2376963190472655e-05,3.237696319047265e-05,64
pre_selector,10,4,1.3552527156068805e-20,1.3679665518534788e-17,1.3679665518534788e-17,0.5,0.00013661728849001428,-0.00013661728849001428,64
pre_selector,13,3,4.0657581468206416e-20,1.3676957523406733e-17,1.3676957523406733e-17,0.5,-9.705141565057328e-06,9.705141565057382e-06,64
pre_selector,22,20,-1.0842021724855044e-19,-1.3668174386672634e-17,1.3668174386672634e-17,0.5,0.004336761310696588,-0.004336761310696587,64
pre_selector,9,5,2.710505431213761e-20,1.3667008960015262e-17,1.3667008960015262e-17,0.5,0.0006143802129372438,-0.0006143802129372437,64
pre_selector,29,14,-2.710505431213761e-20,-1.366643142158463e-17,1.366643142158463e-17,0.5,-0.00016223054626605878,0.00016223054626605878,64
pre_selector,0,25,5.421010862427522e-20,1.3664928026204589e-17,1.3664928026204589e-17,0.5,0.0011552011765161299,-0.0011552011765161299,64
pre_selector,31,28,4.336808689942018e-19,1.3633742917081547e-17,1.3633742917081547e-17,0.5,-0.006022352841682744,0.006022352841682744,64
pre_selector,33,5,-6.776263578034403e-21,-1.3628423084604228e-17,1.3628423084604228e-17,0.5,-0.00012509767293521863,0.00012509767293521866,64
pre_selector,3,12,1.0842021724855044e-19,1.3618004181654944e-17,1.3618004181654944e-17,0.5,-0.0014005200135329598,0.0014005200135329598,64
pre_selector,7,18,-1.6940658945086007e-21,-1.360099980958668e-17,1.360099980958668e-17,0.5,-8.093860628832098e-06,8.093860628832101e-06,64
pre_selector,34,9,5.421010862427522e-20,1.3595785639177948e-17,1.3595785639177948e-17,0.5,-2.2110813006290616e-05,2.2110813006290643e-05,64
pre_selector,30,10,-1.3552527156068805e-20,-1.3587882570638058e-17,1.3587882570638058e-17,0.5,-0.00017883225154945905,0.00017883225154945902,64
pre_selector,29,8,-1.3552527156068805e-20,-1.3584716538985244e-17,1.3584716538985244e-17,0.5,-0.0005450274993563305,0.0005450274993563304,64
pre_selector,17,16,2.0328790734103208e-20,1.355731387207115e-17,1.355731387207115e-17,0.5,0.00048280813643939845,-0.00048280813643939845,64
pre_selector,1,0,-1.0842021724855044e-19,-1.3506737750366528e-17,1.3506737750366528e-17,0.5,-0.0003180041785526655,0.0003180041785526657,64
pre_selector,21,23,2.168404344971009e-19,1.3505572901510517e-17,1.3505572901510517e-17,0.5,0.00021814368665219047,-0.0002181436866521909,64
pre_selector,20,22,-4.336808689942018e-19,-1.3477672890745735e-17,1.3477672890745735e-17,0.5,0.007289805886102841,-0.00728980588610284,64
pre_selector,32,31,-1.3552527156068805e-20,-1.3454770449678786e-17,1.3454770449678786e-17,0.5,-0.00033372760663041563,0.00033372760663041563,64
pre_selector,4,24,5.421010862427522e-20,1.3338298348578806e-17,1.3338298348578806e-17,0.5,-0.0006994869390837328,0.0006994869390837329,64
pre_selector,17,8,2.710505431213761e-20,1.3330197477727967e-17,1.3330197477727967e-17,0.5,0.00027125619999422506,-0.00027125619999422506,64
pre_selector,23,23,-1.0842021724855044e-19,-1.3315089046686982e-17,1.3315089046686982e-17,0.5,0.0029177287069614873,-0.0029177287069614873,64
pre_selector,25,5,1.3552527156068805e-20,1.3313186424890575e-17,1.3313186424890575e-17,0.5,2.8865644708284387e-05,-2.886564470828436e-05,64
pre_selector,1,23,1.0842021724855044e-19,1.3264462428841803e-17,1.3264462428841803e-17,0.5,0.000346435190294875,-0.0003464351902948751,64
pre_selector,0,0,-1.6263032587282567e-19,-1.3258395982888668e-17,1.3258395982888668e-17,0.5,-0.004510214726906259,0.004510214726906259,64
pre_selector,19,10,-5.421010862427522e-20,-1.3255760801614647e-17,1.3255760801614647e-17,0.5,-0.0006183496734593064,0.0006183496734593064,64
pre_selector,6,14,-1.0842021724855044e-19,-1.324280714983762e-17,1.324280714983762e-17,0.5,-0.0014644195953223975,0.0014644195953223975,64
pre_selector,20,0,-8.131516293641283e-20,-1.3196422486582207e-17,1.3196422486582207e-17,0.5,0.0014218828328011943,-0.001421882832801194,64
pre_selector,20,10,-2.0328790734103208e-20,-1.3194349653763113e-17,1.3194349653763113e-17,0.5,5.6233121540571324e-05,-5.623312154057135e-05,64
pre_selector,27,8,-5.421010862427522e-20,-1.3178621671832968e-17,1.3178621671832968e-17,0.5,-0.0020915700515615533,0.0020915700515615533,64
pre_selector,25,21,-1.3552527156068805e-20,-1.3124266801289327e-17,1.3124266801289327e-17,0.5,0.000230568250117338,-0.00023056825011733795,64
response_first,0,1,-6.776263578034403e-21,-1.308917340859359e-17,1.308917340859359e-17,0.5,6.0248729596431254e-05,-6.024872959643127e-05,64
pre_selector,17,21,1.6940658945086007e-21,1.2993748237947857e-17,1.2993748237947857e-17,0.5,-8.774735761108798e-06,8.774735761108798e-06,64
pre_selector,5,12,8.131516293641283e-20,1.2984058158678685e-17,1.2984058158678685e-17,0.5,-0.0011409299877414062,0.0011409299877414062,64
pre_selector,5,9,4.336808689942018e-19,1.2941763453221348e-17,1.2941763453221348e-17,0.5,-0.0017622463055886222,0.0017622463055886207,64
pre_selector,5,27,-2.168404344971009e-19,-1.2928869647343418e-17,1.2928869647343418e-17,0.5,-0.003166534021147514,0.0031665340211475134,64
pre_selector,15,17,1.6940658945086007e-21,1.2918665405036446e-17,1.2918665405036446e-17,0.5,-1.6991046521751546e-05,1.6991046521751543e-05,64
pre_selector,7,12,-2.710505431213761e-20,-1.286589212685741e-17,1.286589212685741e-17,0.5,-1.1253636330374957e-05,1.1253636330374971e-05,64
pre_selector,28,8,-2.710505431213761e-20,-1.2847668855325509e-17,1.2847668855325509e-17,0.5,-0.000372914176296037,0.0003729141762960369,64
pre_selector,12,12,-2.0328790734103208e-20,-1.2795174977548228e-17,1.2795174977548228e-17,0.5,-0.00016309700913552492,0.00016309700913552503,64
pre_selector,17,24,-2.710505431213761e-20,-1.2771162922055694e-17,1.2771162922055694e-17,0.5,0.0004363167390692797,-0.0004363167390692797,64
pre_selector,3,26,1.0842021724855044e-19,1.2733889867939716e-17,1.2733889867939716e-17,0.5,-0.0017765773609426012,0.001776577360942601,64
pre_selector,14,30,-2.541098841762901e-21,-1.2731388531468133e-17,1.2731388531468133e-17,0.5,-2.1160357391636336e-05,2.1160357391636336e-05,64
pre_selector,23,27,-6.776263578034403e-21,-1.2698833864341572e-17,1.2698833864341572e-17,0.5,5.69440121580504e-05,-5.6944012158050393e-05,64
pre_selector,13,5,5.421010862427522e-20,1.2603959020797848e-17,1.2603959020797848e-17,0.5,-0.000458587583125328,0.0004585875831253282,64
pre_selector,34,4,1.3552527156068805e-20,1.2594606528753365e-17,1.2594606528753365e-17,0.5,-0.00023935943045216558,0.00023935943045216558,64
pre_selector,11,7,-2.541098841762901e-21,-1.259248128556381e-17,1.259248128556381e-17,0.5,1.2064417205693067e-05,-1.2064417205693073e-05,64
pre_selector,1,20,2.710505431213761e-20,1.2570241103469355e-17,1.2570241103469355e-17,0.5,0.0003253058093832781,-0.0003253058093832781,64
pre_selector,8,3,-6.776263578034403e-21,-1.2564180170441038e-17,1.2564180170441038e-17,0.5,-8.97178579180009e-05,8.971785791800086e-05,64
pre_selector,20,19,2.710505431213761e-20,1.251750481848695e-17,1.251750481848695e-17,0.5,0.0004908131886622754,-0.0004908131886622754,64
pre_selector,7,5,-3.3881317890172014e-21,-1.2499507682760224e-17,1.2499507682760224e-17,0.5,-2.4825455795962073e-05,2.4825455795962073e-05,64
pre_selector,35,28,-1.0164395367051604e-20,-1.2474277283093161e-17,1.2474277283093161e-17,0.5,-0.00013345638762983318,0.00013345638762983318,64
pre_selector,2,1,-1.0842021724855044e-19,-1.2456269770264323e-17,1.2456269770264323e-17,0.5,-0.0010623549896990774,0.001062354989699077,64
pre_selector,13,18,1.3552527156068805e-20,1.2409789607941227e-17,1.2409789607941227e-17,0.5,0.00012258106653461562,-0.00012258106653461562,64
pre_selector,13,0,2.0328790734103208e-20,1.2362805777180605e-17,1.2362805777180605e-17,0.5,-0.000515857852178658,0.0005158578521786581,64
pre_selector,14,29,2.710505431213761e-20,1.2358722364110707e-17,1.2358722364110707e-17,0.5,0.0001019660012389031,-0.00010196600123890318,64
pre_selector,0,4,2.168404344971009e-19,1.2340008742546465e-17,1.2340008742546465e-17,0.5,-0.0007563092513009784,0.0007563092513009784,64
pre_selector,17,14,5.421010862427522e-20,1.2270399555557158e-17,1.2270399555557158e-17,0.5,0.0007066808711897405,-0.0007066808711897406,64
pre_selector,21,4,-6.776263578034403e-21,-1.2259474384208481e-17,1.2259474384208481e-17,0.5,8.730006766199483e-05,-8.73000676619948e-05,64
pre_selector,4,22,-5.421010862427522e-20,-1.2223179138018099e-17,1.2223179138018099e-17,0.5,-0.0028075370209989852,0.0028075370209989852,64
pre_selector,19,1,-2.710505431213761e-20,-1.2159922938750709e-17,1.2159922938750709e-17,0.5,-0.0005400031768658551,0.000540003176865855,64
pre_selector,29,25,-2.168404344971009e-19,-1.2085498894889908e-17,1.2085498894889908e-17,0.5,-0.011137280409457127,0.011137280409457129,64
pre_selector,35,20,-6.776263578034403e-21,-1.2047551051643437e-17,1.2047551051643437e-17,0.5,-0.00014852648928352703,0.00014852648928352703,64
pre_selector,10,19,-6.776263578034403e-21,-1.2020267002720262e-17,1.2020267002720262e-17,0.5,-6.129582652648232e-05,6.129582652648232e-05,64
pre_selector,28,1,-2.710505431213761e-20,-1.1991923358297675e-17,1.1991923358297675e-17,0.5,-0.000937916080147243,0.0009379160801472429,64
pre_selector,2,6,1.0842021724855044e-19,1.1962039914644432e-17,1.1962039914644432e-17,0.5,-0.0010311187215847812,0.0010311187215847816,64
pre_selector,31,9,-2.710505431213761e-20,-1.194555734163324e-17,1.194555734163324e-17,0.5,-0.0009604716015019124,0.0009604716015019124,64
pre_selector,17,27,-2.710505431213761e-20,-1.1935188795902167e-17,1.1935188795902167e-17,0.5,0.0002958801569548086,-0.0002958801569548086,64
pre_selector,33,30,1.6263032587282567e-19,1.1935017923317346e-17,1.1935017923317346e-17,0.5,-0.00446071798796765,0.00446071798796765,64
pre_selector,11,13,-1.3552527156068805e-20,-1.1904719425446759e-17,1.1904719425446759e-17,0.5,-3.72761860485561e-07,3.727618604855627e-07,64
pre_selector,17,4,-2.710505431213761e-20,-1.1857222641154334e-17,1.1857222641154334e-17,0.5,0.0007656244051758956,-0.0007656244051758956,64
pre_selector,28,9,-1.0842021724855044e-19,-1.1798425684465343e-17,1.1798425684465343e-17,0.5,-0.004720293864011143,0.004720293864011143,64
pre_selector,13,2,3.3881317890172014e-20,1.1784846230582559e-17,1.1784846230582559e-17,0.5,1.6294426131947034e-05,-1.6294426131947088e-05,64
pre_selector,23,0,-5.421010862427522e-20,-1.1776256051123978e-17,1.1776256051123978e-17,0.5,-0.0007968618592712996,0.0007968618592712996,64
pre_selector,25,1,-6.776263578034403e-21,-1.1765973070321232e-17,1.1765973070321232e-17,0.5,-2.263194483020467e-05,2.263194483020466e-05,64
pre_selector,19,7,1.3552527156068805e-20,1.171835223937252e-17,1.171835223937252e-17,0.5,-0.00028996666515013127,0.00028996666515013127,64
pre_selector,8,0,3.3881317890172014e-21,1.1715495870150969e-17,1.1715495870150969e-17,0.5,7.106243219822148e-05,-7.106243219822147e-05,64
pre_selector,9,8,2.710505431213761e-20,1.1594889972275488e-17,1.1594889972275488e-17,0.5,0.0004040564772367375,-0.00040405647723673756,64
pre_selector,34,25,-1.3552527156068805e-20,-1.1525473648095863e-17,1.1525473648095863e-17,0.5,0.00021653645490004792,-0.00021653645490004797,64
pre_selector,3,17,-1.3552527156068805e-20,-1.1480666035556029e-17,1.1480666035556029e-17,0.5,-0.0002220636638696751,0.00022206366386967507,64
pre_selector,0,8,1.0842021724855044e-19,1.1472762622938204e-17,1.1472762622938204e-17,0.5,-0.000528178781678419,0.0005281787816784186,64
pre_selector,25,20,5.082197683525802e-21,1.1460390573612308e-17,1.1460390573612308e-17,0.5,0.00018130459511665889,-0.00018130459511665883,64
pre_selector,11,30,3.3881317890172014e-21,1.1440685809683489e-17,1.1440685809683489e-17,0.5,-4.2053450897574166e-05,4.205345089757417e-05,64
pre_selector,31,19,-5.421010862427522e-20,-1.1438971119270887e-17,1.1438971119270887e-17,0.5,0.0001101803791243564,-0.00011018037912435634,64
pre_selector,14,7,2.710505431213761e-20,1.142943984595262e-17,1.142943984595262e-17,0.5,-0.00047298549725382816,0.00047298549725382816,64
pre_selector,11,18,1.3552527156068805e-20,1.1417192192654372e-17,1.1417192192654372e-17,0.5,-0.00010023452068708555,0.00010023452068708556,64
pre_selector,21,19,5.421010862427522e-20,1.1410750404277223e-17,1.1410750404277223e-17,0.5,0.0013398576302279218,-0.001339857630227922,64
pre_selector,11,2,5.421010862427522e-20,1.1395606334738425e-17,1.1395606334738425e-17,0.5,-0.0013019628822803389,0.0013019628822803389,64
pre_selector,34,5,1.0842021724855044e-19,1.1391548049255904e-17,1.1391548049255904e-17,0.5,-0.0029144085638108624,0.0029144085638108624,64
pre_selector,10,22,-1.6940658945086007e-21,-1.1375607634203869e-17,1.1375607634203869e-17,0.5,-3.1518391551791e-05,3.1518391551791e-05,64
pre_selector,2,28,-2.710505431213761e-20,-1.1344953267002477e-17,1.1344953267002477e-17,0.5,0.00012011961075585363,-0.00012011961075585357,64
pre_selector,2,30,8.131516293641283e-20,1.1336005854553913e-17,1.1336005854553913e-17,0.5,-0.0015934486436890469,0.0015934486436890469,64
pre_selector,20,18,-2.710505431213761e-20,-1.133029659782392e-17,1.133029659782392e-17,0.5,0.0006971639440962387,-0.0006971639440962387,64
pre_selector,11,27,6.776263578034403e-21,1.1329148198839894e-17,1.1329148198839894e-17,0.5,-8.01373857939257e-06,8.01373857939257e-06,64
pre_selector,4,7,2.168404344971009e-19,1.1299580499778204e-17,1.1299580499778204e-17,0.5,-0.0025103435627897835,0.0025103435627897835,64
pre_selector,24,7,5.421010862427522e-20,1.1284930576740707e-17,1.1284930576740707e-17,0.5,6.167784704303543e-05,-6.16778470430351e-05,64
pre_selector,31,3,-3.3881317890172014e-20,-1.1283488457980842e-17,1.1283488457980842e-17,0.5,-0.0007364050834439657,0.0007364050834439657,64
pre_selector,24,8,-2.168404344971009e-19,-1.1265347792775194e-17,1.1265347792775194e-17,0.5,-0.005129117387696153,0.005129117387696154,64
pre_selector,21,26,-5.421010862427522e-20,-1.1236927146149083e-17,1.1236927146149083e-17,0.5,0.0011547258072823626,-0.0011547258072823626,64
pre_selector,34,13,-8.470329472543003e-22,-1.1236679111145395e-17,1.1236679111145395e-17,0.5,-9.62589660957873e-06,9.62589660957873e-06,64
pre_selector,21,20,5.421010862427522e-20,1.1227309278706808e-17,1.1227309278706808e-17,0.5,-0.0012834075168939112,0.0012834075168939112,64
pre_selector,19,27,-6.776263578034403e-21,-1.1192375139182553e-17,1.1192375139182553e-17,0.5,3.5232504160385597e-05,-3.52325041603856e-05,64
pre_selector,26,4,-5.421010862427522e-20,-1.1183335837338332e-17,1.1183335837338332e-17,0.5,-0.00026328341482440313,0.0002632834148244029,64
pre_selector,9,2,-6.776263578034403e-21,-1.1168158428387267e-17,1.1168158428387267e-17,0.5,0.0002134742953785234,-0.0002134742953785234,64
pre_selector,29,16,-1.3552527156068805e-20,-1.1131593183108687e-17,1.1131593183108687e-17,0.5,-0.0006915721678524128,0.000691572167852413,64
pre_selector,31,16,3.3881317890172014e-21,1.1105447143242634e-17,1.1105447143242634e-17,0.5,-3.0829887691675696e-06,3.0829887691675713e-06,64
pre_selector,11,26,1.6940658945086007e-21,1.1093824081423164e-17,1.1093824081423164e-17,0.5,-2.7328046826369035e-05,2.732804682636904e-05,64
pre_selector,19,14,-2.168404344971009e-19,-1.1063556025797477e-17,1.1063556025797477e-17,0.5,0.0002820418158080472,-0.0002820418158080472,64
pre_selector,9,31,-1.6940658945086007e-21,-1.1031585071042197e-17,1.1031585071042197e-17,0.5,2.848717549142137e-05,-2.848717549142137e-05,64
pre_selector,16,22,-5.421010862427522e-20,-1.102123763208326e-17,1.102123763208326e-17,0.5,0.002155180496629319,-0.002155180496629319,64
pre_selector,20,27,2.710505431213761e-20,1.100581350580688e-17,1.100581350580688e-17,0.5,0.0007441941925207891,-0.0007441941925207889,64
pre_selector,14,12,-6.776263578034403e-21,-1.0997320409782615e-17,1.0997320409782615e-17,0.5,4.761600757774022e-05,-4.761600757774023e-05,64
pre_selector,34,11,-6.776263578034403e-21,-1.0988037869081705e-17,1.0988037869081705e-17,0.5,-6.19445572738201e-05,6.194455727382008e-05,64
pre_selector,13,29,8.470329472543003e-22,1.0974973254410353e-17,1.0974973254410353e-17,0.5,4.6491708474161804e-06,-4.6491708474161804e-06,64
pre_selector,15,19,1.3552527156068805e-20,1.09397757345547e-17,1.09397757345547e-17,0.5,0.00047701119410702186,-0.00047701119410702186,64
pre_selector,23,20,-2.710505431213761e-20,-1.0894393447278682e-17,1.0894393447278682e-17,0.5,0.0009323642625531539,-0.0009323642625531539,64
pre_selector,4,1,-1.0842021724855044e-19,-1.0872411698057726e-17,1.0872411698057726e-17,0.5,-0.002131613415258456,0.0021316134152584557,64
pre_selector,5,6,-1.0842021724855044e-19,-1.0860195413291047e-17,1.0860195413291047e-17,0.5,-0.0019527706090229843,0.001952770609022984,64
pre_selector,3,13,1.0842021724855044e-19,1.0856431456357493e-17,1.0856431456357493e-17,0.5,-0.0019135947918584781,0.0019135947918584781,64
pre_selector,11,25,1.6940658945086007e-21,1.0837575972710187e-17,1.0837575972710187e-17,0.5,2.403130292805146e-05,-2.4031302928051452e-05,64
pre_selector,29,7,1.0842021724855044e-19,1.080720918047619e-17,1.080720918047619e-17,0.5,-0.0029209914719103684,0.002920991471910369,64
pre_selector,29,11,-1.0842021724855044e-19,-1.0751871736739817e-17,1.0751871736739817e-17,0.5,-0.004424739198839215,0.0044247391988392155,64
pre_selector,8,7,2.710505431213761e-20,1.0748294555064854e-17,1.0748294555064854e-17,0.5,0.00013519109052139062,-0.00013519109052139065,64
pre_selector,2,20,1.0842021724855044e-19,1.0733672016163991e-17,1.0733672016163991e-17,0.5,-0.001807401940823179,0.0018074019408231793,64
pre_selector,0,31,1.0842021724855044e-19,1.0644149987584388e-17,1.0644149987584388e-17,0.5,9.624689846532793e-05,-9.624689846532853e-05,64
pre_selector,8,10,1.0164395367051604e-20,1.0621905649326954e-17,1.0621905649326954e-17,0.5,-1.8817609088851532e-06,1.8817609088851261e-06,64
pre_selector,21,31,5.421010862427522e-20,1.0560013930927697e-17,1.0560013930927697e-17,0.5,-5.881126708117817e-05,5.8811267081178005e-05,64
pre_selector,1,11,2.710505431213761e-20,1.0536937795280372e-17,1.0536937795280372e-17,0.5,-0.0002477087691659032,0.0002477087691659032,64
pre_selector,15,9,1.3552527156068805e-20,1.051847881083861e-17,1.051847881083861e-17,0.5,0.00014913269478710435,-0.00014913269478710438,64
pre_selector,8,5,-1.6940658945086007e-21,-1.0515133999393778e-17,1.0515133999393778e-17,0.5,-5.2200553767525415e-05,5.2200553767525415e-05,64
pre_selector,10,9,5.421010862427522e-20,1.0511582039739959e-17,1.0511582039739959e-17,0.5,-0.0028599816432688064,0.0028599816432688064,64
pre_selector,15,21,-3.3881317890172014e-21,-1.048612918191661e-17,1.048612918191661e-17,0.5,2.6990292099071653e-05,-2.6990292099071667e-05,64
pre_selector,32,21,1.3552527156068805e-20,1.0480435271294761e-17,1.0480435271294761e-17,0.5,-0.00018749469745671143,0.00018749469745671135,64
pre_selector,16,28,-5.421010862427522e-20,-1.0476458987685933e-17,1.0476458987685933e-17,0.5,0.0020572219655150305,-0.0020572219655150305,64
pre_selector,1,12,-8.131516293641283e-20,-1.0449147029118703e-17,1.0449147029118703e-17,0.5,-0.001446359819965434,0.0014463598199654345,64
pre_selector,8,14,3.3881317890172014e-21,1.0408685681694478e-17,1.0408685681694478e-17,0.5,9.90898229247386e-06,-9.90898229247387e-06,64
pre_selector,33,22,-2.710505431213761e-20,-1.036641457303964e-17,1.036641457303964e-17,0.5,-0.0009824472872423842,0.0009824472872423842,64
pre_selector,30,6,-2.710505431213761e-20,-1.0352511823199076e-17,1.0352511823199076e-17,0.5,-0.001148899476902426,0.001148899476902426,64
pre_selector,34,22,-1.6940658945086007e-21,-1.0349142202524853e-17,1.0349142202524853e-17,0.5,-3.161496033498581e-05,3.1614960334985815e-05,64
pre_selector,20,12,-2.710505431213761e-20,-1.0309653431655176e-17,1.0309653431655176e-17,0.5,0.0012967052534804428,-0.0012967052534804428,64
pre_selector,19,21,1.3552527156068805e-20,1.0302599803401967e-17,1.0302599803401967e-17,0.5,0.00044081777377867,-0.00044081777377867,64
pre_selector,17,15,1.3552527156068805e-20,1.0291580883442689e-17,1.0291580883442689e-17,0.5,-0.00047113378332140095,0.00047113378332140095,64
pre_selector,31,13,-2.168404344971009e-19,-1.0282824014826314e-17,1.0282824014826314e-17,0.5,-0.007857170923671195,0.007857170923671195,64
pre_selector,16,11,1.3552527156068805e-20,1.0278052418918067e-17,1.0278052418918067e-17,0.5,-0.000282874791082575,0.000282874791082575,64
pre_selector,24,27,5.421010862427522e-20,1.0264990469032929e-17,1.0264990469032929e-17,0.5,0.0004039670457131959,-0.000403967045713196,64
pre_selector,25,8,2.710505431213761e-20,1.0250634746824323e-17,1.0250634746824323e-17,0.5,0.0006824090505688273,-0.0006824090505688274,64
pre_selector,17,31,-4.235164736271502e-22,-1.0234520960597149e-17,1.0234520960597149e-17,0.5,1.1318626292220837e-05,-1.1318626292220837e-05,64
pre_selector,1,8,3.3881317890172014e-20,1.0232582334477879e-17,1.0232582334477879e-17,0.5,-0.00035588793980422505,0.00035588793980422505,64
pre_selector,15,29,-1.6940658945086007e-21,-1.0208391835017604e-17,1.0208391835017604e-17,0.5,-9.44752548549004e-06,9.447525485490045e-06,64
pre_selector,11,19,1.6940658945086007e-21,1.019320908441551e-17,1.019320908441551e-17,0.5,-8.155604859887565e-06,8.155604859887568e-06,64
pre_selector,32,2,1.0842021724855044e-19,1.0187165052219048e-17,1.0187165052219048e-17,0.5,-0.003767204063478839,0.0037672040634788386,64
pre_selector,14,6,-2.710505431213761e-20,-1.0173532256526255e-17,1.0173532256526255e-17,0.5,-0.00013060761921224062,0.00013060761921224065,64
pre_selector,25,30,1.0842021724855044e-19,1.0167722107590493e-17,1.0167722107590493e-17,0.5,-0.006097253513871666,0.006097253513871666,64
pre_selector,10,13,1.0842021724855044e-19,1.0141954657959875e-17,1.0141954657959875e-17,0.5,-6.61543017486029e-05,6.615430174860323e-05,64
pre_selector,0,24,5.421010862427522e-20,1.0136986242696996e-17,1.0136986242696996e-17,0.5,-0.00019023841014130922,0.00019023841014130917,64
pre_selector,6,12,1.3552527156068805e-20,1.012775125453902e-17,1.012775125453902e-17,0.5,-0.0005052786527812581,0.0005052786527812581,64
pre_selector,29,15,5.421010862427522e-20,1.0108019076861196e-17,1.0108019076861196e-17,0.5,-0.0031898818961053283,0.0031898818961053283,64
pre_selector,23,9,-2.710505431213761e-20,-1.0103140626070837e-17,1.0103140626070837e-17,0.5,0.0002934401636593925,-0.0002934401636593925,64
pre_selector,6,25,2.710505431213761e-20,1.0055330622250066e-17,1.0055330622250066e-17,0.5,-0.0007959973372635261,0.0007959973372635261,64
pre_selector,25,24,1.0842021724855044e-19,1.0041195392388028e-17,1.0041195392388028e-17,0.5,0.0009121016587414414,-0.000912101658741441,64
pre_selector,9,18,1.6940658945086007e-21,1.0034843344893298e-17,1.0034843344893298e-17,0.5,-2.366326093294907e-05,2.366326093294907e-05,64
pre_selector,5,14,5.421010862427522e-20,1.0007441394437227e-17,1.0007441394437227e-17,0.5,-0.0003482276406430126,0.0003482276406430128,64
pre_selector,11,9,-5.293955920339377e-23,-9.982477191407391e-18,9.982477191407391e-18,0.5,3.428899830737463e-07,-3.428899830737463e-07,64
pre_selector,11,31,5.421010862427522e-20,9.980317488233848e-18,9.980317488233848e-18,0.5,0.0006886611117806771,-0.0006886611117806771,64
pre_selector,23,2,-5.082197683525802e-21,-9.89812147818566e-18,9.89812147818566e-18,0.5,8.56796132211483e-05,-8.56796132211483e-05,64
pre_selector,12,4,-1.0842021724855044e-19,-9.853845157255841e-18,9.853845157255841e-18,0.5,-0.002319631577847753,0.002319631577847753,64
pre_selector,31,11,-1.3552527156068805e-20,-9.839071771325525e-18,9.839071771325525e-18,0.5,-8.241720570367333e-05,8.241720570367338e-05,64
pre_selector,7,17,2.541098841762901e-21,9.806154018526528e-18,9.806154018526528e-18,0.5,-2.0805945268874414e-05,2.0805945268874407e-05,64
pre_selector,24,11,8.131516293641283e-20,9.75717421029445e-18,9.75717421029445e-18,0.5,-0.0007311288645723815,0.0007311288645723813,64
pre_selector,16,21,-8.131516293641283e-20,-9.741872274367963e-18,9.741872274367963e-18,0.5,0.005377510184189284,-0.005377510184189284,64
pre_selector,35,10,5.421010862427522e-20,9.706755632935627e-18,9.706755632935627e-18,0.5,-0.000256499042734503,0.0002564990427345029,64
pre_selector,16,10,2.710505431213761e-20,9.68918455302374e-18,9.68918455302374e-18,0.5,0.00015786966650920621,-0.00015786966650920627,64
pre_selector,16,18,-1.3552527156068805e-20,-9.673003451110484e-18,9.673003451110484e-18,0.5,0.0006834604137111251,-0.0006834604137111249,64
pre_selector,29,13,5.421010862427522e-20,9.665753694963053e-18,9.665753694963053e-18,0.5,-0.0026927785547741024,0.002692778554774102,64
pre_selector,31,7,-5.421010862427522e-20,-9.664392320176113e-18,9.664392320176113e-18,0.5,-0.0016099152817332563,0.0016099152817332563,64
pre_selector,34,8,-1.3552527156068805e-20,-9.651292427492748e-18,9.651292427492748e-18,0.5,7.295327304745587e-05,-7.29532730474559e-05,64
pre_selector,6,9,-6.776263578034403e-21,-9.646424418010718e-18,9.646424418010718e-18,0.5,-0.00039300181742871117,0.00039300181742871117,64
pre_selector,30,18,2.710505431213761e-20,9.641489488981789e-18,9.641489488981789e-18,0.5,-0.0015616687414876469,0.001561668741487647,64
pre_selector,6,5,1.3552527156068805e-20,9.61394302435351e-18,9.61394302435351e-18,0.5,-0.00011925180297111923,0.00011925180297111923,64
pre_selector,13,4,-1.3552527156068805e-20,-9.602411436635603e-18,9.602411436635603e-18,0.5,-1.3818722436553087e-05,1.3818722436553094e-05,64
pre_selector,27,21,-6.776263578034403e-21,-9.557403014305726e-18,9.557403014305726e-18,0.5,-1.492870069350001e-06,1.492870069349974e-06,64
pre_selector,3,5,-1.0842021724855044e-19,-9.544770713994085e-18,9.544770713994085e-18,0.5,-0.0017371729644715139,0.0017371729644715137,64
pre_selector,11,8,1.6940658945086007e-21,9.521134720806368e-18,9.521134720806368e-18,0.5,1.4447456578637076e-05,-1.4447456578637083e-05,64
pre_selector,8,8,-1.3552527156068805e-20,-9.50793310433116e-18,9.50793310433116e-18,0.5,0.00025897523119054744,-0.00025897523119054744,64
pre_selector,15,28,1.3552527156068805e-20,9.502967409197772e-18,9.502967409197772e-18,0.5,-3.327917238494687e-05,3.327917238494686e-05,64
pre_selector,16,14,-2.710505431213761e-20,-9.49741446518255e-18,9.49741446518255e-18,0.5,0.0005514536678674663,-0.0005514536678674664,64
pre_selector,35,16,5.082197683525802e-21,9.481663459210199e-18,9.481663459210199e-18,0.5,-6.5245631958525e-05,6.524563195852502e-05,64
pre_selector,22,12,6.776263578034403e-21,9.468472463678435e-18,9.468472463678435e-18,0.5,3.7367019103827444e-05,-3.736701910382745e-05,64
pre_selector,5,22,1.0842021724855044e-19,9.432445389757706e-18,9.432445389757706e-18,0.5,-0.0020064675022694912,0.0020064675022694912,64
pre_selector,18,2,6.776263578034403e-21,9.416664199779199e-18,9.416664199779199e-18,0.5,-0.0001358251847705094,0.0001358251847705094,64
pre_selector,19,5,-6.776263578034403e-21,-9.396048230750996e-18,9.396048230750996e-18,0.5,3.1577468689658684e-05,-3.15774686896587e-05,64
pre_selector,10,30,-3.3881317890172014e-21,-9.387469485113941e-18,9.387469485113941e-18,0.5,8.031671313800168e-06,-8.031671313800171e-06,64
pre_selector,11,22,1.6940658945086007e-21,9.271237285302543e-18,9.271237285302543e-18,0.5,-2.61879167737716e-05,2.6187916773771595e-05,64
pre_selector,27,28,-9.486769009248164e-20,-9.268938531503111e-18,9.268938531503111e-18,0.5,-0.0023353626856987787,0.0023353626856987796,64
pre_selector,1,7,-5.421010862427522e-20,-9.241627023508481e-18,9.241627023508481e-18,0.5,0.00027871984639205315,-0.0002787198463920532,64
pre_selector,14,17,-1.3552527156068805e-20,-9.23682541504857e-18,9.23682541504857e-18,0.5,-0.0007335805785259888,0.0007335805785259888,64
pre_selector,34,20,4.235164736271502e-22,9.23430493649347e-18,9.23430493649347e-18,0.5,-1.7393680082020092e-05,1.7393680082020092e-05,64
pre_selector,9,27,6.776263578034403e-21,9.196336209948891e-18,9.196336209948891e-18,0.5,-0.00019865268768625314,0.0001986526876862531,64
pre_selector,16,0,6.776263578034403e-21,9.183682826410875e-18,9.183682826410875e-18,0.5,0.00014719346597756114,-0.00014719346597756117,64
pre_selector,32,17,6.776263578034403e-21,9.177952352858579e-18,9.177952352858579e-18,0.5,-1.5213186998158896e-05,1.5213186998158906e-05,64
pre_selector,12,24,-5.082197683525802e-21,-9.159220318964212e-18,9.159220318964212e-18,0.5,-7.388921653728399e-05,7.388921653728402e-05,64
pre_selector,12,28,2.371692252312041e-20,9.14975965077234e-18,9.14975965077234e-18,0.5,-0.0003886601521116894,0.00038866015211168933,64
pre_selector,14,1,-6.776263578034403e-21,-9.12295629259861e-18,9.12295629259861e-18,0.5,-2.0016481357743737e-05,2.0016481357743764e-05,64
pre_selector,29,18,-1.3552527156068805e-20,-9.10555345425625e-18,9.10555345425625e-18,0.5,-0.00027808871527667547,0.00027808871527667536,64
pre_selector,11,6,1.3552527156068805e-20,9.105435271369094e-18,9.105435271369094e-18,0.5,-0.0005707741315745672,0.0005707741315745673,64
pre_selector,35,24,2.710505431213761e-20,9.099536693228724e-18,9.099536693228724e-18,0.5,-0.0003238674726162563,0.0003238674726162563,64
pre_selector,24,9,-5.421010862427522e-20,-9.069689837774826e-18,9.069689837774826e-18,0.5,-0.0004423217396833937,0.0004423217396833937,64
pre_selector,4,9,-1.0842021724855044e-19,-9.057734209216281e-18,9.057734209216281e-18,0.5,-0.0028825562867495773,0.0028825562867495777,64
pre_selector,2,15,-4.0657581468206416e-20,-9.032951461763666e-18,9.032951461763666e-18,0.5,-0.00199555350991429,0.00199555350991429,64
pre_selector,0,15,6.776263578034403e-21,9.014556349034467e-18,9.014556349034467e-18,0.5,-0.00014978289436840003,0.00014978289436840003,64
pre_selector,5,25,1.0842021724855044e-19,9.009751849181233e-18,9.009751849181233e-18,0.5,-0.0023874239395809092,0.0023874239395809097,64
pre_selector,10,18,-6.776263578034403e-21,-8.975724044648778e-18,8.975724044648778e-18,0.5,3.297752209618867e-05,-3.2977522096188676e-05,64
pre_selector,31,6,5.421010862427522e-20,8.951651227212381e-18,8.951651227212381e-18,0.5,-0.0025126949549303277,0.002512694954930328,64
pre_selector,25,4,2.710505431213761e-20,8.9441951918419e-18,8.9441951918419e-18,0.5,-0.000516214855451825,0.000516214855451825,64
pre_selector,23,8,2.0328790734103208e-20,8.941932209456035e-18,8.941932209456035e-18,0.5,0.0011093444627476644,-0.0011093444627476644,64
pre_selector,10,10,1.3552527156068805e-20,8.917953879359965e-18,8.917953879359965e-18,0.5,-0.00029113005984980915,0.0002911300598498091,64
pre_selector,20,5,-2.710505431213761e-20,-8.899818275658642e-18,8.899818275658642e-18,0.5,-0.00021860063316126252,0.00021860063316126235,64
pre_selector,10,2,3.3881317890172014e-21,8.899443565491498e-18,8.899443565491498e-18,0.5,1.897369565995915e-05,-1.8973695659959145e-05,64
pre_selector,8,20,-3.3881317890172014e-21,-8.852327070894154e-18,8.852327070894154e-18,0.5,-2.8638862659143334e-05,2.8638862659143317e-05,64
pre_selector,33,28,5.421010862427522e-20,8.835098801697738e-18,8.835098801697738e-18,0.5,-0.0015248710260493603,0.0015248710260493607,64
pre_selector,30,13,5.082197683525802e-21,8.817287464198941e-18,8.817287464198941e-18,0.5,-5.63338371648475e-05,5.6333837164847486e-05,64
pre_selector,17,17,-5.421010862427522e-20,-8.814476278730793e-18,8.814476278730793e-18,0.5,0.0034748768157441875,-0.0034748768157441875,64
pre_selector,35,29,1.3552527156068805e-20,8.813919370593907e-18,8.813919370593907e-18,0.5,0.0003076778120884976,-0.0003076778120884976,64
pre_selector,15,22,3.3881317890172014e-21,8.806414276699983e-18,8.806414276699983e-18,0.5,1.229831059390902e-05,-1.2298310593909034e-05,64
pre_selector,27,19,-4.0657581468206416e-20,-8.795367629954439e-18,8.795367629954439e-18,0.5,0.0007911958564363892,-0.0007911958564363892,64
pre_selector,22,31,2.168404344971009e-19,8.785203314730053e-18,8.785203314730053e-18,0.5,0.0010368248622398728,-0.001036824862239872,64
pre_selector,28,2,5.421010862427522e-20,8.774415899993348e-18,8.774415899993348e-18,0.5,-0.0034873072363552408,0.0034873072363552408,64
pre_selector,35,14,1.3552527156068805e-20,8.743282211848946e-18,8.743282211848946e-18,0.5,-0.00024388167003052286,0.0002438816700305228,64
pre_selector,13,7,-1.3552527156068805e-20,-8.732444301931498e-18,8.732444301931498e-18,0.5,-7.978935900608754e-05,7.978935900608753e-05,64
pre_selector,23,24,5.421010862427522e-20,8.72708323336965e-18,8.72708323336965e-18,0.5,0.0021298026913427626,-0.0021298026913427626,64
pre_selector,2,19,-2.710505431213761e-20,-8.704370344530063e-18,8.704370344530063e-18,0.5,-0.000998293784505222,0.0009982937845052218,64
pre_selector,27,15,-2.0328790734103208e-20,-8.703045507363476e-18,8.703045507363476e-18,0.5,-0.0013632303016492863,0.0013632303016492863,64
pre_selector,15,25,1.3552527156068805e-20,8.653951285779894e-18,8.653951285779894e-18,0.5,3.250854933867417e-05,-3.250854933867421e-05,64
pre_selector,8,30,8.470329472543003e-22,8.645975987087849e-18,8.645975987087849e-18,0.5,2.0593817453115046e-05,-2.059381745311505e-05,64
pre_selector,9,7,-4.235164736271502e-22,-8.641538936335072e-18,8.641538936335072e-18,0.5,9.548512480250535e-06,-9.548512480250535e-06,64
pre_selector,19,18,6.776263578034403e-21,8.629995618001431e-18,8.629995618001431e-18,0.5,-1.9265509763489876e-05,1.9265509763489856e-05,64
pre_selector,34,23,-4.235164736271502e-22,-8.611943796129957e-18,8.611943796129957e-18,0.5,-1.2853500550134885e-05,1.2853500550134885e-05,64
pre_selector,17,19,-1.3552527156068805e-20,-8.604844523010524e-18,8.604844523010524e-18,0.5,7.846463267923792e-05,-7.846463267923794e-05,64
pre_selector,16,12,6.776263578034403e-21,8.588073189790833e-18,8.588073189790833e-18,0.5,0.00022282432473728176,-0.00022282432473728182,64
pre_selector,22,18,3.3881317890172014e-21,8.586874134793711e-18,8.586874134793711e-18,0.5,-8.430417392445055e-05,8.430417392445056e-05,64
pre_selector,4,5,1.3552527156068805e-20,8.584097827242052e-18,8.584097827242052e-18,0.5,-0.00019343140957061507,0.00019343140957061515,64
pre_selector,33,0,3.3881317890172014e-21,8.555344665847387e-18,8.555344665847387e-18,0.5,-6.131966983968778e-06,6.131966983968768e-06,64
pre_selector,0,10,1.0842021724855044e-19,8.535441259499915e-18,8.535441259499915e-18,0.5,-0.002334802367840891,0.0023348023678408905,64
pre_selector,11,11,-2.710505431213761e-20,-8.518643414267171e-18,8.518643414267171e-18,0.5,0.0003126679457636725,-0.00031266794576367254,64
pre_selector,1,17,1.3552527156068805e-20,8.504960498285732e-18,8.504960498285732e-18,0.5,-1.2210904969845311e-05,1.221090496984527e-05,64
pre_selector,8,22,3.3881317890172014e-21,8.50383592188414e-18,8.50383592188414e-18,0.5,-3.1923496862867174e-05,3.1923496862867174e-05,64
pre_selector,35,23,5.421010862427522e-20,8.491324958905594e-18,8.491324958905594e-18,0.5,-0.0007405175929306999,0.0007405175929307002,64
pre_selector,16,16,5.421010862427522e-20,8.463423630018014e-18,8.463423630018014e-18,0.5,-0.0009221218497259407,0.0009221218497259406,64
pre_selector,10,20,-1.3552527156068805e-20,-8.456378893768273e-18,8.456378893768273e-18,0.5,-5.3894014854453086e-05,5.389401485445314e-05,64
pre_selector,25,10,1.0842021724855044e-19,8.449354890143701e-18,8.449354890143701e-18,0.5,0.006067581838578899,-0.0060675818385789,64
pre_selector,29,3,-2.168404344971009e-19,-8.431370471085289e-18,8.431370471085289e-18,0.5,0.0027622060151770685,-0.0027622060151770685,64
pre_selector,31,10,2.710505431213761e-20,8.378814979073824e-18,8.378814979073824e-18,0.5,-0.0007614288770128063,0.0007614288770128063,64
pre_selector,30,5,-6.776263578034403e-21,-8.372349539488353e-18,8.372349539488353e-18,0.5,-0.0002113407708748115,0.0002113407708748115,64
pre_selector,32,20,-3.3881317890172014e-21,-8.347472561674857e-18,8.347472561674857e-18,0.5,-1.22774963528566e-06,1.227749635285643e-06,64
pre_selector,5,24,-1.0842021724855044e-19,-8.319996118406211e-18,8.319996118406211e-18,0.5,-0.0026198439263680246,0.002619843926368025,64
pre_selector,7,29,8.470329472543003e-22,8.305148502641033e-18,8.305148502641033e-18,0.5,-1.2388934010218994e-05,1.2388934010218994e-05,64
pre_selector,15,2,6.776263578034403e-21,8.301264944911181e-18,8.301264944911181e-18,0.5,7.449312397510383e-05,-7.449312397510379e-05,64
pre_selector,4,30,5.421010862427522e-20,8.268114631648394e-18,8.268114631648394e-18,0.5,-0.0014081370900385064,0.0014081370900385062,64
pre_selector,35,8,5.421010862427522e-20,8.251861272504823e-18,8.251861272504823e-18,0.5,0.00026357025490143473,-0.0002635702549014349,64
pre_selector,8,1,-3.3881317890172014e-21,-8.245573690049462e-18,8.245573690049462e-18,0.5,-2.583720902292513e-05,2.5837209022925125e-05,64
pre_selector,9,12,6.776263578034403e-21,8.238437470083726e-18,8.238437470083726e-18,0.5,0.0004412304915603938,-0.0004412304915603938,64
pre_selector,25,31,-2.710505431213761e-20,-8.223535499107416e-18,8.223535499107416e-18,0.5,4.812423867405315e-05,-4.812423867405326e-05,64
pre_selector,26,31,1.0842021724855044e-19,8.214243266356008e-18,8.214243266356008e-18,0.5,0.0030075782269704953,-0.0030075782269704953,64
pre_selector,32,30,-2.117582368135751e-22,-8.21205443196416e-18,8.21205443196416e-18,0.5,-7.266820773565996e-06,7.266820773565996e-06,64
pre_selector,24,14,-1.3552527156068805e-20,-8.204763973533601e-18,8.204763973533601e-18,0.5,-0.0001306622471020041,0.0001306622471020041,64
pre_selector,25,23,6.776263578034403e-21,8.188748776793883e-18,8.188748776793883e-18,0.5,-3.215666947653478e-05,3.2156669476534765e-05,64
pre_selector,5,0,-6.776263578034403e-21,-8.18790465847394e-18,8.18790465847394e-18,0.5,1.2410973795338458e-05,-1.2410973795338458e-05,64
pre_selector,3,0,-1.3552527156068805e-20,-8.116655748120826e-18,8.116655748120826e-18,0.5,-3.3185329812105064e-05,3.3185329812105064e-05,64
pre_selector,12,31,-6.776263578034403e-21,-8.112176312568364e-18,8.112176312568364e-18,0.5,2.6457962576384453e-05,-2.645796257638448e-05,64
pre_selector,8,24,-2.710505431213761e-20,-8.07860393328412e-18,8.07860393328412e-18,0.5,-9.328621672466251e-05,9.328621672466251e-05,64
pre_selector,4,18,1.0842021724855044e-19,8.060501986690961e-18,8.060501986690961e-18,0.5,-0.002456569867717897,0.0024565698677178967,64
pre_selector,29,6,2.0328790734103208e-20,8.019949837646614e-18,8.019949837646614e-18,0.5,-0.0013363553043745635,0.0013363553043745635,64
pre_selector,25,2,-3.3881317890172014e-21,-8.005956362321056e-18,8.005956362321056e-18,0.5,3.792361121668978e-05,-3.792361121668978e-05,64
pre_selector,14,23,1.3552527156068805e-20,7.975897854237113e-18,7.975897854237113e-18,0.5,0.00032809160984472016,-0.0003280916098447202,64
pre_selector,17,11,-5.421010862427522e-20,-7.969693026143536e-18,7.969693026143536e-18,0.5,0.0011137266119476343,-0.0011137266119476343,64
pre_selector,3,30,-1.0842021724855044e-19,-7.96320966749048e-18,7.96320966749048e-18,0.5,-0.0025730037496600523,0.0025730037496600523,64
pre_selector,21,1,3.3881317890172014e-21,7.955776607025038e-18,7.955776607025038e-18,0.5,9.057932857106257e-06,-9.05793285710625e-06,64
pre_selector,6,6,1.0842021724855044e-19,7.948018504716172e-18,7.948018504716172e-18,0.5,0.0007323041791096308,-0.0007323041791096312,64
pre_selector,22,10,-1.3552527156068805e-20,-7.935697813251588e-18,7.935697813251588e-18,0.5,0.00010683923210309497,-0.00010683923210309506,64
pre_selector,24,2,-6.776263578034403e-21,-7.885097383535172e-18,7.885097383535172e-18,0.5,-0.00033411320509912066,0.00033411320509912066,64
pre_selector,32,9,-1.3552527156068805e-20,-7.883445092011099e-18,7.883445092011099e-18,0.5,-0.00016052400314947265,0.0001605240031494726,64
pre_selector,18,23,-6.776263578034403e-21,-7.851395016639869e-18,7.851395016639869e-18,0.5,4.5470170789469816e-05,-4.5470170789469796e-05,64
pre_selector,16,26,-1.3552527156068805e-20,-7.798867465773882e-18,7.798867465773882e-18,0.5,0.00047113898108363085,-0.00047113898108363085,64
pre_selector,14,20,-2.710505431213761e-20,-7.782125991363672e-18,7.782125991363672e-18,0.5,0.0005009956075810039,-0.000500995607581004,64
pre_selector,28,15,2.710505431213761e-20,7.723933303571577e-18,7.723933303571577e-18,0.5,0.0012156669399700864,-0.0012156669399700862,64
pre_selector,3,25,1.0842021724855044e-19,7.721243946838786e-18,7.721243946838786e-18,0.5,-0.0024574537947046186,0.002457453794704619,64
pre_selector,0,5,5.421010862427522e-20,7.714807282665104e-18,7.714807282665104e-18,0.5,0.0007594308408442909,-0.0007594308408442904,64
pre_selector,31,25,-6.776263578034403e-21,-7.705263288489798e-18,7.705263288489798e-18,0.5,-0.0002313622276233125,0.0002313622276233125,64
pre_selector,13,9,2.710505431213761e-20,7.701222986713633e-18,7.701222986713633e-18,0.5,0.0012470181136450124,-0.0012470181136450126,64
pre_selector,21,17,4.0657581468206416e-20,7.700195682626077e-18,7.700195682626077e-18,0.5,0.0032775652289274,-0.0032775652289274,64
pre_selector,3,28,1.0842021724855044e-19,7.665173086235876e-18,7.665173086235876e-18,0.5,-0.0025809708274095876,0.0025809708274095876,64
pre_selector,3,1,-2.0328790734103208e-20,-7.659895958295065e-18,7.659895958295065e-18,0.5,0.0006498056463897,-0.0006498056463897001,64
pre_selector,5,5,2.710505431213761e-20,7.635137830209748e-18,7.635137830209748e-18,0.5,-0.0011555480232345661,0.001155548023234566,64
pre_selector,9,4,-2.117582368135751e-22,-7.543580570056822e-18,7.543580570056822e-18,0.5,-2.9270893264765195e-08,2.9270893264765195e-08,64
pre_selector,30,28,-1.3552527156068805e-20,-7.523747652259207e-18,7.523747652259207e-18,0.5,-3.4985530874106276e-05,3.498553087410625e-05,64
pre_selector,5,21,-1.0842021724855044e-19,-7.393465981074516e-18,7.393465981074516e-18,0.5,-0.002430963652159321,0.0024309636521593204,64
pre_selector,3,14,1.0842021724855044e-19,7.374101183169342e-18,7.374101183169342e-18,0.5,-0.0025866290654903276,0.002586629065490328,64
pre_selector,28,14,-3.3881317890172014e-21,-7.365173203264388e-18,7.365173203264388e-18,0.5,-0.00017082410613508824,0.00017082410613508827,64
pre_selector,9,9,-6.776263578034403e-21,-7.299489614254266e-18,7.299489614254266e-18,0.5,6.405437943613439e-05,-6.405437943613439e-05,64
pre_selector,9,20,-1.6940658945086007e-21,-7.287242657618719e-18,7.287242657618719e-18,0.5,4.417122909223416e-06,-4.417122909223416e-06,64
pre_selector,14,11,-6.776263578034403e-21,-7.26857413382264e-18,7.26857413382264e-18,0.5,2.0574449081321897e-05,-2.0574449081321863e-05,64
pre_selector,34,24,1.6940658945086007e-21,7.235774345988207e-18,7.235774345988207e-18,0.5,-4.805027060683927e-06,4.80502706068393e-06,64
pre_selector,6,21,1.3552527156068805e-20,7.233366103647635e-18,7.233366103647635e-18,0.5,-0.00020830069843214827,0.0002083006984321483,64
pre_selector,27,17,6.776263578034403e-21,7.213728473172091e-18,7.213728473172091e-18,0.5,-0.0004746613867609678,0.0004746613867609678,64
pre_selector,18,25,1.3552527156068805e-20,7.196808573465594e-18,7.196808573465594e-18,0.5,0.00015782966852383076,-0.0001578296685238308,64
pre_selector,13,24,3.3881317890172014e-21,7.191690727770287e-18,7.191690727770287e-18,0.5,-0.00011796742910518501,0.000117967429105185,64
pre_selector,24,19,8.131516293641283e-20,7.179432640475655e-18,7.179432640475655e-18,0.5,0.0024968273464764813,-0.0024968273464764817,64
pre_selector,4,0,1.0842021724855044e-19,7.172474788133225e-18,7.172474788133225e-18,0.5,-0.002802839082505663,0.0028028390825056626,64
pre_selector,19,2,-1.3552527156068805e-20,-7.169892216398507e-18,7.169892216398507e-18,0.5,0.0004545748670352499,-0.00045457486703525,64
pre_selector,20,20,-1.3552527156068805e-20,-7.137981272530094e-18,7.137981272530094e-18,0.5,0.0004985503765055853,-0.0004985503765055854,64
pre_selector,27,14,-1.3552527156068805e-20,-7.121517579383976e-18,7.121517579383976e-18,0.5,-0.0009421818986083763,0.0009421818986083763,64
pre_selector,23,26,2.710505431213761e-20,7.119043981863595e-18,7.119043981863595e-18,0.5,-0.0004267460317350871,0.0004267460317350872,64
pre_selector,12,14,-1.3552527156068805e-20,-7.106095195072907e-18,7.106095195072907e-18,0.5,3.912214742741435e-05,-3.912214742741435e-05,64
pre_selector,27,27,-1.3552527156068805e-20,-7.093467177523724e-18,7.093467177523724e-18,0.5,0.00029905665905970776,-0.0002990566590597078,64
pre_selector,34,1,5.421010862427522e-20,7.08066670109087e-18,7.08066670109087e-18,0.5,-0.0002511278798920187,0.0002511278798920189,64
pre_selector,13,6,-8.470329472543003e-22,-7.072329627588467e-18,7.072329627588467e-18,0.5,8.768484349270624e-06,-8.768484349270623e-06,64
pre_selector,6,20,-1.3552527156068805e-20,-7.056245423476509e-18,7.056245423476509e-18,0.5,-0.0003727450421138219,0.00037274504211382193,64
pre_selector,28,27,1.6940658945086007e-21,7.0433094411863e-18,7.0433094411863e-18,0.5,2.9072539291511545e-05,-2.9072539291511552e-05,64
pre_selector,29,29,-1.6940658945086007e-21,-7.040044260815246e-18,7.040044260815246e-18,0.5,4.215814897179505e-05,-4.215814897179504e-05,64
pre_selector,26,27,2.0328790734103208e-20,6.995198158066827e-18,6.995198158066827e-18,0.5,-0.0005661771847371656,0.0005661771847371656,64
pre_selector,21,13,6.776263578034403e-21,6.993572120951085e-18,6.993572120951085e-18,0.5,0.00011000676204276524,-0.00011000676204276526,64
pre_selector,19,11,-1.3552527156068805e-20,-6.976872927061336e-18,6.976872927061336e-18,0.5,0.0005667797595378757,-0.0005667797595378757,64
pre_selector,4,21,5.421010862427522e-20,6.9291660744728056e-18,6.9291660744728056e-18,0.5,4.133921902393445e-05,-4.133921902393445e-05,64
pre_selector,33,4,1.3552527156068805e-20,6.875524293778328e-18,6.875524293778328e-18,0.5,-0.0012729771806334262,0.001272977180633426,64
pre_selector,31,27,1.6940658945086007e-21,6.842896688841764e-18,6.842896688841764e-18,0.5,-3.670315823000975e-05,3.670315823000973e-05,64
pre_selector,6,29,-1.3552527156068805e-20,-6.79328932059266e-18,6.79328932059266e-18,0.5,-0.0005325271777109879,0.0005325271777109879,64
pre_selector,24,24,1.3552527156068805e-20,6.775599287778946e-18,6.775599287778946e-18,0.5,0.00043110263504786374,-0.00043110263504786384,64
pre_selector,33,23,-1.0842021724855044e-19,-6.770214140579585e-18,6.770214140579585e-18,0.5,-0.003136036357318516,0.0031360363573185155,64
pre_selector,30,9,-5.421010862427522e-20,-6.7485403915401576e-18,6.7485403915401576e-18,0.5,-0.0037788845511386024,0.0037788845511386032,64
pre_selector,4,2,-2.710505431213761e-20,-6.7275415059252864e-18,6.7275415059252864e-18,0.5,-0.0012257074140506869,0.0012257074140506869,64
pre_selector,9,0,-3.3881317890172014e-21,-6.705662335735422e-18,6.705662335735422e-18,0.5,0.00011347643044245888,-0.00011347643044245887,64
pre_selector,33,29,-5.421010862427522e-20,-6.693605335909627e-18,6.693605335909627e-18,0.5,-0.0028395378994900927,0.0028395378994900927,64
pre_selector,6,4,2.710505431213761e-20,6.661930603593099e-18,6.661930603593099e-18,0.5,-0.00019194863125448187,0.0001919486312544818,64
pre_selector,18,12,-1.6940658945086007e-21,-6.658257908586876e-18,6.658257908586876e-18,0.5,6.493466355550229e-05,-6.49346635555023e-05,64
pre_selector,27,18,5.421010862427522e-20,6.6491780057294944e-18,6.6491780057294944e-18,0.5,-0.0034634980765986087,0.003463498076598609,64
pre_selector,19,31,-1.3552527156068805e-20,-6.648105886153965e-18,6.648105886153965e-18,0.5,-1.4994424418542641e-05,1.4994424418542627e-05,64
pre_selector,4,14,1.0842021724855044e-19,6.641239608827564e-18,6.641239608827564e-18,0.5,-0.0025120220161625245,0.0025120220161625254,64
pre_selector,10,15,3.3881317890172014e-21,6.638433355336465e-18,6.638433355336465e-18,0.5,3.360677783346635e-05,-3.360677783346636e-05,64
pre_selector,18,13,6.776263578034403e-21,6.6282729763012e-18,6.6282729763012e-18,0.5,0.00048482623242305156,-0.0004848262324230516,64
pre_selector,8,12,6.776263578034403e-21,6.627354291861252e-18,6.627354291861252e-18,0.5,-6.883675632706249e-05,6.883675632706249e-05,64
pre_selector,12,10,1.3552527156068805e-20,6.61722644073696e-18,6.61722644073696e-18,0.5,-0.00035668648115460725,0.00035668648115460725,64
pre_selector,5,13,5.421010862427522e-20,6.611881245398225e-18,6.611881245398225e-18,0.5,-0.000935315081733291,0.0009353150817332909,64
pre_selector,16,3,-8.470329472543003e-22,-6.607627702707461e-18,6.607627702707461e-18,0.5,1.3369921369129087e-05,-1.3369921369129089e-05,64
pre_selector,25,15,-1.3552527156068805e-20,-6.603551486069112e-18,6.603551486069112e-18,0.5,7.03053628967594e-05,-7.03053628967593e-05,64
pre_selector,26,14,1.3552527156068805e-20,6.5952052741941955e-18,6.5952052741941955e-18,0.5,0.0003632646785263194,-0.0003632646785263195,64
pre_selector,21,29,-1.3552527156068805e-20,-6.5847010590518675e-18,6.5847010590518675e-18,0.5,-0.000603613138082435,0.000603613138082435,64
pre_selector,34,18,8.470329472543003e-22,6.5827455031651385e-18,6.5827455031651385e-18,0.5,2.1575000914701284e-05,-2.1575000914701277e-05,64
pre_selector,27,23,-6.776263578034403e-21,-6.572001367500235e-18,6.572001367500235e-18,0.5,-0.0001268315736524594,0.00012683157365245938,64
pre_selector,7,24,3.3881317890172014e-21,6.540596609487023e-18,6.540596609487023e-18,0.5,6.752266108378687e-05,-6.752266108378684e-05,64
pre_selector,6,24,6.776263578034403e-21,6.480960855928881e-18,6.480960855928881e-18,0.5,-6.747368024662839e-05,6.747368024662839e-05,64
pre_selector,1,2,-2.710505431213761e-20,-6.432293072986248e-18,6.432293072986248e-18,0.5,0.0005340249008440969,-0.0005340249008440969,64
pre_selector,29,30,1.6940658945086007e-21,6.4193545467941155e-18,6.4193545467941155e-18,0.5,3.581075588953576e-05,-3.581075588953576e-05,64
pre_selector,21,3,2.710505431213761e-20,6.3834968387568925e-18,6.3834968387568925e-18,0.5,-0.0002690803958103001,0.0002690803958103,64
pre_selector,17,30,4.235164736271502e-22,6.372011310563864e-18,6.372011310563864e-18,0.5,2.214307698977092e-05,-2.2143076989770917e-05,64
pre_selector,30,12,6.776263578034403e-21,6.37089453173236e-18,6.37089453173236e-18,0.5,0.00015121275964701891,-0.00015121275964701894,64
pre_selector,8,11,-2.710505431213761e-20,-6.342702072962676e-18,6.342702072962676e-18,0.5,-0.00045481843699234694,0.000454818436992347,64
pre_selector,19,13,-5.421010862427522e-20,-6.301408304817251e-18,6.301408304817251e-18,0.5,0.0032686771955922843,-0.0032686771955922848,64
pre_selector,22,6,2.710505431213761e-20,6.281553697848692e-18,6.281553697848692e-18,0.5,0.001387086471368091,-0.0013870864713680909,64
pre_selector,18,17,6.776263578034403e-21,6.27991536778009e-18,6.27991536778009e-18,0.5,-5.879860088953627e-05,5.879860088953625e-05,64
pre_selector,27,6,-3.3881317890172014e-21,-6.260425944788077e-18,6.260425944788077e-18,0.5,-0.00018543093960941902,0.00018543093960941904,64
pre_selector,5,28,-3.3881317890172014e-21,-6.257370375145926e-18,6.257370375145926e-18,0.5,-9.652510868817988e-05,9.652510868817988e-05,64
pre_selector,27,16,2.0328790734103208e-20,6.241821176846102e-18,6.241821176846102e-18,0.5,-0.0011180218498338837,0.0011180218498338835,64
pre_selector,9,23,3.3881317890172014e-21,6.163814345119611e-18,6.163814345119611e-18,0.5,1.4929833696447451e-05,-1.4929833696447441e-05,64
pre_selector,3,6,-1.0842021724855044e-19,-6.147630025418028e-18,6.147630025418028e-18,0.5,-0.003279357185732576,0.0032793571857325753,64
pre_selector,0,6,-1.0842021724855044e-19,-6.1445080725815895e-18,6.1445080725815895e-18,0.5,-0.002316497906576834,0.002316497906576834,64
pre_selector,13,23,-6.776263578034403e-21,-6.132119486975422e-18,6.132119486975422e-18,0.5,0.0001043779675455801,-0.00010437796754558007,64
pre_selector,4,28,2.710505431213761e-20,6.112767972131943e-18,6.112767972131943e-18,0.5,-0.0009722624035930626,0.0009722624035930625,64
pre_selector,19,9,1.3552527156068805e-20,6.086313889508081e-18,6.086313889508081e-18,0.5,0.00039669350371695654,-0.0003966935037169565,64
pre_selector,31,23,-3.3881317890172014e-21,-6.0622290505149604e-18,6.0622290505149604e-18,0.5,-8.677419145897746e-05,8.677419145897746e-05,64
pre_selector,22,16,-1.3552527156068805e-20,-6.059916989858202e-18,6.059916989858202e-18,0.5,0.0007764943948131812,-0.0007764943948131812,64
pre_selector,0,1,3.3881317890172014e-21,6.0506784392051e-18,6.0506784392051e-18,0.5,0.00011449371277194374,-0.00011449371277194375,64
pre_selector,11,3,-1.3552527156068805e-20,-5.989146514175821e-18,5.989146514175821e-18,0.5,-0.0008629115691292048,0.0008629115691292048,64
pre_selector,0,26,1.0842021724855044e-19,5.968121425991541e-18,5.968121425991541e-18,0.5,-0.006639679811996738,0.006639679811996738,64
pre_selector,23,18,8.470329472543003e-22,5.926993793473867e-18,5.926993793473867e-18,0.5,2.005343276323272e-05,-2.0053432763232723e-05,64
pre_selector,25,17,3.3881317890172014e-21,5.926834926502725e-18,5.926834926502725e-18,0.5,-0.00013536847814065895,0.00013536847814065895,64
pre_selector,32,3,-1.0842021724855044e-19,-5.909205914369755e-18,5.909205914369755e-18,0.5,-0.0043702911352738625,0.004370291135273862,64
pre_selector,32,25,-6.776263578034403e-21,-5.8979769513790375e-18,5.8979769513790375e-18,0.5,1.7379403288946845e-05,-1.7379403288946872e-05,64
pre_selector,3,10,-5.421010862427522e-20,-5.8942037828185e-18,5.8942037828185e-18,0.5,-0.0009917228308040718,0.0009917228308040718,64
pre_selector,31,18,3.3881317890172014e-21,5.874071646280475e-18,5.874071646280475e-18,0.5,-8.498306033288751e-05,8.49830603328875e-05,64
pre_selector,21,21,2.710505431213761e-20,5.871346668069298e-18,5.871346668069298e-18,0.5,0.0013149391961633154,-0.0013149391961633154,64
pre_selector,5,4,-2.710505431213761e-20,-5.871205378273194e-18,5.871205378273194e-18,0.5,-0.0009456805796616952,0.0009456805796616952,64
pre_selector,14,19,2.710505431213761e-20,5.78327402533347e-18,5.78327402533347e-18,0.5,-0.0005275095099932406,0.0005275095099932407,64
pre_selector,11,14,1.3552527156068805e-20,5.750935236232967e-18,5.750935236232967e-18,0.5,-0.0006659586433670325,0.0006659586433670326,64
pre_selector,31,14,-5.421010862427522e-20,-5.7326648968373265e-18,5.7326648968373265e-18,0.5,-0.001996632334339647,0.001996632334339647,64
pre_selector,5,2,5.421010862427522e-20,5.732315237346163e-18,5.732315237346163e-18,0.5,0.0002922439307439968,-0.0002922439307439968,64
pre_selector,29,10,3.3881317890172014e-21,5.722632851677638e-18,5.722632851677638e-18,0.5,-0.00019400760129428468,0.00019400760129428466,64
pre_selector,12,22,3.3881317890172014e-21,5.648124685331603e-18,5.648124685331603e-18,0.5,-4.630931289284181e-05,4.630931289284183e-05,64
pre_selector,14,16,-6.776263578034403e-21,-5.6455954813183456e-18,5.6455954813183456e-18,0.5,-0.00021200675928410837,0.00021200675928410834,64
pre_selector,12,23,-3.3881317890172014e-21,-5.63358373008437e-18,5.63358373008437e-18,0.5,-7.4843409493041e-05,7.484340949304101e-05,64
pre_selector,34,26,1.6940658945086007e-21,5.598505287886773e-18,5.598505287886773e-18,0.5,-3.863886649924565e-05,3.863886649924566e-05,64
pre_selector,1,13,5.421010862427522e-20,5.595590268482464e-18,5.595590268482464e-18,0.5,-0.0031438007354154095,0.0031438007354154095,64
pre_selector,1,6,-2.710505431213761e-20,-5.594557134711101e-18,5.594557134711101e-18,0.5,-0.0008025238785194189,0.0008025238785194188,64
pre_selector,10,28,-3.3881317890172014e-21,-5.583482839439775e-18,5.583482839439775e-18,0.5,0.00010599669985821268,-0.00010599669985821268,64
pre_selector,1,19,2.710505431213761e-20,5.5510008892853474e-18,5.5510008892853474e-18,0.5,-0.00033368769800290357,0.00033368769800290346,64
pre_selector,32,18,-1.6940658945086007e-21,-5.538468113787493e-18,5.538468113787493e-18,0.5,3.6946888485533804e-05,-3.694688848553382e-05,64
pre_selector,34,28,1.3552527156068805e-20,5.537644171893659e-18,5.537644171893659e-18,0.5,-0.0012113493721699095,0.0012113493721699095,64
pre_selector,6,8,6.776263578034403e-21,5.482626015001951e-18,5.482626015001951e-18,0.5,-0.00031575479260936005,0.00031575479260936,64
pre_selector,30,15,-1.3552527156068805e-20,-5.464336100279189e-18,5.464336100279189e-18,0.5,3.303631274320933e-05,-3.303631274320933e-05,64
pre_selector,6,13,2.710505431213761e-20,5.459398387691427e-18,5.459398387691427e-18,0.5,-0.0007248888759932157,0.0007248888759932156,64
pre_selector,24,12,-5.421010862427522e-20,-5.423226527125778e-18,5.423226527125778e-18,0.5,0.0025330882781417967,-0.0025330882781417967,64
pre_selector,19,16,-1.3552527156068805e-20,-5.411740019715841e-18,5.411740019715841e-18,0.5,4.775512934429064e-05,-4.775512934429067e-05,64
pre_selector,25,26,1.3552527156068805e-20,5.343431090757986e-18,5.343431090757986e-18,0.5,0.0007650365405424825,-0.0007650365405424826,64
pre_selector,33,17,-2.710505431213761e-20,-5.3391856814894045e-18,5.3391856814894045e-18,0.5,-0.0028117589863540754,0.002811758986354075,64
pre_selector,13,28,6.776263578034403e-21,5.332852491082085e-18,5.332852491082085e-18,0.5,0.0002554899838287262,-0.0002554899838287262,64
pre_selector,2,31,-5.421010862427522e-20,-5.327999657625158e-18,5.327999657625158e-18,0.5,0.0004540969966910686,-0.00045409699669106884,64
pre_selector,10,3,-3.3881317890172014e-21,-5.2570608473684704e-18,5.2570608473684704e-18,0.5,-5.035023696108609e-05,5.035023696108609e-05,64
pre_selector,34,27,3.3881317890172014e-21,5.225904955198474e-18,5.225904955198474e-18,0.5,-3.5854573070657645e-06,3.5854573070657645e-06,64
pre_selector,28,6,-2.710505431213761e-20,-5.15205064447586e-18,5.15205064447586e-18,0.5,-0.0010524760100452096,0.0010524760100452093,64
pre_selector,25,29,4.235164736271502e-22,5.135180434047728e-18,5.135180434047728e-18,0.5,-6.7781360257882074e-06,6.778136025788207e-06,64
pre_selector,20,1,2.710505431213761e-20,5.108029550922195e-18,5.108029550922195e-18,0.5,0.0007914670532045438,-0.0007914670532045434,64
pre_selector,19,3,2.710505431213761e-20,5.098579120822065e-18,5.098579120822065e-18,0.5,0.0016258411778835562,-0.0016258411778835562,64
pre_selector,15,23,1.6940658945086007e-21,5.077578954706161e-18,5.077578954706161e-18,0.5,-2.9335324143165626e-05,2.9335324143165626e-05,64
pre_selector,34,3,-1.0842021724855044e-19,-5.0589934699265946e-18,5.0589934699265946e-18,0.5,-0.010199588956311336,0.010199588956311338,64
pre_selector,2,29,-5.421010862427522e-20,-5.042186219556764e-18,5.042186219556764e-18,0.5,-0.001334853004664181,0.0013348530046641811,64
pre_selector,17,13,1.6940658945086007e-21,4.98751506652784e-18,4.98751506652784e-18,0.5,-8.335202528540452e-05,8.335202528540452e-05,64
pre_selector,12,5,8.470329472543003e-22,4.956480174399383e-18,4.956480174399383e-18,0.5,-7.305836896875326e-05,7.305836896875326e-05,64
pre_selector,3,11,5.421010862427522e-20,4.93857346553649e-18,4.93857346553649e-18,0.5,-0.0014430631999857843,0.001443063199985784,64
pre_selector,7,14,6.776263578034403e-21,4.88999904230674e-18,4.88999904230674e-18,0.5,-4.213879947202645e-05,4.213879947202642e-05,64
pre_selector,24,13,3.3881317890172014e-20,4.881265504620189e-18,4.881265504620189e-18,0.5,-0.0013683405777555752,0.0013683405777555754,64
pre_selector,12,6,1.3552527156068805e-20,4.841175480820873e-18,4.841175480820873e-18,0.5,-0.0002571913200881565,0.0002571913200881565,64
pre_selector,3,18,-2.710505431213761e-20,-4.8187667459590174e-18,4.8187667459590174e-18,0.5,0.0004893882287433218,-0.0004893882287433219,64
pre_selector,24,31,-5.421010862427522e-20,-4.800694496252512e-18,4.800694496252512e-18,0.5,-0.00585128284001255,0.00585128284001255,64
pre_selector,31,20,-5.421010862427522e-20,-4.781539125901556e-18,4.781539125901556e-18,0.5,-0.0021620354382320944,0.002162035438232094,64
pre_selector,16,31,-6.776263578034403e-21,-4.75962100844352e-18,4.75962100844352e-18,0.5,0.00015852277374503362,-0.00015852277374503356,64
pre_selector,26,12,6.776263578034403e-21,4.738075639479055e-18,4.738075639479055e-18,0.5,-0.0006695814954582422,0.0006695814954582423,64
pre_selector,2,12,-2.710505431213761e-20,-4.7085874297852015e-18,4.7085874297852015e-18,0.5,-0.0020685410217993094,0.002068541021799309,64
pre_selector,7,0,1.6940658945086007e-21,4.699449586645787e-18,4.699449586645787e-18,0.5,0.00012196365787530021,-0.00012196365787530021,64
pre_selector,16,1,-3.3881317890172014e-21,-4.686509279042989e-18,4.686509279042989e-18,0.5,-9.94626134343973e-06,9.946261343439744e-06,64
pre_selector,15,12,1.3552527156068805e-20,4.538476976009185e-18,4.538476976009185e-18,0.5,0.000833521782624288,-0.0008335217826242881,64
pre_selector,29,12,5.421010862427522e-20,4.527378549264286e-18,4.527378549264286e-18,0.5,-0.0074756744434125375,0.0074756744434125375,64
pre_selector,18,29,1.3552527156068805e-20,4.4415288655302134e-18,4.4415288655302134e-18,0.5,1.7151009160448684e-05,-1.7151009160448793e-05,64
pre_selector,14,15,2.710505431213761e-20,4.382296148662308e-18,4.382296148662308e-18,0.5,-0.0027585096104303358,0.0027585096104303353,64
pre_selector,17,20,-4.235164736271502e-22,-4.368702572460572e-18,4.368702572460572e-18,0.5,6.763791776618852e-05,-6.76379177661885e-05,64
pre_selector,32,16,6.776263578034403e-21,4.355294101119977e-18,4.355294101119977e-18,0.5,-0.0003404199742362774,0.0003404199742362774,64
pre_selector,15,31,-6.776263578034403e-21,-4.3471049445692984e-18,4.3471049445692984e-18,0.5,-3.863568053931286e-06,3.863568053931259e-06,64
pre_selector,1,28,1.3552527156068805e-20,4.294967530610391e-18,4.294967530610391e-18,0.5,-0.0012198734373160922,0.0012198734373160924,64
pre_selector,8,31,4.235164736271502e-22,4.275264028625734e-18,4.275264028625734e-18,0.5,1.9064733194789345e-05,-1.906473319478935e-05,64
pre_selector,1,15,-1.3552527156068805e-20,-4.1863876387368845e-18,4.1863876387368845e-18,0.5,-0.0011404162996768575,0.0011404162996768575,64
pre_selector,6,31,-1.3552527156068805e-20,-4.1563800318597726e-18,4.1563800318597726e-18,0.5,-0.0008243393267548377,0.0008243393267548376,64
pre_selector,27,7,-2.710505431213761e-20,-4.151695965567303e-18,4.151695965567303e-18,0.5,-0.0012459285317163377,0.0012459285317163375,64
pre_selector,20,30,-1.3552527156068805e-20,-4.1455797942833e-18,4.1455797942833e-18,0.5,-0.00013624405983136048,0.00013624405983136045,64
pre_selector,33,14,5.421010862427522e-20,4.097123262680129e-18,4.097123262680129e-18,0.5,-0.0033037392204278097,0.0033037392204278097,64
pre_selector,23,30,2.710505431213761e-20,4.077180656130519e-18,4.077180656130519e-18,0.5,-0.0030722452574991495,0.00307224525749915,64
pre_selector,12,30,-6.776263578034403e-21,-4.066450201390911e-18,4.066450201390911e-18,0.5,-0.00035202844719604907,0.00035202844719604907,64
pre_selector,28,7,1.3552527156068805e-20,4.05331826153882e-18,4.05331826153882e-18,0.5,-0.001446543020392701,0.001446543020392701,64
pre_selector,32,4,-6.776263578034403e-21,-4.047852625676609e-18,4.047852625676609e-18,0.5,-0.0005185239588172303,0.0005185239588172303,64
pre_selector,7,6,-2.6469779601696886e-23,-3.997132767361546e-18,3.997132767361546e-18,0.5,5.24023819226116e-07,-5.24023819226116e-07,64
pre_selector,2,2,-5.421010862427522e-20,-3.887681324443574e-18,3.887681324443574e-18,0.5,-0.0024782022646832,0.0024782022646832,64
pre_selector,19,12,2.710505431213761e-20,3.873858679603513e-18,3.873858679603513e-18,0.5,0.000733612061594605,-0.0007336120615946053,64
pre_selector,16,27,-1.6940658945086007e-21,-3.845866973205021e-18,3.845866973205021e-18,0.5,6.0036276636312333e-05,-6.003627663631232e-05,64
pre_selector,29,4,-6.776263578034403e-21,-3.750752544579835e-18,3.750752544579835e-18,0.5,-0.0009770940960151797,0.0009770940960151797,64
pre_selector,18,0,1.6940658945086007e-21,3.672155642526649e-18,3.672155642526649e-18,0.5,9.444023362447645e-05,-9.444023362447644e-05,64
pre_selector,15,14,1.6940658945086007e-21,3.522771020673571e-18,3.522771020673571e-18,0.5,0.0001235041850122632,-0.0001235041850122632,64
pre_selector,28,4,8.470329472543003e-22,3.4655628839022704e-18,3.4655628839022704e-18,0.5,-7.114352661118499e-05,7.114352661118499e-05,64
pre_selector,14,5,-3.3881317890172014e-21,-3.4407914169108822e-18,3.4407914169108822e-18,0.5,-0.00022486613124782516,0.00022486613124782516,64
pre_selector,19,29,1.6940658945086007e-21,3.4235098840323564e-18,3.4235098840323564e-18,0.5,0.00029472143933159623,-0.00029472143933159623,64
pre_selector,30,4,4.235164736271502e-22,3.140939240531818e-18,3.140939240531818e-18,0.5,-3.577077961835841e-05,3.577077961835841e-05,64
pre_selector,34,31,1.6940658945086007e-21,3.113470590379152e-18,3.113470590379152e-18,0.5,-0.000307295057382338,0.000307295057382338,64
pre_selector,20,17,-3.3881317890172014e-21,-3.0841718211160776e-18,3.0841718211160776e-18,0.5,0.00027431049511504526,-0.00027431049511504526,64
pre_selector,9,29,-1.6940658945086007e-21,-3.0273838655806377e-18,3.0273838655806377e-18,0.5,-9.05544652597646e-06,9.05544652597646e-06,64
pre_selector,10,24,-6.776263578034403e-21,-2.9526943496073932e-18,2.9526943496073932e-18,0.5,-0.00024375646898988222,0.00024375646898988228,64
pre_selector,21,8,6.776263578034403e-21,2.895239765134549e-18,2.895239765134549e-18,0.5,0.0002395516157775836,-0.00023955161577758364,64
pre_selector,20,28,2.710505431213761e-20,2.8842477960629397e-18,2.8842477960629397e-18,0.5,-0.00014657194697064997,0.0001465719469706502,64
pre_selector,22,23,-4.235164736271502e-22,-2.5639917226662414e-18,2.5639917226662414e-18,0.5,3.3401084237984997e-05,-3.3401084237984997e-05,64
pre_selector,25,18,8.470329472543003e-22,2.5465655438954034e-18,2.5465655438954034e-18,0.5,-3.539363137859889e-05,3.539363137859889e-05,64
pre_selector,1,30,-6.776263578034403e-21,-2.4983126156296935e-18,2.4983126156296935e-18,0.5,-0.001496795099228597,0.001496795099228597,64
pre_selector,14,18,-6.776263578034403e-21,-2.457267026038262e-18,2.457267026038262e-18,0.5,0.00048148278438020427,-0.0004814827843802042,64
pre_selector,6,1,-6.776263578034403e-21,-2.4516959727098707e-18,2.4516959727098707e-18,0.5,-0.0006742081641277589,0.000674208164127759,64
pre_selector,15,13,-6.776263578034403e-21,-2.3685091958499022e-18,2.3685091958499022e-18,0.5,0.0006650324066868063,-0.0006650324066868062,64
pre_selector,6,30,-6.776263578034403e-21,-2.364680533890172e-18,2.364680533890172e-18,0.5,-0.0011893714799952998,0.0011893714799952996,64
pre_selector,13,11,-1.0587911840678754e-22,-2.357887359247721e-18,2.357887359247721e-18,0.5,2.6976669786864756e-06,-2.697666978686475e-06,64
pre_selector,27,0,1.6940658945086007e-21,2.060526583069072e-18,2.060526583069072e-18,0.5,9.084211160369654e-05,-9.084211160369652e-05,64
pre_selector,24,18,-6.776263578034403e-21,-2.031347124029644e-18,2.031347124029644e-18,0.5,-0.0007850564579712191,0.0007850564579712192,64
pre_selector,18,16,-3.3881317890172014e-21,-1.9207455733866213e-18,1.9207455733866213e-18,0.5,0.00015299366532416388,-0.00015299366532416388,64
pre_selector,7,19,2.117582368135751e-22,1.7782471747647307e-18,1.7782471747647307e-18,0.5,5.2884067827017535e-06,-5.288406782701757e-06,64
pre_selector,26,20,8.470329472543003e-22,1.1693607196426113e-18,1.1693607196426113e-18,0.5,0.00041924219931386013,-0.00041924219931386013,64
pre_selector,14,14,-8.470329472543003e-22,-1.0939875290401617e-18,1.0939875290401617e-18,0.5,-0.00039720971108178936,0.0003972097110817894,64
pre_selector,12,9,0.0,0.0,0.0,0.5,-0.00039678224356974893,0.00039678224356974893,64
pre_selector,12,7,0.0,0.0,0.0,0.5,3.759170795096235e-06,-3.759170795096235e-06,64
pre_selector,13,17,0.0,0.0,0.0,0.5,-0.00011423048999858254,0.00011423048999858253,64
pre_selector,13,19,0.0,0.0,0.0,0.5,0.0003381922506377875,-0.0003381922506377875,64
pre_selector,13,15,0.0,0.0,0.0,0.5,3.5581377346705457e-06,-3.5581377346705457e-06,64
pre_selector,13,20,0.0,0.0,0.0,0.5,-5.260549232843087e-05,5.260549232843083e-05,64
pre_selector,13,21,0.0,0.0,0.0,0.5,-1.1156396396925004e-05,1.1156396396925004e-05,64
pre_selector,13,16,0.0,0.0,0.0,0.5,-0.000628393048827981,0.0006283930488279812,64
pre_selector,30,20,0.0,0.0,0.0,0.5,-0.000744729652069517,0.0007447296520695172,64
pre_selector,29,19,0.0,0.0,0.0,0.5,0.00015282098320314148,-0.0001528209832031415,64
pre_selector,19,8,0.0,0.0,0.0,0.5,6.794561068090474e-05,-6.794561068090474e-05,64
pre_selector,17,28,0.0,0.0,0.0,0.5,0.00010875094562832891,-0.00010875094562832891,64
pre_selector,17,26,0.0,0.0,0.0,0.5,0.0005075929275335275,-0.0005075929275335275,64
pre_selector,19,23,0.0,0.0,0.0,0.5,0.0004499081987887521,-0.000449908198788752,64
pre_selector,19,20,0.0,0.0,0.0,0.5,-1.7870382237102074e-05,1.7870382237102074e-05,64
pre_selector,35,31,0.0,0.0,0.0,0.5,5.040208816353975e-05,-5.0402088163539765e-05,64
pre_selector,23,21,0.0,0.0,0.0,0.5,0.0015479230787605127,-0.001547923078760513,64
pre_selector,23,17,0.0,0.0,0.0,0.5,3.4254280762976996e-05,-3.4254280762976996e-05,64
pre_selector,23,15,0.0,0.0,0.0,0.5,-0.00013166609141989548,0.00013166609141989553,64
pre_selector,35,30,0.0,0.0,0.0,0.5,2.856765513569914e-05,-2.8567655135699135e-05,64
pre_selector,12,21,0.0,0.0,0.0,0.5,-5.859653811056772e-05,5.859653811056772e-05,64
pre_selector,12,17,0.0,0.0,0.0,0.5,3.113857337665521e-05,-3.1138573376655196e-05,64
pre_selector,12,15,0.0,0.0,0.0,0.5,-0.00013206531275499508,0.00013206531275499508,64
pre_selector,12,13,0.0,0.0,0.0,0.5,-0.0003504061241983501,0.00035040612419834995,64
pre_selector,23,22,0.0,0.0,0.0,0.5,0.0025260111287934523,-0.002526011128793452,64
pre_selector,23,31,0.0,0.0,0.0,0.5,0.0004980871926818563,-0.0004980871926818563,64
pre_selector,23,29,0.0,0.0,0.0,0.5,0.003644416035967881,-0.003644416035967881,64
pre_selector,23,28,0.0,0.0,0.0,0.5,-0.004560959423542938,0.0045609594235429375,64
pre_selector,23,25,0.0,0.0,0.0,0.5,0.00017845898400992166,-0.00017845898400992188,64
pre_selector,16,23,0.0,0.0,0.0,0.5,-0.00022620870004174683,0.00022620870004174667,64
pre_selector,16,17,0.0,0.0,0.0,0.5,0.0010807872022269229,-0.0010807872022269229,64
pre_selector,5,30,0.0,0.0,0.0,0.5,-0.000456736531987184,0.000456736531987184,64
pre_selector,24,21,0.0,0.0,0.0,0.5,0.003883475670590972,-0.003883475670590973,64
pre_selector,30,17,0.0,0.0,0.0,0.5,-0.007915519716334508,0.00791551971633451,64
pre_selector,18,18,0.0,0.0,0.0,0.5,0.0002904170611372934,-0.0002904170611372934,64
pre_selector,18,14,0.0,0.0,0.0,0.5,0.0003025602964044063,-0.00030256029640440623,64
pre_selector,18,11,0.0,0.0,0.0,0.5,0.0008579300642849999,-0.0008579300642849999,64
pre_selector,18,9,0.0,0.0,0.0,0.5,0.0006478035820691569,-0.0006478035820691569,64
pre_selector,18,8,0.0,0.0,0.0,0.5,0.00015909485591689615,-0.00015909485591689617,64
pre_selector,18,4,0.0,0.0,0.0,0.5,9.655163739808671e-05,-9.655163739808672e-05,64
pre_selector,2,0,0.0,0.0,0.0,0.5,-0.00040171522414310953,0.0004017152241431094,64
pre_selector,1,29,0.0,0.0,0.0,0.5,-0.0004887025970674563,0.0004887025970674561,64
pre_selector,18,20,0.0,0.0,0.0,0.5,-0.00027161399884790405,0.000271613998847904,64
pre_selector,13,14,0.0,0.0,0.0,0.5,0.0003508540721668418,-0.0003508540721668418,64
pre_selector,13,12,0.0,0.0,0.0,0.5,4.286100252492987e-09,-4.286100252492986e-09,64
pre_selector,2,24,0.0,0.0,0.0,0.5,0.00013286544708534685,-0.00013286544708534663,64
pre_selector,2,17,0.0,0.0,0.0,0.5,-0.0004239257104927687,0.0004239257104927689,64
pre_selector,2,7,0.0,0.0,0.0,0.5,-0.0004290202314223219,0.00042902023142232185,64
pre_selector,2,5,0.0,0.0,0.0,0.5,-0.00024281080004582065,0.00024281080004582062,64
pre_selector,2,4,0.0,0.0,0.0,0.5,-0.00018783782252284372,0.0001878378225228437,64
pre_selector,32,12,0.0,0.0,0.0,0.5,-0.0006950761417101469,0.000695076141710147,64
pre_selector,14,3,0.0,0.0,0.0,0.5,-2.445945409589528e-05,2.4459454095895283e-05,64
pre_selector,32,6,0.0,0.0,0.0,0.5,-0.0017291827243752632,0.0017291827243752639,64
pre_selector,32,5,0.0,0.0,0.0,0.5,-0.0010582204704405454,0.0010582204704405454,64
pre_selector,31,30,0.0,0.0,0.0,0.5,-0.003704148624819913,0.003704148624819913,64
pre_selector,31,29,0.0,0.0,0.0,0.5,-0.002936267468612625,0.002936267468612625,64
pre_selector,9,22,0.0,0.0,0.0,0.5,0.00038903480162845634,-0.00038903480162845634,64
pre_selector,9,21,0.0,0.0,0.0,0.5,4.5739661800313664e-05,-4.5739661800313664e-05,64
pre_selector,14,13,0.0,0.0,0.0,0.5,-0.0011300449950794908,0.0011300449950794912,64
pre_selector,14,10,0.0,0.0,0.0,0.5,-8.126597822410311e-05,8.126597822410303e-05,64
pre_selector,14,9,0.0,0.0,0.0,0.5,0.00012921100460516858,-0.0001292110046051686,64
pre_selector,32,10,0.0,0.0,0.0,0.5,-0.005016047129174667,0.005016047129174666,64
pre_selector,21,11,0.0,0.0,0.0,0.5,-0.0007826544606359621,0.0007826544606359622,64
pre_selector,32,23,0.0,0.0,0.0,0.5,1.0760844759256028e-05,-1.0760844759256035e-05,64
pre_selector,32,22,0.0,0.0,0.0,0.5,0.00019621887804531095,-0.00019621887804531095,64
pre_selector,32,19,0.0,0.0,0.0,0.5,0.00010094458502861564,-0.00010094458502861565,64
pre_selector,14,27,0.0,0.0,0.0,0.5,-0.00027803278135252077,0.0002780327813525208,64
pre_selector,14,25,0.0,0.0,0.0,0.5,1.43025114880377e-05,-1.4302511488037701e-05,64
pre_selector,16,24,0.0,0.0,0.0,0.5,0.0005654745546052906,-0.0005654745546052906,64
pre_selector,24,15,0.0,0.0,0.0,0.5,0.0011385682519176,-0.0011385682519176005,64
pre_selector,8,13,0.0,0.0,0.0,0.5,2.6037737370643746e-05,-2.6037737370643753e-05,64
pre_selector,7,2,0.0,0.0,0.0,0.5,-9.291959941037841e-05,9.291959941037844e-05,64
pre_selector,6,27,0.0,0.0,0.0,0.5,-1.668050117586972e-06,1.6680501175869724e-06,64
pre_selector,8,19,0.0,0.0,0.0,0.5,0.00061076327983755,-0.00061076327983755,64
pre_selector,8,18,0.0,0.0,0.0,0.5,1.6305425788222247e-05,-1.630542578822224e-05,64
pre_selector,8,17,0.0,0.0,0.0,0.5,0.0011330112465657207,-0.0011330112465657207,64
pre_selector,8,16,0.0,0.0,0.0,0.5,0.0003262690188421375,-0.0003262690188421375,64
pre_selector,1,16,0.0,0.0,0.0,0.5,-0.00034770137699524065,0.0003477013769952406,64
pre_selector,29,17,0.0,0.0,0.0,0.5,0.0013539131250581659,-0.0013539131250581654,64
pre_selector,29,9,0.0,0.0,0.0,0.5,-0.004530917212832706,0.004530917212832705,64
pre_selector,21,14,0.0,0.0,0.0,0.5,0.00010011129461417984,-0.00010011129461417986,64
pre_selector,22,17,0.0,0.0,0.0,0.5,-0.0003558631215128127,0.0003558631215128127,64
pre_selector,27,5,0.0,0.0,0.0,0.5,-0.000575552139707725,0.0005755521397077251,64
pre_selector,27,4,0.0,0.0,0.0,0.5,0.0008495462589052985,-0.0008495462589052985,64
pre_selector,27,2,0.0,0.0,0.0,0.5,-1.6350154510287503e-05,1.6350154510287476e-05,64
pre_selector,28,24,0.0,0.0,0.0,0.5,-0.00013987066631671556,0.00013987066631671556,64
pre_selector,28,22,0.0,0.0,0.0,0.5,0.0006308384254225406,-0.0006308384254225405,64
pre_selector,28,20,0.0,0.0,0.0,0.5,-8.898170653991378e-05,8.898170653991378e-05,64
pre_selector,28,18,0.0,0.0,0.0,0.5,-0.00042457922427272996,0.00042457922427272996,64
pre_selector,28,17,0.0,0.0,0.0,0.5,-0.000443989170889834,0.0004439891708898339,64
pre_selector,7,31,0.0,0.0,0.0,0.5,-4.0877202536646425e-05,4.0877202536646425e-05,64
pre_selector,19,0,0.0,0.0,0.0,0.5,0.0013273029107949631,-0.0013273029107949631,64
pre_selector,18,30,0.0,0.0,0.0,0.5,-0.0003853481466649033,0.00038534814666490335,64
pre_selector,18,28,0.0,0.0,0.0,0.5,0.00024019245756791045,-0.00024019245756791056,64
pre_selector,18,26,0.0,0.0,0.0,0.5,0.0022636225276073587,-0.0022636225276073587,64
pre_selector,20,24,0.0,0.0,0.0,0.5,2.623702357597281e-06,-2.623702357597282e-06,64
pre_selector,22,11,0.0,0.0,0.0,0.5,-0.0017913433366629813,0.0017913433366629813,64
pre_selector,22,9,0.0,0.0,0.0,0.5,0.00015921812519080865,-0.00015921812519080868,64
pre_selector,22,7,0.0,0.0,0.0,0.5,0.000843287085444878,-0.0008432870854448782,64
pre_selector,8,2,0.0,0.0,0.0,0.5,-1.4728510855377408e-06,1.4728510855377408e-06,64
pre_selector,27,24,0.0,0.0,0.0,0.5,0.00028485491930040926,-0.0002848549193004095,64
pre_selector,7,16,0.0,0.0,0.0,0.5,-2.6147758660513127e-06,2.6147758660513127e-06,64
pre_selector,7,15,0.0,0.0,0.0,0.5,-0.0002012702971114718,0.00020127029711147196,64
pre_selector,7,10,0.0,0.0,0.0,0.5,4.368469944891196e-06,-4.3684699448911956e-06,64
pre_selector,7,7,0.0,0.0,0.0,0.5,-9.548883950216691e-08,9.548883950216691e-08,64
pre_selector,15,15,0.0,0.0,0.0,0.5,0.00015007227057138494,-0.00015007227057138494,64
pre_selector,15,5,0.0,0.0,0.0,0.5,3.4346101074362936e-06,-3.434610107436297e-06,64
pre_selector,15,4,0.0,0.0,0.0,0.5,0.00018644937767929682,-0.00018644937767929682,64
pre_selector,15,3,0.0,0.0,0.0,0.5,7.291537258425317e-05,-7.291537258425306e-05,64
pre_selector,29,5,0.0,0.0,0.0,0.5,-0.0014214936309144724,0.0014214936309144724,64
pre_selector,31,26,0.0,0.0,0.0,0.5,2.761666746665443e-05,-2.761666746665443e-05,64
pre_selector,22,27,0.0,0.0,0.0,0.5,6.423285913113784e-05,-6.423285913113784e-05,64
pre_selector,13,1,0.0,0.0,0.0,0.5,0.0007082349766278375,-0.0007082349766278374,64
pre_selector,12,29,0.0,0.0,0.0,0.5,-9.936943570124921e-07,9.936943570124887e-07,64
pre_selector,12,2,0.0,0.0,0.0,0.5,-3.6741846400900613e-06,3.6741846400900613e-06,64
pre_selector,12,1,0.0,0.0,0.0,0.5,1.3911710084359377e-05,-1.3911710084359364e-05,64
pre_selector,11,29,0.0,0.0,0.0,0.5,-3.771471085659756e-06,3.771471085659756e-06,64
pre_selector,11,28,0.0,0.0,0.0,0.5,-1.1213650736852891e-05,1.1213650736852888e-05,64
pre_selector,30,22,0.0,0.0,0.0,0.5,0.00047292935050791563,-0.0004729293505079155,64
pre_selector,1,27,0.0,0.0,0.0,0.5,0.0001438669860363026,-0.00014386698603630413,64
pre_selector,28,30,0.0,0.0,0.0,0.5,-2.625792603790751e-06,2.625792603790756e-06,64
pre_selector,26,9,0.0,0.0,0.0,0.5,-7.316014659864227e-05,7.316014659864225e-05,64
pre_selector,26,7,0.0,0.0,0.0,0.5,-0.0002687065807549541,0.0002687065807549542,64
pre_selector,26,5,0.0,0.0,0.0,0.5,0.00041067422353078436,-0.00041067422353078436,64
pre_selector,26,2,0.0,0.0,0.0,0.5,-0.000940334943152278,0.0009403349431522782,64
pre_selector,26,0,0.0,0.0,0.0,0.5,-0.0004166186336078681,0.0004166186336078681,64
pre_selector,1,10,0.0,0.0,0.0,0.5,-0.00043047897997894433,0.00043047897997894444,64
pre_selector,1,3,0.0,0.0,0.0,0.5,0.00045188308286016256,-0.0004518830828601626,64
pre_selector,1,1,0.0,0.0,0.0,0.5,-9.027588384924391e-05,9.027588384924391e-05,64
pre_selector,7,22,0.0,0.0,0.0,0.5,0.0012105219157092471,-0.0012105219157092471,64
pre_selector,23,5,0.0,0.0,0.0,0.5,0.0009949759987648624,-0.0009949759987648626,64
pre_selector,23,4,0.0,0.0,0.0,0.5,7.680732232985066e-05,-7.680732232985023e-05,64
pre_selector,22,28,0.0,0.0,0.0,0.5,0.001548370171803975,-0.0015483701718039746,64
pre_selector,5,26,0.0,0.0,0.0,0.5,-0.002913530785463056,0.0029135307854630563,64
pre_selector,7,23,0.0,0.0,0.0,0.5,0.0020148568728473003,-0.0020148568728473003,64
pre_selector,33,18,0.0,0.0,0.0,0.5,-0.001385623960231881,0.001385623960231881,64
pre_selector,33,15,0.0,0.0,0.0,0.5,-0.006780270021408781,0.0067802700214087816,64
response_first,0,21,0.0,0.0,0.0,0.5,-9.83298042455927e-06,9.83298042455927e-06,64
response_first,0,15,0.0,0.0,0.0,0.5,-4.969132788801289e-06,4.969132788801289e-06,64
pre_selector,23,7,0.0,0.0,0.0,0.5,0.0023596976243425187,-0.0023596976243425187,64
pre_selector,16,13,0.0,0.0,0.0,0.5,-4.089746471435836e-05,4.0897464714358356e-05,64
pre_selector,16,5,0.0,0.0,0.0,0.5,7.077810141708292e-05,-7.077810141708294e-05,64
pre_selector,16,2,0.0,0.0,0.0,0.5,-7.681427439366697e-05,7.681427439366698e-05,64
pre_selector,15,30,0.0,0.0,0.0,0.5,2.8027225624770465e-05,-2.802722562477047e-05,64
pre_selector,8,29,0.0,0.0,0.0,0.5,1.8495881164415182e-06,-1.8495881164415182e-06,64
pre_selector,8,28,0.0,0.0,0.0,0.5,1.8286433629555179e-06,-1.8286433629555177e-06,64
pre_selector,8,26,0.0,0.0,0.0,0.5,0.00012237961163918043,-0.00012237961163918043,64
pre_selector,8,25,0.0,0.0,0.0,0.5,-6.350726835082801e-06,6.3507268350828035e-06,64
pre_selector,10,17,0.0,0.0,0.0,0.5,-0.0008546572644263441,0.000854657264426344,64
pre_selector,26,16,0.0,0.0,0.0,0.5,0.00016537251030966825,-0.00016537251030966825,64
pre_selector,10,14,0.0,0.0,0.0,0.5,0.00033258403709625003,-0.00033258403709625003,64
pre_selector,21,9,0.0,0.0,0.0,0.5,-0.002758721951977353,0.0027587219519773533,64
pre_selector,10,5,0.0,0.0,0.0,0.5,-1.7171593299274525e-05,1.7171593299274525e-05,64
pre_selector,9,30,0.0,0.0,0.0,0.5,2.102379212942652e-07,-2.1023792129426516e-07,64
pre_selector,9,28,0.0,0.0,0.0,0.5,3.265410276753065e-05,-3.265410276753065e-05,64
pre_selector,15,27,0.0,0.0,0.0,0.5,5.1665936950953246e-06,-5.166593695095325e-06,64
pre_selector,15,26,0.0,0.0,0.0,0.5,4.0284496662843504e-06,-4.028449666284361e-06,64
pre_selector,17,18,0.0,0.0,0.0,0.5,0.0007076655729178743,-0.0007076655729178743,64
pre_selector,5,23,0.0,0.0,0.0,0.5,-0.0024012201350842566,0.002401220135084256,64
pre_selector,10,16,0.0,0.0,0.0,0.5,-6.962161205589863e-05,6.962161205589863e-05,64
pre_selector,13,31,0.0,0.0,0.0,0.5,8.801779870282023e-06,-8.801779870282023e-06,64
pre_selector,13,26,0.0,0.0,0.0,0.5,-0.0005023352423449883,0.0005023352423449883,64
pre_selector,13,25,0.0,0.0,0.0,0.5,-0.00010785173344629065,0.00010785173344629063,64
pre_selector,15,24,0.0,0.0,0.0,0.5,2.2818875777375103e-05,-2.2818875777375103e-05,64
pre_selector,9,19,0.0,0.0,0.0,0.5,-2.5317792005097317e-06,2.5317792005097317e-06,64
pre_selector,9,16,0.0,0.0,0.0,0.5,9.791742627395649e-06,-9.791742627395647e-06,64
pre_selector,9,11,0.0,0.0,0.0,0.5,0.000405596706514185,-0.000405596706514185,64
pre_selector,9,10,0.0,0.0,0.0,0.5,0.00010772794485091972,-0.00010772794485091973,64
pre_selector,9,6,0.0,0.0,0.0,0.5,3.2270685892399342e-06,-3.2270685892399342e-06,64
pre_selector,3,27,0.0,0.0,0.0,0.5,-0.002319000797797339,0.0023190007977973394,64
pre_selector,5,8,0.0,0.0,0.0,0.5,-0.0010155464115086843,0.0010155464115086848,64
pre_selector,25,16,0.0,0.0,0.0,0.5,1.0061224770646513e-05,-1.0061224770646513e-05,64
pre_selector,25,12,0.0,0.0,0.0,0.5,4.394337315715387e-05,-4.394337315715387e-05,64
pre_selector,25,11,0.0,0.0,0.0,0.5,0.0045683846583415115,-0.0045683846583415115,64
pre_selector,25,7,0.0,0.0,0.0,0.5,-1.7222750443546037e-06,1.7222750443546028e-06,64
pre_selector,24,26,0.0,0.0,0.0,0.5,0.0012265268451301422,-0.0012265268451301422,64
pre_selector,24,25,0.0,0.0,0.0,0.5,-0.00031940753979141714,0.00031940753979141725,64
pre_selector,4,11,0.0,0.0,0.0,0.5,-0.003550486468157007,0.003550486468157007,64
pre_selector,4,3,0.0,0.0,0.0,0.5,-0.0006477059559983917,0.0006477059559983916,64
pre_selector,3,31,0.0,0.0,0.0,0.5,-0.0010125758144567977,0.0010125758144567975,64
pre_selector,32,28,0.0,0.0,0.0,0.5,3.817550066286409e-06,-3.817550066286412e-06,64
pre_selector,27,20,0.0,0.0,0.0,0.5,0.0004890052805421813,-0.0004890052805421813,64
pre_selector,27,31,0.0,0.0,0.0,0.5,-0.00024328090285051203,0.0002432809028505121,64
pre_selector,27,30,0.0,0.0,0.0,0.5,3.084487798332079e-05,-3.0844877983320844e-05,64
pre_selector,29,21,0.0,0.0,0.0,0.5,-6.747908741998998e-05,6.747908741998998e-05,64
pre_selector,20,25,0.0,0.0,0.0,0.5,6.432735790440315e-05,-6.432735790440315e-05,64
pre_selector,20,13,0.0,0.0,0.0,0.5,0.0005926595622440709,-0.0005926595622440709,64
pre_selector,7,4,0.0,0.0,0.0,0.5,5.058846228034319e-08,-5.058846228034319e-08,64
pre_selector,7,25,0.0,0.0,0.0,0.5,-5.8212985550199994e-05,5.8212985550199994e-05,64
pre_selector,10,7,0.0,0.0,0.0,0.5,3.556632782418484e-05,-3.5566327824184836e-05,64
pre_selector,5,19,0.0,0.0,0.0,0.5,-0.0015746246499475061,0.0015746246499475061,64
pre_selector,28,5,0.0,0.0,0.0,0.5,-0.0009017073462018712,0.0009017073462018711,64
pre_selector,27,11,0.0,0.0,0.0,0.5,-0.00012109599811083054,0.00012109599811083059,64
pre_selector,27,9,0.0,0.0,0.0,0.5,-4.222452207614202e-05,4.222452207614203e-05,64
pre_selector,0,3,0.0,0.0,0.0,0.5,-7.947827543830443e-05,7.94782754383045e-05,64
pre_selector,19,30,0.0,0.0,0.0,0.5,0.0008199707881430874,-0.0008199707881430875,64
pre_selector,19,28,0.0,0.0,0.0,0.5,0.0003119303846688086,-0.0003119303846688086,64
pre_selector,19,26,0.0,0.0,0.0,0.5,-2.704400810670918e-05,2.7044008106709183e-05,64
pre_selector,19,25,0.0,0.0,0.0,0.5,-0.0002797788151837913,0.00027977881518379135,64
pre_selector,21,22,0.0,0.0,0.0,0.5,0.00042845150164794686,-0.00042845150164794697,64
pre_selector,23,6,0.0,0.0,0.0,0.5,4.201777483103752e-05,-4.2017774831037426e-05,64
pre_selector,5,15,0.0,0.0,0.0,0.5,-0.0014867266108922156,0.0014867266108922156,64
pre_selector,0,19,0.0,0.0,0.0,0.5,5.229102680460952e-05,-5.2291026804609196e-05,64
pre_selector,22,21,0.0,0.0,0.0,0.5,0.002481608084053722,-0.002481608084053722,64
pre_selector,22,22,0.0,0.0,0.0,0.5,0.000216397166241223,-0.000216397166241223,64
pre_selector,0,14,0.0,0.0,0.0,0.5,0.0015847342365304918,-0.001584734236530492,64
pre_selector,0,9,0.0,0.0,0.0,0.5,-0.00046162110811564686,0.0004616211081156468,64
pre_selector,21,5,0.0,0.0,0.0,0.5,0.0006182242650538653,-0.0006182242650538653,64
pre_selector,22,4,0.0,0.0,0.0,0.5,0.0005736345574405162,-0.0005736345574405162,64
pre_selector,22,2,0.0,0.0,0.0,0.5,0.0004697297626989938,-0.0004697297626989938,64
pre_selector,28,11,0.0,0.0,0.0,0.5,-0.0004140896307944627,0.00041408963079446264,64
pre_selector,21,28,0.0,0.0,0.0,0.5,0.0008338886000274125,-0.0008338886000274126,64
pre_selector,21,25,0.0,0.0,0.0,0.5,0.00141935864667175,-0.00141935864667175,64
pre_selector,20,14,0.0,0.0,0.0,0.5,-0.0008296018513647223,0.0008296018513647226,64
pre_selector,21,15,0.0,0.0,0.0,0.5,0.0002643978459673313,-0.00026439784596733127,64
pre_selector,20,8,0.0,0.0,0.0,0.5,0.0010119790167664126,-0.0010119790167664124,64
pre_selector,20,7,0.0,0.0,0.0,0.5,0.00038116351061032996,-0.00038116351061033,64
pre_selector,20,4,0.0,0.0,0.0,0.5,6.146504892968726e-05,-6.146504892968726e-05,64
pre_selector,20,3,0.0,0.0,0.0,0.5,0.0009077742615772749,-0.0009077742615772749,64
pre_selector,1,24,0.0,0.0,0.0,0.5,0.0005998165870550905,-0.0005998165870550911,64
pre_selector,25,25,0.0,0.0,0.0,0.5,-0.0012218195288369207,0.0012218195288369207,64
pre_selector,21,30,0.0,0.0,0.0,0.5,0.00045642393342858266,-0.0004564239334285826,64
pre_selector,5,1,0.0,0.0,0.0,0.5,-0.0016545412099730952,0.001654541209973095,64
pre_selector,4,29,0.0,0.0,0.0,0.5,-0.0007649648941878697,0.0007649648941878697,64
pre_selector,4,27,0.0,0.0,0.0,0.5,-0.0014826831111349771,0.0014826831111349771,64
pre_selector,4,26,0.0,0.0,0.0,0.5,-0.001179078104541979,0.0011790781045419793,64
pre_selector,6,23,0.0,0.0,0.0,0.5,-0.00013860204580851254,0.0001386020458085125,64
pre_selector,6,22,0.0,0.0,0.0,0.5,-0.00045456320549419274,0.0004545632054941928,64
pre_selector,6,18,0.0,0.0,0.0,0.5,-0.00039910963550935605,0.0003991096355093561,64
pre_selector,6,15,0.0,0.0,0.0,0.5,-0.00023584677956020936,0.0002358467795602094,64
pre_selector,6,11,0.0,0.0,0.0,0.5,-0.0003861277909891089,0.0003861277909891089,64
pre_selector,33,1,0.0,0.0,0.0,0.5,-0.00021082175680931772,0.00021082175680931767,64
pre_selector,6,7,0.0,0.0,0.0,0.5,0.001015080764773297,-0.001015080764773297,64
pre_selector,6,3,0.0,0.0,0.0,0.5,-0.0006278509499679654,0.0006278509499679654,64
pre_selector,6,2,0.0,0.0,0.0,0.5,-0.0009957251777450273,0.0009957251777450273,64
pre_selector,5,31,0.0,0.0,0.0,0.5,-0.0021693354301532994,0.0021693354301532994,64
pre_selector,24,3,0.0,0.0,0.0,0.5,-5.828959137943437e-05,5.828959137943438e-05,64
pre_selector,24,1,0.0,0.0,0.0,0.5,1.09614638859213e-05,-1.09614638859213e-05,64
pre_selector,24,0,0.0,0.0,0.0,0.5,-6.0481550463011374e-05,6.048155046301136e-05,64
pre_selector,32,14,0.0,0.0,0.0,0.5,3.280661985628438e-05,-3.2806619856284326e-05,64
pre_selector,10,27,0.0,0.0,0.0,0.5,0.00014009497272127072,-0.00014009497272127075,64
pre_selector,6,10,0.0,0.0,0.0,0.5,-0.00015036312788651004,0.00015036312788651007,64
pre_selector,1,26,0.0,0.0,0.0,0.5,-0.00024795818899292195,0.00024795818899292174,64
pre_selector,35,11,0.0,0.0,0.0,0.5,-0.0003242400707677,0.0003242400707677,64
pre_selector,35,9,0.0,0.0,0.0,0.5,-7.839169120415937e-05,7.839169120415937e-05,64
pre_selector,35,3,0.0,0.0,0.0,0.5,-0.0003332505366415595,0.0003332505366415593,64
pre_selector,35,1,0.0,0.0,0.0,0.5,1.8625161828818597e-05,-1.8625161828818597e-05,64
pre_selector,35,0,0.0,0.0,0.0,0.5,-8.911598706617997e-05,8.911598706617995e-05,64
pre_selector,21,16,0.0,0.0,0.0,0.5,0.00155110751802565,-0.00155110751802565,64
pre_selector,26,15,0.0,0.0,0.0,0.5,-0.004067853093147274,0.004067853093147274,64
pre_selector,26,13,0.0,0.0,0.0,0.5,-6.770068284822308e-05,6.770068284822308e-05,64
pre_selector,5,3,0.0,0.0,0.0,0.5,-0.00038357189077944346,0.0003835718907794435,64
pre_selector,31,24,0.0,0.0,0.0,0.5,0.0013375530834309657,-0.0013375530834309655,64
pre_selector,30,11,0.0,0.0,0.0,0.5,-0.00012197247269795622,0.00012197247269795622,64
pre_selector,30,8,0.0,0.0,0.0,0.5,-0.0025083406108024004,0.0025083406108023995,64
pre_selector,30,3,0.0,0.0,0.0,0.5,-0.0009738441412991875,0.0009738441412991874,64
pre_selector,3,21,0.0,0.0,0.0,0.5,-0.0009608405962353438,0.0009608405962353438,64
pre_selector,17,3,0.0,0.0,0.0,0.5,0.0009220399697369481,-0.000922039969736948,64
pre_selector,17,1,0.0,0.0,0.0,0.5,0.0006450586806749941,-0.000645058680674994,64
pre_selector,17,0,0.0,0.0,0.0,0.5,0.002475506908922379,-0.0024755069089223785,64
pre_selector,11,10,0.0,0.0,0.0,0.5,-8.42835163437094e-07,8.428351634370982e-07,64
pre_selector,11,5,0.0,0.0,0.0,0.5,-1.7586788885636616e-05,1.7586788885636616e-05,64
pre_selector,25,22,0.0,0.0,0.0,0.5,6.805074644943688e-05,-6.805074644943688e-05,64
pre_selector,11,20,0.0,0.0,0.0,0.5,-3.351411407947061e-05,3.351411407947061e-05,64
pre_selector,11,17,0.0,0.0,0.0,0.5,9.344791851615895e-05,-9.344791851615897e-05,64
pre_selector,11,15,0.0,0.0,0.0,0.5,-0.0002914380511356344,0.00029143805113563434,64
pre_selector,34,17,0.0,0.0,0.0,0.5,-0.000812523496279005,0.0008125234962790049,64
pre_selector,34,12,0.0,0.0,0.0,0.5,-0.00011781128159781496,0.00011781128159781497,64
pre_selector,34,10,0.0,0.0,0.0,0.5,9.816038254938453e-05,-9.816038254938455e-05,64
pre_selector,34,2,0.0,0.0,0.0,0.5,-0.007574821625894379,0.007574821625894377,64
pre_selector,34,0,0.0,0.0,0.0,0.5,-0.0021627441819873374,0.002162744181987338,64
pre_selector,33,27,0.0,0.0,0.0,0.5,-0.00010575960595814168,0.00010575960595814168,64
pre_selector,10,25,0.0,0.0,0.0,0.5,-2.1064184373642073e-05,2.1064184373642076e-05,64
pre_selector,33,25,0.0,0.0,0.0,0.5,-0.0001527560762042416,0.00015275607620424158,64
pre_selector,4,20,0.0,0.0,0.0,0.5,-0.0015583236454403872,0.0015583236454403875,64
pre_selector,4,19,0.0,0.0,0.0,0.5,-0.0024943138892012783,0.0024943138892012788,64
pre_selector,4,16,0.0,0.0,0.0,0.5,-0.0024910374891078274,0.002491037489107827,64
pre_selector,9,26,0.0,0.0,0.0,0.5,-1.1674453617160861e-05,1.1674453617160856e-05,64
pre_selector,31,21,0.0,0.0,0.0,0.5,-5.8607992286846864e-05,5.860799228684688e-05,64
pre_selector,25,19,0.0,0.0,0.0,0.5,-3.2569421364244623e-06,3.256942136424459e-06,64
pre_selector,33,11,0.0,0.0,0.0,0.5,-0.007601047087518952,0.007601047087518953,64
pre_selector,33,10,0.0,0.0,0.0,0.5,-0.002766722991509572,0.002766722991509572,64
pre_selector,33,3,0.0,0.0,0.0,0.5,3.173389995936342e-05,-3.173389995936342e-05,64
pre_selector,33,26,0.0,0.0,0.0,0.5,-2.471165942092538e-06,2.4711659420925363e-06,64
pre_selector,12,26,0.0,0.0,0.0,0.5,-0.0004947638608427882,0.0004947638608427882,64
pre_selector,12,25,0.0,0.0,0.0,0.5,-2.010051680656475e-09,2.0100516806564883e-09,64
pre_selector,14,24,0.0,0.0,0.0,0.5,8.185103979486619e-06,-8.18510397948666e-06,64
pre_selector,14,22,0.0,0.0,0.0,0.5,9.06603736438286e-06,-9.066037364382853e-06,64
pre_selector,26,21,0.0,0.0,0.0,0.5,0.00013645751619149069,-0.00013645751619149066,64
pre_selector,26,18,0.0,0.0,0.0,0.5,-0.00023360272462015388,0.00023360272462015386,64
pre_selector,26,17,0.0,0.0,0.0,0.5,3.2344032661013556e-06,-3.23440326610141e-06,64
pre_selector,16,30,0.0,0.0,0.0,0.5,0.0005396695814852094,-0.0005396695814852093,64
pre_selector,35,19,0.0,0.0,0.0,0.5,-0.003521965030813587,0.0035219650308135867,64
pre_selector,11,21,0.0,0.0,0.0,0.5,-1.3900327672899948e-05,1.3900327672899948e-05,64
pre_selector,3,16,0.0,0.0,0.0,0.5,-0.00041441134089836797,0.00041441134089836797,64
pre_selector,3,3,0.0,0.0,0.0,0.5,-0.0005740021115343424,0.0005740021115343425,64
pre_selector,2,26,0.0,0.0,0.0,0.5,0.00011266171350143443,-0.00011266171350143427,64
pre_selector,34,21,0.0,0.0,0.0,0.5,-0.007967908353748498,0.0079679083537485,64
pre_selector,31,17,0.0,0.0,0.0,0.5,6.390422640834998e-05,-6.390422640835001e-05,64
pre_selector,31,15,0.0,0.0,0.0,0.5,0.0015598182872054154,-0.0015598182872054156,64
pre_selector,31,5,0.0,0.0,0.0,0.5,0.0012798667012248188,-0.0012798667012248188,64
pre_selector,31,2,0.0,0.0,0.0,0.5,1.0316469342796846e-05,-1.0316469342796846e-05,64
pre_selector,30,31,0.0,0.0,0.0,0.5,5.2795598378446116e-05,-5.2795598378446116e-05,64
pre_selector,11,23,0.0,0.0,0.0,0.5,-1.5489436577802325e-05,1.5489436577802325e-05,64
pre_selector,35,18,0.0,0.0,0.0,0.5,-0.00013640441829921245,0.00013640441829921261,64
