query_phase,layer,head,mean_active_minus_inactive,cohens_d_vs_zero,abs_cohens_d,active_preference_rate,harmful_mean,benign_mean,n
post_selector,9,11,0.007646146794286279,2.827235975171602,2.827235975171602,1.0,0.007395406842988405,0.00789688674558415,64
post_selector,14,11,0.01138775430808887,2.0521942129745483,2.0521942129745483,0.984375,0.010234085762931456,0.012541422853246284,64
post_selector,18,13,-0.010790294130856588,-1.9445125529364455,1.9445125529364455,0.0,-0.01018065078824288,-0.011399937473470293,64
post_selector,21,31,0.01128233424242349,1.8931407799732023,1.8931407799732023,0.984375,0.011772995887440591,0.01079167259740639,64
post_selector,18,12,-0.010505183519853703,-1.891239936785881,1.891239936785881,0.015625,-0.011941074466449165,-0.009069292573258239,64
post_selector,9,10,0.009622055660656725,1.8746866236883462,1.8746866236883462,1.0,0.01014737382502058,0.009096737496292868,64
post_selector,19,30,-0.027417033779784064,-1.8492771158410755,1.8492771158410755,0.0,-0.03614545572781931,-0.018688611831748816,64
post_selector,15,5,0.004052185460750427,1.6956211861824704,1.6956211861824704,1.0,0.00340499680169154,0.004699374119809316,64
post_selector,24,21,0.0034014695120276385,1.6741073961198787,1.6741073961198787,1.0,0.0034391750959911834,0.0033637639280640935,64
post_selector,19,0,-0.010309521607268791,-1.6717781677535313,1.6717781677535313,0.03125,-0.011752891565265555,-0.008866151649272028,64
post_selector,21,18,0.011597326818446125,1.661647896554901,1.661647896554901,1.0,0.014617984852520709,0.00857666878437154,64
post_selector,13,14,0.022038222057744812,1.6585528637057576,1.6585528637057576,1.0,0.0238409305165987,0.020235513598890927,64
post_selector,16,23,0.047028320354002014,1.4614445017070483,1.4614445017070483,0.984375,0.03949138279131143,0.0545652579166926,64
post_selector,18,15,0.03154509793239409,1.4439043157607734,1.4439043157607734,1.0,0.021288127391017,0.041802068473771166,64
post_selector,16,17,-0.023594671398313907,-1.4435853301811523,1.4435853301811523,0.0,-0.0281882960698567,-0.019001046726771123,64
post_selector,18,11,-0.02621364832884861,-1.4289778956100687,1.4289778956100687,0.046875,-0.032872935524210306,-0.01955436113348692,64
post_selector,17,15,0.044154016337415614,1.4272897890527279,1.4272897890527279,1.0,0.03477447332988953,0.0535335593449417,64
post_selector,20,9,0.0020531278505586245,1.4266770476276085,1.4266770476276085,0.921875,0.0018577018872747042,0.002248553813842545,64
post_selector,20,15,0.037960846559144515,1.4013656457055998,1.4013656457055998,0.984375,0.029629001888679302,0.04629269122960973,64
post_selector,19,25,0.00607660907553505,1.3850830991017908,1.3850830991017908,0.921875,0.004056195379234821,0.008097022771835279,64
post_selector,9,8,0.0022254369350775505,1.3351462904254896,1.3351462904254896,0.953125,0.002124544167600065,0.002326329702555037,64
post_selector,22,11,0.004242047125444468,1.3205013578524674,1.3205013578524674,1.0,0.004060918559844097,0.004423175691044841,64
post_selector,23,5,0.005022634182751019,1.3119348926462118,1.3119348926462118,0.921875,0.004338718816143194,0.005706549549358843,64
post_selector,19,31,0.02467691832862324,1.2874426293161194,1.2874426293161194,0.984375,0.019095763898803797,0.030258072758442677,64
post_selector,17,4,0.02371790743563901,1.2837646152769622,1.2837646152769622,1.0,0.015004906752437762,0.03243090811884026,64
post_selector,26,26,0.0060105580305389195,1.254556873058477,1.254556873058477,0.921875,0.004019873824290662,0.008001242236787179,64
post_selector,19,21,-0.00315008233155819,-1.2487503681999759,1.2487503681999759,0.078125,-0.002856446000805559,-0.0034437186623108213,64
post_selector,21,11,0.01267253303376488,1.233643596182168,1.233643596182168,0.90625,0.009295714000472757,0.016049352067057,64
post_selector,26,24,0.003108274884652886,1.2286092226983543,1.2286092226983543,0.9375,0.002592811648355531,0.0036237381209502408,64
post_selector,20,12,-0.004529230496700572,-1.2057569876473382,1.2057569876473382,0.015625,-0.005148531279701222,-0.0039099297136999216,64
post_selector,30,27,0.0043124533312947815,1.189634029897804,1.189634029897804,0.875,0.0032610525486233815,0.0053638541139661815,64
post_selector,20,23,0.00903492791258028,1.180316328853851,1.180316328853851,0.921875,0.008011280035134372,0.010058575790026187,64
post_selector,12,28,-0.0022577916970476105,-1.1795725844387324,1.1795725844387324,0.109375,-0.0024679332163941217,-0.0020476501777010993,64
post_selector,32,10,0.0018089176201101067,1.1476001773452567,1.1476001773452567,0.9375,0.0011626328778219963,0.002455202362398217,64
post_selector,16,2,0.0014769305894332778,1.1431380315878799,1.1431380315878799,0.96875,0.0013783892036371595,0.0015754719752293957,64
post_selector,18,10,-0.008375570982025196,-1.138153333677216,1.138153333677216,0.046875,-0.008125186410325076,-0.008625955553725317,64
post_selector,17,12,0.004462440543647929,1.1326530409432203,1.1326530409432203,0.953125,0.004081858296558454,0.004843022790737403,64
post_selector,29,7,0.008959608907389314,1.1307742686912656,1.1307742686912656,0.84375,0.007078860013280043,0.010840357801498583,64
post_selector,24,29,0.013558746661146818,1.1238817944124235,1.1238817944124235,0.96875,0.010562303272308728,0.01655519004998491,64
post_selector,13,13,0.003970279054556113,1.117035239893858,1.117035239893858,0.984375,0.005071470985058063,0.0028690871240541634,64
post_selector,15,7,0.042201629665214534,1.1086701723752233,1.1086701723752233,0.859375,0.023143646278185742,0.061259613052243325,64
post_selector,14,7,0.02899811724819297,1.0954912076211711,1.0954912076211711,0.984375,0.019058571451751,0.03893766304463493,64
post_selector,23,10,0.029567368823336396,1.0827097574702906,1.0827097574702906,0.96875,0.028117395966546565,0.031017341680126237,64
post_selector,33,13,0.0025488007022431355,1.0656523011243955,1.0656523011243955,0.90625,0.0014819218322372468,0.0036156795722490248,64
post_selector,28,23,0.0036415460072020886,1.0540927525195505,1.0540927525195505,0.875,0.0020839528006035613,0.005199139213800615,64
post_selector,23,30,0.01050489525732698,1.0532962606070506,1.0532962606070506,0.84375,0.0075738885570899315,0.013435901957564028,64
post_selector,29,2,0.002420918858660985,1.0422408583373761,1.0422408583373761,0.921875,0.002223270254034974,0.0026185674632869956,64
post_selector,18,8,0.010792387271067093,1.041845780938953,1.041845780938953,0.859375,0.009525955523713447,0.012058819018420737,64
post_selector,24,5,0.0027641383853733324,1.0395864383691131,1.0395864383691131,0.890625,0.002718565996474315,0.00280971077427235,64
post_selector,12,31,0.024357907721423502,1.0325015368337032,1.0325015368337032,1.0,0.024029699678067083,0.02468611576477992,64
post_selector,33,10,0.003132034578811683,1.0294768070444027,1.0294768070444027,0.875,0.0013426165714917914,0.004921452586131575,64
post_selector,23,4,0.004815762369616963,1.0192862108720842,1.0192862108720842,0.890625,0.003862699057208333,0.005768825682025594,64
post_selector,31,30,0.005599667345450101,1.0192247719445144,1.0192247719445144,0.921875,0.004506377732468499,0.006692956958431704,64
post_selector,32,2,0.007615239526785407,1.0157476384941078,1.0157476384941078,0.875,0.004493382555665422,0.010737096497905394,64
post_selector,27,16,0.002758467875537441,1.0025845701342395,1.0025845701342395,0.78125,0.003041619405848881,0.0024753163452259997,64
post_selector,20,7,0.001956579775651294,0.9854486748676899,0.9854486748676899,0.90625,0.0011601100195548129,0.0027530495317477748,64
post_selector,34,0,0.0015016563384051187,0.9844064613170103,0.9844064613170103,0.890625,0.001204542704726887,0.0017987699720833504,64
post_selector,20,29,0.021375766969867954,0.9803424170321866,0.9803424170321866,0.859375,0.022002176468959057,0.020749357470776858,64
post_selector,33,18,0.004277107160305571,0.9708080593031138,0.9708080593031138,0.8125,0.003797597135417134,0.004756617185194009,64
post_selector,32,3,0.004811985743799564,0.9594692861039115,0.9594692861039115,0.84375,0.0026660756084311062,0.006957895879168022,64
post_selector,29,5,0.0043795216888611,0.951160439986584,0.951160439986584,0.828125,0.0027824494136438967,0.005976593964078303,64
post_selector,34,1,0.0017625706841499465,0.9500753946523438,0.9500753946523438,0.84375,0.0015864335418882302,0.0019387078264116624,64
post_selector,26,27,0.002063063516288784,0.9490618666686335,0.9490618666686335,0.84375,0.0025150711298919863,0.0016110559026855814,64
post_selector,28,21,0.0021748919098172025,0.9415980401851999,0.9415980401851999,0.828125,0.001570643002196421,0.002779140817437983,64
post_selector,34,3,0.005123510673001846,0.9365188579043205,0.9365188579043205,0.859375,0.0025973975134547635,0.007649623832548928,64
post_selector,33,30,0.0020992586232750562,0.9311879012546769,0.9311879012546769,0.84375,0.001647994351515046,0.002550522895035066,64
post_selector,33,19,0.004130912098844388,0.9303424197642938,0.9303424197642938,0.828125,0.0021893342200200836,0.006072489977668691,64
post_selector,33,16,0.0034241658486279963,0.9201547774393324,0.9201547774393324,0.90625,0.0018573231136542457,0.004991008583601747,64
post_selector,18,30,0.015570738651149402,0.9199609750798047,0.9199609750798047,0.859375,0.009123886164161345,0.022017591138137463,64
post_selector,31,28,0.0039241538688656544,0.9192692189958811,0.9192692189958811,0.84375,0.0027270842983852838,0.005121223439346025,64
post_selector,28,16,0.00044209409406899974,0.9144758641334313,0.9144758641334313,0.84375,0.00021336650297596962,0.00067082168516203,64
post_selector,12,29,0.016145383420280216,0.9128022529522309,0.9128022529522309,0.96875,0.018583662379569377,0.013707104460991054,64
post_selector,14,23,0.0003014282146977696,0.9081077337347783,0.9081077337347783,0.8125,0.0002875569152819942,0.00031529951411354503,64
post_selector,30,25,0.0013532090642911095,0.8976291627694613,0.8976291627694613,0.921875,0.0011671779466268686,0.00153924018195535,64
post_selector,32,11,0.006097186673287034,0.8949965480460023,0.8949965480460023,0.859375,0.006677938639768361,0.005516434706805707,64
post_selector,31,4,0.0028215260590513614,0.8932340449738614,0.8932340449738614,0.859375,0.00247118520928777,0.003171866908814953,64
post_selector,13,15,0.006608283604236886,0.8915662393197711,0.8915662393197711,0.96875,0.007459548035512806,0.005757019172960965,64
post_selector,11,7,0.00385646427366734,0.8885092552898495,0.8885092552898495,0.8125,0.003570895532902771,0.00414203301443191,64
post_selector,24,23,0.011781546672864303,0.8858001115605644,0.8858001115605644,1.0,0.01173459493293189,0.011828498412796717,64
post_selector,29,11,0.003882999554434684,0.8813573801062938,0.8813573801062938,0.890625,0.0023996525037545957,0.005366346605114773,64
post_selector,33,15,0.013163451061700436,0.8811851315505596,0.8811851315505596,0.875,0.013174543026252605,0.01315235909714827,64
post_selector,34,7,0.0033911652490132512,0.8780822358165138,0.8780822358165138,0.734375,0.003305555434053496,0.003476775063973007,64
post_selector,34,2,0.003054029169106766,0.8738062322141951,0.8738062322141951,0.828125,0.0018800119814841045,0.004228046356729428,64
post_selector,29,6,0.00528556685276268,0.8655415859548408,0.8655415859548408,0.796875,0.003204303920938381,0.0073668297845869805,64
post_selector,12,11,0.007135696784644064,0.8628031990592462,0.8628031990592462,0.859375,0.009161267958916107,0.005110125610372022,64
post_selector,33,17,0.003065500006414339,0.8592649043008171,0.8592649043008171,0.8125,0.0013879618290957214,0.004743038183732956,64
post_selector,20,21,0.011218579074920831,0.858689152497385,0.858689152497385,0.75,0.009432916624064074,0.01300424152577759,64
post_selector,24,4,0.0008026530294955361,0.8521174637294627,0.8521174637294627,0.75,0.001157947515821398,0.0004473585431696742,64
post_selector,17,7,0.004675975258578519,0.8513678362507656,0.8513678362507656,0.8125,0.003147462848573903,0.006204487668583135,64
post_selector,24,13,0.005466151078508081,0.8509084802194161,0.8509084802194161,0.890625,0.0041941215858969025,0.006738180571119256,64
post_selector,31,6,0.0022664885364065126,0.8464877914874445,0.8464877914874445,0.84375,0.0015429354461957466,0.0029900416266172777,64
post_selector,29,0,0.008332894925842955,0.8439204801139109,0.8439204801139109,0.90625,0.006728596876200716,0.009937192975485194,64
post_selector,15,15,0.003225038424716292,0.8386917132900398,0.8386917132900398,0.828125,0.003870305132295425,0.0025797717171371594,64
post_selector,34,5,0.0029163087947381055,0.8379039050966889,0.8379039050966889,0.859375,0.0025351449112349387,0.0032974726782412722,64
post_selector,32,0,0.002455833187923386,0.831992670766605,0.831992670766605,0.859375,0.0016569320287089595,0.003254734347137812,64
post_selector,29,3,0.004447842908120922,0.8295563822649203,0.8295563822649203,0.796875,0.0037395395265775533,0.005156146289664291,64
post_selector,33,29,0.0017352003178529767,0.8277741987489062,0.8277741987489062,0.84375,0.0008170879755198067,0.0026533126601861468,64
post_selector,26,16,0.0009100944180317738,0.8256616930121576,0.8256616930121576,0.796875,0.0011722301478584592,0.0006479586882050883,64
post_selector,20,8,0.0032228750023932324,0.8210792966285804,0.8210792966285804,0.875,0.003131878569547518,0.003313871435238947,64
post_selector,19,11,-0.0015645143139408632,-0.8170056232752334,0.8170056232752334,0.203125,-0.002141686854883995,-0.0009873417729977312,64
post_selector,16,28,-0.006876187646412265,-0.8062408616949138,0.8062408616949138,0.1875,-0.006161434575915323,-0.0075909407169092065,64
post_selector,12,22,-0.0006144872927506821,-0.8025352812911282,0.8025352812911282,0.203125,-0.0006385932092598296,-0.0005903813762415347,64
post_selector,14,9,0.0019489400829115523,0.7994310152029553,0.7994310152029553,0.796875,0.002152976852812541,0.0017449033130105642,64
post_selector,23,23,0.0021120494129718073,0.7964602188800451,0.7964602188800451,0.703125,0.0021083508545416234,0.0021157479714019913,64
post_selector,31,7,0.0012923651265736727,0.792158781812782,0.792158781812782,0.859375,0.0009811533491301495,0.001603576904017196,64
post_selector,33,9,0.0014656642715635629,0.7903303271101211,0.7903303271101211,0.703125,0.0003138706579193281,0.002617457885207798,64
post_selector,30,9,0.0011882159060405315,0.7861553235781176,0.7861553235781176,0.828125,0.0008703077191966975,0.0015061240928843657,64
post_selector,13,31,-0.007528287183959006,-0.780208562605271,0.780208562605271,0.1875,-0.0077180410589789625,-0.007338533308939049,64
post_selector,23,31,0.0037334958678911625,0.7800305304756029,0.7800305304756029,0.703125,0.004299211361285386,0.003167780374496939,64
post_selector,30,8,0.0018866525060729689,0.7735850589292173,0.7735850589292173,0.765625,0.00140417765032905,0.0023691273618168876,64
post_selector,31,14,0.0022045792547941995,0.7601169484050839,0.7601169484050839,0.796875,0.0016562241853534771,0.0027529343242349217,64
post_selector,32,7,0.004637405986613859,0.7588903201157803,0.7588903201157803,0.765625,0.0018967671185237,0.007378044854704019,64
post_selector,20,13,0.007624251040397176,0.7551760930672519,0.7551760930672519,0.84375,0.004309551964979594,0.01093895011581476,64
post_selector,31,31,0.004323491284139867,0.7544204258759653,0.7544204258759653,0.71875,0.003681643099298506,0.004965339468981228,64
post_selector,31,15,0.003167575414408898,0.748146354016146,0.748146354016146,0.796875,0.0027971620947937273,0.003537988734024069,64
post_selector,16,22,-0.01946101166140579,-0.7445513504831239,0.7445513504831239,0.5,-0.02048085023125168,-0.018441173091559904,64
post_selector,24,31,0.0072552369310869644,0.7374572915976993,0.7374572915976993,0.71875,0.007405200143693919,0.0071052737184800095,64
post_selector,32,8,0.003340096619467622,0.7307084844590949,0.7307084844590949,0.875,0.003098832939940591,0.0035813602989946533,64
post_selector,21,8,0.0034098039686796125,0.7284135945242733,0.7284135945242733,0.734375,0.003947610217437603,0.002871997719921622,64
post_selector,27,18,0.0011470040349194951,0.7256449953498599,0.7256449953498599,0.765625,0.00019619482463894015,0.00209781324520005,64
post_selector,15,9,0.0009562299103435688,0.7235740766984825,0.7235740766984825,0.890625,0.0006460120871451647,0.0012664477335419732,64
post_selector,11,15,0.002874064952266022,0.7233852502996789,0.7233852502996789,0.765625,0.002601828495244234,0.003146301409287809,64
post_selector,12,1,0.005475000401929705,0.7202213664171796,0.7202213664171796,0.65625,0.005005762686778305,0.0059442381170811045,64
post_selector,24,7,0.00031346248078986964,0.7172251248245441,0.7172251248245441,0.8125,0.0003651294587143348,0.00026179550286540453,64
post_selector,18,16,0.0013643491001857615,0.7049157606658024,0.7049157606658024,0.78125,0.0010498037190700205,0.0016788944813015023,64
post_selector,13,24,0.0006295517614489305,0.695805867863377,0.695805867863377,0.796875,0.0003747761129488665,0.0008843274099489945,64
post_selector,31,29,0.0012359514112176588,0.6954260228519495,0.6954260228519495,0.765625,0.0007000644691288289,0.0017718383533064886,64
post_selector,20,0,-0.007203066361398645,-0.6946805438156468,0.6946805438156468,0.265625,-0.009348233474156555,-0.005057899248640733,64
post_selector,28,19,0.0006370116152538425,0.6919398988263713,0.6919398988263713,0.765625,0.00019095039169769731,0.0010830728388099876,64
post_selector,20,1,0.0024192016044253077,0.6883034801239656,0.6883034801239656,0.75,0.0025260274414904225,0.0023123757673601934,64
post_selector,17,13,0.0033584870543563582,0.6871546216852363,0.6871546216852363,0.6875,0.0027838825772050655,0.00393309153150765,64
post_selector,33,31,0.0013110146746839562,0.6834352229999843,0.6834352229999843,0.6875,9.120245522371864e-06,0.0026129091038455407,64
response_mean,23,30,0.0030294133202914703,0.6829692787804462,0.6829692787804462,0.75,0.0015073723916429953,0.004551454248939945,64
post_selector,20,31,-0.009653450168116228,-0.6772174969313536,0.6772174969313536,0.296875,-0.011432183669967316,-0.007874716666265144,64
post_selector,0,2,-0.0017774073417058385,-0.6759875161038397,0.6759875161038397,0.5,-0.0016246885834334548,-0.001930126099978222,64
response_mean,26,27,0.0022360077009579717,0.6753646506054768,0.6753646506054768,0.78125,0.0015976821136973655,0.002874333288218578,64
post_selector,29,4,0.000917290904908416,0.6749410276576341,0.6749410276576341,0.78125,0.00046345918235600383,0.001371122627460828,64
post_selector,16,4,0.0018348645362493365,0.6747781206331421,0.6747781206331421,0.796875,0.0015349305031122312,0.002134798569386442,64
post_selector,16,13,0.0013300674854690138,0.6732426547340741,0.6732426547340741,0.78125,0.0016785454063210346,0.0009815895646169937,64
post_selector,22,22,0.0005256105307580269,0.6726047332286104,0.6726047332286104,0.84375,0.0005620867505058043,0.0004891343110102496,64
post_selector,21,10,0.0024170924643840156,0.6679512605540457,0.6679512605540457,0.765625,0.0017527960735605813,0.00308138885520745,64
post_selector,24,15,0.001816439127651372,0.6675608019660745,0.6675608019660745,0.75,0.002217408906290047,0.0014154693490126971,64
post_selector,31,5,0.004251688973454265,0.6672267568664597,0.6672267568664597,0.78125,0.003975199520937139,0.004528178425971391,64
post_selector,24,30,0.0009506159076408674,0.6664459161274278,0.6664459161274278,0.84375,0.0014737783039890616,0.00042745351129267313,64
post_selector,34,29,0.001094418221327922,0.6664032096240138,0.6664032096240138,0.734375,8.325630915359777e-06,0.0021805108117404844,64
response_mean,24,12,0.002332687616217269,0.6630748074722331,0.6630748074722331,0.765625,0.0025741555618878508,0.0020912196705466877,64
response_mean,24,14,0.0033404810537831257,0.6630245198557945,0.6630245198557945,0.734375,0.0019591791415223027,0.004721782966043949,64
post_selector,29,13,0.0005019386960611551,0.6603090781729327,0.6603090781729327,0.796875,0.0004132434764869314,0.0005906339156353786,64
post_selector,11,24,0.004661851377022668,0.6591395747340353,0.6591395747340353,0.640625,0.004359398400993069,0.004964304353052268,64
post_selector,33,14,0.004356937230113514,0.6569430673783325,0.6569430673783325,0.796875,0.003929160837287753,0.004784713622939274,64
post_selector,12,18,-0.0032299341910402056,-0.656699523438729,0.656699523438729,0.265625,-0.002759164555754947,-0.0037007038263254647,64
post_selector,12,30,0.009079675510292845,0.6564257755946782,0.6564257755946782,0.8125,0.008062146447628,0.01009720457295769,64
post_selector,33,12,0.00329611625238608,0.653981299138134,0.653981299138134,0.921875,0.0036811401259910313,0.002911092378781128,64
post_selector,12,15,0.010845280548892309,0.6523455629619545,0.6523455629619545,0.71875,0.011571927407203449,0.010118633690581167,64
post_selector,10,24,0.003022436114406425,0.6518326093368727,0.6518326093368727,0.703125,0.0034104769401892315,0.0026343952886236197,64
response_mean,24,31,0.0010107150449129806,0.6512281769749385,0.6512281769749385,0.796875,0.0005086320556983798,0.0015127980341275813,64
post_selector,16,25,0.0027904467788175498,0.6499429982914435,0.6499429982914435,0.71875,0.0035487630811985344,0.0020321304764365656,64
post_selector,33,11,0.003107325355813353,0.6464194434628717,0.6464194434628717,0.75,0.0003097867484029938,0.005904863963223712,64
post_selector,20,2,0.0026386356216789673,0.6442532269792595,0.6442532269792595,0.6875,0.003101556176261481,0.0021757150670964533,64
response_mean,24,13,0.001551585784000034,0.6415201569019168,0.6415201569019168,0.765625,0.0004677446713685663,0.0026354268966315014,64
post_selector,32,5,0.0018529596018197147,0.6405161726032739,0.6405161726032739,0.859375,0.0005241652197582714,0.003181753983881158,64
post_selector,35,28,0.0005476458836710363,0.6394722625985177,0.6394722625985177,0.6875,0.0004931313324050008,0.0006021604349370717,64
post_selector,15,8,0.0023699126213614216,0.6391418345881816,0.6391418345881816,0.75,0.0012203052974655306,0.003519519945257313,64
post_selector,20,20,0.0017223663016920714,0.6300015615923994,0.6300015615923994,0.671875,0.0018850994747481187,0.0015596331286360236,64
post_selector,34,31,0.0010495064625501722,0.6292015876845524,0.6292015876845524,0.78125,0.0001965948686119977,0.0019024180564883465,64
post_selector,18,2,0.0014689805407215066,0.6279932642431182,0.6279932642431182,0.765625,0.0008931212869356091,0.0020448397945074044,64
post_selector,22,20,0.0026680498340283503,0.6275415289310059,0.6275415289310059,0.578125,0.0015943506223266126,0.0037417490457300876,64
post_selector,24,28,0.0021219285517872595,0.621722609226645,0.621722609226645,0.71875,0.0031995827812351966,0.0010442743223393219,64
post_selector,29,15,0.0006018222369447972,0.6214411935096007,0.6214411935096007,0.703125,7.156404990381415e-05,0.0011320804239857802,64
post_selector,0,22,-3.8199404428943776e-05,-0.6212242144884023,0.6212242144884023,0.5,-3.610307936696079e-05,-4.029572949092677e-05,64
post_selector,18,27,0.0014489375298580623,0.619369054008023,0.619369054008023,0.6875,0.0012334355851635007,0.0016644394745526244,64
post_selector,11,29,0.0003819679253638048,0.6152797196815353,0.6152797196815353,0.71875,0.0005385724723509877,0.00022536337837662183,64
post_selector,16,21,0.0024747120551182732,0.6136050858582636,0.6136050858582636,0.6875,0.002157266902941027,0.0027921572072955193,64
post_selector,33,28,0.001240608207808676,0.6118298856359586,0.6118298856359586,0.703125,0.000874356661370245,0.001606859754247107,64
post_selector,33,23,0.0027905436672881253,0.6116371217842317,0.6116371217842317,0.75,0.0023028488940326376,0.0032782384405436126,64
post_selector,22,21,-0.0003999205091531318,-0.6112680499350508,0.6112680499350508,0.203125,-0.000460954090158308,-0.0003388869281479557,64
post_selector,28,0,0.008231186595367018,0.6095160908889188,0.6095160908889188,0.625,0.00531200844852717,0.011150364742206867,64
post_selector,18,4,0.0013448020363284437,0.6086218476171786,0.6086218476171786,0.75,0.0006350291441776512,0.002054574928479236,64
post_selector,30,11,0.0029575114072031058,0.6078982412766099,0.6078982412766099,0.703125,0.0029079812111376443,0.0030070416032685673,64
post_selector,14,26,0.00026060963045890814,0.6075272112374827,0.6075272112374827,0.71875,0.00020008631099698254,0.00032113294992083385,64
post_selector,0,17,0.006438637223254773,0.6041070645828438,0.6041070645828438,0.5,0.007667930975003396,0.00520934347150615,64
post_selector,14,29,0.0004965793991686892,0.5989239815645305,0.5989239815645305,0.5625,0.0006263647228479242,0.00036679407548945403,64
post_selector,23,6,0.0013212781423135207,0.5975696532074057,0.5975696532074057,0.609375,0.0010692369323805876,0.001573319352246454,64
post_selector,27,15,0.0007240294653456461,0.5964343622738284,0.5964343622738284,0.734375,-4.50842999271109e-05,0.001493143230618403,64
post_selector,22,4,0.0021557508462137715,0.594499481172429,0.594499481172429,0.65625,0.002677093554666483,0.0016344081377610595,64
post_selector,26,22,0.00011644294681897918,0.5922633167327165,0.5922633167327165,0.875,8.633204197392596e-05,0.00014655385166403243,64
post_selector,26,19,0.0008055729513216466,0.589326098464223,0.589326098464223,0.703125,0.001255176108315907,0.0003559697943273863,64
post_selector,25,9,0.0002930837289340819,0.5890674144987068,0.5890674144987068,0.765625,0.0005690611174031379,1.7106340465025874e-05,64
post_selector,0,26,0.0033150112067232844,0.5879478204121013,0.5879478204121013,0.5,0.0026996791566489212,0.003930343256797647,64
post_selector,14,20,0.0008423383924309699,0.5844785319107144,0.5844785319107144,0.53125,0.0007966389430293874,0.0008880378418325523,64
post_selector,24,0,0.00025082330205349344,0.5840751762541877,0.5840751762541877,0.59375,0.00016927933597798062,0.00033236726812900633,64
response_mean,26,26,0.0037507216102312417,0.5831257280872814,0.5831257280872814,0.734375,0.002765641812402457,0.004735801408060026,64
post_selector,10,25,0.0010394431224085448,0.5809543978248057,0.5809543978248057,0.625,0.001154618045802613,0.0009242681990144766,64
post_selector,33,20,0.0031668980918766283,0.5809021044932108,0.5809021044932108,0.71875,0.000889361948793515,0.005444434234959741,64
post_selector,11,4,0.001917424506245865,0.5804885603990158,0.5804885603990158,0.671875,0.002198571804910894,0.0016362772075808358,64
post_selector,17,20,-0.0005045791062911796,-0.5789877831465036,0.5789877831465036,0.265625,-0.0003776935373025297,-0.0006314646752798293,64
post_selector,28,2,0.009017296419187911,0.5762157595052698,0.5762157595052698,0.59375,0.006258405832340934,0.011776187006034888,64
post_selector,21,20,0.001326065495959461,0.5728811352633167,0.5728811352633167,0.734375,0.0012797136296285032,0.0013724173622904185,64
post_selector,22,5,0.001831002355174844,0.5717449781043206,0.5717449781043206,0.6875,0.0019184307311661372,0.0017435739791835498,64
post_selector,14,10,0.0016799543791421229,0.5691743339769,0.5691743339769,0.671875,0.0015623609033354876,0.001797547854948758,64
post_selector,34,19,0.0014022905670571812,0.5663328779183257,0.5663328779183257,0.75,0.00047215682388923125,0.002332424310225131,64
post_selector,19,9,0.0015835674039408273,0.566296565272,0.566296565272,0.625,0.0010303084418410385,0.0021368263660406163,64
post_selector,25,10,0.0019632679604910433,0.5653909539391051,0.5653909539391051,0.765625,0.0038181962045200227,0.00010833971646206372,64
post_selector,11,22,0.0007043883061328326,0.5647297879201839,0.5647297879201839,0.546875,0.0008136541459862056,0.0005951224662794597,64
post_selector,11,5,0.00034375246980288064,0.5632429252834884,0.5632429252834884,0.59375,0.0004214194996165946,0.0002660854399891666,64
post_selector,24,8,0.004665022595872842,0.5612645875739878,0.5612645875739878,0.75,0.004397221542603763,0.004932823649141922,64
post_selector,9,9,-0.006584345544979444,-0.5595069995420047,0.5595069995420047,0.5,-0.007648117723874744,-0.005520573366084143,64
post_selector,27,13,0.001071120783308265,0.5590345057850965,0.5590345057850965,0.71875,-0.0002730288215388888,0.0024152703881554186,64
post_selector,11,30,0.0006561019704349822,0.5569084751360082,0.5569084751360082,0.5,0.0007152268576646865,0.0005969770832052781,64
post_selector,21,6,-0.0005373143003452893,-0.556653335725704,0.556653335725704,0.328125,-0.00016518220945726313,-0.0009094463912333157,64
post_selector,21,9,0.007013554561126498,0.5551560336507871,0.5551560336507871,0.671875,0.004563704234897141,0.009463404887355854,64
post_selector,28,1,0.003514922065733098,0.5540586245915208,0.5540586245915208,0.6875,0.0017300750951108,0.005299769036355397,64
post_selector,5,2,0.0051971489156130484,0.552120885583637,0.552120885583637,0.734375,0.00218210456660016,0.008212193264625937,64
post_selector,15,6,0.00887673249417274,0.5510137899597789,0.5510137899597789,0.65625,0.0036624849781219347,0.014090980010223544,64
post_selector,28,3,0.008228197522839752,0.5509126626900088,0.5509126626900088,0.59375,0.00410848705723765,0.012347907988441854,64
post_selector,25,6,0.0003606067848522621,0.5500247053033849,0.5500247053033849,0.703125,0.0001874172235147732,0.0005337963461897509,64
post_selector,22,2,0.0019424406273173967,0.5498456441540536,0.5498456441540536,0.6875,0.0016319512433255906,0.0022529300113092034,64
post_selector,21,27,-0.0010937534152617241,-0.5482316022899145,0.5482316022899145,0.28125,-0.0007839942190912374,-0.0014035126114322104,64
post_selector,19,2,0.0032580748993495793,0.5474849815569677,0.5474849815569677,0.609375,0.004124949067772809,0.0023912007309263485,64
response_mean,24,29,0.0009787356032120282,0.5471265658028385,0.5471265658028385,0.640625,0.00011132444433314931,0.0018461467620909072,64
post_selector,11,28,0.00042507739254914737,0.536069487559134,0.536069487559134,0.5,0.0003735447430699327,0.00047661004202836205,64
response_mean,26,25,-0.0018685215309232977,-0.5358093657567118,0.5358093657567118,0.328125,-0.00035842256238538425,-0.003378620499461211,64
post_selector,17,14,-0.004075173885212271,-0.534979981205298,0.534979981205298,0.421875,-0.005229140384471967,-0.0029212073859525766,64
post_selector,16,11,0.0005161421722732272,0.5282987762455277,0.5282987762455277,0.671875,0.00035110854150842077,0.0006811758030380336,64
post_selector,17,1,-0.01038648188841761,-0.5276072817062264,0.5276072817062264,0.484375,-0.007813615666236718,-0.012959348110598503,64
post_selector,32,1,0.0005599853839157533,0.526405571650814,0.526405571650814,0.734375,0.0002582387151050954,0.000861732052726411,64
post_selector,29,9,0.004881089816990411,0.5262394226336556,0.5262394226336556,0.71875,0.0035466078224999234,0.006215571811480898,64
post_selector,31,20,0.002943474422863786,0.5229937957473225,0.5229937957473225,0.65625,0.0020313421373430096,0.0038556067083845625,64
post_selector,18,6,0.0017328642425127137,0.5221151902185385,0.5221151902185385,0.703125,0.0017581340071046564,0.0017075944779207713,64
final_prompt,24,31,0.000161707564757286,0.5183162016431567,0.5183162016431567,0.671875,5.898551535216332e-06,0.0003175165779793557,64
post_selector,0,13,0.005895645328564557,0.5165933778217413,0.5165933778217413,0.671875,0.007644362602150046,0.004146928054979068,64
response_mean,25,10,0.003253011371043589,0.5142919165038357,0.5142919165038357,0.734375,0.003796063555910205,0.0027099591861769723,64
post_selector,34,13,0.000148911508404107,0.5129403856537558,0.5129403856537558,0.65625,0.00021160860615052212,8.621441065769195e-05,64
post_selector,20,28,-0.004310009553591949,-0.5119935530380592,0.5119935530380592,0.34375,-0.0014663802212453452,-0.007153638885938553,64
response_mean,24,15,0.0009695659082353637,0.5108134983939975,0.5108134983939975,0.671875,0.00033578744182704,0.0016033443746436874,64
post_selector,21,29,0.0005992846054141289,0.5105754406841428,0.5105754406841428,0.65625,0.0005984955369058195,0.0006000736739224383,64
response_mean,23,10,0.004540793161140732,0.5091673670201976,0.5091673670201976,0.75,0.0022146420014905626,0.006866944320790901,64
post_selector,11,6,0.0006477352519595906,0.5088936125873929,0.5088936125873929,0.625,0.0006451717522395358,0.0006502987516796455,64
post_selector,32,6,0.0013297551313371282,0.5019517774851561,0.5019517774851561,0.765625,0.0007548433259216666,0.0019046669367525897,64
response_mean,26,24,0.001534937459723522,0.4977998878566913,0.4977998878566913,0.828125,0.0024711457990633416,0.0005987291203837023,64
post_selector,25,11,0.0006081892470319646,0.49328632904520786,0.49328632904520786,0.71875,0.0008697443299751895,0.00034663416408873984,64
post_selector,11,0,0.002747142931184481,0.49192927573465717,0.49192927573465717,0.671875,0.002290176620590491,0.0032041092417784706,64
post_selector,16,20,-0.0008384308030144833,-0.4914155770228692,0.4914155770228692,0.390625,-0.000638532843368019,-0.0010383287626609477,64
response_mean,26,20,0.0001646530454308822,0.49020562156357167,0.49020562156357167,0.703125,0.0002265158102545579,0.00010279028060720651,64
post_selector,31,13,0.0037266406170601636,0.4880076487502244,0.4880076487502244,0.75,0.00021068439127702499,0.0072425968428433025,64
final_prompt,24,29,0.00018283803501615713,0.48398186020441564,0.48398186020441564,0.71875,6.77139128128879e-05,0.00029796215721942637,64
post_selector,13,23,0.00012090526520578857,0.4837357184265956,0.4837357184265956,0.640625,0.0001253336507715954,0.00011647687963998175,64
post_selector,24,14,0.0017994714708038186,0.4808018166461075,0.4808018166461075,0.71875,0.0019113300477329,0.0016876128938747375,64
post_selector,20,30,0.0023519693695561493,0.48074570376262243,0.48074570376262243,0.734375,0.0029041797861281953,0.0017997589529841031,64
post_selector,18,1,-0.0026462978330528096,-0.4790223311186187,0.4790223311186187,0.453125,-0.003504107808112159,-0.0017884878579934593,64
post_selector,9,4,0.00044142192609797543,0.47641294855360267,0.47641294855360267,0.5,0.0005251301263342572,0.00035771372586169373,64
post_selector,29,8,0.0011347715708324956,0.47606657832623744,0.47606657832623744,0.765625,-0.00013404275159701684,0.0024035858932620084,64
post_selector,25,30,0.004404430055728878,0.47421446000773265,0.47421446000773265,0.515625,0.003849556960631163,0.004959303150826593,64
post_selector,6,5,0.0014394130630534844,0.4740247299392467,0.4740247299392467,0.71875,0.0012101662578060963,0.0016686598683008725,64
post_selector,18,22,-0.002044463937636452,-0.47049408966736167,0.47049408966736167,0.328125,-0.001448713024728919,-0.0026402148505439843,64
post_selector,20,14,0.0025320955064671302,0.4698407604178999,0.4698407604178999,0.71875,0.0020792019640793664,0.0029849890488548936,64
post_selector,23,3,0.00011734922520643669,0.4695511386889848,0.4695511386889848,0.65625,0.0002056681482826834,2.9030302130189978e-05,64
post_selector,13,19,0.003121950603372128,0.46845589532055104,0.46845589532055104,0.875,0.0023860104470258725,0.003857890759718383,64
post_selector,29,26,0.0019771947281696763,0.4683832853555197,0.4683832853555197,0.8125,0.0009136080479947709,0.0030407814083445815,64
post_selector,22,23,0.00015442011863341093,0.4649571030709291,0.4649571030709291,0.75,0.00019444260408361833,0.00011439763318320351,64
post_selector,4,25,0.00523517154215369,0.4647004097484216,0.4647004097484216,0.5625,0.005552972026634949,0.004917371057672431,64
post_selector,12,23,0.000689560216414978,0.4641840530838437,0.4641840530838437,0.515625,0.0006038709043423375,0.0007752495284876188,64
post_selector,29,28,2.361014952611647e-05,0.46243614511467246,0.46243614511467246,0.671875,1.0022703918364363e-05,3.719759513386858e-05,64
response_mean,26,31,0.0029228448051980957,0.46237115292528225,0.46237115292528225,0.65625,0.0012098617735318857,0.0046358278368643065,64
post_selector,24,6,0.00047961614109226036,0.4623005935158009,0.4623005935158009,0.5,0.0005085213979327769,0.0004507108842517437,64
final_prompt,24,13,0.0010443325968480961,0.4619182715759619,0.4619182715759619,0.671875,0.0002153162868125937,0.0018733489068835985,64
post_selector,23,0,0.0007547129243903271,0.4593654083903569,0.4593654083903569,0.5625,0.0010330688601243219,0.00047635698865633236,64
post_selector,26,4,-0.00034100782477251347,-0.4580933800423134,0.4580933800423134,0.265625,-0.0006483964189100896,-3.36192306349373e-05,64
post_selector,34,14,-0.00011260376277276619,-0.45729498601407126,0.45729498601407126,0.328125,-0.00018593800177766425,-3.926952376786814e-05,64
post_selector,17,9,-0.0022196611334948002,-0.4569767002527471,0.4569767002527471,0.421875,-0.0020684223018179095,-0.0023708999651716905,64
post_selector,32,9,0.0009618737822165502,0.45695267305073445,0.45695267305073445,0.640625,0.0009812411808525004,0.0009425063835805999,64
response_mean,26,18,0.0022798287150180667,0.45620910015155225,0.45620910015155225,0.65625,0.002538309774081416,0.002021347655954718,64
response_mean,27,16,0.001201140803459555,0.4556855533669039,0.4556855533669039,0.609375,0.00084472887465381,0.0015575527322653,64
response_mean,21,18,0.0022732623841647875,0.4536227322535373,0.4536227322535373,0.703125,0.0027948035826170625,0.0017517211857125128,64
final_prompt,26,27,0.0005245899997134693,0.45202300957772373,0.45202300957772373,0.71875,0.000137460469431952,0.0009117195299949866,64
post_selector,8,24,-0.002066127195575972,-0.45173425866419287,0.45173425866419287,0.4375,-0.0034517961903475156,-0.0006804582008044283,64
post_selector,17,23,0.0004649878146665091,0.4515333101544539,0.4515333101544539,0.6875,0.0004781840325449328,0.0004517915967880854,64
post_selector,14,14,0.0025318210391560513,0.450537993442464,0.450537993442464,0.578125,0.0024384580028708937,0.002625184075441209,64
post_selector,17,17,0.004088697569386551,0.4490042286539156,0.4490042286539156,0.6875,0.003507642293698134,0.004669752845074967,64
response_mean,28,2,0.001772441778939534,0.4469434218425929,0.4469434218425929,0.609375,-7.704100698899187e-05,0.00362192456486806,64
post_selector,15,13,0.005618540853902211,0.44687670895684994,0.44687670895684994,0.765625,0.007057306065689746,0.004179775642114675,64
post_selector,12,4,0.009947645692591316,0.4445592008361194,0.4445592008361194,0.546875,0.0049737460722099,0.014921545312972732,64
post_selector,11,19,0.0005931210562266635,0.44330540981998734,0.44330540981998734,0.5,0.0007675775577808906,0.00041866455467243625,64
post_selector,31,3,0.0012827382470277154,0.4432222336177893,0.4432222336177893,0.71875,0.001076807402569078,0.0014886690914863523,64
post_selector,19,10,0.006162114812468632,0.44322105628907005,0.44322105628907005,0.609375,0.002874766738386816,0.009449462886550446,64
post_selector,30,6,0.0004859656201006019,0.4425585482585015,0.4425585482585015,0.671875,0.00034534684800746986,0.000626584392193734,64
final_prompt,26,26,0.002142211292266428,0.4415135730181701,0.4415135730181701,0.65625,0.0022295216494967345,0.0020549009350361216,64
post_selector,24,1,8.86793729932642e-05,0.4414911912479713,0.4414911912479713,0.59375,5.192340336178363e-05,0.00012543534262474476,64
post_selector,13,20,0.00021293028260059528,0.4411921358982297,0.4411921358982297,0.5625,0.00016681802867422375,0.0002590425365269668,64
post_selector,30,24,0.0004802312923857055,0.43985537583420375,0.43985537583420375,0.703125,-0.0001874778463388655,0.0011479404311102767,64
response_mean,24,5,0.0004884228460184501,0.4386326233245668,0.4386326233245668,0.671875,8.086591947180065e-06,0.0009687591000897203,64
post_selector,29,12,0.0021305049394868257,0.4385125881787136,0.4385125881787136,0.796875,0.0007632745728187527,0.0034977353061548984,64
post_selector,34,30,0.0004935108772769915,0.43802168498576993,0.43802168498576993,0.65625,-0.00022146037736090995,0.001208482131914893,64
post_selector,17,27,0.006101311610109391,0.43611684627594655,0.43611684627594655,0.671875,0.004122741469473097,0.008079881750745685,64
response_mean,27,17,0.00020386236292323126,0.4353874011747247,0.4353874011747247,0.65625,3.2897639357537935e-05,0.00037482708648892463,64
post_selector,17,2,-0.0027275379070488236,-0.4352050228746632,0.4352050228746632,0.421875,-0.0017058980447473063,-0.0037491777693503406,64
final_prompt,24,14,0.00026318421214453704,0.4350576898086381,0.4350576898086381,0.671875,0.0003568235706552284,0.0001695448536338458,64
post_selector,15,22,0.00010766948344097107,0.4350406381719552,0.4350406381719552,0.546875,0.0001071426045200279,0.00010819636236191423,64
post_selector,10,7,0.003802597777394108,0.43043568203762156,0.43043568203762156,0.484375,0.0035828525578835936,0.004022342996904622,64
post_selector,16,15,-0.0019176559144398202,-0.4293746275214013,0.4293746275214013,0.5,-0.001366929151117803,-0.0024683826777618374,64
post_selector,0,28,0.0036464481563598296,0.4275901527381261,0.4275901527381261,0.59375,0.0046184718812582876,0.0026744244314613717,64
post_selector,0,20,-0.00270514183830527,-0.42733069231580123,0.42733069231580123,0.421875,-0.0029192231522756624,-0.002491060524334878,64
response_mean,24,26,0.0007946722844280689,0.4263476985434397,0.4263476985434397,0.640625,0.00018517168427933784,0.0014041728845767998,64
post_selector,20,3,-0.0017270184489461718,-0.4257601486083046,0.4257601486083046,0.359375,-0.0015354867027781438,-0.0019185501951142,64
post_selector,6,29,-0.0017187263774758187,-0.42535135299500154,0.42535135299500154,0.390625,-0.0027539878610695944,-0.0006834648938820439,64
post_selector,18,29,-0.001648544995987305,-0.42318469672410886,0.42318469672410886,0.328125,-0.0006527823716169164,-0.002644307620357694,64
post_selector,35,24,-0.0008173514231657437,-0.42126730227869325,0.42126730227869325,0.5,-0.0011152329570904874,-0.000519469889241,64
post_selector,13,29,0.00030142518153295406,0.420246295047901,0.420246295047901,0.734375,0.00017871278578240302,0.0004241375772835051,64
post_selector,29,10,0.0033636403777563546,0.41900539443951795,0.41900539443951795,0.796875,0.001487087723035056,0.005240193032477653,64
post_selector,7,26,0.0005809250342281218,0.41714467889511037,0.41714467889511037,0.59375,0.00063771191344131,0.0005241381550149337,64
response_mean,24,9,0.00013958458583828017,0.41456649700952486,0.41456649700952486,0.71875,1.6098552805494618e-05,0.0002630706188710657,64
post_selector,26,18,0.0008751177329031453,0.41370635786058296,0.41370635786058296,0.71875,0.000806786105385972,0.0009434493604203188,64
post_selector,15,23,5.9817765304600074e-05,0.4136416382818038,0.4136416382818038,0.515625,8.235915197472163e-05,3.7276378634478514e-05,64
post_selector,34,28,0.0007926592788862637,0.4106678926092117,0.4106678926092117,0.65625,-0.0004897492090094383,0.0020750677667819655,64
response_mean,24,8,0.0015090891104136898,0.40830586415675973,0.40830586415675973,0.59375,-0.0005652659333463451,0.0035834441541737244,64
response_first,24,12,0.0002200837280952193,0.4064966445148008,0.4064966445148008,0.703125,0.0003748943136087987,6.527314258163999e-05,64
post_selector,16,24,-0.002648574438353529,-0.40363180416567884,0.40363180416567884,0.46875,-0.0011403506796341398,-0.0041567981970729185,64
response_first,26,24,4.005496128910878e-05,0.40328225814189056,0.40328225814189056,0.71875,4.3934708969565506e-05,3.617521360865205e-05,64
post_selector,16,8,0.0004792271756741687,0.40287459270656023,0.40287459270656023,0.5,0.0005069764629297344,0.0004514778884186031,64
post_selector,29,25,0.0030402483771467628,0.4024961869298893,0.4024961869298893,0.71875,-4.8032921768024366e-05,0.006128529676061549,64
post_selector,22,17,0.0007724039196545802,0.40247713329435514,0.40247713329435514,0.75,0.0011128586284030093,0.0004319492109061512,64
post_selector,17,5,0.0041764847519516375,0.40237188248713457,0.40237188248713457,0.609375,0.0034501597619964533,0.004902809741906822,64
post_selector,12,27,0.0005487599682965082,0.40199859158177265,0.40199859158177265,0.546875,0.0006315644131973359,0.0004659555233956803,64
post_selector,11,31,0.008854946303472392,0.40161149058891643,0.40161149058891643,0.5,0.008031711651710793,0.009678180955233989,64
response_mean,24,11,0.0003729359552835195,0.40147651845874816,0.40147651845874816,0.734375,-3.868106932713483e-05,0.0007845529798941738,64
final_prompt,24,12,0.0005113551887916336,0.4011591986067971,0.4011591986067971,0.625,0.0011803821707871724,-0.00015767179320390546,64
response_mean,25,9,0.0003197690760998643,0.40021258005066407,0.40021258005066407,0.625,0.00017646368200985727,0.00046307447018987126,64
response_mean,25,11,0.0012944186325966982,0.3981221240442571,0.3981221240442571,0.625,-0.00021994571807225366,0.00280878298326565,64
post_selector,13,7,0.0008864340334184828,0.3957764158073257,0.3957764158073257,0.5,0.0013567988362410655,0.00041606923059589994,64
post_selector,15,19,-0.0015990166139090338,-0.39514193644436674,0.39514193644436674,0.46875,-0.0021361462859203896,-0.001061886941897678,64
post_selector,10,14,-0.00270477125013712,-0.3948636151676936,0.3948636151676936,0.4375,-0.00180437161179725,-0.0036051708884769903,64
post_selector,17,22,0.0010737260945461401,0.39437264577450376,0.39437264577450376,0.5625,0.0008900734501366843,0.0012573787389555955,64
post_selector,27,17,0.0003229973108318337,0.3918266169754807,0.3918266169754807,0.671875,0.0004868053911195309,0.00015918923054413653,64
post_selector,24,24,0.0008488430285069485,0.3912624155920782,0.3912624155920782,0.65625,0.0015363613929366428,0.00016132466407725409,64
post_selector,11,26,0.0007718724364167314,0.3910816104591381,0.3910816104591381,0.625,0.0008689918849995368,0.000674752987833926,64
post_selector,30,15,0.0014433518381338187,0.388742168599917,0.388742168599917,0.5,0.0017729339033394314,0.0011137697729282064,64
post_selector,24,9,0.0005029889525758255,0.3875190517398815,0.3875190517398815,0.546875,0.0004984117858839363,0.0005075661192677145,64
response_mean,21,26,0.0018873062708735094,0.3862169549615194,0.3862169549615194,0.640625,0.0012605143647306124,0.002514098177016406,64
post_selector,30,17,0.001962486399861502,0.38602260224447466,0.38602260224447466,0.734375,0.0009498530707787635,0.0029751197289442396,64
post_selector,23,22,0.00260232868640742,0.38507135508635787,0.38507135508635787,0.515625,0.0034216093554277874,0.001783048017387053,64
response_mean,24,30,8.527078611562944e-05,0.38433801347257385,0.38433801347257385,0.609375,-1.8199912858569236e-05,0.00018874148508982812,64
post_selector,26,7,0.0013270184881548459,0.3841455467824802,0.3841455467824802,0.671875,0.001909608417918176,0.0007444285583915159,64
response_mean,24,23,0.00034938852223829656,0.38315893882846325,0.38315893882846325,0.71875,-5.915656174693818e-06,0.0007046927006512869,64
post_selector,18,7,-0.0024110398335324104,-0.3821306378398233,0.3821306378398233,0.390625,-0.0020262663383618994,-0.002795813328702922,64
post_selector,29,24,0.0004437471907294606,0.38195827741942656,0.38195827741942656,0.765625,0.00022574602462553745,0.0006617483568333838,64
post_selector,1,1,0.0011002782421201047,0.37995778440997635,0.37995778440997635,0.53125,0.0011016264406862259,0.001098930043553983,64
post_selector,13,16,0.0016682524756106328,0.3798401157327487,0.3798401157327487,0.625,0.0012630981727852501,0.002073406778436015,64
response_mean,23,28,0.0012961950615135562,0.37836971918295204,0.37836971918295204,0.65625,-0.0005387443470681156,0.003131134470095228,64
post_selector,21,23,0.0012531601259979461,0.3772091569366307,0.3772091569366307,0.65625,0.0014392609882633955,0.0010670592637324968,64
post_selector,32,14,3.068660851112686e-05,0.3758329341034235,0.3758329341034235,0.640625,4.795190193362111e-05,1.3421315088632617e-05,64
post_selector,8,13,0.00042267001958862347,0.3755075882219401,0.3755075882219401,0.484375,0.0004668356737056375,0.00037850436547160935,64
post_selector,15,12,0.0027054614201915675,0.3754920693234676,0.3754920693234676,0.5,0.002805264437483856,0.0026056584028992785,64
post_selector,25,13,0.00024686913275218277,0.37541275028645527,0.37541275028645527,0.5625,0.00022839886878501245,0.000265339396719353,64
post_selector,24,10,0.0008208649010157337,0.37504905323776794,0.37504905323776794,0.5,0.0009363917597511173,0.00070533804228035,64
post_selector,18,14,0.0023858954591560047,0.3749692851306251,0.3749692851306251,0.609375,0.0015705799451097625,0.0032012109732022474,64
post_selector,28,14,0.0004364510357390795,0.3720543378294294,0.3720543378294294,0.578125,0.0005036366883359621,0.00036926538314219687,64
post_selector,32,28,1.3089242862917947e-05,0.3711493048283762,0.3711493048283762,0.65625,1.6559073500843624e-05,9.619412224992269e-06,64
response_mean,23,31,0.0011510460658428101,0.3697764323223761,0.3697764323223761,0.671875,-0.0002918797654274264,0.002593971897113047,64
response_mean,24,1,1.5767214620152935e-05,0.3695242387196901,0.3695242387196901,0.640625,2.703115956137099e-05,4.503269678934885e-06,64
post_selector,10,11,-0.00011380471596566341,-0.36911043313527436,0.36911043313527436,0.390625,-6.981545902817637e-05,-0.00015779397290315044,64
post_selector,14,16,0.0011265391594861283,0.3675208258814165,0.3675208258814165,0.5625,0.0011688949016388376,0.001084183417333419,64
post_selector,2,26,-0.0017388043852406545,-0.36642739350452763,0.36642739350452763,0.5,-0.0013825869755237404,-0.002095021794957569,64
post_selector,8,2,0.00018405212517790708,0.3659185761441172,0.3659185761441172,0.59375,0.00024036947888815923,0.0001277347714676549,64
post_selector,25,7,0.0002313469187811252,0.36404472959476725,0.36404472959476725,0.515625,0.00013418259118224844,0.000328511246380002,64
post_selector,6,30,0.0010625065515341625,0.3637051226014211,0.3637051226014211,0.65625,0.0003680172376334717,0.0017569958654348535,64
post_selector,10,3,0.0002767719456642186,0.36337667993909584,0.36337667993909584,0.5625,0.0002510400445316943,0.00030250384679674294,64
post_selector,31,9,0.0007186925095083942,0.3630470962428141,0.3630470962428141,0.578125,0.0003341556985105875,0.0011032293205062006,64
response_mean,26,19,0.000753005117644516,0.36277618075294465,0.36277618075294465,0.65625,0.0005941924976013778,0.0009118177376876543,64
post_selector,22,8,0.001202430623379749,0.36275131749974043,0.36275131749974043,0.625,0.00028774102975147493,0.0021171202170080236,64
post_selector,10,2,-0.00040500019713363123,-0.3622407033300682,0.3622407033300682,0.484375,-0.00041972278722824394,-0.00039027760703901846,64
post_selector,20,19,0.0005787225200037788,0.36090594597316245,0.36090594597316245,0.640625,0.0006379904516506722,0.0005194545883568854,64
post_selector,10,12,0.0005382883355196067,0.3605191525104575,0.3605191525104575,0.546875,0.0002482013005646934,0.0008283753704745199,64
post_selector,32,20,4.8803569029577133e-05,0.35914231614113534,0.35914231614113534,0.5,3.773768452218818e-05,5.98694535369661e-05,64
post_selector,22,0,0.0017040213533618886,0.3588112166015296,0.3588112166015296,0.5,0.0009565716609358717,0.002451471045787905,64
post_selector,15,21,4.47197641335449e-05,0.3587939189371357,0.3587939189371357,0.515625,6.762311608097068e-05,2.181641218611913e-05,64
post_selector,9,7,7.40474584404065e-05,0.3583837092444972,0.3583837092444972,0.5,5.44544245712925e-05,9.364049230952052e-05,64
post_selector,13,22,0.0005674557742167945,0.3567180395170214,0.3567180395170214,0.5,0.0006396554681487013,0.0004952560802848874,64
final_prompt,24,26,0.0008554085907235192,0.35275460180278123,0.35275460180278123,0.609375,6.559911707882696e-05,0.001645218064368212,64
post_selector,8,12,-0.00010922846610127648,-0.35180739653133514,0.35180739653133514,0.5,-0.0001545706778642719,-6.388625433828107e-05,64
final_prompt,26,20,0.00017084603689453137,0.35091237022638366,0.35091237022638366,0.609375,0.00030704826622238895,3.4643807566673845e-05,64
post_selector,23,9,-0.0015457881745532945,-0.35084925736838857,0.35084925736838857,0.390625,0.00015860327403060788,-0.003250179623137197,64
post_selector,18,24,0.002801685390295465,0.35025626944569,0.35025626944569,0.53125,0.0027750235676649022,0.002828347212926028,64
post_selector,28,9,0.0003360473983775419,0.3476757270950382,0.3476757270950382,0.609375,-0.00020316573409218247,0.0008752605308472664,64
post_selector,11,23,0.0002681428289861163,0.347649909234057,0.347649909234057,0.609375,0.0002724900705288664,0.0002637955874433662,64
response_mean,24,4,0.0003817653873738751,0.346519149775696,0.346519149775696,0.625,-0.0001243918395630344,0.0008879226143107847,64
post_selector,9,26,-0.0004262779966666061,-0.3460395177717288,0.3460395177717288,0.4375,-0.0005355329503799997,-0.00031702304295321254,64
post_selector,0,24,-0.0026067871403938703,-0.34573350016324966,0.34573350016324966,0.5,-0.0019309335475554842,-0.003282640733232256,64
post_selector,28,8,0.0002839443682205229,0.34514702743874615,0.34514702743874615,0.6875,0.00013285995419209023,0.0004350287822489556,64
post_selector,8,19,0.0009561471015331322,0.34376050912928635,0.34376050912928635,0.5625,0.0010803814475366393,0.000831912755529625,64
post_selector,26,20,0.00036072902003068984,0.34304068124113934,0.34304068124113934,0.65625,0.0006664185684712469,5.503947159013288e-05,64
post_selector,16,31,0.0023077662590367237,0.3422384872366102,0.3422384872366102,0.546875,0.0033126606504083507,0.001302871867665097,64
post_selector,28,20,6.164204557988706e-05,0.34201816212850067,0.34201816212850067,0.75,-2.2998803842708684e-05,0.0001462828950024828,64
post_selector,10,19,-0.00010970469111269273,-0.33914463631612823,0.33914463631612823,0.40625,-0.00016003888231350328,-5.9370499911882204e-05,64
post_selector,9,27,-0.0008046437624216282,-0.3390673243546823,0.3390673243546823,0.5,-0.0007024286642263312,-0.0009068588606169251,64
response_mean,24,16,0.003106059361016369,0.3382548399840512,0.3382548399840512,0.578125,0.0032446502300444782,0.00296746849198826,64
post_selector,29,16,0.00014570903749698474,0.3380610043458419,0.3380610043458419,0.625,-8.95818247954507e-05,0.00038099989978942014,64
final_prompt,26,24,0.0006775507889642371,0.33740270306381664,0.33740270306381664,0.65625,0.0012937294864059168,6.137209152255731e-05,64
post_selector,31,12,0.0002294727105436105,0.3369416232303537,0.3369416232303537,0.640625,-2.4719265638854637e-05,0.00048366468672607566,64
post_selector,25,17,0.00047544687458867343,0.33394844324669387,0.33394844324669387,0.5,0.0003419203139856126,0.0006089734351917345,64
post_selector,23,2,0.000271629297003508,0.33200448911770564,0.33200448911770564,0.671875,0.00047269716742445576,7.056142658256034e-05,64
post_selector,10,15,-0.0005978259628136501,-0.33142917628728397,0.33142917628728397,0.421875,-0.0006552355334861199,-0.0005404163921411805,64
post_selector,31,19,0.001042720324221589,0.32978597724900366,0.32978597724900366,0.515625,0.001069029869540822,0.0010164107789023564,64
post_selector,17,21,-3.364235413981885e-05,-0.3280388198317952,0.3280388198317952,0.375,1.208217327077813e-06,-6.849292560671552e-05,64
response_mean,25,24,0.0002931179783445175,0.3257455023985666,0.3257455023985666,0.640625,0.00029509721309748803,0.0002911387435915471,64
post_selector,16,6,0.001318272750722825,0.3254123484907366,0.3254123484907366,0.515625,0.0006779462928534405,0.0019585992085922096,64
post_selector,25,12,0.00010368119740177354,0.32513274580524215,0.32513274580524215,0.59375,8.727283602637389e-05,0.0001200895587771732,64
post_selector,30,30,-0.00014221109938716608,-0.3237734977511807,0.3237734977511807,0.5,-0.0001595413323229875,-0.00012488086645134466,64
post_selector,29,1,0.0003311184941594378,0.32325225701923865,0.32325225701923865,0.640625,0.0002011925362239498,0.0004610444520949259,64
post_selector,15,0,-0.0010887934186030075,-0.3226608621106078,0.3226608621106078,0.390625,-0.0006210616847965749,-0.00155652515240944,64
post_selector,26,15,0.006228343760085397,0.3217554601829924,0.3217554601829924,0.625,-0.002132148172677247,0.01458883569284804,64
response_mean,21,19,0.0003434561062931517,0.32075509209100833,0.32075509209100833,0.609375,0.0005361837197597,0.0001507284928266035,64
post_selector,15,27,3.2904401280113774e-05,0.3206419571837198,0.3206419571837198,0.609375,1.8487329498380384e-05,4.732147306184716e-05,64
post_selector,26,28,0.00023759918849462763,0.3203718192966512,0.3203718192966512,0.65625,0.0005157905907253372,-4.059221373608189e-05,64
post_selector,16,14,0.0014813124362262858,0.3200874724625412,0.3200874724625412,0.5625,0.0012765959472744656,0.0016860289251781062,64
response_first,24,15,2.5080277865180474e-05,0.31813217364933594,0.31813217364933594,0.5625,5.210639349683439e-05,-1.9458377664734534e-06,64
response_mean,23,29,-0.0001836796488134817,-0.3180128924317987,0.3180128924317987,0.375,-0.00020188601479275472,-0.00016547328283420863,64
post_selector,23,7,0.00024790866063993634,0.31737543035545224,0.31737543035545224,0.625,0.00045916951057730856,3.664781070256406e-05,64
post_selector,17,6,-0.0006468216452048983,-0.3172054409674337,0.3172054409674337,0.328125,-0.0007887562242103563,-0.0005048870661994403,64
post_selector,2,31,0.0004324026369886205,0.3168801540612447,0.3168801540612447,0.625,0.0008028526867746915,6.195258720254945e-05,64
post_selector,16,12,0.00041392299954166607,0.31624548652439816,0.31624548652439816,0.6875,0.00032386967905038744,0.0005039763200329448,64
post_selector,14,31,0.0019770241742662654,0.31562299642311753,0.31562299642311753,0.53125,0.0024417114327661754,0.0015123369157663564,64
post_selector,14,22,3.970668632290151e-05,0.3147860999094463,0.3147860999094463,0.609375,3.259326035730425e-05,4.6820112288498746e-05,64
post_selector,28,18,0.00034357918957537536,0.3146847422926554,0.3146847422926554,0.65625,0.00017442468379156795,0.0005127336953591829,64
final_prompt,24,8,0.00013853106929671708,0.3133744507466071,0.3133744507466071,0.71875,-1.336779678240041e-05,0.00029042993537583455,64
response_mean,29,6,0.0005731148007725831,0.3131699455819052,0.3131699455819052,0.640625,-0.00035574814592108367,0.00150197774746625,64
post_selector,28,22,0.0003879977211909072,0.3117681165225464,0.3117681165225464,0.65625,7.052704313537187e-05,0.0007054683992464424,64
post_selector,1,6,0.00034565689566078237,0.30974788759589006,0.30974788759589006,0.65625,0.0001961057714652164,0.0004952080198563482,64
post_selector,31,23,-0.00032510376854589216,-0.30960977114579535,0.30960977114579535,0.546875,-0.0004956297939315891,-0.00015457774316019515,64
post_selector,9,17,-0.0011116799178125826,-0.30919824965538034,0.30919824965538034,0.5,-0.0010395502395113127,-0.0011838095961138528,64
response_mean,23,4,4.4357308489389445e-05,0.308532937260637,0.308532937260637,0.546875,-2.8855270286947098e-05,0.00011756988726572599,64
post_selector,32,16,-0.0007094791453709959,-0.3078675231398741,0.3078675231398741,0.421875,-0.0016710388554201656,0.00025208056467817364,64
response_mean,23,13,0.0029675060250155937,0.3071686311265393,0.3071686311265393,0.625,0.0011823614340755596,0.004752650615955627,64
post_selector,14,27,0.003086824082856758,0.30555708528255665,0.30555708528255665,0.578125,0.0034856830898206534,0.0026879650758928624,64
post_selector,18,21,-0.0027132949617225625,-0.30474392058420463,0.30474392058420463,0.40625,-0.0034163942182203685,-0.002010195705224756,64
response_mean,23,6,8.758616877456763e-05,0.304204187139505,0.304204187139505,0.59375,0.0001138073662332193,6.136497131591594e-05,64
post_selector,18,23,-0.001252446712896926,-0.304062126652798,0.304062126652798,0.4375,-0.00017880640371003745,-0.0023260870220838145,64
post_selector,14,5,0.0006921190652064919,0.3040485495145995,0.3040485495145995,0.59375,0.0009071194508578532,0.0004771186795551306,64
response_first,23,30,0.00021543897855735183,0.3034026708754582,0.3034026708754582,0.59375,5.649358843129399e-05,0.00037438436868340966,64
post_selector,30,28,-9.760865390262663e-05,-0.30309800891033484,0.30309800891033484,0.53125,-0.00016410995579007822,-3.1107352015175024e-05,64
post_selector,28,29,0.00014811108314916128,0.3030716108555615,0.3030716108555615,0.46875,0.00021976322636874367,7.645893992957886e-05,64
response_mean,21,9,0.00038474385326024734,0.303070025342814,0.303070025342814,0.609375,-0.00026533593415933,0.0010348236406798248,64
post_selector,21,24,-0.0007339574913203169,-0.302394802028732,0.302394802028732,0.421875,-0.0001942475064424788,-0.0012736674761981552,64
post_selector,14,24,0.0005546065563066776,0.30192923134861144,0.30192923134861144,0.546875,0.0008642114717076667,0.00024500164090568855,64
post_selector,0,21,0.0022672891391266625,0.3011094989775245,0.3011094989775245,0.5,0.0016198494558921032,0.0029147288223612218,64
post_selector,23,16,0.0003091547300755255,0.30043656707825483,0.30043656707825483,0.59375,0.00022173054094308696,0.00039657891920796395,64
post_selector,32,4,0.00031389440437122607,0.30026365158862783,0.30026365158862783,0.640625,0.00013839373968947482,0.0004893950690529773,64
post_selector,34,22,-4.3011605640675976e-05,-0.29884473373535014,0.29884473373535014,0.484375,-2.3641018970004576e-05,-6.238219231134739e-05,64
response_first,25,10,0.000362996779358573,0.2981030696104576,0.2981030696104576,0.609375,0.0004821447080303053,0.0002438488506868408,64
response_mean,25,26,0.002010238363254756,0.29774342420691946,0.29774342420691946,0.578125,0.003533907998644268,0.0004865687278652437,64
post_selector,14,12,0.0008143588293023584,0.2976386491032783,0.2976386491032783,0.515625,0.0002922269031841964,0.0013364907554205203,64
response_mean,22,5,0.0025441519821924837,0.29758083659135226,0.29758083659135226,0.640625,0.0018258668428643451,0.003262437121520622,64
post_selector,28,13,0.0001908478373024791,0.29687191757621656,0.29687191757621656,0.65625,0.00023347057958742292,0.00014822509501753525,64
post_selector,23,17,0.00040801279374136205,0.2966690143337247,0.2966690143337247,0.515625,0.00024168189611372724,0.0005743436913689968,64
post_selector,20,17,0.0003722763740370221,0.2951335070656012,0.2951335070656012,0.625,0.000348284898791445,0.0003962678492825992,64
post_selector,17,3,0.007930719715659507,0.2941604903384877,0.2941604903384877,0.5,0.009133580548223098,0.006727858883095914,64
post_selector,24,26,0.0020281493816582553,0.2940279803632775,0.2940279803632775,0.859375,0.0011350390486768072,0.002921259714639703,64
post_selector,33,21,0.0017232482787221657,0.29363541008312455,0.29363541008312455,0.546875,0.001707569485006378,0.0017389270724379531,64
post_selector,15,29,-0.0002612232674436955,-0.2928957076734885,0.2928957076734885,0.375,-0.0005618806735583065,3.94341386709156e-05,64
post_selector,29,21,0.00012019465498269049,0.29253257548316375,0.29253257548316375,0.578125,4.134308460379419e-05,0.00019904622536158682,64
post_selector,31,27,4.619008365124799e-05,0.29186195793951175,0.29186195793951175,0.59375,7.669686897314809e-05,1.568329832934788e-05,64
response_mean,24,19,0.0012528518498129272,0.2910324354116922,0.2910324354116922,0.65625,0.0009946495590611353,0.0015110541405647191,64
post_selector,25,28,0.0010817908041644833,0.29064290631383,0.29064290631383,0.5,0.0005932261447014719,0.001570355463627495,64
post_selector,6,27,-0.00017158562559415106,-0.2904015550389978,0.2904015550389978,0.421875,-0.00022795899803894785,-0.00011521225314935426,64
final_prompt,24,9,2.5893813472061814e-05,0.29019945249723617,0.29019945249723617,0.671875,2.5593089503666177e-05,2.6194537440457447e-05,64
post_selector,7,6,3.43320409541515e-05,0.28972356706192853,0.28972356706192853,0.5,1.7022556207279877e-05,5.164152570102311e-05,64
post_selector,15,10,0.00016723098292458456,0.28969640578911454,0.28969640578911454,0.53125,0.0001375927245135156,0.00019686924133565352,64
post_selector,20,6,0.0004948123851136124,0.2894644450046062,0.2894644450046062,0.546875,1.9658804376374e-05,0.0009699659658508508,64
post_selector,24,22,0.00037312827498679757,0.28830444863792287,0.28830444863792287,0.640625,0.00024136207503033032,0.0005048944749432649,64
post_selector,27,4,0.00024024298090808216,0.28830023045086767,0.28830023045086767,0.46875,0.00040289554817718123,7.759041363898314e-05,64
response_mean,24,10,7.666411465832846e-05,0.2878463793815517,0.2878463793815517,0.578125,7.1480155838784e-05,8.184807347787294e-05,64
post_selector,28,10,0.0003360193013577256,0.28740982226198125,0.28740982226198125,0.625,0.0001304574034293073,0.000541581199286144,64
post_selector,12,19,7.101163851074954e-05,0.28620344808754655,0.28620344808754655,0.5625,7.739018792562568e-05,6.463308909587341e-05,64
post_selector,13,11,2.4139857430323086e-05,0.28496919630153833,0.28496919630153833,0.578125,5.533070662976576e-05,-7.05099176911959e-06,64
post_selector,0,8,0.002589425872429266,0.2847613434024642,0.2847613434024642,0.609375,0.003509601723635561,0.0016692500212229719,64
post_selector,14,2,0.00011862081873914358,0.2840137198861903,0.2840137198861903,0.515625,2.543199798311206e-05,0.0002118096394951751,64
response_mean,28,9,0.0006645501080128999,0.28382097951547325,0.28382097951547325,0.5625,-4.498276939557454e-05,0.0013740829854213743,64
final_prompt,25,31,-6.595336776625764e-05,-0.28360785809301214,0.28360785809301214,0.34375,6.9067300501081464e-06,-0.00013881346558262343,64
response_mean,22,4,0.0031828200458221437,0.28307494999558863,0.28307494999558863,0.625,0.003358192084306197,0.0030074480073380904,64
post_selector,21,15,0.0007464996087946874,0.28304082485397586,0.28304082485397586,0.546875,0.000874144494446226,0.0006188547231431488,64
post_selector,6,13,0.0002414074876923968,0.2830230933090687,0.2830230933090687,0.71875,0.0003317823106954169,0.00015103266468937673,64
post_selector,25,8,0.00023273823126144285,0.2827647459781159,0.2827647459781159,0.65625,0.0005523916952369827,-8.691523271409709e-05,64
response_mean,25,31,-0.00023536707703896827,-0.28273811333502347,0.28273811333502347,0.5,-0.0003149525382468636,-0.0001557816158310729,64
post_selector,20,16,0.0003648435458671773,0.28272983903722826,0.28272983903722826,0.546875,0.0005344509409041876,0.00019523615083016704,64
response_mean,21,24,0.0008980767593129693,0.28049550203682555,0.28049550203682555,0.53125,0.0007217073971332856,0.0010744461214926531,64
post_selector,7,14,-0.0006430413068301212,-0.2804929442281609,0.2804929442281609,0.453125,-0.0005152130979695347,-0.0007708695156907078,64
post_selector,12,6,0.0010920841687038691,0.2795843143991684,0.2795843143991684,0.515625,0.0015509043150814094,0.0006332640223263287,64
post_selector,18,25,0.002582234268629683,0.2795536422151478,0.2795536422151478,0.546875,0.003185082659911103,0.001979385877348263,64
post_selector,0,12,0.002196848916355529,0.2793301513804418,0.2793301513804418,0.4375,0.001966606199857791,0.0024270916328532686,64
post_selector,2,7,-0.001325214638200122,-0.2769582375126009,0.2769582375126009,0.46875,-0.0015827998686290877,-0.0010676294077711563,64
post_selector,18,19,0.0030644552243757044,0.27662564812227397,0.27662564812227397,0.5625,0.004582687608490222,0.0015462228402611871,64
post_selector,14,30,-0.0002906872559833515,-0.2766135349922798,0.2766135349922798,0.5,-0.0001889851237137875,-0.0003923893882529156,64
post_selector,12,20,-3.832765392530376e-05,-0.276054443795789,0.276054443795789,0.390625,-2.075842263593541e-05,-5.589688521467212e-05,64
post_selector,10,13,0.004277598018234127,0.27586631311939186,0.27586631311939186,0.5,0.0049361944256816,0.0036190016107866567,64
post_selector,33,8,0.00023052818187351118,0.2757195402299775,0.2757195402299775,0.65625,-0.00020212741128488557,0.0006631837750319078,64
response_mean,28,0,0.00021533638233250496,0.27510194127825716,0.27510194127825716,0.609375,-0.0002563016599310412,0.000686974424596051,64
post_selector,21,26,0.0011121858315163951,0.27492171713241664,0.27492171713241664,0.546875,0.0016664621361996814,0.0005579095268331094,64
post_selector,26,11,9.331216443797213e-05,0.2741290152695009,0.2741290152695009,0.5,8.544563479517478e-05,0.00010117869408076947,64
response_mean,27,7,0.0003015999727722339,0.2735688504789003,0.2735688504789003,0.640625,4.840767951464281e-05,0.000554792266029825,64
post_selector,25,15,0.000656916902698861,0.27351113086796003,0.27351113086796003,0.625,0.0008636316233605439,0.0004502021820371781,64
post_selector,25,31,-0.0005963434650766346,-0.2728638597798337,0.2728638597798337,0.46875,-0.0009597977586963628,-0.00023288917145690625,64
post_selector,10,27,0.000593240708894886,0.2724059603009159,0.2724059603009159,0.5,0.0008317746132888722,0.00035470680450090013,64
response_first,26,26,0.00024973388617864606,0.2721613209651772,0.2721613209651772,0.640625,0.00043782249326793435,6.164527908935778e-05,64
post_selector,7,10,0.00011674802271952884,0.2717812185688183,0.2717812185688183,0.75,1.1932241250167067e-05,0.00022156380418889062,64
post_selector,3,17,0.000254815046218921,0.27168481954327356,0.27168481954327356,0.59375,0.00014773609655093883,0.0003618939958869031,64
post_selector,22,6,0.0018657839427760363,0.27094305192583185,0.27094305192583185,0.53125,0.0009363659555674531,0.0027952019299846186,64
response_mean,27,15,0.0002909844229179649,0.2703266002817425,0.2703266002817425,0.5625,-0.000484500005768461,0.0010664688516043908,64
post_selector,11,9,1.4234044005689166e-05,0.2695312276053732,0.2695312276053732,0.53125,1.2274610419637723e-05,1.619347759174061e-05,64
response_first,26,27,0.00026348596452407686,0.26869570497521,0.26869570497521,0.5625,0.0004553253529593329,7.164657608882082e-05,64
response_first,24,13,0.0001117104170802402,0.2681040931083862,0.2681040931083862,0.640625,-4.933308145637381e-05,0.00027275391561685424,64
post_selector,23,18,4.6906500756440194e-05,0.2679104985769327,0.2679104985769327,0.546875,2.6974440743276178e-05,6.683856076960421e-05,64
post_selector,8,8,-0.00045985497490619217,-0.2677823890932561,0.2677823890932561,0.5,-0.0005125648531247875,-0.0004071450966875969,64
post_selector,26,23,0.00023936984575810013,0.2675095020321967,0.2675095020321967,0.703125,0.000185343301836809,0.00029339638967939126,64
post_selector,12,21,-5.5674946224817795e-05,-0.26710806921633573,0.26710806921633573,0.390625,-0.00013039324221606374,1.9043349766428162e-05,64
post_selector,16,5,0.00043602293135335923,0.26532712567280464,0.26532712567280464,0.515625,0.000537636653461956,0.00033440920924476255,64
post_selector,23,1,0.0010976710132126698,0.2648291195757422,0.2648291195757422,0.546875,0.0022080460603319647,-1.2704033906624896e-05,64
post_selector,30,5,3.735460174424679e-05,0.26378382797254857,0.26378382797254857,0.53125,2.770875880741626e-05,4.7000444681077324e-05,64
post_selector,8,4,0.00015622282307957842,0.2627872243390896,0.2627872243390896,0.625,0.00021305987411322612,9.938577204593074e-05,64
response_first,26,31,0.00023388569161396903,0.2616495974006732,0.2616495974006732,0.59375,0.00034196172873633907,0.00012580965449159894,64
post_selector,21,7,-1.694460178214051e-05,-0.26089799718384626,0.26089799718384626,0.40625,1.2311004411445142e-06,-3.512030400542554e-05,64
post_selector,0,18,0.003692960053740531,0.2606563376134007,0.2606563376134007,0.5,0.005477898521348828,0.0019080215861322343,64
response_mean,24,0,1.2957407165003097e-05,0.26058020862224707,0.26058020862224707,0.5625,-8.792406248403447e-06,3.470722057840964e-05,64
final_prompt,24,5,1.4416996648946602e-05,0.2600859190380678,0.2600859190380678,0.6875,-2.623845205107012e-06,3.145783850300022e-05,64
response_first,25,11,0.0001848825872343644,0.2600518892033844,0.2600518892033844,0.609375,-4.267551469182663e-05,0.0004124406891605554,64
post_selector,7,11,-0.000166904934985721,-0.2592870386926614,0.2592870386926614,0.46875,-0.0002493983965905396,-8.441147338090239e-05,64
post_selector,35,20,-0.00017822233803598366,-0.2590707526171546,0.2590707526171546,0.40625,-0.00041746544866325575,6.102077259128843e-05,64
post_selector,1,23,-0.0039206952933454955,-0.2569931311666986,0.2569931311666986,0.484375,-0.003139571723295388,-0.004701818863395603,64
post_selector,27,14,0.00023810573043190237,0.2568413302723671,0.2568413302723671,0.703125,-0.00010821123851202336,0.0005844226993758281,64
post_selector,21,13,0.0003112495880941263,0.25635566182655634,0.25635566182655634,0.6875,0.000442065059814907,0.00018043411637334544,64
final_prompt,21,25,4.257219862323909e-05,0.25621921377302476,0.25621921377302476,0.609375,5.6943746358218433e-05,2.8200650888259744e-05,64
response_first,24,29,8.51474919159009e-05,0.25611524191780805,0.25611524191780805,0.59375,-0.00010918919042522131,0.0002794841742570231,64
post_selector,15,18,6.17687815065377e-05,0.2557335005547341,0.2557335005547341,0.5,4.752843074129078e-05,7.60091322717846e-05,64
response_mean,26,17,0.000263981578711987,0.2557322245947426,0.2557322245947426,0.5625,-5.5417910857600894e-05,0.0005833810682815748,64
post_selector,27,31,0.0001397585303948135,0.2554859777529189,0.2554859777529189,0.65625,0.0001891600895760232,9.035697121360375e-05,64
post_selector,21,2,0.0003744408095371929,0.25523915935001634,0.25523915935001634,0.53125,0.00047835402801865034,0.0002705275910557355,64
post_selector,31,0,0.0004964148429280511,0.2550701193202072,0.2550701193202072,0.609375,2.8398724680303458e-05,0.0009644309611757986,64
post_selector,21,22,-0.0009577022283337953,-0.2531779656564972,0.2531779656564972,0.484375,-0.0009761174078448531,-0.0009392870488227374,64
post_selector,25,16,0.00014892543003951368,0.25264951053256546,0.25264951053256546,0.640625,-1.3180653240852472e-05,0.00031103151331987985,64
post_selector,35,17,0.0014467151286226077,0.2522042608854207,0.2522042608854207,0.5,0.0014259778072300841,0.0014674524500151312,64
post_selector,17,16,-0.0004220685632389995,-0.2508655699343974,0.2508655699343974,0.4375,0.00026537817757342876,-0.0011095153040514279,64
post_selector,27,29,0.0006943467160453889,0.25083632100511355,0.25083632100511355,0.609375,0.0005967191436866222,0.0007919742884041554,64
post_selector,13,6,6.0608063336067835e-05,0.2506134193439757,0.2506134193439757,0.578125,0.00011319781287964311,8.018313792492568e-06,64
post_selector,0,30,0.0027341047034497045,0.25049935548610425,0.25049935548610425,0.5,0.002787776984405353,0.002680432422494056,64
post_selector,21,17,-0.0017547474417369717,-0.2501183657992384,0.2501183657992384,0.375,0.0001608169550308999,-0.003670311838504844,64
post_selector,24,11,0.0011202837267774014,0.24902492136521817,0.24902492136521817,0.5625,0.0009278842408093431,0.0013126832127454593,64
post_selector,23,19,3.489277304424323e-05,0.24880343758776707,0.24880343758776707,0.5625,5.060900190300706e-05,1.9176544185479408e-05,64
post_selector,1,3,-0.0030719781025254607,-0.2487790387700984,0.2487790387700984,0.5,-0.004716808369266807,-0.0014271478357841154,64
response_mean,23,11,0.0009706601427978925,0.24853068983027998,0.24853068983027998,0.546875,0.00014280691812019412,0.001798513367475591,64
post_selector,8,10,0.0005093571371617094,0.24755307774063526,0.24755307774063526,0.5,0.0005310455344442719,0.0004876687398791469,64
post_selector,15,28,7.59871829814068e-05,0.24672039842835022,0.24672039842835022,0.5625,0.0001405487296324185,1.1425636330395114e-05,64
post_selector,25,18,4.128093470966641e-05,0.24660871174211457,0.24660871174211457,0.5,2.026846618718349e-05,6.229340323214934e-05,64
post_selector,16,0,-0.0006360945062624484,-0.24636803247313457,0.24636803247313457,0.421875,-4.746607010020626e-05,-0.0012247229424246905,64
post_selector,23,27,0.0001459734257878002,0.24587044999088298,0.24587044999088298,0.609375,0.00020122579826418202,9.072105331141839e-05,64
post_selector,23,28,0.0028272275376366486,0.24541135698413957,0.24541135698413957,0.53125,0.0012893423554487472,0.00436511271982455,64
post_selector,8,18,0.0014423931315832388,0.24526674278406868,0.24526674278406868,0.484375,0.0011871250717376907,0.0016976611914287874,64
response_first,26,20,7.989265142782188e-06,0.24402135974971284,0.24402135974971284,0.65625,1.7567287159180525e-05,-1.5887568736161484e-06,64
post_selector,30,19,0.00011116328596472254,0.24386031122570642,0.24386031122570642,0.484375,-7.091988572936715e-05,0.00029324645765881215,64
post_selector,15,31,0.0005517641770893594,0.24321019816389935,0.24321019816389935,0.5,0.00027970560404356245,0.0008238227501351562,64
post_selector,14,28,-0.000745529898267697,-0.24255408151738808,0.24255408151738808,0.5,-0.0005558483171625968,-0.0009352114793727969,64
post_selector,26,21,3.2019661659879094e-05,0.24200028806264953,0.24200028806264953,0.609375,3.241042884381694e-05,3.162889447594124e-05,64
response_mean,29,5,0.0004681849932239865,0.24064586806639132,0.24064586806639132,0.5625,-0.0009051707993421108,0.0018415407857900838,64
response_mean,23,15,0.0011042329884958242,0.24024487450007112,0.24024487450007112,0.53125,2.8566206651718575e-05,0.0021798997703399298,64
post_selector,32,29,-2.076257273131261e-05,-0.2401443495047159,0.2401443495047159,0.453125,-2.5374614168069705e-05,-1.615053129455552e-05,64
response_first,24,14,0.00017260871715050953,0.23926661773597604,0.23926661773597604,0.671875,9.701722069620381e-05,0.0002482002136048153,64
response_mean,21,17,-0.000447425494257905,-0.23893792876282033,0.23893792876282033,0.453125,-1.4035944332124945e-05,-0.0008808150441836851,64
post_selector,14,21,9.56151387754231e-05,0.23738443195253453,0.23738443195253453,0.5,7.2728068971616e-05,0.0001185022085792302,64
post_selector,9,22,-0.0016054127263487297,-0.23680355578534285,0.23680355578534285,0.484375,-0.0024882762227207405,-0.0007225492299767187,64
response_mean,28,1,0.00015604695045112293,0.23664488841058703,0.23664488841058703,0.578125,-0.00029523322154998343,0.0006073271224522293,64
response_mean,21,11,0.0008128536845788319,0.23635494926551096,0.23635494926551096,0.609375,-0.000819216739500902,0.002444924108658566,64
post_selector,8,22,0.00041081533890973174,0.23590809160970105,0.23590809160970105,0.578125,-0.0003831556714430817,0.001204786349262545,64
post_selector,32,31,0.00011738809962480155,0.23583571582756627,0.23583571582756627,0.5,0.00012921659208585938,0.00010555960716374374,64
response_first,25,24,5.8223586449912546e-06,0.23527333531481182,0.23527333531481182,0.625,9.003539759078194e-06,2.641177530904315e-06,64
response_mean,22,11,0.0005284247899908157,0.23526457916270518,0.23526457916270518,0.59375,-0.00014563536751666852,0.0012024849474982998,64
post_selector,14,15,-0.0014501744772132952,-0.23455174168778514,0.23455174168778514,0.5,-0.0008365085304831157,-0.002063840423943475,64
final_prompt,23,10,0.0007907894832896946,0.23447676116770177,0.23447676116770177,0.5625,0.0011303540450171515,0.0004512249215622375,64
post_selector,25,29,2.6470187435734477e-05,0.23440366029546897,0.23440366029546897,0.625,1.9259781879561827e-05,3.368059299190712e-05,64
post_selector,28,15,0.0007018013166089047,0.2337619690646874,0.2337619690646874,0.5625,0.0007103362950147093,0.0006932663382031001,64
post_selector,34,12,-0.00014175473029353817,-0.2331620910638236,0.2331620910638236,0.453125,-0.00020645014501495786,-7.705931557211847e-05,64
post_selector,5,15,0.0015551593860436612,0.2326517772167169,0.2326517772167169,0.546875,0.001449715244234544,0.001660603527852779,64
post_selector,24,18,-0.0007233057076518796,-0.2324653705620978,0.2324653705620978,0.421875,-0.0011076569280703559,-0.0003389544872334032,64
post_selector,28,12,0.0010494078314877604,0.23186179907023471,0.23186179907023471,0.53125,0.0009591230846126414,0.0011396925783628794,64
post_selector,23,25,0.0004913411758025141,0.23163650026274357,0.23163650026274357,0.53125,0.0010329890028515313,-5.0306651246503166e-05,64
post_selector,12,5,8.817219497813735e-05,0.23157054484865092,0.23157054484865092,0.578125,8.303771346616924e-05,9.330667649010549e-05,64
response_mean,28,3,0.00024986778771562284,0.23139053564781448,0.23139053564781448,0.578125,-0.000473267714824004,0.0009730032902552498,64
response_mean,21,30,0.0003808328017385046,0.23000927363462426,0.23000927363462426,0.5625,-0.00028985119161005523,0.0010515167950870645,64
response_mean,24,6,1.334818827558729e-05,0.22996901574592757,0.22996901574592757,0.609375,-1.567182056305266e-05,4.2368197114227235e-05,64
response_mean,23,5,5.5175589380945286e-05,0.22993063740744035,0.22993063740744035,0.546875,-2.7900751547345028e-05,0.00013825193030923561,64
post_selector,7,31,-6.0116738268323636e-05,-0.22984649317323422,0.22984649317323422,0.5,-8.717034916115696e-05,-3.306312737549034e-05,64
post_selector,19,16,-0.0019066889399255204,-0.2288264814776597,0.2288264814776597,0.5,-0.002919771010056144,-0.0008936068697948968,64
post_selector,11,16,0.001952780410647394,0.22859646485627919,0.22859646485627919,0.5,0.0019715310772880873,0.0019340297440067003,64
post_selector,28,17,0.001166277625088694,0.2285469224564444,0.2285469224564444,0.546875,0.0014930715515220094,0.0008394836986553782,64
response_mean,25,8,0.0010710761350765027,0.2284374780214739,0.2284374780214739,0.546875,-0.000926274985886248,0.0030684272560392535,64
post_selector,34,26,-5.7316028915003555e-05,-0.22817743119877895,0.22817743119877895,0.40625,-1.024557468554441e-05,-0.00010438648314446271,64
post_selector,13,1,0.0032944972881523375,0.2280793886696451,0.2280793886696451,0.515625,0.005720541746995869,0.0008684528293088063,64
post_selector,26,0,-0.000643935822154157,-0.22774796480093906,0.22774796480093906,0.46875,-0.0010009933612309405,-0.0002868782830773734,64
post_selector,29,27,0.0005594227357050543,0.22761494533906862,0.22761494533906862,0.828125,-0.00018336406037635714,0.0013022095317864661,64
post_selector,23,24,0.00040255921885544525,0.22750850756829347,0.22750850756829347,0.546875,0.0006387510038621093,0.00016636743384878128,64
response_first,23,13,0.00010142725975014548,0.22693741395150513,0.22693741395150513,0.578125,-4.315070327731484e-06,0.00020716958982802244,64
post_selector,7,23,0.001427331928425693,0.22688584767816836,0.22688584767816836,0.53125,0.001315925190283447,0.0015387386665679393,64
response_mean,26,22,6.561438664220283e-05,0.22675232557188696,0.22675232557188696,0.5625,6.702020800730246e-05,6.420856527710321e-05,64
post_selector,24,2,0.00023027609336167323,0.22660683034094098,0.22660683034094098,0.609375,-0.00042435533259774764,0.000884907519321094,64
response_mean,32,11,0.00020556340132314596,0.22649119651172406,0.22649119651172406,0.59375,8.398452155232994e-05,0.00032714228109396206,64
post_selector,32,23,-0.0001327421287555829,-0.2260857989111301,0.2260857989111301,0.546875,-0.00018416889042783215,-8.131536708333364e-05,64
post_selector,21,14,0.0003949081910832313,0.2256453061370615,0.2256453061370615,0.5,0.00036754806205862504,0.00042226832010783754,64
post_selector,30,0,0.0003515087555570006,0.22559236855016251,0.22559236855016251,0.609375,-0.0001641153576201678,0.000867132868734169,64
post_selector,34,24,9.188230183098464e-05,0.22517823466418543,0.22517823466418543,0.53125,0.00016871086381796332,1.5053739844005954e-05,64
post_selector,17,25,0.0008592769663664453,0.2242423435709798,0.2242423435709798,0.515625,0.0005771050055045574,0.0011414489272283332,64
post_selector,35,2,0.0002418105477772766,0.22355338255672458,0.22355338255672458,0.5,0.00023301105647987187,0.0002506100390746813,64
response_mean,22,9,5.3720848200093706e-05,0.22328374431507678,0.22328374431507678,0.578125,5.537348761208385e-05,5.206820878810355e-05,64
post_selector,4,29,0.0005870927770956753,0.2232656797161998,0.2232656797161998,0.515625,6.814607149864448e-05,0.0011060394826927062,64
final_prompt,24,16,0.0008739176846574899,0.22288013805674156,0.22288013805674156,0.609375,0.002016553320572686,-0.0002687179512577062,64
response_first,26,19,2.355878002901767e-05,0.22269771698317894,0.22269771698317894,0.609375,4.2025450397876186e-05,5.092109660159161e-06,64
post_selector,16,29,0.0027257365873083425,0.22215814238269732,0.22215814238269732,0.546875,0.0035065476840827467,0.0019449254905339376,64
final_prompt,25,9,0.00014649751847173388,0.2219777096755485,0.2219777096755485,0.640625,0.00024856880918377517,4.4426227759692573e-05,64
post_selector,7,21,0.00018713529425439307,0.22143574461249202,0.22143574461249202,0.546875,0.00010933343037322919,0.0002649371581355569,64
response_mean,29,7,0.00045027421401755137,0.2213123151619277,0.2213123151619277,0.53125,-0.0009820092727749919,0.0018825577008100944,64
response_mean,28,19,0.00017167572980269656,0.22064047630884348,0.22064047630884348,0.5625,-0.00028357883661553893,0.000626930296220932,64
post_selector,23,29,-0.000405475027946516,-0.21988657148417395,0.21988657148417395,0.421875,-7.65121076256031e-05,-0.0007344379482674289,64
response_mean,26,30,0.0006548324681716591,0.21968647962338547,0.21968647962338547,0.59375,0.001239675900706053,6.998903563726539e-05,64
response_mean,23,26,6.91946511324106e-05,0.21967895604283313,0.21967895604283313,0.578125,0.0001004062451101937,3.798305715462752e-05,64
post_selector,10,20,0.000124774413052355,0.2194279177193381,0.2194279177193381,0.625,3.360961818542686e-05,0.00021593920791928314,64
post_selector,0,14,-0.0018540265155024811,-0.2191884268952033,0.2191884268952033,0.515625,-0.0005988252814859217,-0.0031092277495190406,64
post_selector,9,2,-0.00029134745273040217,-0.2189621480487465,0.2189621480487465,0.453125,-4.0614082536201304e-05,-0.0005420808229246029,64
post_selector,20,24,-1.5854140187343546e-06,-0.21880778713484555,0.21880778713484555,0.375,-2.099031405577989e-06,-1.0717966318907202e-06,64
response_mean,21,10,0.0008187663913758986,0.21867301416870052,0.21867301416870052,0.546875,-0.00041128268134114476,0.002048815464092942,64
final_prompt,24,1,1.9431198666090578e-05,0.21853561355617496,0.21853561355617496,0.5625,3.862167261558151e-05,2.4072471659963787e-07,64
response_mean,22,22,8.463020620296785e-05,0.2181068338203246,0.2181068338203246,0.609375,-7.04997944467184e-05,0.00023976020685265411,64
post_selector,21,5,0.0012140427279518833,0.21744110797181126,0.21744110797181126,0.5625,0.002194615532062006,0.0002334699238417605,64
post_selector,2,19,0.0016283971199300082,0.21674525311326986,0.21674525311326986,0.5625,0.0016980940999928782,0.0015587001398671377,64
post_selector,26,1,-0.0006306774157565091,-0.21629539964044395,0.21629539964044395,0.453125,0.0009120431750488782,-0.002173398006561897,64
post_selector,0,10,-0.002590893789601981,-0.21624105969333746,0.21624105969333746,0.5,-0.0026938384835375534,-0.0024879490956664094,64
post_selector,14,4,-0.0021216374989307908,-0.21596181810416745,0.21596181810416745,0.484375,-0.0017637238925090097,-0.002479551105352572,64
final_prompt,24,11,4.1730804809954244e-05,0.21588930159427128,0.21588930159427128,0.609375,7.997645047906622e-05,3.4851591408422647e-06,64
post_selector,18,5,0.002019881176238406,0.2151910653019467,0.2151910653019467,0.59375,0.0013567169662564937,0.002683045386220319,64
post_selector,26,31,0.0007967483161337285,0.214889947469597,0.214889947469597,0.625,0.0009776555743883193,0.0006158410578791376,64
final_prompt,24,15,0.00025315584298367703,0.21423721212398208,0.21423721212398208,0.640625,0.00040522152085029664,0.00010109016511705739,64
final_prompt,27,16,0.0003342594500281777,0.2137623147299088,0.2137623147299088,0.53125,-0.00039468495378967616,0.0010632038538460316,64
post_selector,7,12,5.9959600321240086e-05,0.21305718892021508,0.21305718892021508,0.5,1.2533467497648866e-05,0.00010738573314483133,64
response_first,25,26,2.7244445220723914e-05,0.21267183039894574,0.21267183039894574,0.515625,9.2587002654884e-05,-3.809811221343619e-05,64
post_selector,14,3,6.350054945868851e-05,0.21262341053574035,0.21262341053574035,0.5625,-4.56434236177171e-07,0.00012745753315355417,64
response_mean,20,13,0.00025842487548287466,0.21243549228224543,0.21243549228224543,0.59375,-0.0005145776935932897,0.001031427444559039,64
post_selector,11,27,0.0014947910021874094,0.21239256505476165,0.21239256505476165,0.5,0.002343504420423406,0.0006460775839514125,64
post_selector,33,25,0.00020543132586679032,0.2123081303452454,0.2123081303452454,0.671875,0.00020351524926807388,0.00020734740246550673,64
post_selector,22,1,0.0003660280917756656,0.2121627244281429,0.2121627244281429,0.53125,0.00044034421080142185,0.0002917119727499093,64
post_selector,24,20,0.00010140289555237483,0.2119029361203234,0.2119029361203234,0.5625,-9.520621824775537e-05,0.000298012009352505,64
final_prompt,26,25,-0.0002958020907044476,-0.21175176934389908,0.21175176934389908,0.4375,0.00034013728873105004,-0.0009317414701399452,64
post_selector,31,11,0.00018067721748592902,0.2116315847791901,0.2116315847791901,0.609375,-1.9506122043822584e-05,0.00038086055701568066,64
post_selector,11,18,0.001194746689179739,0.21147906417619977,0.21147906417619977,0.5,0.0017635414242249657,0.0006259519541345125,64
post_selector,10,5,6.052685984059287e-05,0.21128147770222358,0.21128147770222358,0.453125,4.788556213952318e-05,7.316815754166255e-05,64
final_prompt,24,30,2.081238991990559e-05,0.21124601812747598,0.21124601812747598,0.578125,4.685417496829286e-05,-5.229395128481682e-06,64
post_selector,27,6,9.727464691877223e-05,0.21080300987481637,0.21080300987481637,0.609375,-7.352107400038156e-05,0.000268070367837926,64
post_selector,29,17,0.00021924316206422845,0.21063779331004828,0.21063779331004828,0.515625,-0.0002540377518016342,0.0006925240759300911,64
post_selector,17,8,0.0005108104460305203,0.2104575662808369,0.2104575662808369,0.484375,0.00010673632823454998,0.0009148845638264906,64
post_selector,1,22,-0.004864034708589317,-0.20951936586056252,0.20951936586056252,0.5,-0.007021412835456431,-0.0027066565817222025,64
response_mean,22,1,0.00016277530880869266,0.20946765393786887,0.20946765393786887,0.578125,-2.7661775902749224e-05,0.0003532123935201346,64
post_selector,22,3,-0.000857098137203137,-0.209453906049916,0.209453906049916,0.453125,-0.0013988288337713991,-0.0003153674406348751,64
response_mean,21,8,0.000561483569072152,0.20931001812421793,0.20931001812421793,0.515625,-0.0007097566490301467,0.0018327237871744507,64
post_selector,17,26,-0.0010389142153144286,-0.20847894610585915,0.20847894610585915,0.5,-0.002079097961541259,1.2695309124021261e-06,64
post_selector,19,7,0.0002893147793656673,0.20826549794415286,0.20826549794415286,0.578125,0.000491577528009646,8.705203072168882e-05,64
post_selector,9,13,-0.0006073990534787359,-0.2078019651813188,0.2078019651813188,0.546875,-0.000643606199446378,-0.0005711919075110934,64
final_prompt,23,30,0.0001338216285375819,0.207658400398964,0.207658400398964,0.5625,-5.821242166348774e-05,0.0003258556787386516,64
final_prompt,25,10,0.0022663872659904856,0.20714334921327543,0.20714334921327543,0.5625,-0.0002262114467157508,0.004758985978696722,64
post_selector,32,15,0.0003046489550797548,0.20618630680442038,0.20618630680442038,0.5,0.0001367781324006408,0.00047251977775886883,64
post_selector,29,18,0.0001366129808957152,0.2060489130380392,0.2060489130380392,0.65625,-0.00012981555755687074,0.00040304151934830116,64
response_first,24,31,4.874361076190347e-05,0.20603290009990707,0.20603290009990707,0.625,-1.1640184652597185e-05,0.00010912740617640413,64
post_selector,12,13,0.003598758938096576,0.2050549053252414,0.2050549053252414,0.5625,0.00764287566926214,-0.00044535779306898696,64
post_selector,19,13,-0.004417348351125839,-0.20491831986906023,0.20491831986906023,0.5,-0.007926402809971485,-0.0009082938922801934,64
post_selector,2,8,0.0010236563175567343,0.20467238681301878,0.20467238681301878,0.59375,0.0009521061292616593,0.0010952065058518093,64
post_selector,8,15,0.0004047435859320056,0.2043563913800034,0.2043563913800034,0.5,0.0004940892576996594,0.0003153979141643519,64
post_selector,14,17,-0.0007375341738224893,-0.20431444261515166,0.20431444261515166,0.4375,-0.0011362561490386655,-0.00033881219860631284,64
post_selector,5,4,0.0005441824873742048,0.20410053104026152,0.20410053104026152,0.46875,0.0011528250070114133,-6.446003226300386e-05,64
post_selector,8,28,4.827064618240229e-06,0.20397456918946313,0.20397456918946313,0.578125,5.246990575358268e-06,4.40713866112219e-06,64
post_selector,7,22,0.002056705077848162,0.20351406006363915,0.20351406006363915,0.53125,0.003459238701907456,0.0006541714537888687,64
post_selector,14,18,0.0008805199286143735,0.20266019073472552,0.20266019073472552,0.515625,0.00045057436364003445,0.0013104654935887127,64
final_prompt,23,13,0.00011842385970339055,0.20201210472561898,0.20201210472561898,0.546875,-5.811881601404022e-05,0.0002949665354208213,64
post_selector,11,20,4.017544716815599e-05,0.20064450716397825,0.20064450716397825,0.5625,1.6267196997425827e-05,6.408369733888617e-05,64
post_selector,10,16,0.00035111595207126437,0.20043321541455988,0.20043321541455988,0.5,0.0005887597344553694,0.00011347216968715934,64
post_selector,1,8,-0.0011414259024604707,-0.200376066237287,0.200376066237287,0.484375,-0.002166051323001738,-0.00011680048191920324,64
post_selector,8,16,0.00020088632209081095,0.20001377995009084,0.20001377995009084,0.5,0.00012533045355667192,0.00027644219062494997,64
final_prompt,24,25,0.0003058756192331135,0.19932713716481948,0.19932713716481948,0.578125,0.00046531511179636687,0.00014643612666986026,64
post_selector,35,23,0.0005902190114284187,0.1990071237733268,0.1990071237733268,0.5,0.0010371473363193187,0.0001432906865375188,64
response_mean,28,16,2.7616824468164646e-05,0.19898796995429072,0.19898796995429072,0.53125,-5.318237776917638e-05,0.00010841602670550565,64
response_mean,25,23,1.5800776282041575e-05,0.19880077828938544,0.19880077828938544,0.515625,1.1048778276284991e-05,2.055277428779815e-05,64
response_mean,27,13,0.0003011778185282283,0.19802262394256703,0.19802262394256703,0.515625,-0.0005921821621086157,0.001194537799165072,64
post_selector,24,19,-0.0010821380720926822,-0.1976850587058984,0.1976850587058984,0.609375,-0.0016840019646906677,-0.0004802741794946966,64
post_selector,13,17,-0.0006833364805061085,-0.19706538887769773,0.19706538887769773,0.421875,-0.0010131326998816844,-0.00035354026113053273,64
response_mean,29,8,0.00023334768116001095,0.19634399987349926,0.19634399987349926,0.53125,-0.00040777410458756454,0.0008744694669075865,64
response_mean,22,2,0.00039105801533877735,0.1955468839331299,0.1955468839331299,0.5625,0.00032071693658508306,0.0004613990940924719,64
post_selector,5,12,0.0007861540725570875,0.19551726308466738,0.19551726308466738,0.703125,0.00022816505952503752,0.0013441430855891375,64
post_selector,31,26,7.916130698502947e-05,0.19531610733293406,0.19531610733293406,0.609375,4.179725146968093e-05,0.00011652536250037805,64
post_selector,24,12,0.0011908399646927063,0.19512853287378948,0.19512853287378948,0.5625,0.0013651984700118126,0.0010164814593736,64
post_selector,34,27,-0.00015226550931401434,-0.19470753158497156,0.19470753158497156,0.421875,1.3056614989176593e-05,-0.0003175876336172053,64
post_selector,0,19,0.0028740079542330906,0.19422625937780075,0.19422625937780075,0.5,0.004122213409573304,0.0016258024988928784,64
post_selector,14,13,-0.00279311360645806,-0.19408658225585593,0.19408658225585593,0.484375,-0.003962511706049551,-0.0016237155068665686,64
post_selector,24,17,-0.00020964471718798845,-0.19400682668584934,0.19400682668584934,0.53125,-0.00016548226108171365,-0.0002538071732942633,64
response_first,26,17,1.3146471161459805e-05,0.1933367627275555,0.1933367627275555,0.578125,4.9242257773565975e-06,2.1368716545563013e-05,64
final_prompt,25,24,0.00011258733582053518,0.19324870093663052,0.19324870093663052,0.53125,0.00046916940414117926,-0.00024399473250010894,64
response_first,23,10,3.882203742121952e-05,0.1931963617063612,0.1931963617063612,0.515625,5.337814839378314e-05,2.4265926448655902e-05,64
response_mean,30,25,8.339567727943525e-05,0.19284553539940144,0.19284553539940144,0.578125,-0.0001227923219175706,0.0002895836764764411,64
response_mean,31,30,0.000343977962984355,0.19236202220267903,0.19236202220267903,0.546875,-0.0008553320913051403,0.0015432880172738502,64
post_selector,0,31,0.002129986478394132,0.192233929740764,0.192233929740764,0.53125,0.0031325835298048376,0.001127389426983426,64
post_selector,35,18,0.0005606160229945109,0.1921270676782007,0.1921270676782007,0.5,0.00044217844697412806,0.0006790535990148937,64
post_selector,7,1,0.00015688069379393675,0.19191656436386725,0.19191656436386725,0.515625,0.00023304228852793753,8.071909905993605e-05,64
post_selector,35,26,0.0009348686908197178,0.19088710591093866,0.19088710591093866,0.46875,0.00033024178992490614,0.001539495591714529,64
post_selector,18,9,0.00042895339538517576,0.19080374248368048,0.19080374248368048,0.5625,0.0004420285840751484,0.0004158782066952031,64
post_selector,31,16,0.00013495636937932144,0.19075354811516182,0.19075354811516182,0.5,0.00012991659946237302,0.0001399961392962699,64
response_mean,21,28,0.0008601167387496339,0.19030333161737392,0.19030333161737392,0.53125,0.0012016694709018217,0.0005185640065974462,64
post_selector,28,11,-0.0008842940014801654,-0.18863436379344453,0.18863436379344453,0.5625,-0.0017998681414610508,3.128013850071991e-05,64
final_prompt,21,31,1.2751537617815247e-05,0.18830955710658331,0.18830955710658331,0.578125,1.567606616958849e-05,9.827009066042e-06,64
final_prompt,24,23,0.0001260559090496832,0.18824475555669987,0.18824475555669987,0.546875,0.00011911972342205042,0.000132992094677316,64
response_first,24,4,1.0308746027474265e-05,0.1880412381409162,0.1880412381409162,0.5625,-4.7734123427266865e-06,2.5390904397675218e-05,64
post_selector,9,20,-0.00017653110353421208,-0.18769054985740777,0.18769054985740777,0.40625,-0.0004763104097946548,0.00012324820272623056,64
post_selector,18,17,0.0005950186805421249,0.18688528262555346,0.18688528262555346,0.5,0.0005275611292745281,0.000662476231809722,64
response_mean,24,7,0.0001155725988439736,0.1868452179737109,0.1868452179737109,0.578125,-0.00022676001759690362,0.00045790521528485086,64
post_selector,16,16,-0.002136440813046647,-0.18657388958837895,0.18657388958837895,0.5,-0.003037651258637203,-0.0012352303674560907,64
post_selector,30,26,0.00018331346427656841,0.18648051764079243,0.18648051764079243,0.578125,0.0001590587696682597,0.0002075681588848771,64
final_prompt,24,6,4.2962223147924306e-06,0.18587865919562674,0.18587865919562674,0.546875,7.916156818055242e-06,6.762878115296191e-07,64
post_selector,10,1,0.0002851087956514673,0.18546201112874489,0.18546201112874489,0.515625,0.0002272093206556752,0.0003430082706472593,64
post_selector,35,19,0.0010091324111272126,0.1854004693201383,0.1854004693201383,0.5,-0.0007738740314380127,0.0027921388536924375,64
post_selector,17,30,3.275139658852821e-05,0.1851155320353938,0.1851155320353938,0.59375,5.291256707094915e-05,1.2590226106107273e-05,64
post_selector,16,30,-0.0005862033212906624,-0.18503912694913652,0.18503912694913652,0.453125,0.00012322860129642505,-0.0012956352438777494,64
response_mean,21,4,0.00036347914578982194,0.18503607026375538,0.18503607026375538,0.546875,0.00029524186243178735,0.00043171642914785653,64
post_selector,30,7,3.4478311931701095e-05,0.18491240984693869,0.18491240984693869,0.5625,6.942522804819471e-05,-4.6860418479252806e-07,64
post_selector,6,21,0.0005738950021623135,0.18427141421199475,0.18427141421199475,0.53125,0.0005892283588764238,0.0005585616454482031,64
post_selector,11,14,0.0010550085025897642,0.18410336061957736,0.18410336061957736,0.59375,-0.0003800670674536437,0.002490084072633172,64
post_selector,32,13,-0.00015365654644483595,-0.18354245917106496,0.18354245917106496,0.5,-0.00015134711611608747,-0.00015596597677358437,64
response_first,23,15,2.0499451461042373e-06,0.1834502750753836,0.1834502750753836,0.546875,3.7134114427850307e-06,3.864788494234439e-07,64
post_selector,9,3,0.00017717560012897387,0.1834383281722787,0.1834383281722787,0.515625,0.0002613699152789165,9.298128497903125e-05,64
final_prompt,22,11,3.8321966030699046e-05,0.18340879160170168,0.18340879160170168,0.546875,7.033718475211645e-05,6.306747309281633e-06,64
post_selector,5,5,-0.0008296902997244624,-0.18197718694160975,0.18197718694160975,0.484375,-0.0011169568533659939,-0.0005424237460829312,64
post_selector,35,31,-7.713221179982795e-05,-0.18076757785368372,0.18076757785368372,0.40625,-0.0001873966707534951,3.313224715383919e-05,64
post_selector,6,10,0.00015285413473974387,0.18038397451975854,0.18038397451975854,0.578125,-0.00012008099565719436,0.0004257892651366821,64
post_selector,26,17,0.0002670378207767424,0.17906957342796598,0.17906957342796598,0.5625,-1.8257178453502482e-05,0.0005523328200069873,64
post_selector,7,13,0.0006462650399043938,0.17873004723025743,0.17873004723025743,0.5,0.0006885262191644904,0.000604003860644297,64
response_mean,32,5,0.00011320665930724735,0.1786867314623127,0.1786867314623127,0.5625,-0.000179980449956921,0.00040639376857141567,64
post_selector,3,9,0.0006369987240759567,0.17856469362141483,0.17856469362141483,0.578125,-0.0003748492745216898,0.001648846722673603,64
post_selector,16,27,-5.828929948847728e-05,-0.17853612216904244,0.17853612216904244,0.46875,7.299084131758706e-06,-0.00012387768310871328,64
post_selector,34,11,-2.5021508491815816e-05,-0.17840429074308223,0.17840429074308223,0.453125,-7.684916624837795e-05,2.68061492647463e-05,64
post_selector,35,30,7.38665025892144e-05,0.17838630588092214,0.17838630588092214,0.5625,0.00016382783951482917,-1.6094834336400396e-05,64
post_selector,17,19,0.0006606982533412469,0.1776525674296979,0.1776525674296979,0.5625,0.0013395797213888656,-1.8183214706371943e-05,64
post_selector,20,27,5.014248381484707e-05,0.17759125167963108,0.17759125167963108,0.578125,0.0001036119792843148,-3.327011654620659e-06,64
final_prompt,21,26,2.141666509203309e-05,0.17732313929670995,0.17732313929670995,0.59375,1.9223017801549984e-05,2.3610312382516206e-05,64
post_selector,28,31,-0.0001019794499370578,-0.1771914621215516,0.1771914621215516,0.5,-3.7418305964809376e-05,-0.00016654059390930624,64
post_selector,9,14,-0.0006259834772208613,-0.17693029551060074,0.17693029551060074,0.40625,-0.0005537130346055913,-0.0006982539198361312,64
final_prompt,24,19,0.003100387861195479,0.1767718336687184,0.1767718336687184,0.546875,0.004037472099298603,0.0021633036230923565,64
post_selector,4,21,0.0015895724427537094,0.17672283524193555,0.17672283524193555,0.53125,0.0002625998604344344,0.0029165450250729845,64
response_mean,27,29,0.0002911066485466984,0.17634017084260778,0.17634017084260778,0.546875,0.0009629864116504683,-0.00038077311455707156,64
post_selector,12,0,8.12520402178064e-05,0.17575338885045932,0.17575338885045932,0.5,7.540480942225028e-05,8.709927101336251e-05,64
response_first,24,9,1.7061151798003493e-06,0.1747260005715331,0.1747260005715331,0.53125,-1.4101463712279383e-06,4.822376730828637e-06,64
response_first,24,16,2.7065758274603148e-05,0.1746467927441052,0.1746467927441052,0.546875,8.175074003700797e-05,-2.7619223487801674e-05,64
public_task_span,12,1,-2.4108562911345825e-05,-0.17432643471737796,0.17432643471737796,0.484375,-5.557938857235733e-05,7.362262749665691e-06,64
post_selector,19,17,0.0006975894666538828,0.17425337856360046,0.17425337856360046,0.5,1.0777112038337628e-05,0.0013844018212694283,64
post_selector,1,27,0.0036926403845427593,0.17368507360502122,0.17368507360502122,0.515625,0.005450708180433141,0.0019345725886523782,64
response_mean,33,18,0.00016505537678312792,0.1731576510414796,0.1731576510414796,0.5,7.371507672360361e-05,0.0002563956768426522,64
post_selector,7,2,0.00035133195433444846,0.17279040316323346,0.17279040316323346,0.515625,0.0005744424997828843,0.00012822140888601243,64
post_selector,34,23,6.987665398128493e-05,0.17273856284066544,0.17273856284066544,0.515625,1.4577129036298968e-05,0.0001251761789262709,64
post_selector,17,10,0.0012287406752875545,0.17260875994553976,0.17260875994553976,0.46875,0.0006125461077317563,0.0018449352428433533,64
post_selector,7,0,0.0002062788771581784,0.17260837314984362,0.17260837314984362,0.546875,0.00034252937439303475,7.002837992332208e-05,64
post_selector,4,27,0.0004752540864955967,0.17239143916483918,0.17239143916483918,0.8125,0.0007436933083226557,0.00020681486466853763,64
post_selector,12,9,0.0007354560220846813,0.17230235837225907,0.17230235837225907,0.59375,0.0007996909698704157,0.0006712210742989468,64
post_selector,20,11,8.063132217728325e-05,0.17210911099290965,0.17210911099290965,0.5625,1.6256745425378692e-05,0.00014500589892918779,64
response_mean,33,14,0.00015558954578409617,0.17139576576007903,0.17139576576007903,0.546875,-0.0002853670657714088,0.0005965461573396011,64
post_selector,6,24,0.00010584316987660993,0.17040525572923135,0.17040525572923135,0.625,7.625568196091784e-05,0.00013543065779230204,64
post_selector,1,12,0.0010950289561151173,0.17033092724415197,0.17033092724415197,0.59375,-0.0009166112067760032,0.003106669119006237,64
post_selector,35,3,0.00036847110186499684,0.17007990156773342,0.17007990156773342,0.5,0.0006820725338911813,5.4869669838812434e-05,64
response_mean,24,25,0.0004958217905368636,0.16989754998914355,0.16989754998914355,0.5625,-0.0008058198072830972,0.0017974633883568241,64
post_selector,6,23,0.0004977007174602469,0.16948954101425273,0.16948954101425273,0.5,0.0005277065138216126,0.00046769492109888125,64
post_selector,18,31,0.0018317830254090828,0.1688050191029596,0.1688050191029596,0.65625,-0.0023058523074723745,0.005969418358290541,64
final_prompt,21,19,4.6935394209411794e-05,0.16852195160457317,0.16852195160457317,0.546875,0.0001012760388334646,-7.405250414640993e-06,64
post_selector,20,18,0.00035125268095726196,0.16793351175218035,0.16793351175218035,0.53125,0.001107712847442582,-0.0004052074855280583,64
response_mean,33,17,0.00018891917170548345,0.1670785071804986,0.1670785071804986,0.5625,-0.00040674894898982093,0.0007845872924007876,64
post_selector,34,18,6.884404888296477e-05,0.16699124952739147,0.16699124952739147,0.484375,3.784307818932482e-05,9.984501957660473e-05,64
post_selector,35,1,-8.330882087648005e-05,-0.1669071554078508,0.1669071554078508,0.5,-4.251299742464072e-05,-0.00012410464432831937,64
post_selector,9,24,0.0001737610327836562,0.16684744485985958,0.16684744485985958,0.53125,-5.5542801419497996e-05,0.0004030648669868105,64
post_selector,25,22,-9.915360737976876e-05,-0.16633012962279992,0.16633012962279992,0.5,-5.481139351104375e-05,-0.00014349582124849376,64
post_selector,12,2,1.0824240817437938e-05,0.16573700426690544,0.16573700426690544,0.515625,-8.920719125171628e-06,3.05692007600475e-05,64
final_prompt,27,17,0.0001201023901557973,0.16485571489397385,0.16485571489397385,0.5625,0.0002941025077234198,-5.389772741182515e-05,64
post_selector,5,17,0.000720935926437958,0.16474944222099588,0.16474944222099588,0.5,0.001340066435659525,0.00010180541721639051,64
response_mean,31,4,0.00016547066707061893,0.16470565835008102,0.16470565835008102,0.5625,-0.00028144270572736275,0.0006123840398686006,64
response_mean,26,28,0.0003578161943096228,0.1643685235394565,0.1643685235394565,0.59375,0.00021457248203658158,0.0005010599065826641,64
response_mean,26,29,0.0006984789756643272,0.16396184340779194,0.16396184340779194,0.53125,0.0020574843206304545,-0.0006605263693018003,64
response_mean,32,10,0.00012922063172027186,0.16294500747020516,0.16294500747020516,0.578125,-0.0002857345045867675,0.0005441757680273112,64
post_selector,12,14,0.000635662548120311,0.16287458354350923,0.16287458354350923,0.5,0.0014960636563046094,-0.00022473856006398758,64
post_selector,30,13,0.000266592208845393,0.16229001639631357,0.16229001639631357,0.5625,-0.00015352095397246505,0.0006867053716632511,64
response_first,27,16,0.00032148654099727633,0.16206463524915463,0.16206463524915463,0.625,0.0005134508319315479,0.00012952225006300467,64
post_selector,21,21,-0.0003305264990558438,-0.1619562354190796,0.1619562354190796,0.421875,-0.00011974949848080001,-0.0005413034996308875,64
post_selector,33,22,0.00022437390362028533,0.16183940027643162,0.16183940027643162,0.5625,-0.0004577420186251255,0.0009064898258656963,64
post_selector,22,30,0.00019136085484205702,0.16179921084179327,0.16179921084179327,0.53125,0.0001927829143824095,0.0001899387953017045,64
post_selector,10,10,0.0011553041986189744,0.16039600428125161,0.16039600428125161,0.5,0.00015319449448725816,0.002157413902750691,64
post_selector,30,3,-6.93187998876969e-05,-0.16027058596949073,0.16027058596949073,0.484375,-0.0001103256972783097,-2.831190249708407e-05,64
post_selector,21,30,0.00025930718766176684,0.16024270642129346,0.16024270642129346,0.5,-0.0005600344629783313,0.0010786488383018648,64
post_selector,26,29,0.0004829610179513013,0.16007420110375462,0.16007420110375462,0.609375,0.0010059676606033311,-4.004562470072862e-05,64
final_prompt,24,10,1.9863777197312274e-05,0.1598757379428297,0.1598757379428297,0.5625,1.7237646261487658e-05,2.248990813313689e-05,64
post_selector,5,0,0.00034347087785134876,0.15983293618248898,0.15983293618248898,0.609375,7.792595715727942e-05,0.0006090157985454181,64
post_selector,19,6,0.0009536446232232257,0.1597936288165104,0.1597936288165104,0.515625,-0.0004212801650282863,0.0023285694114747375,64
post_selector,22,10,0.0003513147148623849,0.15964881702413428,0.15964881702413428,0.515625,0.0002955466516141324,0.0004070827781106375,64
response_mean,27,18,0.0005760649228250268,0.15957278374650072,0.15957278374650072,0.578125,-0.001416733639416615,0.0025688634850666685,64
post_selector,10,31,0.0004039137947984348,0.15930765960962598,0.15930765960962598,0.484375,0.0009216876387654345,-0.00011386004916856483,64
response_mean,28,23,0.0002345709049222839,0.1592279719022717,0.1592279719022717,0.546875,-0.000709457227458165,0.0011785990373027327,64
response_mean,20,16,0.000742679369295724,0.15881719600859234,0.15881719600859234,0.578125,0.0013264884501040636,0.00015887028848738456,64
post_selector,28,24,0.0001406406856858672,0.15872276462194462,0.15872276462194462,0.5,8.535232518625002e-05,0.00019592904618548438,64
response_mean,20,1,9.521285198842929e-05,0.15857110303318714,0.15857110303318714,0.5625,0.00017833628680817857,1.2089417168680001e-05,64
response_mean,30,2,4.547693595213372e-05,0.15848117055509997,0.15848117055509997,0.515625,-7.83700861575123e-05,0.00016932395806177974,64
post_selector,7,3,0.0001728936622384854,0.1581613365051242,0.1581613365051242,0.546875,0.00020223247156536136,0.0001435548529116094,64
response_mean,20,12,-0.0004873724419667201,-0.1578658814427685,0.1578658814427685,0.453125,-0.0010621222995723463,8.73774156389061e-05,64
post_selector,24,16,-0.0011115673950143968,-0.15764151058149795,0.15764151058149795,0.625,-0.0019888476647338528,-0.0002342871252949407,64
post_selector,9,6,3.610785336149839e-05,0.15753346731050252,0.15753346731050252,0.484375,6.585206983799638e-05,6.363636885000409e-06,64
post_selector,1,9,0.0012753949195030078,0.157229489982931,0.157229489982931,0.53125,0.0013249106559669497,0.0012258791830390653,64
post_selector,0,11,-0.0033691025819280137,-0.1567319782493042,0.1567319782493042,0.5,-0.0026970332837663595,-0.004041171880089668,64
public_task_span,21,19,9.868411757451916e-05,0.15671454522333428,0.15671454522333428,0.59375,7.581592512905568e-05,0.00012155231001998259,64
response_mean,21,31,0.0005056350064478417,0.1566575015525329,0.1566575015525329,0.5625,3.160270352963948e-05,0.0009796673093660437,64
response_mean,26,23,5.997576079152338e-05,0.15634625636994165,0.15634625636994165,0.5625,3.2167268727768965e-05,8.77842528552778e-05,64
post_selector,9,30,-2.3254312560005985e-06,-0.15606061883538308,0.15606061883538308,0.5,-5.603770192763591e-06,9.529076807623937e-07,64
response_mean,20,18,0.00019952936781918716,0.15594489403294343,0.15594489403294343,0.578125,0.00036810929850615755,3.094943713221677e-05,64
post_selector,15,1,-0.0017407371051376655,-0.1559218866728465,0.1559218866728465,0.5,-0.0004382444749353502,-0.0030432297353399813,64
response_first,24,5,1.4572847286232202e-05,0.1559189635527528,0.1559189635527528,0.5625,-2.1105440012536588e-05,5.025113458500099e-05,64
response_mean,22,0,0.0003597763502511935,0.15590153173678267,0.15590153173678267,0.53125,-0.00045520934781961527,0.0011747620483220024,64
response_mean,30,27,0.00019562136367312492,0.15583033821286765,0.15583033821286765,0.515625,-0.0006153231470306956,0.0010065658743769455,64
post_selector,19,22,0.00035134756581100786,0.15564534648796477,0.15564534648796477,0.5,0.0004999107368348594,0.00020278439478715621,64
response_mean,29,9,0.00012777577080668945,0.15533132938219646,0.15533132938219646,0.5,-0.00040727943814997396,0.0006628309797633528,64
post_selector,10,17,-0.0003275209019193356,-0.15495607829012695,0.15495607829012695,0.40625,-0.00046178004959074315,-0.00019326175424792813,64
post_selector,4,9,0.001224009005454711,0.15325234562348208,0.15325234562348208,0.5625,0.0007857950913603465,0.001662222919549075,64
post_selector,7,7,4.974385267252226e-06,0.15297249283097825,0.15297249283097825,0.484375,2.072277728970313e-06,7.87649280553414e-06,64
response_mean,32,6,0.00013090583661324025,0.1526872096023467,0.1526872096023467,0.515625,-0.00010384999222876142,0.000365661665455242,64
post_selector,13,25,0.00010115886698257629,0.1523547516780787,0.1523547516780787,0.625,8.547297875337664e-05,0.00011684475521177596,64
final_prompt,26,31,0.0008902436311472966,0.1521558971723838,0.1521558971723838,0.609375,0.0010298226134182133,0.0007506646488763799,64
final_prompt,25,8,0.00017110527210206265,0.1520570837667747,0.1520570837667747,0.59375,0.0003195825624970798,2.262798170704559e-05,64
post_selector,9,12,0.0001290815225729538,0.15197313694082545,0.15197313694082545,0.5625,0.0002716713661356878,-1.3508320989780281e-05,64
final_prompt,25,26,0.00014963034846004146,0.15162135026209214,0.15162135026209214,0.578125,0.0001664143874222509,0.00013284630949783193,64
post_selector,22,31,0.0008297248314192952,0.15156268508252171,0.15156268508252171,0.515625,0.00034048805537167806,0.0013189616074669127,64
response_mean,32,0,0.0001697192142273657,0.15119260427217351,0.15119260427217351,0.578125,-0.0005249403475317831,0.0008643787759865145,64
response_first,26,18,6.347362563019108e-05,0.15102887889319597,0.15102887889319597,0.5625,-6.912384833412847e-05,0.00019607109959451062,64
public_task_span,7,22,5.4964169976291984e-05,0.15082514636634597,0.15082514636634597,0.578125,6.013396250635762e-05,4.9794377446226365e-05,64
post_selector,6,11,-0.00048200815763265934,-0.14968684723593903,0.14968684723593903,0.484375,-0.0017529410033603002,0.0007889246880949813,64
post_selector,28,25,0.00041079930451815786,0.14912137948881493,0.14912137948881493,0.5,0.00046195784670999696,0.00035964076232631876,64
post_selector,4,4,-0.000979367130639722,-0.14899881127040027,0.14899881127040027,0.4375,-0.0006280939414864251,-0.0013306403197930186,64
post_selector,10,6,-7.899958518464763e-05,-0.14879608791039764,0.14879608791039764,0.5,2.767316982498291e-05,-0.00018567234019427825,64
response_mean,21,29,0.0001508747105844916,0.14819952917871654,0.14819952917871654,0.59375,0.00047023433717183997,-0.0001684849160028568,64
response_mean,26,21,-9.340002577573122e-05,-0.14814363670311426,0.14814363670311426,0.390625,-0.00027180060533280937,8.500055378134697e-05,64
final_prompt,21,18,9.246313225474569e-05,0.14797657595745864,0.14797657595745864,0.625,0.0002309598500289594,-4.603358551946803e-05,64
post_selector,3,3,-0.0006759678581147288,-0.1476191987946851,0.1476191987946851,0.296875,-0.000510637495608523,-0.0008412982206209345,64
response_first,24,1,3.981415659382037e-06,0.14706788053162706,0.14706788053162706,0.546875,7.3125563346820854e-06,6.502749840819888e-07,64
post_selector,11,8,-0.00015798868935234985,-0.14694066713359025,0.14694066713359025,0.53125,7.958389232953519e-05,-0.000395561271034235,64
post_selector,5,31,0.0017294713456976695,0.1468177867211506,0.1468177867211506,0.5625,0.0012487870844779595,0.0022101556069173797,64
final_prompt,21,28,0.00010694086694228619,0.14642987128884022,0.14642987128884022,0.59375,-2.5488593450981062e-05,0.00023937032733555345,64
post_selector,25,21,0.00013914922601543099,0.14637432804091624,0.14637432804091624,0.5625,0.0002727126448007766,5.585807230085261e-06,64
response_mean,33,16,0.00010094202798426928,0.14618948232889137,0.14618948232889137,0.515625,-0.00038258458835114265,0.0005844686443196813,64
post_selector,29,19,9.288766386816576e-05,0.1459877424589298,0.1459877424589298,0.484375,-0.0002690427854758779,0.0004548181132122094,64
post_selector,10,29,-0.0005525155957002351,-0.14587000501158973,0.14587000501158973,0.46875,0.0001782379367796188,-0.001283269128180089,64
response_mean,20,19,0.00028002255476166586,0.14559878852005628,0.14559878852005628,0.515625,0.0006780288476875159,-0.00011798373816418415,64
response_mean,28,17,3.668486971263819e-05,0.14557953912391017,0.14557953912391017,0.5,-0.00012298660465146806,0.00019635634407674443,64
response_mean,27,19,0.00020668607066909263,0.14544817579796163,0.14544817579796163,0.5625,-0.0005474097806654493,0.0009607819220036346,64
response_first,23,12,4.386255200827804e-06,0.14534024860187333,0.14534024860187333,0.5625,8.222765288223854e-06,5.497451134317544e-07,64
response_mean,21,7,7.858767901324642e-06,0.14523259312809061,0.14523259312809061,0.578125,1.4974807925224051e-05,7.427278774252308e-07,64
post_selector,32,21,-0.00015425177662109393,-0.1451936982802603,0.1451936982802603,0.5,-0.00033800232449721307,2.949877125502524e-05,64
final_prompt,25,11,0.0003462531904005876,0.14518589333599521,0.14518589333599521,0.625,0.0001798863941075945,0.0005126199866935808,64
response_mean,28,8,0.0002784615246582609,0.14441216520820946,0.14441216520820946,0.5625,0.00030083970455052443,0.00025608334476599727,64
post_selector,8,1,-0.00011361822816978628,-0.14430759510151106,0.14430759510151106,0.375,-0.0002734857971517823,4.624934081220979e-05,64
response_first,24,11,1.4172385078838644e-05,0.14415204779512908,0.14415204779512908,0.515625,-3.046440173192332e-05,5.880917188960061e-05,64
response_mean,27,28,0.0003139925011055228,0.14400916652251658,0.14400916652251658,0.5625,-0.00035313770285938154,0.0009811227050704272,64
post_selector,35,4,-0.000101140017704895,-0.14383761645252732,0.14383761645252732,0.5,-0.000127712880384934,-7.456715502485598e-05,64
public_task_span,11,7,-2.4098970015980858e-05,-0.14364779187621393,0.14364779187621393,0.4375,3.2188409022626174e-06,-5.141678093422432e-05,64
post_selector,3,13,-0.000657024400425144,-0.1435728433033995,0.1435728433033995,0.5,-0.0026731970938271626,0.0013591482929768747,64
post_selector,30,29,5.085209522802978e-05,0.14311844479184524,0.14311844479184524,0.578125,7.397405533992374e-05,2.773013511613583e-05,64
response_mean,23,8,0.0006554003084602281,0.14271085236570688,0.14271085236570688,0.5625,-0.0008510473453497853,0.0021618479622702415,64
post_selector,25,14,0.000568203529837775,0.14263686596815903,0.14263686596815903,0.5,0.0001405068323947437,0.0009959002272808062,64
response_mean,31,15,0.00020782553167464186,0.14260235611557748,0.14260235611557748,0.578125,-0.000548778617940106,0.0009644296812893896,64
post_selector,8,23,0.00010554702998889216,0.14250536297280372,0.14250536297280372,0.421875,0.0002998821681785608,-8.878810820077645e-05,64
post_selector,33,2,7.853436127902191e-05,0.14152251530366622,0.14152251530366622,0.515625,-3.934366077373506e-05,0.0001964123833317789,64
post_selector,21,25,-0.0010475785893504421,-0.14128318503675882,0.14128318503675882,0.453125,-0.0024762340472079753,0.00038107686850709084,64
response_mean,33,15,0.00011045129667762877,0.14118688546818395,0.14118688546818395,0.53125,-0.00029172741960791523,0.0005126300129631728,64
post_selector,35,16,0.0001800079908207406,0.14116070794483954,0.14116070794483954,0.5,0.00013782499991065939,0.0002221909817308219,64
post_selector,22,24,0.00011438389856265277,0.14074034386063322,0.14074034386063322,0.578125,0.0003100814619756134,-8.131366485030784e-05,64
post_selector,9,5,8.145220988353528e-05,0.14064143868073395,0.14064143868073395,0.484375,0.00017790844685804043,-1.5004027090969863e-05,64
post_selector,19,26,-0.0004234748648741361,-0.1405238793755325,0.1405238793755325,0.40625,5.4496962548018736e-05,-0.000901446692296291,64
post_selector,19,12,0.002105801289872022,0.14046634911465278,0.14046634911465278,0.546875,0.0005227998262853191,0.003688802753458725,64
response_mean,31,7,7.362890227113002e-05,0.14014991145811398,0.14014991145811398,0.546875,-0.00023523523054789396,0.000382493035090154,64
post_selector,28,27,8.229210845911927e-05,0.13991730916405565,0.13991730916405565,0.53125,4.317666071075e-05,0.00012140755620748855,64
post_selector,33,26,-0.00022599593467020917,-0.13948294343407908,0.13948294343407908,0.46875,8.10668188932903e-05,-0.0005330586882337086,64
post_selector,34,15,0.0006138781955087359,0.1394783451598205,0.1394783451598205,0.5,0.0008177298404916655,0.0004100265505258063,64
post_selector,21,1,1.2240674436725009e-05,0.13920382035338685,0.13920382035338685,0.5625,-4.817212584382512e-06,2.9298561457832527e-05,64
response_mean,20,15,0.0006815090491727397,0.1390463920562606,0.1390463920562606,0.59375,-0.001822608000111341,0.00318562609845682,64
response_mean,34,7,0.00011003254758179538,0.139023641739695,0.139023641739695,0.515625,-0.0004253942242939746,0.0006454593194575654,64
post_selector,13,30,0.0007649027957086298,0.13891014483470437,0.13891014483470437,0.5,0.0006182908509799874,0.000911514740437272,64
post_selector,11,11,0.0005172896844669401,0.13871519192389842,0.13871519192389842,0.6875,0.0011896658579644026,-0.00015508648903052227,64
post_selector,9,31,-0.0025853228721644033,-0.13862289868510316,0.13862289868510316,0.578125,0.0008182302426575903,-0.0059888759869863965,64
response_mean,31,23,1.4831333601246529e-05,0.1383766180769158,0.1383766180769158,0.53125,1.906539193895774e-05,1.0597275263535317e-05,64
post_selector,7,20,0.0004975902738806265,0.13768251193987224,0.13768251193987224,0.53125,0.001034123986755722,-3.8943438994468784e-05,64
final_prompt,21,7,5.629547899842182e-06,0.1376708955456795,0.1376708955456795,0.546875,1.7161537243734523e-05,-5.902441444050158e-06,64
final_prompt,21,16,4.609951133715969e-05,0.13754473930324843,0.13754473930324843,0.53125,0.00021567938063069496,-0.0001234803579563756,64
response_mean,29,0,0.00023730743123451587,0.13740729100852683,0.13740729100852683,0.53125,-0.0006559178582392338,0.0011305327207082657,64
post_selector,31,1,-6.211099253050371e-05,-0.13735765950140094,0.13735765950140094,0.515625,-0.0001685366123638078,4.4314627302800365e-05,64
post_selector,0,7,-0.0029202770747360773,-0.13731793586388227,0.13731793586388227,0.5,-0.0043332705390639594,-0.0015072836104081963,64
post_selector,33,1,0.00015220379827951937,0.1372786964504311,0.1372786964504311,0.453125,-0.00032900675796553,0.0006334143545245687,64
post_selector,13,4,0.00017667059546511252,0.13698578221443353,0.13698578221443353,0.5,0.0004362742420198625,-8.293305108963749e-05,64
post_selector,22,26,7.05356160324328e-05,0.13691466999106927,0.13691466999106927,0.5,6.918957660673438e-05,7.188165545813126e-05,64
post_selector,17,0,-0.00013162069262761167,-0.13648993777931717,0.13648993777931717,0.453125,-2.7408304958952343e-05,-0.00023583308029627106,64
post_selector,2,25,0.0006882699926791249,0.13610490503643827,0.13610490503643827,0.5,0.000392569621908475,0.0009839703634497749,64
response_mean,23,7,-6.881717581562774e-06,-0.1359491689787881,0.1359491689787881,0.46875,-1.7804641061043792e-05,4.041205897918245e-06,64
final_prompt,21,4,3.317303639959915e-05,0.13540515319846183,0.13540515319846183,0.515625,5.1952641797462906e-05,1.4393431001735403e-05,64
response_mean,25,30,0.0005134120656293771,0.13539149922548702,0.13539149922548702,0.53125,-0.0020229041747370086,0.0030497283059957624,64
post_selector,13,2,0.00039266106091418026,0.13515114883367785,0.13515114883367785,0.515625,0.00047326095227617814,0.0003120611695521825,64
post_selector,13,8,0.0004661948760258507,0.13514085203144002,0.13514085203144002,0.421875,0.0004313764511607781,0.0005010133008909235,64
response_mean,33,19,0.00011610703813857882,0.13474042270135522,0.13474042270135522,0.578125,-0.00039705101153228814,0.0006292650878094456,64
post_selector,30,14,-1.2699811378525214e-05,-0.1345996528744467,0.1345996528744467,0.46875,-7.82163289159348e-06,-1.757798986545695e-05,64
post_selector,9,28,-0.0015417500574130825,-0.13380448420008886,0.13380448420008886,0.53125,0.0006156159211059252,-0.0036991160359320895,64
post_selector,15,20,6.184806125019552e-05,0.1337583823890195,0.1337583823890195,0.5625,5.2208086799500325e-05,7.148803570089075e-05,64
post_selector,23,20,8.922560368773751e-05,0.1334855656415708,0.1334855656415708,0.5,0.0001747514224916781,3.6997848837968717e-06,64
response_first,25,29,8.762155090380475e-07,0.13345849597255457,0.13345849597255457,0.59375,2.298606105455292e-06,-5.461750873791971e-07,64
post_selector,30,2,0.00016623031206108638,0.1333416642918871,0.1333416642918871,0.546875,-9.409798076376353e-05,0.0004265586048859363,64
post_selector,1,14,-0.0009851888862613032,-0.1329747862869117,0.1329747862869117,0.40625,-0.002496903267456203,0.0005265254949335967,64
post_selector,13,3,-0.0011329843873682016,-0.13276439592432787,0.13276439592432787,0.5,0.0015369397369795438,-0.0038029085117159468,64
post_selector,26,8,-2.0822375176973156e-05,-0.13229168064770183,0.13229168064770183,0.5,-2.7013319140673632e-05,-1.4631431213272666e-05,64
public_task_span,16,20,3.632941616159603e-05,0.1322830865516068,0.1322830865516068,0.546875,8.984616488303513e-05,-1.7187332559843067e-05,64
post_selector,13,12,1.218554856463605e-07,0.1322262712010229,0.1322262712010229,0.796875,3.0185484733991075e-07,-5.8143876047189735e-08,64
response_mean,21,23,0.0005598648974682876,0.1321274358391145,0.1321274358391145,0.515625,-0.0019637297734788808,0.003083459568415456,64
response_mean,29,12,0.00028047572254762804,0.13202109722129587,0.13202109722129587,0.53125,-0.0008464367233500434,0.0014073881684452997,64
post_selector,15,2,0.0002636887074913835,0.13153245788018544,0.13153245788018544,0.515625,0.0005355305765988247,-8.15316161605767e-06,64
final_prompt,23,31,4.450847035285745e-05,0.13152215979873233,0.13152215979873233,0.546875,-1.8786440136869407e-05,0.00010780338084258431,64
response_mean,20,14,0.0009245734304670288,0.13148061208654915,0.13148061208654915,0.578125,-0.0028148998702021925,0.00466404673113625,64
response_first,29,0,5.599182441073979e-05,0.13135939117159728,0.13135939117159728,0.53125,-0.00017068787474270203,0.0002826715235641816,64
post_selector,19,29,0.0001599829774932003,0.13097331038877685,0.13097331038877685,0.46875,0.0004366766106613673,-0.00011671065567496662,64
post_selector,14,1,2.5157688469329496e-05,0.13085791699113208,0.13085791699113208,0.5625,1.5273193639581828e-05,3.5042183299077164e-05,64
post_selector,6,20,0.0004328898921812641,0.13061079958359303,0.13061079958359303,0.5,0.00043656805428326254,0.0004292117300792656,64
post_selector,27,3,6.142315146462108e-05,0.13049249900226217,0.13049249900226217,0.515625,8.026815703487757e-05,4.257814589436456e-05,64
response_mean,28,13,0.00013259479692350932,0.1303399781753272,0.1303399781753272,0.578125,-0.00010454686844240429,0.00036973646228942295,64
post_selector,21,12,-0.00020500511118370194,-0.1301076486534644,0.1301076486534644,0.390625,-0.0007837347911845126,0.00037372456881710884,64
final_prompt,23,28,3.1797674012063116e-05,0.13006946821315132,0.13006946821315132,0.546875,-8.686368971665914e-05,0.00015045903774078538,64
post_selector,15,17,0.0001085879953279746,0.12975951128740051,0.12975951128740051,0.5,0.00011613183232838119,0.00010104415832756802,64
post_selector,16,3,7.622505802373886e-05,0.12966193001860402,0.12966193001860402,0.46875,0.00021911813473706178,-6.666801868958401e-05,64
response_first,24,30,2.837252906394438e-06,0.12949555310240282,0.12949555310240282,0.578125,3.255697102133581e-06,2.4188087106552944e-06,64
post_selector,30,1,5.4313758027988727e-05,0.12945906147687447,0.12945906147687447,0.609375,5.3468591431725734e-05,5.515892462425172e-05,64
post_selector,33,24,0.00018336095172344295,0.12935365326544293,0.12935365326544293,0.53125,0.0005043682294853997,-0.0001376463260385138,64
final_prompt,21,11,1.4197187482519633e-05,0.129346384919148,0.129346384919148,0.53125,-2.2953277976967144e-05,5.134765294200642e-05,64
post_selector,6,22,-0.000983940532023546,-0.1292823311817981,0.1292823311817981,0.4375,-0.0009792318160180028,-0.0009886492480290889,64
post_selector,19,14,-0.0011096773960161967,-0.12876343425982245,0.12876343425982245,0.5,-0.003165566653478884,0.0009462118614464907,64
post_selector,10,18,0.00012490568360590924,0.12861543373072018,0.12861543373072018,0.484375,-5.388648150982929e-05,0.0003036978487216478,64
response_mean,23,12,0.0005808341736610474,0.12853852111478434,0.12853852111478434,0.625,-0.00017844164949565354,0.0013401099968177485,64
post_selector,9,19,-2.0513289933354883e-06,-0.1281283738782738,0.1281283738782738,0.421875,-2.567941737474655e-06,-1.5347162491963218e-06,64
post_selector,14,0,3.377502150669358e-05,0.12809144933573385,0.12809144933573385,0.515625,6.148925308479659e-05,6.060789928590595e-06,64
response_mean,21,5,0.0001639056990825291,0.1279104619892211,0.1279104619892211,0.53125,-0.00043250085218459605,0.0007603122503496544,64
post_selector,30,10,4.3426632373664955e-05,0.127724232924554,0.127724232924554,0.5625,6.2089984567060135e-06,8.064426629062389e-05,64
post_selector,35,22,0.0005965976961306194,0.1277126973198347,0.1277126973198347,0.640625,-3.0211915145633738e-05,0.0012234073074068729,64
post_selector,7,15,-0.00016030296956160312,-0.1275383739007481,0.1275383739007481,0.5,-0.00018144684327126568,-0.0001391590958519407,64
response_mean,27,31,5.54119576463473e-05,0.12735784961998434,0.12735784961998434,0.546875,2.5396282580910852e-05,8.542763271178377e-05,64
response_mean,21,25,0.0006517474952261187,0.12714430242698693,0.12714430242698693,0.53125,0.00023700257929702874,0.0010664924111552089,64
final_prompt,26,17,4.566715813324823e-05,0.12709141917682226,0.12709141917682226,0.546875,-7.72215805682148e-05,0.00016855589683471123,64
post_selector,26,9,3.983497271064813e-05,0.12704354612512414,0.12704354612512414,0.5,3.607245741932143e-05,4.359748800197483e-05,64
final_prompt,23,8,6.470891582920566e-05,0.12700887576872905,0.12700887576872905,0.546875,0.00017619946038393102,-4.67816287255197e-05,64
response_mean,23,14,0.0005947247255448833,0.12649943972260105,0.12649943972260105,0.546875,-0.0006137305473430529,0.0018031799984328195,64
post_selector,8,14,0.00011336135798955657,0.12644920669589366,0.12644920669589366,0.5,8.590337756685061e-05,0.00014081933841226244,64
post_selector,23,26,0.0004198794886178766,0.1263102203415207,0.1263102203415207,0.546875,-0.0003496667050058031,0.0011894256822415562,64
post_selector,30,16,0.00025878077030936893,0.1261005484362502,0.1261005484362502,0.59375,-0.0006005644063407157,0.0011181259469594535,64
post_selector,22,18,-0.00019495114065647896,-0.12502824442761196,0.12502824442761196,0.484375,-0.0005669033853337053,0.00017700110402074743,64
post_selector,29,31,1.7300253034586553e-05,0.12499548474772591,0.12499548474772591,0.53125,3.672117486529625e-05,-2.1206687961231473e-06,64
response_mean,23,1,5.15230049131752e-05,0.12487389553126044,0.12487389553126044,0.546875,0.0001412862620782027,-3.824025225185231e-05,64
post_selector,2,15,0.0005026607177569438,0.12455327533086444,0.12455327533086444,0.546875,-0.0011852292373077907,0.002190550672821678,64
post_selector,15,24,-2.7234413551007726e-05,-0.12431388834308696,0.12431388834308696,0.421875,-3.165159159833336e-05,-2.28172355036821e-05,64
response_mean,28,15,3.0938244890423086e-05,0.12411519277436045,0.12411519277436045,0.53125,-9.278554625777793e-05,0.0001546620360386241,64
post_selector,4,14,0.0007300157394638482,0.1239401016688155,0.1239401016688155,0.546875,0.0004938358761137499,0.0009661956028139469,64
post_selector,23,13,0.0015201478599919968,0.12390413419425071,0.12390413419425071,0.53125,0.0035610714694485008,-0.0005207757494645065,64
response_mean,29,10,2.732305958375266e-05,0.12381112780204603,0.12381112780204603,0.53125,-0.00010911990108295583,0.00016376602025046117,64
response_first,26,25,-3.587234169799661e-05,-0.12347715250237673,0.12347715250237673,0.40625,0.00012037683416108908,-0.0001921215175570823,64
post_selector,25,4,7.920637813185792e-05,0.12345994934773145,0.12345994934773145,0.5,7.122929309843665e-05,8.718346316527917e-05,64
response_first,25,31,-1.7541948636787505e-05,-0.1233512603409053,0.1233512603409053,0.453125,1.1716456356221907e-05,-4.680035362979691e-05,64
response_first,31,3,1.0161753948522117e-05,0.12323699533529317,0.12323699533529317,0.515625,-1.247895465894401e-05,3.280246255598824e-05,64
post_selector,9,25,0.000829816155601285,0.12309707403536425,0.12309707403536425,0.546875,0.000646586981019936,0.0010130453301826342,64
post_selector,25,20,4.5054431552673255e-05,0.12292713328891748,0.12292713328891748,0.53125,0.00012014235426249307,-3.0033491157146545e-05,64
response_first,24,23,2.6479531356923524e-05,0.12260866614758635,0.12260866614758635,0.5625,-4.3941569742845355e-05,9.69006324566924e-05,64
post_selector,13,28,0.0004669730897148854,0.12234935820359538,0.12234935820359538,0.4375,-0.0001427914648957041,0.001076737644325475,64
post_selector,18,28,-0.0008572668048145688,-0.12226870078022245,0.12226870078022245,0.484375,-0.0032823378423927248,0.0015678042327635874,64
post_selector,30,22,6.201819269335354e-05,0.12195619641397953,0.12195619641397953,0.5625,9.071877229870767e-05,3.331761308799939e-05,64
response_mean,21,21,3.4746724651311656e-05,0.12193228203602437,0.12193228203602437,0.53125,-9.680888737760283e-05,0.00016630233668022613,64
post_selector,9,16,-3.638674502326544e-05,-0.12182756446792889,0.12182756446792889,0.609375,4.53071550054236e-06,-7.730420554707325e-05,64
response_first,25,9,1.0183294889997225e-05,0.12163127857529431,0.12163127857529431,0.546875,2.1120717519804288e-05,-7.541277398098355e-07,64
final_prompt,21,10,2.39423141010727e-05,0.1214654744685764,0.1214654744685764,0.5625,-1.8655225630946703e-06,4.9750150765240065e-05,64
post_selector,30,12,0.0004412001417222189,0.12049498586648681,0.12049498586648681,0.5,-0.00013709718405153135,0.0010194974674959689,64
post_selector,29,22,0.00016157801655936017,0.12033362114605069,0.12033362114605069,0.5625,-0.0001377471999148784,0.0004609032330335988,64
post_selector,17,11,0.0007922671175037969,0.11994369318473598,0.11994369318473598,0.5,0.0002655735879670905,0.001318960647040503,64
post_selector,27,11,0.00013290834885992957,0.11976662612946644,0.11976662612946644,0.546875,-0.00010264282536809213,0.0003684595230879513,64
post_selector,21,28,0.0003952638944610861,0.11913291118772401,0.11913291118772401,0.609375,0.0010809356535901164,-0.00029040786466794414,64
response_mean,26,14,3.7207908349048056e-05,0.11912264856619822,0.11912264856619822,0.5,-0.00016909378922488373,0.00024350960592297986,64
post_selector,27,24,0.00016272792527161165,0.1190914992042745,0.1190914992042745,0.484375,-0.0003744816131074771,0.0006999374636507004,64
response_mean,31,31,4.417079969698297e-05,0.11906875802064561,0.11906875802064561,0.5,-0.00019554206551216995,0.0002838836649061359,64
response_mean,28,10,0.00010569261439741256,0.11905873144365796,0.11905873144365796,0.515625,-0.0002419127599750854,0.00045329798876991053,64
response_mean,28,11,0.0002116595703682743,0.11898089268419099,0.11898089268419099,0.515625,-0.000609815709594822,0.0010331348503313706,64
post_selector,6,3,0.00012013614741590311,0.1188773228009009,0.1188773228009009,0.515625,4.638394057111045e-05,0.0001938883542606957,64
post_selector,12,7,0.00019001707050847342,0.1183696822249693,0.1183696822249693,0.5,0.00010177832791668751,0.00027825581310025936,64
post_selector,27,2,8.610052714175781e-05,0.11766369280000999,0.11766369280000999,0.5,8.844583817335311e-05,8.375521611016248e-05,64
response_mean,29,26,0.0004945030723320081,0.11732167022922123,0.11732167022922123,0.515625,-0.0015111174034245622,0.002500123548088578,64
final_prompt,25,23,2.6777784000836278e-05,0.11731912965782774,0.11731912965782774,0.53125,0.00010344388488190944,-4.988831688023687e-05,64
response_mean,30,9,5.561908500339724e-05,0.11720224716740643,0.11720224716740643,0.53125,-6.774656822016509e-05,0.00017898473822695958,64
response_first,24,10,2.794502307779112e-06,0.11679755156410468,0.11679755156410468,0.578125,2.5901734659328213e-06,2.9988311496254028e-06,64
post_selector,18,0,0.0001011133015253919,0.11654441747579963,0.11654441747579963,0.53125,8.591435062042929e-05,0.00011631225243035453,64
post_selector,13,27,0.0003364398526173318,0.11654157570056864,0.11654157570056864,0.5,0.00010580402158665941,0.0005670756836480042,64
post_selector,3,18,-0.002878390369005498,-0.1164351189825612,0.1164351189825612,0.5,-0.004870939184911544,-0.000885841553099453,64
response_mean,34,16,3.275566200498869e-05,0.11638465724441881,0.11638465724441881,0.53125,-0.00012393258020892557,0.00018944390421890295,64
post_selector,27,27,7.67216356507531e-05,0.1163162615506575,0.1163162615506575,0.515625,-0.000370912323887725,0.0005243555951892312,64
post_selector,9,29,-0.0004483057491597638,-0.11599561155972216,0.11599561155972216,0.484375,0.0009357884446217176,-0.0018323999429412452,64
response_mean,22,6,0.00027912047517019984,0.11590879828869545,0.11590879828869545,0.515625,0.000788652569099205,-0.00023041161875880542,64
final_prompt,29,10,1.8987116625623912e-06,0.11529155112870534,0.11529155112870534,0.53125,-3.975541503109525e-06,7.772964828234308e-06,64
response_mean,30,8,0.00010722053133349095,0.11516062098857903,0.11516062098857903,0.515625,-0.000370302069995871,0.0005847431326628529,64
response_mean,33,13,7.419032544930414e-05,0.11476974376593796,0.11476974376593796,0.546875,-0.00028199767348267607,0.00043037832438128434,64
post_selector,1,16,-0.0004957329365424808,-0.11448396708032672,0.11448396708032672,0.484375,-0.0012775283175869814,0.00028606244450201973,64
final_prompt,23,4,9.214716611971596e-08,0.11442987945108413,0.11442987945108413,0.53125,2.2480498174104468e-07,-4.0510649501612754e-08,64
response_mean,20,9,7.355089695692833e-05,0.11436144825386348,0.11436144825386348,0.5,-0.00010428304767627438,0.00025138484159013103,64
post_selector,1,31,-0.0004926335391814909,-0.11422116699785415,0.11422116699785415,0.5,0.0003531589366048278,-0.0013384260149678097,64
public_task_span,19,28,9.161236710042244e-05,0.11404518171442164,0.11404518171442164,0.515625,-5.402011311161193e-05,0.00023724484731245683,64
post_selector,16,26,0.0002462218999426098,0.11382782154652896,0.11382782154652896,0.59375,0.0015335292737290432,-0.0010410854738438235,64
post_selector,35,25,8.402449020649744e-05,0.11381828416215495,0.11381828416215495,0.46875,-0.00012915492334287073,0.0002972039037558656,64
post_selector,12,17,9.978697971746563e-05,0.1134731638835773,0.1134731638835773,0.5,7.564415318484375e-05,0.0001239298062500875,64
response_first,27,15,1.5980594071147272e-05,0.11301927517912186,0.11301927517912186,0.546875,-7.802335176164524e-05,0.00010998453990393979,64
final_prompt,21,29,1.2621969915469415e-05,0.11274325095843578,0.11274325095843578,0.5625,2.7753705353457334e-05,-2.5097655225185055e-06,64
post_selector,8,30,5.163943012576073e-05,0.11271312324519789,0.11271312324519789,0.5,4.4899006070408965e-05,5.8379854181112504e-05,64
response_mean,33,29,0.00010797055210786963,0.11262904561010136,0.11262904561010136,0.546875,-0.0005196628540033721,0.0007356039582191115,64
post_selector,27,5,-0.00011658795460789725,-0.11235656124349509,0.11235656124349509,0.5,-0.00028704763417409455,5.387172495830008e-05,64
response_mean,32,8,0.00013821541051583868,0.11233092253063755,0.11233092253063755,0.515625,-0.0006069645696697798,0.0008833953907014571,64
response_first,26,30,6.022231332282612e-06,0.11221256531456453,0.11221256531456453,0.609375,-9.785515317157342e-06,2.1829977981722563e-05,64
response_mean,31,28,7.763219889511235e-05,0.11218175947665927,0.11218175947665927,0.515625,-0.0002991565194178989,0.00045442091720812356,64
public_task_span,12,6,-6.397213167018992e-05,-0.111961038581252,0.111961038581252,0.4375,6.517430756502722e-05,-0.00019311857090540706,64
post_selector,6,15,-0.00038939769092393844,-0.11179519132424164,0.11179519132424164,0.46875,-0.0004294691589166039,-0.0003493262229312732,64
response_mean,25,29,2.356720528950973e-06,0.11173372385061263,0.11173372385061263,0.53125,-7.01456167462311e-06,1.1728002732525056e-05,64
response_first,21,18,1.5988739831884405e-05,0.11172644300925456,0.11172644300925456,0.515625,4.8863169480823455e-05,-1.6885689817054642e-05,64
final_prompt,31,3,0.00021857574029126954,0.11142206024278765,0.11142206024278765,0.5625,0.0005427714131656063,-0.00010561993258306716,64
post_selector,34,17,0.00016815106300781767,0.11106971360234298,0.11106971360234298,0.5625,-0.00026058670300698654,0.0005968888290226219,64
post_selector,28,26,2.66155095687291e-05,0.11095604911466572,0.11095604911466572,0.5,1.9871157292068347e-05,3.3359861845389844e-05,64
response_mean,26,15,0.00025977981476898396,0.11082201182463182,0.11082201182463182,0.546875,-0.0013077689836790965,0.0018273286132170644,64
public_task_span,11,15,-0.00012550601968541034,-0.11070064311962124,0.11070064311962124,0.484375,-0.0004766695892612744,0.00022565754989045385,64
response_mean,22,7,0.0005911175168193952,0.11068569742685809,0.11068569742685809,0.515625,0.0017127239325418389,-0.0005304888989030485,64
post_selector,32,24,0.0002442422055537422,0.11063495632222878,0.11063495632222878,0.5,0.00017847388153312504,0.0003100105295743594,64
response_mean,24,17,0.00027270305520232384,0.11055166246540184,0.11055166246540184,0.578125,-0.0008129908599130298,0.0013583969703176773,64
post_selector,4,30,-0.00048557141053605097,-0.11047148043010262,0.11047148043010262,0.4375,-0.0012942537359776592,0.0003231109149055574,64
response_mean,29,15,8.569559059878567e-05,0.1102967939853105,0.1102967939853105,0.515625,-0.000342846649573379,0.0005142378307709503,64
post_selector,8,31,4.1663980027797316e-05,0.10980991554488516,0.10980991554488516,0.546875,8.072407581486226e-06,7.525555247410837e-05,64
post_selector,29,23,3.7792491639270195e-05,0.10978221928845859,0.10978221928845859,0.4375,-4.574296099234695e-05,0.00012132794427088735,64
response_mean,33,23,0.00018391386129223297,0.10949041462213512,0.10949041462213512,0.5,-0.00032995083302009997,0.000697778555604566,64
final_prompt,29,19,-7.362607732374006e-06,-0.10937029226887549,0.10937029226887549,0.5,-3.5210984322014444e-05,2.0485768857266432e-05,64
public_task_span,15,25,-1.1146190672657355e-05,-0.10927670334596416,0.10927670334596416,0.46875,5.314439226821126e-05,-7.543677361352596e-05,64
response_first,23,4,1.6525414228141244e-06,0.10865509490558159,0.10865509490558159,0.5,-5.943982186451535e-06,9.249065032079784e-06,64
post_selector,29,29,9.639938002691878e-05,0.10844745375217306,0.10844745375217306,0.53125,0.00016507681766596565,2.7721942387871868e-05,64
response_mean,21,16,0.0003053143217925855,0.10834311024986992,0.10834311024986992,0.5625,0.001354943293108567,-0.0007443146495233958,64
post_selector,30,31,-2.3243281532354274e-05,-0.1082221802059017,0.1082221802059017,0.53125,-3.42568934001957e-05,-1.2229669664512849e-05,64
post_selector,10,26,-0.0005287156236590822,-0.10815672452619297,0.10815672452619297,0.484375,-0.0005131364705448578,-0.0005442947767733066,64
post_selector,15,14,0.00014729988561156877,0.10796118307270544,0.10796118307270544,0.5,0.00020320982457632498,9.138994664681247e-05,64
response_mean,34,5,0.00021180101430218925,0.10776363459610802,0.10776363459610802,0.515625,-0.000733809158191409,0.0011574111867957875,64
post_selector,11,17,7.883821854191351e-05,0.10775414429403832,0.10775414429403832,0.65625,0.00016897633577171581,-1.1299898687888797e-05,64
post_selector,19,15,0.00037228355358820815,0.10754343136387319,0.10754343136387319,0.484375,0.00021978259610478448,0.000524784511071632,64
response_mean,24,24,-7.301453115359233e-05,-0.10745689361160467,0.10745689361160467,0.4375,4.8495736336929726e-05,-0.0001945247986441144,64
response_mean,22,20,0.00023201568910735285,0.10741538263489234,0.10741538263489234,0.546875,-0.0006954884611332033,0.0011595198393479092,64
final_prompt,26,30,6.205355430211146e-05,0.10728836810453223,0.10728836810453223,0.5,-0.00011752433329091853,0.00024163144189514148,64
post_selector,3,21,0.0007043926598271295,0.10728428145551713,0.10728428145551713,0.53125,0.0010360396045143625,0.00037274571513989675,64
response_mean,29,13,3.6779488937094243e-05,0.10703058933585931,0.10703058933585931,0.515625,3.4904564927357515e-06,7.006852138145274e-05,64
post_selector,19,18,-9.774779687176719e-05,-0.10701081529380639,0.10701081529380639,0.5,-0.00018562399191067813,-9.87160183285623e-06,64
post_selector,3,25,-0.0013670738708242292,-0.10680224958110654,0.10680224958110654,0.40625,-0.0011049877266486835,-0.0016291600149997759,64
response_first,33,23,3.8827475748347495e-05,0.10674981291044991,0.10674981291044991,0.546875,-9.776038575635817e-05,0.00017541533725305315,64
response_first,25,8,5.481145910834901e-05,0.10610908177225299,0.10610908177225299,0.515625,0.00010532043745569355,4.30248076100447e-06,64
response_first,24,26,5.019368870761993e-05,0.10592850461546593,0.10592850461546593,0.53125,7.841712886142465e-06,9.254566452909743e-05,64
public_task_span,14,21,-2.3722231787814967e-06,-0.10591267327100451,0.10591267327100451,0.5,-1.5310536127799423e-07,-4.591340996284998e-06,64
response_mean,34,31,5.870133270491405e-05,0.10586850028897135,0.10586850028897135,0.5,-0.00017587294769326142,0.0002932756131030895,64
final_prompt,26,21,-2.142416229844529e-05,-0.10532407139872302,0.10532407139872302,0.4375,-2.9049985414526852e-05,-1.3798339182363722e-05,64
post_selector,34,9,0.00022489795082946876,0.10509045017976974,0.10509045017976974,0.5,-0.0003875583570334094,0.0008373542586923468,64
response_first,23,31,1.4714176543857392e-05,0.10505547541467794,0.10505547541467794,0.546875,8.63638902609239e-07,2.8564714185105545e-05,64
post_selector,0,25,0.0006975052042434895,0.10499616840291728,0.10499616840291728,0.515625,0.0018491310074750637,-0.00045412059898808507,64
post_selector,34,6,2.3425315703204583e-05,0.10460782540779963,0.10460782540779963,0.5,-0.00011202706468791413,0.0001588776960943233,64
post_selector,5,30,-0.00047348499623466744,-0.10453306068902457,0.10453306068902457,0.515625,-0.00010952557204290257,-0.0008374444204264323,64
post_selector,26,14,-0.00036460569208429693,-0.10451354439300284,0.10451354439300284,0.5,-0.0012476398806029313,0.0005184284964343375,64
response_mean,34,27,2.176199025426201e-06,0.10412457977626591,0.10412457977626591,0.515625,6.225894907171836e-06,-1.8734968563194343e-06,64
post_selector,26,6,0.00013434489119391258,0.10407949985767456,0.10407949985767456,0.4375,-0.00032270687006528303,0.0005913966524531081,64
response_mean,33,12,9.578036065249453e-05,0.10407252125554914,0.10407252125554914,0.546875,-0.00022050674942873782,0.00041206747073372686,64
response_mean,29,19,-1.5909968482217203e-05,-0.10395048429320977,0.10395048429320977,0.5,-8.20232835394426e-05,5.020334657500821e-05,64
response_mean,33,28,0.00011286204585303429,0.10377892345681243,0.10377892345681243,0.5,-0.0004994387527403595,0.0007251628444464282,64
post_selector,1,24,0.00022896642622072152,0.10376896534919601,0.10376896534919601,0.578125,0.000505907286424179,-4.797443398273592e-05,64
post_selector,0,3,0.00037755781340819853,0.10362290363582097,0.10362290363582097,0.515625,0.0015249438292812437,-0.0007698282024648468,64
public_task_span,11,24,-0.0001971725528164735,-0.10334668248414947,0.10334668248414947,0.46875,-0.00026354787223678127,-0.00013079723339616558,64
response_first,24,25,0.00017740523617249112,0.1032382703264356,0.1032382703264356,0.53125,-0.0005938596732448664,0.0009486701455898485,64
post_selector,4,26,0.0013474835623128068,0.10320073789120396,0.10320073789120396,0.84375,0.00209028431891052,0.0006046828057150933,64
response_mean,19,28,0.0004557351890070945,0.10290296269451672,0.10290296269451672,0.578125,-0.002192697066675436,0.003104167444689625,64
final_prompt,26,19,0.00031927845793687797,0.1025512904114203,0.1025512904114203,0.609375,0.00139211414716553,-0.0007535572312917741,64
post_selector,26,5,-3.23333182450278e-05,-0.10243712139441746,0.10243712139441746,0.3125,-4.0463203958997405e-05,-2.420343253105819e-05,64
response_first,26,22,2.3841066649765708e-06,0.10227797934153547,0.10227797934153547,0.515625,9.87265261187531e-06,-5.1044392819221684e-06,64
post_selector,15,25,0.00019796025208051877,0.10209126361062716,0.10209126361062716,0.5,0.0003216550994693562,7.426540469168122e-05,64
response_mean,31,5,0.00011095129275417157,0.1019401390610183,0.1019401390610183,0.546875,-0.0003953492482651107,0.0006172518337734539,64
post_selector,34,25,0.00016261402561212196,0.1018983579340075,0.1018983579340075,0.546875,0.0004610591950040321,-0.00013583114377978815,64
post_selector,25,5,2.4775131976181864e-05,0.10154429496879618,0.10154429496879618,0.5,8.533422715118654e-06,4.101684123724508e-05,64
post_selector,6,18,-0.0003660984775706378,-0.10110094772643025,0.10110094772643025,0.578125,-0.001060219943610709,0.0003280229884694334,64
response_mean,30,26,2.6107585540558625e-05,0.1009743900917698,0.1009743900917698,0.5625,2.285791845225094e-05,2.9357252628866313e-05,64
final_prompt,32,5,0.00011040864933419957,0.10087932737176616,0.10087932737176616,0.515625,0.0003402446818654394,-0.00011942738319704023,64
response_first,29,10,7.71081197114821e-06,0.10067147206197014,0.10067147206197014,0.515625,-4.227973121827894e-05,5.770135516057537e-05,64
response_first,32,11,3.4166663681381334e-05,0.10065080690503377,0.10065080690503377,0.53125,-7.625977013957932e-05,0.00014459309750234202,64
response_mean,28,18,9.594997675321126e-05,0.10044846206157461,0.10044846206157461,0.515625,-0.0004678235916344181,0.0006597235451408406,64
post_selector,25,1,2.6974403795065577e-05,0.10018875879452434,0.10018875879452434,0.546875,-0.00011011637275258436,0.0001640651803427155,64
response_first,24,6,4.375655834110148e-06,0.10007360486187078,0.10007360486187078,0.515625,1.2460621860554966e-05,-3.7093101923346694e-06,64
post_selector,8,11,7.202949836937354e-05,0.10006146804760567,0.10006146804760567,0.5,3.313022898509767e-05,0.00011092876775364943,64
public_task_span,20,21,2.7667311641721426e-06,0.09998256677370568,0.09998256677370568,0.53125,-1.1284313998771722e-06,6.661893728221457e-06,64
response_mean,34,28,0.00027780821892519714,0.09990703948709431,0.09990703948709431,0.53125,-0.0014992100350354797,0.0020548264728858737,64
response_first,24,7,1.5553675574153658e-06,0.09971770481158469,0.09971770481158469,0.546875,-5.427502756560898e-06,8.53823787139163e-06,64
final_prompt,23,7,5.644039674735606e-06,0.09970573944549042,0.09970573944549042,0.515625,1.893738908620502e-05,-7.649309736733804e-06,64
response_mean,29,3,0.0001051037793331424,0.09967813075348303,0.09967813075348303,0.53125,-0.0004893908571830027,0.0006995984158492874,64
post_selector,11,13,-9.488194882578435e-05,-0.09962979505496519,0.09962979505496519,0.515625,0.00015652882757420823,-0.00034629272522577694,64
public_task_span,21,16,3.984702124171309e-05,0.09910393489237268,0.09910393489237268,0.53125,0.00022959225532302767,-0.0001498982128396015,64
post_selector,0,29,0.0007562733371742029,0.09907085099881488,0.09907085099881488,0.515625,0.0015826679300516783,-7.012125570327282e-05,64
response_mean,26,12,2.486771109033333e-05,0.09892636718636798,0.09892636718636798,0.515625,-0.0001478080730521207,0.00019754349523278734,64
post_selector,7,4,5.873944220469163e-07,0.09880816381815813,0.09880816381815813,0.640625,2.12761177009746e-07,9.620276670840866e-07,64
response_mean,23,24,5.656022096899767e-05,0.09875814340614286,0.09875814340614286,0.5625,-6.077570242269781e-05,0.00017389614436069315,64
response_mean,22,15,0.00017788572949939207,0.09798050912110286,0.09798050912110286,0.546875,0.00011567163346625623,0.00024009982553252786,64
post_selector,8,21,0.00012257488219802394,0.09795768486762983,0.09795768486762983,0.5,0.00022421309085984476,2.0936673536203133e-05,64
post_selector,19,8,7.577262385893751e-05,0.0978954698005958,0.0978954698005958,0.5,1.9394334231031257e-05,0.00013215091348684377,64
post_selector,18,26,0.0004546210911939818,0.097757515326109,0.097757515326109,0.5625,0.0015624295629095074,-0.0006531873805215437,64
final_prompt,25,29,1.9980318768375582e-06,0.09706982442605519,0.09706982442605519,0.5625,3.6271768522055936e-06,3.6888690146952285e-07,64
public_task_span,7,20,0.00012131585208408123,0.09684070951530342,0.09684070951530342,0.5,7.289110908459058e-05,0.00016974059508357187,64
post_selector,6,12,-0.0002919562393799346,-0.09681648079972724,0.09681648079972724,0.46875,-0.00023860210785641253,-0.00034531037090345675,64
post_selector,3,26,0.000814565935797871,0.09668176403663159,0.09668176403663159,0.5,0.000952471680648155,0.0006766601909475875,64
response_first,34,7,4.7184506001936004e-05,0.09651593562760619,0.09651593562760619,0.546875,-0.00029416657616818256,0.00038853558817205454,64
post_selector,7,8,6.337307081594217e-05,0.09604218450322041,0.09604218450322041,0.5,5.8920531046162514e-05,6.782561058572188e-05,64
final_prompt,27,15,4.470661315280587e-05,0.09591348718977655,0.09591348718977655,0.546875,-0.0001911845120048244,0.00028059773831043617,64
post_selector,12,8,6.103630448706213e-05,0.09523250917180781,0.09523250917180781,0.53125,0.00010973217467835216,1.2340434295772068e-05,64
response_mean,26,13,1.995155042778023e-05,0.095010067191089,0.095010067191089,0.5,-9.212843576730857e-05,0.00013203153662286904,64
public_task_span,13,29,2.406360567874475e-05,0.09479654642835753,0.09479654642835753,0.515625,7.305201938833395e-05,-2.4924808030844445e-05,64
response_mean,32,3,0.0002269032258936944,0.09462977735410656,0.09462977735410656,0.53125,-0.0010651629145286,0.0015189693663159888,64
post_selector,21,16,0.0003134086073259861,0.09459785092184217,0.09459785092184217,0.46875,0.0002228415251011031,0.000403975689550869,64
post_selector,25,19,5.3041643241155343e-05,0.0945728389174746,0.0945728389174746,0.546875,-2.5460965844107414e-05,0.0001315442523264181,64
response_mean,34,30,0.00014503042802971154,0.09385836332427021,0.09385836332427021,0.5625,-0.0008745508575884436,0.0011646117136478666,64
response_mean,31,13,0.00018013600430322326,0.0938298819851958,0.0938298819851958,0.578125,-0.001050744926715154,0.0014110169353216007,64
final_prompt,26,28,4.483146540222836e-05,0.09373381809106084,0.09373381809106084,0.53125,0.00020700686764027807,-0.00011734393683582133,64
post_selector,4,0,0.0008393583993893124,0.09365424713889088,0.09365424713889088,0.5,-0.0005151546356500908,0.0021938714344287157,64
final_prompt,25,20,3.4036572174047846e-06,0.0935818080668946,0.0935818080668946,0.515625,2.093337405994885e-05,-1.412605962513928e-05,64
response_mean,23,0,8.483556393912083e-05,0.09356696867898462,0.09356696867898462,0.5,-0.0001399983239025376,0.0003096694517807793,64
final_prompt,34,28,0.00011913688285858004,0.09334416668531423,0.09334416668531423,0.5,9.384146324009201e-06,0.00022888961939315083,64
response_mean,31,8,5.2021318424517645e-05,0.09333810650801458,0.09333810650801458,0.546875,-0.00016984906233118413,0.0002738916991802193,64
response_first,26,23,8.964466161382866e-06,0.09322630486219037,0.09322630486219037,0.53125,2.9526122546024277e-05,-1.159719022325854e-05,64
post_selector,6,19,0.0010364395493525202,0.09312860914017981,0.09312860914017981,0.46875,-3.765890141937565e-06,0.0020766449888469777,64
post_selector,2,13,-0.0003859101489069875,-0.0931187545437308,0.0931187545437308,0.484375,-0.0006593754078494467,-0.00011244488996452805,64
post_selector,1,19,0.0022582984729524447,0.09302740952090185,0.09302740952090185,0.5625,0.0039055376473697816,0.0006110592985351093,64
response_mean,21,15,3.083795945712195e-05,0.0929164723712997,0.0929164723712997,0.53125,5.092532205707185e-05,1.0750596857172061e-05,64
post_selector,7,18,-4.6176222440405464e-05,-0.09290689060531411,0.09290689060531411,0.5,-0.00011566387092896868,2.331142604815774e-05,64
response_mean,16,20,7.503583969992433e-05,0.09253598633090425,0.09253598633090425,0.515625,-7.399828018605909e-05,0.00022406995958590772,64
final_prompt,26,23,4.326969690281762e-05,0.0923108915794263,0.0923108915794263,0.53125,-1.3580567838296683e-05,0.00010011996164393193,64
post_selector,6,16,-0.0005748141302319627,-0.09196277092660757,0.09196277092660757,0.359375,-0.0006820152630098156,-0.0004676129974541094,64
response_mean,33,31,0.00014186875478116922,0.09142040183940517,0.09142040183940517,0.53125,-0.0007907429953774852,0.0010744805049398235,64
post_selector,35,11,-0.00013997727364766524,-0.09139445533966574,0.09139445533966574,0.453125,-0.0003389921330381072,5.9037585742776775e-05,64
response_mean,26,7,8.777183097662942e-05,0.09135724803306806,0.09135724803306806,0.546875,0.0002717770157687412,-9.623335381548231e-05,64
response_mean,34,3,0.00016044401672843194,0.09120737586783088,0.09120737586783088,0.546875,-0.0010834109561983184,0.001404298989655182,64
post_selector,35,0,-8.828729005472071e-05,-0.09119448666059458,0.09119448666059458,0.484375,-0.0003008163112099217,0.00012424173110048026,64
response_mean,25,21,6.445232770598544e-06,0.09117891773470262,0.09117891773470262,0.5,-7.185604772533444e-06,2.0076070313730535e-05,64
response_first,22,11,1.1039533006847747e-05,0.09116313527174864,0.09116313527174864,0.515625,7.614194942098083e-06,1.446487107159741e-05,64
response_first,26,29,2.327602828700053e-05,0.09081896305914293,0.09081896305914293,0.515625,0.00010057527208573151,-5.4023215511730445e-05,64
response_first,24,19,4.094907152917457e-06,0.09080717303777064,0.09080717303777064,0.515625,8.965472822805444e-06,-7.756585169705286e-07,64
post_selector,22,7,-0.00018003103559749136,-0.0907297625938046,0.0907297625938046,0.484375,0.0005153106685611264,-0.0008753727397561093,64
final_prompt,21,30,7.70158015939176e-05,0.09071632170453164,0.09071632170453164,0.53125,-0.00023124711515264666,0.0003852787183404819,64
post_selector,33,7,8.691035054652832e-05,0.09063214083232615,0.09063214083232615,0.515625,-0.00035296931127958464,0.0005267900123726413,64
response_first,25,23,7.299362856372227e-07,0.09046854720525103,0.09046854720525103,0.515625,1.8718751562118996e-06,-4.1200258493745423e-07,64
response_first,26,28,2.087837071939759e-05,0.09042146477949288,0.09042146477949288,0.53125,8.985598810794745e-05,-4.809924666915227e-05,64
response_mean,31,29,0.00017021551502694062,0.09041172264130191,0.09041172264130191,0.5,-0.0010532906526350186,0.0013937216826888999,64
final_prompt,26,18,8.520192079685985e-05,0.09032965468458302,0.09032965468458302,0.5625,-0.00025333607322862315,0.00042373991482234284,64
final_prompt,27,28,0.00045021711048320347,0.09021309483722856,0.09021309483722856,0.5625,0.0006904157853568838,0.00021001843560952322,64
response_mean,22,17,7.69306159327199e-05,0.09000585618725443,0.09000585618725443,0.53125,-1.2246720416445138e-05,0.00016610795228188497,64
post_selector,2,23,0.0009782109154911958,0.08994532273191645,0.08994532273191645,0.6875,0.0016364951766263246,0.00031992665435606646,64
post_selector,4,24,0.00015618450470355504,0.08986486926071281,0.08986486926071281,0.59375,0.0002647532228365718,4.761578657053828e-05,64
post_selector,3,19,0.0007686661156185329,0.08979909172674483,0.08979909172674483,0.53125,0.0006978845922276283,0.0008394476390094374,64
post_selector,22,15,0.0005898659874219421,0.08974284529407955,0.08974284529407955,0.515625,-0.0010174063500016843,0.002197138324845569,64
final_prompt,33,18,0.0002236866321254677,0.08966142464490948,0.08966142464490948,0.515625,0.0009184972841467198,-0.00047112401989578436,64
post_selector,31,22,9.457021042180028e-05,0.08951258853442672,0.08951258853442672,0.5,-0.00013792822755931874,0.0003270686484029193,64
response_mean,20,8,0.00022238435210651872,0.08948142632909838,0.08948142632909838,0.609375,-0.00016308717781044293,0.0006078558820234805,64
response_first,23,11,1.5739528528514553e-05,0.08926731699258925,0.08926731699258925,0.5625,1.3260467209619278e-05,1.8218589847409828e-05,64
final_prompt,28,9,8.135467624015001e-05,0.08908206949109246,0.08908206949109246,0.578125,2.4493805540263783e-05,0.00013821554694003625,64
post_selector,4,19,0.00019740920242839372,0.08902200294920812,0.08902200294920812,0.375,0.00036250084485801284,3.231755999877456e-05,64
response_first,27,31,1.0982595767927851e-05,0.08899146497313246,0.08899146497313246,0.5625,1.2168438161094619e-05,9.796753374761082e-06,64
post_selector,12,10,0.00028410565755621406,0.08892079964161724,0.08892079964161724,0.53125,2.038810998783447e-05,0.0005478232051245938,64
post_selector,20,25,-0.00013699065721084583,-0.08872522369635151,0.08872522369635151,0.484375,-0.0002132707486452903,-6.0710565776401376e-05,64
final_prompt,29,6,5.42925929494185e-05,0.08862580349037125,0.08862580349037125,0.578125,-0.0002406253247499839,0.00034921051064882094,64
response_first,27,29,3.884399143316851e-05,0.08851499731039673,0.08851499731039673,0.5,5.290721674101183e-05,2.478076612532517e-05,64
post_selector,1,17,0.0005542544313357233,0.08837730175254328,0.08837730175254328,0.5,0.001271709305001428,-0.00016320044232998114,64
response_mean,20,21,0.00014453181078976954,0.08831510317573918,0.08831510317573918,0.546875,-0.00041010467381851943,0.0006991682953980585,64
post_selector,19,20,-1.2347247746901575e-05,-0.08828194853366356,0.08828194853366356,0.421875,-2.73458226731899e-07,-2.4421037267071247e-05,64
final_prompt,31,15,0.00038100016445241175,0.08826819225071125,0.08826819225071125,0.5625,0.00019470056577119998,0.0005672997631336236,64
final_prompt,27,13,0.00011357878702255597,0.08803848730824283,0.08803848730824283,0.515625,-0.0006536005084853718,0.0008807580825304839,64
response_first,27,17,1.7810590890119095e-05,0.08780482836755216,0.08780482836755216,0.515625,2.3668485596316393e-05,1.1952696183921804e-05,64
post_selector,2,5,-0.0003228015375498266,-0.08771057293781234,0.08771057293781234,0.546875,0.00013567239147959368,-0.0007812754665792467,64
post_selector,33,6,0.00039234946962095666,0.08749804297483953,0.08749804297483953,0.640625,-0.0007035513481241626,0.0014882502873660758,64
post_selector,16,19,-0.0009812782009248576,-0.08747707290379331,0.08747707290379331,0.4375,-0.0004790254315594154,-0.0014835309702903002,64
response_mean,25,20,3.792235339971394e-06,0.08718040874023032,0.08718040874023032,0.515625,1.859188090236063e-05,-1.1007410222417845e-05,64
response_mean,30,24,1.8995905520568586e-05,0.08714426224445648,0.08714426224445648,0.515625,-0.00012948794528708246,0.00016747975632821964,64
response_mean,33,20,0.0001588032085919591,0.08670461678055215,0.08670461678055215,0.5,-0.0010918289997334412,0.0014094354169173595,64
post_selector,1,30,0.00024019833108468596,0.08657781688637702,0.08657781688637702,0.5,-0.000699434691341572,0.0011798313535109437,64
response_mean,25,28,3.233868380902136e-05,0.08634007120009668,0.08634007120009668,0.5,-0.00012152660633545545,0.0001862039739534982,64
final_prompt,33,6,0.00017305120854871193,0.0862531576627844,0.0862531576627844,0.546875,0.0005218599471845684,-0.00017575753008714455,64
post_selector,28,28,1.3610219752981769e-05,0.08607632998417612,0.08607632998417612,0.46875,3.561020207596741e-05,-8.389762570003871e-06,64
final_prompt,28,17,9.877943057285785e-06,0.08583769492140772,0.08583769492140772,0.515625,1.3736817436431024e-05,6.019068678140548e-06,64
post_selector,2,9,0.0007767587521811905,0.0857480924013959,0.0857480924013959,0.53125,-0.0024742711830185657,0.0040277886873809465,64
public_task_span,14,10,-2.7039805672753776e-05,-0.08560919356926651,0.08560919356926651,0.453125,-6.520690658361596e-05,1.112729523810841e-05,64
response_first,21,27,1.4060146440897173e-05,0.08554038609025363,0.08554038609025363,0.53125,-6.343731564582799e-05,9.155760852762234e-05,64
post_selector,4,22,-0.00042455601214897934,-0.08509977518362004,0.08509977518362004,0.53125,-0.0023137110838433745,0.0014645990595454157,64
post_selector,11,25,4.0345174966203276e-05,0.08474470657437125,0.08474470657437125,0.46875,3.659826234069636e-05,4.409208759171016e-05,64
post_selector,13,0,-0.00012635979419428622,-0.0847403539714239,0.0847403539714239,0.515625,-0.00017102327547036662,-8.169631291820579e-05,64
response_first,22,4,2.5597858872572874e-05,0.08470547537462483,0.08470547537462483,0.5,0.00012975607991448879,-7.856036216934305e-05,64
response_first,29,3,2.5039338652268942e-05,0.08444101354955781,0.08444101354955781,0.5625,-0.0001269800532099801,0.00017705873051451797,64
response_mean,29,17,3.955173860958872e-05,0.08439044805612468,0.08439044805612468,0.484375,-0.00021875737957086755,0.000297860856790045,64
post_selector,4,31,0.00014723978119944762,0.08437611403765247,0.08437611403765247,0.578125,3.972359309044264e-05,0.0002547559693084527,64
response_first,23,26,1.165293633675559e-05,0.08422675824632724,0.08422675824632724,0.515625,4.7924502950984446e-05,-2.461863027747326e-05,64
post_selector,12,3,-0.0005612431377812797,-0.08408371087825488,0.08408371087825488,0.53125,-0.0006517142901429937,-0.00047077198541956543,64
response_mean,33,6,0.00027286801196169027,0.08405856731142375,0.08405856731142375,0.53125,-0.0017520062192488458,0.0022977422431722265,64
final_prompt,28,2,0.00012595044199769842,0.08403195110308741,0.08403195110308741,0.5,-0.00045980945833435,0.000711710342329747,64
response_mean,34,2,0.00017043514981196001,0.08380795309757902,0.08380795309757902,0.546875,-0.0009573228935550826,0.0012981931931790027,64
post_selector,11,1,7.916533468232995e-05,0.08371522120987539,0.08371522120987539,0.5,0.000499382396810671,-0.00034105172744601113,64
response_first,22,5,1.4563870095681132e-05,0.0834126728229605,0.0834126728229605,0.546875,7.436007842896386e-05,-4.523233823760159e-05,64
post_selector,13,21,4.555331344135406e-06,0.08340098100958983,0.08340098100958983,0.53125,1.3213933414143326e-06,7.78926934685648e-06,64
post_selector,10,23,-0.00014861861927784227,-0.0833956956791946,0.0833956956791946,0.546875,-0.0006173850488266873,0.0003201478102710027,64
post_selector,3,11,0.0016579038347117549,0.08324619024591529,0.08324619024591529,0.578125,-0.001700152526609609,0.005015960196033118,64
response_first,21,10,9.017714576731173e-07,0.08317425911670093,0.08317425911670093,0.5,-2.6980350431582423e-06,4.501577958504477e-06,64
post_selector,32,26,-0.0002499521297067895,-0.08313415318805348,0.08313415318805348,0.484375,-0.0005608237988781135,6.091953946453434e-05,64
response_first,24,8,3.089538698475552e-05,0.08301469074256368,0.08301469074256368,0.5625,-0.0001668857437095765,0.00022867651767908754,64
post_selector,1,15,0.000271101707767222,0.08287051319288483,0.08287051319288483,0.5625,-0.0014614051724492873,0.0020036085879837316,64
post_selector,27,12,-7.240795548568378e-05,-0.0828542136559579,0.0828542136559579,0.53125,-0.00037023545155532623,0.00022541954058395868,64
post_selector,6,6,0.0008884374437911798,0.08263102441117694,0.08263102441117694,0.578125,0.0014320685077109313,0.000344806379871428,64
post_selector,13,10,-0.0002708829679249937,-0.08239384558964158,0.08239384558964158,0.546875,0.00018674947932594688,-0.0007285154151759343,64
post_selector,27,9,4.44557625769457e-05,0.08228422986613372,0.08228422986613372,0.46875,-0.0002089340296151733,0.0002978455547690647,64
post_selector,27,22,0.00015098188123373904,0.08216786167614551,0.08216786167614551,0.5,7.593809823446561e-05,0.0002260256642330125,64
post_selector,15,3,0.0008580873327446142,0.08213065704201852,0.08213065704201852,0.5,0.001987942523555825,-0.00027176785806659707,64
public_task_span,11,17,-8.268216561192403e-06,-0.08205225784008102,0.08205225784008102,0.46875,-1.7597518308318683e-05,1.0610851859338723e-06,64
post_selector,22,13,0.00015490625082747753,0.08189932037605309,0.08189932037605309,0.515625,-0.0008081755950115468,0.001117988096666502,64
final_prompt,22,17,4.1781341451494424e-05,0.08185110229339755,0.08185110229339755,0.53125,0.0001475246867812534,-6.396200387826455e-05,64
post_selector,15,30,-0.0001817156858123719,-0.08181014755531593,0.08181014755531593,0.46875,-0.0005493769458553219,0.00018594557423057826,64
response_mean,31,20,9.894174536384209e-05,0.08176980748707424,0.08176980748707424,0.5,-3.202597736162301e-05,0.0002299094680893071,64
response_first,21,4,3.922446325075547e-06,0.08173604716309636,0.08173604716309636,0.515625,4.260747289204672e-06,3.5841453609464224e-06,64
response_mean,29,4,8.858164164848659e-05,0.08170340411906458,0.08170340411906458,0.5,-0.0006007363863318018,0.0007778996696287749,64
post_selector,14,6,0.0003350734259583958,0.08133493084580444,0.08133493084580444,0.53125,0.00035073479375568846,0.0003194120581611032,64
post_selector,10,4,0.0001377883686473111,0.08116033569374714,0.08116033569374714,0.46875,0.00014691868909723756,0.0001286580481973847,64
response_mean,28,20,3.5090841379313495e-06,0.08096993723543557,0.08096993723543557,0.53125,-9.416252737536417e-06,1.6434421013399116e-05,64
post_selector,32,12,-0.0001261265560970078,-0.08094164176804147,0.08094164176804147,0.5,-0.0003530857102305219,0.00010083259803650625,64
public_task_span,11,22,-9.329253430216782e-06,-0.08081273749339325,0.08081273749339325,0.453125,-2.0159129235242836e-05,1.5006223748092694e-06,64
final_prompt,26,22,2.158005571572356e-05,0.08076538465758444,0.08076538465758444,0.53125,1.677819273025761e-05,2.638191870118949e-05,64
response_mean,33,30,4.563952631997313e-05,0.08071109534737275,0.08071109534737275,0.515625,-0.00023983825735738272,0.00033111730999732904,64
post_selector,27,30,-0.000175450935785198,-0.08070752605240297,0.08070752605240297,0.546875,-0.00037612041614921456,2.5218544578818402e-05,64
post_selector,24,3,2.05265043859925e-05,0.0806720546886794,0.0806720546886794,0.5,-1.711192930998687e-05,5.816493808197188e-05,64
post_selector,9,1,4.480660504668924e-05,0.08039600453601033,0.08039600453601033,0.4375,-1.8329384602103522e-05,0.00010794259469548199,64
response_first,29,6,5.4297933729677384e-05,0.08039492381837415,0.08039492381837415,0.546875,-0.0003070902689614539,0.0004156861364208087,64
post_selector,4,17,0.000796957910097265,0.08023312109101803,0.08023312109101803,0.453125,0.0015274192628567187,6.649655733781141e-05,64
response_mean,22,10,6.416605913274698e-06,0.08012178199804766,0.08012178199804766,0.5,2.386727942396996e-06,1.0446483884152398e-05,64
response_mean,23,23,5.438967036752314e-05,0.0799434730717425,0.0799434730717425,0.546875,-0.00020578834755723352,0.00031456768829227975,64
response_mean,32,9,1.9883845880031122e-05,0.07979827260177703,0.07979827260177703,0.53125,-0.00012583261741381103,0.00016560030917387323,64
post_selector,27,20,-0.00016288317056023752,-0.07969702481848617,0.07969702481848617,0.5,-0.0006676988559775,0.00034193251485702505,64
post_selector,30,20,0.00017217597269336915,0.07968999383517385,0.07968999383517385,0.484375,-0.0008382203886867328,0.001182572334073471,64
post_selector,32,27,-0.0003643703275884016,-0.07962202722283515,0.07962202722283515,0.5,0.00021523678879020622,-0.0009439774439670093,64
response_mean,24,3,1.9315965857913397e-06,0.07959306773551857,0.07959306773551857,0.53125,-1.188861375567285e-06,5.0520545471499645e-06,64
post_selector,1,26,-0.001115061953896658,-0.07946162158951453,0.07946162158951453,0.5,-0.0007247609028127068,-0.0015053630049806095,64
public_task_span,19,31,3.3067309345818906e-05,0.07939505876147825,0.07939505876147825,0.5,-8.526076271668254e-06,7.466069496330607e-05,64
response_first,23,28,6.493251760275018e-05,0.07936335855157892,0.07936335855157892,0.5625,-0.0001752253963331915,0.0003050904315386919,64
post_selector,7,27,-2.9833538292217702e-05,-0.07922287555413068,0.07922287555413068,0.5,-5.122650600241666e-05,-8.440570582018757e-06,64
response_first,25,30,0.00014911796097294964,0.07907783863745521,0.07907783863745521,0.515625,-0.0010499223863007093,0.0013481583082466087,64
post_selector,1,2,-0.0006262588194658717,-0.0790760112958812,0.0790760112958812,0.515625,-0.0008874065279087468,-0.0003651111110229969,64
response_mean,27,11,2.547914402839098e-05,0.07896442464347407,0.07896442464347407,0.515625,8.242664307551561e-06,4.271562374923041e-05,64
public_task_span,13,20,-1.7990600440498383e-06,-0.07893878364965687,0.07893878364965687,0.484375,-7.985211141203764e-07,-2.7995989739793004e-06,64
response_mean,21,22,0.0001294741170738668,0.0788442677959873,0.0788442677959873,0.546875,-0.0006786051011999736,0.0009375533353477072,64
post_selector,10,22,2.729332845774181e-05,0.07865102158830325,0.07865102158830325,0.546875,-0.00013003731692150526,0.00018462397383698886,64
post_selector,7,9,3.215608302297339e-05,0.07834767146098241,0.07834767146098241,0.5625,-5.1544843927337924e-05,0.0001158570099732847,64
response_first,29,24,1.216644193390937e-05,0.07816075949443603,0.07816075949443603,0.53125,-3.9958279103291056e-05,6.42911629711098e-05,64
response_mean,31,3,6.806709598094492e-05,0.07801674725819789,0.07801674725819789,0.578125,-0.0001695416140137106,0.0003056758059756005,64
final_prompt,22,4,3.383524108357535e-05,0.07794196741951015,0.07794196741951015,0.515625,0.00010948982162515296,-4.181933945800226e-05,64
public_task_span,14,22,-7.964982557950862e-07,-0.07787410111952676,0.07787410111952676,0.5,-5.207580784372112e-07,-1.072238433152961e-06,64
public_task_span,12,4,-9.042973692885515e-05,-0.07780903812247505,0.07780903812247505,0.46875,-9.778701678442309e-05,-8.307245707328724e-05,64
post_selector,26,25,9.657487862568416e-05,0.07774301993551207,0.07774301993551207,0.546875,0.00027130027046949606,-7.815051321812769e-05,64
final_prompt,20,21,6.776243566264384e-07,0.07756377344701876,0.07756377344701876,0.5,-7.850715633139824e-09,1.3630994288860165e-06,64
post_selector,32,18,-0.00010951600233965986,-0.07753452733271912,0.07753452733271912,0.46875,-0.000563731402507963,0.00034469939782864336,64
response_first,28,2,0.0001244126783603829,0.07745431165823032,0.07745431165823032,0.546875,-0.0010149974750674642,0.0012638228317882298,64
public_task_span,21,27,-7.469079389465654e-05,-0.07722950474680715,0.07722950474680715,0.40625,-0.00040637182360113373,0.00025699023581182066,64
response_mean,22,8,3.202436391802514e-05,0.07695384873347745,0.07695384873347745,0.484375,-3.234224368497132e-05,9.63909715210216e-05,64
response_first,34,5,0.00010363589990447468,0.07677863413672295,0.07677863413672295,0.5,-0.0004455701655387992,0.0006528419653477486,64
post_selector,18,18,0.0001907489358927719,0.07670748594828135,0.07670748594828135,0.46875,0.00022537914355780307,0.00015611872822774065,64
post_selector,5,11,-0.0011360842290741747,-0.07665253594636139,0.07665253594636139,0.40625,0.00018801218902809362,-0.0024601806471764433,64
final_prompt,23,5,2.0740947746845872e-05,0.07655227040113846,0.07655227040113846,0.515625,-6.364075926512173e-05,0.00010512265475881348,64
public_task_span,11,6,-2.7892367938875883e-05,-0.07638635607262914,0.07638635607262914,0.5,-8.366718816432118e-05,2.7882452286569445e-05,64
final_prompt,28,3,4.8962954224402914e-05,0.07612990783210292,0.07612990783210292,0.515625,-0.00020377803548398923,0.00030170394393279505,64
post_selector,16,7,0.0006172172470542157,0.07610520978396422,0.07610520978396422,0.515625,0.0020486285211518372,-0.0008141940270434062,64
public_task_span,20,18,3.5519448147171685e-05,0.07588639852853928,0.07588639852853928,0.5,7.197326738151016e-05,-9.343710871668017e-07,64
final_prompt,25,27,1.1885289097789587e-05,0.07586129647407781,0.07586129647407781,0.53125,-2.1886740910301007e-05,4.5657319105880175e-05,64
post_selector,5,8,-0.0009753198391990704,-0.07582091382696605,0.07582091382696605,0.5,-0.000544125621672719,-0.001406514056725422,64
post_selector,22,27,1.3770753753303016e-05,0.0758145614241069,0.0758145614241069,0.578125,6.5932142661031895e-06,2.0948293240502847e-05,64
post_selector,2,20,-0.0006388218312167668,-0.0757714815852765,0.0757714815852765,0.453125,-0.00036552266101352936,-0.000912121001420004,64
final_prompt,23,26,2.9610498131653733e-05,0.0756821897146272,0.0756821897146272,0.53125,0.00014033873230799544,-8.111773604468798e-05,64
post_selector,31,17,-9.465820130571563e-05,-0.07565598013115025,0.07565598013115025,0.5,-0.0002691655936359938,7.984919102456249e-05,64
response_first,29,11,4.776824869655865e-06,0.07560211047229366,0.07560211047229366,0.515625,-2.143739405146684e-05,3.099104379077857e-05,64
post_selector,21,3,0.00013698425073016874,0.07558093079105034,0.07558093079105034,0.5,-0.0001078227933248844,0.00038179129478522187,64
response_first,35,19,1.2219785276101861e-05,0.07544404403430126,0.07544404403430126,0.546875,7.466340161952541e-05,-5.022383106732169e-05,64
post_selector,31,21,0.0001178898560283401,0.07499567686892637,0.07499567686892637,0.5,0.000156541210344575,7.923850171210528e-05,64
response_mean,23,22,0.00010138020070370887,0.07498148366044906,0.07498148366044906,0.53125,0.00035910449241781384,-0.0001563440910103962,64
response_mean,34,1,9.598091719453819e-05,0.07469387142551587,0.07469387142551587,0.5,-0.00038638326986982274,0.0005783451042588991,64
response_first,23,8,1.0531614265115637e-05,0.07466618816615136,0.07466618816615136,0.5625,3.405856989501611e-05,-1.2995341364784835e-05,64
response_mean,29,2,0.00015339486321863416,0.07454078359749898,0.07454078359749898,0.546875,-0.000567555643101494,0.0008743453695387624,64
response_first,31,7,6.887800907404315e-06,0.0742730782652346,0.0742730782652346,0.515625,-4.641549162441644e-05,6.0191093439225074e-05,64
final_prompt,22,22,6.008926084177471e-05,0.07410504432047252,0.07410504432047252,0.515625,-0.00014085418843023438,0.0002610327101137838,64
response_mean,19,31,0.00012555521448120514,0.0739819805189146,0.0739819805189146,0.515625,-0.0003255179499319497,0.00057662837889436,64
post_selector,5,28,0.00010551014975133912,0.07384180420855409,0.07384180420855409,0.578125,0.00014669973734271588,6.432056215996233e-05,64
post_selector,9,18,-3.8553333538966466e-06,-0.07367817570981994,0.07367817570981994,0.484375,-1.4940220992791682e-05,7.2295542849983875e-06,64
post_selector,3,2,0.001193327407236211,0.073177055408594,0.073177055408594,0.5,0.0019472713756840598,0.000439383438788362,64
response_mean,27,30,0.00014801497036387182,0.07316155943995421,0.07316155943995421,0.5,-0.00011531022937560947,0.000411340170103353,64
post_selector,6,0,-0.00014492980699287348,-0.07310922990494231,0.07310922990494231,0.484375,-0.0005603404533758124,0.0002704808393900654,64
post_selector,0,1,-1.1259020595847637e-05,-0.07304328884400241,0.07304328884400241,0.5,-5.466203049308627e-05,3.2143989301391e-05,64
response_first,32,5,2.271992298118955e-05,0.07304028916366634,0.07304028916366634,0.53125,-0.00017417383446625745,0.00021961368042863657,64
public_task_span,19,1,6.15274891515582e-05,0.07293473622593678,0.07293473622593678,0.515625,-0.00010807842545544147,0.00023113340375855788,64
post_selector,13,18,0.0001788767394828015,0.0729059605895563,0.0729059605895563,0.453125,0.00124682816021957,-0.0008890746812539668,64
response_mean,31,14,0.0001756628349767114,0.07277797030026438,0.07277797030026438,0.515625,-0.0011830600535631406,0.0015343857235165636,64
post_selector,28,4,-4.61392987744989e-05,-0.07276665423787038,0.07276665423787038,0.484375,1.7193900475830633e-05,-0.00010947249802482842,64
post_selector,2,2,0.0005486500103870628,0.07275495703573852,0.07275495703573852,0.5,-0.0012068265459674711,0.002304126566741597,64
post_selector,35,6,-4.127052204693608e-05,-0.07256473474859562,0.07256473474859562,0.46875,-0.0002738820492140621,0.00019134100512018995,64
post_selector,6,2,-3.930259981642778e-05,-0.07247684748218199,0.07247684748218199,0.5,-1.8934998479381114e-05,-5.967020115347442e-05,64
response_first,27,13,5.990130034659968e-05,0.07240186151011338,0.07240186151011338,0.53125,-0.00046600051518906073,0.0005858031158822601,64
final_prompt,29,26,0.0006910809843248002,0.07219621103806431,0.07219621103806431,0.515625,-0.001665285966737427,0.003047447935387028,64
post_selector,20,10,7.171429388108391e-05,0.07217389204857798,0.07217389204857798,0.59375,4.456528949959017e-05,9.886329826257762e-05,64
final_prompt,33,23,0.0001250412983608826,0.0721647260688517,0.0721647260688517,0.5,0.00013112026681482867,0.00011896232990693652,64
post_selector,31,2,-6.713116454193691e-05,-0.07216290136222085,0.07216290136222085,0.484375,2.3637030608357602e-05,-0.00015789935969223146,64
response_mean,20,20,1.6493999055454494e-05,0.0720477633763848,0.0720477633763848,0.53125,-2.9675125233540026e-05,6.266312334444903e-05,64
post_selector,2,14,-0.0003862404701067078,-0.07198745407247611,0.07198745407247611,0.453125,-0.0008545874588889882,8.210651867557263e-05,64
response_first,21,25,4.9562739832250165e-06,0.07192652925843122,0.07192652925843122,0.578125,7.3337586883331246e-06,2.57878927811691e-06,64
response_mean,29,11,6.971996773683936e-06,0.07169461467026801,0.07169461467026801,0.5,-4.5222989903937e-05,5.9166983451304865e-05,64
response_mean,28,12,8.57685326991456e-05,0.07165650441273808,0.07165650441273808,0.53125,-0.00019628474046839625,0.0003678218058666875,64
post_selector,21,19,-0.0004544235380308203,-0.07142113988875935,0.07142113988875935,0.515625,-0.0006036546546965906,-0.00030519242136505003,64
public_task_span,11,29,-8.045255640350982e-06,-0.07138315299281922,0.07138315299281922,0.5,1.1381093031559193e-05,-2.7471604312261156e-05,64
post_selector,0,23,-0.0006902102795720514,-0.07128746780652108,0.07128746780652108,0.5,-0.0006363959619193376,-0.0007440245972247655,64
response_mean,34,18,1.2887046807463776e-06,0.07124250253298875,0.07124250253298875,0.515625,9.839565677793871e-07,1.593452793713368e-06,64
response_first,23,22,3.245469861212141e-05,0.0712328484912266,0.0712328484912266,0.515625,-7.090123926900075e-05,0.00013581063649324354,64
final_prompt,29,7,0.0001767579360603155,0.07121346621759161,0.07121346621759161,0.53125,-0.0010969714639941011,0.0014504873361147323,64
response_mean,31,6,7.85013239692384e-05,0.07119023145135388,0.07119023145135388,0.515625,-0.0006142477209323116,0.0007712503688707884,64
response_mean,29,24,5.157760779183978e-05,0.07113166489486988,0.07113166489486988,0.5625,-0.000271862006684364,0.00037501722226804355,64
post_selector,24,25,-0.00023494611014029883,-0.07108755296678132,0.07108755296678132,0.484375,0.00031105711241252726,-0.000780949332693125,64
response_mean,35,22,0.0003852346671919755,0.07107279411649381,0.07107279411649381,0.546875,0.0007176028084359105,5.286652594804048e-05,64
response_mean,27,8,3.6516279919842247e-06,0.07089555464293483,0.07089555464293483,0.53125,-9.168704195878248e-07,8.220126403556273e-06,64
final_prompt,28,8,3.04164357203186e-05,0.07077997057523386,0.07077997057523386,0.578125,0.00013026386477575945,-6.943099333512224e-05,64
post_selector,6,8,0.00019516782049322604,0.07056744194329227,0.07056744194329227,0.484375,0.0004412279376993062,-5.089229671285424e-05,64
response_mean,29,16,2.1395165276763495e-05,0.0705431815932025,0.0705431815932025,0.5625,-0.00015701145275668585,0.00019980178331021283,64
public_task_span,20,30,-1.9347245270748606e-05,-0.07047073286657787,0.07047073286657787,0.484375,-6.441989413018823e-05,2.5725403588691013e-05,64
response_first,20,14,2.3530244925859614e-06,0.07043921492292482,0.07043921492292482,0.5625,-4.244699272068829e-06,8.950748257240752e-06,64
post_selector,6,9,-0.00010201769009654238,-0.07018211000766211,0.07018211000766211,0.421875,-0.00047438610090465625,0.00027035072071157146,64
response_mean,15,5,6.005793716213022e-05,0.07008686308720488,0.07008686308720488,0.515625,-0.00011105347948614183,0.00023116935381040226,64
post_selector,2,0,-0.0004686533320636948,-0.07008363175610587,0.07008363175610587,0.453125,-0.00039686232048551236,-0.0005404443436418772,64
post_selector,25,0,-6.8358214775794e-05,-0.06997198380422126,0.06997198380422126,0.484375,-0.0004805745866178516,0.0003438581570662637,64
response_mean,25,27,0.00013825565019942143,0.06994283310026285,0.06994283310026285,0.5,-0.000653356856673766,0.0009298681570726088,64
public_task_span,23,28,-7.560609356005225e-05,-0.0699000095788239,0.0699000095788239,0.453125,-0.0006300741611084745,0.00047886197398837,64
final_prompt,23,14,2.0812049001503064e-05,0.06978085779316189,0.06978085779316189,0.5,-2.455732817452525e-05,6.618142617753137e-05,64
post_selector,1,28,-0.00015528106406925593,-0.06972164955633355,0.06972164955633355,0.5,-0.0002484442344439188,-6.211789369459301e-05,64
final_prompt,19,27,1.1183407160331171e-06,0.06956073719060143,0.06956073719060143,0.515625,-6.8413614400242295e-06,9.078042872090464e-06,64
post_selector,1,29,-0.00032243027817458966,-0.06942445399398936,0.06942445399398936,0.578125,-0.001391282203258019,0.0007464216469088394,64
public_task_span,15,22,-2.28572977789554e-06,-0.06935382435424024,0.06935382435424024,0.5,-2.381788192451495e-06,-2.1896713633395848e-06,64
response_first,19,13,2.953162778650655e-06,0.06919906980663904,0.06919906980663904,0.5,1.6804868400382647e-05,-1.0898542843081338e-05,64
post_selector,22,29,-0.00018210808138974065,-0.06912476471626862,0.06912476471626862,0.5,-0.0006703801391267845,0.00030616397634730317,64
response_first,26,15,0.0002963234364869997,0.06907529308227554,0.06907529308227554,0.5,-0.0026040122047561055,0.0031966590777301046,64
response_first,20,31,3.988736845705001e-06,0.06905010789900444,0.06905010789900444,0.484375,2.732739874388267e-06,5.244733817021736e-06,64
final_prompt,22,5,5.982883783416978e-05,0.06898650453639474,0.06898650453639474,0.546875,0.00029313798449945625,-0.00017348030883111677,64
response_first,21,28,1.6011611819522982e-05,0.06891358801406203,0.06891358801406203,0.5625,3.45421457552664e-05,-2.518922116220446e-06,64
response_mean,32,1,1.2478208645916602e-05,0.0686998539570175,0.0686998539570175,0.546875,-9.840030111261926e-05,0.00012335671840445247,64
final_prompt,27,0,-4.071675107295564e-06,-0.06863561869049391,0.06863561869049391,0.484375,2.265950115543483e-06,-1.0409300330134614e-05,64
final_prompt,22,6,2.9761463338210805e-05,0.06851863091718392,0.06851863091718392,0.515625,0.00013375151502257124,-7.422858834614963e-05,64
response_mean,30,11,5.1627013931461174e-05,0.06851604250447295,0.06851604250447295,0.5625,-2.5178848773058516e-05,0.0001284328766359809,64
response_mean,33,10,0.00013672432987732155,0.06841321102370218,0.06841321102370218,0.515625,-0.0011066733036386475,0.0013801219633932907,64
post_selector,3,8,0.0010510034771868877,0.06835497771630888,0.06835497771630888,0.5,0.00042899191612377145,0.0016730150382500033,64
final_prompt,30,11,0.00014425109884541463,0.06823464311283109,0.06823464311283109,0.5,0.0003088128978561043,-2.0310700165274988e-05,64
response_first,33,18,5.984777544653614e-05,0.06815123245354546,0.06815123245354546,0.53125,-0.00025029003882082396,0.0003699855897138963,64
final_prompt,20,2,4.213582269584967e-05,0.06810546685302159,0.06810546685302159,0.5,8.353528255611832e-05,7.363628355810327e-07,64
post_selector,10,28,-5.6930597111200354e-05,-0.0680681354617597,0.0680681354617597,0.515625,0.00013050743291386806,-0.0002443686271362687,64
final_prompt,28,10,3.721267103173117e-05,0.06798400344919978,0.06798400344919978,0.546875,0.00010920452268690627,-3.4779180623443896e-05,64
post_selector,19,1,0.0004890701202384638,0.06794852091744044,0.06794852091744044,0.53125,-0.0003221255283278943,0.0013002657688048216,64
final_prompt,20,1,2.9344424319781e-05,0.0678552581320806,0.0678552581320806,0.53125,0.00015526227480220227,-9.657342616264028e-05,64
response_mean,19,12,0.0003339635700285674,0.06778681773764614,0.06778681773764614,0.484375,0.0017418001489204272,-0.0010738730088632922,64
response_first,22,6,6.256912456592062e-06,0.0677277651271721,0.0677277651271721,0.515625,2.247418632350397e-05,-9.960361410319846e-06,64
public_task_span,13,22,-4.007542997898731e-06,-0.06767090935982364,0.06767090935982364,0.5,-9.887233090921338e-06,1.872147095123873e-06,64
response_first,28,13,7.371214820749167e-06,0.06765613933413903,0.06765613933413903,0.5,-2.7587778163247732e-05,4.233020780474606e-05,64
response_mean,26,3,1.6036266515581265e-05,0.06745086930349746,0.06745086930349746,0.5,-9.688635600464031e-06,4.1761168631626555e-05,64
public_task_span,18,10,3.493643066576016e-05,0.06743573304439736,0.06743573304439736,0.546875,5.855561767021155e-05,1.1317243661308791e-05,64
response_first,29,2,2.8936390322081238e-05,0.06734872478390744,0.06734872478390744,0.5625,-0.00017070186970612297,0.00022857465035028545,64
public_task_span,21,5,5.51635048395807e-05,0.06719499085641994,0.06719499085641994,0.515625,9.831714851315135e-05,1.2009861166010074e-05,64
post_selector,18,3,-5.6745343727015614e-05,-0.06717337484750335,0.06717337484750335,0.5,-0.00012015642141705313,6.665733963021861e-06,64
final_prompt,28,0,3.8196067215775434e-06,0.0670577323038937,0.0670577323038937,0.53125,-1.8930900388619392e-05,2.657011383177448e-05,64
response_mean,33,4,3.815575564659127e-05,0.06682757471573696,0.06682757471573696,0.5,-0.000305217502955172,0.00038152901424835453,64
response_mean,19,3,7.916994439937855e-05,0.06681582998123672,0.06681582998123672,0.546875,4.2564560203565375e-05,0.00011577532859519181,64
post_selector,32,22,2.9843124366377618e-05,0.06680486773863113,0.06680486773863113,0.5625,-4.7456275751760226e-05,0.00010714252448451545,64
response_mean,34,21,0.00020239165314705693,0.06679875360264602,0.06679875360264602,0.5625,-0.0005614984147541593,0.0009662817210482732,64
final_prompt,34,29,8.76561045970186e-06,0.06678784895276635,0.06678784895276635,0.53125,-3.661695222944267e-05,5.4148173148846386e-05,64
final_prompt,27,14,0.00019413993959460825,0.06664176465774231,0.06664176465774231,0.484375,-0.0017089157790905684,0.002097195658279785,64
response_mean,33,11,0.00015200041389106813,0.06649350600749139,0.06649350600749139,0.515625,-0.0013030348461597592,0.0016070356739418955,64
public_task_span,24,13,-6.262099611830918e-05,-0.06644805973987938,0.06644805973987938,0.453125,-0.0004888244448011266,0.0003635824525645082,64
final_prompt,28,19,2.920534825534703e-05,0.0663958961158748,0.0663958961158748,0.53125,-0.00021859250091435756,0.0002770031974250516,64
final_prompt,22,10,3.405842193159491e-06,0.06626029680126894,0.06626029680126894,0.5,5.89381465943217e-06,9.178697268868128e-07,64
final_prompt,25,30,8.205240465031019e-05,0.06600540834305883,0.06600540834305883,0.5,-0.0006559726753039029,0.0008200774846045232,64
post_selector,0,5,-0.0007677943940507265,-0.06596548486358607,0.06596548486358607,0.5,0.0011671953252516594,-0.0027027841133531127,64
public_task_span,21,29,1.6232021096123495e-05,0.06584916071038055,0.06584916071038055,0.515625,2.583710988800793e-05,6.626932304239059e-06,64
response_first,23,29,5.5046218179212614e-06,0.06562392008766715,0.06562392008766715,0.484375,2.9439596261224525e-05,-1.8430352625382004e-05,64
post_selector,26,30,-8.74756924531484e-05,-0.06556000964503655,0.06556000964503655,0.515625,-1.097849963117083e-05,-0.0001639728852751259,64
post_selector,7,29,1.8899476685868532e-05,0.06553687191626117,0.06553687191626117,0.46875,6.799343395868405e-05,-3.019448058694699e-05,64
post_selector,29,14,-0.00011489336679914824,-0.06546321095607938,0.06546321095607938,0.515625,-0.00019711544291565965,-3.26712906826368e-05,64
post_selector,7,19,8.65237888091902e-06,0.06543566877253011,0.06543566877253011,0.515625,2.24101340790975e-05,-5.105376317259467e-06,64
post_selector,11,2,-0.0003545831259543717,-0.06527348818262049,0.06527348818262049,0.515625,-0.0009458470849494906,0.00023668083304074675,64
post_selector,7,28,-1.694381029437693e-05,-0.06517192085372807,0.06517192085372807,0.5,-1.5106518958424569e-05,-1.8781101630329283e-05,64
post_selector,4,2,-0.000255343147728127,-0.06496072466110275,0.06496072466110275,0.5,-6.987674350965702e-05,-0.0004408095519465969,64
post_selector,19,28,-0.0005212845062487672,-0.06471007831553395,0.06471007831553395,0.421875,-0.004160428288741935,0.0031178592762444004,64
post_selector,3,14,0.0007287982134585096,0.06468187183890657,0.06468187183890657,0.4375,0.0037519936704484298,-0.0022943972435314104,64
post_selector,35,27,-0.00024469351228617456,-0.06468058717164889,0.06468058717164889,0.5,-0.000724634446669371,0.0002352474220970218,64
post_selector,25,26,4.7497061132151956e-05,0.0646623624464581,0.0646623624464581,0.5625,0.00030628776130466745,-0.0002112936390403635,64
response_first,33,15,3.140901253573147e-05,0.06458022876452195,0.06458022876452195,0.546875,-0.00019404479462535918,0.0002568628196968222,64
final_prompt,29,8,4.3426218326201045e-05,0.06448808793417551,0.06448808793417551,0.5,-0.00034883321768573153,0.00043568565433813364,64
response_mean,21,27,0.00041334774778078396,0.064479960482444,0.064479960482444,0.515625,-0.0017319101671091593,0.002558605662670727,64
public_task_span,13,31,5.729817894461354e-05,0.06441429795390101,0.06441429795390101,0.53125,0.00035855197711496525,-0.00024395561922573814,64
response_mean,31,12,9.473647367029207e-06,0.06435779668079825,0.06435779668079825,0.515625,-5.702285227470281e-05,7.597014700876122e-05,64
post_selector,14,19,-0.0008238470618380218,-0.06433514535776408,0.06433514535776408,0.5,-0.0002049187023658338,-0.0014427754213102088,64
public_task_span,24,14,-4.463558514089377e-05,-0.06416400661278732,0.06416400661278732,0.484375,-4.412682483234128e-05,-4.514434544944623e-05,64
response_mean,20,7,4.186825464102731e-05,0.06415741741689096,0.06415741741689096,0.515625,2.1509687485375886e-05,6.222682179667875e-05,64
post_selector,8,6,0.0003023904391739031,0.06404587381806955,0.06404587381806955,0.515625,0.00026228285787509997,0.00034249802047270627,64
response_first,32,10,3.5277853385194434e-05,0.06403821052180957,0.06403821052180957,0.53125,-0.00026285345120411277,0.0003334091579745016,64
public_task_span,18,5,3.3015405620058823e-05,0.06395907569075789,0.06395907569075789,0.546875,0.00018557979956311744,-0.0001195489883229998,64
post_selector,17,28,2.190981422245226e-05,0.06369862039323061,0.06369862039323061,0.53125,8.964360040407922e-05,-4.58239719591747e-05,64
public_task_span,23,4,-2.0114567931267326e-06,-0.06351589887322599,0.06351589887322599,0.5,-8.965017855188065e-06,4.9421042689345995e-06,64
public_task_span,14,20,-3.0916938840156953e-06,-0.06351175575874385,0.06351175575874385,0.5,-7.012868081775952e-07,-5.482100959853794e-06,64
final_prompt,19,9,5.287091710214828e-06,0.06332699485794718,0.06332699485794718,0.515625,6.523100296352868e-06,4.0510831240767906e-06,64
post_selector,2,24,0.00037273171255946717,0.06281866718155964,0.06281866718155964,0.5,0.00026925020938505624,0.0004762132157338782,64
response_mean,19,21,-0.00012720973791146997,-0.062453994940785254,0.062453994940785254,0.5,0.0005927697402512257,-0.0008471892160741656,64
final_prompt,21,9,3.685839541135124e-06,0.06219925960782071,0.06219925960782071,0.53125,-7.962941715786671e-06,1.5334620798056918e-05,64
response_mean,26,10,-4.0337318552019497e-07,-0.06217912339551287,0.06217912339551287,0.515625,1.3985023628038107e-07,-9.46596607320771e-07,64
post_selector,31,25,5.457850602397354e-05,0.061917243442053176,0.061917243442053176,0.5,-0.00011408288719395003,0.00022323989924189706,64
public_task_span,21,18,6.1489198003523e-05,0.061813970651915316,0.061813970651915316,0.5,0.00020481655246837863,-8.183815646133267e-05,64
response_mean,23,16,-2.457402075606142e-06,-0.061664413292855484,0.061664413292855484,0.515625,-7.75723165702294e-06,2.8424275058106565e-06,64
post_selector,10,8,-2.7468201551525675e-05,-0.06159910856636485,0.06159910856636485,0.515625,-9.992128798329602e-05,4.498488488024466e-05,64
final_prompt,20,13,5.571947667702459e-06,0.06141531102401423,0.06141531102401423,0.5,-2.533670948423437e-05,3.648060481963929e-05,64
post_selector,13,9,0.0004697406220657203,0.06140886052984502,0.06140886052984502,0.515625,0.001820609293645228,-0.0008811280495137875,64
public_task_span,11,27,-3.574868719624488e-05,-0.06115637582122916,0.06115637582122916,0.46875,-9.778646472111995e-06,-6.171872792037776e-05,64
post_selector,1,7,-0.00020642837989726407,-0.06104658562350389,0.06104658562350389,0.5,-0.0002486096964276032,-0.00016424706336692498,64
final_prompt,20,18,1.0922028877756135e-05,0.06099465741722273,0.06099465741722273,0.515625,7.201222558704731e-05,-5.0168167831535045e-05,64
post_selector,4,12,-0.0006513617045129448,-0.06052839267614951,0.06052839267614951,0.28125,0.00010719153942775363,-0.0014099149484536435,64
final_prompt,26,4,-9.036239816851093e-05,-0.06052194919926164,0.06052194919926164,0.5,-0.000496820343869325,0.00031609554753230315,64
post_selector,4,8,0.0007340702595683864,0.06046996269962273,0.06046996269962273,0.59375,0.0013727768264288893,9.536369270788433e-05,64
post_selector,33,0,4.110059603590252e-05,0.060196910086730115,0.060196910086730115,0.484375,-0.00017867544602267793,0.00026087663809448296,64
public_task_span,14,1,-4.1602389160290496e-06,-0.06013433792310036,0.06013433792310036,0.421875,-6.314891493274746e-06,-2.005586338783353e-06,64
response_mean,20,28,0.00019972578184024336,0.060090838643795365,0.060090838643795365,0.5,0.0020550903554976507,-0.001655638791817164,64
response_first,21,7,4.874389034625892e-07,0.059874924204030594,0.059874924204030594,0.515625,1.6264343756233757e-06,-6.515565686981972e-07,64
post_selector,31,24,-0.0006236972694750858,-0.05983432361343515,0.05983432361343515,0.5,-0.0007099719805410125,-0.0005374225584091593,64
post_selector,11,3,0.0001772276082192434,0.0596836110932121,0.0596836110932121,0.5625,-0.0002984226011904013,0.0006528778176288879,64
post_selector,29,30,1.674418598440445e-05,0.059680181980961165,0.059680181980961165,0.5,5.162290801762478e-05,-1.8134536048815877e-05,64
public_task_span,33,29,-2.367028730532412e-05,-0.05963885112583002,0.05963885112583002,0.5,-0.00021424695205494413,0.00016690637744429582,64
response_mean,32,15,1.4010534982838404e-05,0.05962879089843502,0.05962879089843502,0.515625,5.0521867706254734e-05,-2.2500797740577926e-05,64
final_prompt,30,9,3.7347925626820655e-05,0.05952745144125838,0.05952745144125838,0.5,-5.783513188416603e-07,7.527420257248297e-05,64
response_mean,26,16,6.238857486095905e-05,0.059491752635944486,0.059491752635944486,0.53125,-8.892652022041542e-05,0.00021370366994233347,64
public_task_span,23,13,-7.047968574625084e-05,-0.059226091222854056,0.059226091222854056,0.46875,-0.00016994315728879203,2.8983785796290426e-05,64
response_first,22,2,7.09938763066008e-06,0.05900990977410786,0.05900990977410786,0.515625,3.362860354627204e-05,-1.9429828284951877e-05,64
response_first,28,3,5.827658424095399e-05,0.05893669068663679,0.05893669068663679,0.53125,-0.0006193213494043051,0.0007358745178862132,64
post_selector,21,0,5.309262587616318e-05,0.05893406412971012,0.05893406412971012,0.5,-5.852092999703125e-05,0.00016470618174935762,64
final_prompt,31,14,0.00018206045751866342,0.058799810017293966,0.058799810017293966,0.53125,-0.0003774709430217532,0.00074159185805908,64
final_prompt,23,12,1.3237617551456121e-05,0.058712184512472974,0.058712184512472974,0.515625,-6.771809016469412e-05,9.419332526760636e-05,64
post_selector,4,10,0.00045576064076157177,0.05841873529887415,0.05841873529887415,0.484375,0.001128738622355719,-0.00021721734083257504,64
response_first,25,25,2.794558923824224e-06,0.0582473625665031,0.0582473625665031,0.53125,1.2353614806667987e-05,-6.764496959019537e-06,64
final_prompt,20,23,1.4784349559703126e-05,0.05816638368334479,0.05816638368334479,0.5,-1.0431904221869738e-08,2.957913102362812e-05,64
public_task_span,15,20,-3.837927692985436e-06,-0.05797431917638126,0.05797431917638126,0.46875,-1.8939873939411015e-05,1.1264018553440145e-05,64
public_task_span,14,11,-9.574642774617549e-06,-0.057952201187590355,0.057952201187590355,0.5,-3.681585076263308e-05,1.7666565213397983e-05,64
response_first,23,24,8.732063179201849e-06,0.05791093220984569,0.05791093220984569,0.515625,6.732928522978476e-05,-4.986515887138107e-05,64
response_mean,30,6,8.194565054963683e-05,0.057891721404767574,0.057891721404767574,0.515625,-0.0007737942362382258,0.0009376855373374993,64
response_first,26,13,9.768795820259849e-06,0.05787017631028954,0.05787017631028954,0.5,-8.019708002391618e-05,9.973467166443588e-05,64
response_mean,19,27,9.616068066265829e-05,0.057732394131573224,0.057732394131573224,0.5,-0.0005691426149780582,0.0007614639763033747,64
post_selector,7,5,5.7417792390882424e-05,0.05772423340515913,0.05772423340515913,0.5,8.635134850009811e-05,2.848423628166682e-05,64
public_task_span,15,23,-8.058096767626921e-07,-0.05766650835210312,0.05766650835210312,0.46875,-1.1443969469837612e-06,-4.67222406541623e-07,64
final_prompt,29,11,8.547716277007567e-07,0.05741009626715242,0.05741009626715242,0.53125,-6.337601287320638e-06,8.047144542722151e-06,64
response_first,26,7,1.778688488229634e-05,0.05733156271827955,0.05733156271827955,0.5,5.967524612059695e-05,-2.4101476356004282e-05,64
public_task_span,17,6,2.1263782173258487e-05,0.057211602468949393,0.057211602468949393,0.5,9.712769065115555e-05,-5.460012630463858e-05,64
final_prompt,20,28,8.224689690905083e-05,0.05713623135794062,0.05713623135794062,0.53125,0.0003767806401810855,-0.00021228684636298394,64
response_mean,22,23,1.0005454788244123e-05,0.05698108407843541,0.05698108407843541,0.5,-3.5581095211504774e-05,5.559200478799302e-05,64
response_mean,33,9,5.5732458235978216e-05,0.05696129003206012,0.05696129003206012,0.515625,-0.0006642911034759557,0.0007757560199479121,64
post_selector,16,9,-0.0005559813107538532,-0.05694647478743866,0.05694647478743866,0.5,-0.0006710235538776158,-0.00044093906763009044,64
post_selector,22,12,2.5531520691407668e-05,0.05684517070971051,0.05684517070971051,0.4375,4.448282606972027e-05,6.580215313095086e-06,64
response_first,30,6,1.3811517703744288e-05,0.05670010980842836,0.05670010980842836,0.515625,-8.442829050635485e-05,0.00011205132591384345,64
response_first,34,1,1.5829921721888837e-05,0.05665108781125977,0.05665108781125977,0.5,-0.00010537379193918413,0.0001370336353829618,64
post_selector,19,19,0.00015719156181149475,0.05662794610561504,0.05662794610561504,0.453125,0.0005396453034336533,-0.00022526217981066365,64
post_selector,35,8,0.0003439559950493297,0.05653479851944912,0.05653479851944912,0.515625,-0.0002925764274550541,0.0009804884175537137,64
response_first,21,16,6.335899549014642e-06,0.05644114315746206,0.05644114315746206,0.515625,4.84269410065882e-05,-3.5755141908558925e-05,64
response_first,33,30,1.904960572574438e-05,0.05639678568259427,0.05639678568259427,0.5,-0.00017822910103856783,0.0002163283124900566,64
post_selector,8,29,-1.7582672285238508e-05,-0.05639044789552674,0.05639044789552674,0.484375,-7.326430522879381e-05,3.80989606583168e-05,64
response_mean,18,10,-9.031311225271468e-05,-0.05622239476723791,0.05622239476723791,0.53125,0.0008524137251128751,-0.0010330399496183045,64
response_mean,24,18,0.0002912327727244703,0.05619209735536269,0.05619209735536269,0.515625,-0.0011898287048097563,0.0017722942502586968,64
public_task_span,11,12,-3.057006460949144e-05,-0.05616463032146953,0.05616463032146953,0.46875,-6.209620278240259e-05,9.560735634197082e-07,64
response_first,30,25,7.29215156525579e-06,0.05615684466292595,0.05615684466292595,0.53125,-8.531790399499728e-05,9.990220712550885e-05,64
post_selector,8,9,-4.329700823291251e-05,-0.05589130155184729,0.05589130155184729,0.5,-5.726256858906562e-05,-2.9331447876759383e-05,64
response_mean,27,6,4.8345322625184566e-06,0.05581663772513464,0.05581663772513464,0.5,-5.5432856811406456e-06,1.521235020617756e-05,64
post_selector,34,21,0.00026017763593699946,0.0557907043134053,0.0557907043134053,0.515625,-0.0006833838997408748,0.0012037391716148737,64
response_first,28,8,0.0002502068716694289,0.05578988292103285,0.05578988292103285,0.5,0.002252526317704436,-0.0017521125743655786,64
response_first,28,0,2.9519364296960677e-05,0.05575340523797844,0.05575340523797844,0.53125,-0.00024609846767018376,0.00030513719626410515,64
public_task_span,7,7,8.231062054164795e-08,0.055665012150011364,0.055665012150011364,0.53125,4.8855367751343706e-08,1.1576587333195221e-07,64
response_mean,30,7,1.221628551206777e-06,0.055651971066368086,0.055651971066368086,0.53125,1.1860029360377666e-05,-9.416772257964112e-06,64
post_selector,1,13,0.00037314646010599343,0.05564489903639979,0.05564489903639979,0.515625,-0.001796022476810312,0.002542315397022299,64
post_selector,5,1,0.0003304589399704059,0.05563050630742571,0.05563050630742571,0.53125,0.0010676680476535522,-0.0004067501677127405,64
final_prompt,33,14,0.00011224177524127478,0.055606273020776295,0.055606273020776295,0.515625,-0.0001716597980703187,0.0003961433485528683,64
post_selector,3,24,-0.0004105074776816699,-0.0554583833146376,0.0554583833146376,0.40625,-0.00012462501035769455,-0.0006963899450056456,64
response_mean,34,19,0.00011863912914122534,0.05518118195377618,0.05518118195377618,0.515625,-0.000586123636821865,0.0008234018951043156,64
final_prompt,29,15,1.1129937831811843e-05,0.05507566145361435,0.05507566145361435,0.53125,-6.623276476601308e-05,8.849264042963676e-05,64
post_selector,25,27,3.618689379436319e-05,0.05500642576316856,0.05500642576316856,0.484375,0.00012166556007285332,-4.929177248412693e-05,64
response_first,20,19,3.1440423754246527e-05,0.05488418064578705,0.05488418064578705,0.5,0.00013145064440321373,-6.856979689472065e-05,64
public_task_span,19,21,-7.671298135391978e-05,-0.05475946541095705,0.05475946541095705,0.484375,-4.007788629678198e-05,-0.00011334807641105753,64
public_task_span,14,18,-1.817485735955044e-05,-0.05475135238902354,0.05475135238902354,0.46875,-8.394621909245463e-05,4.7596504373353734e-05,64
final_prompt,29,5,0.0001284968438994868,0.05463039538971627,0.05463039538971627,0.5,-0.00012342643094597494,0.0003804201187449486,64
response_mean,31,11,3.3835068279586016e-05,0.05458131745521734,0.05458131745521734,0.5,-0.00026409205020171226,0.00033176218676088436,64
final_prompt,26,10,1.427629658934393e-07,0.054550502810209754,0.054550502810209754,0.5,2.3814752481143842e-07,4.737840697544016e-08,64
response_first,29,26,0.00013269748069433496,0.0544550939240524,0.0544550939240524,0.5,-0.0006764788231521176,0.0009418737845407876,64
response_first,29,9,1.6811889111067728e-05,0.054250059201768445,0.054250059201768445,0.5,-0.00016041097126160553,0.000194034749483741,64
post_selector,5,6,-0.00034157700520154224,-0.05422577933233321,0.05422577933233321,0.5,0.00016620795213383746,-0.0008493619625369218,64
post_selector,2,11,-0.0003377916982572083,-0.0540955739554856,0.0540955739554856,0.46875,-0.004279917149688091,0.003604333753173675,64
public_task_span,12,15,-6.828317418694146e-05,-0.054081715620228364,0.054081715620228364,0.484375,0.0001606281307431314,-0.00029719447911701427,64
final_prompt,27,11,-1.5898263882262547e-05,-0.05407966278659611,0.05407966278659611,0.484375,-0.00015369550783360104,0.00012189898006907595,64
final_prompt,23,24,1.884598395917715e-05,0.05402443878498986,0.05402443878498986,0.5,0.00011340572564220574,-7.571375772385145e-05,64
response_first,33,19,3.4224499358968966e-05,0.05387275614775297,0.05387275614775297,0.53125,-0.00037420940589070106,0.00044265840460863904,64
post_selector,7,24,5.984675181025156e-05,0.053854298056627246,0.053854298056627246,0.5,0.00011783765785366564,1.8558457668374804e-06,64
post_selector,2,18,0.00021270712750264686,0.05383181741970992,0.05383181741970992,0.546875,0.00036316903424448175,6.224522076081235e-05,64
response_mean,20,31,0.00023939776860970266,0.053697202924429775,0.053697202924429775,0.5,0.0018549836252077347,-0.0013761880879883288,64
final_prompt,34,30,3.94938783756524e-05,0.05355440951163901,0.05355440951163901,0.5,-0.0002353092086195702,0.000314296965370875,64
final_prompt,23,22,1.2290139977726519e-05,0.05335328041526506,0.05335328041526506,0.5,0.0001250878817700019,-0.00010050760181454886,64
post_selector,15,16,0.00011850798000522853,0.053311898457502935,0.053311898457502935,0.515625,-0.000244464346906168,0.000481480306916625,64
post_selector,12,24,2.8551979909249587e-05,0.05323949211754204,0.05323949211754204,0.640625,0.00018846062536680605,-0.00013135666554830688,64
post_selector,35,7,1.4894289847691221e-05,0.05313669957902407,0.05313669957902407,0.5,-1.499920381320041e-05,4.478778350858286e-05,64
final_prompt,30,6,1.714596402280411e-05,0.05306422471787067,0.05306422471787067,0.5625,-6.252654736725131e-05,9.681847541285953e-05,64
final_prompt,32,6,0.00011408714726713076,0.05293462742253055,0.05293462742253055,0.5625,-1.5495048501173943e-05,0.00024366934303543547,64
response_first,20,16,1.17732595583675e-06,0.052788006409247516,0.052788006409247516,0.5,3.1966261637705884e-06,-8.419742520970885e-07,64
response_first,17,21,-1.0628838165160914e-07,-0.05275350803801821,0.05275350803801821,0.5,-9.257744792989797e-08,-1.1999931537332031e-07,64
response_first,29,8,1.6256974390665296e-05,0.052730574747058695,0.052730574747058695,0.515625,-0.0001386785920658378,0.0001711925408471684,64
response_first,30,27,1.1612596608753801e-05,0.05272186008748448,0.05272186008748448,0.53125,-0.0001636930660424323,0.0001869182592599399,64
public_task_span,11,18,-3.470807314442932e-05,-0.05267729099980642,0.05267729099980642,0.4375,-4.6617285988755455e-05,-2.2798860300103204e-05,64
post_selector,4,20,0.0004277785810700123,0.0526459838927162,0.0526459838927162,0.484375,-0.0002240497560705938,0.0010796069182106185,64
public_task_span,10,15,-1.1308221019129367e-05,-0.05261958306369956,0.05261958306369956,0.453125,-9.757714906293417e-06,-1.2858727131965314e-05,64
post_selector,33,27,4.579849269248689e-05,0.052510689420116836,0.052510689420116836,0.46875,0.00012529383093351571,-3.3696845548542035e-05,64
response_mean,19,9,1.7130304968301392e-05,0.05235473559613804,0.05235473559613804,0.515625,-0.00012265556074451573,0.00015691617068111854,64
response_mean,25,14,5.5607253671039494e-05,0.05231992420244966,0.05231992420244966,0.546875,-0.00013456990927805248,0.0002457844166201315,64
post_selector,4,16,0.0006042504219294499,0.05231253550258744,0.05231253550258744,0.578125,0.0010198063164352687,0.0001886945274236308,64
post_selector,3,22,-0.00020066552860953098,-0.052257501628399386,0.052257501628399386,0.5,-0.0011928710264328282,0.0007915399692137663,64
public_task_span,8,8,-5.110861138745412e-06,-0.052251921515015266,0.052251921515015266,0.5,2.609726834640072e-06,-1.2831449112130899e-05,64
post_selector,17,31,2.0700122490781483e-05,0.05212561004168415,0.05212561004168415,0.515625,0.0001280225671962342,-8.662232221467124e-05,64
response_first,31,20,2.2963078777137137e-05,0.052052889664311,0.052052889664311,0.515625,2.7042272904523276e-05,1.8883884649751002e-05,64
response_mean,32,2,3.794171141180354e-05,0.05204985106323768,0.05204985106323768,0.53125,-0.0003636959621644275,0.00043957938498803456,64
final_prompt,19,21,-2.7374404908187436e-05,-0.05200575134657408,0.05200575134657408,0.484375,0.0003142367404506936,-0.00036898555026706846,64
final_prompt,25,7,-7.284311323019209e-07,-0.05189858017430117,0.05189858017430117,0.5,-4.401260014219588e-06,2.944397749615746e-06,64
public_task_span,11,16,-2.0853715795960612e-05,-0.05184847546833283,0.05184847546833283,0.453125,-2.6916543902185936e-05,-1.4790887689735289e-05,64
response_first,29,15,5.685173370294599e-06,0.05151570478733991,0.05151570478733991,0.515625,-5.141918650152295e-05,6.278953324211214e-05,64
final_prompt,33,19,6.775104884581595e-05,0.05144320378775594,0.05144320378775594,0.515625,-4.638157770386497e-05,0.0001818836753954969,64
post_selector,7,16,1.895125944884382e-05,0.05143847929184078,0.05143847929184078,0.484375,1.1071247399747308e-05,2.683127149794034e-05,64
public_task_span,12,29,-1.820276861508394e-05,-0.051312266398760124,0.051312266398760124,0.5,-3.130340246571465e-05,-5.10213476445324e-06,64
public_task_span,19,29,2.1617068910018018e-05,0.051253597253388995,0.051253597253388995,0.5,0.00019748268266537818,-0.00015424854484534216,64
public_task_span,23,26,4.351959250925299e-05,0.051158409812997144,0.051158409812997144,0.5,0.00011401718984415937,-2.6978004825653398e-05,64
final_prompt,25,18,1.339753644913344e-06,0.05105788330552161,0.05105788330552161,0.5,-1.2823743134049437e-07,2.8077447211671824e-06,64
final_prompt,34,27,1.7545116435250714e-06,0.05087963039167631,0.05087963039167631,0.5,5.669009880192236e-06,-2.1599865931420936e-06,64
post_selector,27,21,-4.2498064885868534e-05,-0.05085901153631392,0.05085901153631392,0.46875,-0.00026598949443721947,0.00018099336466548233,64
final_prompt,32,8,7.754901616863127e-05,0.05078212207228875,0.05078212207228875,0.5,-8.778926348895624e-05,0.0002428872958262188,64
post_selector,34,20,-3.439161680773522e-06,-0.05076434866774115,0.05076434866774115,0.5625,-8.719895475907314e-06,1.8415721143602708e-06,64
final_prompt,24,4,1.063950310253576e-05,0.05063475939250413,0.05063475939250413,0.5625,1.3386592399905406e-05,7.892413805166109e-06,64
response_mean,29,1,9.178856259949979e-05,0.050605424343554195,0.050605424343554195,0.5,-5.2661598601740485e-06,0.0001888432850591736,64
public_task_span,19,3,8.436508051090711e-05,0.05059534865637665,0.05059534865637665,0.546875,0.00012195974181850014,4.677041920331406e-05,64
post_selector,10,30,-6.743528956576646e-05,-0.05054582932111308,0.05054582932111308,0.546875,0.00014979935622249466,-0.0002846699353540276,64
final_prompt,35,4,2.0151026092196433e-06,0.050477392247147305,0.050477392247147305,0.5,8.981330438471113e-06,-4.951125220031827e-06,64
public_task_span,12,27,-1.1560101484063348e-05,-0.05040460950866509,0.05040460950866509,0.5,-1.9451496882537167e-05,-3.6687060855895223e-06,64
final_prompt,32,13,3.4764229326325765e-06,0.05037807148884694,0.05037807148884694,0.5,2.7590490049069885e-05,-2.0637644183804727e-05,64
response_mean,27,14,5.829914380228592e-05,0.050320005202697284,0.050320005202697284,0.5,-0.0005278230860312631,0.000644421373635835,64
post_selector,35,10,0.00016620441783743437,0.05029766312566294,0.05029766312566294,0.5,-0.0008554431915399594,0.0011878520272148281,64
post_selector,2,16,-0.00028862011822638263,-0.05024370085151441,0.05024370085151441,0.4375,-0.0016991760930977593,0.0011219358566449938,64
final_prompt,21,27,2.590251631318176e-05,0.050241858488631774,0.050241858488631774,0.515625,-0.00029396013951552295,0.0003457651721418865,64
post_selector,4,6,0.0004531732427039875,0.050235114158552696,0.050235114158552696,0.578125,0.0009272257366319594,-2.0879251223984447e-05,64
public_task_span,17,7,2.1747123355444485e-05,0.05014333059001756,0.05014333059001756,0.53125,4.109161932319052e-05,2.402627387698442e-06,64
response_mean,35,25,0.00010471064342709357,0.05005742466525485,0.05005742466525485,0.515625,4.531652302830621e-05,0.00016410476382588092,64
public_task_span,22,22,1.7405580212670278e-06,0.05002296781488821,0.05002296781488821,0.5,-1.1337302652516448e-07,3.59448906905922e-06,64
post_selector,5,29,0.0004764990517287486,0.049848119836794574,0.049848119836794574,0.546875,0.0005745100679632933,0.0003784880354942038,64
response_mean,19,14,0.0002894844687943962,0.049811348224259054,0.049811348224259054,0.5625,0.0011308925568300724,-0.0005519236192412801,64
final_prompt,23,11,3.35303352585485e-05,0.04977933194060571,0.04977933194060571,0.515625,-0.00015678132314178396,0.00022384199365888094,64
response_mean,35,19,1.896084540930797e-05,0.04970294722682759,0.04970294722682759,0.515625,0.00016516896266692137,-0.0001272472718483054,64
response_first,28,1,7.245769211289781e-06,0.04964622581985403,0.04964622581985403,0.53125,-0.0001054583779022971,0.00011994991632487665,64
response_first,20,18,1.6505019235774778e-06,0.04956475523786008,0.04956475523786008,0.53125,9.435992378568088e-06,-6.1349885314131316e-06,64
final_prompt,25,21,8.419420282733566e-06,0.04952616332258428,0.04952616332258428,0.515625,3.2685718451882723e-06,1.357026872027885e-05,64
response_first,35,3,1.7436377675039694e-06,0.04952266080257705,0.04952266080257705,0.515625,1.9359517864359077e-06,1.551323748572031e-06,64
post_selector,1,18,-9.728853729030053e-05,-0.0494947304304792,0.0494947304304792,0.5625,0.00026147634889638033,-0.0004560534234769813,64
post_selector,3,31,-0.000661457370156869,-0.049438093035076104,0.049438093035076104,0.4375,0.00018350382217137266,-0.0015064185624851102,64
final_prompt,29,13,6.481262630585e-06,0.049386259161078694,0.049386259161078694,0.546875,-5.1971765344652204e-05,6.49342906058222e-05,64
response_mean,34,0,4.034277822029907e-05,0.049313877449703315,0.049313877449703315,0.5,-0.00033653673744989425,0.0004172222938904923,64
response_mean,31,22,8.34734123600356e-07,0.049289359282629515,0.049289359282629515,0.515625,-6.2081008422865125e-06,7.877569089487224e-06,64
final_prompt,27,26,-9.596307336316355e-06,-0.04925596543132216,0.04925596543132216,0.484375,-4.757439819512238e-05,2.8381783522489665e-05,64
public_task_span,13,23,-7.71153531786216e-06,-0.04918758650259414,0.04918758650259414,0.5,-5.379828735381461e-06,-1.004324190034286e-05,64
response_mean,26,1,2.9703894597331946e-05,0.04905785532320024,0.04905785532320024,0.5,0.00023668465473744978,-0.0001772768655427859,64
public_task_span,12,5,-1.1567572528291323e-05,-0.04893337031924893,0.04893337031924893,0.484375,-4.063497726746509e-05,1.7499832210882444e-05,64
response_mean,35,18,2.7521767151482066e-05,0.04892372872080104,0.04892372872080104,0.515625,7.631755943291821e-05,-2.1274025129954067e-05,64
post_selector,27,23,2.673940957720312e-05,0.048836554422501614,0.048836554422501614,0.5,-0.0001300915255342156,0.0001835703446886219,64
public_task_span,8,0,-1.1955402442251727e-05,-0.04883631307588509,0.04883631307588509,0.484375,-4.618583079717854e-05,2.227502591267508e-05,64
final_prompt,24,18,0.00014690617899759082,0.04881572812574223,0.04881572812574223,0.515625,0.000105228722532053,0.0001885836354631286,64
response_mean,29,25,0.0002062900130113125,0.04879648133837496,0.04879648133837496,0.5,-0.0014115731901256094,0.0018241532161482343,64
response_mean,17,1,-4.638682344193446e-05,-0.048788727213907535,0.048788727213907535,0.484375,-0.00025185542472172366,0.00015908177783785472,64
response_first,27,28,4.624783286999905e-05,0.048779120671802935,0.048779120671802935,0.515625,-0.0001234335013577858,0.0002159291670977839,64
public_task_span,24,29,-1.2080816361500902e-05,-0.04863554381792997,0.04863554381792997,0.484375,-9.948751949193976e-05,7.532588676893796e-05,64
public_task_span,14,8,-1.9157711449221082e-05,-0.04855657088934076,0.04855657088934076,0.484375,1.31733122544799e-06,-3.9632754123890155e-05,64
response_first,21,31,9.927136304099804e-07,0.04843189383141611,0.04843189383141611,0.484375,4.021218003913418e-06,-2.0357907430934574e-06,64
response_first,28,23,2.8924357593492404e-05,0.04840970719272559,0.04840970719272559,0.515625,-0.0003219404661649359,0.00037978918135192074,64
final_prompt,34,6,1.637463037695556e-05,0.04840093836019136,0.04840093836019136,0.5,-7.618782547068953e-05,0.00010893708622460062,64
response_first,14,28,-8.869449857227071e-06,-0.04831936280371282,0.04831936280371282,0.453125,-1.3237678786019131e-05,-4.501220928435004e-06,64
final_prompt,21,17,2.1920561835034747e-05,0.048312213953521956,0.048312213953521956,0.484375,0.00026027701369455455,-0.000216435890024485,64
response_first,26,21,-5.469273034464095e-07,-0.04802687685188611,0.04802687685188611,0.484375,2.3636856525399708e-06,-3.4575402594327898e-06,64
post_selector,20,22,-0.00023385351232717738,-0.0478958293412754,0.0478958293412754,0.40625,0.0003453714307397719,-0.0008130784553941267,64
final_prompt,19,15,1.1077798831139047e-05,0.04778319089863983,0.04778319089863983,0.515625,8.662308937344548e-05,-6.446749171116738e-05,64
post_selector,31,8,7.147534051909854e-05,0.04777486601217475,0.04777486601217475,0.5625,-0.00020029928782604666,0.0003432499688642437,64
final_prompt,28,29,-6.264845211489956e-07,-0.04767668820494504,0.04767668820494504,0.484375,1.7233865889920708e-06,-2.976355631290062e-06,64
response_first,23,6,1.7676987908998854e-06,0.04760984819382584,0.04760984819382584,0.53125,7.664778081561963e-06,-4.129380499762192e-06,64
public_task_span,12,13,-8.402046751143378e-05,-0.04757617128330807,0.04757617128330807,0.484375,-0.0005357913059924498,0.0003677503709695821,64
response_mean,24,20,7.4294302123682606e-06,0.04754163998152068,0.04754163998152068,0.484375,-6.58377014133169e-05,8.069656183805342e-05,64
public_task_span,11,26,-2.8542558538900605e-05,-0.047464472974347076,0.047464472974347076,0.453125,-0.00013216682009442457,7.508170301662336e-05,64
final_prompt,26,7,6.377733734552677e-05,0.04743899282362025,0.04743899282362025,0.515625,0.0002722832086874392,-0.00014472853399638566,64
response_first,31,4,7.690349150375879e-06,0.04711160182634623,0.04711160182634623,0.546875,-6.600323683868966e-05,8.138393513944143e-05,64
public_task_span,12,31,-1.78613954631107e-05,-0.04707291315928905,0.04707291315928905,0.484375,-2.4987097049225247e-05,-1.0735693876996162e-05,64
public_task_span,14,26,-1.824309015319181e-05,-0.04695881396860411,0.04695881396860411,0.484375,3.925042619781843e-07,-3.6878684568361784e-05,64
final_prompt,35,27,3.8764492273910996e-05,0.04689294394006356,0.04689294394006356,0.546875,-0.0002579000756668308,0.00033542906021465286,64
public_task_span,19,23,-7.005171028140648e-05,-0.046779069931813404,0.046779069931813404,0.46875,-0.00027607376250670664,0.00013597034194389373,64
public_task_span,13,21,-2.52990562898934e-06,-0.04668530897999959,0.04668530897999959,0.5,1.4168624034037125e-06,-6.476673661382393e-06,64
public_task_span,20,31,-1.799642893729357e-05,-0.04666578433815381,0.04666578433815381,0.484375,-4.7564052920281744e-05,1.157119504569462e-05,64
post_selector,31,10,-0.0001460319726902522,-0.04662456836091866,0.04662456836091866,0.5,-0.0006120504513091919,0.0003199865059286876,64
post_selector,22,25,2.4110651736463762e-05,0.04658450730367703,0.04658450730367703,0.515625,-7.606813915117594e-05,0.00012428944262410341,64
response_mean,17,0,-3.68716041521041e-05,-0.046502330531541826,0.046502330531541826,0.46875,-0.00012150746351834664,4.776425521413843e-05,64
post_selector,6,4,-0.0005136080944794245,-0.0464471796382818,0.0464471796382818,0.53125,0.00045576151751446884,-0.0014829777064733177,64
final_prompt,27,5,3.4342495496248877e-06,0.046439434544787064,0.046439434544787064,0.5,-9.98592076939496e-06,1.685441986864473e-05,64
post_selector,3,23,0.0003383886069059421,0.04641758203954975,0.04641758203954975,0.484375,-0.0011966879537794596,0.001873465167591344,64
response_first,28,16,9.235611173611178e-06,0.046414639906393586,0.046414639906393586,0.53125,-0.00010746851512519456,0.00012593973747241692,64
final_prompt,30,26,1.3885037830615563e-05,0.046395423990361465,0.046395423990361465,0.5,6.970767429946342e-05,-4.193759863823229e-05,64
post_selector,32,25,2.8432410999810935e-05,0.04626883430641497,0.04626883430641497,0.5,0.00010849983345905937,-5.16350114594375e-05,64
post_selector,6,31,-0.0003548854363089008,-0.04623993827914289,0.04623993827914289,0.5,-0.0003663259840322809,-0.00034344488858552096,64
final_prompt,21,8,3.787200853366283e-05,0.046224489083315216,0.046224489083315216,0.5,-0.0001216682349536245,0.00019741225202095017,64
response_first,28,18,2.2426799262116986e-05,0.04611274130082308,0.04611274130082308,0.546875,-7.761915640003256e-05,0.00012247275492426653,64
response_mean,34,4,6.829052949796772e-06,0.04602356074110904,0.04602356074110904,0.5,-7.888907305185288e-05,9.254717895144643e-05,64
response_first,30,9,7.0814049735229105e-06,0.04595818416043654,0.04595818416043654,0.5,-4.081089358009191e-05,5.4973703527137734e-05,64
post_selector,2,22,0.0005242697461653744,0.0459536101302501,0.0459536101302501,0.53125,0.0009982001165553765,5.033937577537216e-05,64
public_task_span,11,5,-4.66926195485645e-06,-0.045903898983609706,0.045903898983609706,0.5,1.9404555700927717e-05,-2.8743079610640616e-05,64
final_prompt,33,20,9.277259141526957e-05,0.04587320672813379,0.04587320672813379,0.546875,-0.00037920457725702816,0.0005647497600875675,64
final_prompt,29,24,3.2312902931150894e-05,0.045789409521649976,0.045789409521649976,0.5,-0.00015209097728074425,0.000216716783143046,64
final_prompt,28,20,2.202299037889276e-05,0.04577912574939565,0.04577912574939565,0.515625,-0.0001991713997995105,0.00024321738055729602,64
post_selector,22,19,0.00043998274486512054,0.045749367679389086,0.045749367679389086,0.5,0.0002813422033796159,0.000598623286350625,64
final_prompt,20,0,2.643677694891039e-05,0.04570851119097814,0.04570851119097814,0.484375,0.00023842737391530693,-0.00018555382001748613,64
response_first,12,31,2.995626616096266e-06,0.04549090869452593,0.04549090869452593,0.53125,1.0576746205969348e-05,-4.585492973776818e-06,64
post_selector,6,28,-8.031623974603515e-05,-0.04544505789471315,0.04544505789471315,0.59375,0.0004517129045780044,-0.0006123453840700748,64
response_first,21,29,2.6923765545926335e-06,0.04542504441831228,0.04542504441831228,0.515625,8.293397570471758e-06,-2.908644461286491e-06,64
public_task_span,18,28,9.563822823110166e-05,0.04538333380676149,0.04538333380676149,0.515625,0.00014765188643649834,4.362457002570494e-05,64
public_task_span,34,3,-7.610005104652286e-05,-0.04529706749225457,0.04529706749225457,0.46875,-0.0013493371698131847,0.001197137067720139,64
post_selector,4,5,0.00014787136478843323,0.045198009950235526,0.045198009950235526,0.578125,0.0003732180721271848,-7.747534255031819e-05,64
post_selector,26,12,-5.7689188906813304e-05,-0.04519502575731988,0.04519502575731988,0.5625,-0.000694983016728641,0.0005796046389150145,64
response_first,19,29,4.89861244101895e-06,0.045193743492260186,0.045193743492260186,0.5,2.9257413569180717e-05,-1.9460188687142815e-05,64
public_task_span,31,30,-6.817891198806659e-05,-0.04504050009792015,0.04504050009792015,0.5,-0.0008915140579119649,0.0007551562339358319,64
post_selector,29,20,-1.6604496067885214e-05,-0.044930186182612665,0.044930186182612665,0.515625,-7.27893520888569e-05,3.958035995308647e-05,64
response_mean,32,7,0.00016270371611426106,0.04482590876028717,0.04482590876028717,0.546875,-0.000890018394784405,0.0012154258270129273,64
response_mean,35,4,1.3505018614523578e-06,0.044779661231640074,0.044779661231640074,0.515625,2.397529669906362e-06,3.0347405299835373e-07,64
response_first,23,14,8.734428067919942e-06,0.044777194370706916,0.044777194370706916,0.515625,6.84751365653023e-06,1.0621342479309647e-05,64
response_first,21,5,2.8334394301049724e-05,0.044770242176574535,0.044770242176574535,0.5,-5.3212972488837524e-05,0.00010988176109093695,64
response_mean,20,5,-3.478841426840256e-05,-0.04474189444090094,0.04474189444090094,0.5,-0.0003356062516104169,0.0002660294230736117,64
public_task_span,14,31,-3.1901001875667216e-05,-0.04468410241882099,0.04468410241882099,0.5,-3.968116925534301e-05,-2.412083449599144e-05,64
response_first,29,25,4.438052701515659e-05,0.04463372824257611,0.04463372824257611,0.515625,-0.0002278862593811949,0.0003166473134115081,64
response_mean,16,13,1.9789699308600596e-05,0.044618784322612785,0.044618784322612785,0.515625,8.398558929911893e-05,-4.4406190681917746e-05,64
post_selector,23,21,0.0001167215777968488,0.04456970202949255,0.04456970202949255,0.546875,0.0003269461376476095,-9.350298205391193e-05,64
public_task_span,21,15,-1.1675586620184909e-05,-0.04456374709165132,0.04456374709165132,0.5,-1.1975122561125948e-05,-1.1376050679243877e-05,64
final_prompt,31,20,0.0001903091542771993,0.04453977298461222,0.04453977298461222,0.5625,0.0009466705159866284,-0.0005660522074322298,64
public_task_span,11,21,-7.920049114318317e-07,-0.04445575650959438,0.04445575650959438,0.5,-5.541851152202071e-06,3.957841329338407e-06,64
response_first,32,6,3.3168708796431844e-05,0.044379261895062236,0.044379261895062236,0.5625,-5.551373578783106e-05,0.00012185115338069476,64
final_prompt,27,6,1.0781529908855872e-05,0.044346114931963325,0.044346114931963325,0.515625,2.668900015124151e-05,-5.125940333529752e-06,64
response_mean,23,19,-1.849231964002406e-06,-0.04434030801112403,0.04434030801112403,0.5,-2.8665474900451745e-06,-8.319164379596382e-07,64
final_prompt,20,16,3.287837941456724e-06,0.04417903229506825,0.04417903229506825,0.546875,-1.4648465985086947e-05,2.1224141868000395e-05,64
final_prompt,22,12,2.379847956031978e-06,0.044024693751561206,0.044024693751561206,0.5,-1.1535460885172543e-05,1.62951567972365e-05,64
final_prompt,19,8,3.056394348277192e-06,0.04400747088814119,0.04400747088814119,0.515625,8.220818415335675e-06,-2.108029718781294e-06,64
response_first,34,3,3.530734102241619e-05,0.0439829719159266,0.0439829719159266,0.515625,-0.00043149833254572327,0.0005021130145905556,64
response_first,31,5,2.2570914552487373e-05,0.043860926096936474,0.043860926096936474,0.484375,-0.00013142791090101847,0.0001765697400059932,64
public_task_span,21,17,-3.5779333302341575e-05,-0.043754833952680414,0.043754833952680414,0.46875,0.00048679332121534264,-0.0005583519878200258,64
post_selector,12,26,0.0002981848592753501,0.04373309169845365,0.04373309169845365,0.515625,0.00038186843448783134,0.00021450128406286858,64
response_first,28,9,4.673871114846664e-05,0.04370251453708353,0.04370251453708353,0.5,-0.0002746151899373151,0.0003680926122342484,64
response_mean,19,2,9.087131309115778e-05,0.04369088588881479,0.04369088588881479,0.53125,0.0003554573977453327,-0.0001737147715630173,64
response_first,31,30,5.1213807182642536e-05,0.04342695160212858,0.04342695160212858,0.5,-0.0007442124879162178,0.0008466401022815028,64
response_first,19,18,4.4979724123095366e-07,0.043340918483187926,0.043340918483187926,0.5,1.7355953687570036e-06,-8.360008862950963e-07,64
public_task_span,20,5,-1.453651657356591e-05,-0.04328585936109451,0.04328585936109451,0.484375,-0.00012838319730688725,9.931016415975546e-05,64
response_first,29,5,5.063506750957748e-05,0.04316113477712593,0.04316113477712593,0.515625,-0.0006846550422778426,0.0007859251772969975,64
public_task_span,18,14,3.7546977182495344e-05,0.043014829618527387,0.043014829618527387,0.515625,-4.858343982050623e-05,0.00012367739418549692,64
final_prompt,31,7,3.61326001438976e-05,0.04300098134480373,0.04300098134480373,0.546875,-8.902115041561391e-06,8.116731532935656e-05,64
response_first,23,5,3.979220423388962e-06,0.042973326737668814,0.042973326737668814,0.5,-3.308071222817794e-05,4.103915307495586e-05,64
public_task_span,21,3,-1.943123834281391e-06,-0.04297299527016581,0.04297299527016581,0.46875,4.188675120529688e-06,-8.074922789092471e-06,64
public_task_span,9,9,9.945382828391303e-07,0.042955737425562315,0.042955737425562315,0.53125,2.330706593056675e-06,-3.4163002737841495e-07,64
post_selector,3,12,0.0002762979133876859,0.04284746380655181,0.04284746380655181,0.46875,0.0009558423223552492,-0.0004032464955798778,64
response_first,11,23,-3.8304252658605254e-07,-0.04276015697831531,0.04276015697831531,0.484375,-9.933714668619587e-07,2.2728641368985341e-07,64
final_prompt,32,10,4.492750031204843e-05,0.0426401608675539,0.0426401608675539,0.5,-0.0002082377632177469,0.00029809276384184374,64
response_first,19,21,-1.0845962947313283e-05,-0.042361159372512204,0.042361159372512204,0.5,9.623003211344089e-05,-0.00011792195800806745,64
post_selector,15,4,6.47500582999742e-05,0.04229782236380291,0.04229782236380291,0.5,-2.6952593543695525e-05,0.0001564527101436439,64
response_mean,28,25,3.7748577028649864e-06,0.04200442664453665,0.04200442664453665,0.5,-1.8625667848928122e-05,2.6175383254658098e-05,64
post_selector,4,3,-0.0003219057689420905,-0.042002969994264894,0.042002969994264894,0.515625,-0.0003974081337219091,-0.0002464034041622719,64
response_mean,20,17,8.924542927957084e-05,0.04197875615998794,0.04197875615998794,0.5,-1.5206334438748427e-05,0.00019369719299789016,64
response_first,33,16,1.272016527309928e-05,0.041928573213633524,0.041928573213633524,0.5,-0.00018644568353916774,0.0002118860140853663,64
post_selector,20,4,0.0009130256657954329,0.04189237219515475,0.04189237219515475,0.5,-0.00034581479849293676,0.0021718661300838033,64
public_task_span,15,14,4.949376403831568e-06,0.04186029277499813,0.04186029277499813,0.515625,5.3647204310888076e-05,-4.3748451503224946e-05,64
response_mean,33,7,1.606721320967991e-05,0.041858690924731136,0.041858690924731136,0.515625,-0.00020499557695072415,0.00023713000337008397,64
response_mean,30,21,1.5985256425201791e-06,0.04169290784522262,0.04169290784522262,0.515625,-1.242540758994437e-05,1.562245887498473e-05,64
response_first,15,25,-5.133941129997767e-07,-0.04169205238035173,0.04169205238035173,0.484375,-2.3204578099011997e-06,1.2936695839016465e-06,64
final_prompt,28,21,2.17585084101271e-05,0.04165771729556673,0.04165771729556673,0.5,7.934712630230498e-05,-3.583010948205076e-05,64
final_prompt,34,21,0.00019982410594820686,0.04165195770665507,0.04165195770665507,0.546875,-0.0007414952597173376,0.001141143471613751,64
public_task_span,26,26,2.0088525388933837e-05,0.0416493229142623,0.0416493229142623,0.484375,-4.90268207613388e-05,8.920387153920647e-05,64
public_task_span,31,6,-4.0092922517940316e-05,-0.041620667753626064,0.041620667753626064,0.5,-0.0005628480421364464,0.0004826621971005657,64
public_task_span,13,5,-5.034622176936339e-06,-0.04157568168543502,0.04157568168543502,0.46875,2.9654325771834175e-05,-3.9723570125706864e-05,64
post_selector,21,4,2.6083557713716722e-05,0.041427946122314076,0.041427946122314076,0.578125,0.0001706220155028905,-0.00011845490007545704,64
final_prompt,29,31,4.967007498634436e-06,0.04132531696134094,0.04132531696134094,0.515625,2.4306530121953907e-06,7.503361985073484e-06,64
post_selector,11,12,0.00018894426830229694,0.04131050729833004,0.04131050729833004,0.515625,-4.129929220652819e-05,0.000419187828811122,64
response_first,25,28,8.789104413153393e-06,0.041274765152161864,0.041274765152161864,0.53125,-6.36252048025139e-05,8.120341362882068e-05,64
response_mean,33,24,1.1920638144147294e-05,0.041219243711714294,0.041219243711714294,0.515625,5.165651236892827e-05,-2.7815236080633677e-05,64
public_task_span,18,15,2.4882779769090047e-05,0.04119646002663853,0.04119646002663853,0.53125,-0.0001248717323960439,0.000174637291934224,64
public_task_span,20,19,5.789211968476371e-05,0.04118384763245925,0.04118384763245925,0.515625,-3.842849673675537e-05,0.00015421273610628276,64
final_prompt,29,0,0.0001633317751839045,0.04097607599729484,0.04097607599729484,0.5,-0.001193051499285494,0.0015197150496533032,64
response_mean,34,29,1.4324084986580846e-05,0.040972880676470314,0.040972880676470314,0.546875,-0.00016697972864674932,0.00019562789861991102,64
public_task_span,25,10,-5.0936542493214455e-05,-0.04082578738551077,0.04082578738551077,0.453125,-0.0006864688364202969,0.0005845957514338681,64
final_prompt,33,12,9.91653396340409e-05,0.040705704614359337,0.040705704614359337,0.546875,0.0004905198456981298,-0.000292189166430048,64
post_selector,23,14,4.3712903789121855e-05,0.04063898158798091,0.04063898158798091,0.546875,0.0003238142326153844,-0.00023638842503714066,64
response_first,25,20,4.06404986108555e-07,0.04057935322625549,0.04057935322625549,0.5625,3.810083086364102e-06,-2.997273114146992e-06,64
final_prompt,25,19,-1.0541779431605391e-06,-0.040479567868433625,0.040479567868433625,0.484375,-3.132153949536587e-06,1.0237980632155086e-06,64
response_first,10,19,4.142173452235272e-06,0.040272194001520566,0.040272194001520566,0.53125,9.642927579987321e-06,-1.3585806755167785e-06,64
final_prompt,34,31,1.647033951712955e-05,0.04026613817398543,0.04026613817398543,0.515625,-0.00012366471821677303,0.00015660539725103213,64
final_prompt,21,5,9.835465220924216e-06,0.040255968882770096,0.040255968882770096,0.5,2.6032182631752844e-05,-6.361252189904407e-06,64
response_first,10,2,-2.6199426201836407e-06,-0.04025533332605881,0.04025533332605881,0.5,-3.0872445222477374e-05,2.563255998211009e-05,64
post_selector,1,20,-0.0003015917682205344,-0.04017325916898168,0.04017325916898168,0.5,0.002935376774985325,-0.003538560311426394,64
post_selector,0,4,0.0004464375488168999,0.04016735504407721,0.04016735504407721,0.5,0.0012369772593956406,-0.00034410216176184057,64
final_prompt,19,3,3.1710210805615836e-05,0.040107382400313404,0.040107382400313404,0.515625,0.00014956494874241157,-8.614452713117995e-05,64
response_mean,34,6,1.0590066608529341e-05,0.04008064955404309,0.04008064955404309,0.515625,-0.0001307039563016411,0.0001518840895186998,64
response_mean,24,21,3.164393706356532e-05,0.04005232633741833,0.04005232633741833,0.515625,-0.00035517627338775294,0.0004184641475148835,64
post_selector,19,5,-2.5848204131755482e-05,-0.04003799315291473,0.04003799315291473,0.5,4.4239806811685584e-05,-9.593621507519654e-05,64
response_mean,17,30,1.7917814716377427e-06,0.03998088388775662,0.03998088388775662,0.53125,2.953481725866442e-07,3.288214770688841e-06,64
post_selector,5,14,-0.00017515558010927607,-0.039940569329341605,0.039940569329341605,0.46875,-0.0002185523972002511,-0.00013175876301830126,64
response_first,21,26,1.6594181895258723e-06,0.03991248553254269,0.03991248553254269,0.53125,-1.6358488368330647e-06,4.954685215884809e-06,64
final_prompt,21,13,1.0754250297391468e-05,0.03988730722171086,0.03988730722171086,0.5,-5.811524079035251e-05,7.962374138513546e-05,64
post_selector,27,1,7.033423025858905e-05,0.0398637834466476,0.0398637834466476,0.5,-8.877333129931875e-05,0.00022944179181649682,64
response_first,10,15,2.0388789153005108e-05,0.03979856125945214,0.03979856125945214,0.484375,3.5714686873691155e-05,5.062891432319078e-06,64
public_task_span,19,25,1.2912487136417407e-05,0.03975006590063372,0.03975006590063372,0.5,-0.00012019564007912997,0.0001460206143519648,64
response_first,31,15,1.6565563640824418e-05,0.039746421299964266,0.039746421299964266,0.53125,-0.00019124374330202443,0.00022437487058367327,64
final_prompt,27,31,5.040413270761901e-05,0.039681298508510585,0.039681298508510585,0.546875,-0.00021842231126356737,0.0003192305766788054,64
response_mean,29,31,1.8776513215354501e-06,0.03967958554273255,0.03967958554273255,0.5,3.5867396661601888e-06,1.685629769107111e-07,64
response_mean,16,15,-1.8373240891370546e-05,-0.039674836179207564,0.039674836179207564,0.484375,0.00010462895079399055,-0.00014137543257673166,64
response_mean,35,1,-9.84204461929039e-07,-0.03965292539843019,0.03965292539843019,0.484375,9.72545990407525e-07,-2.940954914265603e-06,64
public_task_span,24,19,-5.310743677000165e-05,-0.0396355324919856,0.0396355324919856,0.484375,-0.00033884203776323075,0.00023262716422322747,64
response_mean,28,22,-1.6174506981774783e-05,-0.03955727560867184,0.03955727560867184,0.484375,-0.00019359109137438978,0.0001612420774108402,64
post_selector,2,12,0.000113886909275601,0.03953599030264865,0.03953599030264865,0.515625,-0.0009099864437302906,0.0011377602622814928,64
response_first,29,12,9.893971616747817e-05,0.039500571914818254,0.039500571914818254,0.53125,4.411679515216267e-05,0.00015376263718279367,64
post_selector,5,18,0.00030702518142788904,0.039493262160555855,0.039493262160555855,0.5,0.0009122695591940941,-0.0002982191963383157,64
response_first,16,15,-9.335589766123782e-06,-0.03945520328753676,0.03945520328753676,0.484375,-4.809235360880767e-05,2.9421174076560114e-05,64
response_mean,22,27,-5.132581435418613e-07,-0.039447219894494234,0.039447219894494234,0.53125,-4.714121828897078e-06,3.6876055418133546e-06,64
post_selector,35,29,-0.00010150553316634081,-0.03942624088962424,0.03942624088962424,0.421875,0.0006579342589247812,-0.000860945325257463,64
response_mean,17,28,1.4581238758634361e-06,0.039372629510101405,0.039372629510101405,0.515625,1.431923131178515e-05,-1.1402983560058279e-05,64
final_prompt,25,2,-5.23317332579154e-07,-0.03931954036983219,0.03931954036983219,0.5,-2.300116378251005e-06,1.2534817130926967e-06,64
final_prompt,22,3,1.1015756626868007e-05,0.039315573636353546,0.039315573636353546,0.515625,0.00011571186769285801,-9.3680354439122e-05,64
final_prompt,25,22,2.24130755555085e-06,0.03927662106943525,0.03927662106943525,0.5,1.4870380994123737e-05,-1.0387765883022035e-05,64
public_task_span,13,4,-5.134510672628225e-06,-0.03924631770957022,0.03924631770957022,0.484375,-5.7444237540935775e-05,4.7175216195679335e-05,64
public_task_span,18,9,1.3623987797470052e-05,0.039241533104402204,0.039241533104402204,0.5,7.2582079155822905e-06,1.9989767679357808e-05,64
final_prompt,29,23,6.494106088439366e-07,0.03921166006193912,0.03921166006193912,0.515625,-2.942973594599607e-06,4.2417948122874805e-06,64
post_selector,34,4,1.439151060367626e-05,0.039209186216167376,0.039209186216167376,0.484375,-0.00011949491590711382,0.00014827793711446634,64
public_task_span,21,26,2.021613144619857e-05,0.039185192763246314,0.039185192763246314,0.5,4.2082747484058484e-05,-1.650484591661333e-06,64
post_selector,12,25,5.741396535974275e-08,0.03918054127640828,0.03918054127640828,0.515625,4.931910284611263e-07,-3.783630977416408e-07,64
response_first,27,30,9.928881581797818e-06,0.039152531239021855,0.039152531239021855,0.5,9.740314453665143e-06,1.0117448709930494e-05,64
final_prompt,30,25,2.0221886074972382e-05,0.039129322405460305,0.039129322405460305,0.515625,-5.6961756399683515e-05,9.740552854962829e-05,64
response_mean,26,8,4.1272703299455316e-07,0.03908839663109561,0.03908839663109561,0.5,-5.986527895629479e-08,8.853193449454009e-07,64
post_selector,2,6,0.0003663994357339111,0.03898048668078754,0.03898048668078754,0.484375,-0.0017488974262960314,0.002481696297763853,64
response_first,34,28,2.8435207809707777e-05,0.038850441019816384,0.038850441019816384,0.515625,-0.0003784594525768469,0.0004353298681962625,64
final_prompt,31,10,8.381968200407305e-06,0.03884281254602017,0.03884281254602017,0.515625,-4.059259390487596e-05,5.735653030569057e-05,64
final_prompt,30,29,-1.1485666107091674e-06,-0.03882436278579995,0.03882436278579995,0.46875,1.043191559801926e-06,-3.3403247812202608e-06,64
response_mean,24,28,5.122229549670025e-05,0.03876006126618284,0.03876006126618284,0.5,-0.0006835944741396708,0.0007860390651330714,64
post_selector,20,26,-8.265036854026903e-06,-0.03872077497768027,0.03872077497768027,0.484375,8.819697995935412e-06,-2.5349771703989218e-05,64
response_mean,16,11,4.276252184348127e-06,0.03870614294936715,0.03870614294936715,0.5,-2.300218648087813e-05,3.155469084957439e-05,64
response_mean,35,23,5.6293043598999964e-05,0.038672878809466314,0.038672878809466314,0.5,-0.0001469162489229344,0.00025950233612093436,64
post_selector,31,18,2.4894873945416404e-05,0.0386471109227731,0.0386471109227731,0.5,-5.9517157751540624e-05,0.00010930690564237343,64
response_first,9,26,-2.798794554336161e-06,-0.03857760765171943,0.03857760765171943,0.5,-5.527616167458544e-06,-6.997294121377858e-08,64
final_prompt,35,22,4.7223649744410434e-05,0.03854429882532642,0.03854429882532642,0.53125,-3.55540469172312e-05,0.00013000134640605207,64
response_first,33,12,2.7455158488009148e-05,0.03848236689374119,0.03848236689374119,0.515625,-0.00022808721723776274,0.00028299753421378107,64
response_mean,35,21,-1.825732397264488e-05,-0.038476738531274424,0.038476738531274424,0.5,-0.00010549861553953296,6.89839675942432e-05,64
public_task_span,11,0,-0.00012480829536798256,-0.038436666373365125,0.038436666373365125,0.46875,-0.0008056917067733437,0.0005560751160373785,64
response_mean,19,1,0.00012444903268260939,0.03835968272977707,0.03835968272977707,0.5,3.332292908454377e-05,0.00021557513628067486,64
post_selector,8,0,2.75179090749543e-05,0.038253698850499195,0.038253698850499195,0.53125,7.646518770343281e-05,-2.1429369553524197e-05,64
post_selector,3,5,-0.00041379782259376766,-0.03824670418839181,0.03824670418839181,0.546875,-1.4850663845322797e-05,-0.0008127449813422125,64
post_selector,35,15,-0.00019662852719192652,-0.038195435650933,0.038195435650933,0.453125,-0.0005596851697191501,0.0001664281153352969,64
final_prompt,31,12,1.19716100925893e-05,0.038185853827201084,0.038185853827201084,0.5,6.599037305932145e-05,-4.204715287414287e-05,64
public_task_span,7,24,-4.47031197836324e-06,-0.03811669277046179,0.03811669277046179,0.5,9.022260428533596e-06,-1.796288438526008e-05,64
public_task_span,8,2,-4.05129202362974e-06,-0.03788553162867586,0.03788553162867586,0.484375,9.454265523350319e-06,-1.7556849570609798e-05,64
public_task_span,19,22,-1.6450549537695873e-05,-0.03788287746771798,0.03788287746771798,0.5,2.4536885575795052e-05,-5.743798465118681e-05,64
response_mean,31,21,9.515095484857738e-07,0.0378223866190887,0.0378223866190887,0.5,-7.952246448894584e-06,9.855265545866132e-06,64
response_first,17,3,4.0829063436823496e-06,0.03780426943581422,0.03780426943581422,0.5,2.3284779160797072e-05,-1.511896647343237e-05,64
public_task_span,15,26,-5.582934932135688e-07,-0.03776680718492521,0.03776680718492521,0.484375,-4.955026639663629e-06,3.838439653236492e-06,64
response_first,30,26,2.3000340405578252e-06,0.03774804042285162,0.03774804042285162,0.53125,-1.57975580066212e-05,2.039762608773685e-05,64
final_prompt,26,29,4.2761839267765974e-05,0.03770867112830204,0.03770867112830204,0.515625,-0.00010148617707272345,0.0001870098556082554,64
public_task_span,23,12,-1.595397083064791e-05,-0.037705956124745914,0.037705956124745914,0.484375,3.990555842393114e-05,-7.181350008522697e-05,64
final_prompt,20,24,-9.746078433181535e-08,-0.037694203284982596,0.037694203284982596,0.5,-2.2624313089636416e-07,3.132156223273344e-08,64
public_task_span,33,30,-3.403443224669755e-05,-0.03767438789795946,0.03767438789795946,0.5,-0.0005172472128833508,0.0004491783483899557,64
response_mean,29,27,5.3425462965611835e-05,0.03765744438529398,0.03765744438529398,0.546875,-0.00046500634789479827,0.0005718572738260219,64
final_prompt,24,3,1.119495770752328e-06,0.037595511913963924,0.037595511913963924,0.5,8.005782646593142e-06,-5.766791105088487e-06,64
response_first,15,5,2.036809075889351e-05,0.037595156332466954,0.037595156332466954,0.515625,-9.004732260109163e-05,0.00013078350411887862,64
final_prompt,23,15,8.15010741206343e-06,0.037577852270219224,0.037577852270219224,0.5,-6.319675570053604e-05,7.94969705246629e-05,64
response_mean,22,28,-3.7575620694952404e-06,-0.03757637961540103,0.03757637961540103,0.484375,-4.613673638685993e-05,3.862161224786945e-05,64
public_task_span,11,28,-5.912405924846097e-07,-0.037556826447709295,0.037556826447709295,0.5,-7.34680511982333e-07,-4.4780067298688664e-07,64
response_first,23,7,2.78042841728243e-06,0.03740734612274094,0.03740734612274094,0.53125,4.989803983334132e-06,5.710528512307306e-07,64
response_mean,20,30,0.00015873094844210534,0.037401661673971784,0.037401661673971784,0.5,-0.0009686511148174676,0.001286113011701678,64
final_prompt,34,26,3.7202107705519007e-06,0.03733243444846268,0.03733243444846268,0.484375,3.256075615353975e-05,-2.512033461243595e-05,64
post_selector,13,26,0.0001528643315396001,0.037318107348327086,0.037318107348327086,0.5,-8.93519390956561e-05,0.0003950806021748563,64
response_first,26,14,5.427467357323524e-06,0.037268894820764384,0.037268894820764384,0.5,-7.316871858618307e-05,8.402365330083012e-05,64
response_mean,32,17,-2.719121027892536e-06,-0.03724306503390797,0.03724306503390797,0.53125,-3.7492577121147014e-05,3.2054335065361946e-05,64
final_prompt,20,20,3.180419469120063e-06,0.03723502483263966,0.03723502483263966,0.5,-2.06032623282119e-05,2.6964101266452026e-05,64
response_mean,19,8,1.0161046816391141e-05,0.0372266919029139,0.0372266919029139,0.5,-1.239128323501176e-06,2.1561221956283464e-05,64
post_selector,2,17,-0.00020163054432487972,-0.03720160373891654,0.03720160373891654,0.5625,-0.0008052226912696032,0.00040196160261984367,64
response_mean,17,14,-6.326793325681401e-06,-0.037159297720737075,0.037159297720737075,0.484375,-2.7343211314700288e-05,1.468962466333749e-05,64
public_task_span,12,11,-3.5757458363151366e-05,-0.037015654070987954,0.037015654070987954,0.46875,-0.00020678002283602498,0.0001352651061097222,64
public_task_span,19,27,2.200179729073161e-06,0.03696108411786717,0.03696108411786717,0.5,-1.917822869046248e-05,2.3578588148608805e-05,64
post_selector,34,16,3.760974323085533e-05,0.036916801189147086,0.036916801189147086,0.546875,-0.0006822660034231072,0.0007574854898848178,64
post_selector,22,16,0.00016625044372631077,0.03685582147215655,0.03685582147215655,0.515625,-0.0002120798017131187,0.00054458068916574,64
final_prompt,20,5,-3.1368200552626367e-06,-0.03680390373110987,0.03680390373110987,0.46875,-1.3896232530905369e-05,7.6225924203800956e-06,64
post_selector,3,7,0.0003204693960014986,0.03679067412565898,0.03679067412565898,0.578125,0.0011328919513289165,-0.0004919531593259192,64
response_first,31,6,9.051681047365383e-06,0.03672180207824647,0.03672180207824647,0.53125,-0.00011941042521355036,0.00013751378730828115,64
post_selector,35,12,-0.00012813932698918387,-0.03669363678153942,0.03669363678153942,0.5,-0.00138072710251434,0.001124448448535972,64
response_mean,19,26,2.7097889073961223e-05,0.03664680927328855,0.03664680927328855,0.53125,-2.762677809185416e-05,8.182255623977663e-05,64
post_selector,11,21,2.329376115996883e-06,0.03661331889377703,0.03661331889377703,0.609375,7.33434129074316e-06,-2.6755890587493922e-06,64
response_first,19,1,3.181256197137352e-06,0.03656488422889446,0.03656488422889446,0.515625,-5.333991623504477e-06,1.1696504017779182e-05,64
final_prompt,21,24,1.7593945386798823e-05,0.03655520011484551,0.03655520011484551,0.515625,-8.190370590454951e-05,0.00011709159667814714,64
response_mean,19,18,1.2928403663181598e-06,0.036484858219696416,0.036484858219696416,0.5,-1.6132302107507712e-06,4.198910943387091e-06,64
response_mean,15,12,8.275756090369745e-05,0.03639230108275783,0.03639230108275783,0.53125,0.0010497326920812845,-0.0008842175702738896,64
response_mean,28,27,1.3478133809030624e-06,0.036389234788381214,0.036389234788381214,0.5,8.837480436341139e-08,2.6072519574427133e-06,64
public_task_span,24,5,-3.943302971267063e-06,-0.03636595955722948,0.03636595955722948,0.484375,-4.544743870837218e-05,3.756083276583806e-05,64
public_task_span,17,19,3.41722361554332e-05,0.03631086384693084,0.03631086384693084,0.5,0.000296902895570375,-0.00022855842325950862,64
post_selector,5,21,0.0003445170195846012,0.0362407730462157,0.0362407730462157,0.5,0.0010283482479280747,-0.0003393142087588719,64
public_task_span,35,24,1.5623119907102418e-05,0.03612515915340301,0.03612515915340301,0.5,-5.4541955250895405e-05,8.578819506510023e-05,64
response_first,16,13,4.349971050032062e-06,0.03612068129397582,0.03612068129397582,0.53125,-2.3582133508149135e-06,1.1058155450879038e-05,64
final_prompt,19,31,1.798734353997305e-05,0.036100757164894116,0.036100757164894116,0.53125,2.5839431827998128e-05,1.0135255251947956e-05,64
response_mean,28,14,3.7317760188700507e-06,0.03605581386882226,0.03605581386882226,0.5625,-8.592816129752544e-07,8.322833650715355e-06,64
public_task_span,8,6,-1.9074959709540415e-05,-0.03589079059547942,0.03589079059547942,0.5,-0.00012523267378126938,8.708275436218859e-05,64
response_first,33,28,2.1241088234092865e-05,0.03588277206799944,0.03588277206799944,0.515625,-0.00030710947066834443,0.00034959164713653024,64
final_prompt,28,30,-2.719728058762213e-06,-0.03588169301795095,0.03588169301795095,0.515625,2.0156374830542833e-05,-2.559583094806726e-05,64
public_task_span,11,30,-6.537170406774211e-06,-0.035840103869176236,0.035840103869176236,0.5,-4.1927186316563015e-05,2.8852845503014587e-05,64
public_task_span,31,3,-7.470332275260889e-05,-0.035714702476687926,0.035714702476687926,0.484375,-0.0006653157906839435,0.0005159091451787258,64
post_selector,26,2,0.00014503496095131545,0.035695671962769626,0.035695671962769626,0.421875,0.000547927989828174,-0.00025785806792554336,64
public_task_span,17,15,1.1140556921420225e-05,0.035661031779366005,0.035661031779366005,0.515625,5.5311020560118596e-05,-3.302990671727814e-05,64
final_prompt,20,7,1.1270566204767465e-06,0.03560209694066705,0.03560209694066705,0.546875,-3.739468127147889e-06,5.993581368101382e-06,64
post_selector,1,10,0.0001260586068383471,0.03557861945860838,0.03557861945860838,0.453125,-0.0006822367286076625,0.0009343539422843566,64
final_prompt,1,31,4.3381849437198854e-05,0.03551284242742902,0.03551284242742902,0.5,-0.0005192880672666266,0.0006060517661410242,64
post_selector,34,8,-0.00010433203351567193,-0.03546225161864469,0.03546225161864469,0.5,-0.0014812173685640813,0.0012725533015327374,64
response_first,22,0,4.46994670255339e-06,0.03543651591826841,0.03543651591826841,0.515625,1.602237534824907e-05,-7.082481943142291e-06,64
final_prompt,28,6,4.931518742522486e-05,0.03543249561899183,0.03543249561899183,0.515625,0.0003546260541042735,-0.0002559956792538238,64
response_mean,29,29,6.18683841935308e-07,0.035420169716596325,0.035420169716596325,0.5,3.4372535253623937e-06,-2.1998858414917777e-06,64
final_prompt,19,10,1.3468892575474136e-05,0.035397228999975446,0.035397228999975446,0.546875,7.50864392102788e-05,-4.814865405933053e-05,64
response_mean,20,23,3.001661622192761e-05,0.035392327798319766,0.035392327798319766,0.515625,-0.00031320239224895906,0.00037323562469281427,64
response_first,20,30,3.1330653555949173e-06,0.03539017074234917,0.03539017074234917,0.5,2.6378576052311528e-06,3.6282731059586844e-06,64
public_task_span,17,4,1.4012900919628103e-05,0.03534185577867183,0.03534185577867183,0.5,6.570831828867912e-06,2.14549700103883e-05,64
final_prompt,24,7,5.42391062197256e-06,0.03530165335824672,0.03530165335824672,0.65625,-1.1838044372323304e-05,2.2685865616268426e-05,64
post_selector,2,28,0.000360900648956889,0.03527336507544295,0.03527336507544295,0.5,0.0004317010825616406,0.0002901002153521372,64
response_first,22,8,4.06396554808558e-06,0.0352728871441155,0.0352728871441155,0.515625,-1.0867032983693875e-05,1.8994964079865034e-05,64
post_selector,8,25,2.5741102945166487e-05,0.03523033400705386,0.03523033400705386,0.578125,-1.765357592377324e-05,6.913578181410622e-05,64
public_task_span,8,9,-2.9962218377498975e-06,-0.03512956862561538,0.03512956862561538,0.484375,2.3419369881585508e-05,-2.94118135570853e-05,64
response_first,28,14,1.7421491236292045e-06,0.03507954775779409,0.03507954775779409,0.5,2.4184345761583122e-06,1.0658636711000967e-06,64
response_first,21,11,3.547334825881876e-07,0.03505981563586697,0.03505981563586697,0.515625,-3.4647384934416436e-06,4.174205458618019e-06,64
final_prompt,22,2,9.430497016182923e-06,0.03505099787809949,0.03505099787809949,0.515625,-9.503721230423266e-06,2.83647152627891e-05,64
post_selector,35,5,0.00012068243449902969,0.0349068099126057,0.0349068099126057,0.5,0.0002578083331172717,-1.6443464119212482e-05,64
response_mean,20,10,2.818968195006322e-05,0.034847526886529354,0.034847526886529354,0.515625,-3.738083509130765e-05,9.376019899143413e-05,64
public_task_span,17,5,2.889388417770702e-05,0.03483660632441378,0.03483660632441378,0.515625,0.00011283133085269815,-5.5043562497284124e-05,64
response_first,12,15,-6.909745010828995e-06,-0.03483389496024189,0.03483389496024189,0.5,1.756708030597725e-05,-3.1386570327635244e-05,64
final_prompt,32,21,-6.821623799169174e-07,-0.03476951335558396,0.03476951335558396,0.484375,-2.376652247448874e-06,1.012327487615039e-06,64
final_prompt,34,14,-1.8713314602791533e-05,-0.0347625768313925,0.0347625768313925,0.484375,-0.00014066137737244323,0.00010323474816686015,64
response_mean,31,9,2.9008631827303073e-05,0.034599423531868526,0.034599423531868526,0.53125,-0.0005162662955626434,0.0005742835592172495,64
response_mean,25,15,7.440974968630786e-06,0.034593847020373915,0.034593847020373915,0.515625,7.911213151599406e-05,-6.423018157873249e-05,64
response_mean,14,28,-3.903783408529528e-06,-0.03452292138856588,0.03452292138856588,0.5,-7.812652711431952e-06,5.085894372893585e-09,64
response_first,16,20,-8.959851882650582e-07,-0.034505069468087554,0.034505069468087554,0.5,1.028491553256572e-06,-2.8204619297866884e-06,64
response_mean,20,2,3.468109923687659e-05,0.03448424026606594,0.03448424026606594,0.5,6.596352318410104e-05,3.3986752896521423e-06,64
post_selector,11,10,-5.070177235211515e-05,-0.034469352382909615,0.034469352382909615,0.5,0.0001214446026551752,-0.00022284814735940554,64
post_selector,0,6,-0.0004659094411181297,-0.03442898402282574,0.03442898402282574,0.5,-0.0010390229581389654,0.00010720407590270666,64
public_task_span,21,7,9.055266900756884e-07,0.034407046364718676,0.034407046364718676,0.5,1.7513619923188046e-06,5.969138783257254e-08,64
response_mean,30,29,-5.305899861696162e-07,-0.034305531376897756,0.034305531376897756,0.453125,9.573205659307857e-07,-2.0185005382700183e-06,64
public_task_span,21,28,3.4746185519902957e-05,0.034245395948963364,0.034245395948963364,0.5,-0.00017145765559689944,0.00024095002663670538,64
response_first,10,25,-5.250827623815013e-07,-0.03417000735840219,0.03417000735840219,0.5,-4.5793425518247943e-07,-5.92231269580523e-07,64
response_first,17,19,3.657183071935298e-06,0.03411487660039986,0.03411487660039986,0.546875,-3.080605551984747e-05,3.812042166371806e-05,64
response_first,34,4,9.385321391163983e-06,0.03399621407348813,0.03399621407348813,0.5,-0.00011244465258640376,0.0001312152953687317,64
response_mean,35,6,2.796367368773515e-06,0.033974191048788877,0.033974191048788877,0.5,3.4602938967481885e-06,2.1324408407988436e-06,64
response_mean,35,9,1.679081424299418e-05,0.03387447778973634,0.03387447778973634,0.5,-0.00011152601473439153,0.00014510764322037988,64
public_task_span,18,8,4.5567063807535765e-05,0.033853481283124674,0.033853481283124674,0.515625,7.40318068892446e-05,1.710232072582696e-05,64
public_task_span,23,6,-1.5939642139536054e-06,-0.033823684079414974,0.033823684079414974,0.484375,-1.256890584500074e-05,9.38097741709353e-06,64
public_task_span,29,6,-1.678113926573391e-05,-0.033818292622359164,0.033818292622359164,0.484375,-0.0003087822524321086,0.0002752199739006408,64
response_first,32,0,1.3975781257613752e-05,0.03380899691590084,0.03380899691590084,0.515625,-0.0002546367472859473,0.0002825883098011748,64
post_selector,3,16,-0.0004047102993354237,-0.03380756748897507,0.03380756748897507,0.46875,-0.0037004924961365716,0.002891071897465725,64
final_prompt,34,25,2.4369373363719875e-06,0.033767589848482576,0.033767589848482576,0.5,-7.253062165085611e-06,1.2126936837829588e-05,64
response_mean,23,21,1.2600049274167064e-05,0.03374352674911879,0.03374352674911879,0.5,-0.0001379734975444,0.0001631735960927341,64
final_prompt,32,0,4.816820182895546e-05,0.03365482272042638,0.03365482272042638,0.578125,-0.0002748035185504654,0.0003711399222083763,64
post_selector,0,0,0.0006527030491270188,0.03362083361281631,0.03362083361281631,0.5,-0.001968340657185756,0.003273746755439794,64
response_first,21,30,6.06010937076405e-06,0.03359822339577136,0.03359822339577136,0.5,-5.966903793818441e-05,7.17892566797125e-05,64
public_task_span,21,0,-9.266410359032307e-07,-0.03354491189608851,0.03354491189608851,0.46875,2.4351120373466983e-06,-4.28839410915316e-06,64
final_prompt,22,8,1.3276103345560696e-05,0.033524034747933945,0.033524034747933945,0.515625,-4.896687460130185e-05,7.551908129242324e-05,64
response_first,27,18,4.3665440443873237e-05,0.03351858619962454,0.03351858619962454,0.5,-0.0008444859663540807,0.0009318168472418271,64
public_task_span,11,4,-1.831967892940108e-05,-0.03351747220126406,0.03351747220126406,0.515625,3.6906053537658467e-06,-4.032996321256798e-05,64
post_selector,19,23,-0.00035274409310659995,-0.033516316279311946,0.033516316279311946,0.5,0.0007373233966063593,-0.0014428115828195591,64
response_mean,29,20,6.059855195417185e-07,0.03348580371436338,0.03348580371436338,0.484375,-8.623203768820531e-06,9.835174807903968e-06,64
post_selector,20,5,9.248004971595627e-05,0.03345493983587706,0.03345493983587706,0.515625,-0.0008601296140113843,0.0010450897134432968,64
public_task_span,35,27,2.7997455617876634e-05,0.03344140383435229,0.03344140383435229,0.5,-0.000206297685508602,0.0002622925967443552,64
post_selector,22,14,0.00012071144010405624,0.03339484493760974,0.03339484493760974,0.53125,-0.00047145034477580626,0.0007128732249839187,64
public_task_span,16,14,-4.927347708871093e-05,-0.03338226865864471,0.03338226865864471,0.5,-0.00031163173480308127,0.00021308478062565935,64
public_task_span,14,0,-2.0437022385522146e-07,-0.03338111326642956,0.03338111326642956,0.5,-1.6763062973268461e-06,1.2675658496164033e-06,64
public_task_span,33,14,-3.7582148706859374e-05,-0.03334099964354705,0.03334099964354705,0.515625,-0.0006723142323607769,0.0005971499349470582,64
public_task_span,20,13,1.806861814657123e-05,0.033333662642357376,0.033333662642357376,0.53125,-9.203600120598487e-05,0.00012817323749912733,64
response_first,29,31,3.423182874939812e-07,0.03332666395846978,0.03332666395846978,0.515625,-4.078418669450912e-08,7.254207616824715e-07,64
post_selector,6,26,-0.0001228931432706344,-0.03332054971580156,0.03332054971580156,0.453125,-0.00012188180699014689,-0.00012390447955112194,64
final_prompt,19,29,7.80343138728701e-06,0.0333004660599703,0.0333004660599703,0.5,-7.170305681824279e-05,8.730991959281681e-05,64
public_task_span,17,13,6.574746976182032e-06,0.033278531774182225,0.033278531774182225,0.5,6.301907910709475e-05,-4.986958515473069e-05,64
response_first,21,8,6.317920679067233e-06,0.033265797892549576,0.033265797892549576,0.53125,-3.627963616281319e-05,4.891547752094766e-05,64
post_selector,7,25,-4.082099803782189e-05,-0.03324846620800728,0.03324846620800728,0.5,-5.175537262403751e-05,-2.988662345160629e-05,64
final_prompt,35,10,9.41987468650004e-06,0.03318648618688333,0.03318648618688333,0.5,-7.797903799654888e-05,9.681878736954899e-05,64
final_prompt,19,1,1.5049264789008127e-05,0.033151728040178775,0.033151728040178775,0.546875,5.33930671053788e-05,-2.3294537527362523e-05,64
post_selector,2,30,0.00016708673138054716,0.03313124150871357,0.03313124150871357,0.515625,6.183386722114094e-05,0.0002723395955399532,64
post_selector,17,18,-4.688119315687992e-05,-0.03307546406506943,0.03307546406506943,0.46875,0.00047730801998111764,-0.0005710704062948774,64
response_first,28,27,2.029154956061405e-06,0.033051808710118306,0.033051808710118306,0.5,-3.5084813703201784e-06,7.566791282442989e-06,64
response_mean,19,22,1.4884554730088564e-05,0.03303215479581173,0.03303215479581173,0.53125,5.7248411394537155e-05,-2.7479301934360027e-05,64
response_first,28,20,8.905997219699202e-07,0.033028195591570865,0.033028195591570865,0.484375,-3.8098997379165667e-06,5.591099181856407e-06,64
response_mean,35,2,-2.550109684303836e-06,-0.033016227988195666,0.033016227988195666,0.5,-8.884726412324955e-07,-4.211746727375179e-06,64
response_first,9,24,5.358462431104217e-06,0.0329950355903414,0.0329950355903414,0.515625,-2.5398308025615942e-06,1.325675566477003e-05,64
response_first,35,13,9.483163921681273e-06,0.03299088346486139,0.03299088346486139,0.5,0.00012056753621435157,-0.00010160120837098902,64
post_selector,14,25,-3.0036491807554854e-05,-0.032987868573896066,0.032987868573896066,0.546875,9.023294751385728e-05,-0.00015030593112896692,64
final_prompt,25,3,-7.271787154650156e-07,-0.0329751116417273,0.0329751116417273,0.484375,-7.246502207181036e-07,-7.297072102119273e-07,64
post_selector,6,1,-0.00013466178461385195,-0.03289292212968124,0.03289292212968124,0.453125,-0.001201959821628406,0.0009326362524007019,64
response_first,10,4,-1.792203374862119e-05,-0.032849551369675205,0.032849551369675205,0.515625,-0.00018619810407471618,0.0001503540365774738,64
final_prompt,32,23,-2.0886383822456814e-06,-0.03272233696480179,0.03272233696480179,0.5,7.955457704160987e-06,-1.2132734468652348e-05,64
public_task_span,12,12,-1.272927818262755e-05,-0.03271940233035045,0.03271940233035045,0.484375,0.0001357722948114271,-0.0001612308511766822,64
post_selector,12,16,-0.0001588764462212563,-0.032669006136663,0.032669006136663,0.5,0.0003938302543247123,-0.0007115831467672249,64
response_first,32,8,1.7060629943446015e-05,0.03260035867511081,0.03260035867511081,0.515625,-0.00028227137045175863,0.00031639263033865066,64
response_mean,20,3,-6.38529577372506e-05,-0.03258845506475774,0.03258845506475774,0.484375,0.0010128230310328633,-0.0011405289465073643,64
final_prompt,31,6,4.7372885092047634e-05,0.03253661319710943,0.03253661319710943,0.515625,-0.0004081155038875269,0.0005028612740716221,64
response_first,22,10,9.402390404034122e-07,0.03248215681308264,0.03248215681308264,0.515625,8.391006929286959e-07,1.0413773878781283e-06,64
public_task_span,33,17,-3.778440441237642e-05,-0.03242914163649514,0.03242914163649514,0.5,-0.0006357020938594067,0.000560133285034654,64
public_task_span,20,8,2.467181275278603e-05,0.03241637494770213,0.03241637494770213,0.515625,-0.0001666328831788534,0.0002159765086844255,64
public_task_span,22,0,-1.8829372720568417e-05,-0.03228411482992194,0.03228411482992194,0.46875,1.866107095338425e-05,-5.631981639452108e-05,64
final_prompt,33,21,1.2004426025660515e-05,0.03220664871814407,0.03220664871814407,0.515625,-7.340506635955898e-05,9.741391841088e-05,64
public_task_span,33,28,-1.711568393148162e-05,-0.03220448912248626,0.03220448912248626,0.5,-0.00027893393962584066,0.00024470257176287746,64
public_task_span,21,2,-3.66063295586718e-06,-0.03212191486916474,0.03212191486916474,0.5,7.82109191277269e-06,-1.514235782450705e-05,64
final_prompt,33,29,1.9544389488146414e-05,0.03211184470440923,0.03211184470440923,0.515625,-6.337915147014463e-05,0.00010246793044643747,64
response_first,34,17,-2.670288495210307e-05,-0.032090066418853314,0.032090066418853314,0.5,-0.0005234524733168381,0.000470046703412632,64
response_first,28,12,2.5318989401054525e-05,0.03205563814885327,0.03205563814885327,0.5,-5.645296710098863e-05,0.00010709094590309768,64
public_task_span,26,24,5.718517854799175e-06,0.03198300929746087,0.03198300929746087,0.5,6.477721103690718e-05,-5.3340175327308824e-05,64
final_prompt,28,31,-1.632689844655033e-06,-0.03197891268930438,0.03197891268930438,0.5,4.145588945903e-06,-7.410968635213067e-06,64
response_mean,22,13,5.600177928494542e-06,0.03194459278450214,0.03194459278450214,0.53125,-6.089794578655638e-05,7.209830164354547e-05,64
final_prompt,29,20,1.2721851305748282e-06,0.031907132430268485,0.031907132430268485,0.5,-1.0072615566509086e-05,1.2616985827658743e-05,64
final_prompt,29,30,-5.354418686209786e-08,-0.031875051174864506,0.031875051174864506,0.5,-2.195654840164707e-07,1.1247711029227498e-07,64
final_prompt,19,25,2.313489531500156e-06,0.031814078465849285,0.031814078465849285,0.5,-2.9708913132248296e-05,3.433589219524861e-05,64
post_selector,30,23,-3.726363729583745e-05,-0.03179823097649294,0.03179823097649294,0.484375,-0.0002821186717483156,0.00020759139715664072,64
final_prompt,23,1,3.1066604151436283e-06,0.03178818758158076,0.03178818758158076,0.53125,4.67633844891643e-05,-4.0550063658877035e-05,64
response_mean,19,15,3.6722083677886504e-05,0.03166626160473967,0.03166626160473967,0.53125,8.878902735886854e-05,-1.534486000309556e-05,64
final_prompt,32,18,-2.0595282990128815e-06,-0.03166193647640155,0.03166193647640155,0.5,-1.988006920327896e-05,1.57610126052532e-05,64
public_task_span,17,28,-3.219407687993216e-06,-0.03163484406705375,0.03163484406705375,0.5,3.013621028457063e-05,-3.657502566055706e-05,64
final_prompt,31,19,-7.929178991615534e-06,-0.03162587971537542,0.03162587971537542,0.46875,-6.000444000164137e-05,4.4146082018410313e-05,64
final_prompt,23,25,1.56441549279441e-05,0.03161780092260273,0.03161780092260273,0.515625,7.298868104043883e-05,-4.170037118455062e-05,64
final_prompt,32,28,-1.5153600543277998e-05,-0.03159731209678091,0.03159731209678091,0.5,9.852036041023513e-05,-0.0001288275614967911,64
public_task_span,17,30,-1.1219958651054183e-06,-0.031547917037399696,0.031547917037399696,0.5,1.3258049364139879e-05,-1.5502041094350716e-05,64
response_mean,20,26,1.9025314941242005e-05,0.03154036767969229,0.03154036767969229,0.5,-3.35109689331036e-06,4.140172677579435e-05,64
response_mean,34,24,2.0533842643988595e-06,0.03153177933018224,0.03153177933018224,0.515625,1.899020037398648e-05,-1.4883431845188759e-05,64
response_mean,17,2,8.912408191011969e-06,0.0314946816371379,0.0314946816371379,0.53125,2.2147712911646854e-05,-4.32289652962292e-06,64
post_selector,16,18,-0.0002089870540657985,-0.03148166989022443,0.03148166989022443,0.46875,-0.00011499371612445322,-0.00030298039200714376,64
response_first,29,7,6.777073258490998e-05,0.031469582857749576,0.031469582857749576,0.5,-0.0015559896937701863,0.0016915311589400066,64
response_mean,28,6,-2.1691398387709435e-05,-0.03143547865192813,0.03143547865192813,0.5,-4.489600723902277e-05,1.5132104636038681e-06,64
post_selector,1,5,-0.00028883016057079983,-0.03140943261183954,0.03140943261183954,0.5,0.00029122216801623726,-0.0008688824891578375,64
final_prompt,34,7,4.542151782516408e-05,0.031338080367864965,0.031338080367864965,0.5,-0.00010130698319699373,0.00019215001884732188,64
public_task_span,7,15,-1.4207409719801944e-06,-0.03126438661170828,0.03126438661170828,0.5,2.906632573740353e-06,-5.748114517700742e-06,64
final_prompt,20,9,3.1573664784894192e-06,0.0312308676271989,0.0312308676271989,0.53125,-2.294000125853843e-06,8.608733082832678e-06,64
public_task_span,16,25,-2.5358231141579028e-05,-0.031230289298034026,0.031230289298034026,0.5,1.822942431317914e-05,-6.894588659633721e-05,64
public_task_span,23,20,7.289038194355894e-06,0.03121048143419902,0.03121048143419902,0.53125,9.364013658339972e-05,-7.906206019468793e-05,64
response_first,33,4,4.802607008968647e-06,0.031183900397942284,0.031183900397942284,0.53125,-3.5305129131246884e-07,9.958265309249764e-06,64
public_task_span,33,31,-1.696397123395892e-05,-0.031177783586112787,0.031177783586112787,0.5,-0.00029719346912313103,0.00026326552665521325,64
final_prompt,30,1,4.087678178157399e-06,0.03117737502802268,0.03117737502802268,0.484375,-5.842126654442069e-05,6.659662290073549e-05,64
public_task_span,34,1,-4.098648696526605e-05,-0.031174880281751336,0.031174880281751336,0.5,-0.0005786503425042458,0.0004966773685737137,64
final_prompt,28,1,1.771883580658282e-05,0.03112591945866524,0.03112591945866524,0.5,-0.000231696706578075,0.0002671343781912406,64
response_first,16,10,6.489528736608463e-08,0.03106053961760667,0.03106053961760667,0.5,4.2520546372770696e-07,-2.954148889955377e-07,64
final_prompt,19,23,6.03359899287177e-06,0.030975893291121874,0.030975893291121874,0.5,9.66680950113942e-05,-8.460089702565067e-05,64
public_task_span,23,21,-1.2029618574154666e-05,-0.030971679710103082,0.030971679710103082,0.5,8.897518182492851e-05,-0.00011303441897323783,64
response_first,19,15,1.5850940542376132e-06,0.03091873667102408,0.03091873667102408,0.5,1.2000373942558183e-05,-8.830185834082957e-06,64
public_task_span,33,12,-2.9212843173800702e-05,-0.03067959556640339,0.03067959556640339,0.484375,-0.00045788543457089755,0.0003994597482232961,64
public_task_span,16,0,2.174664018638549e-05,0.03063070940025295,0.03063070940025295,0.515625,0.00033868090326901905,-0.00029518762289624807,64
response_first,31,28,1.5772255778752566e-05,0.030623925900722295,0.030623925900722295,0.515625,-0.000282943464071625,0.0003144879756291302,64
public_task_span,33,16,-3.728439060068964e-05,-0.030619032968026986,0.030619032968026986,0.46875,-0.0008090321907729716,0.0007344634095715924,64
final_prompt,22,31,0.00011490436372696406,0.03060069922879316,0.03060069922879316,0.5,-0.0005514230288099437,0.0007812317562638718,64
response_mean,19,11,1.2192786925881247e-05,0.030585651464527946,0.030585651464527946,0.5,-3.0222126042646877e-05,5.4607699894409377e-05,64
response_first,23,18,-3.963335473144981e-07,-0.030557282987015766,0.030557282987015766,0.5,-2.1233325071534637e-06,1.3306654125244677e-06,64
final_prompt,29,9,1.709679895612345e-05,0.030526990354108524,0.030526990354108524,0.5,-0.00018593265349409373,0.00022012625140634064,64
post_selector,5,16,3.70133200249139e-05,0.030526423295933875,0.030526423295933875,0.625,0.00015457092604264223,-8.05442859928143e-05,64
response_first,20,9,5.443872836963237e-07,0.030488510881566976,0.030488510881566976,0.5,-1.7221661465782745e-06,2.810940713970922e-06,64
post_selector,18,20,0.00018164703033107663,0.030472362597383004,0.030472362597383004,0.5,-0.0005715581901313343,0.0009348522507934874,64
public_task_span,11,8,-1.16485264243227e-05,-0.030452455992630956,0.030452455992630956,0.5,-0.00010296080790793462,7.966375505928921e-05,64
response_first,31,8,8.225661076717863e-06,0.03041118329907207,0.03041118329907207,0.5,-0.00015089116777742634,0.00016734248993086206,64
final_prompt,30,5,3.5439568080164463e-07,0.030404664540219933,0.030404664540219933,0.5,-1.8377349988440983e-06,2.5465263604473876e-06,64
public_task_span,29,11,-7.330752822547964e-06,-0.03039064782493891,0.03039064782493891,0.453125,-0.00011508955168435569,0.00010042804603925976,64
response_first,16,9,1.1417206451366517e-06,0.030347947820006885,0.030347947820006885,0.515625,5.295246410262187e-07,1.7539166492470846e-06,64
final_prompt,20,27,1.6755087926865626e-05,0.03031268068700529,0.03031268068700529,0.5,-1.9706519196918766e-05,5.3216695050649997e-05,64
response_mean,29,18,6.6132397478203285e-06,0.030291286490796755,0.030291286490796755,0.5,-0.00013096711404612197,0.00014419359354176265,64
post_selector,32,17,2.5875827304848467e-05,0.030267673526814882,0.030267673526814882,0.453125,-0.00018585592806629185,0.00023760758267598873,64
response_mean,15,9,5.913181561822923e-05,0.030264766145420476,0.030264766145420476,0.5,-0.00046374567568818054,0.0005820093069246391,64
response_first,19,28,5.107227451615552e-06,0.03025878513006117,0.03025878513006117,0.515625,4.1850913731870454e-05,-3.163645882863935e-05,64
final_prompt,31,26,1.8489586636863793e-05,0.030177020112795005,0.030177020112795005,0.5,-8.37251182019712e-05,0.00012070429147569879,64
response_first,16,11,5.086261580800054e-07,0.030165160635709596,0.030165160635709596,0.5,-3.1351649170119344e-06,4.1524172331719456e-06,64
response_first,31,31,9.238895700035751e-06,0.03013875551321894,0.03013875551321894,0.5,-0.00017025214913243993,0.0001887299405325114,64
post_selector,23,15,3.6149989341534304e-05,0.030122031990018155,0.030122031990018155,0.515625,0.0003375278956809607,-0.0002652279169978921,64
public_task_span,14,9,-3.2222763479755307e-06,-0.030107653840323583,0.030107653840323583,0.484375,1.9636070874175306e-05,-2.6080623570126366e-05,64
post_selector,7,17,1.5553039020232905e-05,0.03006600451347874,0.03006600451347874,0.5,6.096079050621172e-05,-2.98547124657459e-05,64
public_task_span,31,28,-2.193705881836396e-05,-0.030005890569969475,0.030005890569969475,0.484375,-0.0003567636404113559,0.000312889522774628,64
response_mean,18,7,-1.9728090848049317e-05,-0.02998078186466143,0.02998078186466143,0.515625,0.00010653129220371754,-0.00014598747389981618,64
final_prompt,35,12,4.077115409018005e-05,0.029970736339911448,0.029970736339911448,0.5,-0.000161479372763993,0.0002430216809443531,64
final_prompt,32,11,0.00011024702689609373,0.029961411654865357,0.029961411654865357,0.546875,0.0003524589119478939,-0.00013196485815570637,64
public_task_span,31,31,-1.1035177067242686e-05,-0.02991368099528565,0.02991368099528565,0.484375,-0.00019635455328168879,0.0001742841991472034,64
post_selector,5,24,0.00036046611421624653,0.02984062048558018,0.02984062048558018,0.5625,0.0012971781143278354,-0.0005762458858953425,64
response_mean,32,4,1.4090064723861682e-05,0.029826115984671234,0.029826115984671234,0.5,2.213313337053353e-05,6.046996077189822e-06,64
final_prompt,27,29,8.059990796028361e-05,0.029809516893101816,0.029809516893101816,0.5,-0.00082941725668205,0.0009906170726026171,64
response_first,30,24,2.142587874231432e-06,0.029807082777434754,0.029807082777434754,0.5,-4.9543680404433245e-05,5.382885615289611e-05,64
post_selector,8,17,8.049432472035311e-05,0.029801599247056304,0.029801599247056304,0.46875,-9.398507245349995e-05,0.0002549737218942062,64
public_task_span,28,3,-2.835408668033091e-05,-0.029798159486038128,0.029798159486038128,0.46875,-0.0004429157233971388,0.00038620755003647693,64
response_first,29,13,4.5635153718121415e-06,0.029793531426637303,0.029793531426637303,0.5,-4.851084839429179e-05,5.7637879137916075e-05,64
response_first,31,10,6.707902002741693e-06,0.029744142931798404,0.029744142931798404,0.5,-3.0661123219035496e-05,4.407692722451889e-05,64
public_task_span,20,3,2.2345234867769883e-05,0.029713142056407287,0.029713142056407287,0.515625,0.00010001875841681304,-5.5328288681273245e-05,64
response_mean,18,11,-9.52360627479721e-05,-0.029705278002857688,0.029705278002857688,0.5,0.002046968875220003,-0.002237441000715947,64
final_prompt,21,20,2.7391669391362133e-05,0.029698087081147732,0.029698087081147732,0.484375,-0.00013392235268838639,0.00018870569147111068,64
public_task_span,25,15,-4.301043873054473e-06,-0.02965108343110922,0.02965108343110922,0.5,2.384604840698392e-05,-3.244813615309286e-05,64
response_mean,16,19,2.4321784621860193e-05,0.029605776114942892,0.029605776114942892,0.5,9.28970657696451e-05,-4.425349652592473e-05,64
response_first,35,22,-4.2950844999726387e-05,-0.029589252236032523,0.029589252236032523,0.484375,-0.0004700710551333001,0.0003841693651338473,64
public_task_span,32,23,-6.470825724136375e-07,-0.029542598207090487,0.029542598207090487,0.5,5.6411081459373236e-06,-6.935273290764599e-06,64
final_prompt,31,11,1.66967856784992e-05,0.02950803528016434,0.02950803528016434,0.5,-0.0002515131873224005,0.00028490675867939884,64
final_prompt,35,5,-1.975405211848667e-06,-0.02940925652171616,0.02940925652171616,0.484375,-2.1985235662209196e-05,1.803442523851186e-05,64
response_first,29,19,-7.606243883628849e-07,-0.029390563181309334,0.029390563181309334,0.5,-1.0709274391729195e-05,9.188025615003426e-06,64
response_mean,30,17,0.00012995346514799242,0.029384032811907542,0.029384032811907542,0.515625,-0.0012819622279493837,0.0015418691582453684,64
public_task_span,19,10,-3.431326081226689e-05,-0.029376292426993335,0.029376292426993335,0.5,-0.0001544924507470544,8.586592912252058e-05,64
final_prompt,23,17,2.2254132758803277e-07,0.029363152630034858,0.029363152630034858,0.5,-1.4883371548535251e-06,1.9334198100295907e-06,64
response_first,26,16,1.991622980314129e-06,0.029346891706608987,0.029346891706608987,0.484375,1.8166752852264052e-05,-1.4183506891635792e-05,64
public_task_span,20,0,9.807298084754885e-06,0.029330426153715693,0.029330426153715693,0.515625,8.11226163932564e-05,-6.150802022374661e-05,64
final_prompt,35,3,3.679721885417214e-06,0.02927256883883081,0.02927256883883081,0.5,4.251952623234806e-05,-3.516008246151363e-05,64
final_prompt,24,24,-1.7129089428630003e-05,-0.02926472338380621,0.02926472338380621,0.5,0.0002630394865263943,-0.0002972976653836543,64
response_first,29,18,-2.599342224126797e-06,-0.02924507489353424,0.02924507489353424,0.5,-7.217794529877109e-05,6.69792608505175e-05,64
public_task_span,16,22,2.5850258680304018e-06,0.02923390371962729,0.02923390371962729,0.5,-1.3668852488986478e-05,1.8838904225047284e-05,64
final_prompt,33,10,5.796440427729602e-05,0.02921741456311463,0.02921741456311463,0.5,-0.0010676972497094418,0.001183626058264034,64
post_selector,5,13,0.00012707606560980177,0.02918810880947271,0.02918810880947271,0.421875,0.0012336666845840188,-0.0009795145533644156,64
final_prompt,29,12,3.784318141696874e-05,0.029146013608134843,0.029146013608134843,0.515625,-0.0005556942924158531,0.0006313806552497906,64
response_first,28,19,6.152407650007501e-06,0.02908091107512614,0.02908091107512614,0.5,-8.112057787456027e-05,9.342539317457526e-05,64
public_task_span,22,6,2.474768416504556e-05,0.02905128493612624,0.02905128493612624,0.5,0.00023594722733831974,-0.0001864518590082286,64
final_prompt,19,13,2.5798956244213688e-05,0.028927698858142087,0.028927698858142087,0.5,0.0004301794870116075,-0.00037858157452318013,64
post_selector,9,21,2.017722090385747e-05,0.028866557228765827,0.028866557228765827,0.515625,0.00024592643603681233,-0.00020557199422909737,64
response_first,14,29,2.4924986973928103e-05,0.02884189307337285,0.02884189307337285,0.5,0.00023162123125075628,-0.0001817712573029,64
response_mean,30,31,-6.286222031803845e-07,-0.028746789973414743,0.028746789973414743,0.515625,-1.8995550021827512e-06,6.423105958219821e-07,64
public_task_span,22,30,-3.7238568438620317e-05,-0.028661990494233017,0.028661990494233017,0.5,1.0546405064825029e-05,-8.502354194206566e-05,64
final_prompt,34,19,4.864216361966011e-05,0.0286178022446433,0.0286178022446433,0.515625,-0.0003180807780154125,0.0004153651052547327,64
response_first,34,31,4.612835937221801e-06,0.028588807100846776,0.028588807100846776,0.515625,-9.900794793791982e-05,0.00010823361981236341,64
response_mean,21,12,1.5099699339762389e-05,0.028579699875784924,0.028579699875784924,0.515625,0.00017952147663888798,-0.00014932207795936316,64
response_first,33,14,1.3972092801852961e-05,0.028525943087513637,0.028525943087513637,0.5,-0.0002452182679917048,0.0002731624535954107,64
public_task_span,32,11,-2.5306726456615035e-05,-0.028518437071157497,0.028518437071157497,0.5,-6.710793422825309e-05,1.6494481315023057e-05,64
final_prompt,28,13,1.3239023303410437e-05,0.02851392078999005,0.02851392078999005,0.53125,-5.344235432859126e-06,3.182228203968005e-05,64
response_first,25,21,3.013039915344961e-07,0.028494747420532603,0.028494747420532603,0.5,6.459701467065315e-07,-4.33621636375392e-08,64
final_prompt,27,24,-8.547860124962811e-05,-0.028477038036209833,0.028477038036209833,0.5,-0.0004186064907116781,0.00024764928821242177,64
post_selector,3,4,-0.0002861306502381846,-0.02847486519383849,0.02847486519383849,0.453125,0.0006626186313951752,-0.001234879931871545,64
final_prompt,25,13,1.8092894151782805e-06,0.028410223905475866,0.028410223905475866,0.5,-1.2181590136574677e-06,4.836737844014029e-06,64
public_task_span,7,3,-1.6801353467597725e-05,-0.02828780428766571,0.02828780428766571,0.484375,-0.0001463886528654166,0.00011278594593022113,64
final_prompt,30,27,7.253866533574193e-05,0.028251666336949356,0.028251666336949356,0.53125,-0.0005483299191837316,0.0006934072498552156,64
final_prompt,21,6,5.497813958756794e-06,0.028245527981098972,0.028245527981098972,0.5,-2.3387894088946615e-05,3.438352200646019e-05,64
response_first,25,22,7.800944814562172e-07,0.02820969114590947,0.02820969114590947,0.5,2.068224432605348e-06,-5.080354696929135e-07,64
response_first,33,17,1.2894004498774389e-05,0.028137341095008758,0.028137341095008758,0.5,-0.00023652297034002336,0.0002623109793375721,64
response_first,11,28,-7.225159226464939e-08,-0.02813726305662175,0.02813726305662175,0.484375,5.238577340804795e-07,-6.683609186097783e-07,64
public_task_span,20,12,-8.585780165051234e-06,-0.028119136918168697,0.028119136918168697,0.5,-2.848981125680646e-05,1.1318250926704002e-05,64
post_selector,15,11,-0.00010068221854454685,-0.028083573544137534,0.028083573544137534,0.59375,-0.00093464253950515,0.0007332781024160562,64
final_prompt,20,4,1.3524961104847544e-05,0.02807083176708897,0.02807083176708897,0.546875,1.0497985385880922e-05,1.6551936823814167e-05,64
final_prompt,19,2,1.1832171253444532e-05,0.02806874363691187,0.02806874363691187,0.5,8.794606355875185e-05,-6.428172105186278e-05,64
public_task_span,32,0,-3.5676053812491954e-05,-0.02806236013517931,0.02806236013517931,0.484375,-0.00070366210547942,0.0006323099978544361,64
response_mean,21,6,4.999985105768557e-05,0.028052427819370562,0.028052427819370562,0.515625,-0.0005502239905581447,0.0006502236926735159,64
public_task_span,18,13,-3.5625341297421516e-05,-0.02803254242864318,0.02803254242864318,0.484375,0.0005989841502014018,-0.0006702348327962447,64
public_task_span,12,19,-5.615566124106378e-06,-0.028004980479763405,0.028004980479763405,0.5,3.7505376440089076e-05,-4.873650868830184e-05,64
public_task_span,8,22,-5.179334721099936e-06,-0.0279954170581729,0.0279954170581729,0.5,-4.55366994174144e-05,3.5178029975214525e-05,64
response_first,31,29,1.780135335139025e-05,0.027929734449513046,0.027929734449513046,0.53125,-0.0002942593055194984,0.0003298620122222789,64
response_mean,25,4,-4.521688424571114e-06,-0.027888273832932162,0.027888273832932162,0.5,-1.7496545297013213e-06,-7.293722319440901e-06,64
response_first,24,0,4.498285903764553e-07,0.027846834678729882,0.027846834678729882,0.515625,-4.255489400861734e-06,5.155146581614645e-06,64
response_mean,28,21,4.0137561882147376e-05,0.027822689722726973,0.027822689722726973,0.5,-0.0007217381494228566,0.0008020132731871514,64
final_prompt,28,22,-2.1962195205563804e-05,-0.027804631370153134,0.027804631370153134,0.5,-6.694477997370313e-05,2.302038956257547e-05,64
public_task_span,10,25,-9.634822006887587e-07,-0.0277095312708194,0.0277095312708194,0.484375,2.6465675802000987e-06,-4.5735319815776165e-06,64
response_mean,15,10,3.7492806797003393e-06,0.027652816160306862,0.027652816160306862,0.5,-5.0178686961985045e-05,5.767724832138573e-05,64
public_task_span,34,5,-2.6549698304731784e-05,-0.02764157133427086,0.02764157133427086,0.484375,-0.0003328025595692259,0.0002797031629597623,64
public_task_span,8,11,-4.059060586308888e-06,-0.02760538942092834,0.02760538942092834,0.5,5.15892543262484e-06,-1.3277046605242621e-05,64
post_selector,0,16,0.00036071139038540466,0.02760162840937804,0.02760162840937804,0.484375,0.0018230009081889875,-0.0011015781274181784,64
public_task_span,27,16,-2.299415700689974e-05,-0.027599242207390184,0.027599242207390184,0.5,-0.00022975880528973322,0.00018377049127593374,64
final_prompt,20,3,2.6600721753311545e-05,0.027592509920453017,0.027592509920453017,0.5,0.0004071457958616314,-0.0003539443523550083,64
response_first,16,21,-9.560724976140545e-07,-0.027571055802018934,0.027571055802018934,0.5,-8.464349676271004e-06,6.552204681042895e-06,64
final_prompt,29,16,4.088729156131214e-06,0.027553277777361232,0.027553277777361232,0.53125,-1.2866998076793166e-05,2.1044456389055597e-05,64
post_selector,2,3,0.00020956907246728586,0.02744198410442946,0.02744198410442946,0.484375,-0.000794219900853925,0.0012133580457884968,64
final_prompt,25,4,2.2023847350294544e-06,0.027425550318383295,0.027425550318383295,0.5,1.9793004184967258e-05,-1.5388234714908343e-05,64
response_first,20,5,-1.796731112337003e-06,-0.027373138522386157,0.027373138522386157,0.515625,6.8372294208545876e-06,-1.0430691645528593e-05,64
public_task_span,22,8,8.702998457010815e-06,0.027329597033982356,0.027329597033982356,0.515625,7.406789609375949e-05,-5.6661899179737855e-05,64
response_first,27,19,9.219462185685643e-06,0.027304554437621715,0.027304554437621715,0.515625,-0.00017717067407827664,0.00019560959844964793,64
public_task_span,8,31,-3.2399264853216116e-06,-0.02729301725518391,0.02729301725518391,0.5,1.0099076860112646e-05,-1.6578929830755868e-05,64
response_mean,35,27,4.573965043162169e-06,0.02727984518549106,0.02727984518549106,0.5,-5.4687059218844e-05,6.383498930516833e-05,64
post_selector,5,22,0.0001956085861820571,0.027255038200116606,0.027255038200116606,0.546875,0.0005697855376638344,-0.00017856836529972058,64
response_first,21,19,5.257889483805325e-06,0.027251533467978983,0.027251533467978983,0.515625,4.881228942111108e-05,-3.8296510453500446e-05,64
public_task_span,15,1,-2.5320742679464248e-05,-0.02723990458722436,0.02723990458722436,0.5,8.31792258395719e-05,-0.00013382071119850036,64
public_task_span,19,11,-8.588991477147405e-06,-0.027236519267314456,0.027236519267314456,0.484375,-5.551207868845904e-05,3.8334095734164224e-05,64
response_mean,27,12,2.0584150774995652e-06,0.027159967336620513,0.027159967336620513,0.5,1.7543508192818012e-06,2.3624793357173293e-06,64
response_first,21,24,5.6737072569057286e-06,0.027149957570661708,0.027149957570661708,0.5,-9.5598450116082e-06,2.090725952541965e-05,64
response_first,34,15,1.4732858289792517e-05,0.02712429196589611,0.02712429196589611,0.515625,1.9194265405528365e-05,1.027145117405669e-05,64
final_prompt,26,1,5.6096405387506766e-05,0.02712257512808166,0.02712257512808166,0.5,-0.00011709266618709335,0.00022928547696210696,64
response_first,11,20,2.6927652996288266e-06,0.02708128381986761,0.02708128381986761,0.5,7.357844822306783e-06,-1.972314223049128e-06,64
public_task_span,13,24,-1.0495781452848242e-05,-0.027005990997369278,0.027005990997369278,0.515625,-0.00021683307022611422,0.0001958415073204177,64
response_mean,23,2,-2.345102274149792e-06,-0.026944666312028527,0.026944666312028527,0.5,-1.1842934952709267e-05,7.1527304044096835e-06,64
response_mean,18,6,3.987640477021252e-05,0.026865522461518437,0.026865522461518437,0.5,0.0002756178594154394,-0.0001958650498750143,64
response_first,27,20,6.468575975305942e-06,0.026849322263564023,0.026849322263564023,0.5,-4.371800150691917e-05,5.665515345753107e-05,64
public_task_span,16,3,2.0903037807331873e-05,0.026845325166627215,0.026845325166627215,0.5,0.00018090156390825394,-0.00013909548829359024,64
public_task_span,17,29,-6.922562306497584e-06,-0.02684067815555898,0.02684067815555898,0.5,-6.140687810329144e-05,4.7561753490296294e-05,64
response_mean,24,27,7.841675142120292e-06,0.02683664368387562,0.02683664368387562,0.5,-9.75910811575786e-05,0.00011327443144181919,64
final_prompt,34,4,5.144331339577783e-06,0.026750952046189505,0.026750952046189505,0.5,-5.1404219448140816e-05,6.169288212729638e-05,64
public_task_span,16,4,-6.2190448488691855e-06,-0.026718296272477265,0.026718296272477265,0.5,5.5330657005474555e-05,-6.776874670321294e-05,64
response_mean,34,17,9.009938366937679e-06,0.02669517609402218,0.02669517609402218,0.5625,-0.00017358945842714388,0.00019160933516101925,64
public_task_span,33,15,-4.125860232306629e-05,-0.026667003852132075,0.026667003852132075,0.46875,-0.0007586926167277542,0.0006761754120816218,64
final_prompt,19,17,1.1278430974928333e-05,0.026639878679117587,0.026639878679117587,0.515625,-9.658936050981263e-05,0.00011914622245966927,64
public_task_span,24,11,-8.673559023009053e-06,-0.02662428569922468,0.02662428569922468,0.5,-0.0001618490157397739,0.0001445018976937558,64
final_prompt,30,22,-2.8448042712603616e-06,-0.026624219497142082,0.026624219497142082,0.5,-3.358212779857038e-05,2.789251925604966e-05,64
final_prompt,28,24,-1.5550617007410633e-06,-0.026595931939256735,0.026595931939256735,0.5,6.903702882250818e-06,-1.0013826283732944e-05,64
response_first,20,15,1.3749771508042966e-06,0.02657270291158943,0.02657270291158943,0.5,-2.1075173762594544e-05,2.382512806420314e-05,64
public_task_span,24,31,-3.1260321975417243e-05,-0.026572229442232528,0.026572229442232528,0.5,-0.0003437568420849719,0.0002812361981341375,64
public_task_span,31,4,-3.090710060859789e-05,-0.026571487757119896,0.026571487757119896,0.5,-0.00018171866213377225,0.00011990446091657648,64
public_task_span,32,6,-1.8461621039020664e-05,-0.026554112909406048,0.026554112909406048,0.484375,-0.000270785941665939,0.00023386269958789772,64
response_first,20,17,3.1564624636271077e-07,0.026542032031735198,0.026542032031735198,0.515625,-4.102285227070013e-07,1.0415210154324228e-06,64
public_task_span,24,12,-1.2891836036036826e-05,-0.026512445063063793,0.026512445063063793,0.5,2.2426469513437378e-05,-4.821014158551102e-05,64
post_selector,16,10,3.863314123009395e-05,0.026506109712456892,0.026506109712456892,0.53125,-5.14426392328469e-05,0.00012870892169303475,64
public_task_span,21,10,2.4244389351226987e-05,0.026461723166519815,0.026461723166519815,0.515625,-0.00015140702862481784,0.00019989580732727183,64
post_selector,28,7,2.9579146030296277e-05,0.026446833976613637,0.026446833976613637,0.59375,0.0001874229019449363,-0.00012826460988434374,64
response_first,11,31,-1.252775575721847e-05,-0.02640465760758354,0.02640465760758354,0.5,4.123874464311407e-05,-6.629425615755098e-05,64
response_mean,33,1,2.4309537138799667e-06,0.026403204748171694,0.026403204748171694,0.484375,-3.651380029622151e-05,4.137570772398144e-05,64
response_first,14,6,2.1463424616287905e-05,0.02639921963175606,0.02639921963175606,0.5,-2.2656614305556437e-05,6.55834635381322e-05,64
public_task_span,21,12,-2.1110059151397708e-05,-0.026324731711677443,0.026324731711677443,0.484375,9.298597706219319e-05,-0.0001352060953649886,64
response_mean,17,25,-4.597474747924936e-05,-0.026265898078060592,0.026265898078060592,0.515625,-0.00046603648758035616,0.00037408699262185736,64
response_first,12,21,-1.1877676797674318e-06,-0.026264683509544615,0.026264683509544615,0.5,-2.9977043823236396e-05,2.760150846370153e-05,64
public_task_span,31,7,-1.4520613262899454e-05,-0.026263856324150906,0.026263856324150906,0.5,-0.0002241944062006726,0.00019515317967487363,64
final_prompt,19,12,2.1393573433664458e-05,0.02623609027267062,0.02623609027267062,0.5,0.00027834421030090666,-0.00023555706343357773,64
response_first,23,9,3.322921384095988e-05,0.026232356231848417,0.026232356231848417,0.5,0.0004280971625120969,-0.00036163873483017713,64
post_selector,10,21,-3.176804966642188e-05,-0.026229818063903,0.026229818063903,0.53125,0.000263146390352625,-0.0003266824896854688,64
post_selector,28,30,1.3935019296702035e-05,0.026199525146620793,0.026199525146620793,0.5,0.0001301788674936697,-0.00010230882890026566,64
final_prompt,23,19,-2.067829925067599e-07,-0.026176976806250377,0.026176976806250377,0.5,-1.464750774005097e-06,1.051184788991577e-06,64
public_task_span,7,25,-6.20695209363179e-06,-0.02617221264112978,0.02617221264112978,0.5,-3.659281219369837e-05,2.4178908006434803e-05,64
public_task_span,7,9,-9.527148563392983e-07,-0.026107061175397447,0.026107061175397447,0.5,-7.608252872159853e-08,-1.8293471839569975e-06,64
final_prompt,22,7,-5.610429340666359e-06,-0.026082990624118552,0.026082990624118552,0.515625,-3.717160301164596e-05,2.5950744330313243e-05,64
public_task_span,33,13,-2.2570361579705043e-05,-0.026056133949133947,0.026056133949133947,0.5,-0.00042771522930703924,0.00038257450614762923,64
response_first,24,18,5.276758474791562e-05,0.02601750062570132,0.02601750062570132,0.5,0.00019679393335535628,-9.125876385952502e-05,64
public_task_span,20,6,-1.7370731256960534e-05,-0.02599990490106219,0.02599990490106219,0.5,-0.000272203676104251,0.00023746221359032988,64
public_task_span,0,16,4.3943589844273463e-05,0.02594331322394371,0.02594331322394371,0.5,0.0005074862565379468,-0.0004195990768494,64
final_prompt,30,24,-4.392050300342668e-06,-0.02593366197973409,0.02593366197973409,0.515625,-7.763330279429992e-05,6.884920219361458e-05,64
final_prompt,26,8,-1.668761182571643e-07,-0.025932148216431694,0.025932148216431694,0.5,-1.6093180441600907e-06,1.2755658076457621e-06,64
response_mean,25,6,5.992344881634901e-06,0.025923411750918095,0.025923411750918095,0.5,-0.00011603577308959098,0.00012802046285286079,64
final_prompt,23,2,-5.824634740749108e-06,-0.025902765545528773,0.025902765545528773,0.5,-6.440603829104718e-05,5.275676880954896e-05,64
response_mean,14,9,-8.55808298183265e-06,-0.025848075107605412,0.025848075107605412,0.5,5.592586921921035e-05,-7.304203518287565e-05,64
public_task_span,25,30,-2.7447765660320908e-05,-0.025843816265595745,0.025843816265595745,0.5,-0.0005226164066698177,0.00046772087534917593,64
response_mean,19,25,6.28467510068734e-05,0.02582276192915671,0.02582276192915671,0.5,-0.0013339857523533094,0.0014596792543670562,64
response_mean,27,24,-1.0975047871403696e-05,-0.02581460112179899,0.02581460112179899,0.484375,-0.0002061269983641947,0.00018417690262138733,64
response_mean,21,13,5.523249626548291e-06,0.025800452855410553,0.025800452855410553,0.515625,-2.1447629364951254e-05,3.249412861804783e-05,64
public_task_span,12,28,6.532492534458955e-06,0.02578607268640934,0.02578607268640934,0.5,7.411196611427497e-05,-6.104698104535709e-05,64
final_prompt,27,7,2.5586133233446044e-05,0.0257796117200367,0.0257796117200367,0.5,-0.0001411710891261367,0.00019234335559302878,64
public_task_span,29,9,-1.1839168450932395e-05,-0.025766999067654003,0.025766999067654003,0.484375,-0.00016571901642235438,0.0001420406795204896,64
public_task_span,26,16,4.009250801568732e-06,0.025761804576522048,0.025761804576522048,0.5,1.0222873015659833e-05,-2.2043714125223615e-06,64
final_prompt,20,19,7.200695961273997e-06,0.02576166553748289,0.02576166553748289,0.515625,-3.509805128487527e-05,4.949944320742328e-05,64
public_task_span,15,27,-5.873679185697388e-06,-0.025757643779787048,0.025757643779787048,0.5,-4.090335414729417e-05,2.9155995775899394e-05,64
public_task_span,9,26,3.835690404229999e-05,0.025685450061590235,0.025685450061590235,0.5,0.00011497807463455934,-3.8264266549959396e-05,64
post_selector,25,2,1.4725562778035808e-05,0.025645214160366872,0.025645214160366872,0.515625,-0.00015231543875416032,0.00018176656431023193,64
response_mean,18,26,-0.00012118582139919798,-0.025607415201814768,0.025607415201814768,0.5,-0.0012502860654421827,0.0010079144226437867,64
final_prompt,35,30,9.269312840844513e-06,0.025595447444803368,0.025595447444803368,0.5,0.00013264143308332603,-0.00011410280740163699,64
response_first,28,25,1.488629436607975e-06,0.025575013511740602,0.025575013511740602,0.5,-1.0377636158406224e-05,1.3354895031622174e-05,64
response_first,20,24,-2.125948448394867e-07,-0.02556999436369525,0.02556999436369525,0.5,2.2498736029774586e-07,-6.501770499767192e-07,64
response_first,32,15,5.871421194573062e-06,0.025537288230593667,0.025537288230593667,0.515625,2.9243493827377588e-05,-1.7500651438231458e-05,64
final_prompt,24,27,8.710870861250315e-05,0.025524209846875808,0.025524209846875808,0.5,-0.0005235030475887468,0.0006977204648137532,64
post_selector,3,27,0.0002556198123784181,0.025520467454259697,0.025520467454259697,0.65625,0.0006280323532337215,-0.00011679272847688532,64
post_selector,34,10,-3.2507050491404696e-05,-0.02552023930193303,0.02552023930193303,0.5,-0.0002690439587240687,0.0002040298577412594,64
post_selector,9,23,-2.5167695184796893e-05,-0.02545351156697203,0.02545351156697203,0.515625,0.00020936493183396716,-0.00025970032220356095,64
response_first,21,22,-6.742128793035817e-07,-0.025443537396905094,0.025443537396905094,0.46875,-1.3466176788767825e-05,1.2117751030160662e-05,64
final_prompt,15,12,5.020211744972835e-06,0.025410270398324525,0.025410270398324525,0.5,4.4441193381305866e-05,-3.44007698913602e-05,64
response_first,22,17,5.677344461224882e-06,0.025403596316897696,0.025403596316897696,0.5,-1.4859014640920779e-05,2.621370356337055e-05,64
public_task_span,16,10,-1.364342506349375e-05,-0.025300904840453522,0.025300904840453522,0.5,3.349928192625053e-07,-2.762184294624999e-05,64
public_task_span,0,3,0.0001244492123078126,0.025273889507757868,0.025273889507757868,0.5,0.0015020380087662408,-0.0012531395841506158,64
public_task_span,20,10,4.891049712793183e-06,0.025201600756015467,0.025201600756015467,0.515625,-2.0430432300600352e-05,3.0212531726186717e-05,64
public_task_span,0,17,5.517320460057969e-05,0.025192555151466598,0.025192555151466598,0.5,0.0007118462926882656,-0.0006014998834871063,64
response_mean,20,11,6.369144498027402e-06,0.025159912972623603,0.025159912972623603,0.5,-6.5931229080717e-05,7.86695180767718e-05,64
public_task_span,22,9,1.5644681525370367e-05,0.02514789361148969,0.02514789361148969,0.5,0.00010514429959584788,-7.385493654510715e-05,64
final_prompt,20,26,-1.2930538844102557e-06,-0.02509221067237015,0.02509221067237015,0.5,-4.387844626307924e-06,1.8017368574874126e-06,64
response_mean,24,22,1.3036270388514362e-05,0.02506774045476638,0.02506774045476638,0.5,-0.0001817896295506168,0.00020786217032764547,64
public_task_span,0,10,0.00013541045336751403,0.025066434392544402,0.025066434392544402,0.5,0.00017209506040671867,9.872584632830927e-05,64
final_prompt,24,21,1.3870066595696882e-05,0.025021688462909933,0.025021688462909933,0.5,-4.4965237066206225e-05,7.27053702576e-05,64
response_mean,22,16,1.5777756289026564e-05,0.025021351931167356,0.025021351931167356,0.5,-8.728408465685314e-05,0.00011883959723490623,64
response_mean,15,16,9.849456887421647e-06,0.024937556086733453,0.024937556086733453,0.5,0.00017915726209593002,-0.00015945834832108673,64
post_selector,2,10,-0.0003614165871113046,-0.024845869471469773,0.024845869471469773,0.484375,-0.004132722249778441,0.0034098890755558313,64
response_mean,18,14,2.8252043875912276e-05,0.024836262156641625,0.024836262156641625,0.515625,-0.0003409828475468942,0.00039748693529871875,64
response_mean,30,5,1.2136696909703676e-06,0.024824263780936814,0.024824263780936814,0.546875,-3.6755583892044405e-06,6.102897771145176e-06,64
final_prompt,33,13,5.1038239689655597e-05,0.024797812479932055,0.024797812479932055,0.5,-0.00028336133254925006,0.00038543781192856114,64
post_selector,3,29,0.0001123206134252641,0.024785563625002564,0.024785563625002564,0.4375,0.00017670982742857457,4.793139942195387e-05,64
response_first,9,28,-6.401039023275597e-06,-0.02474098696773897,0.02474098696773897,0.5,-0.0001236003196440795,0.00011079824159752834,64
final_prompt,20,22,2.536159087185297e-07,0.024719553033272074,0.024719553033272074,0.5,-3.37948023343415e-07,8.451798407804745e-07,64
response_first,24,17,4.4295234999915075e-06,0.024713796104670463,0.024713796104670463,0.546875,1.0019369781837542e-05,-1.160322781854531e-06,64
response_first,34,29,1.150226239587836e-05,0.024697579041276643,0.024697579041276643,0.53125,-0.0002586447803878106,0.0002816493051795673,64
response_mean,15,13,6.237568925371444e-05,0.02468436940725547,0.02468436940725547,0.5,0.00027064634781481464,-0.00014589496930738586,64
response_first,13,21,-2.14422130051517e-09,-0.024670502566204722,0.024670502566204722,0.5,2.907133356266911e-08,-3.335977616369945e-08,64
final_prompt,35,21,-9.337493338548767e-07,-0.024583912306523258,0.024583912306523258,0.484375,-1.9419340105741867e-05,1.7551841438032114e-05,64
response_mean,17,21,-1.5767235254319667e-05,-0.02453276547826509,0.02453276547826509,0.5,-7.858996968934591e-05,4.705549918070658e-05,64
response_first,33,25,-1.2181603779027565e-06,-0.024530950190001198,0.024530950190001198,0.484375,8.284960813400322e-06,-1.0721281569205834e-05,64
post_selector,30,18,-1.4286870282368694e-05,-0.02448242593191699,0.02448242593191699,0.46875,-0.00023844387942515446,0.00020987013886041708,64
response_mean,19,24,6.876870244099093e-05,0.024460585819741466,0.024460585819741466,0.484375,-0.0007188211776423126,0.0008563585825242942,64
response_first,19,31,3.651111153858223e-06,0.024385272273931703,0.024385272273931703,0.515625,4.177805983829263e-05,-3.447583753057619e-05,64
response_mean,20,27,6.416950782289912e-06,0.024365999280577928,0.024365999280577928,0.5,-1.3936144114271698e-05,2.6770045678851522e-05,64
final_prompt,23,0,-4.096363483084434e-06,-0.024314607046622985,0.024314607046622985,0.5,-3.947017688687373e-05,3.127744992070485e-05,64
response_mean,34,25,2.037102532883248e-06,0.024312265942380985,0.024312265942380985,0.515625,6.8317064858560164e-06,-2.7575014200895203e-06,64
public_task_span,12,14,-1.3654424208204657e-05,-0.024307582581276035,0.024307582581276035,0.5,0.00014693495461413954,-0.00017424380303054885,64
final_prompt,33,1,2.9441314950444437e-06,0.024260583037377676,0.024260583037377676,0.5,-2.6972280636510434e-05,3.2860543626599324e-05,64
response_first,34,2,2.3618562408958905e-05,0.02421379008298643,0.02421379008298643,0.515625,-0.00046435981948886833,0.0005115969443067861,64
final_prompt,25,5,-4.079658310725772e-06,-0.02420186406919757,0.02420186406919757,0.5,-4.217397895444143e-05,3.4014662332989876e-05,64
public_task_span,25,27,1.2649707059603951e-05,0.024176191801011503,0.024176191801011503,0.515625,-2.8436189495549786e-05,5.373560361475768e-05,64
response_first,11,30,-9.014520401253438e-07,-0.02414401247265019,0.02414401247265019,0.5,1.7475638003362011e-06,-3.5504678805868893e-06,64
response_mean,19,23,1.9216055534339453e-05,0.02413477342216427,0.02413477342216427,0.5,-3.1320436391981204e-05,6.975254746066013e-05,64
response_first,20,20,3.3397444809679655e-07,0.024096337436951547,0.024096337436951547,0.515625,-3.051120813779562e-06,3.719069709973155e-06,64
public_task_span,19,2,2.4645758230684956e-05,0.024080246526455955,0.024080246526455955,0.515625,0.00017133072515205594,-0.00012203920869068603,64
response_first,30,17,1.1177124179080767e-05,0.02407047286192236,0.02407047286192236,0.53125,3.297969851701235e-05,-1.062545015885084e-05,64
response_mean,31,2,5.174270427229551e-06,0.023987834792869856,0.023987834792869856,0.53125,-0.00010621405522214252,0.00011656259607660161,64
response_first,17,13,2.427062266718848e-07,0.023968634058670446,0.023968634058670446,0.5,1.5580738477183331e-06,-1.0726613943745633e-06,64
final_prompt,19,30,1.7407284872207212e-05,0.023956769948663036,0.023956769948663036,0.5,0.00048435545340904594,-0.0004495408836646315,64
public_task_span,28,23,-2.0350017166493616e-05,-0.023906160351695287,0.023906160351695287,0.484375,-0.00040398321561949975,0.00036328318128651255,64
response_first,29,27,1.1378769841032944e-05,0.023901991669339265,0.023901991669339265,0.5625,-0.0002074496346722113,0.0002302071743542772,64
final_prompt,35,11,-2.0222086277494532e-05,-0.02389042215300791,0.02389042215300791,0.484375,-0.0004136930838285366,0.0003732489112735476,64
response_mean,7,19,3.3540274557738584e-06,0.023882584773920218,0.023882584773920218,0.5,1.3455394310105427e-07,6.573500968446665e-06,64
response_mean,35,0,1.134215744969313e-05,0.023848146752247088,0.023848146752247088,0.484375,-4.435729351830844e-06,2.7120044251217082e-05,64
final_prompt,22,23,2.0678652674619227e-06,0.023845456875776824,0.023845456875776824,0.5,-1.8196939606693798e-05,2.2332670141617643e-05,64
final_prompt,20,31,9.207895374176537e-06,0.02384521571589105,0.02384521571589105,0.5,-0.00014799437786903582,0.0001664101686173889,64
response_mean,14,10,-3.234921132388886e-05,-0.023742025872053804,0.023742025872053804,0.484375,-0.0003390962156117771,0.0002743977929639994,64
response_mean,16,2,3.997502392394712e-05,0.023723547235350112,0.023723547235350112,0.5,-7.599665957513753e-05,0.00015594670742303174,64
final_prompt,27,20,2.2840111341785968e-05,0.023719154559046284,0.023719154559046284,0.5,-5.528125439014687e-05,0.00010096147707371876,64
public_task_span,13,28,7.648954920114396e-06,0.023651358022492807,0.023651358022492807,0.5,1.2650420217137807e-05,2.647489623090993e-06,64
public_task_span,22,5,3.450416329542108e-05,0.023646151678984036,0.023646151678984036,0.5,-0.0005187952360756587,0.0005878035626665008,64
post_selector,27,26,-2.8215236852703364e-05,-0.02364543791929797,0.02364543791929797,0.5,-0.0005525256292457758,0.0004960951555403689,64
response_first,18,16,2.2824418266509383e-07,0.023641406090860927,0.023641406090860927,0.515625,5.111119918410623e-07,-5.46236265108746e-08,64
response_first,13,22,-3.6108400536249963e-07,-0.023631933283672232,0.023631933283672232,0.5,1.1893703799614741e-07,-8.411050487211469e-07,64
public_task_span,11,11,-1.7983338352674648e-05,-0.02362679173047603,0.02362679173047603,0.453125,0.00010890277349063841,-0.00014486945019598772,64
post_selector,22,9,3.819565972662986e-05,0.023575323545008107,0.023575323545008107,0.5,-0.0004464773155632246,0.0005228686350164843,64
response_first,33,31,2.5414569790878004e-05,0.023551608635343793,0.023551608635343793,0.5,-0.0005494800921041958,0.0006003092316859518,64
public_task_span,19,13,3.732509253496181e-05,0.023520633800522463,0.023520633800522463,0.5,-0.00016652410272398823,0.00024117428779391186,64
public_task_span,13,25,-3.5121682913066423e-06,-0.023491166144787384,0.023491166144787384,0.5,-2.2549761524699494e-06,-4.769360430143337e-06,64
response_mean,18,13,-3.9110965190042985e-05,-0.023485760547928492,0.023485760547928492,0.5,0.0009473494610574286,-0.0010255713914375146,64
final_prompt,24,28,-1.5141904441412866e-05,-0.023482847088337835,0.023482847088337835,0.515625,-0.00020258231597835384,0.00017229850709552804,64
final_prompt,30,2,5.199081215319098e-06,0.0234783865940618,0.0234783865940618,0.5,-4.08755809075984e-05,5.1273743338236594e-05,64
response_mean,27,21,1.8179757717003617e-06,0.023465033305765912,0.023465033305765912,0.5,-1.8159399019166196e-05,2.179535056256692e-05,64
public_task_span,11,14,-2.2216290858525692e-05,-0.02344915008948987,0.02344915008948987,0.5,0.0001769068064731883,-0.0002213393881902397,64
public_task_span,25,29,-1.6493137167125e-06,-0.023448946985497657,0.023448946985497657,0.5,-3.64687036835737e-06,3.482429349323677e-07,64
public_task_span,17,12,6.064909825914879e-06,0.023445338869505318,0.023445338869505318,0.53125,2.7864541380044286e-05,-1.5734721728214534e-05,64
response_first,28,10,4.378080461722088e-06,0.02343110567403264,0.02343110567403264,0.5,-6.221874741639634e-05,7.097490833984052e-05,64
response_first,15,15,1.3078932492582851e-08,0.023430803667761988,0.023430803667761988,0.5,2.4905117335105587e-07,-2.2289330836589016e-07,64
response_first,34,16,3.1544891498913933e-06,0.02338668493615441,0.02338668493615441,0.484375,-6.332063685474714e-05,6.962961515452992e-05,64
post_selector,8,20,8.524356189809618e-06,0.023307526384238084,0.023307526384238084,0.515625,-0.00010320927412974974,0.00012025798650936898,64
response_mean,18,4,9.180091069534675e-06,0.023291214287617594,0.023291214287617594,0.5,5.7271064861193606e-05,-3.8910882722124235e-05,64
post_selector,27,0,-1.6094541024358837e-05,-0.023285609118019784,0.023285609118019784,0.53125,-0.00014487763655779865,0.00011268855450908098,64
final_prompt,28,28,7.929556318231334e-07,0.02328219387926515,0.02328219387926515,0.5,-1.2245609013916692e-05,1.3831520277562959e-05,64
response_first,25,0,4.3009691808038047e-07,0.02327848937548578,0.02327848937548578,0.5,-5.695814309092384e-06,6.556008145253145e-06,64
public_task_span,17,8,3.755177567654645e-05,0.023259044979981647,0.023259044979981647,0.5,-6.120421676314143e-05,0.00013630776811623436,64
public_task_span,26,17,-1.2828601484214618e-05,-0.023252004777518834,0.023252004777518834,0.484375,-0.0002481900378370268,0.0002225328348685976,64
post_selector,28,6,4.023231008431488e-05,0.023227838565206677,0.023227838565206677,0.53125,0.00026515808622205726,-0.0001846934660534274,64
response_mean,27,26,-6.385449069058027e-06,-0.023209993516614746,0.023209993516614746,0.46875,-8.295196585094794e-05,7.01810677128319e-05,64
public_task_span,25,25,3.0193573365996914e-06,0.023159439624913406,0.023159439624913406,0.515625,4.393580366012889e-05,-3.78970889869295e-05,64
public_task_span,35,0,8.875766070564093e-06,0.02313178157785757,0.02313178157785757,0.5,9.354056601295115e-05,-7.578903387182295e-05,64
response_first,14,12,-4.421336825544131e-07,-0.023129018629097928,0.023129018629097928,0.515625,-9.778882805733247e-06,8.89461544062442e-06,64
response_first,28,7,-2.516183485566272e-06,-0.023122544367155887,0.023122544367155887,0.484375,3.282819761803323e-06,-8.31518673293586e-06,64
response_first,20,28,4.272385353947417e-06,0.023108740375761275,0.023108740375761275,0.5,6.809151432206703e-05,-5.9546743614172194e-05,64
response_first,35,2,-1.8362100036001536e-06,-0.023091450924583166,0.023091450924583166,0.453125,-7.244860626078502e-06,3.572440618878195e-06,64
response_first,33,13,7.645433015568062e-06,0.023048716390281422,0.023048716390281422,0.53125,-0.00016100395669125492,0.00017629482272239104,64
final_prompt,33,31,2.0460711539274865e-05,0.023033005523674283,0.023033005523674283,0.5,-0.0004023143060294156,0.0004432357291079653,64
response_mean,16,29,3.7129679753894885e-05,0.02302975115982065,0.02302975115982065,0.5,0.0004380466612019418,-0.00036378730169415205,64
response_first,20,1,2.5834057382188326e-06,0.02299871120906158,0.02299871120906158,0.5,1.4877231805591832e-05,-9.71042032915417e-06,64
public_task_span,35,4,3.017242306670422e-06,0.0229893949657324,0.0229893949657324,0.5,2.408587897661366e-05,-1.805139436327282e-05,64
final_prompt,21,1,5.647150373988552e-07,0.022978688923565773,0.022978688923565773,0.5,2.0566130274346506e-06,-9.271829526369402e-07,64
response_first,25,27,1.3781638585896397e-05,0.022974560040973813,0.022974560040973813,0.546875,-0.0003025358548711496,0.0003300991320429424,64
response_mean,32,24,-7.104087842435549e-07,-0.022965637104138646,0.022965637104138646,0.5,3.7137351966975984e-06,-5.134552765184708e-06,64
response_first,25,6,-3.3665702403573883e-06,-0.0229581312076554,0.0229581312076554,0.515625,-5.348410104487243e-05,4.675096056415766e-05,64
response_first,18,20,7.025560240236928e-07,0.022947341493769334,0.022947341493769334,0.5,1.1904574229504306e-05,-1.049946218145692e-05,64
final_prompt,32,24,-1.992912586954091e-06,-0.022922847357788153,0.022922847357788153,0.5,8.746659659663415e-06,-1.2732484833571596e-05,64
public_task_span,29,25,-9.363850767840477e-05,-0.0228572188873071,0.0228572188873071,0.484375,-0.0023830599056963997,0.0021957828903395905,64
response_first,35,1,-1.0579490492546029e-06,-0.022855530450101896,0.022855530450101896,0.5,-7.17334313549145e-06,5.057445036982244e-06,64
final_prompt,19,6,9.451209734843155e-06,0.022855171979320382,0.022855171979320382,0.5,-0.0001820171246435808,0.0002009195441132671,64
public_task_span,21,4,2.8276456305318863e-06,0.022828323900534457,0.022828323900534457,0.5,-1.2377486541477981e-05,1.803277780254175e-05,64
final_prompt,25,6,4.181781605441488e-06,0.022787185431777487,0.022787185431777487,0.515625,-7.087761605360119e-05,7.924117926448417e-05,64
response_first,15,7,2.502429317985136e-06,0.022738142674733154,0.022738142674733154,0.5,-1.1497453883176386e-05,1.6502312519146662e-05,64
final_prompt,30,7,1.0747503722557902e-06,0.02271887660461673,0.02271887660461673,0.5,6.998475555521091e-06,-4.84897481100951e-06,64
final_prompt,35,29,1.6341158698198007e-05,0.022709898372517266,0.022709898372517266,0.5,8.358342165593229e-05,-5.090110425953626e-05,64
public_task_span,20,17,1.190326952382942e-05,0.022689358618905975,0.022689358618905975,0.5,-2.3013572047150295e-05,4.682011109480912e-05,64
final_prompt,26,15,6.199589461175774e-05,0.022635716530127713,0.022635716530127713,0.515625,-0.0014458821533480464,0.0015698739425715619,64
response_first,22,29,1.2366638202375038e-06,0.022609060837887086,0.022609060837887086,0.5,-6.46645474944121e-06,8.939782389916218e-06,64
response_first,16,2,9.548303303573919e-07,0.022605430349227372,0.022605430349227372,0.5,-6.261524340799844e-06,8.171185001514627e-06,64
public_task_span,32,5,-9.292322147298829e-06,-0.02260272886043885,0.02260272886043885,0.484375,-0.00023475748980669937,0.00021617284551210173,64
final_prompt,19,14,8.532791866849782e-06,0.02259699925829628,0.02259699925829628,0.5,0.00011325186778774709,-9.618628405404753e-05,64
public_task_span,21,22,-8.848815753026756e-06,-0.02256968115441391,0.02256968115441391,0.5,-0.00013044697436724755,0.00011274934286119404,64
response_first,35,4,9.95776019862242e-07,0.02251815300927106,0.02251815300927106,0.5,-4.3428407252594474e-06,6.3343927649839316e-06,64
final_prompt,22,13,1.7407868426732631e-06,0.022464839407621482,0.022464839407621482,0.5,-1.4595086213368704e-05,1.807665989871523e-05,64
public_task_span,20,29,-1.760288682816794e-05,-0.022463115520191985,0.022463115520191985,0.484375,-6.945862514839004e-05,3.425285149205419e-05,64
public_task_span,13,12,-1.0182537951708426e-08,-0.022441842852854617,0.022441842852854617,0.5,1.8064776735604582e-07,-2.0101284325946267e-07,64
final_prompt,35,31,3.601768412412927e-06,0.0223990394673763,0.0223990394673763,0.515625,3.804913831117939e-05,-3.084560148635353e-05,64
response_mean,28,5,-2.8431433293013603e-05,-0.02237866527298633,0.02237866527298633,0.515625,-0.0003057957633245742,0.000248932896738547,64
response_first,15,13,7.25731008622256e-07,0.022343616563612924,0.022343616563612924,0.5,-7.178976253127049e-06,8.630438270371562e-06,64
public_task_span,12,22,-1.2458169294404675e-05,-0.022335805642400123,0.022335805642400123,0.484375,-0.00015885080574661834,0.00013393446715780901,64
response_first,10,17,1.5841218328198134e-05,0.022327762520840483,0.022327762520840483,0.5,9.816357555791482e-05,-6.648113890151859e-05,64
final_prompt,34,8,1.8192844208894777e-06,0.022296497965085503,0.022296497965085503,0.5,-1.0197811434403885e-05,1.3836380276182838e-05,64
response_first,19,9,3.2209725731036093e-07,0.022263311342304977,0.022263311342304977,0.5,2.3374153101940465e-07,4.104529836013171e-07,64
final_prompt,33,2,1.0993253454212131e-06,0.02225788167673607,0.02225788167673607,0.5,-7.345354333661706e-06,9.544005024504134e-06,64
final_prompt,23,3,3.060385893151497e-06,0.022232897356035324,0.022232897356035324,0.53125,3.99585258037372e-05,-3.3837754017434205e-05,64
response_first,19,10,1.1855211141670146e-06,0.022215371618074575,0.022215371618074575,0.5,6.929123117062528e-06,-4.5580808887285e-06,64
public_task_span,18,19,3.698933215900773e-05,0.02221400494041093,0.02221400494041093,0.5,-0.0004045163684622803,0.00047849503278029574,64
response_first,31,26,1.6723961095996566e-06,0.02220920757648138,0.02220920757648138,0.5,-8.45693421069482e-06,1.1801726429894132e-05,64
response_first,12,19,9.343227929998628e-06,0.022194026940008202,0.022194026940008202,0.5,1.5382184301409477e-05,3.3042715585877954e-06,64
public_task_span,21,25,2.8288035309738895e-05,0.02218240220776307,0.02218240220776307,0.515625,-2.8274457690760082e-06,5.9403516388553934e-05,64
post_selector,33,4,-4.8478623284607864e-05,-0.02217349579578659,0.02217349579578659,0.53125,-0.0015598220779792947,0.0014628648314100787,64
response_mean,25,19,1.5148961836065212e-06,0.022143047215165856,0.022143047215165856,0.546875,-2.5877563615490626e-05,2.890735598270367e-05,64
final_prompt,22,24,2.6689118044462127e-06,0.02212675009636955,0.02212675009636955,0.484375,-8.156315288944602e-06,1.3494138897837029e-05,64
response_first,25,19,3.781547661674267e-07,0.022102761923566614,0.022102761923566614,0.5,-1.6455301903306463e-06,2.4018397226654997e-06,64
public_task_span,31,13,-2.671133995590328e-05,-0.022099460315248343,0.022099460315248343,0.484375,-0.0007605772359511018,0.0007071545560392952,64
response_first,24,27,1.159247563010157e-05,0.02208999625446191,0.02208999625446191,0.5,-7.298366472240313e-05,9.616861598260625e-05,64
public_task_span,29,24,-2.549910414018343e-05,-0.02207089749207322,0.02207089749207322,0.5,-0.0002881278196582548,0.0002371296113778879,64
response_mean,22,12,3.1642969702243385e-06,0.021998217019519723,0.021998217019519723,0.53125,-6.926475521143364e-06,1.3255069461592043e-05,64
post_selector,10,9,-6.34859461570218e-05,-0.02199223360072325,0.02199223360072325,0.53125,-0.0003972427293774781,0.00027027083706343454,64
public_task_span,24,10,3.042816842934576e-06,0.021990367746894456,0.021990367746894456,0.515625,1.9424822767178666e-05,-1.3339189081309512e-05,64
public_task_span,16,27,3.391432073842818e-06,0.02194831754919831,0.02194831754919831,0.515625,4.663825643547215e-05,-3.9855392287786514e-05,64
public_task_span,21,9,1.470967299610482e-05,0.021936566899911115,0.021936566899911115,0.484375,-0.00020789676466391474,0.0002373161106561244,64
response_first,9,12,2.529965149733445e-05,0.02190910930312013,0.02190910930312013,0.5,-0.00025324396119684505,0.000303843264191514,64
response_first,20,13,3.573754678853902e-07,0.021904636744489375,0.021904636744489375,0.515625,-2.102358948263827e-06,2.8171098840346076e-06,64
public_task_span,29,26,-6.664611464657339e-05,-0.021885546414919174,0.021885546414919174,0.46875,-0.0011593421786528666,0.0010260499493597202,64
public_task_span,15,16,5.099597956356237e-06,0.021868947544223066,0.021868947544223066,0.53125,4.426524048994174e-05,-3.406604457722926e-05,64
response_first,34,30,9.891224635793825e-06,0.021859144803892686,0.021859144803892686,0.53125,-0.000277514103800034,0.00029729655307162166,64
final_prompt,31,30,4.202873969916089e-05,0.021852214004227263,0.021852214004227263,0.5,-0.0005674895801348594,0.0006515470595331813,64
response_first,7,14,2.3898036261016387e-07,0.021834952836265412,0.021834952836265412,0.5,7.138320370358997e-07,-2.3587131181557197e-07,64
public_task_span,14,14,-1.2824187706423861e-05,-0.02181995681796913,0.02181995681796913,0.5,-7.198157754827907e-05,4.6333202135431364e-05,64
public_task_span,32,3,-4.683589850174532e-05,-0.02178268869746213,0.02178268869746213,0.5,-0.0009598506912879968,0.0008661788942845063,64
response_mean,31,10,1.1889207598868456e-05,0.0217818043085751,0.0217818043085751,0.5,-4.482513895708859e-05,6.86035541548255e-05,64
response_first,12,0,-7.170819600332838e-07,-0.02175241544749524,0.02175241544749524,0.5,1.1166662147843454e-05,-1.260082606791002e-05,64
response_mean,18,8,-1.7249723896384842e-05,-0.021739652165638116,0.021739652165638116,0.484375,-0.00016240951026701549,0.0001279100624742458,64
response_first,32,2,1.1361158840369424e-05,0.021715864322042793,0.021715864322042793,0.5,-0.00032203375485548606,0.0003447560725362249,64
public_task_span,12,23,-1.611927655175826e-05,-0.02171559644520629,0.02171559644520629,0.484375,-4.6686560381198686e-05,1.4448007277682181e-05,64
post_selector,0,15,-0.00019677910313475004,-0.021714740844140493,0.021714740844140493,0.46875,-0.002389929628407103,0.001996371422137603,64
response_first,11,21,5.997852241534929e-07,0.021706754956253373,0.021706754956253373,0.5,4.745787691717851e-07,7.249916791352009e-07,64
response_mean,17,7,1.2628520039465417e-05,0.02167213175048497,0.02167213175048497,0.515625,-0.00011084543689320715,0.00013610247697213798,64
public_task_span,33,19,-2.772311563603204e-05,-0.021661778529439322,0.021661778529439322,0.46875,-0.0006943560456420265,0.0006389098143699623,64
response_mean,13,23,-1.2395519064512727e-06,-0.02164316941082072,0.02164316941082072,0.515625,7.2022957624488065e-06,-9.68139957535135e-06,64
response_first,13,31,-5.173641056902406e-06,-0.021634217331761404,0.021634217331761404,0.5,2.4899153231666552e-05,-3.5246435345471364e-05,64
public_task_span,32,8,-1.9340622202437753e-05,-0.021590622701275843,0.021590622701275843,0.5,-0.0004893069562967637,0.0004506257118918882,64
response_first,21,17,2.661804131775431e-06,0.021575351192543186,0.021575351192543186,0.484375,5.778252142362294e-05,-5.2458913160072085e-05,64
response_mean,17,31,1.6938260571919272e-07,0.021570687597298778,0.021570687597298778,0.484375,3.123217595657479e-08,3.0753303548181066e-07,64
final_prompt,22,27,9.249074928163736e-08,0.021566029505821958,0.021566029505821958,0.5,-8.486809512930904e-07,1.0336624498563651e-06,64
response_first,35,21,-9.681978099245406e-07,-0.021544367400306227,0.021544367400306227,0.484375,-3.867816417366701e-06,1.9314207975176216e-06,64
final_prompt,22,21,1.1454457762737501e-05,0.021518731916300906,0.021518731916300906,0.5,-5.915114525123439e-05,8.206006077670936e-05,64
final_prompt,23,23,5.272729367782935e-06,0.02147805038348552,0.02147805038348552,0.53125,4.3420888232495e-05,-3.287542949692912e-05,64
final_prompt,30,14,3.903668215343714e-07,0.021396450314899024,0.021396450314899024,0.5,-1.871264032615727e-07,9.678600463303155e-07,64
public_task_span,25,6,-1.4480264098878942e-06,-0.021369138943791045,0.021369138943791045,0.46875,-2.720199518078465e-06,-1.758533016973226e-07,64
public_task_span,17,24,1.868666004156362e-05,0.021350122756931347,0.021350122756931347,0.5,1.9238149434389445e-05,1.8135170648737777e-05,64
final_prompt,35,26,7.11138181941584e-06,0.021343466974789168,0.021343466974789168,0.515625,-5.8122248447035674e-05,7.234501208586733e-05,64
response_mean,26,2,4.041213287561234e-06,0.021341519751951032,0.021341519751951032,0.515625,-6.218677458490103e-05,7.02692011600235e-05,64
final_prompt,19,28,1.3884195539049712e-05,0.021334114039217426,0.021334114039217426,0.5,-0.00032685820679032084,0.0003546265978684203,64
response_first,16,16,1.5685140795071053e-06,0.021333284269501752,0.021333284269501752,0.5,1.944936701647411e-05,-1.6312338857459896e-05,64
public_task_span,7,4,1.5980787526626017e-08,0.021303601744020798,0.021303601744020798,0.5,4.537798459214315e-08,-1.341640953889111e-08,64
response_first,20,3,2.1751106302742984e-06,0.021299842000977676,0.021299842000977676,0.515625,4.7967796490395194e-05,-4.36175752298466e-05,64
response_mean,25,17,7.653908227225977e-07,0.02126409064035742,0.02126409064035742,0.5,-1.3470018117797672e-05,1.5000799763242867e-05,64
post_selector,27,25,-2.7679482627725738e-05,-0.021250034186779645,0.021250034186779645,0.546875,-0.0007637955513928093,0.0007084365861373578,64
response_first,27,0,-3.3542994515300967e-07,-0.021213312014996932,0.021213312014996932,0.5,-1.2706139500551217e-06,5.997540597491025e-07,64
response_first,22,30,-1.8588664261192996e-06,-0.02119616102079004,0.02119616102079004,0.5,-7.442852734132165e-06,3.7251198818935636e-06,64
public_task_span,30,8,-1.2526219052232296e-05,-0.02119155158000876,0.02119155158000876,0.484375,-0.00016450771045128625,0.00013945527234682166,64
public_task_span,22,4,5.773697125733079e-06,0.02118074611994395,0.02118074611994395,0.5,7.08710294929792e-05,-5.9323635241513045e-05,64
post_selector,17,29,-4.8790490836842794e-05,-0.021175593958744732,0.021175593958744732,0.609375,-0.000441645952378166,0.00034406497070448044,64
post_selector,25,25,-2.128422147507585e-05,-0.021167329147875877,0.021167329147875877,0.546875,-0.0002895297639042833,0.0002469613209541316,64
final_prompt,33,4,1.3516202670867292e-05,0.021163007624784184,0.021163007624784184,0.515625,7.72356652305388e-05,-5.020325988880422e-05,64
final_prompt,32,20,-2.5534075120993545e-06,-0.021156280674945203,0.021156280674945203,0.5,8.605622952005427e-06,-1.3712437976204132e-05,64
final_prompt,25,28,1.7026604837153577e-05,0.02114824999464735,0.02114824999464735,0.53125,-0.0001809281857276864,0.00021498139540199358,64
response_mean,14,11,1.1183841706949683e-05,0.02112014885374997,0.02112014885374997,0.484375,2.592420241853e-05,-3.556519004630598e-06,64
response_mean,16,4,1.2529854188871445e-05,0.021103281263842866,0.021103281263842866,0.5,1.1009223271680762e-05,1.4050485106062134e-05,64
response_first,19,17,4.3639082036861467e-07,0.02108812358616515,0.02108812358616515,0.5,2.098042500620067e-06,-1.2252608598828374e-06,64
public_task_span,17,23,-3.2756898349330373e-06,-0.021066406168686214,0.021066406168686214,0.5,-1.4083874361858074e-05,7.532494691991999e-06,64
final_prompt,23,27,1.1498663070579977e-06,0.021066059979960684,0.021066059979960684,0.515625,6.45819142164466e-06,-4.158458807528663e-06,64
response_mean,25,25,2.864086536646855e-05,0.021033814920245385,0.021033814920245385,0.546875,-0.00017371243757223696,0.0002309941683051741,64
response_first,28,15,7.255147806972674e-07,0.02103217105603487,0.02103217105603487,0.5,-1.9141609470807452e-05,2.0592639032201987e-05,64
public_task_span,6,20,-2.5505723897365636e-05,-0.02102974679074099,0.02102974679074099,0.5,-6.43524399492875e-05,1.3340992154556216e-05,64
response_mean,31,27,-1.1538800848143183e-07,-0.021016298745193333,0.021016298745193333,0.5,-1.534748399478758e-06,1.3039723825158944e-06,64
final_prompt,30,17,8.910522956284841e-05,0.02093991643574828,0.02093991643574828,0.5,-0.0008705768341314812,0.0010487872932571781,64
public_task_span,9,31,6.325235020200036e-06,0.02091627676625234,0.02091627676625234,0.5,4.5051406203809703e-05,-3.240093616340964e-05,64
public_task_span,16,16,-1.243390215677201e-05,-0.020913050408250963,0.020913050408250963,0.484375,0.0002167495322282618,-0.00024161733654180583,64
public_task_span,32,10,-1.8198161114919994e-05,-0.020892906284885996,0.020892906284885996,0.46875,-0.0004982314540029297,0.0004618351317730898,64
response_first,12,12,3.544564521006259e-06,0.020888269775619913,0.020888269775619913,0.5,9.795246654674784e-05,-9.086333750473531e-05,64
post_selector,19,3,0.00015573978089378237,0.020886924637947266,0.020886924637947266,0.46875,0.0015179899419308584,-0.0012065103801432938,64
public_task_span,5,29,-8.077628808678762e-05,-0.02086804540534462,0.02086804540534462,0.5,-0.0011081240190833064,0.000946571442909731,64
public_task_span,27,8,-1.8177590391132293e-05,-0.020818138084425973,0.020818138084425973,0.484375,-0.00027581856193135854,0.00023946338114909398,64
response_mean,12,19,6.651692501689447e-06,0.020817796849922052,0.020817796849922052,0.5,4.9111231874120475e-05,-3.580784687074159e-05,64
final_prompt,24,0,1.3702857337705154e-07,0.020812460105771632,0.020812460105771632,0.5,-1.7907678078188383e-06,2.0648249545729414e-06,64
response_first,20,6,-8.664432300517486e-07,-0.020800904342740942,0.020800904342740942,0.484375,-1.744537559034073e-05,1.571248913023723e-05,64
final_prompt,35,0,1.9701696146511937e-05,0.02068923333535627,0.02068923333535627,0.484375,-4.5114407839708364e-05,8.451780013273222e-05,64
final_prompt,28,27,3.9711378008178144e-07,0.020675190953075975,0.020675190953075975,0.484375,6.421006219170522e-06,-5.626778659006959e-06,64
final_prompt,33,17,5.0583123538672876e-05,0.020674718203090033,0.020674718203090033,0.5,0.00015315004384320767,-5.198379676586186e-05,64
public_task_span,8,1,-3.7314646306172282e-06,-0.020673273780436447,0.020673273780436447,0.484375,2.4525216304025936e-05,-3.198814556526039e-05,64
response_first,15,12,1.0490606712206055e-06,0.020670551805018884,0.020670551805018884,0.5,1.9958003775852265e-05,-1.7859882433411054e-05,64
final_prompt,31,0,3.856767034449216e-05,0.020654047946941374,0.020654047946941374,0.5,-0.00018767171786747812,0.0002648070585564625,64
public_task_span,30,27,-2.473685231052202e-05,-0.020643221273099737,0.020643221273099737,0.5,-0.0005517951844922049,0.0005023214798711608,64
public_task_span,35,31,5.202338343221604e-06,0.020637614279473755,0.020637614279473755,0.515625,-4.969725523557329e-06,1.537440221000054e-05,64
public_task_span,18,4,1.0034033039114737e-05,0.02061746654818269,0.02061746654818269,0.484375,0.00020902888081761586,-0.00018896081473938637,64
final_prompt,22,26,1.5653386071782403e-06,0.020607645500576862,0.020607645500576862,0.53125,1.013290329867998e-06,2.1173868844884853e-06,64
response_first,20,29,7.180038724685643e-08,0.0206035516817702,0.0206035516817702,0.515625,-8.04346603544559e-07,9.479473780382719e-07,64
final_prompt,34,24,1.29744631749312e-06,0.020595775597179622,0.020595775597179622,0.5,1.0317743885930735e-05,-7.722851250944498e-06,64
post_selector,1,25,-0.0005399976798798918,-0.02056622750383962,0.02056622750383962,0.5,0.0008417846402153277,-0.0019217799999751125,64
response_first,24,3,3.1887111617834307e-07,0.020537851585419147,0.020537851585419147,0.5,-8.477410915475048e-07,1.485483323904191e-06,64
final_prompt,31,23,3.585189347178821e-06,0.02053671036939903,0.02053671036939903,0.5,3.9173544337228445e-06,3.2530242606347923e-06,64
response_first,20,10,-6.048414983791936e-08,-0.020519278966619852,0.020519278966619852,0.53125,-6.738723814202208e-07,5.52904081744382e-07,64
public_task_span,1,6,-1.691479701547814e-05,-0.02051660828174898,0.02051660828174898,0.5,-0.00012157501259934376,8.774541856838749e-05,64
final_prompt,7,14,-1.176197019959119e-05,-0.02051521944971624,0.02051521944971624,0.5,-6.363837110257646e-05,4.0114430703394075e-05,64
response_first,17,8,1.9502874337717913e-07,0.020501933618120242,0.020501933618120242,0.515625,-1.3570759769265806e-06,1.7471334636809388e-06,64
public_task_span,16,24,2.98477752949122e-05,0.020497655966740084,0.020497655966740084,0.5,-0.0004633545286196662,0.0005230500792094906,64
final_prompt,11,31,-8.510856162047297e-07,-0.02047334331879498,0.02047334331879498,0.5,3.2099026157064105e-06,-4.91207384811587e-06,64
response_mean,34,9,2.444724600537434e-06,0.02046369374663452,0.02046369374663452,0.5,-1.5071202255959082e-05,1.996065145703395e-05,64
post_selector,24,27,5.7997673138749867e-05,0.020458935973069144,0.020458935973069144,0.484375,0.0002766523030004428,-0.00016065695672294302,64
response_first,10,18,2.44854827542417e-05,0.020439496823820923,0.020439496823820923,0.5,0.0005420840916485554,-0.0004931131261400719,64
response_first,25,4,2.5596240220639698e-06,0.02043908520691248,0.02043908520691248,0.5,2.1948690175565174e-05,-1.6829442131437237e-05,64
public_task_span,20,26,2.0168453374934655e-05,0.02038716794794168,0.02038716794794168,0.515625,-0.0001655712931096705,0.0002059081998595398,64
public_task_span,18,26,4.171291107013346e-05,0.02038570847995638,0.02038570847995638,0.5,-0.00011721792498065679,0.0002006437471209238,64
public_task_span,27,28,-4.0019119296629945e-05,-0.02033623680604361,0.02033623680604361,0.46875,-0.000916287845029717,0.0008362496064364573,64
response_first,18,21,-1.6964942020061974e-06,-0.020323333663168696,0.020323333663168696,0.5,-1.550380959257839e-05,1.2110821188565994e-05,64
response_mean,31,0,8.862701179170242e-06,0.020304464744951654,0.020304464744951654,0.5,-0.00020610436240529466,0.00022382976476363517,64
final_prompt,32,17,1.0949776424246185e-05,0.020295123113429733,0.020295123113429733,0.484375,-0.00010446976557430658,0.0001263693184227989,64
public_task_span,13,17,-1.0366330798201421e-05,-0.020294783812271955,0.020294783812271955,0.5,8.389946287931603e-06,-2.912260788433442e-05,64
response_mean,17,8,2.2004763877658634e-06,0.020269882489469888,0.020269882489469888,0.5,2.8334499120280144e-06,1.5675028635037133e-06,64
public_task_span,23,7,1.4053576933323432e-06,0.020238292291617974,0.020238292291617974,0.515625,5.772908593830954e-06,-2.962193207166268e-06,64
final_prompt,32,26,3.6507056222490064e-07,0.02022201910242055,0.02022201910242055,0.5,6.951294793111629e-07,3.5011645138638414e-08,64
response_first,35,14,5.60349485568215e-06,0.020214391459534877,0.020214391459534877,0.5,-8.05795789346841e-05,9.178656864604841e-05,64
response_mean,15,6,1.5288414232370146e-05,0.02020405715545179,0.02020405715545179,0.5,0.00013209951606541162,-0.00010152268760067136,64
public_task_span,10,3,-5.068583504907575e-06,-0.0201768022841239,0.0201768022841239,0.5,1.670072470005612e-05,-2.6837891709871287e-05,64
post_selector,2,21,0.00012180809517305005,0.02017256085381236,0.02017256085381236,0.359375,3.108707096544688e-05,0.0002125291193806533,64
response_first,33,2,1.125483905184131e-06,0.020163599736692926,0.020163599736692926,0.5,-2.2707730977339244e-05,2.495869878770751e-05,64
response_mean,8,23,-4.565822109722691e-06,-0.020151198499568545,0.020151198499568545,0.515625,-9.179710104947418e-06,4.8065885502028204e-08,64
final_prompt,19,19,6.241572236834898e-06,0.02014782831162768,0.02014782831162768,0.515625,2.282832497258313e-05,-1.034518049891334e-05,64
post_selector,8,27,3.8256574043779506e-05,0.020123404563029433,0.020123404563029433,0.4375,-0.0003367492536199113,0.0004132624017074703,64
public_task_span,28,24,-9.258785667041928e-07,-0.02011554392584171,0.02011554392584171,0.5,4.366775669949964e-06,-6.21853280335835e-06,64
final_prompt,31,4,5.447047124107642e-05,0.020082842157823876,0.020082842157823876,0.5,-0.000645070648715766,0.0007540115911979187,64
public_task_span,22,23,6.997099362130452e-07,0.020081034350789256,0.020081034350789256,0.515625,-3.1912559705911583e-06,4.590675843017249e-06,64
final_prompt,7,5,2.0019103388321212e-06,0.02006999378080376,0.02006999378080376,0.5,-2.111138677207938e-05,2.5115207449743618e-05,64
public_task_span,19,12,2.2927766963223284e-05,0.020066205960556905,0.020066205960556905,0.5,-0.0001941489110777161,0.0002400044450041626,64
final_prompt,31,5,5.992483784211805e-05,0.02004813925300786,0.02004813925300786,0.515625,-0.0003581629243853844,0.00047801260006962045,64
final_prompt,28,11,7.5308701525502e-05,0.020034600152468725,0.020034600152468725,0.5,-0.0015930831341392938,0.0017437005371902978,64
final_prompt,9,10,-5.065270158866042e-07,-0.0200106651458514,0.0200106651458514,0.5,1.5299604712026849e-06,-2.5430145029758933e-06,64
response_mean,21,20,2.211974333476855e-05,0.01994358100434542,0.01994358100434542,0.5,-0.0007003722093940863,0.0007446116960636232,64
public_task_span,30,9,-1.5400280631180357e-05,-0.0199300429039968,0.0199300429039968,0.484375,-7.051153011160915e-05,3.9710968849248466e-05,64
public_task_span,8,13,-7.1301619755092055e-06,-0.019917578495826194,0.019917578495826194,0.5,5.2096017498105094e-05,-6.635634144912348e-05,64
response_first,10,8,3.495412443047135e-06,0.019887804319846294,0.019887804319846294,0.5,-3.721088680208115e-05,4.4201711688175425e-05,64
final_prompt,35,18,-5.579097432922649e-06,-0.019875986591855164,0.019875986591855164,0.5,2.5906574592356407e-06,-1.3748852325080937e-05,64
public_task_span,18,6,5.302963018038393e-06,0.019842197904762906,0.019842197904762906,0.515625,5.748708497321003e-05,-4.688115893713324e-05,64
final_prompt,27,9,-4.073472973686667e-05,-0.019824824130919093,0.019824824130919093,0.5,-0.00027827656049337707,0.0001968071010196437,64
response_first,11,0,-3.998003739979545e-05,-0.019821833562060062,0.019821833562060062,0.5,0.00022966169854043102,-0.00030962177334002184,64
response_first,17,9,-9.62133412939973e-07,-0.019756793472992182,0.019756793472992182,0.5,-1.2370770150481454e-05,1.0446503324601508e-05,64
response_mean,25,0,3.5705394907381544e-07,0.01974913606552418,0.01974913606552418,0.515625,-6.757269972013091e-06,7.4713778701607225e-06,64
final_prompt,22,25,1.102893889991487e-06,0.019672367426165918,0.019672367426165918,0.515625,3.790409550644767e-07,1.8267468249184965e-06,64
public_task_span,24,8,-1.0338360993952492e-05,-0.019670523974530167,0.019670523974530167,0.484375,-0.00021441305375445713,0.00019373633176655213,64
response_first,32,17,-8.468212513435136e-07,-0.019641265538647253,0.019641265538647253,0.5,-1.255012091405407e-05,1.0856478411367043e-05,64
public_task_span,22,3,1.7706091966827094e-05,0.019629509609615466,0.019629509609615466,0.5,0.0001582385903020549,-0.00012282640636840074,64
public_task_span,19,14,2.6376688992965267e-05,0.01961975850321226,0.01961975850321226,0.5,-0.0001793353958419254,0.00023208877382785594,64
response_first,20,7,1.1222467435317926e-06,0.019612131782691403,0.019612131782691403,0.5,-4.097693761199303e-06,6.342187248262887e-06,64
response_first,21,2,5.771146902588951e-07,0.019601411829280064,0.019601411829280064,0.5,-2.9015410234478622e-06,4.055770403965653e-06,64
response_first,10,7,5.578907166637058e-05,0.019583216635331167,0.019583216635331167,0.5,-0.0007241964867716769,0.0008357746301044181,64
final_prompt,32,9,4.749851541417723e-06,0.019578178468236746,0.019578178468236746,0.5,1.783363268259174e-05,-8.333929599756289e-06,64
final_prompt,26,2,-1.9979308945045324e-05,-0.019554604095251265,0.019554604095251265,0.5,-0.00010643584755599062,6.647722966590002e-05,64
final_prompt,27,18,7.969338184920469e-05,0.019539899168566247,0.019539899168566247,0.515625,-0.0025642785403760878,0.0027236653040744966,64
public_task_span,0,6,0.00010546033809078278,0.01952060755211525,0.01952060755211525,0.5,0.00012851221617893443,8.240846000263124e-05,64
public_task_span,18,7,9.853137100887269e-06,0.019510981621571784,0.019510981621571784,0.515625,0.00015627912603120573,-0.00013657285182943122,64
response_mean,26,5,-2.1181359102232242e-06,-0.019510049624909744,0.019510049624909744,0.484375,-3.53368329797307e-05,3.1100561159284246e-05,64
public_task_span,21,31,-2.2937271751290335e-05,-0.01947659845237124,0.01947659845237124,0.5,-3.1937582207323506e-05,-1.3936961295257205e-05,64
public_task_span,19,26,7.5099767968795795e-06,0.019463959802674544,0.019463959802674544,0.5,-0.0001602910659812388,0.00017531101957499794,64
public_task_span,33,10,-2.9338287731654488e-05,-0.019455169260271656,0.019455169260271656,0.5,-0.0009080418940356735,0.0008493653185723645,64
public_task_span,8,12,-5.739883818024558e-06,-0.01945274749048376,0.01945274749048376,0.5,-0.0001351942155451921,0.00012371444790914302,64
final_prompt,32,7,0.0001242575021933593,0.019445330250631585,0.019445330250631585,0.5,0.0005352819589461375,-0.00028676695455941885,64
response_first,19,7,-5.317642717273212e-06,-0.019406846376112008,0.019406846376112008,0.484375,-6.270618996494524e-05,5.207090453039881e-05,64
response_first,30,11,6.494110607489987e-06,0.019400397500613228,0.019400397500613228,0.515625,-7.91377410678252e-05,9.212596228280517e-05,64
response_first,33,22,-3.94570417938684e-06,-0.019387492423823087,0.019387492423823087,0.515625,-0.00013398746887103154,0.00012609606051225788,64
response_first,8,17,2.4639137166122642e-06,0.01936351634026304,0.01936351634026304,0.5,-3.444166594589752e-05,3.9369493379122044e-05,64
final_prompt,19,18,9.995804362015556e-07,0.019330856738432097,0.019330856738432097,0.5,-3.4890702522749616e-06,5.488231124678072e-06,64
public_task_span,26,30,-3.169668843836308e-06,-0.019305666366647097,0.019305666366647097,0.5,-5.0267462029287644e-05,4.3928124341615024e-05,64
response_first,23,3,6.374732635085115e-07,0.01928683273648546,0.01928683273648546,0.5,2.8676906822491636e-06,-1.5927441552321397e-06,64
public_task_span,28,22,1.975015220522897e-05,0.01928492347174392,0.01928492347174392,0.5,-0.0002026988622674326,0.00024219916667789053,64
response_mean,26,4,1.2291490634192523e-05,0.01927080887281024,0.01927080887281024,0.484375,-0.0003094469684583385,0.00033402994972672354,64
final_prompt,25,15,1.1779504575317872e-05,0.01926815210421307,0.01926815210421307,0.515625,-7.081067815306541e-05,9.436968730370111e-05,64
response_mean,23,18,-8.417566519369706e-07,-0.019250594027144113,0.019250594027144113,0.5,-1.2841735752998848e-05,1.1158222449124907e-05,64
response_mean,18,2,-4.242755812811094e-05,-0.019219116797632708,0.019219116797632708,0.5,-1.3148619700584403e-05,-7.170649655563756e-05,64
public_task_span,25,3,-7.698416766282052e-07,-0.01920770442816316,0.01920770442816316,0.5,-1.022394849314934e-05,8.68426513989293e-06,64
response_mean,14,14,1.843750578700276e-05,0.01920543737654231,0.01920543737654231,0.5,6.532469524244588e-05,-2.844968366844034e-05,64
response_first,30,22,3.834756370224568e-07,0.01918977749501179,0.01918977749501179,0.515625,1.6761100170015197e-06,-9.091587429566061e-07,64
response_mean,12,21,-5.28012066070005e-07,-0.01912054626553519,0.01912054626553519,0.5,-1.8082533415508806e-05,1.7026509283368796e-05,64
response_mean,17,6,3.686305120709626e-06,0.019068880146343795,0.019068880146343795,0.515625,4.564882095791373e-05,-3.827621071649448e-05,64
response_mean,16,25,-2.258228596474383e-05,-0.019068424445857303,0.019068424445857303,0.515625,-7.889950029494273e-05,3.373492836545511e-05,64
response_first,30,30,-5.599848691417719e-07,-0.0190578781998766,0.0190578781998766,0.5,-1.7764209587767255e-06,6.564512204931816e-07,64
public_task_span,10,12,-1.2650547432706367e-05,-0.019055724257901245,0.019055724257901245,0.484375,-7.713912782490284e-05,5.1838032959490084e-05,64
post_selector,4,18,0.00023179785921457227,0.019054883831744012,0.019054883831744012,0.46875,0.0007971574505063585,-0.0003335617320772137,64
response_first,16,6,8.408200073968518e-07,0.019018982678130437,0.019018982678130437,0.53125,-6.329689313133926e-06,8.011329327927628e-06,64
public_task_span,12,10,-3.736467760972894e-05,-0.019011793236468337,0.019011793236468337,0.5,0.0001938824016178844,-0.00026861175683734223,64
response_first,23,20,1.6385414482988583e-06,0.0189970814554083,0.0189970814554083,0.484375,3.3111792504307555e-05,-2.9834709607709838e-05,64
response_mean,20,22,-1.5883134665279857e-06,-0.018995458830714095,0.018995458830714095,0.5,-3.118154330649704e-05,2.8004916373441072e-05,64
public_task_span,22,19,1.1839308172058455e-05,0.018983402158558985,0.018983402158558985,0.5,-0.00011651320801319106,0.00014019182435730796,64
public_task_span,29,5,-9.952879622685612e-06,-0.018981451389872995,0.018981451389872995,0.5,-0.0002566924611073543,0.00023678670186198303,64
final_prompt,29,18,-4.588955562215944e-06,-0.01897098904146215,0.01897098904146215,0.515625,-0.00016845100253700976,0.00015927309141257787,64
public_task_span,0,19,6.25448119535563e-05,0.01895005779845152,0.01895005779845152,0.5,-0.00014014680709805948,0.0002652364310051719,64
response_first,33,7,1.0975090617650264e-05,0.018919558919102786,0.018919558919102786,0.5,-0.00012013034802292911,0.00014208052925822963,64
public_task_span,27,13,-3.791396829911174e-05,-0.018891411496824044,0.018891411496824044,0.5,-0.0013038521319685748,0.0012280241953703513,64
response_mean,35,13,3.1667580060470326e-06,0.018874023286789048,0.018874023286789048,0.515625,2.9969216939196056e-05,-2.3635700927101984e-05,64
post_selector,8,5,-1.1117519989052978e-05,-0.01884998840533991,0.01884998840533991,0.5,0.00010931518636425243,-0.00013155022634235846,64
response_first,15,6,-2.4283139943293e-07,-0.018832326482676912,0.018832326482676912,0.5,2.6480455339594755e-07,-7.504673522618075e-07,64
public_task_span,9,10,-3.394224378895992e-06,-0.018798780004182905,0.018798780004182905,0.515625,-5.272993186622038e-05,4.59414831084284e-05,64
post_selector,30,21,2.8371391181277654e-05,0.018783187338054525,0.018783187338054525,0.5,-0.0007298712916963038,0.000786614074058859,64
response_mean,15,17,9.802211174300186e-06,0.01876337167516751,0.01876337167516751,0.5,-2.801092458071922e-05,4.7615346929319613e-05,64
post_selector,32,30,3.3069717630951356e-07,0.018762482887844868,0.018762482887844868,0.484375,-1.217817839460622e-06,1.879212192079649e-06,64
final_prompt,26,9,2.3482797928409127e-07,0.018752121839349177,0.018752121839349177,0.484375,6.253013964396813e-07,-1.5564543787149882e-07,64
response_first,14,1,-4.135650542025361e-07,-0.01875191566088019,0.01875191566088019,0.5,3.1738606764974975e-06,-4.0009907849025694e-06,64
response_first,3,8,0.0001764359039952954,0.01874749390140627,0.01874749390140627,0.5,-0.003065257857087997,0.0034181296650785875,64
response_first,31,11,-3.442229626667802e-06,-0.018725572208006802,0.018725572208006802,0.5,-7.300108131856828e-05,6.611662206523269e-05,64
response_mean,19,10,3.1060536457518474e-05,0.01872270066358293,0.01872270066358293,0.53125,-0.00020559345603032286,0.0002677145289453598,64
response_mean,25,18,-7.218498154780791e-07,-0.018710136971528884,0.018710136971528884,0.484375,-6.318624485855666e-06,4.874924854899507e-06,64
response_first,34,14,-6.347739144987816e-06,-0.01869627183270035,0.01869627183270035,0.4375,3.558248954504919e-05,-4.8277967835024836e-05,64
response_first,25,18,-9.090293104913229e-07,-0.018694650524811444,0.018694650524811444,0.5,5.691355227113542e-07,-2.3871941436940014e-06,64
public_task_span,14,23,-3.3855908441107323e-06,-0.018690967196754983,0.018690967196754983,0.46875,3.3380611057564056e-06,-1.0109242793977871e-05,64
response_first,33,6,3.116718744422501e-05,0.01867665775382422,0.01867665775382422,0.5,-0.0005311373215590656,0.0005934716964475157,64
response_first,14,16,-6.701667629727053e-06,-0.01867540149322034,0.01867540149322034,0.5,-3.707003131125853e-05,2.3666696051804434e-05,64
response_mean,13,31,-1.6717043536107417e-06,-0.018671151269214557,0.018671151269214557,0.484375,-2.728649246818512e-05,2.3943083760963637e-05,64
final_prompt,30,15,-3.1680997949489023e-06,-0.018667006918680677,0.018667006918680677,0.5,-1.934581666772969e-05,1.3009617077831887e-05,64
response_mean,28,26,1.6988501272408024e-07,0.018662862015525063,0.018662862015525063,0.5,-4.792403274223034e-07,8.19010352870464e-07,64
response_mean,26,0,8.082814929366088e-06,0.018650640319630894,0.018650640319630894,0.5,-2.173921348002816e-05,3.7904843338760345e-05,64
response_first,10,9,3.6277686376702957e-05,0.01864217087657401,0.01864217087657401,0.5,6.391099486790253e-05,8.644377885503614e-06,64
response_mean,16,26,-7.349532552322985e-06,-0.01861513853958516,0.01861513853958516,0.5,9.773539750312492e-05,-0.0001124344626077709,64
response_first,24,22,1.5204849205470314e-05,0.018593210454022464,0.018593210454022464,0.5,-0.00017666609619481564,0.00020707579460575623,64
response_first,34,22,1.1996999376136724e-06,0.018582948009952922,0.018582948009952922,0.5,2.602975638409878e-05,-2.3630356508871438e-05,64
public_task_span,35,14,4.7825073124843234e-05,0.01856877968496757,0.01856877968496757,0.5,-0.00079763775283935,0.0008932878990890367,64
response_first,34,18,5.153236486421515e-07,0.018566743810524092,0.018566743810524092,0.5,-1.236279558725071e-07,1.1542752531568114e-06,64
response_first,7,12,-2.254499875675719e-08,-0.018558983616128778,0.018558983616128778,0.515625,-2.3627570300277512e-07,1.9118570548926073e-07,64
response_first,35,10,4.53197060324289e-06,0.018547136720664957,0.018547136720664957,0.5,-8.138345242512542e-05,9.044739363161118e-05,64
final_prompt,25,17,1.7813864019446231e-06,0.018503659590803093,0.018503659590803093,0.515625,-2.5880108296394513e-05,2.9442881100283758e-05,64
public_task_span,29,7,-1.1992661711702417e-05,-0.018490575620847764,0.018490575620847764,0.4375,-0.0002565394497650996,0.00023255412634169475,64
post_selector,33,5,-1.6548456187589682e-05,-0.018473686946607504,0.018473686946607504,0.484375,-0.00054819977958684,0.0005151028672116607,64
final_prompt,16,15,3.9973892853661444e-06,0.01845165358999708,0.01845165358999708,0.5,-6.996880620134592e-05,7.79635847720782e-05,64
final_prompt,11,23,4.757714009429037e-07,0.018434536973284472,0.018434536973284472,0.515625,-9.69926702509838e-07,1.9214695043956453e-06,64
public_task_span,21,13,-2.195491833844398e-05,-0.01843167095562201,0.01843167095562201,0.5,-0.00034979752126671957,0.00030588768458983157,64
response_first,22,22,5.236385703711249e-06,0.01842872630757011,0.01842872630757011,0.5625,-0.00012479207691738588,0.00013526484832480836,64
response_mean,19,13,6.955561445921014e-05,0.018407519865960474,0.018407519865960474,0.46875,0.0019379845539333278,-0.0017988733250149072,64
final_prompt,18,3,1.4821009415311948e-06,0.018391991533932957,0.018391991533932957,0.5,-4.627825660472658e-07,3.426984449109653e-06,64
response_mean,15,4,9.133094707178019e-06,0.018368227568603603,0.018368227568603603,0.5,0.00014971525951067307,-0.00013144907009631702,64
public_task_span,34,2,-3.122037742286926e-05,-0.018357995724632613,0.018357995724632613,0.484375,-0.0008052262637647539,0.0007427855089190154,64
public_task_span,31,5,-2.3667697860221076e-05,-0.01833835969223877,0.01833835969223877,0.5,-0.0005166545342944842,0.00046931913857404194,64
public_task_span,6,16,-8.420661106356116e-05,-0.018334569913601637,0.018334569913601637,0.5,-0.0001499317731941083,-1.848144893301407e-05,64
public_task_span,12,9,-2.67516336407385e-05,-0.018326108719396366,0.018326108719396366,0.5,-0.00022852706160846775,0.0001750237943269907,64
response_mean,27,3,-5.633138933092141e-08,-0.018299141703750424,0.018299141703750424,0.5,-8.232033721355947e-08,-3.03424414482833e-08,64
public_task_span,6,8,-3.8222537114053295e-05,-0.01829563270944846,0.01829563270944846,0.5,-0.0004632992640836042,0.00038685418985549765,64
response_first,27,24,-3.279413817832674e-06,-0.018287131057634215,0.018287131057634215,0.5,-8.206628012884552e-05,7.550745249318018e-05,64
response_mean,35,24,-7.713703553237711e-06,-0.018254903242898052,0.018254903242898052,0.5,-4.756101952808187e-05,3.2133612421606434e-05,64
public_task_span,17,0,-7.473546929761383e-06,-0.01825329116983066,0.01825329116983066,0.484375,-6.338784669424078e-05,4.8440752834718044e-05,64
public_task_span,31,1,3.94922358282254e-06,0.018251659697790707,0.018251659697790707,0.515625,-4.3456447201596906e-05,5.135489436724198e-05,64
public_task_span,25,28,-1.0903506790784611e-05,-0.01824478195453144,0.01824478195453144,0.515625,-0.00033738081492626696,0.0003155738013446978,64
final_prompt,23,18,3.1015339629902883e-07,0.01823598653125398,0.01823598653125398,0.5,-7.568690204351469e-06,8.188996996949527e-06,64
final_prompt,30,23,1.7335536881559434e-06,0.018231846007999482,0.018231846007999482,0.5,-3.7778992236768294e-06,7.245006599988718e-06,64
response_mean,31,19,-4.948482512645569e-07,-0.01821177296999154,0.01821177296999154,0.5,-6.720951461147706e-06,5.731254958618592e-06,64
response_first,23,19,-2.2915202535500612e-07,-0.01821033687922246,0.01821033687922246,0.5,-8.018554424893409e-07,3.435513917793287e-07,64
final_prompt,33,9,1.506856688137602e-05,0.018189175447813278,0.018189175447813278,0.5,-0.0003584935457183712,0.0003886306794811232,64
response_first,22,3,3.812045406443911e-06,0.01815495425090838,0.01815495425090838,0.53125,4.59820835203453e-05,-3.8357992707457495e-05,64
public_task_span,26,18,-1.3480039115164273e-05,-0.01808789968504049,0.01808789968504049,0.46875,-0.00030290887480076336,0.00027594879657043487,64
response_first,35,16,4.276661229587268e-06,0.01806447937635102,0.01806447937635102,0.515625,1.3221440440234466e-05,-4.66811798105994e-06,64
public_task_span,10,20,-2.3428356143993664e-05,-0.018054257997975668,0.018054257997975668,0.5,-1.3439828762777655e-05,-3.341688352520965e-05,64
public_task_span,20,7,6.8322598849606365e-06,0.018041967230046013,0.018041967230046013,0.515625,-9.659550232753926e-05,0.0001102600220974605,64
public_task_span,9,27,-9.710078302309556e-06,-0.018037642360418483,0.018037642360418483,0.484375,-2.5744226149985663e-05,6.324069545366599e-06,64
response_first,19,20,1.3172139006200864e-06,0.01803055736087154,0.01803055736087154,0.515625,7.431076198822831e-06,-4.796648397582657e-06,64
response_mean,33,5,8.047123628786685e-06,0.018012463066374915,0.018012463066374915,0.515625,-0.00027077791582993824,0.0002868721630875117,64
final_prompt,29,29,1.2443528021312005e-06,0.018000170345933958,0.018000170345933958,0.5,5.281419191755708e-06,-2.7927135874933084e-06,64
response_first,16,3,1.1805264494845982e-06,0.01798479308089925,0.01798479308089925,0.5,4.885558880117437e-06,-2.5245059811482406e-06,64
final_prompt,34,9,2.4653052150821714e-06,0.01794979453118678,0.01794979453118678,0.5,-8.6833154000403e-06,1.3613925830204642e-05,64
public_task_span,5,2,0.00011820795043605462,0.017925591350138364,0.017925591350138364,0.5,-0.0013075414899503721,0.001543957390822481,64
public_task_span,14,2,-7.119199381118069e-07,-0.017918234902834503,0.017918234902834503,0.46875,6.298869834607038e-07,-2.0537268596843175e-06,64
response_first,35,25,5.1916925258409186e-05,0.017908820920961608,0.017908820920961608,0.5,-0.00019833430815197178,0.00030216815866879036,64
response_first,12,27,2.5411694650762008e-06,0.01790187422210409,0.01790187422210409,0.5,-2.9568498007387572e-05,3.465083693753997e-05,64
final_prompt,35,7,1.977295909227906e-07,0.017888808178839435,0.017888808178839435,0.484375,-3.7003828765591606e-06,4.095842058404742e-06,64
public_task_span,33,18,-3.027906859642021e-05,-0.017862863356815997,0.017862863356815997,0.5,-0.0001479070306231709,8.734889343033037e-05,64
final_prompt,24,17,9.917612624121461e-05,0.017861895421256452,0.017861895421256452,0.484375,0.001447419548640022,-0.0012490672961575928,64
response_mean,25,1,4.809362295077335e-07,0.01780374445214214,0.01780374445214214,0.5,-3.7972644690853485e-06,4.7591369281008156e-06,64
final_prompt,27,27,4.693844971374018e-06,0.017799976580033544,0.017799976580033544,0.5,-8.273448702311067e-05,9.21221769658587e-05,64
final_prompt,27,22,8.247583991764068e-06,0.017798939481626197,0.017798939481626197,0.5,-2.6878034987015617e-05,4.3373202970543746e-05,64
final_prompt,19,0,1.5936034742484264e-05,0.017789363004450658,0.017789363004450658,0.5,0.0004443519387677792,-0.00041247986928281066,64
public_task_span,23,24,5.829698693559763e-06,0.0177883348836749,0.0177883348836749,0.515625,0.00017893266976895723,-0.0001672732723818377,64
response_first,9,21,3.599518322512691e-06,0.017786857804708567,0.017786857804708567,0.5,-1.402186899212756e-05,2.1220905637152947e-05,64
response_first,22,24,3.4038722418394123e-07,0.017770754929485197,0.017770754929485197,0.5,-1.7655477932976282e-06,2.4463222416655107e-06,64
final_prompt,33,8,-4.057887963427629e-06,-0.017707978833534865,0.017707978833534865,0.5,-8.666846815684202e-05,7.855269222998677e-05,64
public_task_span,20,1,1.0208180185600244e-05,0.017691816177761718,0.017691816177761718,0.484375,5.747904583586155e-05,-3.706268546466106e-05,64
final_prompt,28,7,7.059468316583492e-06,0.01769020522387356,0.01769020522387356,0.5,0.00016247319763349797,-0.00014835426100033095,64
final_prompt,7,22,1.0639311767590901e-05,0.017667016346554543,0.017667016346554543,0.5,-0.0001383704800446091,0.00015964910357979092,64
public_task_span,33,9,-1.7927128737936896e-05,-0.017666622010179323,0.017666622010179323,0.484375,-0.0007050624935800187,0.0006692082361041449,64
public_task_span,9,3,-1.5049995454325716e-06,-0.01766191102970821,0.01766191102970821,0.5,-1.344235101896612e-05,1.043235192810098e-05,64
public_task_span,15,9,1.4085172551859257e-05,0.017603737304930152,0.017603737304930152,0.5,-0.00013151194298187765,0.00015968228808559617,64
response_first,33,29,8.53103983899494e-06,0.017591793485274496,0.017591793485274496,0.5,-0.0003112167510152788,0.00032827883069326866,64
final_prompt,15,14,2.0232503317174625e-07,0.017589643958044396,0.017589643958044396,0.515625,2.6745079395595894e-07,1.3719927238753366e-07,64
response_first,22,7,1.7357685635474664e-06,0.017576306783657396,0.017576306783657396,0.5,2.1458222732909214e-05,-1.7986685605814282e-05,64
public_task_span,34,27,-2.4841726258282635e-06,-0.017562500728319885,0.017562500728319885,0.5,7.46185709203798e-05,-7.958691617203633e-05,64
public_task_span,7,17,2.312989124676102e-06,0.017559739851672623,0.017559739851672623,0.5,-1.2994926578350645e-05,1.7620904827702846e-05,64
public_task_span,25,20,4.6559960082944565e-06,0.01753960170305623,0.01753960170305623,0.5,7.142446543183676e-05,-6.211247341524784e-05,64
public_task_span,10,14,-1.3839889106750013e-05,-0.017537573403552893,0.017537573403552893,0.5,8.164470273181249e-06,-3.584424848668124e-05,64
response_mean,18,23,-7.743920923531208e-05,-0.01752467515614477,0.01752467515614477,0.5,-0.0016776375696281156,0.0015227591511574913,64
response_first,24,28,8.772831506576048e-06,0.017479260070279577,0.017479260070279577,0.53125,3.4646704989435624e-05,-1.7101041976283527e-05,64
public_task_span,13,26,-8.843156138026641e-06,-0.017401353241502996,0.017401353241502996,0.5,-0.00011476717372715421,9.708086145110095e-05,64
public_task_span,3,18,-0.0001150096977653485,-0.01737709615378017,0.01737709615378017,0.5,-0.0006776049049221875,0.0004475855093914906,64
public_task_span,16,18,-1.3746804597751056e-05,-0.017334207541144883,0.017334207541144883,0.484375,0.00011687631376844407,-0.0001443699229639462,64
response_mean,20,6,7.917099537733608e-06,0.017326460983943064,0.017326460983943064,0.484375,-0.00016424368413935422,0.00018007788321482146,64
public_task_span,20,14,1.285127416395461e-05,0.017324989785027393,0.017324989785027393,0.515625,-5.549466288810814e-05,8.119721121601739e-05,64
final_prompt,16,25,1.4350576748253502e-05,0.01730580554355493,0.01730580554355493,0.5,-0.00022376419656210732,0.0002524653500586143,64
public_task_span,30,25,-5.993310537635122e-06,-0.017269400165066003,0.017269400165066003,0.5,-4.8088930384440786e-05,3.610230930917055e-05,64
response_mean,17,27,6.400373763426495e-05,0.017260999827351166,0.017260999827351166,0.546875,0.00019644388567031728,-6.843641040178721e-05,64
response_mean,15,31,2.484018295943475e-06,0.017231397279923937,0.017231397279923937,0.5,-2.9805297799605132e-05,3.477333439149208e-05,64
final_prompt,29,28,7.429631381225371e-07,0.017228055767331787,0.017228055767331787,0.5,-9.79605187012424e-06,1.1281978146369314e-05,64
public_task_span,12,21,-4.443452553457601e-06,-0.017225047889747946,0.017225047889747946,0.5,-0.00010477148407515364,9.588457896823843e-05,64
response_first,33,10,2.0096391835976086e-05,0.017216681272266224,0.017216681272266224,0.515625,-0.0005806963413305935,0.0006208891250025457,64
response_first,10,28,-6.775441761418531e-06,-0.0172147950470371,0.0172147950470371,0.5,-2.965321982627539e-05,1.610233630343833e-05,64
public_task_span,25,17,-1.1000091433274565e-06,-0.0172093929255185,0.0172093929255185,0.5,-1.6399278024435685e-05,1.4199259737780773e-05,64
public_task_span,28,25,-1.989632437466247e-06,-0.017200628257243413,0.017200628257243413,0.46875,1.996834453166685e-05,-2.3947609406599347e-05,64
response_mean,11,8,-1.3117254660256299e-06,-0.017172845771152447,0.017172845771152447,0.484375,1.7806515643310614e-05,-2.0429966575361874e-05,64
final_prompt,28,4,2.9233012241982165e-06,0.017158279020388988,0.017158279020388988,0.5,-1.171733049432108e-05,1.7563932942717513e-05,64
response_mean,10,28,-5.137375865159353e-06,-0.01715724702001027,0.01715724702001027,0.515625,-2.481228784744531e-05,1.4537536117126594e-05,64
response_mean,19,6,4.205122877462818e-06,0.017144493169177603,0.017144493169177603,0.5,-9.998292762246702e-05,0.00010839317337739263,64
public_task_span,16,17,-6.52421044833679e-06,-0.017121371891315434,0.017121371891315434,0.5,0.00018475912565915837,-0.00019780754655583194,64
response_mean,16,0,1.614591624843409e-05,0.017119337087820558,0.017119337087820558,0.5,0.00020312276689081466,-0.0001708309343939465,64
public_task_span,24,20,2.771581193884259e-06,0.017086247401088786,0.017086247401088786,0.5,-2.3888981786499083e-05,2.9432144174267606e-05,64
final_prompt,26,11,-9.724832068528223e-07,-0.017078160847599156,0.017078160847599156,0.5,8.536441782775631e-06,-1.0481408196481275e-05,64
final_prompt,9,30,-2.2783796538305936e-07,-0.017077269615555446,0.017077269615555446,0.5,-1.980983594052077e-06,1.5253076632859577e-06,64
response_mean,18,17,9.55632431782802e-05,0.017071388060954432,0.017071388060954432,0.484375,-0.000604340760673939,0.0007954672470304991,64
response_first,11,22,-1.5780318307178346e-05,-0.01706690900448574,0.01706690900448574,0.484375,-0.0001910984638584476,0.0001595378272440909,64
response_first,13,18,-6.2077156144430795e-06,-0.017059330420400514,0.017059330420400514,0.5,-8.724200847609266e-05,7.48265772472065e-05,64
response_first,9,4,1.0172516908828047e-06,0.017021833943341707,0.017021833943341707,0.5,3.872570232485684e-06,-1.838066850720073e-06,64
public_task_span,15,12,1.681491448834969e-05,0.01700820545476034,0.01700820545476034,0.515625,0.0004852781257795611,-0.00045164829680286166,64
response_mean,19,16,8.685363809491799e-06,0.01699134879186678,0.01699134879186678,0.5,-5.0709509196155854e-05,6.808023681513944e-05,64
response_mean,25,12,-4.6246042018083244e-07,-0.0169651293636457,0.0169651293636457,0.546875,4.275862309555123e-06,-5.200783149916788e-06,64
response_first,12,14,1.1661678087193582e-05,0.01696168898193819,0.01696168898193819,0.515625,9.783936003770696e-05,-7.451600386331978e-05,64
post_selector,4,1,0.00020558891083055295,0.01693726852074203,0.01693726852074203,0.546875,-0.0004923964770568875,0.0009035742987179938,64
public_task_span,14,3,-4.49414230274728e-07,-0.016932152926406138,0.016932152926406138,0.484375,5.757228933598748e-07,-1.4745513539093317e-06,64
response_mean,28,4,3.4694231487728963e-06,0.01689945719639431,0.01689945719639431,0.53125,2.933026763684712e-05,-2.2391421339301335e-05,64
response_mean,18,28,6.282124263634964e-05,0.016888017635291873,0.016888017635291873,0.5,0.0003928673600057612,-0.0002672248747330622,64
response_first,20,23,-7.989176751259648e-07,-0.01688704343514184,0.01688704343514184,0.5,-1.661434549759552e-05,1.5016510147343592e-05,64
response_first,20,4,6.1900141190604046e-06,0.016843066998541524,0.016843066998541524,0.515625,-4.011871260445301e-05,5.2498740842573836e-05,64
response_first,19,14,4.839230882680168e-06,0.016842177505085123,0.016842177505085123,0.515625,3.844376692541319e-05,-2.8765305160052853e-05,64
response_first,23,25,2.6603779588184175e-06,0.016821082137966806,0.016821082137966806,0.515625,2.870453022296215e-05,-2.3383774305325315e-05,64
public_task_span,30,30,-9.83238578557313e-07,-0.016785147549654388,0.016785147549654388,0.5,8.106667792161351e-06,-1.0073144949275974e-05,64
public_task_span,17,25,1.2901385275657993e-05,0.016772813014320306,0.016772813014320306,0.53125,-5.7420363646085015e-05,8.322313419740102e-05,64
final_prompt,17,0,-3.2344157148134167e-06,-0.016759311556590047,0.016759311556590047,0.5,-2.5598692900520453e-05,1.9129861470893626e-05,64
response_mean,29,21,-5.897505843677209e-07,-0.016746147134465154,0.016746147134465154,0.5,-4.72026289344285e-06,3.5407617247074086e-06,64
public_task_span,32,2,-3.0057445655989326e-05,-0.01674505528220066,0.01674505528220066,0.5,-0.0010220407530141255,0.0009619258617021467,64
response_mean,18,3,1.1307729863584265e-06,0.016733514700316008,0.016733514700316008,0.5,1.6167946512263094e-05,-1.3906400539546245e-05,64
public_task_span,16,21,2.1145549595740578e-06,0.016706395950109063,0.016706395950109063,0.5,-2.0607642341017762e-05,2.483675226016588e-05,64
response_first,25,13,1.7500798890043378e-06,0.01669922668704315,0.01669922668704315,0.5,-1.5471391407113085e-05,1.8971551185121764e-05,64
response_mean,30,16,-1.223874869538664e-05,-0.016688988134419505,0.016688988134419505,0.5,-4.524694713836395e-05,2.0769449747590702e-05,64
response_first,8,23,1.0224996174192565e-06,0.016683817494905866,0.016683817494905866,0.5,1.149335804484405e-05,-9.448358810005538e-06,64
response_first,17,4,-6.123124495944822e-07,-0.01667773867065729,0.01667773867065729,0.5,-7.439005474479159e-06,6.214380575290195e-06,64
response_first,31,2,4.895849997412712e-06,0.01667525935477822,0.01667525935477822,0.515625,-1.4208108041203856e-05,2.399980803602928e-05,64
response_first,28,22,4.630742296277146e-06,0.01666479803162666,0.01666479803162666,0.5,-3.0214344405982485e-05,3.947582899853677e-05,64
public_task_span,23,5,-9.482099443381632e-07,-0.016644885426267107,0.016644885426267107,0.5,-6.450384859130453e-06,4.553964970454126e-06,64
response_first,13,0,-9.130799849542543e-06,-0.01663505491213041,0.01663505491213041,0.5,-0.00017218053628908171,0.00015391893658999662,64
public_task_span,8,4,-5.262716058492961e-06,-0.01662439715821057,0.01662439715821057,0.484375,2.3808136347727908e-05,-3.433356846471382e-05,64
final_prompt,35,1,-1.1154315870979126e-06,-0.01661852083467514,0.01661852083467514,0.5,1.3866663493894765e-05,-1.609752666809059e-05,64
public_task_span,8,24,-6.439232674892962e-05,-0.016581253653432618,0.016581253653432618,0.5,-0.0008696446602698342,0.000740860006771975,64
final_prompt,33,27,-4.82076501384654e-07,-0.016577023027065502,0.016577023027065502,0.4375,-5.082119969301857e-06,4.117966966532549e-06,64
post_selector,5,7,-8.702064269528126e-05,-0.016576822391069616,0.016576822391069616,0.46875,0.00033204246619789485,-0.0005060837515884572,64
public_task_span,28,31,-2.8470126380839964e-06,-0.01657016410616495,0.01657016410616495,0.484375,1.0252606898580798e-05,-1.594663217474878e-05,64
public_task_span,18,27,1.3842431599186158e-05,0.016567573066358095,0.016567573066358095,0.5,0.00026246784000248516,-0.00023478297680411286,64
final_prompt,35,16,-1.0429325811859162e-06,-0.016549416178742372,0.016549416178742372,0.5,1.3713530734090857e-05,-1.579939589646269e-05,64
final_prompt,34,20,1.9161620912187973e-06,0.016533322039015193,0.016533322039015193,0.5,-1.35719811851173e-05,1.7404305367554896e-05,64
response_first,9,22,0.0001209347474286892,0.01647071361470195,0.01647071361470195,0.515625,0.0016778792196419031,-0.0014360097247845243,64
response_first,19,12,7.603865505243899e-06,0.016465364443591448,0.016465364443591448,0.515625,0.00011988968000764267,-0.00010468194899715486,64
final_prompt,27,8,6.634210535595039e-06,0.016457650126096603,0.016457650126096603,0.53125,-2.1748220660810566e-05,3.501664173200065e-05,64
final_prompt,22,28,1.7813554222812487e-05,0.016440345666489734,0.016440345666489734,0.5,-4.998957774660002e-05,8.5616686192225e-05,64
response_first,31,18,-4.776237503278935e-07,-0.016439809941290334,0.016439809941290334,0.5,-8.553475623784834e-06,7.598228123129047e-06,64
response_mean,15,7,4.240604334881991e-05,0.016426951236703284,0.016426951236703284,0.515625,0.0004529529821866175,-0.00036814089548897777,64
final_prompt,22,30,1.1963578799618748e-05,0.01638896503686435,0.01638896503686435,0.5,-3.914614171662813e-05,6.307329931586563e-05,64
public_task_span,21,14,-5.909485707886116e-06,-0.0163658744189964,0.0163658744189964,0.5,-0.00010609417381601133,9.427520240023912e-05,64
response_mean,21,1,-2.2472337235512896e-07,-0.016336323908738973,0.016336323908738973,0.5,-2.132296970103198e-06,1.68285022539294e-06,64
response_first,18,4,1.381454922012778e-06,0.016331773534826427,0.016331773534826427,0.5,1.3655260545421408e-05,-1.0892350701395851e-05,64
response_first,10,14,0.00011785130118369792,0.01629448851932018,0.01629448851932018,0.5,-0.0006488369181169969,0.0008845395204843927,64
response_mean,24,2,7.420363772331151e-06,0.016262761439645546,0.016262761439645546,0.46875,-0.00015735508191026647,0.00017219580945492877,64
response_first,9,20,7.28963295841766e-05,0.016262356017125862,0.016262356017125862,0.5,0.0021596790975308812,-0.002013886438362528,64
public_task_span,16,5,-6.352081982186708e-06,-0.01625343651474456,0.01625343651474456,0.484375,0.00012017344488411347,-0.00013287760884848687,64
final_prompt,27,3,9.219612451261128e-08,0.016244058219403435,0.016244058219403435,0.5,8.415312890974747e-09,1.759769361342478e-07,64
public_task_span,12,26,6.302282599788143e-06,0.016234999528123607,0.016234999528123607,0.5,1.7828273485066512e-05,-5.223708285490238e-06,64
public_task_span,19,15,7.557906656073944e-06,0.016178143715576448,0.016178143715576448,0.5,0.0002659394958754726,-0.0002508236825633247,64
public_task_span,21,24,8.0030486628878e-06,0.01616164752612135,0.01616164752612135,0.5,8.891750644579484e-05,-7.291140912001923e-05,64
response_first,34,6,9.453774282519975e-06,0.01616008139225436,0.01616008139225436,0.5,-0.00024210908941312752,0.0002610166379781675,64
public_task_span,31,21,-6.223213802059036e-07,-0.016150355057387256,0.016150355057387256,0.484375,-1.8718058015565475e-05,1.7473415255153668e-05,64
public_task_span,29,27,-2.5860639198072293e-05,-0.016133054664340916,0.016133054664340916,0.5,-0.0006263904970182875,0.0005746692186221429,64
public_task_span,11,3,-3.12060838041385e-05,-0.016091535764325735,0.016091535764325735,0.5,-0.00037788905319758107,0.0003154768855893041,64
public_task_span,8,21,-9.031663466884678e-06,-0.016043410587126855,0.016043410587126855,0.484375,-0.00026746816547527756,0.0002494048385415082,64
response_mean,15,27,-4.865350149426098e-06,-0.016035887110282525,0.016035887110282525,0.5,9.868930305855434e-05,-0.00010842000335740654,64
response_mean,25,13,1.8030033288565474e-06,0.015997209921269698,0.015997209921269698,0.5,-1.1608738873290284e-05,1.521474553100338e-05,64
post_selector,3,15,0.00027869967561854384,0.015996915501300755,0.015996915501300755,0.515625,0.0004891238204436376,6.827553079345001e-05,64
final_prompt,18,6,2.0810356886598284e-06,0.015981771000449056,0.015981771000449056,0.5,2.748036888533288e-05,-2.3318297508013223e-05,64
response_first,30,20,-3.659271328610672e-06,-0.015976435230669633,0.015976435230669633,0.484375,-7.894453483457898e-05,7.162599217735764e-05,64
response_first,16,1,1.0928680467257813e-06,0.015934392402202232,0.015934392402202232,0.5,-4.0578248672476775e-07,2.5915185801763317e-06,64
final_prompt,30,20,-1.2693557664534373e-05,-0.015930756467837294,0.015930756467837294,0.5,-0.00015890544045758754,0.00013351832512851876,64
public_task_span,21,1,-3.953228429054434e-07,-0.015924298210134174,0.015924298210134174,0.515625,2.5278112047999457e-06,-3.3184568906108325e-06,64
public_task_span,10,13,-1.4104480214882967e-05,-0.015921173985990324,0.015921173985990324,0.5,3.4237760701214196e-05,-6.244672113098013e-05,64
final_prompt,14,29,1.0274279134129388e-06,0.01591590348130788,0.01591590348130788,0.53125,3.719548089977361e-06,-1.6646922631514841e-06,64
response_first,14,19,-2.4620799194948115e-06,-0.015914084612477203,0.015914084612477203,0.484375,-3.388737013664754e-05,2.8963210297657916e-05,64
final_prompt,31,27,2.2519132585376144e-06,0.01590274074054402,0.01590274074054402,0.5,9.189148727272622e-06,-4.6853222101973965e-06,64
response_first,16,24,3.2981547519834644e-06,0.015889085787134584,0.015889085787134584,0.484375,-9.57709075919102e-05,0.0001023672170958771,64
response_first,19,22,4.140860255572888e-06,0.015876159454943074,0.015876159454943074,0.5,-3.8669794093949456e-05,4.695151460509524e-05,64
response_first,31,12,1.1512818218764575e-06,0.015849003569688876,0.015849003569688876,0.53125,-3.5532533274813195e-05,3.783509691856611e-05,64
response_first,15,27,3.6149071375168873e-09,0.015844006384874588,0.015844006384874588,0.5,-9.315477825233565e-08,1.0038459252736942e-07,64
response_first,26,1,4.1858029362680735e-06,0.015806694867863763,0.015806694867863763,0.5,6.171839095258311e-05,-5.3346785080046946e-05,64
response_first,7,22,-1.3877994661017243e-05,-0.01579911812087982,0.01579911812087982,0.5,7.89775531302397e-05,-0.00010673354245227418,64
public_task_span,34,31,-7.464252121280791e-06,-0.015789585601122102,0.015789585601122102,0.5,-0.0002318837946404297,0.00021695529039786815,64
final_prompt,34,10,1.5881843182829077e-06,0.015780228092034186,0.015780228092034186,0.5,-6.447632813429235e-06,9.624001449995051e-06,64
response_first,10,10,-3.005813778144843e-05,-0.015754597081532724,0.015754597081532724,0.5,0.00034471626713639066,-0.0004048325426992875,64
response_first,31,27,1.017386672685916e-07,0.015743147230964708,0.015743147230964708,0.5,-1.02358530540414e-06,1.2270626399413231e-06,64
final_prompt,13,12,5.251359486146963e-10,0.015708395206315985,0.015708395206315985,0.484375,4.500056008382991e-09,-3.4497841111535984e-09,64
final_prompt,19,24,4.0132487910682347e-07,0.0156947441843299,0.0156947441843299,0.5,-9.59231422115181e-06,1.0394963979365457e-05,64
response_mean,17,13,1.6927231172317285e-06,0.01569124812378546,0.01569124812378546,0.53125,-2.6439764880586618e-05,2.9825211115050077e-05,64
response_first,10,16,1.429737994840324e-05,0.015684889305154884,0.015684889305154884,0.5,-0.0001595569701748822,0.00018815173007168866,64
final_prompt,16,14,2.1377488337747758e-05,0.015659192245913976,0.015659192245913976,0.5,-0.00041519201840856253,0.000457946995084058,64
post_selector,23,11,-3.427546471357294e-05,-0.015649295065784847,0.015649295065784847,0.515625,0.0004907036468466506,-0.0005592545762737965,64
response_first,22,21,-9.907558364848774e-07,-0.0156348148287201,0.0156348148287201,0.53125,-4.0840793758435176e-05,3.885928208546542e-05,64
response_mean,18,16,5.200770544891359e-06,0.015597505081250846,0.015597505081250846,0.5,5.4056612839307336e-05,-4.3655071749524604e-05,64
public_task_span,25,7,-2.48806372837862e-07,-0.015583146006380902,0.015583146006380902,0.484375,-2.3638088748612063e-06,1.8661961291854823e-06,64
final_prompt,34,11,3.3198169546722035e-07,0.015518356319332818,0.015518356319332818,0.5,-3.877531440821258e-06,4.541494831755699e-06,64
response_mean,19,29,4.197942109839702e-05,0.01547726743257939,0.01547726743257939,0.515625,0.0009115577920510826,-0.0008275989498542885,64
final_prompt,31,8,-3.332365668029687e-05,-0.015477132684426404,0.015477132684426404,0.5,-0.0005329243831510968,0.0004662770697905031,64
public_task_span,22,18,2.4659635755610148e-06,0.015472295493826251,0.015472295493826251,0.5,-3.61333636646973e-05,4.106529081581933e-05,64
final_prompt,11,22,4.77383515828933e-07,0.015470922894288435,0.015470922894288435,0.5,-5.671849692134856e-07,1.5219520008713516e-06,64
response_mean,18,24,-1.6251494315612196e-05,-0.015445195548269041,0.015445195548269041,0.484375,-0.00021342534324730384,0.00018092235461607942,64
response_first,10,30,-9.616251084316398e-07,-0.015440037742948928,0.015440037742948928,0.5,-1.806746412569095e-05,1.614421390882767e-05,64
final_prompt,17,3,3.831778485616636e-06,0.015416339010817038,0.015416339010817038,0.5,5.1216391739212824e-05,-4.3552834767979546e-05,64
response_mean,14,21,6.2972299019672426e-06,0.015410565706045373,0.015410565706045373,0.5,0.00011208942441952641,-9.949496461559193e-05,64
response_first,13,17,-1.3941500924372953e-05,-0.015398031131259834,0.015398031131259834,0.484375,-4.930356271871356e-05,2.1420560869967652e-05,64
response_mean,7,23,1.6445185053726407e-05,0.015396075271715538,0.015396075271715538,0.5,-0.00023045719183299642,0.0002633475619404493,64
response_first,20,25,1.3301382750753989e-06,0.015391750323548361,0.015391750323548361,0.5,-9.642876648290927e-06,1.2303153198441726e-05,64
final_prompt,17,15,3.0808453175232946e-06,0.015363898282464778,0.015363898282464778,0.5,1.150317166320989e-05,-5.341481028163301e-06,64
response_first,9,25,-3.7389113458631275e-05,-0.015357896174723919,0.015357896174723919,0.5,0.0003848175601888125,-0.00045959578710607496,64
post_selector,13,5,-4.914955206913754e-05,-0.01535386741114192,0.01535386741114192,0.5,0.00021075460244901562,-0.00030905370658729074,64
response_first,17,31,4.5251978466470666e-10,0.015346761679224507,0.015346761679224507,0.515625,-3.5609686649049074e-09,4.466008234234321e-09,64
final_prompt,20,29,5.533492412725325e-06,0.015344722106486419,0.015344722106486419,0.5,-2.9979100418130786e-05,4.104608524358142e-05,64
response_mean,13,28,-1.4111688585672596e-05,-0.0153442791577437,0.0153442791577437,0.5,-0.00024107747594825487,0.00021285409877690967,64
response_first,18,19,-6.646603960532353e-07,-0.01534278340901073,0.01534278340901073,0.5,-2.4499615278722814e-06,1.120640735765811e-06,64
post_selector,26,13,3.199319689884729e-05,0.015339265911743989,0.015339265911743989,0.40625,-0.0007820185692252962,0.0008460049630229907,64
response_first,29,20,2.8230718385202636e-07,0.015328013891129375,0.015328013891129375,0.5,-1.2523187422175397e-05,1.308780178987945e-05,64
public_task_span,7,18,-3.556798901624662e-06,-0.015280275608444567,0.015280275608444567,0.5,1.645226120672459e-05,-2.3565859009973913e-05,64
response_first,8,10,-7.048551964317085e-08,-0.015274452872677551,0.015274452872677551,0.5,-6.57611380461276e-07,5.166403411749343e-07,64
public_task_span,33,2,8.272961622428235e-06,0.01525201391452136,0.01525201391452136,0.5,-7.346689335462831e-05,9.001281659948476e-05,64
response_first,19,24,5.442893301626272e-07,0.015237582789468586,0.015237582789468586,0.5,5.624128108670493e-06,-4.535549448345238e-06,64
final_prompt,18,24,-1.1968366262494023e-06,-0.01521881575006802,0.01521881575006802,0.484375,-2.388903476812338e-05,2.1495361515624575e-05,64
response_first,26,4,2.8436082857312017e-06,0.0152076985962841,0.0152076985962841,0.5,-4.4507158690969585e-05,5.019437526243198e-05,64
public_task_span,21,30,1.5915909898467176e-05,0.015198948233340124,0.015198948233340124,0.5,-0.00011312981587252815,0.00014496163566946253,64
public_task_span,19,30,8.118621281023853e-06,0.015176963446162007,0.015176963446162007,0.484375,0.00019713692086041076,-0.0001808996782983631,64
response_mean,33,3,4.929964461559634e-06,0.015174366896841063,0.015174366896841063,0.5,-0.00010130253099303719,0.00011116245991615645,64
response_first,22,1,1.5170882932121318e-06,0.015172400025456561,0.015172400025456561,0.515625,8.238683903983451e-06,-5.204507317559191e-06,64
response_mean,18,15,5.5446758750577325e-05,0.01516543375476612,0.01516543375476612,0.5,-0.0009642653095624946,0.0010751588270636492,64
response_first,31,25,-3.673609967336233e-07,-0.01513602613827529,0.01513602613827529,0.5,-8.418436891588499e-06,7.683714898121252e-06,64
final_prompt,34,0,2.3309032258113962e-05,0.015135308268651478,0.015135308268651478,0.5,-0.000411306159548975,0.00045792422406520293,64
response_first,9,29,7.372318691528068e-06,0.015121191624840062,0.015121191624840062,0.5,4.6729833528056716e-05,-3.198519614500058e-05,64
response_first,11,11,-6.709655679057028e-06,-0.015102044365784445,0.015102044365784445,0.5,-0.00018247385213497825,0.00016905454077686418,64
final_prompt,22,0,4.314013722247723e-06,0.015079472358916476,0.015079472358916476,0.484375,5.6683552884349684e-05,-4.805552543985424e-05,64
final_prompt,25,1,-2.26605914121387e-06,-0.015063898859917142,0.015063898859917142,0.46875,-1.7530687728125645e-05,1.2998569445697905e-05,64
response_first,8,4,-7.3688698307691134e-06,-0.015060452372918632,0.015060452372918632,0.5,-0.00011366455225923189,9.892681259769366e-05,64
response_first,31,19,6.686375115805276e-07,0.015055280240001192,0.015055280240001192,0.5,1.9318453325922746e-06,-5.945703094312194e-07,64
post_selector,15,26,4.210608636864566e-06,0.015043349931950693,0.015043349931950693,0.5,-1.8630955253226837e-05,2.7052172526955956e-05,64
public_task_span,14,17,3.516016386128866e-05,0.015022038908155186,0.015022038908155186,0.5,-0.0006014914615661725,0.0006718117892887498,64
post_selector,3,20,7.922725853859268e-05,0.015017066060328228,0.015017066060328228,0.515625,-0.00033659940527286256,0.000495053922350048,64
response_mean,32,13,5.306987276298969e-07,0.015009380040365753,0.015009380040365753,0.5,6.178187874184005e-06,-5.116790418924211e-06,64
response_first,13,10,6.111368065829777e-06,0.0150033659524077,0.0150033659524077,0.5,-0.0001221644258748534,0.000134387162006513,64
final_prompt,16,18,-1.9992197621836526e-06,-0.014989156188202079,0.014989156188202079,0.5,-2.3448489969264187e-05,1.9450050444896878e-05,64
public_task_span,10,16,-1.369045639876545e-05,-0.014978538228128559,0.014978538228128559,0.484375,-0.00046969648064986233,0.00044231556785233144,64
response_mean,23,20,9.099494263863038e-06,0.014975940747060473,0.014975940747060473,0.53125,7.563020017187024e-05,-5.743121164414416e-05,64
final_prompt,31,16,-5.041356416768394e-07,-0.014960482557926185,0.014960482557926185,0.53125,-8.198308592000103e-07,-1.8844042415366857e-07,64
response_first,23,23,1.7609154383514855e-06,0.014955826207183423,0.014955826207183423,0.5,-1.215967563439016e-05,1.5681506511093133e-05,64
response_mean,22,26,-6.460205099759586e-07,-0.014941316550148092,0.014941316550148092,0.5,-8.45727379328264e-06,7.165232773330722e-06,64
final_prompt,32,27,4.859023192698588e-06,0.014933436829011494,0.014933436829011494,0.515625,5.204928311286373e-05,-4.233123672746655e-05,64
response_first,27,14,1.3384000794761642e-05,0.014926702902823516,0.014926702902823516,0.515625,-0.00038098761319813973,0.00040775561478766293,64
final_prompt,35,17,2.355623450958229e-06,0.014923695816421091,0.014923695816421091,0.5,2.9046214422104237e-05,-2.433496752018778e-05,64
response_first,11,6,1.7272520054211937e-06,0.014914662743780208,0.014914662743780208,0.5,1.0729082333680082e-05,-7.274578322837697e-06,64
post_selector,19,27,2.1675617972501064e-05,0.014906782051539922,0.014906782051539922,0.609375,0.00010068914525617589,-5.733790931117374e-05,64
response_mean,7,22,2.3689265162828106e-05,0.014903402683880337,0.014903402683880337,0.515625,-5.207784215598946e-05,9.945637248164553e-05,64
response_mean,16,9,6.800732080596579e-06,0.014897120489561318,0.014897120489561318,0.5,-7.48593238313241e-05,8.846078799251727e-05,64
response_first,12,6,1.5262987687942373e-05,0.01487978720877525,0.01487978720877525,0.5,-3.6282228052192286e-05,6.680820342807705e-05,64
response_mean,22,30,-3.4861673725530053e-06,-0.014879645665208026,0.014879645665208026,0.5,-8.065821771196038e-05,7.368588296685437e-05,64
response_mean,30,30,4.338733106123982e-07,0.014878679620856193,0.014878679620856193,0.5,-2.1512354351216345e-06,3.018982056346431e-06,64
response_mean,15,1,1.8702779925666257e-05,0.01485198848466223,0.01485198848466223,0.515625,0.00043994111547362015,-0.0004025355556222875,64
response_first,27,10,-5.711375550283247e-07,-0.014848231788162785,0.014848231788162785,0.515625,-1.8156386857978574e-05,1.7014111747921924e-05,64
response_mean,14,4,-2.2800083399946534e-05,-0.014845186760053568,0.014845186760053568,0.5,0.0002776146366158909,-0.0003232148034157839,64
final_prompt,17,12,1.3168723285170497e-06,0.014840169026963017,0.014840169026963017,0.546875,1.2992773349653652e-05,-1.0359028692619553e-05,64
public_task_span,28,19,-1.0003100101128494e-05,-0.014839506485750168,0.014839506485750168,0.5,-0.00035131268714391013,0.0003313064869416531,64
public_task_span,24,30,-7.977316130333118e-06,-0.014812689210573928,0.014812689210573928,0.484375,5.764633209537604e-05,-7.360096435604226e-05,64
final_prompt,11,29,-8.925392762640762e-07,-0.01481247931634746,0.01481247931634746,0.5,-1.3981144775198429e-06,-3.869640750083078e-07,64
final_prompt,20,8,2.582025487639155e-06,0.014807316721977028,0.014807316721977028,0.53125,-2.9429171377155067e-05,3.459322235243338e-05,64
response_first,17,1,-1.4454667223173004e-06,-0.014803738722802093,0.014803738722802093,0.5,-3.0495752071138827e-05,2.7604818626504226e-05,64
response_first,10,6,-1.1274880534988137e-05,-0.014795280195100517,0.014795280195100517,0.5,-8.260397544291104e-05,6.0054214372934766e-05,64
post_selector,2,29,-0.00016824072554299857,-0.014792889293858899,0.014792889293858899,0.4375,0.0007296390685951337,-0.0010661205196811313,64
response_first,29,16,-2.1599707906699825e-06,-0.014781998994165914,0.014781998994165914,0.5,-8.547279503543233e-05,8.115285345409236e-05,64
final_prompt,11,26,2.1963078324884476e-06,0.014755300142580367,0.014755300142580367,0.5,3.7213098039493344e-05,-3.282048237451645e-05,64
response_mean,22,29,7.587989898638625e-07,0.014727556877404093,0.014727556877404093,0.5,-1.0523234152515215e-05,1.204083213224294e-05,64
post_selector,27,8,1.587398628543737e-05,0.014722769815693695,0.014722769815693695,0.5,-0.0005153813526703549,0.0005471293252412297,64
final_prompt,34,2,5.817090641357128e-05,0.014719322687885157,0.014719322687885157,0.515625,-0.0005225882732702344,0.0006389300860973766,64
public_task_span,14,27,-1.8763249499899348e-05,-0.014714546127185405,0.014714546127185405,0.484375,1.9511642221901497e-05,-5.7038141221700165e-05,64
public_task_span,34,0,-1.0217036788162523e-05,-0.014714067712183697,0.014714067712183697,0.484375,-0.0002112975948875689,0.0001908635213112439,64
response_first,12,7,4.144219929006382e-06,0.014705408702444408,0.014705408702444408,0.5,-2.0161998236278823e-05,2.8450438094291588e-05,64
response_mean,7,24,-5.21742379078205e-07,-0.014701535617825789,0.014701535617825789,0.5,6.56374808727378e-06,-7.60723284543019e-06,64
public_task_span,2,3,-9.163199501926826e-05,-0.014698756943213948,0.014698756943213948,0.5,-0.00105815804272424,0.0008748940526857033,64
final_prompt,35,9,5.032986337030963e-06,0.014678403056645051,0.014678403056645051,0.5,-5.401535599955998e-05,6.408132867362191e-05,64
final_prompt,26,6,-7.295935347432772e-06,-0.01467821367679017,0.01467821367679017,0.5,-2.949485542557813e-05,1.4902984730712554e-05,64
public_task_span,15,18,1.4493455182667654e-06,0.014649068111993077,0.014649068111993077,0.5,-1.1314693239231604e-05,1.4213384275765133e-05,64
response_first,24,20,1.3725697272052596e-06,0.014618861657293633,0.014618861657293633,0.5,-2.905745918723556e-05,3.180259864164608e-05,64
response_first,30,13,6.870427000642439e-07,0.01460809153875207,0.01460809153875207,0.5,-6.9537120168644534e-06,8.327797416992941e-06,64
response_mean,25,5,6.42128327398519e-07,0.014589140225658492,0.014589140225658492,0.46875,3.987785589742011e-06,-2.7035289349449726e-06,64
public_task_span,24,4,4.158339834249542e-06,0.014573955676170272,0.014573955676170272,0.5,-9.195056497900297e-05,0.00010026724464750205,64
public_task_span,33,3,9.169152235706686e-06,0.014573441513251314,0.014573441513251314,0.515625,-0.0002639939234540872,0.00028233222792550057,64
response_mean,18,1,7.475954589606267e-06,0.014557208148130463,0.014557208148130463,0.5,0.0003131236167064045,-0.00029817170752719196,64
response_first,11,16,-6.612849392695621e-05,-0.014553492426039481,0.014553492426039481,0.5,0.00015327222354244064,-0.0002855292113963533,64
public_task_span,9,1,1.3270208683002665e-06,0.01455177828978525,0.01455177828978525,0.5,3.228550895070701e-06,-5.74509158470167e-07,64
public_task_span,28,8,1.2283943874533712e-05,0.014550953704369301,0.014550953704369301,0.515625,0.0002326305361748306,-0.00020806264842576324,64
response_first,35,30,-9.646481885290225e-06,-0.014527090551404524,0.014527090551404524,0.515625,6.777191902074171e-05,-8.706488279132213e-05,64
response_first,6,5,-3.082956391153749e-05,-0.01452349173015802,0.01452349173015802,0.5,-9.494174628343438e-05,3.328261846035934e-05,64
response_first,34,27,4.521638174992404e-07,0.014518980470108318,0.014518980470108318,0.5,3.1693853657088766e-06,-2.265057730710396e-06,64
response_first,24,2,3.2308271329405947e-06,0.014511579199710276,0.014511579199710276,0.515625,-0.00014248696970750537,0.00014894862397338653,64
response_mean,18,12,5.673884288625944e-06,0.014508533177776757,0.014508533177776757,0.5,0.00019580774323911033,-0.00018445997466185843,64
post_selector,25,3,5.937984838054169e-06,0.014502408565001321,0.014502408565001321,0.546875,-0.00012422686086210644,0.00013610283053821481,64
public_task_span,14,12,-2.8701565497561106e-06,-0.01448692705180226,0.01448692705180226,0.5,2.094691427600681e-05,-2.6687227375519035e-05,64
response_first,31,14,6.974724129810237e-06,0.01447898170959291,0.01447898170959291,0.5,-0.00024275975925999285,0.00025670920751961335,64
response_mean,19,4,1.1681441719706303e-05,0.014448680024076014,0.014448680024076014,0.5,-0.00034820352448148846,0.000371566407920901,64
public_task_span,16,8,1.0879325600394516e-06,0.014438303407270044,0.014438303407270044,0.5,7.174746770013729e-07,1.4583904430775302e-06,64
public_task_span,13,27,-1.7118558389483558e-05,-0.014425611880547418,0.014425611880547418,0.5,6.151122215668288e-05,-9.574833893564999e-05,64
public_task_span,25,2,-5.649744139192268e-07,-0.01442372440162633,0.01442372440162633,0.484375,-8.839555221155122e-07,-2.4599330572294137e-07,64
post_selector,1,0,5.054557368567011e-05,0.014386738009393583,0.014386738009393583,0.5,-0.00011164901661686889,0.00021274016398820946,64
response_first,30,18,1.09097720724024e-06,0.014371637286674068,0.014371637286674068,0.546875,1.8641202700558165e-05,-1.6459248286077685e-05,64
response_first,11,18,-2.546742109647393e-06,-0.014364558306043681,0.014364558306043681,0.5,-4.332095841163589e-05,3.822747419234111e-05,64
final_prompt,29,27,5.106122443975544e-05,0.014347330167046583,0.014347330167046583,0.515625,-0.0014652157906311824,0.0015673382395106931,64
response_first,30,2,-6.623311605835625e-07,-0.014338603080673275,0.014338603080673275,0.5,-7.906738801466417e-07,-5.339884410204832e-07,64
final_prompt,21,2,8.225531757937872e-07,0.01432096770211751,0.01432096770211751,0.5,-5.78489840563175e-06,7.430004757219327e-06,64
response_first,30,29,-3.909361083742624e-07,-0.014312547807045916,0.014312547807045916,0.5,4.8517620143684326e-08,-8.303898368922087e-07,64
response_first,5,13,-2.463272494423497e-05,-0.014309034925222732,0.014309034925222732,0.484375,-0.000679397657222552,0.0006301322073340821,64
final_prompt,25,16,-8.19948809293042e-07,-0.01430675352179478,0.01430675352179478,0.484375,2.796135845530942e-06,-4.436033464117027e-06,64
response_first,26,10,-1.5745576220638213e-07,-0.014296208734753539,0.014296208734753539,0.5,-2.6459482427299e-07,-5.0316700139774184e-08,64
public_task_span,11,2,-2.713628236961382e-05,-0.014276072570460518,0.014276072570460518,0.5,-0.00020621472867787761,0.00015194216393864984,64
final_prompt,34,22,4.536615165304401e-06,0.014260201496141234,0.014260201496141234,0.5,4.1309486334732747e-05,-3.223625600412395e-05,64
post_selector,19,24,-4.825236237593617e-05,-0.014254919354981417,0.014254919354981417,0.484375,0.0005990431009195125,-0.0006955478256713848,64
public_task_span,29,8,-2.9029625920856255e-06,-0.014234399118398756,0.014234399118398756,0.5,-9.685305553828427e-05,9.104713035411303e-05,64
post_selector,30,4,-2.9149232432187187e-06,-0.014213886680949923,0.014213886680949923,0.484375,3.5321131690583103e-05,-4.115097817702054e-05,64
response_first,28,17,8.377546123479842e-07,0.01421318820391761,0.01421318820391761,0.515625,-2.300737185123551e-05,2.4682881075931478e-05,64
response_first,10,24,-3.3743442244833538e-06,-0.014212949297904112,0.014212949297904112,0.484375,9.155570410256643e-06,-1.5904258859223352e-05,64
public_task_span,7,13,-3.4661795780234384e-06,-0.014188091660715585,0.014188091660715585,0.5,2.85720261671874e-06,-9.789561772765627e-06,64
public_task_span,25,1,-3.2215084502274185e-06,-0.014186640466261169,0.014186640466261169,0.5,-3.3277232887483224e-05,2.6834215987028377e-05,64
response_first,11,19,-2.602322581424092e-06,-0.014170875343528462,0.014170875343528462,0.5,7.074264544832428e-06,-1.2278909707680615e-05,64
public_task_span,7,16,-4.496536973874754e-07,-0.014169294420901361,0.014169294420901361,0.5,3.835303317600847e-06,-4.7346107123757974e-06,64
response_first,11,1,5.590808996204532e-06,0.014153094469289163,0.014153094469289163,0.5,7.779466704959435e-05,-6.661304905718527e-05,64
response_first,28,21,4.231976276970543e-06,0.014146050929152524,0.014146050929152524,0.53125,-0.00012545310960375877,0.00013391706215769988,64
public_task_span,33,20,-3.8774411109438476e-05,-0.014140065720193272,0.014140065720193272,0.484375,-0.001337024230679143,0.0012594754084602657,64
public_task_span,16,19,-6.340853815348545e-06,-0.01413929470967581,0.01413929470967581,0.5,-2.5055069272633755e-05,1.2373361641936671e-05,64
post_selector,17,24,0.00015117817383725147,0.014094271557354045,0.014094271557354045,0.578125,-0.0028380363655742154,0.0031403927132487184,64
response_first,27,21,1.1345248935864402e-06,0.014077982862944169,0.014077982862944169,0.5,-2.2502793171947422e-05,2.4771842959120303e-05,64
response_first,14,25,-1.123697720207546e-06,-0.014068069491220737,0.014068069491220737,0.484375,1.5145999745942835e-05,-1.739339518635793e-05,64
final_prompt,11,9,4.148157328742741e-08,0.014065535904589737,0.014065535904589737,0.5,-1.2072958384123922e-06,1.290258984987247e-06,64
public_task_span,9,5,-2.244177494504975e-06,-0.014065220334589195,0.014065220334589195,0.5,2.9453681236184587e-05,-3.394203622519453e-05,64
response_first,32,13,-5.006569381278804e-07,-0.014061848671742766,0.014061848671742766,0.5,6.912698523819927e-06,-7.914012400075688e-06,64
public_task_span,24,27,6.457172639784526e-05,0.01404530770011415,0.01404530770011415,0.5,-0.0006854790481156657,0.0008146225009113563,64
public_task_span,1,3,2.702994243009073e-05,0.014042772705856516,0.014042772705856516,0.5,-0.00017449084043619356,0.00022855072529637512,64
public_task_span,35,26,9.964661330743723e-06,0.014041671666991176,0.014041671666991176,0.5,2.645931090232295e-06,1.728339157125516e-05,64
final_prompt,12,20,1.43866554935904e-06,0.014027999835870433,0.014027999835870433,0.5,-4.053546592785342e-05,4.34127970265715e-05,64
public_task_span,8,27,-4.7786893446741366e-06,-0.01401931518455498,0.01401931518455498,0.5,-0.00012134489588787979,0.00011178751719853153,64
public_task_span,24,23,8.646341456138425e-07,0.014008580158008134,0.014008580158008134,0.5,1.2814375622834536e-05,-1.1085107331606852e-05,64
response_first,27,11,-1.2730271805601762e-06,-0.013988569734972032,0.013988569734972032,0.5,-1.8030948695014794e-05,1.5484894333894443e-05,64
response_first,15,29,-8.071347679098996e-07,-0.01398535255768772,0.01398535255768772,0.5,-1.5122020954548926e-05,1.3507751418729127e-05,64
public_task_span,25,11,-9.953874382520396e-06,-0.01396807364395078,0.01396807364395078,0.46875,-0.00028092377760911656,0.0002610160288440757,64
final_prompt,7,8,-4.2589542772416e-06,-0.013959710286476266,0.013959710286476266,0.5,-2.0316328118480797e-05,1.179841956399758e-05,64
final_prompt,28,16,3.7005402759803535e-06,0.01395940769288576,0.01395940769288576,0.515625,-0.00011842031324248723,0.00012582139379444792,64
public_task_span,7,26,4.926728252032544e-06,0.013952260430041174,0.013952260430041174,0.5,1.3588432011601744e-05,-3.7349755075366725e-06,64
response_first,25,5,5.752005449721766e-07,0.013951161559235897,0.013951161559235897,0.484375,4.192877213426982e-06,-3.042476123482629e-06,64
response_first,6,19,-0.00016390483506256405,-0.013938867996727982,0.013938867996727982,0.5,0.0004360228340374344,-0.0007638325041625623,64
response_first,30,4,-2.123834519812294e-06,-0.013896095408666508,0.013896095408666508,0.5,1.959424685081779e-05,-2.3841915890442377e-05,64
public_task_span,28,1,-4.2298952394028e-06,-0.013887570672241608,0.013887570672241608,0.46875,-0.0001481443350712364,0.00013968454459243078,64
response_first,32,24,-5.191889016487039e-07,-0.013886923928894087,0.013886923928894087,0.5,8.916483210441584e-06,-9.954861013738991e-06,64
public_task_span,31,20,-1.095463221645191e-05,-0.013880179569353916,0.013880179569353916,0.5,-0.00012254433249835723,0.00010063506806545337,64
response_first,33,24,-2.152374804604354e-06,-0.013871307628845024,0.013871307628845024,0.5,1.5374145732491842e-05,-1.9678895341700543e-05,64
response_mean,17,23,3.2836205150470215e-06,0.013822167587537829,0.013822167587537829,0.5,-3.4971701097662145e-05,4.153894212775619e-05,64
public_task_span,13,13,9.11301640372144e-07,0.01382031724228426,0.01382031724228426,0.5,4.627077814243525e-07,1.3598954993199355e-06,64
public_task_span,16,7,2.416459665255155e-05,0.013818206300140762,0.013818206300140762,0.5,0.0003691427937155719,-0.0003208136004104688,64
public_task_span,30,15,-9.135286518341463e-07,-0.013815646595890118,0.013815646595890118,0.5,-2.0473269159987588e-06,2.2026961233046791e-07,64
response_first,32,7,1.3465353504214298e-05,0.01381524429321392,0.01381524429321392,0.5,-0.00013619435094367128,0.0001631250579520999,64
final_prompt,18,30,-2.849986958608343e-05,-0.013807316377122205,0.013807316377122205,0.5,0.0012979811253898894,-0.0013549808645620563,64
response_mean,16,23,4.443976195034376e-05,0.013798741231014816,0.013798741231014816,0.5,-0.0009298931745433907,0.0010187726984440782,64
response_mean,30,14,1.6400428393126276e-07,0.013796747474755424,0.013796747474755424,0.5,-2.7259960546643924e-06,3.054004622526918e-06,64
public_task_span,6,30,-4.169793464825445e-05,-0.01377033282534547,0.01377033282534547,0.5,-0.00012354687351036217,4.015100421385316e-05,64
response_mean,18,18,-3.139797240691889e-05,-0.013739117092599099,0.013739117092599099,0.5,-0.00041560394774363917,0.0003528080029298013,64
response_first,31,1,-1.8394567291579733e-07,-0.013733698619765509,0.013733698619765509,0.484375,-2.8393653508373973e-06,2.4714740050058026e-06,64
public_task_span,30,11,-7.864606004659551e-06,-0.013733004454332494,0.013733004454332494,0.484375,-0.0001058684242707315,9.013921226141237e-05,64
response_first,29,21,-4.1553909113645204e-07,-0.01372973780894541,0.01372973780894541,0.484375,-6.169357448015944e-06,5.33827926574304e-06,64
post_selector,5,25,-0.0001655681953707227,-0.013726994520337705,0.013726994520337705,0.53125,0.0011118924594484135,-0.00144302885018986,64
response_mean,8,21,-9.524167126048688e-07,-0.013718702357519336,0.013718702357519336,0.5,4.1543103177407365e-08,-1.946376528387144e-06,64
response_first,33,20,1.335277408997802e-05,0.013712594049498998,0.013712594049498998,0.5,-0.0005842383031904102,0.0006109438513703662,64
response_first,31,24,-1.2078042459552968e-06,-0.013695132898101566,0.013695132898101566,0.5,-4.325252365333688e-05,4.083691516142628e-05,64
response_first,19,23,1.7439299426754045e-06,0.013689423826660708,0.013689423826660708,0.5,5.7476282336198166e-05,-5.398842245084736e-05,64
response_first,13,30,-2.8160552290046326e-07,-0.01368662033021262,0.01368662033021262,0.515625,-8.570661577778083e-06,8.007450531977156e-06,64
response_mean,30,28,-1.7635488802625332e-07,-0.01368150683957331,0.01368150683957331,0.5,-9.62011228011761e-07,6.093014519592543e-07,64
public_task_span,18,17,9.01122916729753e-06,0.013678013047614613,0.013678013047614613,0.5,-9.038537154992301e-05,0.00010840782988451806,64
response_first,35,6,2.5563003305226334e-06,0.013672265962444054,0.013672265962444054,0.5,-3.021186489604853e-05,3.53244655570938e-05,64
response_first,21,9,9.086585492934454e-07,0.013659434951075291,0.013659434951075291,0.515625,-1.6855669997535537e-05,1.867298709612243e-05,64
post_selector,6,7,-5.7291763368989634e-05,-0.013656259237418268,0.013656259237418268,0.46875,0.00014352179277921594,-0.0002581053195171952,64
response_first,2,31,9.316968373696569e-06,0.013610274265158345,0.013610274265158345,0.5,-4.160998247470127e-05,6.024391922209437e-05,64
public_task_span,20,2,8.37318623326104e-06,0.0135953899745145,0.0135953899745145,0.5,8.933445246840494e-05,-7.258808000188285e-05,64
public_task_span,0,18,1.3223388123147762e-05,0.01358642065518489,0.01358642065518489,0.5,0.00016758702076911873,-0.00014114024452282318,64
public_task_span,31,15,-2.5453515036123926e-05,-0.013578218215733226,0.013578218215733226,0.5,-0.0009470648817568689,0.000896157851684621,64
public_task_span,13,3,-1.71705642060234e-05,-0.01356051887520343,0.01356051887520343,0.5,-0.0001299392552027706,9.559812679072385e-05,64
response_mean,18,19,3.3816039206154724e-05,0.013555574410948268,0.013555574410948268,0.53125,-0.0004382258035775543,0.0005058578819898637,64
response_first,16,4,1.061651289546378e-06,0.013545009948973398,0.013545009948973398,0.5,2.0028458777682797e-05,-1.7905156198590038e-05,64
final_prompt,22,16,3.978924951300153e-06,0.013543413370701245,0.013543413370701245,0.5,-7.092502755766449e-05,7.88828774602648e-05,64
final_prompt,11,27,-1.0921094428795186e-07,-0.01353976290499344,0.01353976290499344,0.515625,4.783701115229632e-07,-6.96792000098867e-07,64
response_mean,17,12,6.10803306244993e-06,0.013534114403337126,0.013534114403337126,0.515625,-2.1983770466239436e-05,3.41998365911393e-05,64
final_prompt,34,17,1.8946524505732064e-05,0.013518807242849464,0.013518807242849464,0.5,0.0002439340132696092,-0.0002060409642581451,64
response_first,18,14,4.536821052170126e-07,0.013508770608906047,0.013508770608906047,0.5,-4.989281308098725e-06,5.8966455185327504e-06,64
response_first,25,15,-2.3512626512440954e-06,-0.01350353344232696,0.01350353344232696,0.515625,7.593803729831776e-05,-8.064056260080596e-05,64
final_prompt,9,14,-3.0287664003418996e-06,-0.013503247732276465,0.013503247732276465,0.5,-3.831771982731088e-05,3.226018702662709e-05,64
post_selector,5,9,-0.0002961070422315971,-0.013499159100428976,0.013499159100428976,0.5,8.844654075754752e-07,-0.0005930985498707689,64
public_task_span,8,28,-7.146730318652317e-08,-0.013490613258250527,0.013490613258250527,0.5,-1.501589252939084e-08,-1.279187138436555e-07,64
public_task_span,30,29,-3.170855791267968e-07,-0.01348633136021424,0.01348633136021424,0.515625,2.4278847376990598e-06,-3.0620558959526534e-06,64
public_task_span,35,23,-2.080731519527501e-05,-0.01346925428879016,0.01346925428879016,0.5,0.0001438443468941844,-0.00018545897728473442,64
public_task_span,32,7,-3.466615430624691e-05,-0.01346571988811845,0.01346571988811845,0.484375,-0.00036392016818351773,0.0002945878595710238,64
public_task_span,8,19,-1.5724720469733888e-05,-0.013461491117306011,0.013461491117306011,0.53125,0.0001321329400525378,-0.0001635823809920056,64
public_task_span,29,18,2.6949901439364787e-06,0.013459826943916118,0.013459826943916118,0.515625,-6.893876616230569e-05,7.432874645017866e-05,64
public_task_span,31,9,-7.948435722937554e-06,-0.013459440266494597,0.013459440266494597,0.484375,-0.00022940973758521106,0.00021351286613933594,64
public_task_span,25,31,-7.456745152011046e-06,-0.013439459316234059,0.013439459316234059,0.5,-3.37000856234162e-05,1.878659531939411e-05,64
public_task_span,9,16,-1.5519655789835763e-05,-0.013434580659950656,0.013434580659950656,0.5,0.00017792807921066092,-0.0002089673907903325,64
public_task_span,20,28,-7.142112281142416e-06,-0.013427751923701338,0.013427751923701338,0.5,0.00028466669482438633,-0.00029895091938667115,64
response_first,15,21,-8.711217276399763e-07,-0.013424817049906983,0.013424817049906983,0.5,-3.2814404846694825e-06,1.5391970293895294e-06,64
public_task_span,22,20,1.0676576039257808e-05,0.013416230308580943,0.013416230308580943,0.5,-0.00011406849671402188,0.00013542164879253748,64
final_prompt,11,4,-9.865905070682857e-08,-0.013407330418232053,0.013407330418232053,0.5,5.19625281469871e-07,-7.169433828835281e-07,64
final_prompt,1,22,8.258219850182335e-07,0.01340408628270445,0.01340408628270445,0.5,7.202439007870904e-06,-5.550795037834437e-06,64
public_task_span,27,15,-7.389557595167867e-06,-0.013402230858227428,0.013402230858227428,0.5,-0.00017631241371418412,0.00016153329852384838,64
public_task_span,2,8,-2.630446033435467e-05,-0.013389335829090947,0.013389335829090947,0.5,-0.0007255783275468062,0.0006729694068780968,64
response_mean,11,23,4.036273281827444e-06,0.013372035907280134,0.013372035907280134,0.5,7.596418555522187e-05,-6.789163899156699e-05,64
final_prompt,14,28,2.1002427956789377e-06,0.013365118541317642,0.013365118541317642,0.5,-4.2974404323095247e-05,4.717488991445312e-05,64
public_task_span,10,27,-3.657213824224317e-06,-0.013353951845244096,0.013353951845244096,0.484375,6.113817767071754e-05,-6.845260531916617e-05,64
public_task_span,24,6,9.438873576079873e-07,0.013352928798548852,0.013352928798548852,0.5,-1.3348173752090769e-05,1.5235948467306743e-05,64
public_task_span,33,6,-1.89427373698e-05,-0.013306173108180053,0.013306173108180053,0.5,-0.0005124692070239562,0.0004745837322843563,64
public_task_span,26,28,4.8315205276611235e-06,0.01330343420295839,0.01330343420295839,0.5,9.774710656528379e-05,-8.808406550996154e-05,64
public_task_span,12,0,2.1385719719485543e-06,0.01328722251024522,0.01328722251024522,0.5,2.6771869670470477e-05,-2.2494725726573368e-05,64
response_mean,25,22,2.9563260852639884e-06,0.013282712438131913,0.013282712438131913,0.53125,2.6390810546672237e-05,-2.0478158376144267e-05,64
final_prompt,29,2,2.912593345172495e-05,0.013280442210326981,0.013280442210326981,0.515625,-0.000773552252212528,0.000831804119115978,64
final_prompt,3,15,-0.00012450143995579267,-0.013263297135900244,0.013263297135900244,0.5,0.00026265459348453297,-0.0005116574733961181,64
public_task_span,30,5,-1.5568815001620203e-06,-0.013262960621404996,0.013262960621404996,0.5,-1.877642762337437e-05,1.5662664623050334e-05,64
public_task_span,35,17,3.6869828363677144e-06,0.013242395390235076,0.013242395390235076,0.515625,0.00011324043498460032,-0.0001058664693118649,64
post_selector,1,4,8.521793461112493e-06,0.013229064407952308,0.013229064407952308,0.5,-2.8878986995553108e-05,4.5922573917778114e-05,64
final_prompt,35,19,6.245748409127198e-06,0.013222236019625156,0.013222236019625156,0.5,5.896578841201553e-05,-4.647429159376113e-05,64
public_task_span,25,14,-5.784378117820174e-06,-0.013221948985348082,0.013221948985348082,0.5,8.164986229530152e-05,-9.321861853094185e-05,64
response_mean,11,0,-4.2290492274333036e-05,-0.01321933974803819,0.01321933974803819,0.515625,-0.00011044965140174229,2.5868666853076303e-05,64
response_mean,27,4,6.044646283955768e-06,0.013217245811681134,0.013217245811681134,0.5,-8.410542955059878e-05,9.619472211851031e-05,64
public_task_span,15,31,4.854859298575464e-06,0.013213821490147269,0.013213821490147269,0.5,-0.0001579680931626921,0.000167677811759843,64
response_first,15,0,-1.2407192116372498e-05,-0.013169646636757178,0.013169646636757178,0.484375,0.00035086157004114444,-0.00037567595427388947,64
final_prompt,32,4,6.2192482346274515e-06,0.013166660744587657,0.013166660744587657,0.5,9.9004905678145e-05,-8.656640920889012e-05,64
public_task_span,24,26,2.4002776626726475e-05,0.013150012850721546,0.013150012850721546,0.5,-0.00030536327540175686,0.00035336882865520983,64
final_prompt,9,12,-1.2629219838807322e-06,-0.013110084041786886,0.013110084041786886,0.5,7.863851578796861e-07,-3.312229125641148e-06,64
public_task_span,16,15,2.231820690213085e-05,0.013103889898312831,0.013103889898312831,0.5,5.2218187192927155e-05,-7.5817733886654405e-06,64
public_task_span,22,7,4.428608235681804e-06,0.013098688354502543,0.013098688354502543,0.53125,6.831971290919805e-05,-5.9462496437834425e-05,64
public_task_span,23,19,-9.346437650520525e-07,-0.013098005235717374,0.013098005235717374,0.5,1.850755938903019e-05,-2.0376846919134293e-05,64
final_prompt,35,24,-1.7038009900714816e-06,-0.013093437154723074,0.013093437154723074,0.484375,-6.767275181116579e-06,3.359673200973613e-06,64
response_first,3,1,-1.626956873224682e-05,-0.013078791571879475,0.013078791571879475,0.515625,0.000134830042952641,-0.0001673691804171346,64
post_selector,5,23,0.0001357220621684915,0.013076594090762582,0.013076594090762582,0.546875,0.0008742026302570435,-0.0006027585059200599,64
response_first,23,2,-2.5749700682808907e-07,-0.013058643490918903,0.013058643490918903,0.484375,-2.0238654769855202e-06,1.508871463329342e-06,64
final_prompt,20,15,9.48690512813669e-06,0.013058270781467422,0.013058270781467422,0.5,-0.00047469487299163943,0.0004936686832479127,64
final_prompt,13,23,-2.3488542666427742e-07,-0.013052397236160918,0.013052397236160918,0.5,-4.032229313111202e-06,3.562458459782647e-06,64
final_prompt,27,12,4.546433046926602e-06,0.013032866267387493,0.013032866267387493,0.5,-2.9030363066335498e-05,3.812322916018868e-05,64
public_task_span,28,21,1.7429745639679258e-05,0.013016927566156375,0.013016927566156375,0.5,-0.00040885511771192437,0.00044371460899128286,64
response_mean,11,16,-5.532382965611253e-05,-0.013004929589980565,0.013004929589980565,0.5,0.0007037762370600813,-0.0008144238963723063,64
public_task_span,12,24,2.384609501855799e-06,0.012995950390034011,0.012995950390034011,0.5,3.5850868925976965e-05,-3.108164992226537e-05,64
response_mean,13,17,-1.231269402523851e-05,-0.012986533602729682,0.012986533602729682,0.5,-6.48080404062035e-05,4.0182652355726475e-05,64
final_prompt,2,27,-6.525468734229487e-07,-0.01297243754574701,0.01297243754574701,0.5,-2.687933147169295e-07,-1.0363004321289684e-06,64
response_first,18,31,3.7264270531498226e-06,0.012969440929305147,0.012969440929305147,0.5,-2.2017412447894793e-05,2.9470266554194435e-05,64
public_task_span,6,11,-4.30369836976727e-05,-0.012968773615195339,0.012968773615195339,0.484375,-0.000718337112630233,0.0006322631452348875,64
public_task_span,22,26,-7.927551450856239e-07,-0.012944376739323436,0.012944376739323436,0.515625,-2.1401520143624905e-05,1.9816009853453653e-05,64
response_first,30,8,4.466190944189833e-06,0.01294205529383477,0.01294205529383477,0.515625,-0.00015942011566491912,0.00016835249755329878,64
response_first,12,3,-1.4990219824538195e-05,-0.012924370693750893,0.012924370693750893,0.5,-0.00039285084039874515,0.00036287040074966875,64
response_first,16,19,7.798583396843354e-07,0.012909406178634474,0.012909406178634474,0.5,1.7711695477370684e-05,-1.6151978798002015e-05,64
response_mean,28,24,2.0735210881639427e-07,0.01289979485500467,0.01289979485500467,0.5,-6.593360524220781e-08,4.806378228749963e-07,64
response_mean,9,29,2.114314236223532e-05,0.012897720949019757,0.012897720949019757,0.5,6.896460081406622e-05,-2.667831608959546e-05,64
response_first,12,28,-1.8602971891811351e-06,-0.012895082477811022,0.012895082477811022,0.5,2.4522887997588032e-05,-2.8243482375950307e-05,64
final_prompt,14,12,4.1897244500396744e-06,0.01288040100094043,0.01288040100094043,0.5,-7.291658016583968e-05,8.129602906591904e-05,64
public_task_span,31,14,-1.4985075097226526e-05,-0.012820521914051908,0.012820521914051908,0.484375,-0.0006093850022352583,0.0005794148520408053,64
final_prompt,32,16,2.182009666284997e-05,0.012788122787085368,0.012788122787085368,0.5,-0.00017730692343320627,0.0002209471167589062,64
final_prompt,11,6,1.900509460030866e-06,0.012767776167597899,0.012767776167597899,0.5,-4.452636846962501e-05,4.832738738968674e-05,64
public_task_span,24,28,-8.154951501641804e-06,-0.012736022047095863,0.012736022047095863,0.5,0.00010381236006649976,-0.00012012226306978336,64
public_task_span,27,18,-1.2684107105090109e-05,-0.012729015232243256,0.012729015232243256,0.5,-0.00029544554536185895,0.0002700773311516787,64
response_first,2,16,3.0392371627383505e-05,0.012727334373226276,0.012727334373226276,0.5,-0.00032189886769628433,0.0003826836109510514,64
final_prompt,35,20,6.877474334032964e-06,0.012719040175632072,0.012719040175632072,0.5,-6.336247042781162e-05,7.711741909587758e-05,64
public_task_span,19,8,-1.3339508768691587e-06,-0.012711402856276085,0.012711402856276085,0.484375,-9.153398536907508e-06,6.48549678316919e-06,64
response_first,32,3,6.108618777034876e-06,0.012705760327239597,0.012705760327239597,0.515625,-0.000268865622047062,0.0002810828596011318,64
final_prompt,14,21,-5.292027651648823e-07,-0.012702036968459061,0.012702036968459061,0.5,1.4499119060928933e-07,-1.203396720939054e-06,64
final_prompt,8,3,-3.6310663631411444e-07,-0.012701715717650471,0.012701715717650471,0.5,9.763244861460407e-07,-1.7025377587742696e-06,64
public_task_span,34,16,-4.988747605243442e-06,-0.012691375591625208,0.012691375591625208,0.5,-0.00011850781265820006,0.00010853031744771317,64
final_prompt,22,19,-1.382720753893583e-06,-0.012687586817045906,0.012687586817045906,0.5,-3.4185916547351e-05,3.142047503956383e-05,64
final_prompt,21,0,5.124017263812979e-07,0.012686687448949553,0.012686687448949553,0.5,6.725360890413867e-08,9.57549843858457e-07,64
final_prompt,31,29,5.236383367446403e-05,0.012685595329486531,0.012685595329486531,0.5,-0.0009551620969432406,0.0010598897642921689,64
final_prompt,17,4,1.3599999419959818e-06,0.012666766633884451,0.012666766633884451,0.515625,5.146313225167029e-05,-4.874313236767834e-05,64
final_prompt,10,27,2.1019591622817302e-08,0.012666760690596263,0.012666760690596263,0.5,4.246199245550031e-07,-3.825807413093685e-07,64
final_prompt,28,12,3.331752759549544e-05,0.012653143865571845,0.012653143865571845,0.515625,-0.0002541167905292361,0.0003207518457202269,64
final_prompt,15,15,5.420981636913505e-07,0.01264732017957734,0.01264732017957734,0.5,9.496213181134074e-06,-8.412016853751373e-06,64
response_mean,27,5,8.158445723454965e-07,0.012636412902049574,0.012636412902049574,0.53125,5.171306099782233e-06,-3.539616955091241e-06,64
response_mean,18,5,4.949193476022001e-05,0.012622400682809513,0.012622400682809513,0.515625,0.00024387003577430472,-0.0001448861662538649,64
response_first,20,0,2.189469867630578e-07,0.012610492229992425,0.012610492229992425,0.5,7.1108145753839835e-06,-6.672920601857868e-06,64
response_mean,9,8,3.881214013291588e-06,0.012606240857423744,0.012606240857423744,0.5,-0.00015112071275778135,0.00015888314078436452,64
response_first,15,14,5.250337320461535e-08,0.012583545216157349,0.012583545216157349,0.5,1.5256653913553464e-06,-1.4206586449461156e-06,64
response_first,34,20,-4.394744337332668e-07,-0.012582253239823664,0.012582253239823664,0.5,8.895388958762851e-06,-9.774337826229385e-06,64
response_mean,35,10,3.4370431194496166e-06,0.012582227620060447,0.012582227620060447,0.5,-0.00010973433359139195,0.00011660841983029122,64
public_task_span,26,14,2.8438748245204553e-06,0.012577486641465614,0.012577486641465614,0.515625,-8.158224989073632e-05,8.726999953977723e-05,64
response_mean,14,1,3.7729986388526577e-06,0.012576913599612773,0.012576913599612773,0.5,6.34935793186751e-05,-5.594758204096981e-05,64
public_task_span,14,7,-1.2766010740959974e-05,-0.01256261920828341,0.01256261920828341,0.5,-4.517195111474765e-05,1.96399296328277e-05,64
public_task_span,28,27,-1.015078964882031e-06,-0.012518353456721693,0.012518353456721693,0.5,-2.5010699573630047e-06,4.709120275989418e-07,64
response_mean,30,23,-3.5022920030769445e-07,-0.01251825168903853,0.01251825168903853,0.5,-4.381192610480866e-06,3.680734209865477e-06,64
response_first,32,4,2.654565832930212e-06,0.012507630372318617,0.012507630372318617,0.5,-1.6820344626451462e-05,2.212947629231189e-05,64
final_prompt,14,0,-7.179796046585804e-08,-0.01250709762877974,0.01250709762877974,0.5,4.197086518331616e-07,-5.633045727648778e-07,64
response_mean,13,2,5.189991725273645e-05,0.01248330741650988,0.01248330741650988,0.5,9.683353619037622e-05,6.9662983150967875e-06,64
final_prompt,1,30,3.636202200141248e-05,0.012464947318079669,0.012464947318079669,0.5,-0.0012399012175592218,0.0013126252615620468,64
final_prompt,7,25,1.591113573341892e-06,0.012441595664320012,0.012441595664320012,0.5,-1.8286104022989543e-05,2.146833116967333e-05,64
response_mean,7,16,2.620419685678676e-07,0.01241022429669461,0.01241022429669461,0.5,-3.6857918317423355e-06,4.209875768878071e-06,64
response_first,27,4,3.186370463482722e-06,0.01237941070252005,0.01237941070252005,0.5,-7.864578492434927e-06,1.4237319419400377e-05,64
public_task_span,16,28,2.2246942080527294e-05,0.012350553823702563,0.012350553823702563,0.5,0.0007030358110568762,-0.0006585419268958217,64
response_mean,23,25,2.0571177401522844e-06,0.012321825220990125,0.012321825220990125,0.5,3.202922653144546e-05,-2.7914991051140903e-05,64
public_task_span,30,24,-5.771730229748981e-06,-0.012305088604122643,0.012305088604122643,0.46875,-0.000224042045374502,0.000212498584915004,64
response_mean,18,29,-4.613799683284218e-05,-0.01228758056320241,0.01228758056320241,0.5,0.0007865880997996813,-0.0008788640934653656,64
final_prompt,35,28,-6.612997367501906e-07,-0.012283011704665182,0.012283011704665182,0.46875,-2.180023216170949e-06,8.574237426705689e-07,64
response_mean,16,7,2.3731754936309938e-05,0.012257546461618946,0.012257546461618946,0.484375,0.00033637774140515315,-0.0002889142315325333,64
response_mean,16,5,-2.1042204139142615e-06,-0.012256486875335149,0.012256486875335149,0.5,6.33340129070171e-05,-6.754245373484562e-05,64
response_mean,23,17,-1.6105606164226518e-06,-0.012238754009120138,0.012238754009120138,0.5,-1.9352114634323478e-05,1.613099340147818e-05,64
response_first,13,27,-1.20078957479547e-05,-0.01221872414195685,0.01221872414195685,0.5,-5.059623708803347e-05,2.658044559212408e-05,64
response_first,13,2,1.492889668952846e-05,0.01221493488466318,0.01221493488466318,0.515625,-0.00016962440395217095,0.00019948219733122792,64
response_mean,14,24,2.783569527764981e-06,0.012212461047343656,0.012212461047343656,0.5,5.734816284074482e-05,-5.178102378521487e-05,64
public_task_span,34,21,-2.5496851776555404e-05,-0.01219965269384819,0.01219965269384819,0.453125,-0.0002340457922400676,0.0001830520886869567,64
response_first,33,5,6.923009095776132e-06,0.012195485303675882,0.012195485303675882,0.5,-0.00012415499622873914,0.0001380010144202914,64
public_task_span,22,17,5.185874215384984e-06,0.012181627224035317,0.012181627224035317,0.484375,-0.00012930949833387485,0.00013968124676464486,64
response_first,20,22,-7.77951072450073e-07,-0.012174912207407344,0.012174912207407344,0.5,-7.81552256512234e-06,6.259620420222195e-06,64
public_task_span,8,26,-9.965615390681464e-06,-0.012170578861802122,0.012170578861802122,0.5,-0.00015137891205084758,0.0001314476812694846,64
public_task_span,34,23,-2.547288033838413e-07,-0.012154424202711315,0.012154424202711315,0.484375,1.0838286357284233e-06,-1.5932862424961058e-06,64
response_mean,12,20,-4.2589617805807165e-06,-0.012150366909243288,0.012150366909243288,0.5,-0.0001406300166308823,0.00013211209306972086,64
final_prompt,33,24,1.2485764727899427e-05,0.01214784286752223,0.01214784286752223,0.5,0.00016687583956808436,-0.00014190431011228553,64
response_first,12,11,7.702583616265444e-06,0.012139383009429749,0.012139383009429749,0.5,0.00011791087058554632,-0.00010250570335301546,64
public_task_span,33,27,-5.300085490502396e-07,-0.012138339002658042,0.012138339002658042,0.484375,-4.399269698751522e-06,3.339252600651041e-06,64
response_first,14,7,9.215618320004653e-06,0.012135675338244018,0.012135675338244018,0.5,-0.00014940668097551948,0.0001678379176155288,64
final_prompt,27,19,1.8109170468961862e-05,0.012126386477552637,0.012126386477552637,0.515625,-0.0007411050110021933,0.000777323351940117,64
final_prompt,28,23,1.4079054835748774e-05,0.012123837527156345,0.012123837527156345,0.5,-0.00033218686166946326,0.0003603449713409608,64
public_task_span,7,23,-7.517874905716686e-06,-0.012123620697184275,0.012123620697184275,0.5,-3.692089330797924e-05,2.1885143496545888e-05,64
final_prompt,33,11,2.3370415647149933e-05,0.012079133933383222,0.012079133933383222,0.515625,-0.0011743143809326033,0.0012210552122269031,64
response_first,7,20,-1.536369495628846e-06,-0.012078656644615056,0.012078656644615056,0.5,-8.655635724612678e-06,5.5828967333549875e-06,64
response_first,22,16,8.724196050021644e-07,0.012074330938849947,0.012074330938849947,0.5,-1.2835618008461658e-05,1.4580457218465988e-05,64
final_prompt,31,31,-1.6151910813300095e-06,-0.012068798027563945,0.012068798027563945,0.515625,-5.624893100274054e-05,5.301854884008052e-05,64
response_first,31,0,4.07237462240699e-06,0.012040447849112892,0.012040447849112892,0.5,-0.00016523447402503819,0.00017337922326985216,64
public_task_span,11,25,-1.9563735804678636e-06,-0.012035425777481127,0.012035425777481127,0.5,1.78730260813007e-06,-5.700049769065798e-06,64
response_mean,14,26,4.3160296399940304e-05,0.012035263429411556,0.012035263429411556,0.5,0.00015183035930020614,-6.55097665003255e-05,64
public_task_span,11,19,1.4093517108904052e-07,0.012034220207215274,0.012034220207215274,0.53125,-1.5406329794132034e-06,1.8225033215912845e-06,64
response_mean,10,2,-2.375870053587303e-06,-0.012029051769372577,0.012029051769372577,0.5,-2.385367361056812e-05,1.9101933503393518e-05,64
final_prompt,17,6,9.28825585332542e-07,0.012024940228121804,0.012024940228121804,0.5,2.2852161180249978e-05,-2.0994510009584894e-05,64
public_task_span,8,17,-5.645682108484612e-06,-0.012009444714102676,0.012009444714102676,0.515625,8.459852119811678e-05,-9.588988541508602e-05,64
response_mean,18,25,1.1245239260659982e-05,0.01197708854850396,0.01197708854850396,0.5,0.0001844731350217779,-0.0001619826565004579,64
response_first,26,2,-3.285133971068086e-06,-0.011970108082136832,0.011970108082136832,0.5,-2.8426741209824842e-05,2.185647326768867e-05,64
response_first,21,0,-2.7982118844249726e-08,-0.011957607759684328,0.011957607759684328,0.5,-4.480516313520866e-07,3.9208739366358714e-07,64
post_selector,23,8,1.4309392099676195e-05,0.011952689986206227,0.011952689986206227,0.5,0.000526764934875215,-0.0004981461506758626,64
response_mean,12,28,-1.4472739735527703e-06,-0.011950471689811686,0.011950471689811686,0.5,-7.052464070503847e-06,4.157916123398303e-06,64
response_first,24,24,-1.4479706806016511e-05,-0.011947646430159475,0.011947646430159475,0.5,0.0002578448675194451,-0.0002868042811314781,64
public_task_span,28,0,-4.2052324715763565e-06,-0.011928115696919673,0.011928115696919673,0.5,-0.00016519960479398425,0.00015678913985083152,64
public_task_span,1,0,1.7025736269711263e-05,0.011925294141928462,0.011925294141928462,0.484375,-0.00015219318811431897,0.00018624466065374144,64
response_first,33,9,3.3825974696807236e-06,0.011913880390194777,0.011913880390194777,0.5,-0.0002074165319072195,0.00021418172684658097,64
final_prompt,15,21,4.328407356979369e-07,0.011904019711454782,0.011904019711454782,0.53125,-1.76930427642219e-06,2.634985747818064e-06,64
public_task_span,8,20,3.1025006137495394e-06,0.01187480394346807,0.01187480394346807,0.5,-6.062040620235953e-05,6.682540742985861e-05,64
final_prompt,1,19,-2.892375789545195e-06,-0.011840993058560557,0.011840993058560557,0.5,-0.0001014193394439586,9.563458786486821e-05,64
response_first,16,23,-1.7042428055446006e-06,-0.011833542476367665,0.011833542476367665,0.5,-3.913629456064333e-05,3.5727808949554124e-05,64
public_task_span,31,19,-1.2934309552264855e-06,-0.01181641942572337,0.01181641942572337,0.5,-2.5043348159651158e-06,-8.252709448785189e-08,64
response_mean,35,26,8.149798304656896e-06,0.011816188814493162,0.011816188814493162,0.5,0.00010309096251148237,-8.679136590216855e-05,64
public_task_span,34,8,2.0162124201309367e-05,0.011812766149477124,0.011812766149477124,0.5,0.00012324582348810937,-8.292157508549057e-05,64
response_mean,16,1,-7.069265393511217e-06,-0.011811706706173253,0.011811706706173253,0.5,-1.73567802903579e-05,3.218249503335456e-06,64
response_mean,7,5,7.283728109526079e-07,0.011789124071023126,0.011789124071023126,0.5,-3.005457728023149e-06,4.462203349928365e-06,64
final_prompt,33,26,5.40011455996489e-07,0.0117879154404527,0.0117879154404527,0.484375,7.5942858757110935e-06,-6.514262963718113e-06,64
public_task_span,27,2,-3.12755219056271e-07,-0.011774792041983177,0.011774792041983177,0.5,-4.3872755668417085e-06,3.7617651287291665e-06,64
final_prompt,28,26,8.88602613713374e-08,0.011772520022607052,0.011772520022607052,0.5,1.7001033469909999e-07,7.71018804357487e-09,64
final_prompt,16,26,5.547488854071545e-06,0.011772421312089868,0.011772421312089868,0.484375,-5.5087047257975456e-05,6.618202496611854e-05,64
final_prompt,18,14,1.5599267584291636e-06,0.011771937705930866,0.011771937705930866,0.515625,-7.815316109828762e-06,1.0935169626687086e-05,64
final_prompt,13,14,7.965372788015183e-07,0.011770596119645258,0.011770596119645258,0.515625,-1.9009764855583207e-05,2.060283941318624e-05,64
final_prompt,17,17,1.0480998980713079e-05,0.011765652896415624,0.011765652896415624,0.515625,0.0002459772058500606,-0.0002250152078886344,64
final_prompt,18,18,-1.2287560597457638e-05,-0.01175103858048908,0.01175103858048908,0.515625,-0.00015888686143483623,0.00013431174023992098,64
public_task_span,31,25,1.7595007193464174e-06,0.011749004296386617,0.011749004296386617,0.515625,-5.969265953352004e-05,6.321166097221288e-05,64
public_task_span,25,12,-8.468733767625502e-07,-0.011732032586062658,0.011732032586062658,0.5,8.680091696073726e-06,-1.0373838449598827e-05,64
response_first,10,26,4.851140403160823e-06,0.01172138171666351,0.01172138171666351,0.484375,2.3311424797611577e-05,-1.3609143991289932e-05,64
response_mean,33,21,9.431929356648325e-06,0.01171950000867712,0.01171950000867712,0.53125,-0.0005455749851534776,0.0005644388438667742,64
response_first,6,10,-2.5896088118315647e-05,-0.011719493401151552,0.011719493401151552,0.5,-0.000485347001813347,0.0004335548255767156,64
post_selector,6,25,5.842421887791878e-05,0.011702811196226959,0.011702811196226959,0.546875,-0.0002502931311027937,0.0003671415688586311,64
post_selector,27,19,-7.110961269063751e-05,-0.011679482730968032,0.011679482730968032,0.515625,0.0014063205417187282,-0.0015485397671000031,64
post_selector,4,7,0.00018374208923432086,0.011676017872127912,0.011676017872127912,0.5,0.0005599603852033249,-0.000192476206734683,64
final_prompt,7,7,-8.861158473649766e-08,-0.011675373039684274,0.011675373039684274,0.5,-1.503494404531125e-06,1.3262712350581296e-06,64
public_task_span,26,9,-8.756078955225779e-07,-0.01167261485712914,0.01167261485712914,0.5,9.123282097781912e-06,-1.0874497888827065e-05,64
post_selector,4,28,6.018912608852023e-05,0.011670590638885403,0.011670590638885403,0.546875,0.0019268571923021188,-0.0018064789401250779,64
response_first,20,27,6.510427965617833e-06,0.011668791864214099,0.011668791864214099,0.5,-3.543590537445072e-06,1.6564446468680744e-05,64
response_mean,15,23,7.063960538289007e-06,0.011664549546294914,0.011664549546294914,0.5,-0.00011098839058831888,0.0001251163116648969,64
response_mean,12,29,4.9022891630539715e-06,0.011657796743270934,0.011657796743270934,0.515625,-8.931778518216943e-05,9.912236350827736e-05,64
response_first,29,29,4.8336687541450374e-08,0.011652373896439989,0.011652373896439989,0.515625,1.942492602324819e-06,-1.8458192272419183e-06,64
response_first,11,5,5.1860254472998535e-06,0.011648868604612974,0.011648868604612974,0.484375,-0.00010712424120384483,0.00011749629209844453,64
response_first,35,20,-5.966328444626601e-06,-0.0116383584665398,0.0116383584665398,0.5,-0.00027192879770153276,0.00025999614081227956,64
public_task_span,35,30,6.572461643374207e-06,0.011614195533983874,0.011614195533983874,0.5,0.0001856524049799109,-0.00017250748169316254,64
public_task_span,23,30,-4.405380423121772e-06,-0.011599652142727129,0.011599652142727129,0.484375,-0.00014751337062078208,0.00013870260977453855,64
public_task_span,3,9,7.430511323037e-05,0.011594412328689307,0.011594412328689307,0.53125,-0.000760180962970469,0.0009087911894312089,64
final_prompt,33,7,1.4999876896076468e-06,0.01159393381383537,0.01159393381383537,0.5,-1.3649875711513942e-05,1.664985109072924e-05,64
response_mean,16,22,1.1986528335231728e-05,0.01158869260523655,0.01158869260523655,0.5,-0.00030345514790041685,0.0003274282045708803,64
final_prompt,31,22,1.3433835874794075e-06,0.011586759819548003,0.011586759819548003,0.515625,1.2484148328434893e-05,-9.79738115347608e-06,64
public_task_span,0,9,9.956253052221881e-06,0.011578556595452103,0.011578556595452103,0.5,0.00010376440332038439,-8.385189721594064e-05,64
public_task_span,3,2,2.7081485313827788e-05,0.01157247568995057,0.01157247568995057,0.5,0.00018707981871556723,-0.00013291684808791168,64
response_mean,22,25,2.6243613859833204e-07,0.01155659148479412,0.01155659148479412,0.515625,-4.957902739022302e-06,5.482775016218966e-06,64
response_first,15,18,-1.0995161197063744e-06,-0.011550218946564607,0.011550218946564607,0.5,-2.0277637247542186e-05,1.8078605008129436e-05,64
response_mean,33,27,7.58214298458403e-07,0.011548964757155541,0.011548964757155541,0.5,7.046695600367356e-06,-5.530267003450548e-06,64
final_prompt,33,22,7.693104635110911e-06,0.011513183056722224,0.011513183056722224,0.5,-0.0002460357736708766,0.0002614219829410984,64
response_first,17,26,-7.99604504209139e-06,-0.011481431682033524,0.011481431682033524,0.5,-0.00014936081991123346,0.00013336872982705068,64
public_task_span,28,2,-7.8442069479904e-06,-0.011464306154642402,0.011464306154642402,0.5,-0.00018196580231231714,0.00016627738841633633,64
public_task_span,22,14,3.460744119365057e-05,0.01146107438031406,0.01146107438031406,0.5,-9.779574611457498e-05,0.000167010628501876,64
final_prompt,8,10,-5.8131192304244905e-08,-0.011457657351222362,0.011457657351222362,0.5,1.4198688660371772e-06,-1.536131250645667e-06,64
response_first,34,0,6.402237090697482e-06,0.011452152269812913,0.011452152269812913,0.5,-0.0001623976345399412,0.00017520210872133617,64
public_task_span,31,11,-2.803445113385986e-06,-0.011451836253979837,0.011451836253979837,0.484375,-3.82825451197174e-05,3.267565489294544e-05,64
response_first,22,27,1.3666829090652755e-07,0.011450703087106643,0.011450703087106643,0.5,-1.9982351844305413e-06,2.2715717662435964e-06,64
response_mean,12,16,-2.4492173906760813e-06,-0.011440187115575009,0.011440187115575009,0.484375,1.7765200937001301e-06,-6.674954875052301e-06,64
response_first,10,13,-6.552028025904691e-06,-0.011414693627569215,0.011414693627569215,0.5,2.448779832775938e-05,-3.759185437956875e-05,64
public_task_span,35,16,-1.0303326689590442e-06,-0.011412961079661168,0.011412961079661168,0.46875,-4.731311037173728e-06,2.67064569925564e-06,64
public_task_span,1,18,-1.662722752371548e-05,-0.011395855830306997,0.011395855830306997,0.5,7.574968185508247e-05,-0.00010900413690251346,64
response_mean,8,28,-5.798844476601509e-06,-0.011379797523536878,0.011379797523536878,0.5,0.00015479339703005146,-0.00016639108598325445,64
public_task_span,18,11,8.87630994838941e-06,0.011375485032265048,0.011375485032265048,0.5,0.0002482851966760703,-0.0002305325767792915,64
response_mean,14,29,1.9449045794310933e-05,0.011370932530645387,0.011370932530645387,0.5,0.00024183278947019688,-0.000202934697881575,64
response_mean,14,25,-1.0519909146467974e-05,-0.011370517569975038,0.011370517569975038,0.5,0.00023389653317451383,-0.0002549363514674498,64
response_first,9,9,1.1733116025429043e-06,0.011363715587430287,0.011363715587430287,0.5,-5.1561345912880144e-05,5.3907969117965955e-05,64
final_prompt,29,1,-1.0574025054668824e-05,-0.011363364359381511,0.011363364359381511,0.484375,-0.00020072740699106004,0.00017957935688172236,64
public_task_span,22,25,-8.195438567776264e-07,-0.011352916045016228,0.011352916045016228,0.484375,-1.0741108269482156e-05,9.102020555926903e-06,64
public_task_span,34,28,-1.397276173520148e-05,-0.011345973916993926,0.011345973916993926,0.484375,-0.0004392136388560098,0.00041126811538560684,64
public_task_span,29,10,-5.489491528015256e-07,-0.01134484504184008,0.01134484504184008,0.5,-1.058994467939391e-05,9.492046373790858e-06,64
final_prompt,9,9,-3.5513021430236517e-06,-0.011331809377035356,0.011331809377035356,0.5,-9.596889685780685e-05,8.886629257175954e-05,64
response_mean,16,12,9.982896699513377e-06,0.011330378079061239,0.011330378079061239,0.5,-0.00011299830839561924,0.00013296410179464605,64
public_task_span,9,30,2.3169058493834943e-07,0.011305492138291972,0.011305492138291972,0.5,5.539208615343229e-06,-5.07582744546653e-06,64
final_prompt,33,3,7.025753632228885e-07,0.011294063369483357,0.011294063369483357,0.484375,-2.917484891896294e-06,4.322635618342072e-06,64
response_mean,12,31,8.81099282423723e-06,0.011287800550125529,0.011287800550125529,0.5,-0.0003061005096469555,0.0003237224952954299,64
public_task_span,24,25,3.159525658703123e-05,0.011285386705847746,0.011285386705847746,0.5,-0.0005382914387155156,0.0006014819518895782,64
response_first,26,5,-3.9492091818971176e-08,-0.011275353476942187,0.011275353476942187,0.5,-3.617344175310677e-07,2.827502338931253e-07,64
response_first,35,26,3.362942698004e-05,0.011255641673205929,0.011255641673205929,0.515625,0.0005424450864666074,-0.0004751862325065273,64
final_prompt,16,17,8.400212720964958e-07,0.011247643002772385,0.011247643002772385,0.5,1.687565816154622e-05,-1.5195615617353226e-05,64
final_prompt,13,13,5.863468004466449e-07,0.011237023899078437,0.011237023899078437,0.5,-1.4016829425141817e-05,1.5189523026035106e-05,64
public_task_span,7,2,2.1653545445575483e-06,0.011232676128407816,0.011232676128407816,0.5,3.4131739084828944e-05,-2.9801029995713847e-05,64
public_task_span,23,0,-1.3019592188360965e-05,-0.011232546890187642,0.011232546890187642,0.5,-0.0002862169294530722,0.00026017774507635033,64
public_task_span,23,22,2.2555548184746233e-06,0.01122981569895695,0.01122981569895695,0.5,2.4075817236734932e-05,-1.956470759978569e-05,64
public_task_span,6,2,-1.635673970668179e-05,-0.011210324580844788,0.011210324580844788,0.484375,-0.0001335617735094245,0.00010084829409606093,64
post_selector,28,5,1.1174275982736744e-05,0.011168431082866168,0.011168431082866168,0.59375,-0.00033333120427412645,0.0003556797562395999,64
response_mean,26,6,-2.887698656200097e-06,-0.011160657005815334,0.011160657005815334,0.515625,-4.682510598286201e-05,4.1049708670461804e-05,64
final_prompt,31,13,4.054529654240371e-05,0.011155766028684741,0.011155766028684741,0.5,-0.0017542416189826112,0.0018353322120674182,64
response_mean,9,19,1.0052300112301819e-06,0.01115085071621323,0.01115085071621323,0.5,-1.0238679308823777e-05,1.2249139331284145e-05,64
public_task_span,15,8,1.744777273415628e-05,0.011144927630051897,0.011144927630051897,0.5,-0.00024613010828034064,0.00028102565374865315,64
response_first,3,17,-8.949218454285421e-06,-0.011141611752992798,0.011141611752992798,0.5,6.220190243777137e-06,-2.411862715234798e-05,64
final_prompt,17,1,6.613272034883815e-06,0.01112883672510483,0.01112883672510483,0.5,-5.070251700089738e-05,6.392906107066504e-05,64
response_first,11,17,4.115883939444871e-06,0.011128532287371774,0.011128532287371774,0.515625,-1.5420768704643042e-05,2.3652536583532784e-05,64
response_first,13,15,1.3191373398054023e-05,0.01111515511367284,0.01111515511367284,0.5,-0.0004125311108964373,0.00043891385769254544,64
final_prompt,32,1,9.602445061318915e-06,0.011109263030866167,0.011109263030866167,0.515625,-0.00019357830569786982,0.00021278319582050765,64
response_mean,19,5,-7.695278327449853e-06,-0.011100864228059741,0.011100864228059741,0.5,-0.0001684419130469765,0.00015305135639207682,64
response_first,9,0,-3.914620450018447e-08,-0.011100320023108252,0.011100320023108252,0.484375,-6.263376306492319e-07,5.480452216488629e-07,64
public_task_span,26,0,1.0205921171286563e-05,0.01109857370486681,0.01109857370486681,0.5,-8.53281926538579e-06,2.8944661607958888e-05,64
response_first,21,1,2.992093470766122e-07,0.01109644868944896,0.01109644868944896,0.5,4.429676650374859e-06,-3.831257956221634e-06,64
post_selector,2,1,5.1270661060705486e-05,0.011079694469465301,0.011079694469465301,0.46875,-0.0006848951015854172,0.0007874364237068282,64
response_mean,17,26,3.158461842644932e-05,0.01106178944445253,0.01106178944445253,0.5,-0.000264666468751788,0.00032783570560468667,64
response_first,30,28,-1.179577751031502e-07,-0.01105374484451974,0.01105374484451974,0.53125,-8.201484149594761e-07,5.842328647531758e-07,64
response_first,25,17,2.5441361373168547e-07,0.011047067434334767,0.011047067434334767,0.46875,-7.407677941273505e-06,7.916505168736876e-06,64
post_selector,6,14,-3.854914530165951e-05,-0.011044234005711018,0.011044234005711018,0.5,0.00023527224493592188,-0.00031237053553924085,64
response_first,7,2,3.312923809061439e-06,0.011035647929038116,0.011035647929038116,0.5,-0.00016329513846356056,0.00016992098608168343,64
final_prompt,19,4,2.1560252207567497e-05,0.011019683914699145,0.011019683914699145,0.5,-0.0006050619631423564,0.0006481824675574914,64
response_first,13,8,-9.322370715378374e-06,-0.01101516650965846,0.01101516650965846,0.5,4.0233147046826395e-05,-5.88778884775831e-05,64
public_task_span,29,2,-2.9551357329178754e-05,-0.011003926136866085,0.011003926136866085,0.5,-0.0011793471603595887,0.0011202444457012314,64
public_task_span,34,17,2.5398796879018823e-06,0.010992526838526586,0.010992526838526586,0.5,-2.6997890472548765e-05,3.207764984835251e-05,64
public_task_span,28,9,3.981141844633112e-06,0.010989353782051119,0.010989353782051119,0.5,2.1691080974053312e-05,-1.3728797284787091e-05,64
final_prompt,35,15,1.0748501154012636e-05,0.010983225414555892,0.010983225414555892,0.484375,-0.0003418694741412647,0.00036336647644928996,64
response_first,8,11,1.3626894883541937e-06,0.010980873781218531,0.010980873781218531,0.5,4.0202623381373665e-06,-1.2948833614289809e-06,64
response_mean,33,0,8.695089945816712e-07,0.01097564508431389,0.01097564508431389,0.5,-1.8918488990492077e-05,2.065750697965542e-05,64
public_task_span,13,2,-2.534471468606877e-05,-0.010970844941240026,0.010970844941240026,0.5,0.00010935724822046895,-0.00016004667759260635,64
public_task_span,34,7,-7.10055155649825e-06,-0.010962804048163195,0.010962804048163195,0.5,-0.0002953485491161388,0.00028114744600314233,64
final_prompt,18,1,3.4548165785981943e-06,0.010957334382110554,0.010957334382110554,0.5,3.20812905556484e-05,-2.517165739845202e-05,64
response_first,23,21,1.2908463133946358e-06,0.010956571373787935,0.010956571373787935,0.53125,-3.133140472754701e-05,3.391309735433628e-05,64
response_mean,18,27,8.455093023936694e-06,0.010954952340671049,0.010954952340671049,0.515625,-2.9511416897778705e-05,4.642160294565211e-05,64
response_mean,32,12,5.755781785408513e-06,0.010941831633309055,0.010941831633309055,0.5,-8.733534014027615e-05,9.884690371109316e-05,64
response_first,10,0,-3.183422450092621e-07,-0.010920639828407658,0.010920639828407658,0.484375,4.2817406153972115e-06,-4.918425105415736e-06,64
post_selector,19,4,-3.0835595680404714e-05,-0.010919716017822797,0.010919716017822797,0.5,-0.001223101644427497,0.0011614304530666874,64
response_first,35,9,-7.395522061415807e-06,-0.010914085594476977,0.010914085594476977,0.484375,-0.00023263825823960146,0.00021784721411676985,64
public_task_span,17,17,1.1481097999421912e-05,0.010912074986876297,0.010912074986876297,0.5,-6.509754666695018e-05,8.805974266579402e-05,64
response_mean,22,24,-5.899704547124712e-07,-0.010905461885799701,0.010905461885799701,0.484375,-1.0695313221731287e-05,9.515372312306344e-06,64
final_prompt,9,5,-4.458200919543742e-07,-0.010900587239551434,0.010900587239551434,0.5,-2.413906656784093e-07,-6.502495182303392e-07,64
public_task_span,31,23,1.238848767568799e-06,0.010881830983530353,0.010881830983530353,0.515625,6.5798001287446145e-06,-4.102102593607011e-06,64
final_prompt,19,26,4.960218831223644e-07,0.010881002701733835,0.010881002701733835,0.5,-2.118671892503493e-05,2.217876269127966e-05,64
post_selector,3,1,-0.00010278025001752986,-0.01087726257057962,0.01087726257057962,0.5,0.0008164992323145407,-0.0010220597323495999,64
response_first,5,30,-1.5033732779555639e-05,-0.010876409349294779,0.010876409349294779,0.5,4.741763291349234e-05,-7.748509847260361e-05,64
final_prompt,11,10,1.218479724230783e-06,0.010864585052048771,0.010864585052048771,0.5,-2.9074937970102795e-05,3.1511897418564364e-05,64
final_prompt,18,31,-1.4217295301927703e-05,-0.010855083027669531,0.010855083027669531,0.5,0.0004973895256625611,-0.0005258241162664163,64
response_first,17,18,-8.344894482100075e-07,-0.010854009116655697,0.010854009116655697,0.5,2.6693863190978226e-05,-2.836284208739824e-05,64
public_task_span,25,13,1.9561492763352804e-06,0.010842255857531652,0.010842255857531652,0.5,-3.809262261710937e-05,4.2004921169779934e-05,64
response_first,33,11,1.3610104815594707e-05,0.010841624729556206,0.010841624729556206,0.5,-0.0008505561752371789,0.0008777763848683683,64
final_prompt,10,29,-9.54680785979029e-07,-0.010839121111381031,0.010839121111381031,0.484375,-1.4843509234189437e-05,1.2934147662231377e-05,64
post_selector,26,3,1.635145599721489e-05,0.010831975504040782,0.010831975504040782,0.5,-6.226598270586395e-05,9.496889470029377e-05,64
response_mean,32,22,5.489051346785345e-08,0.01082739904905532,0.01082739904905532,0.5,4.579306818186524e-07,-3.481496548829454e-07,64
public_task_span,34,10,-8.094056738623444e-06,-0.01082454379462247,0.01082454379462247,0.5,-0.00010820962506840003,9.202151159115311e-05,64
public_task_span,23,9,1.6234423128477454e-05,0.010807834360872319,0.010807834360872319,0.484375,0.0008829574653645671,-0.0008504886191076122,64
public_task_span,32,13,-1.4650550497227898e-06,-0.010800250093683099,0.010800250093683099,0.5,-5.394918161983104e-06,2.464808062537524e-06,64
response_first,28,29,-7.46885461921062e-07,-0.010785612436089553,0.010785612436089553,0.515625,1.0165980143028253e-05,-1.1659751066870375e-05,64
response_first,9,30,-1.1638584378192974e-07,-0.010778028780309654,0.010778028780309654,0.5,2.4202273074397374e-06,-2.652998995003597e-06,64
response_first,27,22,1.031564977442323e-06,0.010773470924106764,0.010773470924106764,0.5,-1.3672914633378748e-05,1.5736044588263393e-05,64
response_mean,17,20,7.210609851411037e-07,0.010752995912175673,0.010752995912175673,0.515625,-1.1775770758503941e-05,1.3217892728786147e-05,64
final_prompt,3,22,-4.1726882955120165e-05,-0.010750529743304153,0.010750529743304153,0.5,-0.00034549052907095437,0.0002620367631607142,64
response_first,19,27,3.039287288508774e-08,0.010742041431262764,0.010742041431262764,0.515625,-9.033555645743263e-07,9.641413103445018e-07,64
response_first,11,25,3.5485591069999494e-06,0.010725451418002036,0.010725451418002036,0.5,-0.00010500259122635862,0.00011209970944035851,64
public_task_span,33,11,-3.719370442923151e-05,-0.010707759208732417,0.010707759208732417,0.5,-0.0020582218321578416,0.001983834423299379,64
response_mean,20,4,4.91035189043109e-05,0.010707704250263439,0.010707704250263439,0.5,0.0015832060635148093,-0.0014849990257061877,64
public_task_span,26,25,-3.477711061349911e-06,-0.010706282051195682,0.010706282051195682,0.484375,0.00013817513172396784,-0.00014513055384666768,64
final_prompt,28,18,4.6728652023402705e-06,0.01070120235975256,0.01070120235975256,0.5,-0.0001065294861746055,0.00011587521657928601,64
public_task_span,7,6,4.38459100138289e-08,0.010692645782850015,0.010692645782850015,0.5,-7.263264940604586e-07,8.140183140881163e-07,64
final_prompt,16,8,7.269903221639752e-07,0.010684060492360915,0.010684060492360915,0.515625,-1.8757945724695964e-05,2.021192636902391e-05,64
final_prompt,11,25,1.7588223499862577e-06,0.010671900872177151,0.010671900872177151,0.5,-2.0894358840445738e-05,2.441200354041825e-05,64
public_task_span,0,4,3.0168534067349142e-05,0.010670631112995191,0.010670631112995191,0.5,6.716374264214623e-05,-6.8266745074480425e-06,64
final_prompt,9,1,4.346451873971091e-07,0.010668971360443178,0.010668971360443178,0.515625,-2.0352237129372952e-05,2.122152750416717e-05,64
response_mean,9,24,-3.997321527996728e-06,-0.010665978982797947,0.010665978982797947,0.5,3.508979216350259e-05,-4.308443521949604e-05,64
response_mean,35,20,-6.879253305672048e-06,-0.0106592825516916,0.0106592825516916,0.5,-0.0002697941636142553,0.0002560356570029112,64
response_mean,31,18,-2.76436651347467e-07,-0.010657917927254176,0.010657917927254176,0.5,-7.664702764031972e-06,7.111829461337038e-06,64
response_mean,33,25,-3.5562343327882484e-06,-0.010650709240086488,0.010650709240086488,0.5,-3.131199355265036e-05,2.4199524887073872e-05,64
response_first,10,23,-5.228047484705121e-06,-0.010647136143921957,0.010647136143921957,0.5,-0.0002020249139604721,0.0001915688189910619,64
response_first,14,26,-7.835801056904912e-07,-0.010645813602817121,0.010645813602817121,0.5,2.115456037893474e-06,-3.6826162492744557e-06,64
public_task_span,28,13,-6.9621422653716214e-06,-0.010632002958841598,0.010632002958841598,0.5,-0.0001350383881799708,0.00012111410364922754,64
public_task_span,20,11,1.3977070807429805e-06,0.010629113574568465,0.010629113574568465,0.5,-1.0185521091441557e-05,1.2980935252927516e-05,64
response_first,14,4,-2.2637362633308036e-06,-0.01062679274247194,0.01062679274247194,0.515625,-7.401503791014711e-05,6.94875653834855e-05,64
response_first,13,19,4.530279852590441e-06,0.010626496329546162,0.010626496329546162,0.5,-7.259349354171471e-05,8.16540532468956e-05,64
public_task_span,26,7,-1.1887906566695293e-05,-0.010621509089675012,0.010621509089675012,0.5,0.00025342512253701563,-0.00027720093567040624,64
public_task_span,20,15,5.209499192917133e-06,0.01061956446467102,0.01061956446467102,0.5,-0.00018392082688476727,0.00019433982527060153,64
final_prompt,32,25,6.05892012117183e-07,0.010607676111063138,0.010607676111063138,0.5,1.5420840099975284e-05,-1.4209056075740918e-05,64
public_task_span,11,23,2.6802625825418626e-06,0.010602584423454832,0.010602584423454832,0.5,6.660007375102633e-05,-6.123954858594261e-05,64
public_task_span,16,23,1.2433077927198187e-06,0.010601883693201782,0.010601883693201782,0.46875,1.995940908727188e-05,-1.7472793501832243e-05,64
post_selector,5,20,-0.00013826325175614568,-0.010597933633408987,0.010597933633408987,0.5,0.0009984479411286737,-0.001274974444640964,64
public_task_span,18,3,3.0029036679357744e-07,0.01059295828963067,0.01059295828963067,0.5,5.115444878353798e-06,-4.514864144766642e-06,64
response_first,29,1,4.018354502479263e-06,0.010588911268227261,0.010588911268227261,0.5,-1.8159208025271732e-05,2.6195917030230248e-05,64
response_mean,7,7,-1.5698523014860975e-06,-0.010580439692853001,0.010580439692853001,0.5,1.7080165633842605e-05,-2.02198702368148e-05,64
response_first,34,21,1.2365188013057713e-05,0.010569175995766344,0.010569175995766344,0.484375,-0.00045369717918219835,0.0004784275552083137,64
response_mean,22,14,1.6826445289552645e-05,0.01056583657263898,0.01056583657263898,0.515625,-9.16140638764698e-05,0.00012526695445557495,64
public_task_span,34,24,-4.5081951611815454e-06,-0.01056213009047047,0.01056213009047047,0.5,4.8425941713507614e-05,-5.744233203587073e-05,64
public_task_span,12,7,-3.2184379961043025e-06,-0.010561356303307946,0.010561356303307946,0.5,3.8906396184759475e-05,-4.534327217696807e-05,64
final_prompt,20,17,-6.447208093619255e-06,-0.010556753497973274,0.010556753497973274,0.5,-0.0001180480284403939,0.00010515361225315537,64
public_task_span,34,13,1.024639459500491e-06,0.010548294022180604,0.010548294022180604,0.5,3.128561843363981e-06,-1.079282924362998e-06,64
response_mean,21,2,-2.115042775584823e-06,-0.010545948754515646,0.010545948754515646,0.484375,-4.5617793603007115e-05,4.138770805183747e-05,64
public_task_span,23,3,7.265694421222316e-06,0.010543348934779845,0.010543348934779845,0.484375,3.25538449033133e-05,-1.80224560608687e-05,64
response_first,33,21,-4.142948455411244e-06,-0.01053493671612523,0.01053493671612523,0.484375,-0.000311431846057496,0.00030314594914667353,64
public_task_span,27,22,-1.1448792065501555e-05,-0.01052799495801239,0.01052799495801239,0.5,-0.00014320884656626558,0.00012031126243526252,64
post_selector,8,26,-9.513392797086678e-06,-0.010527529280415653,0.010527529280415653,0.59375,-0.0002962184626085089,0.0002771916770143355,64
final_prompt,9,31,-3.82948392996241e-08,-0.010523912077821645,0.010523912077821645,0.5,7.420185497153398e-07,-8.186082283145879e-07,64
final_prompt,18,0,1.6671720004437084e-06,0.01052004391109744,0.01052004391109744,0.5,-4.6488276666423e-05,4.982262066731042e-05,64
final_prompt,22,14,1.4869205188011296e-05,0.010518139124402658,0.010518139124402658,0.484375,-0.0002735486777964831,0.0003032870881725056,64
response_mean,21,3,-1.573040663058424e-06,-0.010496622247754136,0.010496622247754136,0.5,1.4406656646310791e-05,-1.7552737972427637e-05,64
final_prompt,14,10,7.479867036884532e-07,0.010488525977201615,0.010488525977201615,0.5,2.896645781901368e-06,-1.4006723745244628e-06,64
final_prompt,18,4,2.943248489373218e-07,0.010484929037721472,0.010484929037721472,0.5,1.2555016411397446e-05,-1.1966366713522802e-05,64
public_task_span,19,18,-6.995003900551992e-07,-0.010482081143714631,0.010482081143714631,0.515625,-3.0312481385402593e-05,2.8913480605292196e-05,64
response_mean,18,0,-1.5085534101880197e-06,-0.01046141625796123,0.01046141625796123,0.5,-6.377352804058419e-06,3.36024598368238e-06,64
public_task_span,30,10,2.0896292767246174e-06,0.010440179205902067,0.010440179205902067,0.5,-3.6536099514739457e-06,7.832868504923187e-06,64
public_task_span,1,16,2.8021676371270456e-05,0.010437086284468359,0.010437086284468359,0.5,-0.0003749264205907864,0.0004309697733333273,64
public_task_span,35,28,-2.7789319574384602e-06,-0.010415146217970603,0.010415146217970603,0.5,1.3596800272351093e-05,-1.915466418722801e-05,64
final_prompt,7,12,-7.032575012996649e-06,-0.010410731181671727,0.010410731181671727,0.5,-0.00016072283324319398,0.00014665768321720066,64
response_first,29,22,-1.799426854628797e-06,-0.010408176693472082,0.010408176693472082,0.484375,-5.1464317266429126e-05,4.786546355717154e-05,64
response_mean,11,30,-8.015392438645344e-07,-0.01040588215345201,0.01040588215345201,0.5,1.8927432051894597e-05,-2.0530510539623667e-05,64
public_task_span,21,8,1.884577940812544e-06,0.010401774050991875,0.010401774050991875,0.5,-1.856928471966177e-05,2.233844060128686e-05,64
public_task_span,26,29,-4.556002522806012e-06,-0.01039732601901086,0.01039732601901086,0.515625,-1.6311047602357183e-05,7.19904255674518e-06,64
response_first,17,5,8.530665240900943e-07,0.010396112693461678,0.010396112693461678,0.484375,-1.1732140450192379e-06,2.8793470931994264e-06,64
response_mean,10,0,-2.9619114627621457e-07,-0.010395227002360506,0.010395227002360506,0.5,4.0406968366824e-06,-4.6330791292348295e-06,64
response_first,21,21,-2.967810637236557e-07,-0.010395224038090714,0.010395224038090714,0.5,-9.867126152582564e-06,9.273564025135252e-06,64
final_prompt,18,13,3.6371618534782137e-06,0.010392767466146636,0.010392767466146636,0.5,0.0001681304461271553,-0.00016085612242019886,64
final_prompt,27,25,-3.569141154003151e-05,-0.010386449471551398,0.010386449471551398,0.5,-0.0004944333923049217,0.0004230505692248586,64
response_first,35,23,1.0039943845182027e-05,0.010386317883491607,0.010386317883491607,0.53125,0.0001894996185001035,-0.00016941973080973946,64
final_prompt,30,19,2.2415454168395435e-06,0.010341131804709037,0.010341131804709037,0.484375,2.586487494227398e-05,-2.138178410859489e-05,64
post_selector,14,8,1.3176925676814691e-05,0.010314327843486676,0.010314327843486676,0.5,0.00017081429541576066,-0.00014446044406213123,64
response_first,35,28,1.699871245364203e-05,0.010307068154189863,0.010307068154189863,0.5,9.546439105179063e-05,-6.146696614450653e-05,64
final_prompt,10,16,5.088120076366877e-07,0.010277931344314175,0.010277931344314175,0.515625,-1.4195002904670023e-05,1.5212626919943399e-05,64
response_mean,14,7,2.7777667128243912e-05,0.01027609580092132,0.01027609580092132,0.515625,0.00010803295026561033,-5.247761600912259e-05,64
response_mean,31,26,1.3206806102079522e-06,0.010273801741906457,0.010273801741906457,0.515625,-1.995465140679449e-05,2.2596012627210392e-05,64
response_mean,22,31,8.819796221366506e-06,0.010269973218883833,0.010269973218883833,0.5,-0.00017163380198325205,0.0001892733944259851,64
public_task_span,9,0,2.9078646548488495e-06,0.01025315605185104,0.01025315605185104,0.5,1.2244117898012127e-07,5.693288130717569e-06,64
final_prompt,18,11,-8.346704476021061e-06,-0.010234556759969048,0.010234556759969048,0.5,0.00046870124106132983,-0.00048539465001337195,64
response_first,21,15,-9.509730602971895e-07,-0.010233743392592705,0.010233743392592705,0.5,-1.705112282479e-05,1.514917670419562e-05,64
final_prompt,3,0,1.846768282121015e-05,0.010218018983578072,0.010218018983578072,0.484375,-6.008231139276094e-05,9.70176770351812e-05,64
response_first,20,21,8.434663953951957e-07,0.0102125177860327,0.0102125177860327,0.5,-2.4605433651450204e-05,2.6292366442240594e-05,64
public_task_span,17,21,-2.223565502392419e-06,-0.010206391400915636,0.010206391400915636,0.484375,5.1823180456258465e-05,-5.627031146104329e-05,64
public_task_span,23,8,6.467215257543016e-06,0.010200127230815264,0.010200127230815264,0.484375,0.00031770577288622024,-0.00030477134237113417,64
final_prompt,10,28,-3.082133389398426e-06,-0.010198735323835638,0.010198735323835638,0.5,6.334087811409741e-05,-6.950514489289427e-05,64
response_mean,22,18,-8.099625006254282e-07,-0.01019586457959626,0.01019586457959626,0.5,-1.6048155544011725e-05,1.4428230542760871e-05,64
response_first,9,14,5.6887845858003634e-05,0.010181059470584713,0.010181059470584713,0.5,0.0019700469965755374,-0.0018562713048595302,64
response_mean,32,28,-7.78108551457812e-06,-0.010171149876943375,0.010171149876943375,0.5,0.0001582466447871375,-0.00017380881581629374,64
public_task_span,31,24,6.490376563305591e-06,0.010168996124248526,0.010168996124248526,0.5,-0.00015630901270923065,0.00016928976583584183,64
response_first,10,1,5.0944413487775105e-06,0.010163568793462124,0.010163568793462124,0.515625,5.01833746966487e-05,-3.9994491999093684e-05,64
response_first,18,7,1.5843095146905736e-07,0.010162728358131704,0.010162728358131704,0.5,2.571640412618592e-06,-2.2547785096804773e-06,64
response_mean,13,7,-5.2297564252542176e-06,-0.01016139709858875,0.01016139709858875,0.5,2.716098833842307e-06,-1.3175611684350715e-05,64
public_task_span,30,1,3.544811988829225e-06,0.010155859989244662,0.010155859989244662,0.515625,-0.00013453500650938903,0.00014162463048704747,64
public_task_span,28,10,-1.1633615486059805e-05,-0.010151222811777477,0.010151222811777477,0.5,-9.12043633434153e-05,6.793713237129566e-05,64
response_first,12,25,4.441054812787115e-08,0.010149561342085237,0.010149561342085237,0.5,-2.2692477585906085e-07,3.157458721148032e-07,64
response_mean,35,14,1.7975642094866548e-06,0.010149184077587395,0.010149184077587395,0.5,-6.61639528516277e-05,6.9759081270601e-05,64
public_task_span,26,20,2.305026328030634e-06,0.010141082027432274,0.010141082027432274,0.515625,-2.2715220893587942e-05,2.73252735496492e-05,64
final_prompt,14,31,1.0146865179193568e-06,0.010127160823830573,0.010127160823830573,0.5,-3.4569715126045905e-05,3.659908816188462e-05,64
final_prompt,30,12,-6.761574695721468e-07,-0.010116842721643288,0.010116842721643288,0.5,8.750889719538012e-07,-2.2274039110980953e-06,64
public_task_span,35,29,6.5448202803995915e-06,0.010099169703734348,0.010099169703734348,0.5,-7.18153842171864e-05,8.49050247779856e-05,64
public_task_span,3,1,5.089063779451094e-05,0.01009713783336982,0.01009713783336982,0.5,0.0006428712367778531,-0.000541089961188831,64
final_prompt,9,26,6.18823783327116e-08,0.010081964085642112,0.010081964085642112,0.5,-8.253281293946202e-07,9.490928860600434e-07,64
response_first,3,22,-1.602487373020782e-05,-0.010073804714765428,0.010073804714765428,0.5,-0.00029894578437961086,0.00026689603691919527,64
final_prompt,2,8,-1.122505273087971e-05,-0.010071374615335967,0.010071374615335967,0.5,-0.0001707464089122344,0.00014829630345047503,64
post_selector,4,23,-8.717118907951749e-05,-0.010069403641064272,0.010069403641064272,0.40625,-0.001250031920790182,0.001075689542631147,64
public_task_span,27,0,1.7098413991328961e-06,0.010068962467287366,0.010068962467287366,0.515625,7.286468462551719e-05,-6.944500182725139e-05,64
response_mean,12,25,-4.246369773142237e-06,-0.010066716494019967,0.010066716494019967,0.484375,-5.0270192076595214e-05,4.177745253031074e-05,64
public_task_span,17,31,-1.4634147760271227e-06,-0.010065829233630072,0.010065829233630072,0.5,2.291981718369892e-05,-2.5846646735753164e-05,64
response_first,29,28,9.686315038948123e-08,0.010064535222947434,0.010064535222947434,0.515625,-9.974715311500404e-07,1.1911978319290029e-06,64
public_task_span,6,17,9.954811503122573e-06,0.010049694240073258,0.010049694240073258,0.5,3.816378921328917e-05,-1.8254166207044023e-05,64
response_first,12,20,-2.1553723854623053e-06,-0.010048062744281615,0.010048062744281615,0.5,-5.0093202844432294e-05,4.5782458073507683e-05,64
response_mean,25,7,3.148184788424262e-07,0.010046902974466934,0.010046902974466934,0.5,1.2307157248755422e-07,5.065653851972982e-07,64
public_task_span,30,22,4.623831046046615e-06,0.010045986259382132,0.010045986259382132,0.515625,-0.0001025104356813073,0.00011175809777340052,64
response_mean,5,13,4.5191854042055305e-05,0.010035362415557249,0.010035362415557249,0.5,-0.0008046477360039697,0.0008950314440880801,64
final_prompt,8,9,-1.8823746117391264e-08,-0.010033723381005267,0.010033723381005267,0.5,6.988000009755524e-07,-7.364474932103349e-07,64
response_mean,13,21,-5.245858503144518e-08,-0.010031183815647335,0.010031183815647335,0.5,1.7428182381706847e-06,-1.847735408233575e-06,64
response_mean,28,29,-4.765637413583537e-07,-0.01002908724731218,0.01002908724731218,0.5,5.828360599479925e-06,-6.781488082196632e-06,64
final_prompt,8,17,1.2717179060933862e-06,0.010028909385825905,0.010028909385825905,0.5,1.5482935054928626e-05,-1.2939499242741851e-05,64
response_mean,12,9,6.302861933703114e-06,0.010027465341801682,0.010027465341801682,0.5,-1.205816894867476e-05,2.4663892816081006e-05,64
final_prompt,23,29,7.342428602926068e-07,0.01001275718408929,0.01001275718408929,0.453125,-2.083230015151938e-06,3.5517157357371544e-06,64
final_prompt,7,4,1.4018562755069297e-08,0.009976627301838018,0.009976627301838018,0.5,-4.999037503949921e-07,5.279408759051307e-07,64
response_first,26,3,1.133459647913971e-06,0.009974414866577266,0.009974414866577266,0.5,-2.1825366616210726e-05,2.4092285912038666e-05,64
public_task_span,8,5,-1.0552906815067386e-06,-0.009964603462385712,0.009964603462385712,0.5,7.124270950930524e-07,-2.8230084581065312e-06,64
public_task_span,6,1,-3.626210491347728e-05,-0.009957315937027178,0.009957315937027178,0.5,-1.930170765263156e-05,-5.32225021743233e-05,64
public_task_span,19,24,8.722283268980535e-07,0.009947298926982115,0.009947298926982115,0.5,-1.4306084949556846e-05,1.605054160335295e-05,64
response_mean,34,20,1.1099956509499717e-06,0.009947128131405967,0.009947128131405967,0.515625,5.245715328811511e-07,1.6954197690187947e-06,64
public_task_span,16,31,4.0878699110194395e-06,0.009937849946532603,0.009937849946532603,0.484375,7.888620098127781e-05,-7.071046115923892e-05,64
final_prompt,21,23,-4.133416098291669e-07,-0.009933546413806909,0.009933546413806909,0.484375,-1.3033069762968807e-05,1.2206386543310474e-05,64
response_first,7,29,1.2426009377008977e-07,0.00993319831268528,0.00993319831268528,0.5,-1.1477763166567456e-06,1.3962965041969255e-06,64
response_mean,29,28,-1.1163756141741032e-07,-0.009924027657951166,0.009924027657951166,0.5,-1.4142341200340525e-06,1.1909589971992316e-06,64
response_first,23,1,7.553197178808004e-07,0.009923580142091857,0.009923580142091857,0.5,-1.6056692402343422e-06,3.1163086759959426e-06,64
response_first,29,17,1.5676200746424133e-06,0.009922754848053253,0.009922754848053253,0.5,-6.53140241410994e-05,6.844926429038422e-05,64
response_first,22,25,1.7986701905670078e-07,0.00991067644115199,0.00991067644115199,0.5,-2.267324312299479e-06,2.627058350412881e-06,64
response_first,9,1,1.2322041129662278e-06,0.009905426988227403,0.009905426988227403,0.484375,-2.7177169613418106e-05,2.9641577839350556e-05,64
post_selector,8,3,4.185527359364021e-06,0.009901572289338747,0.009901572289338747,0.546875,2.6640964279002854e-06,5.706958290827746e-06,64
final_prompt,30,18,-3.4003360269644744e-06,-0.009901507495449248,0.009901507495449248,0.5,-5.835309548273086e-05,5.155242342880192e-05,64
post_selector,7,30,1.8290113530337252e-06,0.009897182168159355,0.009897182168159355,0.46875,-1.8760850025500918e-05,2.2418872731568367e-05,64
response_mean,30,13,-2.5806470205225196e-07,-0.009852073832352284,0.009852073832352284,0.515625,-5.058086742337764e-06,4.54195733823326e-06,64
response_first,19,3,6.493336055499269e-07,0.009851740096772811,0.009851740096772811,0.5,3.1367150414838267e-06,-1.8380478303839728e-06,64
post_selector,23,12,4.2112600567639096e-05,0.00983837894095762,0.00983837894095762,0.515625,0.0005604944526567156,-0.0004762692515214375,64
response_mean,12,14,1.8476452964931667e-05,0.009830538398988987,0.009830538398988987,0.453125,0.0005962803509191831,-0.0005593274449893197,64
public_task_span,33,7,7.64584092394049e-06,0.009829979477181268,0.009829979477181268,0.5,-0.0001330267305092971,0.00014831841235717812,64
response_first,15,17,-8.353624232354187e-07,-0.009815025130131296,0.009815025130131296,0.5,-1.7498967425087814e-05,1.5828242578616975e-05,64
post_selector,9,15,1.7579013729122232e-05,0.009806786558953406,0.009806786558953406,0.390625,0.0004975902847945655,-0.0004624322573363211,64
response_first,4,3,0.0001653709405218329,0.009803570434989153,0.009803570434989153,0.5,0.0007210438197944344,-0.0003903019387507688,64
public_task_span,1,2,2.0474213670242192e-05,0.009793067688836747,0.009793067688836747,0.5,-0.0001891644442366656,0.00023011287157714998,64
public_task_span,18,1,9.933505680240941e-06,0.009784174550070293,0.009784174550070293,0.5,6.907746501383563e-05,-4.921045365335377e-05,64
response_mean,10,30,5.8852457982522035e-06,0.00978015050981809,0.00978015050981809,0.5,0.00017836182973950351,-0.00016659133814299907,64
response_mean,12,5,4.548495184052682e-06,0.009777208369506298,0.009777208369506298,0.5,-4.736493463042948e-05,5.6461924998534854e-05,64
final_prompt,5,30,8.060459961711704e-06,0.009770898477960007,0.009770898477960007,0.5,5.597675023238739e-05,-3.9855830308963976e-05,64
final_prompt,22,1,7.129849706178776e-07,0.009753768638803652,0.009753768638803652,0.515625,2.2937738322064074e-06,-8.678038909706505e-07,64
public_task_span,31,22,-1.2383494549807978e-06,-0.009746010533504336,0.009746010533504336,0.5,-5.216295153330799e-05,4.9686252623346394e-05,64
response_first,12,24,1.5202165570826786e-07,0.009734074553381988,0.009734074553381988,0.5,-7.018409149850413e-06,7.322452461266948e-06,64
response_first,30,12,5.333857870929535e-07,0.00972531257022721,0.00972531257022721,0.5,9.83727204581182e-07,8.304436960472329e-08,64
final_prompt,2,26,-2.3177621187642894e-05,-0.009715072854771434,0.009715072854771434,0.5,-0.0005554380732064503,0.0005090828308311647,64
final_prompt,34,5,0.00019320283900015002,0.00970507281818776,0.00970507281818776,0.5,-0.0015452668885700411,0.0019316725665703407,64
public_task_span,35,22,-2.0496866454780023e-05,-0.009704574438224147,0.009704574438224147,0.484375,-0.0007176474282459781,0.0006766536953364182,64
response_mean,31,1,-5.387430803702352e-07,-0.009702311250197977,0.009702311250197977,0.5,-6.942793561394936e-06,5.865307400654465e-06,64
post_selector,5,27,0.00014041184044799224,0.009699461980164137,0.009699461980164137,0.546875,0.0011829952131847824,-0.0009021715322887971,64
public_task_span,14,15,1.4509079846909391e-05,0.009697702622714842,0.009697702622714842,0.5,9.054672409547806e-05,-6.152856440165936e-05,64
response_mean,27,0,-2.5015569349307e-07,-0.009690760072640945,0.009690760072640945,0.484375,9.468593589190277e-07,-1.4471707459051686e-06,64
response_mean,11,9,-5.223449889515406e-06,-0.009689767834448904,0.009689767834448904,0.5,0.00012450602158508726,-0.0001349529213641181,64
response_first,8,5,1.3751229914761221e-06,0.009680220976028938,0.009680220976028938,0.5,2.8678288487067302e-05,-2.5928042504115055e-05,64
response_first,27,7,9.356595569435265e-07,0.009675470166082481,0.009675470166082481,0.515625,-2.0364142528699885e-05,2.2235461642586943e-05,64
public_task_span,21,11,1.2930918956038333e-05,0.0096679476453881,0.0096679476453881,0.515625,-0.0002737698600867553,0.0002996316979988319,64
response_mean,35,16,-1.1743157983801292e-06,-0.009667379896463275,0.009667379896463275,0.5,1.163632236966461e-05,-1.398495396642486e-05,64
public_task_span,35,11,1.0524374374650285e-05,0.009651612933902402,0.009651612933902402,0.5,-0.00028928248502779383,0.0003103312337770944,64
response_first,9,7,1.960548843271681e-07,0.009649827028813682,0.009649827028813682,0.5,-1.8335126128476986e-06,2.225622381502035e-06,64
public_task_span,9,15,1.002467251965131e-05,0.009624820200890978,0.009624820200890978,0.5,0.00016038715148169487,-0.0001403378064423923,64
response_mean,23,9,2.8995208595001308e-05,0.009623131012623786,0.009623131012623786,0.515625,0.0002562999070505534,-0.0001983094898605508,64
final_prompt,16,20,-8.531645221396046e-07,-0.00962200177535909,0.00962200177535909,0.5,8.14395332326247e-06,-9.85028236754168e-06,64
public_task_span,29,0,-1.4693548337159983e-05,-0.009615053343280472,0.009615053343280472,0.5,-0.0006975998585403231,0.0006682127618660031,64
public_task_span,10,19,-3.5231851143128927e-06,-0.009614122951562245,0.009614122951562245,0.5,8.992441144073024e-05,-9.6970781669356e-05,64
response_first,19,30,1.6097052366612625e-06,0.0096089077556726,0.0096089077556726,0.5,7.852028426212773e-05,-7.53008737888052e-05,64
final_prompt,11,18,-4.482528311199542e-06,-0.009604340319325387,0.009604340319325387,0.5,-0.00013248632149041886,0.0001235212648680198,64
final_prompt,29,14,2.3475873831578266e-06,0.009601120526652903,0.009601120526652903,0.5,-6.702659732126089e-05,7.172177208757653e-05,64
public_task_span,23,29,-2.274756241152438e-06,-0.009598976990601749,0.009598976990601749,0.5,5.6218578265534763e-05,-6.0768090747839634e-05,64
public_task_span,2,9,-5.353091910365455e-05,-0.009598665832563974,0.009598665832563974,0.5,-0.0009483357061981187,0.0008412738679908095,64
public_task_span,15,6,-5.485047154254665e-07,-0.009594154518690013,0.009594154518690013,0.5,-7.976077000649507e-06,6.879067569798573e-06,64
public_task_span,22,24,-5.714288136003968e-07,-0.00958772003102781,0.00958772003102781,0.484375,-1.8166318795915032e-06,6.737742523907079e-07,64
public_task_span,3,3,1.9810129742841025e-05,0.009582688158260627,0.009582688158260627,0.5,0.00019005835565622694,-0.0001504380961705449,64
final_prompt,9,21,7.528786341027896e-07,0.00957034945996899,0.00957034945996899,0.5,2.9286043513817357e-05,-2.7780286245611776e-05,64
response_mean,32,23,-1.4388895408501412e-07,-0.009561370521154062,0.009561370521154062,0.53125,4.804656526857798e-06,-5.092434435027826e-06,64
response_first,15,11,2.6765139509166113e-06,0.009555493642715957,0.009555493642715957,0.5,-8.85429174850488e-05,9.389594538688201e-05,64
response_first,22,20,2.1282642137523443e-05,0.009551363813722713,0.009551363813722713,0.5,-0.0006757280098099656,0.0007182932940850125,64
public_task_span,1,11,-4.5706692617384465e-05,-0.009548063084289467,0.009548063084289467,0.5,-8.483396959489697e-05,-6.579415639872013e-06,64
public_task_span,22,27,-4.117993057661806e-07,-0.009540909251167087,0.009540909251167087,0.5,3.926858823888324e-06,-4.750457435420685e-06,64
public_task_span,24,18,-9.459857210456391e-06,-0.009537258140582284,0.009537258140582284,0.484375,0.0002834043934853953,-0.0003023241079063081,64
response_first,27,23,1.370048341442498e-08,0.009530345545687694,0.009530345545687694,0.5,-3.0041441156924975e-07,3.278153783980997e-07,64
response_mean,16,21,2.447161477898136e-06,0.00951538771032919,0.00951538771032919,0.5,-4.7781170451347287e-05,5.267549340714356e-05,64
response_first,24,21,4.048680239064061e-06,0.009510583874600458,0.009510583874600458,0.5,-0.00011373506777090313,0.00012183242824903124,64
public_task_span,33,0,5.39520806341484e-06,0.009500407975460182,0.009500407975460182,0.5,-8.421640404776308e-05,9.500682017459277e-05,64
public_task_span,7,10,-9.471987141327269e-07,-0.009494313008248965,0.009494313008248965,0.5,-4.63295327790865e-06,2.7385558496431976e-06,64
public_task_span,19,0,2.0538260287138203e-05,0.009487976820165498,0.009487976820165498,0.5,-0.0004615068132807154,0.0005025833338549919,64
public_task_span,29,15,-1.170990600489138e-06,-0.009478069053359047,0.009478069053359047,0.5,-3.697525826850788e-05,3.46332770675296e-05,64
response_first,11,29,5.582843698428191e-07,0.009443343141620935,0.009443343141620935,0.5,2.079953299016105e-05,-1.9682964250475418e-05,64
response_first,18,30,-1.351756168334565e-06,-0.009441702785883318,0.009441702785883318,0.5,6.465721571656146e-05,-6.73607280532306e-05,64
response_mean,10,17,8.010378678595621e-06,0.009440054950081054,0.009440054950081054,0.5,0.0004375701983008085,-0.0004215494409436173,64
response_first,34,24,8.494939720550443e-07,0.009421143348348992,0.009421143348348992,0.5,3.268468367422373e-05,-3.0985695730113646e-05,64
response_first,7,25,-1.0979741205076697e-06,-0.0094194464575269,0.0094194464575269,0.5,-9.465054290549722e-06,7.269106049534381e-06,64
response_mean,14,5,1.5374822623929186e-05,0.009417055283516804,0.009417055283516804,0.5,0.0003708006447595803,-0.000340050999511722,64
public_task_span,24,24,1.4849809303992846e-05,0.009414402548567732,0.009414402548567732,0.515625,0.00019772999803534795,-0.0001680303794273623,64
response_first,17,0,-1.079485770104763e-06,-0.009404820287845514,0.009404820287845514,0.5,-1.4476484580004156e-06,-7.113230822091104e-07,64
response_mean,14,17,1.4678582374471182e-05,0.00939699588255075,0.00939699588255075,0.5,-0.00041760034582693806,0.0004469575105758804,64
response_first,7,9,1.0619620738339108e-07,0.009382290194819912,0.009382290194819912,0.5,2.939287917058664e-06,-2.7268955022918817e-06,64
final_prompt,30,0,-1.7054628187905817e-05,-0.009380332395667872,0.009380332395667872,0.53125,2.7625173970595776e-05,-6.173443034640727e-05,64
response_first,29,14,3.187448726291278e-06,0.009377766638236648,0.009377766638236648,0.515625,-0.00012505994726552173,0.00013143484471810432,64
final_prompt,11,12,3.5927951103038222e-06,0.009362558178400362,0.009362558178400362,0.5,-8.167184205372369e-06,1.5352774425980027e-05,64
post_selector,35,13,4.893398363492969e-05,0.0093454894465563,0.0093454894465563,0.5,6.192232831381099e-06,9.167573443847796e-05,64
response_mean,3,8,7.611761247971696e-05,0.009333249928419675,0.009333249928419675,0.484375,-0.0014512578636640622,0.0016034930886234962,64
response_mean,2,11,-3.088861831204883e-06,-0.009329502723077681,0.009329502723077681,0.5,-0.00012926840827274705,0.0001230906846103373,64
response_mean,19,7,-3.570661647248466e-06,-0.009324278253190522,0.009324278253190522,0.484375,-8.497032467858378e-05,7.782900138408686e-05,64
response_mean,9,3,8.277918652770594e-07,0.009323223437805098,0.009323223437805098,0.5,-1.3857137730608664e-05,1.551272146116278e-05,64
final_prompt,24,20,2.5413092998843715e-06,0.00932306847885176,0.00932306847885176,0.5,-3.971529508817187e-05,4.479791368794062e-05,64
public_task_span,10,26,1.9018336843135842e-06,0.009317912370904282,0.009317912370904282,0.515625,6.796427646803059e-05,-6.416060909940344e-05,64
response_first,16,12,4.29995480999645e-07,0.009294934274605832,0.009294934274605832,0.5,2.681412553329764e-06,-1.8214215913304734e-06,64
final_prompt,8,20,-5.072903377378714e-07,-0.009294447521590863,0.009294447521590863,0.484375,1.7465914652320042e-06,-2.761172140707747e-06,64
response_first,13,25,4.6606506032314007e-07,0.009290269414676028,0.009290269414676028,0.5,-1.7449623896931075e-05,1.838175401757735e-05,64
final_prompt,32,29,-6.767747038333196e-06,-0.009290197077278942,0.009290197077278942,0.5,3.707140587038666e-05,-5.060689994705307e-05,64
response_first,11,3,1.5687364339104717e-05,0.009287571178987784,0.009287571178987784,0.5,-0.0006191188949742281,0.0006504936236524375,64
response_first,11,2,-4.38655797552635e-06,-0.009284002037330012,0.009284002037330012,0.484375,3.107049724348567e-05,-3.984361319453836e-05,64
public_task_span,7,27,-5.57466819371948e-07,-0.00927299133459513,0.00927299133459513,0.484375,1.4303544958237812e-05,-1.541847859698171e-05,64
response_first,13,13,4.902529427558421e-09,0.009269531181278453,0.009269531181278453,0.5,-1.6740020779282272e-07,1.7720526664793956e-07,64
post_selector,5,26,0.0001246432507287017,0.009266046677223552,0.009266046677223552,0.40625,0.001244218825377189,-0.0009949323239197858,64
response_mean,8,6,-4.0627410271548454e-05,-0.009261775553343406,0.009261775553343406,0.5,-0.0001022371397994,2.0982319256303126e-05,64
response_mean,8,2,-2.3490112198487297e-05,-0.009249039690900893,0.009249039690900893,0.5,-0.0002821282469085355,0.00023514802251156089,64
public_task_span,23,25,-1.7917458308159034e-06,-0.009242856130684192,0.009242856130684192,0.484375,0.00011292042813690773,-0.00011650391979853956,64
public_task_span,14,5,-3.791153403655743e-06,-0.00923436536569538,0.00923436536569538,0.5,7.309614147742574e-05,-8.067844828473723e-05,64
response_mean,27,1,4.248564522413295e-08,0.009232058881360613,0.009232058881360613,0.5,-1.42500609712215e-06,1.5099773875704159e-06,64
public_task_span,33,8,3.744999958143744e-06,0.009231232484397021,0.009231232484397021,0.5,-0.00022071829562263004,0.0002282082955389175,64
response_first,31,23,1.6002651648250353e-07,0.009226205525820048,0.009226205525820048,0.5,-3.4658127106013126e-06,3.785865743566319e-06,64
final_prompt,8,7,4.095394615429023e-06,0.009225935807320295,0.009225935807320295,0.484375,-9.610438701201666e-05,0.0001042951762428747,64
response_first,33,8,6.902486688848484e-07,0.009222632188823824,0.009222632188823824,0.5,-4.7653221599824454e-05,4.903371893759415e-05,64
post_selector,22,28,1.6547197446927287e-05,0.009205373854918247,0.009205373854918247,0.515625,-0.0004960550850228174,0.0005291494799166719,64
public_task_span,35,12,2.0738269085998496e-05,0.009203413015029275,0.009203413015029275,0.5,-0.0008414897019974655,0.0008829662401694624,64
response_mean,11,28,-1.620773204535908e-07,-0.009196243867910096,0.009196243867910096,0.484375,6.21851854276656e-06,-6.542673183673742e-06,64
response_first,14,0,-1.4790227353955743e-07,-0.009194533185582181,0.009194533185582181,0.5,2.8135344152246944e-06,-3.1093389623038092e-06,64
response_mean,30,1,1.778320381618726e-06,0.009186244499024962,0.009186244499024962,0.5,-2.1672951788814154e-06,5.723935942118867e-06,64
public_task_span,8,29,-6.91203226209145e-07,-0.009170408986903886,0.009170408986903886,0.5,1.5711118379611377e-05,-1.7093524832029663e-05,64
final_prompt,8,8,-1.3045520574905822e-07,-0.009165480694439614,0.009165480694439614,0.5,5.53760588672958e-06,-5.798516298227696e-06,64
response_first,25,3,3.659261160748886e-08,0.009163614481577488,0.009163614481577488,0.5,-6.214343635235764e-07,6.946195867385541e-07,64
final_prompt,10,26,1.8745319607660344e-07,0.009140959796575922,0.009140959796575922,0.5,4.249796234034875e-06,-3.874889841881668e-06,64
public_task_span,5,0,-7.1484655563809355e-06,-0.009138697928626977,0.009138697928626977,0.5,-0.0002831276706274235,0.00026883073951466165,64
public_task_span,7,14,-1.2317213986537498e-05,-0.009113645500616743,0.009113645500616743,0.5,-3.0483541195284414e-05,5.84911322220939e-06,64
final_prompt,32,19,-7.296488320229443e-07,-0.009111679593360626,0.009111679593360626,0.5,-1.1511881098156784e-05,1.0052583434110902e-05,64
public_task_span,32,24,-6.651268904533442e-07,-0.00911009743400558,0.00911009743400558,0.515625,-1.1611000445530078e-06,-1.6915373635368274e-07,64
public_task_span,29,4,-4.685568910647348e-06,-0.00910832556279903,0.00910832556279903,0.5,-0.00015677055625927693,0.00014739941843798228,64
response_first,12,5,1.2244101029068486e-05,0.00909793711245071,0.00909793711245071,0.484375,-0.00024505629858140386,0.0002695445006395408,64
response_first,19,6,2.6958887246992232e-06,0.00908622661666089,0.00908622661666089,0.5,-0.0001114565666284572,0.00011684834407785565,64
response_first,11,8,-8.137169871247352e-08,-0.009083585978849078,0.009083585978849078,0.5,-2.088672808042702e-06,1.925929410617755e-06,64
response_first,4,22,3.371264233465078e-05,0.00907852430765053,0.00907852430765053,0.5,6.87587880747915e-05,-1.3335034054900454e-06,64
response_first,22,9,2.1668943759319463e-06,0.009074275903166467,0.009074275903166467,0.515625,-4.494355596307221e-05,4.92773447149361e-05,64
final_prompt,2,13,-2.9731921813445214e-06,-0.00907189390234289,0.00907189390234289,0.5,-1.118342970584874e-05,5.237045343159695e-06,64
post_selector,25,24,1.0517687087460028e-05,0.00907152446419351,0.00907152446419351,0.796875,-3.40303167831946e-05,5.5065690958114674e-05,64
public_task_span,32,27,-5.600040822172713e-06,-0.009069516186713974,0.009069516186713974,0.5,5.862939542567778e-05,-6.982947707002323e-05,64
public_task_span,29,16,2.3862510261051968e-06,0.009069410481216605,0.009069410481216605,0.515625,-8.839185557006868e-05,9.316435762227908e-05,64
final_prompt,32,3,4.566704956232337e-05,0.00905912633793515,0.00905912633793515,0.5,-0.000460076713352472,0.0005514108124771188,64
final_prompt,1,26,-4.001876732218077e-07,-0.009056402338770014,0.009056402338770014,0.5,2.0480116518228897e-06,-2.8483869982665055e-06,64
final_prompt,18,28,3.096516047662732e-05,0.00905069609081718,0.00905069609081718,0.484375,0.0005755369493272084,-0.0005136066283739539,64
public_task_span,35,13,9.591516572981436e-06,0.009050261555497605,0.009050261555497605,0.515625,0.0003092564948019534,-0.0002900734616559905,64
response_first,14,13,-5.5973313237684435e-06,-0.009045524161244385,0.009045524161244385,0.5,-0.00021322912618868434,0.00020203446354114744,64
response_mean,16,24,2.638901605677718e-06,0.0090380075797187,0.0090380075797187,0.515625,1.2537620932523584e-06,4.0240411181030875e-06,64
public_task_span,2,11,-1.8561268007036527e-05,-0.009018401047412243,0.009018401047412243,0.515625,-0.0012222900586493495,0.0011851675226352766,64
response_first,17,2,6.39666836830919e-07,0.00901533073503913,0.00901533073503913,0.5,-4.123916653497188e-06,5.4032503271590265e-06,64
public_task_span,6,10,-1.183869790111181e-05,-0.009005390876585254,0.009005390876585254,0.515625,-0.0005613726534647674,0.0005376952576625437,64
final_prompt,4,17,-6.583036054039953e-07,-0.009003490619810817,0.009003490619810817,0.5,-1.4094155176316086e-06,9.280830682361888e-08,64
response_first,16,26,-3.722495875992824e-06,-0.009002487753567892,0.009002487753567892,0.5,0.0001735389550958438,-0.00018098394684782943,64
response_mean,16,31,5.575135617166368e-06,0.008993263288831196,0.008993263288831196,0.484375,-1.4729244696816955e-05,2.587951593114973e-05,64
response_mean,8,22,-4.563581114786713e-06,-0.008980069746436016,0.008980069746436016,0.5,-0.00022021889617461764,0.00021109173394504423,64
final_prompt,24,2,-9.289208833249483e-07,-0.008979223167150968,0.008979223167150968,0.515625,-5.022011498566216e-05,4.836227321901227e-05,64
public_task_span,0,11,-3.2421708965560934e-05,-0.00897142567177454,0.00897142567177454,0.5,-3.17987796734188e-05,-3.304463825770318e-05,64
response_first,17,20,5.07452497799932e-08,0.008969411426563236,0.008969411426563236,0.5,-1.0406933927953332e-06,1.1421838923553196e-06,64
response_first,17,14,3.5449283330953157e-07,0.008968091531009545,0.008968091531009545,0.515625,3.5698755453952917e-06,-2.8608898787762294e-06,64
response_first,14,3,-6.104524914008799e-06,-0.008963614230845358,0.008963614230845358,0.5,0.00011076834107370627,-0.00012297739090172383,64
final_prompt,8,30,-4.870176439919267e-07,-0.008947939827363567,0.008947939827363567,0.5,7.47707690606676e-06,-8.451112194050614e-06,64
final_prompt,11,28,-1.7153871567643364e-07,-0.008931591561130882,0.008931591561130882,0.5,5.826363889127606e-06,-6.169441320480473e-06,64
public_task_span,20,9,3.1348020002088e-06,0.008923234840729368,0.008923234840729368,0.5,-7.10679933034918e-06,1.337640333076677e-05,64
final_prompt,34,16,3.3622393402712807e-06,0.008917313838332611,0.008917313838332611,0.515625,-8.952157622843385e-05,9.624605490897644e-05,64
public_task_span,9,13,7.2616517172729525e-06,0.008908605830520763,0.008908605830520763,0.5,-8.565948883187671e-05,0.00010018279226642259,64
final_prompt,12,10,2.591466170541928e-06,0.008887941008816265,0.008887941008816265,0.5,6.043593202776249e-06,-8.606608616923913e-07,64
response_mean,30,4,-1.4822022649219985e-06,-0.008880207678896601,0.008880207678896601,0.5,-1.8257131614515085e-05,1.5292727084671078e-05,64
public_task_span,18,30,1.4211491361491862e-05,0.00887428239861037,0.00887428239861037,0.5,0.00019350541697348407,-0.00016508243425050016,64
public_task_span,12,16,4.279470886098652e-06,0.008857829910657776,0.008857829910657776,0.53125,6.480202318925651e-05,-5.624308141705921e-05,64
public_task_span,23,10,7.136750809880584e-06,0.008856810812894767,0.008856810812894767,0.5,-5.789824535895232e-05,7.217174697871353e-05,64
public_task_span,20,16,9.588891430210698e-06,0.008850190681108474,0.008850190681108474,0.5,-9.369724443787064e-05,0.00011287502729829201,64
final_prompt,11,7,8.694721032014765e-07,0.008850005081595825,0.008850005081595825,0.5,-7.417254096250837e-06,9.156198302653786e-06,64
public_task_span,14,4,-5.800208782601395e-06,-0.008841814164702118,0.008841814164702118,0.5,9.33387350414644e-05,-0.00010493915260666719,64
final_prompt,31,1,-1.1057693427551507e-06,-0.008840157445856813,0.008840157445856813,0.484375,4.626865847966699e-05,-4.8480197165177295e-05,64
response_first,9,15,2.1139929231136714e-05,0.008836857271531324,0.008836857271531324,0.515625,0.0008588068994867914,-0.0008165270410245179,64
final_prompt,4,2,6.0659582231888587e-05,0.008835810169174656,0.008835810169174656,0.515625,0.00030139846876410195,-0.00018007930430032518,64
public_task_span,5,14,3.3659080145294275e-05,0.008834966920165773,0.008834966920165773,0.53125,0.0004726702100015072,-0.00040535204971091886,64
public_task_span,23,18,-1.4728362316451023e-06,-0.00883251497934345,0.00883251497934345,0.5,1.0908703757185561e-05,-1.3854376220475764e-05,64
public_task_span,17,26,-1.1702019833137808e-05,-0.0088260836990198,0.0088260836990198,0.484375,-0.00046914984500290226,0.00044574580533662665,64
final_prompt,10,5,3.4674167182017403e-07,0.008803878501376148,0.008803878501376148,0.515625,-1.7192188749956556e-05,1.7885672093596904e-05,64
response_mean,30,20,-1.5062407214887845e-06,-0.00879947928447952,0.00879947928447952,0.5,-4.449129005478546e-05,4.1478808611807895e-05,64
final_prompt,10,25,-1.3569718504413665e-07,-0.008796118120115576,0.008796118120115576,0.515625,-5.645010077159895e-07,2.9310663762771604e-07,64
final_prompt,16,1,4.199374998856053e-07,0.008788042216442004,0.008788042216442004,0.5,2.5748072118877688e-06,-1.7349322121165582e-06,64
public_task_span,7,12,-7.73000829213254e-06,-0.0087878839872956,0.0087878839872956,0.5,1.83820684469472e-05,-3.3842085031212295e-05,64
response_first,3,6,-6.613836683300102e-05,-0.008783288936068258,0.008783288936068258,0.5,0.0003381814902922917,-0.00047045822395829374,64
response_mean,11,25,2.1220440657979443e-06,0.008776356285484229,0.008776356285484229,0.5,-6.338597609100841e-05,6.763006422260429e-05,64
final_prompt,15,29,7.144486744450384e-07,0.008759650907726443,0.008759650907726443,0.5,-1.0025405572421767e-06,2.431437906132255e-06,64
response_mean,11,27,-4.6456920301835854e-06,-0.008743316154760677,0.008743316154760677,0.5,0.00011426347629138199,-0.00012355486035174916,64
response_mean,7,9,-3.6365784694522205e-07,-0.00872919153795768,0.00872919153795768,0.5,2.593559429467652e-07,-9.866716368372085e-07,64
post_selector,35,14,2.916985613410628e-05,0.00872916550983591,0.00872916550983591,0.46875,-0.0017213312530657064,0.001779670965333919,64
public_task_span,24,16,-1.865210879259624e-05,-0.008728589326753002,0.008728589326753002,0.46875,-0.00039874338381197354,0.0003614391662267809,64
response_mean,16,8,-1.5484832260881376e-07,-0.008717194932187792,0.008717194932187792,0.5,-3.3841680817658926e-06,3.074471436548265e-06,64
response_first,27,12,-3.7861441626233315e-07,-0.008716777800654735,0.008716777800654735,0.5,4.890973741596779e-07,-1.246326206684344e-06,64
response_first,25,16,-1.4303584805475098e-07,-0.008712189888173126,0.008712189888173126,0.5,3.1393253578926306e-06,-3.425397054002133e-06,64
response_mean,27,25,-6.009719982101014e-06,-0.00871191395090886,0.00871191395090886,0.5,-0.0004025086086585122,0.0003904891686943102,64
response_mean,16,28,-1.976738349185309e-05,-0.00870216523990583,0.00870216523990583,0.515625,0.0012437592354217317,-0.0012832940024054375,64
response_first,15,3,-3.7513927964064597e-06,-0.00869983503695973,0.00869983503695973,0.5,1.032077943818779e-05,-1.7823565031000695e-05,64
public_task_span,21,23,5.630307668977347e-06,0.008694616406013897,0.008694616406013897,0.5,-0.0001662540812503689,0.00017751469658832357,64
response_first,12,2,-5.744527840064087e-07,-0.008694447510995401,0.008694447510995401,0.5,6.574731258980366e-06,-7.723636826993181e-06,64
response_first,11,27,-1.626974366781333e-06,-0.008692726823110822,0.008692726823110822,0.515625,3.221114491225152e-05,-3.546509364581419e-05,64
final_prompt,3,12,9.854101239881348e-05,0.008683092679767877,0.008683092679767877,0.5,0.0005733127936622547,-0.000376230768864628,64
final_prompt,15,31,2.711414239797705e-07,0.0086821602895982,0.0086821602895982,0.5,-1.9146045673323897e-06,2.4568874152919307e-06,64
final_prompt,30,21,8.430336038146872e-06,0.00868130242721795,0.00868130242721795,0.5,-0.00024289138491439692,0.0002597520569906906,64
response_first,7,31,-3.3043079383759323e-06,-0.0086723343040163,0.0086723343040163,0.5,1.3526921748051711e-05,-2.0135537624803572e-05,64
response_first,22,28,9.57642271255824e-07,0.008651675027129083,0.008651675027129083,0.5,-2.654524394073485e-05,2.84605284832465e-05,64
public_task_span,26,12,2.5660879146057428e-06,0.00863465809886126,0.00863465809886126,0.484375,-0.00013345587285583518,0.00013858804868504664,64
response_mean,19,19,-2.32606245731232e-06,-0.008615803957966338,0.008615803957966338,0.484375,-3.964108776698934e-05,3.49889628523647e-05,64
final_prompt,6,8,7.965807981231985e-06,0.008610416216244528,0.008610416216244528,0.5,-5.028344821767232e-05,6.621506418013628e-05,64
public_task_span,22,2,8.433220955341912e-06,0.00859468186093749,0.00859468186093749,0.515625,-2.767167916316947e-05,4.453812107385328e-05,64
response_first,7,27,-4.327955949179341e-08,-0.008569783022237418,0.008569783022237418,0.5,8.448017752016307e-08,-1.7103929650374994e-07,64
response_first,7,26,2.136964440067716e-06,0.008568943177166452,0.008568943177166452,0.5,5.848560613231082e-05,-5.4211677252175395e-05,64
response_first,3,5,9.996617516705073e-05,0.008565152044393363,0.008565152044393363,0.5,0.0004611262559990242,-0.00026119390566492224,64
final_prompt,23,6,2.9108721832926676e-07,0.008539598207094184,0.008539598207094184,0.53125,6.432749273699301e-06,-5.850574837040767e-06,64
final_prompt,22,15,-6.114640200399396e-06,-0.008537319626924007,0.008537319626924007,0.515625,5.678045454260247e-05,-6.900973494340127e-05,64
final_prompt,27,21,6.478153864004702e-06,0.008536712944583526,0.008536712944583526,0.5,-5.8913600696540615e-05,7.186990842454998e-05,64
public_task_span,35,18,4.66028359368972e-06,0.008534728951724434,0.008534728951724434,0.5,2.101130667142606e-05,-1.1690739484046634e-05,64
final_prompt,13,31,-4.875713273122528e-07,-0.008532765055422267,0.008532765055422267,0.5,-7.4970027981180465e-06,6.521860143493541e-06,64
final_prompt,16,28,1.0342954510619284e-06,0.00853146503935822,0.00853146503935822,0.5,3.813596379130608e-05,-3.6067372889182225e-05,64
public_task_span,9,28,2.2721054548924258e-07,0.008519309381883146,0.008519309381883146,0.5,-6.06969982186456e-06,6.5241209128430455e-06,64
final_prompt,8,21,8.575805310329098e-08,0.008515350285247003,0.008515350285247003,0.5,-4.730190958923686e-06,4.9017070651302674e-06,64
public_task_span,11,20,-3.986331762462214e-07,-0.00851072628005229,0.00851072628005229,0.46875,2.934219139660854e-06,-3.731485492153297e-06,64
response_first,12,1,2.731725089692415e-06,0.008505903796558321,0.008505903796558321,0.5,6.699083360216816e-05,-6.152738342278332e-05,64
response_first,13,16,-2.2270163753997885e-05,-0.008494370601799268,0.008494370601799268,0.5,-0.0012878171610281816,0.0012432768335201858,64
final_prompt,1,23,-5.076784646028249e-07,-0.00848324420785672,0.00848324420785672,0.5,4.424044220734118e-06,-5.4394011499397684e-06,64
response_first,15,19,-2.997588399722417e-08,-0.008462741532603655,0.008462741532603655,0.5,5.555973636717226e-07,-6.15549131666171e-07,64
response_first,22,18,7.028083359707643e-07,0.008453305620298562,0.008453305620298562,0.484375,-1.5839037416758326e-05,1.7244654088699856e-05,64
final_prompt,9,4,2.309475632955582e-07,0.008440814499073012,0.008440814499073012,0.5,-3.33114707018467e-06,3.7930421967757866e-06,64
final_prompt,34,3,3.897654096363118e-05,0.008435625673752346,0.008435625673752346,0.5,-0.0012727675639325779,0.0013507206458598406,64
public_task_span,19,17,-2.681156729525849e-06,-0.008423782490605096,0.008423782490605096,0.5,-1.754840741341128e-05,1.2186093954359578e-05,64
post_selector,1,11,4.504837852437041e-05,0.008420633936359122,0.008420633936359122,0.515625,-2.348396810703115e-05,0.00011358072515577197,64
response_first,34,10,2.495682451808534e-07,0.00840937563507407,0.00840937563507407,0.5,-3.401289063731383e-06,3.90042555409309e-06,64
response_mean,9,16,1.7586703393130868e-05,0.008393356564260202,0.008393356564260202,0.5,6.439568869609215e-05,-2.9222281909830413e-05,64
response_mean,10,14,3.443707828410314e-05,0.008388703760190963,0.008388703760190963,0.515625,-0.0004349860391812325,0.0005038601957494388,64
public_task_span,19,9,-5.212240012042662e-06,-0.008388358288029394,0.008388358288029394,0.46875,-0.00020228481935189683,0.0001918603393278115,64
public_task_span,19,20,-3.516302058415022e-07,-0.008382910252374158,0.008382910252374158,0.5,1.3806958804707392e-05,-1.4510219216390396e-05,64
public_task_span,18,18,1.7719408276659108e-05,0.008380019749967124,0.008380019749967124,0.5,-0.00030183290300556304,0.0003372717195588812,64
response_first,14,14,2.6592902031590324e-06,0.00837926298811059,0.00837926298811059,0.515625,-8.636868506072678e-05,9.168726546704486e-05,64
public_task_span,8,3,-1.6756139302755381e-06,-0.008378339399175299,0.008378339399175299,0.5,-1.5074495877338091e-05,1.1723268016787015e-05,64
final_prompt,11,1,4.3342083699902934e-07,0.008371785411657898,0.008371785411657898,0.5,-1.0544336646486759e-05,1.1411178320484817e-05,64
response_first,3,13,-4.40197982243298e-05,-0.008364931962482051,0.008364931962482051,0.5,-0.000388942215067797,0.00030090261861913755,64
response_first,18,3,3.932397163453061e-08,0.008364371783860418,0.008364371783860418,0.5,7.495695264481128e-07,-6.709215831790516e-07,64
response_mean,13,16,2.8277686396910007e-05,0.008361606118683942,0.008361606118683942,0.5,-0.00137683506818573,0.0014333904409795498,64
final_prompt,11,11,-4.5103837464873404e-07,-0.008361536068720688,0.008361536068720688,0.5,1.482884499635376e-06,-2.3849612489328442e-06,64
final_prompt,7,17,3.7457127177807076e-07,0.008361059521077907,0.008361059521077907,0.5,1.028902943292266e-06,-2.797603997361253e-07,64
response_mean,23,3,-5.921745866987733e-07,-0.008358796427722552,0.008358796427722552,0.5,5.066705000447064e-06,-6.251054173844608e-06,64
public_task_span,28,6,-4.327613169155937e-06,-0.008357520422669473,0.008357520422669473,0.5,-2.8886007385153606e-05,2.023078104684174e-05,64
response_first,35,17,2.2292588255316555e-06,0.008353888139052119,0.008353888139052119,0.5,-1.3031706657786714e-05,1.749022430885004e-05,64
public_task_span,17,14,-2.9170053039636716e-06,-0.008346305024912947,0.008346305024912947,0.5,-8.145324500205973e-06,2.3113138922786258e-06,64
final_prompt,19,20,1.943363230338946e-07,0.008318244903298974,0.008318244903298974,0.515625,-1.1978216889474425e-06,1.5864943350152316e-06,64
public_task_span,18,24,6.362475573945951e-06,0.00830151170922623,0.00830151170922623,0.515625,-1.742207064127165e-05,3.0147021789163553e-05,64
public_task_span,32,31,-4.920567562292369e-07,-0.008300614402399242,0.008300614402399242,0.453125,-2.9709049158531883e-06,1.986791403394713e-06,64
final_prompt,33,5,-3.820962774625605e-06,-0.00829908672229943,0.00829908672229943,0.5,-5.000054170522646e-05,4.235861615597526e-05,64
post_selector,0,9,7.08189254510172e-05,0.008293851906643845,0.008293851906643845,0.5,0.0012729102891171345,-0.0011312724382151,64
final_prompt,22,29,3.3213414098968788e-06,0.008293137643941743,0.008293137643941743,0.5,-3.594588724809063e-05,4.258857006788438e-05,64
public_task_span,27,21,-5.533331659543602e-06,-0.008286273949352607,0.008286273949352607,0.5,-0.00016114816844492645,0.00015008150512583926,64
response_first,32,27,1.4303594753070126e-06,0.008285620019929876,0.008285620019929876,0.5,1.9838311800412338e-05,-1.697759284979831e-05,64
public_task_span,17,27,1.0374955536464387e-05,0.00828258226249457,0.00828258226249457,0.515625,-0.000319952584050036,0.0003407024951229648,64
response_first,22,26,-9.045314186505575e-07,-0.008276234813345365,0.008276234813345365,0.5,-2.9898059210515914e-06,1.1807430837504772e-06,64
response_first,12,29,-1.3030383350098873e-07,-0.008270704506232783,0.008270704506232783,0.5,-1.314888326220398e-06,1.0542806592184206e-06,64
final_prompt,10,10,5.469556754177311e-07,0.008265558278570237,0.008265558278570237,0.5,-7.718285814916842e-06,8.812197165752301e-06,64
public_task_span,6,21,-2.4957777895909835e-05,-0.008254803205769462,0.008254803205769462,0.5,0.000332165409417922,-0.0003820809652097417,64
final_prompt,9,0,8.65963087903765e-08,0.008249913648747864,0.008249913648747864,0.5,3.0773119448213038e-06,-2.9041193272405508e-06,64
final_prompt,22,20,1.4391303920990627e-05,0.008248037769224118,0.008248037769224118,0.5,-0.0003035881345567812,0.0003323707423987625,64
response_mean,12,27,-1.8608090499605372e-06,-0.008245207998997518,0.008245207998997518,0.5,-2.4739427431096056e-05,2.1017809331174973e-05,64
final_prompt,35,8,8.759142929195323e-06,0.008242037110974114,0.008242037110974114,0.5,-0.0001488051921114656,0.00016632347796985625,64
final_prompt,34,23,2.799476135351142e-07,0.008241361989145272,0.008241361989145272,0.5,2.215625954704592e-06,-1.6557307276343636e-06,64
response_mean,8,4,-1.3511113593273622e-05,-0.008226635543975352,0.008226635543975352,0.5,-0.00015804617305547765,0.0001310239458689304,64
response_first,19,26,1.744900401945415e-08,0.008226046262570839,0.008226046262570839,0.484375,-9.529481408421248e-07,9.87846148881033e-07,64
response_first,21,13,1.3142670640675647e-07,0.008194367334052642,0.008194367334052642,0.5,-4.3042491659761595e-06,4.567102578789672e-06,64
final_prompt,14,4,-8.168446266062014e-07,-0.008189104627977574,0.008189104627977574,0.5,-1.3062473936285671e-05,1.1428784683073269e-05,64
response_mean,17,11,-2.2476638150693604e-06,-0.008181823355314225,0.008181823355314225,0.484375,-2.1259247660002563e-06,-2.3694028641384864e-06,64
public_task_span,30,20,-1.2040454748788457e-05,-0.008179778342251316,0.008179778342251316,0.5,-0.0005677878034475671,0.0005437068939499901,64
public_task_span,10,7,-5.68305949855283e-06,-0.008171225593333246,0.008171225593333246,0.5,5.240913287706545e-05,-6.377525187417112e-05,64
response_first,9,16,-4.581299322116067e-07,-0.008162778147035359,0.008162778147035359,0.5,-1.9386801795913375e-05,1.8470541931490166e-05,64
response_mean,10,6,-6.906258477096539e-06,-0.008156560759596206,0.008156560759596206,0.5,-3.403824121050235e-05,2.02257242563093e-05,64
public_task_span,9,8,-3.308064009375702e-07,-0.008153835681513972,0.008153835681513972,0.53125,-1.670660660124109e-05,1.6044993799365952e-05,64
final_prompt,13,16,1.790084183998086e-06,0.008150022547441916,0.008150022547441916,0.5,-4.184357339909261e-05,4.54237417670888e-05,64
response_mean,14,13,-1.1262033694948228e-05,-0.00813049643480324,0.00813049643480324,0.515625,-0.00010078951800096084,7.826545061106436e-05,64
public_task_span,1,22,8.949344191932823e-05,0.00812827338469113,0.00812827338469113,0.5,0.0011057480296585687,-0.0009267611458199127,64
response_first,16,7,-4.1727743109741915e-06,-0.008116105554721517,0.008116105554721517,0.5,2.3663920728717478e-05,-3.2009469350665875e-05,64
response_mean,19,30,1.5020847513366834e-05,0.008105008507752106,0.008105008507752106,0.5,0.0009944952089426542,-0.0009644535139159206,64
final_prompt,13,10,-2.455247113181293e-06,-0.008096907205674336,0.008096907205674336,0.5,-5.937714445280941e-05,5.4466650226446826e-05,64
public_task_span,34,11,6.0639808907561885e-06,0.008096852776771026,0.008096852776771026,0.5,-0.00012235366284585303,0.00013448162462736544,64
response_first,35,0,-7.365901183227449e-06,-0.00808603160361616,0.00808603160361616,0.484375,-0.00020178978229524103,0.0001870579799287861,64
final_prompt,15,7,-8.349054496621477e-07,-0.008084649971739579,0.008084649971739579,0.5,-1.555685696529448e-05,1.3887046065970182e-05,64
response_mean,10,10,1.4597968402076556e-05,0.008082004104082394,0.008082004104082394,0.5,-0.00018782548067975948,0.00021702141748391253,64
response_mean,6,0,-2.060908263956562e-05,-0.008078896838345454,0.008078896838345454,0.5,3.295346778032196e-05,-7.417163305945313e-05,64
response_first,1,20,-1.7977356037585747e-05,-0.008067825428371868,0.008067825428371868,0.515625,-0.00026039687509181637,0.0002244421630166449,64
response_first,33,1,-1.1695295825078135e-06,-0.008064379579264253,0.008064379579264253,0.484375,-7.918537221482768e-05,7.684631304981207e-05,64
response_mean,15,30,1.2534185316314556e-06,0.008045837195589378,0.008045837195589378,0.5,1.890174189606587e-06,6.166628736563293e-07,64
response_mean,9,6,-6.248875195069559e-08,-0.008039855535898713,0.008039855535898713,0.5,6.386564450622245e-07,-7.636339489636156e-07,64
public_task_span,14,30,-6.58421242860295e-07,-0.008021876167283936,0.008021876167283936,0.5,2.8275023623789058e-05,-2.959186610950965e-05,64
response_mean,17,9,-1.4171147313377626e-06,-0.008019645117986404,0.008019645117986404,0.5,-7.684894262636852e-05,7.401471316369299e-05,64
final_prompt,11,8,-8.138919227462804e-08,-0.00801261772832175,0.00801261772832175,0.5,-3.951947057601046e-06,3.7891686730517904e-06,64
response_first,8,18,7.44050836939729e-07,0.008012406511055167,0.008012406511055167,0.484375,-8.272410781272372e-06,9.760512455151831e-06,64
response_mean,9,30,-7.46560520070716e-08,-0.008005831372840203,0.008005831372840203,0.484375,-3.054197621921162e-06,2.9048855179070188e-06,64
final_prompt,26,3,4.437571533340294e-06,0.008003787482382969,0.008003787482382969,0.5,-3.351235363879843e-05,4.238749670547901e-05,64
public_task_span,29,21,2.5049516807465695e-06,0.0080036707869585,0.0080036707869585,0.5,-9.530046645521918e-05,0.00010031036981671231,64
public_task_span,32,19,3.0891187634545257e-06,0.007991263011278137,0.007991263011278137,0.5,-0.00021894298333789025,0.0002251212208647993,64
final_prompt,25,25,1.7428462797425357e-06,0.007990293769971239,0.007990293769971239,0.515625,2.8580064736164238e-05,-2.509437217667916e-05,64
final_prompt,29,25,5.600849362962971e-05,0.007987304739340742,0.007987304739340742,0.5,-0.00197435072186635,0.0020863677091256094,64
post_selector,26,10,-1.2448443555988925e-06,-0.007975669403744884,0.007975669403744884,0.5,1.956282176247271e-06,-4.445970887445051e-06,64
final_prompt,31,9,2.4801232939353118e-05,0.007970774341185835,0.007970774341185835,0.5,-0.0007159507113101406,0.0007655531771888469,64
public_task_span,25,9,5.281758603822123e-06,0.007962089803499868,0.007962089803499868,0.484375,7.376704388682262e-06,3.186812818961978e-06,64
post_selector,6,17,-1.9745328927383305e-06,-0.00796087251108139,0.00796087251108139,0.46875,3.5144721096006726e-05,-3.909378688148338e-05,64
response_mean,9,5,2.906531335613473e-06,0.007953278643635446,0.007953278643635446,0.5,3.937443625545304e-05,-3.3561373584226094e-05,64
final_prompt,11,20,9.796861633049048e-08,0.007941566280477175,0.007941566280477175,0.5,3.4662757286696443e-07,-1.5069034020598348e-07,64
response_mean,30,12,-2.860326731024543e-07,-0.007933318292837799,0.007933318292837799,0.5,-7.568531827928382e-07,1.8478783658792963e-07,64
response_mean,25,2,-1.943784511126978e-07,-0.00793166337974815,0.00793166337974815,0.5,-3.379036996875584e-06,2.9902800946501884e-06,64
response_first,25,2,-9.764980291038228e-08,-0.007922112710738843,0.007922112710738843,0.5,-4.059730542849135e-07,2.1067344846414926e-07,64
public_task_span,13,30,3.220638745912737e-06,0.007918125390483817,0.007918125390483817,0.5,2.02851879294089e-05,-1.3843910437583425e-05,64
public_task_span,8,7,-3.8887551454513315e-06,-0.007915717107262639,0.007915717107262639,0.46875,-0.00016473335745103808,0.0001569558471601354,64
response_mean,9,23,1.747988449097203e-05,0.007898643441335713,0.007898643441335713,0.515625,3.1479717108640103e-06,3.1811797271080045e-05,64
final_prompt,34,13,-2.526518585455051e-07,-0.007898358406437989,0.007898358406437989,0.5,4.54764222013182e-06,-5.052945937222831e-06,64
public_task_span,21,6,3.5625039345198295e-06,0.007897087407254635,0.007897087407254635,0.5,0.00026084433875437203,-0.0002537193308853324,64
public_task_span,31,12,1.941283585438485e-06,0.00788854832393835,0.00788854832393835,0.5,-9.125254939589553e-05,9.513511656677251e-05,64
public_task_span,14,16,7.486539743695209e-06,0.007886219937679767,0.007886219937679767,0.5,-0.0003960298636229457,0.0004110029431103361,64
response_first,7,23,-2.141500118568297e-06,-0.007870449416930296,0.007870449416930296,0.5,-0.00010563270652140825,0.00010134970628427165,64
post_selector,25,23,-2.29155182296746e-06,-0.00786632074883434,0.00786632074883434,0.59375,8.635466838312014e-05,-9.093777202905507e-05,64
response_first,7,6,-6.446522604619534e-08,-0.007844839022759315,0.007844839022759315,0.515625,-3.0959638763761177e-07,1.8066593554522115e-07,64
public_task_span,24,15,-7.3695960054477335e-06,-0.007843765438157792,0.007843765438157792,0.5,2.053002663159238e-05,-3.5269218642487826e-05,64
response_first,7,28,-4.991413788939408e-07,-0.007834097970028122,0.007834097970028122,0.5,-7.381118109601431e-06,6.382835351813554e-06,64
final_prompt,7,28,1.375207006049095e-07,0.007828705688810235,0.007828705688810235,0.484375,2.506422262626984e-06,-2.231380861417165e-06,64
response_mean,18,30,5.4851380809845104e-05,0.007821871734546983,0.007821871734546983,0.53125,0.00012129857532271584,-1.159581370302617e-05,64
public_task_span,27,4,-1.7977973811892489e-06,-0.00782086334718521,0.00782086334718521,0.5,-4.9292628318658314e-05,4.569703355627982e-05,64
response_mean,4,4,-5.426565894595163e-05,-0.007819358689550363,0.007819358689550363,0.5,-0.0001949889719980908,8.645765410618725e-05,64
response_first,8,6,-1.70411367435008e-05,-0.007814763204790943,0.007814763204790943,0.5,0.0004992737922293564,-0.0005333560657163579,64
response_first,14,30,-2.662717463404506e-06,-0.007813733961756135,0.007813733961756135,0.5,4.49049467761112e-05,-5.023038170292022e-05,64
final_prompt,5,0,1.2348842460593445e-05,0.007810651406554007,0.007810651406554007,0.5,0.00017381602356181415,-0.00014911833864062732,64
response_mean,9,25,-3.417929292481999e-05,-0.007810328798894554,0.007810328798894554,0.5,0.0004356436766101845,-0.0005040022624598243,64
response_first,15,24,1.5393446517464326e-08,0.00780808276867028,0.00780808276867028,0.515625,-5.357482812939907e-07,5.665351743289193e-07,64
response_mean,15,0,-9.990560101872046e-06,-0.007799070742851102,0.007799070742851102,0.5,0.0004306346127123063,-0.0004506157329160504,64
response_mean,34,12,-2.5151861109346093e-06,-0.007787652066566263,0.007787652066566263,0.5,2.266789397254841e-05,-2.7698266194417628e-05,64
response_first,11,4,-3.1130300612828956e-06,-0.007784587745606362,0.007784587745606362,0.5,0.00015135107639707086,-0.00015757713651963669,64
response_first,18,5,2.65272436904599e-07,0.00778058375646189,0.00778058375646189,0.5,1.0239196619462578e-05,-9.70865174565338e-06,64
final_prompt,4,13,1.209278420333075e-05,0.00777660102770727,0.00777660102770727,0.5,5.7770886883190095e-05,-3.358531847652864e-05,64
response_mean,22,19,-4.701058173846785e-07,-0.007774060418543668,0.007774060418543668,0.5,-1.7056658677457192e-05,1.611644704268784e-05,64
response_first,7,1,-2.312028300369629e-06,-0.007773054337365177,0.007773054337365177,0.5,-3.49290066878869e-05,3.0304950087147647e-05,64
response_mean,11,5,3.5047762807491433e-06,0.007768425479723345,0.007768425479723345,0.5,-6.34908537335862e-05,7.050040629508448e-05,64
final_prompt,7,29,1.3462221915006012e-07,0.007763499189370579,0.007763499189370579,0.5,1.5985506394144977e-06,-1.3293062011143775e-06,64
final_prompt,15,0,4.5087299440582444e-06,0.0077614424242005734,0.0077614424242005734,0.5,-2.5584999093555775e-05,3.460245898167226e-05,64
final_prompt,9,2,2.8375819738357656e-07,0.007760313833448096,0.007760313833448096,0.5,9.547096055939619e-06,-8.979579661172465e-06,64
final_prompt,11,5,8.775070625667041e-07,0.007750275951093867,0.007750275951093867,0.5,-1.58209961682582e-05,1.7576010293391613e-05,64
response_first,14,15,-2.175418103438707e-06,-0.0077343900869023385,0.0077343900869023385,0.5,4.2740134176699605e-05,-4.709097038357701e-05,64
response_mean,13,27,-5.802212399421845e-06,-0.007726416482069672,0.007726416482069672,0.5,-1.6610998500243146e-05,5.006573701399462e-06,64
final_prompt,32,30,1.3181006579539474e-06,0.0077255993512482645,0.0077255993512482645,0.5,5.107403609372029e-05,-4.8437834777812404e-05,64
public_task_span,13,19,-1.4364198477778558e-05,-0.007718851558214008,0.007718851558214008,0.5,-0.00027915780265175554,0.00025042940569619835,64
final_prompt,3,14,7.42848244712482e-05,0.00770914306451629,0.00770914306451629,0.5,0.0006266561945978009,-0.00047808654565530454,64
response_first,7,24,-1.9540946993856768e-07,-0.007672822086669094,0.007672822086669094,0.5,1.9980482903747543e-06,-2.38886723025189e-06,64
public_task_span,23,15,-3.415926130401151e-06,-0.007661181723608366,0.007661181723608366,0.484375,0.0001741867282589538,-0.00018101858051975615,64
response_first,17,23,4.676079186088368e-07,0.007659654064776913,0.007659654064776913,0.5,-1.3344569509851516e-05,1.427978534706919e-05,64
response_mean,11,10,-1.6760180642449033e-05,-0.007657463552784798,0.007657463552784798,0.5,-0.001039318615767091,0.001005798254482193,64
public_task_span,30,17,-2.7721582227967594e-05,-0.007640287848166471,0.007640287848166471,0.46875,-0.0016315606626448897,0.0015761174981889542,64
public_task_span,29,3,1.1418191206755681e-05,0.0076240404163830594,0.0076240404163830594,0.5,-0.0006056389011064168,0.0006284752835199284,64
public_task_span,30,3,-2.3292691366809956e-06,-0.007619431397526202,0.007619431397526202,0.484375,-4.295795133657449e-05,3.829941306321247e-05,64
response_mean,32,25,1.7398173213233873e-06,0.007608976592015277,0.007608976592015277,0.5,2.3717080694040402e-05,-2.023744605139364e-05,64
final_prompt,6,3,1.6294661691029067e-06,0.0076034176736440315,0.0076034176736440315,0.5,-5.5490290719706906e-05,5.874922305791273e-05,64
public_task_span,7,19,3.135885435767205e-07,0.007589948792815779,0.007589948792815779,0.5,3.0021323027534075e-06,-2.3749552155999674e-06,64
response_first,11,9,-1.8256679901090355e-07,-0.007588287442511702,0.007588287442511702,0.5,4.6749695048473443e-07,-8.326305485065415e-07,64
public_task_span,15,13,7.006703981445334e-07,0.007586592723455008,0.007586592723455008,0.515625,4.294561273353369e-05,-4.1544271937244614e-05,64
response_mean,13,4,-2.3086918048411375e-06,-0.007562367190390962,0.007562367190390962,0.5,-4.026904946386154e-05,3.565166585417927e-05,64
response_first,19,2,1.801446934737473e-06,0.007560345424581613,0.007560345424581613,0.53125,2.465264887518985e-05,-2.1049755005714907e-05,64
response_mean,31,25,-9.746438678348557e-08,-0.007560254176094698,0.007560254176094698,0.5,-6.1864740956707465e-06,5.991545322103775e-06,64
response_first,32,22,6.176040301397744e-08,0.007548606664954834,0.007548606664954834,0.5,1.5345543857847588e-06,-1.411033579756804e-06,64
public_task_span,17,9,1.1513709068823442e-05,0.007545524307208291,0.007545524307208291,0.5,-5.425996278059396e-06,2.845341441570624e-05,64
final_prompt,15,26,-1.3768103324096601e-08,-0.007543543403062759,0.007543543403062759,0.5,-3.6839856054626807e-07,3.4086235389807484e-07,64
response_first,12,10,7.700284641031042e-06,0.007540732228910517,0.007540732228910517,0.5,0.0005094906734939134,-0.0004940901042118514,64
public_task_span,23,31,7.5242362811429915e-06,0.007539834542690958,0.007539834542690958,0.515625,-2.3469740881409908e-05,3.851821344369588e-05,64
public_task_span,26,1,1.574612178955668e-05,0.007536942978503992,0.007536942978503992,0.5,0.0003302593831904174,-0.0002987671396113041,64
response_first,4,28,2.7920115826415642e-05,0.007532204834183396,0.007532204834183396,0.484375,1.1143092706342465e-05,4.469713894648893e-05,64
response_first,32,9,1.512831204305597e-06,0.007504245791255874,0.007504245791255874,0.5,-9.65655954132524e-05,9.95912578218636e-05,64
response_mean,12,23,-1.7256129467568436e-06,-0.007502176219074141,0.007502176219074141,0.484375,-1.4681577340516905e-05,1.1230351447003226e-05,64
public_task_span,7,0,-2.887260961865874e-06,-0.007498360887899611,0.007498360887899611,0.5,1.5022744719328725e-05,-2.079726664306047e-05,64
response_mean,13,29,1.063141212396287e-06,0.007491992761215828,0.007491992761215828,0.484375,-3.158928439005904e-05,3.371556681485162e-05,64
response_mean,17,24,9.34458284973648e-06,0.007477704032927715,0.007477704032927715,0.5,0.0002913044945671505,-0.0002726153288676776,64
final_prompt,18,8,-4.644170985560093e-06,-0.007476475721715687,0.007476475721715687,0.53125,-0.00033629024028412007,0.0003270018983129999,64
response_mean,17,4,1.7611078249042084e-05,0.007471889430874058,0.007471889430874058,0.5,-2.2494264044324483e-05,5.771642054240854e-05,64
response_mean,7,29,2.245870547312736e-07,0.00746607766085331,0.00746607766085331,0.5,-2.5322836876284782e-06,2.981457797091025e-06,64
public_task_span,27,19,5.009503638571293e-06,0.007458244267962443,0.007458244267962443,0.5,-0.00018680568041418142,0.00019682468769132396,64
response_first,18,18,-4.5632666170629124e-07,-0.007440409275884839,0.007440409275884839,0.484375,1.0580438924488417e-05,-1.1493092247900999e-05,64
final_prompt,29,17,1.4266685184329886e-06,0.007434433561510432,0.007434433561510432,0.5,-1.95170537153839e-05,2.2370390752249877e-05,64
public_task_span,18,21,-2.040473373199716e-05,-0.007427884597036714,0.007427884597036714,0.5,0.0007558141496701686,-0.000796623617134163,64
response_first,14,24,8.263322115427941e-07,0.00741867541835249,0.00741867541835249,0.5,-2.6025271608922564e-06,4.255191583977843e-06,64
final_prompt,33,0,5.109408220919494e-07,0.0074037689075926415,0.0074037689075926415,0.484375,-9.258694547041338e-06,1.0280576191225237e-05,64
final_prompt,15,3,4.092051767657117e-06,0.0074023370897425495,0.0074023370897425495,0.5,8.151172551150742e-05,-7.332762197619316e-05,64
final_prompt,17,9,-1.1215790891562948e-06,-0.007401813124001161,0.007401813124001161,0.5,-1.1911208730448803e-05,9.668050552136214e-06,64
response_first,30,16,9.169794452622242e-07,0.007392458304459392,0.007392458304459392,0.5,-2.693189776436491e-05,2.8765856654889373e-05,64
public_task_span,5,4,6.273919370869559e-05,0.007389361078864402,0.007389361078864402,0.5,-0.0003673214487207518,0.0004927998361381427,64
response_mean,11,22,-3.735073619282007e-06,-0.00737916394865198,0.00737916394865198,0.515625,0.00011220373539799505,-0.00011967388263655907,64
final_prompt,26,13,-1.568076640979676e-06,-0.007373708429691492,0.007373708429691492,0.484375,-0.0001289071296923593,0.00012577097641039994,64
public_task_span,22,16,3.343043317728546e-06,0.007369420762406547,0.007369420762406547,0.5,0.00012020850226690072,-0.00011352241563144364,64
final_prompt,11,3,3.152565841446956e-05,0.007369410914595197,0.007369410914595197,0.5,-0.001736987200274578,0.0018000385171035172,64
final_prompt,22,9,1.2892634799731069e-06,0.007359576100769045,0.007359576100769045,0.5,-3.626289060320671e-05,3.884141756315292e-05,64
response_first,19,8,6.086920478765023e-08,0.007343737076384369,0.007343737076384369,0.515625,-1.1068152048210322e-06,1.2285536143963327e-06,64
response_first,6,15,-3.322211387058225e-05,-0.007336725804670056,0.007336725804670056,0.5,0.00022134502978589263,-0.00028778925752705685,64
response_mean,32,26,-3.9407400720148564e-07,-0.007325492129820348,0.007325492129820348,0.5,-5.305667116312901e-06,4.517519101909929e-06,64
final_prompt,11,16,-1.38363634504788e-06,-0.007324612802146353,0.007324612802146353,0.5,8.574843650420997e-05,-8.851570919430574e-05,64
response_first,27,9,2.7042166266230963e-06,0.007316652969281293,0.007316652969281293,0.5,-4.4939935605724254e-05,5.034836885897043e-05,64
public_task_span,24,3,-2.4014764221777584e-07,-0.007309579733961716,0.007309579733961716,0.5,-3.170316631466183e-07,-1.63263621288934e-07,64
final_prompt,15,17,3.5530745634573657e-07,0.00730372827701576,0.00730372827701576,0.5,-6.94497477482259e-06,7.655589687514063e-06,64
final_prompt,17,18,3.901946001861433e-06,0.007287790831283507,0.007287790831283507,0.5,0.00011960834126510913,-0.00011180444926138627,64
public_task_span,34,29,-4.3140187244651476e-06,-0.007273181556204065,0.007273181556204065,0.5,-0.0002153941927644911,0.00020676615531556083,64
response_first,9,2,-2.1074147298333397e-06,-0.007268108093291504,0.007268108093291504,0.5,-5.0624121740831685e-05,4.640929228116499e-05,64
response_first,21,23,-1.7757087675812204e-06,-0.0072676638839642245,0.0072676638839642245,0.5,-0.00012742101273486913,0.0001238695951997067,64
post_selector,27,7,-2.1447808649092186e-05,-0.007263379445513057,0.007263379445513057,0.5,-0.0001705529648461282,0.00012765734754794373,64
final_prompt,5,2,-3.6892684875056635e-05,-0.007260352719191091,0.007260352719191091,0.5,-0.00042398483492433884,0.00035019946517422557,64
response_first,18,15,-4.077937005783627e-08,-0.0072576260352656815,0.0072576260352656815,0.5,-1.087273648357756e-06,1.0057149082420835e-06,64
response_first,1,11,2.972492075059266e-05,0.0072561998477970666,0.0072561998477970666,0.5,-0.00016014346329031796,0.0002195933047915031,64
public_task_span,25,21,2.4262756141926896e-06,0.007255046427836514,0.007255046427836514,0.5,-2.937693079729777e-05,3.422948202568315e-05,64
final_prompt,11,19,-4.82311691031528e-07,-0.007245355112588823,0.007245355112588823,0.5,-6.972752430551996e-06,6.00812904848894e-06,64
public_task_span,4,21,7.178533996921271e-05,0.007244242329458002,0.007244242329458002,0.5,-0.0018523159524192908,0.0019958866323577153,64
public_task_span,18,29,-1.9598758171916644e-05,-0.007232879135207916,0.007232879135207916,0.484375,0.0014101208171268568,-0.0014493183334706899,64
final_prompt,15,28,-1.545706425076787e-07,-0.007220181397673147,0.007220181397673147,0.5,-2.5439279340844223e-06,2.2347866490690657e-06,64
public_task_span,15,10,1.0045831118071063e-06,0.007216530141373345,0.007216530141373345,0.5,-1.7470862303522915e-05,1.9480028527137124e-05,64
public_task_span,33,21,4.829419594897358e-06,0.007213210628753849,0.007213210628753849,0.5,-0.00019369638357601121,0.00020335522276580597,64
public_task_span,1,17,8.268449164452725e-06,0.007206797984795864,0.007206797984795864,0.515625,0.00018845882732420352,-0.00017192192899529807,64
response_first,13,11,3.168763740295491e-07,0.007203393972974425,0.007203393972974425,0.5,3.077945081033298e-07,3.2595823995576885e-07,64
final_prompt,32,15,-4.915514978165583e-06,-0.007200695860141965,0.007200695860141965,0.5,-0.00018515760280024728,0.00017532657284391614,64
public_task_span,13,16,1.860440579547784e-05,0.007196776078114285,0.007196776078114285,0.484375,-0.0006813741265432272,0.0007185829381341829,64
response_mean,9,7,8.932220225677465e-07,0.007179815706869852,0.007179815706869852,0.5,2.188939311053218e-05,-2.0102949065396684e-05,64
response_first,12,22,-1.31903107103426e-07,-0.007176189484738731,0.007176189484738731,0.5,-6.704282384362159e-06,6.440476170155307e-06,64
public_task_span,4,27,9.246258969139101e-06,0.00717564289274979,0.00717564289274979,0.515625,0.00011487513529571388,-9.63826173574358e-05,64
final_prompt,0,3,9.94469792203749e-06,0.007175594964541454,0.007175594964541454,0.5,0.00017318838581559373,-0.00015329898997151875,64
response_first,34,23,1.0623710977597527e-07,0.007173981671246872,0.007173981671246872,0.5,-1.7264171390252159e-06,1.938891358577166e-06,64
final_prompt,7,16,2.0397616040668254e-08,0.007170057862376765,0.007170057862376765,0.5,8.095863179846675e-08,-4.016339971713023e-08,64
response_first,7,21,-2.347735971851167e-06,-0.00716940588967064,0.00716940588967064,0.484375,1.0101854059022885e-05,-1.479732600272523e-05,64
response_first,12,23,-4.326135695021868e-06,-0.007167792363742267,0.007167792363742267,0.5,-3.4989388950643753e-05,2.63371175606e-05,64
public_task_span,6,19,2.1590372853098455e-05,0.007163888972929124,0.007163888972929124,0.5,0.00023676781347603125,-0.0001935870677698343,64
response_mean,9,2,-1.4395125162992513e-06,-0.007162937161654836,0.007162937161654836,0.5,-2.8110768198529545e-05,2.5231743165931042e-05,64
final_prompt,13,11,-1.3737194848317813e-07,-0.00715672599042323,0.00715672599042323,0.5,2.600579207978626e-06,-2.8753231049449823e-06,64
response_first,15,2,-1.262527894140913e-05,-0.007151189951654414,0.007151189951654414,0.484375,-0.000878306609592968,0.0008530560517101498,64
response_mean,9,28,-3.989592372018605e-06,-0.007146557504130957,0.007146557504130957,0.484375,-5.626179461158693e-05,4.828260986754972e-05,64
response_first,32,20,2.3704922114120563e-07,0.007145152386963761,0.007145152386963761,0.5,3.6270057535148226e-06,-3.1529073112324113e-06,64
response_first,3,9,-6.103582927607812e-05,-0.00713702880320285,0.00713702880320285,0.5,-0.00040072728734230975,0.000278655628790153,64
post_selector,2,4,-1.972008067241567e-05,-0.0071326416158388984,0.0071326416158388984,0.5,2.4870812922012418e-05,-6.431097426684378e-05,64
final_prompt,25,0,1.2497639545455775e-06,0.00712880131939893,0.00712880131939893,0.453125,-5.759218242928193e-05,6.009171033837308e-05,64
final_prompt,12,14,3.3975214961425422e-06,0.007127816563946407,0.007127816563946407,0.5,9.828737566408304e-05,-9.149233267179797e-05,64
response_first,18,22,-1.3006700214636308e-06,-0.007127555523869797,0.007127555523869797,0.5,-3.3345025826745595e-05,3.074368578381833e-05,64
response_mean,19,20,1.3012569581884137e-06,0.007120171157752046,0.007120171157752046,0.5,-1.0832040402398716e-06,3.685717956616699e-06,64
final_prompt,9,19,4.954263443934792e-09,0.007118635847596038,0.007118635847596038,0.5,-1.95477314335335e-07,2.0538584122320458e-07,64
response_first,25,7,2.1545335471273575e-07,0.007116368800126014,0.007116368800126014,0.5,2.6942083195535815e-06,-2.26330161012811e-06,64
public_task_span,13,7,-8.696153486199403e-07,-0.007109383141520476,0.007109383141520476,0.5,3.572706589238159e-05,-3.7466296589621484e-05,64
final_prompt,15,18,7.680326952197447e-08,0.007108577429925334,0.007108577429925334,0.5,-1.8114595476959039e-06,1.965066086739853e-06,64
public_task_span,9,4,-3.447591438992743e-07,-0.007102481125743441,0.007102481125743441,0.5,-9.424888958001225e-08,-5.95269398218536e-07,64
public_task_span,18,0,-8.596849170307297e-07,-0.007091743505749877,0.007091743505749877,0.5,-1.4248023830993292e-05,1.2528653996931835e-05,64
response_first,14,21,-4.275748182164719e-07,-0.007086454239235672,0.007086454239235672,0.5,-7.003805791324385e-06,6.148656154891442e-06,64
response_mean,12,2,-4.066737631090579e-07,-0.0070702914575765516,0.0070702914575765516,0.5,-5.497077040671687e-06,4.683729514453572e-06,64
response_first,5,6,-2.7929934645951884e-05,-0.007066401971921945,0.007066401971921945,0.5,0.0002575176602448415,-0.0003133775295367451,64
response_first,32,12,1.8752355117564538e-06,0.0070458534845788305,0.0070458534845788305,0.5,-4.4984786200076716e-05,4.873525722358962e-05,64
post_selector,10,0,-1.4880730532217022e-06,-0.007037643207407337,0.007037643207407337,0.453125,4.238063252159387e-05,-4.535677862803727e-05,64
final_prompt,20,10,-8.276908789477518e-07,-0.007033765786419656,0.007033765786419656,0.53125,-2.718995035432931e-05,2.5534568596433808e-05,64
response_first,30,23,1.909843234670916e-07,0.007030992799325547,0.007030992799325547,0.5,-3.868360664682768e-06,4.250329311616952e-06,64
public_task_span,7,30,-1.3459370507007407e-07,-0.00702666208777792,0.00702666208777792,0.484375,3.6963166394343716e-07,-6.388190740835853e-07,64
response_mean,8,31,-1.3580959034697131e-05,-0.007026093617736331,0.007026093617736331,0.5,0.0006483831366494993,-0.0006755450547188936,64
response_mean,7,0,-1.1154310868727582e-05,-0.0070166754233401685,0.0070166754233401685,0.5,-7.919874224170997e-05,5.689012050425484e-05,64
public_task_span,8,18,-8.506850974770792e-07,-0.007012789350488079,0.007012789350488079,0.515625,-3.3584005450384754e-05,3.188263525543059e-05,64
public_task_span,16,30,7.395556622212453e-06,0.00699853073235421,0.00699853073235421,0.5,0.0005886806993657785,-0.0005738895861213536,64
response_first,15,4,8.63675255757812e-08,0.006997106990219912,0.006997106990219912,0.515625,-3.08348475641651e-06,3.2562198075680726e-06,64
response_mean,9,4,7.264015380309737e-07,0.006984378499814032,0.006984378499814032,0.5,-2.4983670755308855e-05,2.6436473831370803e-05,64
final_prompt,27,30,3.040336287085866e-05,0.00698200299391119,0.00698200299391119,0.5,-0.0010658265327947378,0.0011266332585364548,64
public_task_span,33,23,-1.4236531342248185e-05,-0.006967693302704107,0.006967693302704107,0.5,-0.0001433282004654684,0.00011485513778097197,64
final_prompt,15,19,7.782492161823029e-08,0.006940044419286791,0.006940044419286791,0.5,4.240539475119931e-06,-4.0848896318834704e-06,64
response_mean,10,1,4.400807938509374e-06,0.006937870696084321,0.006937870696084321,0.5,5.5493041145378126e-05,-4.669142526835938e-05,64
public_task_span,1,19,1.8436735444998288e-05,0.006921150219363193,0.006921150219363193,0.5,-0.0008700827802385757,0.0009069562511285724,64
post_selector,12,12,1.7913040210258953e-05,0.006914066835610833,0.006914066835610833,0.546875,0.0002136025614163366,-0.00017777648099581868,64
response_first,18,29,-2.1592924213121005e-06,-0.0069083912007909375,0.0069083912007909375,0.5,7.613758930346271e-05,-8.045617414608692e-05,64
final_prompt,12,28,1.3501932016879458e-07,0.006904103850446987,0.006904103850446987,0.5,-2.3212885054135768e-06,2.5913271457511655e-06,64
response_first,32,19,-3.897235387743502e-07,-0.006891524351116709,0.006891524351116709,0.484375,-6.53929384952719e-06,5.759846771978489e-06,64
response_mean,12,18,-3.092911902058125e-05,-0.006890217170693251,0.006890217170693251,0.5,0.00020905088240397184,-0.0002709091204451343,64
public_task_span,7,21,-1.6926169337241242e-06,-0.0068884732937072425,0.0068884732937072425,0.5,-3.3053026072599656e-05,2.9667792205151402e-05,64
response_mean,10,7,1.7689561900625787e-05,0.00687467271882476,0.00687467271882476,0.5,-0.0006729125689162028,0.0007082916927174544,64
public_task_span,22,28,-6.304399448704134e-06,-0.006872899432820882,0.006872899432820882,0.5,-0.0002706835630306013,0.00025807476413319304,64
response_mean,8,18,2.0082031824129823e-06,0.006871937820929958,0.006871937820929958,0.5,-7.009434898463688e-05,7.411075534946282e-05,64
response_first,3,26,-4.400482157507733e-05,-0.006871709431082552,0.006871709431082552,0.5,0.0008614340677013143,-0.0009494437108514687,64
response_first,18,23,-1.3617375849150903e-07,-0.006870808606793336,0.006870808606793336,0.5,3.7427541563772593e-06,-4.015101673360277e-06,64
final_prompt,13,25,8.793037409265103e-07,0.006869643354599781,0.006869643354599781,0.5,-2.9231221105865508e-05,3.098982858771853e-05,64
post_selector,3,0,-5.142689042259685e-05,-0.006867998415754379,0.006867998415754379,0.5,-6.566228694282494e-05,-3.719149390236866e-05,64
response_first,35,15,-3.1392755772670453e-06,-0.006853495746513134,0.006853495746513134,0.515625,-8.140759473462207e-05,7.512904358008799e-05,64
final_prompt,26,5,-2.523713192200771e-06,-0.006853149892267966,0.006853149892267966,0.515625,-2.3197596419768026e-05,1.8150170035366474e-05,64
public_task_span,18,25,3.924982593158899e-06,0.006849206338430233,0.006849206338430233,0.515625,6.92851451731077e-05,-6.143517998678986e-05,64
response_first,1,30,8.758981493880473e-06,0.006842588509721125,0.006842588509721125,0.515625,-0.0004588017691276085,0.00047631973211536936,64
final_prompt,32,14,-4.388679144538634e-06,-0.0068362241756093475,0.0068362241756093475,0.5,0.00012598917510331335,-0.0001347665333923906,64
final_prompt,12,26,8.680589189665117e-07,0.0068346126737228305,0.0068346126737228305,0.5,-9.56573944676273e-06,1.130185728469575e-05,64
public_task_span,26,23,-2.392425813014955e-06,-0.006830720553796172,0.006830720553796172,0.5,-2.0692420207531437e-05,1.5907568581501524e-05,64
public_task_span,6,24,-1.6499319826834157e-05,-0.006815314167622548,0.006815314167622548,0.5,0.00010840182494576637,-0.00014140046459943463,64
final_prompt,19,22,-1.7771792499878387e-06,-0.006814169187321268,0.006814169187321268,0.515625,2.6983649149760332e-05,-3.053800764973601e-05,64
final_prompt,10,4,1.202153157463656e-06,0.006810310258887569,0.006810310258887569,0.5,-8.281743339465127e-05,8.522173970957859e-05,64
response_first,17,17,5.649434484661213e-07,0.006809848586442902,0.006809848586442902,0.5,-4.128204118102577e-05,4.241192807795801e-05,64
public_task_span,15,11,1.1515342350773698e-06,0.0068027939202850805,0.0068027939202850805,0.5,-3.628497563567348e-05,3.8588044105828206e-05,64
response_mean,10,15,5.420267825687415e-06,0.00678805620060228,0.00678805620060228,0.5,9.487337774771779e-05,-8.403284209634299e-05,64
public_task_span,17,16,3.3539769219748985e-06,0.006784502164490123,0.006784502164490123,0.515625,0.00015270781386787782,-0.000145999860023928,64
public_task_span,21,20,-4.334947789174253e-06,-0.0067777771789935565,0.0067777771789935565,0.484375,-0.00017976503022509329,0.00017109513464674478,64
response_first,32,21,-1.0303610054052115e-07,-0.00677371318577908,0.00677371318577908,0.5,-3.5973964713775786e-06,3.3913242702965363e-06,64
final_prompt,7,19,-1.399807629809403e-07,-0.006764033925296934,0.006764033925296934,0.5,-2.8381894310314237e-06,2.5582279050695433e-06,64
public_task_span,15,28,-5.416365809220569e-07,-0.006762649419016008,0.006762649419016008,0.5,1.7876663491684855e-06,-2.8709395110125994e-06,64
public_task_span,9,22,-6.881948138474895e-06,-0.006761689291466813,0.006761689291466813,0.5,1.6406189388346807e-05,-3.017008566529661e-05,64
public_task_span,16,9,-3.2763709896261676e-06,-0.006743626943297694,0.006743626943297694,0.5,7.300453944466463e-06,-1.3853195923718809e-05,64
final_prompt,18,27,-2.1302289212586497e-06,-0.006725153457700585,0.006725153457700585,0.5,9.254564238858128e-05,-9.680610023109858e-05,64
response_first,33,0,5.215387659511332e-07,0.006720449756871704,0.006720449756871704,0.5,-2.9054967285438338e-05,3.0098044817340603e-05,64
response_first,20,8,-1.0821506035707529e-07,-0.006710441205314249,0.006710441205314249,0.53125,-3.2420354070250568e-06,3.025605286310906e-06,64
public_task_span,10,30,-1.2317872517512645e-06,-0.006701868195942708,0.006701868195942708,0.515625,3.007317161516929e-06,-5.470891665019456e-06,64
final_prompt,1,15,1.0760832083225584e-06,0.006701697295944261,0.006701697295944261,0.484375,-4.5554264943335396e-05,4.770643135998052e-05,64
post_selector,3,28,5.599428331493506e-05,0.00669835868373624,0.00669835868373624,0.4375,0.0005450242257438779,-0.0004330356591140077,64
response_first,22,14,2.733336941671303e-06,0.006687599517767718,0.006687599517767718,0.5,-3.411821353437684e-05,3.9584887417719454e-05,64
final_prompt,3,10,7.581201134598901e-05,0.0066866506253558675,0.0066866506253558675,0.5,0.0007241072016768155,-0.0005724831789848373,64
response_mean,16,16,-3.2310376809602503e-06,-0.0066674033073485205,0.0066674033073485205,0.484375,0.00014409891036847898,-0.00015056098573039948,64
final_prompt,9,13,-1.4014546536621068e-06,-0.006656936438506615,0.006656936438506615,0.5,-5.564092123222766e-05,5.283801192490343e-05,64
response_first,28,5,5.137268772162792e-06,0.0066546716112946235,0.0066546716112946235,0.484375,-7.832152959963014e-05,8.859606714395574e-05,64
response_first,3,0,-1.9974821043434353e-05,-0.006653617312430739,0.006653617312430739,0.484375,0.00045085348392602835,-0.0004908031260128971,64
response_first,18,1,-2.5531375058476404e-07,-0.006651394020029432,0.006651394020029432,0.484375,2.2335948983708227e-05,-2.2846576484877756e-05,64
response_mean,17,18,-1.254183359830909e-06,-0.006650024575491705,0.006650024575491705,0.484375,5.210950132549388e-05,-5.461786804515569e-05,64
response_first,9,27,-3.371812454133313e-06,-0.006649968588548674,0.006649968588548674,0.5,6.772747747163266e-05,-7.447110237989929e-05,64
final_prompt,12,6,6.068567586229691e-07,0.006629750596699727,0.006629750596699727,0.5,-6.387225084839257e-06,7.600938602085195e-06,64
public_task_span,10,11,7.78943103794597e-07,0.006621909492108659,0.006621909492108659,0.5,-7.6230926424627274e-06,9.180978850051919e-06,64
response_first,35,27,4.236102313384769e-07,0.0066191149900672,0.0066191149900672,0.5,6.647358077344298e-07,1.8248465494252318e-07,64
response_first,12,13,-1.806733234843293e-05,-0.006612419709379877,0.006612419709379877,0.5,-0.0001688954224619154,0.00013276075776504962,64
response_first,11,7,5.545168733105482e-07,0.006611353168426398,0.006611353168426398,0.5,-1.2297749663017137e-06,2.3388087129228117e-06,64
public_task_span,28,16,-2.2902329419529e-06,-0.00660933239059489,0.00660933239059489,0.46875,-0.00021181173883629294,0.00020723127295238714,64
public_task_span,4,20,-5.979381603538113e-05,-0.006606834742944146,0.006606834742944146,0.5,0.0003896474045177561,-0.0005092350365885184,64
public_task_span,13,0,-9.076011792787645e-06,-0.00660656449258214,0.00660656449258214,0.515625,0.00012642144429265113,-0.0001445734678782265,64
public_task_span,10,31,1.0633654255796839e-05,0.00658641647030829,0.00658641647030829,0.5,-5.608922947440578e-06,2.687623145903437e-05,64
response_first,4,0,7.936212205095347e-05,0.006586386514481287,0.006586386514481287,0.5,-0.0015405185695271874,0.001699242813629094,64
public_task_span,7,29,-2.367260663055736e-07,-0.006586256754070585,0.006586256754070585,0.484375,6.304824438525649e-06,-6.7782765711367965e-06,64
response_first,20,2,-8.998956104721705e-07,-0.006585298080054542,0.006585298080054542,0.5,-1.2730073052580974e-05,1.0930281831636633e-05,64
response_first,19,4,3.172482138325689e-06,0.006576389587175453,0.006576389587175453,0.5,-0.0002176517191400951,0.00022399668341674647,64
response_first,23,0,3.5202636183906913e-07,0.006564850775587637,0.006564850775587637,0.5,-6.761595017219685e-06,7.465647740897824e-06,64
final_prompt,16,5,8.959381503359509e-08,0.006562513895261096,0.006562513895261096,0.5,-1.8986801819664834e-07,3.6905564826383836e-07,64
post_selector,27,28,2.7652980634210904e-05,0.006545740584898282,0.006545740584898282,0.640625,-0.00033875163171616135,0.000394057592984583,64
response_first,32,16,9.663845048587774e-07,0.006521267906458454,0.006521267906458454,0.5,-8.683828355060446e-06,1.0616597364778003e-05,64
response_first,2,25,-1.1187998097746284e-05,-0.006492138623778826,0.006492138623778826,0.5,4.622037886291943e-05,-6.859637505841205e-05,64
response_first,9,23,1.6291441909291858e-05,0.006485159673942942,0.006485159673942942,0.5,-0.00019159330861384208,0.00022417619243242582,64
public_task_span,34,26,-4.357950160722704e-07,-0.006481920276685138,0.006481920276685138,0.5,2.7093884682472353e-06,-3.5809785003917765e-06,64
final_prompt,16,11,9.775079945484343e-08,0.006479584926559982,0.006479584926559982,0.484375,-3.4673240350002743e-06,3.662825633909961e-06,64
public_task_span,28,18,3.193294617178657e-06,0.006457673447707651,0.006457673447707651,0.5,-1.0851081583494414e-05,1.7237670817851724e-05,64
post_selector,35,21,-9.170014891420259e-06,-0.006452124050446065,0.006452124050446065,0.46875,-0.0004487345431698293,0.0004303945133869888,64
response_first,1,4,-1.9744234691643214e-07,-0.006450932885419848,0.006450932885419848,0.46875,3.331286251295751e-06,-3.726170945128615e-06,64
final_prompt,3,29,2.7916432145502768e-05,0.006450276457236016,0.006450276457236016,0.5,0.0002908847918661233,-0.00023505192757511777,64
response_first,17,12,9.897051995686453e-07,0.006442822260531409,0.006442822260531409,0.5,-3.766475049360946e-05,3.964416089274675e-05,64
public_task_span,8,23,5.836965101474797e-06,0.006430498657728772,0.006430498657728772,0.5,-0.00026326641636842705,0.00027494034657137657,64
public_task_span,23,11,4.512788109421338e-06,0.006427485132303906,0.006427485132303906,0.515625,0.0003377920008915466,-0.00032876642467270393,64
final_prompt,18,19,-4.409390072624662e-06,-0.006422371718197946,0.006422371718197946,0.5,-0.00010578688863915824,9.696810849390888e-05,64
response_mean,35,29,2.84364841718132e-06,0.006422370642353767,0.006422370642353767,0.484375,-6.207189471751863e-05,6.775919155188126e-05,64
response_first,18,9,6.800459075836506e-07,0.006418035326331508,0.006418035326331508,0.515625,-3.851590011549147e-05,3.9875991930658766e-05,64
public_task_span,24,7,-2.0348083040744298e-07,-0.006413644405382765,0.006413644405382765,0.5,-4.290888313107644e-06,3.883926652292757e-06,64
final_prompt,31,2,8.487832019456243e-06,0.006402971104234818,0.006402971104234818,0.5,8.789356070337503e-05,-7.091789666446249e-05,64
final_prompt,19,11,5.479450351223195e-07,0.006401772325590588,0.006401772325590588,0.5,-6.140498044262865e-06,7.236388114507503e-06,64
response_first,30,19,-6.252899993318362e-07,-0.006393823870096646,0.006393823870096646,0.5,-1.2292112728575354e-05,1.1041532729911682e-05,64
response_first,15,28,-6.318374801139726e-08,-0.006384502095521048,0.006384502095521048,0.484375,2.3326566918058234e-06,-2.459024187828618e-06,64
response_first,2,9,-2.0945746655346895e-05,-0.006364612386073197,0.006364612386073197,0.5,-0.0007071850013744469,0.0006652935080637531,64
response_mean,4,29,-5.837677008459003e-06,-0.00636398850905629,0.00636398850905629,0.5,-0.0002708783281377664,0.0002592029741208484,64
response_first,14,9,4.329247303757471e-06,0.006362693707119754,0.006362693707119754,0.5,-1.4266554671853141e-05,2.2925049279368063e-05,64
final_prompt,12,9,8.42747283514997e-07,0.006357850044197213,0.006357850044197213,0.5,-3.031227191740529e-05,3.199776648443528e-05,64
response_mean,27,22,4.206380026516858e-07,0.00634023033538679,0.00634023033538679,0.5,-8.58791793234559e-06,9.429193937648961e-06,64
public_task_span,8,14,-1.4942240795787783e-06,-0.00633658684417993,0.00633658684417993,0.5,2.5468716103188155e-05,-2.845716426234571e-05,64
response_mean,10,5,5.72334784010299e-06,0.006326970499346116,0.006326970499346116,0.5,-7.92010741861248e-05,9.064776986633078e-05,64
final_prompt,18,20,1.5885491109213912e-06,0.006319888408746888,0.006319888408746888,0.5,6.233574936231233e-05,-5.915865114046954e-05,64
final_prompt,7,10,1.3163196399545996e-07,0.00631258750053866,0.00631258750053866,0.5,-2.5603270614737994e-07,5.192966341382999e-07,64
final_prompt,14,13,8.412434340253054e-07,0.006311166551265113,0.006311166551265113,0.5,-1.221754928337619e-05,1.3900036151426808e-05,64
final_prompt,4,21,4.5361062802840675e-05,0.006308560799945401,0.006308560799945401,0.5,-0.000989598433079653,0.0010803205586853344,64
response_first,25,12,-2.8303963617304362e-08,-0.006304714611417569,0.006304714611417569,0.5,7.451595820384682e-07,-8.017675092730769e-07,64
public_task_span,26,27,3.3762325983864434e-06,0.006301441670382841,0.006301441670382841,0.5,-0.0002285683344780318,0.00023532079967480466,64
response_mean,11,31,-7.81087851465155e-06,-0.006297531173026779,0.006297531173026779,0.5,-0.00012197265823489377,0.00010635090120559062,64
response_first,18,25,-9.165636624125545e-07,-0.006293481206464934,0.006293481206464934,0.5,-2.5827644778430004e-05,2.3994517453604895e-05,64
final_prompt,9,11,-3.4891595390718066e-08,-0.006287963543571979,0.006287963543571979,0.484375,-2.6522595533151616e-06,2.5824763625337255e-06,64
public_task_span,18,12,3.9293929603435344e-06,0.006271497167532612,0.006271497167532612,0.5,-5.5193142088677885e-05,6.305192800936495e-05,64
final_prompt,10,8,-1.1546779177251665e-07,-0.006269125258526344,0.006269125258526344,0.5,-8.206862688098226e-06,7.975927104553193e-06,64
final_prompt,32,12,2.7363198569256363e-06,0.006266243240710384,0.006266243240710384,0.546875,-1.3967178347222296e-05,1.9439818061073548e-05,64
response_mean,30,22,5.35693402523871e-07,0.006260880146129738,0.006260880146129738,0.5,-1.613781876130606e-05,1.7209205566353803e-05,64
final_prompt,23,20,2.473956612898028e-07,0.006260606180980368,0.006260606180980368,0.484375,1.5257900543016978e-05,-1.4763109220437372e-05,64
final_prompt,33,28,6.363413376673793e-06,0.0062561807600014395,0.0062561807600014395,0.5,-0.00030431944014708127,0.0003170462669004288,64
response_mean,10,26,1.9232209069732018e-06,0.006252591470029413,0.006252591470029413,0.5,4.768566941491487e-05,-4.3839227600968466e-05,64
post_selector,8,7,2.005734677367675e-05,0.006244901528082415,0.006244901528082415,0.546875,-0.00042831011523958415,0.0004684248087869378,64
public_task_span,9,14,-1.2480093573689801e-05,-0.006231141217590324,0.006231141217590324,0.5,-0.0006665387700195483,0.0006415785828721687,64
response_mean,35,31,2.5898352760108164e-06,0.006227065763042396,0.006227065763042396,0.515625,-9.853426945482521e-05,0.00010371394000684684,64
final_prompt,9,27,5.300385055288779e-07,0.006220617847104896,0.006220617847104896,0.5,4.520636593948562e-06,-3.460559582890806e-06,64
final_prompt,9,25,6.491375188472508e-07,0.006219385396064623,0.006219385396064623,0.484375,-4.964130539521976e-06,6.262405577216477e-06,64
response_first,3,12,4.611528640907235e-05,0.006215537170519585,0.006215537170519585,0.5,-0.0001544035006872879,0.0002466340735054327,64
response_first,17,7,-7.833288861996793e-07,-0.006211939553618452,0.006211939553618452,0.5,-3.329132022144324e-05,3.172466244904388e-05,64
response_mean,2,25,-6.256377673706683e-06,-0.006211270488817386,0.006211270488817386,0.5,2.513754770915958e-05,-3.765030305657292e-05,64
response_mean,6,17,-3.8089601730420693e-06,-0.006207296653632569,0.006207296653632569,0.484375,4.38210254287717e-05,-5.1438945774855836e-05,64
response_mean,7,3,-2.5516616005915633e-05,-0.006205326894763414,0.006205326894763414,0.5,0.001056906017765872,-0.0011079392497777034,64
response_mean,16,6,1.432758608646037e-06,0.006202945583800947,0.006202945583800947,0.484375,1.5624816796849735e-05,-1.2759299579557658e-05,64
public_task_span,35,6,3.821475729639055e-06,0.006199853572656845,0.006199853572656845,0.5,4.682940925704063e-05,-3.918645779776249e-05,64
response_first,26,8,-3.80730362792292e-08,-0.006189494981425588,0.006189494981425588,0.5,8.99841296586601e-07,-9.759873691450593e-07,64
final_prompt,27,4,-5.488372607939639e-06,-0.006185500019510298,0.006185500019510298,0.484375,-0.00044837196401201315,0.0004373952187961339,64
public_task_span,9,6,-1.2511432601058914e-07,-0.006182493981943515,0.006182493981943515,0.5,-8.434384426436736e-07,5.932097906224957e-07,64
final_prompt,15,8,7.943102673387457e-07,0.0061812515173017175,0.0061812515173017175,0.5,-6.045086024643642e-06,7.633706559321135e-06,64
response_first,6,12,-1.810792855394685e-05,-0.006171454690654081,0.006171454690654081,0.5,-0.0009742415932123406,0.0009380257361044469,64
response_first,28,26,2.0344975837360814e-07,0.006170201210957771,0.006170201210957771,0.484375,-2.2743755607734784e-06,2.681275077520695e-06,64
public_task_span,25,8,-6.0845669622700785e-06,-0.0061488546889681955,0.0061488546889681955,0.5,-0.00020487269944168349,0.0001927035655171433,64
public_task_span,26,22,1.1764206959656231e-06,0.0061468444837818334,0.0061468444837818334,0.484375,-1.172192048671069e-05,1.4074761878641946e-05,64
response_mean,11,3,5.933334705329925e-06,0.0061408089019089175,0.0061408089019089175,0.5,-0.00026994304516846573,0.0002818097145791256,64
response_mean,9,20,1.580157368153074e-05,0.0061367384691065775,0.0061367384691065775,0.5,0.0013937045332568037,-0.001362101385893742,64
final_prompt,13,28,2.277334658627938e-07,0.006123525691715752,0.006123525691715752,0.5,-1.0920313513906709e-05,1.1375780445632296e-05,64
final_prompt,13,2,-1.553231840035468e-06,-0.0061180687873318125,0.0061180687873318125,0.5,-1.27036277604092e-05,9.59716408033827e-06,64
public_task_span,17,20,1.7045431377442316e-06,0.006118027191024055,0.006118027191024055,0.5,9.840493294176338e-05,-9.49958466662749e-05,64
public_task_span,33,25,1.2891248388722184e-06,0.0061141037169492206,0.0061141037169492206,0.515625,2.1811715669169595e-05,-1.923346599142516e-05,64
response_first,22,15,-1.149631316364571e-06,-0.006107881958757589,0.006107881958757589,0.5,2.295125591444145e-05,-2.525051854717059e-05,64
final_prompt,16,6,2.2571161650828352e-07,0.006104299192406904,0.006104299192406904,0.515625,-6.675756196723281e-07,1.1189988526888951e-06,64
final_prompt,21,21,-4.297089049038189e-07,-0.0060987263033601465,0.0060987263033601465,0.484375,-1.5686101306750964e-05,1.4826683496943327e-05,64
final_prompt,17,2,3.2222819754693757e-06,0.006075738223855653,0.006075738223855653,0.5,-8.246619290730904e-05,8.891075685824776e-05,64
public_task_span,6,15,-1.366056494589386e-05,-0.006073419634718774,0.006073419634718774,0.5,-5.013012196284421e-05,2.2808992071056574e-05,64
public_task_span,25,19,-1.819578869799443e-07,-0.006060789056434839,0.006060789056434839,0.484375,1.3471023407873872e-07,-4.986260080386273e-07,64
response_mean,12,24,7.6127776082995365e-06,0.006056452344890318,0.006056452344890318,0.5,5.298298310661946e-05,-3.775742789002042e-05,64
response_mean,7,14,1.469296506684259e-07,0.006055496603642614,0.006055496603642614,0.5,1.3754452652392501e-06,-1.0815859639023975e-06,64
response_first,20,26,7.009323326200029e-06,0.006055272544813532,0.006055272544813532,0.5,-2.6731206162365627e-05,4.074985281476564e-05,64
response_first,1,0,-1.4430606825051534e-05,-0.0060509221665433245,0.0060509221665433245,0.5,7.217293750726563e-05,-0.0001010341511573687,64
public_task_span,26,5,2.4278601813455373e-06,0.006045939660498518,0.006045939660498518,0.5,-0.000175245195350711,0.0001801009157134021,64
response_first,15,30,8.957147734633963e-08,0.006021143426862186,0.006021143426862186,0.484375,4.763975347543692e-07,-2.972545800616899e-07,64
public_task_span,29,31,6.51828372613657e-07,0.006013241228999309,0.006013241228999309,0.484375,5.54499365535147e-06,-4.241336910124159e-06,64
final_prompt,6,7,1.0175757324758992e-05,0.006012691901870826,0.006012691901870826,0.5,-6.202830991242162e-05,8.237982456193959e-05,64
response_first,16,0,6.70590488028292e-07,0.006011913672729948,0.006011913672729948,0.5,3.058009233569598e-05,-2.9238911359639394e-05,64
public_task_span,0,31,2.9062313842589043e-05,0.006003692115750654,0.006003692115750654,0.5,0.0009385907906107624,-0.0008804661629255844,64
public_task_span,28,30,-3.7946197153374923e-06,-0.006002978842001434,0.006002978842001434,0.5,4.829968202102811e-05,-5.588892145170311e-05,64
public_task_span,9,29,-2.8114027514872144e-06,-0.005994129434422037,0.005994129434422037,0.484375,2.3336316388641047e-05,-2.8959121891615486e-05,64
final_prompt,7,24,2.0723956595247717e-07,0.005991540750128983,0.005991540750128983,0.5,8.103262416625512e-07,-3.958471097575965e-07,64
response_mean,8,3,-1.5901571259736227e-06,-0.005988310858490378,0.005988310858490378,0.5,-7.675428332730386e-05,7.35739690753566e-05,64
response_first,2,3,-4.796274879481367e-05,-0.005979588172106095,0.005979588172106095,0.5,-0.001612341948202809,0.0015164164506131822,64
post_selector,4,11,-7.630042182428022e-05,-0.00596770827366286,0.00596770827366286,0.5625,0.0006075454584788501,-0.00076014630212741,64
response_mean,11,4,6.211900199564588e-06,0.0059599677021718095,0.0059599677021718095,0.5,0.0005287285384838408,-0.0005163047380847116,64
final_prompt,1,28,-1.3978694219925084e-05,-0.005958972878985909,0.005958972878985909,0.5,-0.00034735918216453036,0.00031940179372468014,64
final_prompt,2,19,6.287455653363892e-05,0.005957100769942471,0.005957100769942471,0.5,0.0007472763300029343,-0.0006215272169356565,64
public_task_span,7,8,-1.7539613281783876e-06,-0.0059566663591604195,0.0059566663591604195,0.5,-1.0424977745055122e-05,6.9170550886983515e-06,64
response_first,27,6,1.0203466160874086e-07,0.00595318918779536,0.00595318918779536,0.5,2.1612322598230094e-08,1.8245700061925163e-07,64
public_task_span,13,8,-7.729567187192416e-06,-0.005952554941273197,0.005952554941273197,0.484375,0.0009088177121156744,-0.0009242768464900592,64
final_prompt,16,30,1.4855720564851204e-06,0.0059510724580934095,0.0059510724580934095,0.5,1.4524589914798392e-05,-1.1553445801828149e-05,64
final_prompt,1,0,-1.374755811411676e-05,-0.005949267456131243,0.005949267456131243,0.5,-0.00022982213340583057,0.000202327017177597,64
response_first,6,17,6.472943596235898e-06,0.00594346453070304,0.00594346453070304,0.515625,3.282946408944139e-05,-1.9883576896969634e-05,64
response_mean,28,31,1.8016375236129534e-07,0.005940957035995744,0.005940957035995744,0.484375,7.462535819513505e-06,-7.102208314790914e-06,64
public_task_span,23,16,-1.0086215525033623e-06,-0.0059361030387446,0.0059361030387446,0.5,4.115212436771672e-05,-4.3169367472723454e-05,64
response_first,11,26,1.1554911623101522e-06,0.005934977683838842,0.005934977683838842,0.5,-1.9556557106164305e-05,2.1867539430784613e-05,64
final_prompt,18,17,-8.629607490809914e-07,-0.005927134805782813,0.005927134805782813,0.515625,-4.1384377841062836e-05,3.965845634290085e-05,64
final_prompt,31,28,-2.7979345759378076e-05,-0.005925593728753513,0.005925593728753513,0.5,-0.001233988361491356,0.0011780296699726001,64
response_mean,11,19,-1.0826579739413777e-06,-0.005924922009657828,0.005924922009657828,0.5,4.604723267220157e-05,-4.821254862008431e-05,64
final_prompt,6,18,5.0251761649613215e-06,0.005920741487386061,0.005920741487386061,0.5,2.0927939033296665e-05,-1.0877586703373978e-05,64
final_prompt,22,18,4.4254286990736877e-07,0.005918432513386818,0.005918432513386818,0.515625,-4.559857018192309e-06,5.444942758007048e-06,64
final_prompt,12,29,6.293168155487801e-07,0.005915044054127024,0.005915044054127024,0.5,9.999725705251341e-06,-8.741092074153782e-06,64
response_first,7,11,4.774159805251501e-07,0.005908710223147888,0.005908710223147888,0.5,-9.446326458826237e-06,1.0401158419876536e-05,64
response_first,22,23,-1.9598024891820387e-07,-0.005899267974648647,0.005899267974648647,0.5,-1.0320380361861226e-05,9.928419864024818e-06,64
public_task_span,32,20,-2.5433661221617475e-07,-0.005895073053137539,0.005895073053137539,0.5,1.440983396600984e-06,-1.9496566210333335e-06,64
response_mean,35,12,3.954018211509466e-06,0.005893753966217722,0.005893753966217722,0.484375,-0.0003117450069112163,0.0003196530433342352,64
response_mean,35,8,5.443213012769751e-06,0.005890668389170378,0.005890668389170378,0.5,-0.00017071494039554966,0.00018160136642108912,64
response_mean,25,16,-5.339051512009984e-08,-0.005886916062924565,0.005886916062924565,0.515625,1.8444837479592024e-06,-1.951264778199402e-06,64
final_prompt,1,10,-4.948366040485636e-06,-0.005873038300564626,0.005873038300564626,0.515625,-0.00023061999308991948,0.00022072326100894824,64
final_prompt,8,24,3.0397033697228263e-05,0.005862052549342658,0.005862052549342658,0.5,-0.0007073795204632844,0.0007681735878577406,64
response_first,32,23,-7.616148423039714e-08,-0.005860559402974918,0.005860559402974918,0.515625,-3.629698426266259e-07,2.1064687416583183e-07,64
public_task_span,20,4,-2.600067318780479e-06,-0.005848470667034244,0.005848470667034244,0.5,-5.4551045195691326e-05,4.935091055813036e-05,64
response_mean,11,13,-3.521490725690393e-06,-0.005825830561328009,0.005825830561328009,0.5,3.338959959364283e-05,-4.043258104502358e-05,64
response_mean,27,27,9.902209967565213e-07,0.005811836972069937,0.005811836972069937,0.5,-9.201384386867047e-05,9.399428586218353e-05,64
response_first,9,17,7.554994681409791e-06,0.005797325695422979,0.005797325695422979,0.484375,0.0004218062422296423,-0.00040669625286682276,64
final_prompt,1,12,7.580982241923856e-07,0.005795735553842202,0.005795735553842202,0.5,-1.564112176311137e-05,1.715731821149614e-05,64
final_prompt,16,16,6.357433335303113e-07,0.005794238987374681,0.005794238987374681,0.5,3.328820992008781e-05,-3.201672325302719e-05,64
final_prompt,18,26,6.479605872296943e-06,0.005794066345371698,0.005794066345371698,0.5,-0.00015368774984381414,0.0001666469615884081,64
final_prompt,14,18,1.758694224918736e-06,0.0057890428516401285,0.0057890428516401285,0.515625,1.2579323538384647e-05,-9.061935088547179e-06,64
public_task_span,24,9,-4.5949045102282393e-07,-0.005788034436530947,0.005788034436530947,0.53125,-1.6595092063195025e-05,1.5676111161149378e-05,64
final_prompt,10,12,-1.7856036720312175e-06,-0.00578724327511061,0.00578724327511061,0.5,-5.91872485529057e-05,5.5616041208843254e-05,64
public_task_span,13,14,1.2419554593647354e-06,0.005775459331705971,0.005775459331705971,0.5,-2.1955158274525304e-05,2.4439069193254775e-05,64
response_first,35,7,1.3951047606042303e-07,0.005756098528590254,0.005756098528590254,0.5,-3.1306769443517624e-06,3.4096978964726077e-06,64
public_task_span,8,30,-2.518979442813431e-07,-0.005755066091840001,0.005755066091840001,0.5,4.418152911969119e-06,-4.921948800531805e-06,64
response_first,13,24,7.70610540711409e-07,0.005746941578791241,0.005746941578791241,0.5,-2.617489121802936e-05,2.771611229945217e-05,64
final_prompt,33,30,6.732836936862305e-06,0.005744964202587902,0.005744964202587902,0.515625,-0.0003835498782791448,0.00039701555215286945,64
public_task_span,34,9,9.173090802509394e-06,0.005743480063283248,0.005743480063283248,0.5,-0.00026163965230806556,0.0002799858339130844,64
final_prompt,10,18,4.181532915486975e-07,0.005737074498349163,0.005737074498349163,0.484375,-3.1562807691893965e-05,3.239911427499135e-05,64
response_mean,3,22,-1.2659571893889059e-05,-0.0057313426986028105,0.0057313426986028105,0.5,-0.0002762082303888719,0.0002508890866010937,64
final_prompt,17,31,8.763447523207888e-09,0.005729291189080351,0.005729291189080351,0.5,-9.691937075118062e-08,1.1444626579759642e-07,64
final_prompt,6,1,-5.77427204006394e-06,-0.005728811612943185,0.005728811612943185,0.5,-0.00015337594504671607,0.0001418274009665882,64
response_mean,23,27,1.1786031706151334e-07,0.005721775157912198,0.005721775157912198,0.515625,-1.9981782770628342e-06,2.233898911185861e-06,64
public_task_span,24,21,2.179991042789065e-06,0.0057212453806957985,0.0057212453806957985,0.5,-5.057180396761249e-05,5.493178605319063e-05,64
public_task_span,14,24,-1.2121946610981347e-06,-0.005715414217103909,0.005715414217103909,0.5,4.2461537304898564e-05,-4.4885926627094826e-05,64
response_mean,8,12,5.939303946452031e-07,0.0057109286782084925,0.0057109286782084925,0.5,2.215713698205614e-05,-2.0969276192765732e-05,64
response_mean,33,2,3.421424992216844e-07,0.005707046505599706,0.005707046505599706,0.5,-1.906863974454374e-05,1.9752924742987104e-05,64
public_task_span,1,21,1.4691902833875029e-05,0.005706001537508592,0.005706001537508592,0.5,0.00010794146874104686,-7.855766307329689e-05,64
response_first,35,18,4.14010355597683e-06,0.005705758267475743,0.005705758267475743,0.515625,-1.6228917047565003e-05,2.4509124159518704e-05,64
public_task_span,24,22,9.882742801887738e-07,0.005702048862517451,0.005702048862517451,0.5,-1.8928010717903486e-05,2.090455927828103e-05,64
response_first,33,27,4.4566985479939914e-07,0.005699386842919745,0.005699386842919745,0.5,2.37820164556873e-05,-2.28906767460885e-05,64
final_prompt,25,14,2.3917750695549724e-06,0.005691480335526784,0.005691480335526784,0.5,-0.0001173959653897214,0.0001221795155288313,64
response_mean,15,25,-1.1799562344099482e-05,-0.005691427172775296,0.005691427172775296,0.5,9.98205505311404e-05,-0.0001234196752193393,64
response_first,18,13,-3.9042142816484235e-06,-0.005690565491309288,0.005690565491309288,0.5,0.00028808553088307013,-0.00029589395944636695,64
response_first,9,18,4.405494053118206e-06,0.005685183415682944,0.005685183415682944,0.5,-0.00024569760489610967,0.00025450859300234614,64
public_task_span,15,30,-2.4502226097014636e-06,-0.005675344716985813,0.005675344716985813,0.5,-6.182044990054632e-05,5.692000468114338e-05,64
final_prompt,20,30,2.5814310902180647e-06,0.0056707218533456945,0.0056707218533456945,0.5,-7.143638254091814e-05,7.659924472135424e-05,64
public_task_span,10,8,-5.084191343503634e-07,-0.00566519963092799,0.00566519963092799,0.5,-2.2547434355144408e-05,2.1530596086443676e-05,64
final_prompt,6,16,1.4287459634942473e-05,0.005664753120774202,0.005664753120774202,0.5,-0.00024191827833418885,0.00027049319760407385,64
public_task_span,13,9,7.161162102426678e-06,0.005661336522197683,0.005661336522197683,0.5,-0.0005349227667465786,0.000549245090951432,64
response_mean,8,10,2.290958178718938e-08,0.005660748047932988,0.005660748047932988,0.484375,-8.364425951867815e-07,8.822617587611603e-07,64
public_task_span,11,13,-2.0034549379501836e-06,-0.005635794038465296,0.005635794038465296,0.484375,0.00015300977975128504,-0.00015701668962718538,64
response_mean,29,14,3.814810924035444e-06,0.0056351100897109,0.0056351100897109,0.515625,-0.00028501432649362363,0.00029264394834169454,64
public_task_span,34,22,2.661718383480689e-07,0.005633622450960794,0.005633622450960794,0.5,-1.227792296277668e-06,1.7601359729738058e-06,64
final_prompt,35,14,7.614098649385686e-07,0.005631534589274978,0.005631534589274978,0.5,-4.50149523203322e-05,4.653777205020934e-05,64
response_mean,15,15,-1.7611740297257216e-06,-0.0056176538202475455,0.0056176538202475455,0.515625,-4.2494729335745243e-07,-3.0974007660939857e-06,64
public_task_span,10,4,-5.5916293604218925e-06,-0.005615060957183514,0.005615060957183514,0.5,-5.496084486367189e-05,4.377758614282814e-05,64
public_task_span,30,26,-2.67324094238517e-06,-0.005609388207951479,0.005609388207951479,0.5,0.00010928530491582384,-0.00011463178680059418,64
final_prompt,1,27,3.6688761611003076e-05,0.005605118070619358,0.005605118070619358,0.5,0.0005661336617777063,-0.0004927561385557001,64
response_mean,16,10,-2.258179279124306e-07,-0.005603600069547785,0.005603600069547785,0.515625,2.531190233412417e-06,-2.982826089237278e-06,64
final_prompt,12,27,9.91634578891795e-07,0.005589512543968402,0.005589512543968402,0.5,-3.929725335183246e-05,4.1280522509616044e-05,64
response_first,31,9,1.2964851521230194e-06,0.005588437153819204,0.005588437153819204,0.515625,-0.00012794787016898897,0.00013054084047323502,64
public_task_span,26,19,1.7120113966500352e-06,0.005579495291186568,0.005579495291186568,0.515625,-5.0547290243224924e-05,5.3971313036525e-05,64
final_prompt,5,11,8.61750158946998e-05,0.0055753636545761995,0.0055753636545761995,0.453125,0.001769603753928087,-0.0015972537221386875,64
public_task_span,17,11,2.4913879315135946e-05,0.005570298138356267,0.005570298138356267,0.5,-4.243136572767189e-05,9.225912435794384e-05,64
final_prompt,10,15,2.915154482255454e-07,0.0055636526900570945,0.0055636526900570945,0.53125,-1.864771593318084e-05,1.923074682963193e-05,64
response_first,10,29,-4.558332420852044e-06,-0.005558257063355964,0.005558257063355964,0.5,6.706708745696383e-05,-7.618375229866793e-05,64
response_first,15,23,-3.184573849068778e-08,-0.005552348498431791,0.005552348498431791,0.5,-1.1058464366442422e-06,1.0421549596628665e-06,64
final_prompt,10,20,-1.1681404430444956e-06,-0.005540233403652995,0.005540233403652995,0.5,-7.270724108820325e-05,7.037096020211426e-05,64
response_first,3,15,4.402011313687999e-06,0.005535396452747137,0.005535396452747137,0.5,-0.00015983235084602595,0.00016863637347340195,64
response_mean,1,3,-1.0323435162715584e-05,-0.00552992931866764,0.00552992931866764,0.484375,-0.0003535203231877001,0.00033287345286226876,64
response_mean,4,3,4.715012983070156e-05,0.005528146657640203,0.005528146657640203,0.5,0.0005012729234295001,-0.00040697266376809747,64
response_first,11,14,-7.694115765842907e-06,-0.005519134352181862,0.005519134352181862,0.5,-0.00017907306164487835,0.0001636848301131925,64
public_task_span,27,17,2.9678657256248148e-06,0.00551164546060331,0.00551164546060331,0.5,0.00015805028192516317,-0.0001521145504739135,64
final_prompt,10,9,3.126924639218671e-07,0.0055078525756497255,0.0055078525756497255,0.5,-2.0072277095547256e-05,2.069766202339099e-05,64
public_task_span,16,11,-1.779581566552224e-07,-0.005487910125521434,0.005487910125521434,0.5,-5.505065132638267e-07,1.945901999533821e-07,64
final_prompt,10,24,-5.013805264288814e-07,-0.0054868540345088595,0.0054868540345088595,0.484375,7.118382029602292e-06,-8.121143082460052e-06,64
final_prompt,3,8,-4.214230375509389e-05,-0.00548657382690953,0.00548657382690953,0.5,0.0002515956584829939,-0.0003358802659931813,64
response_first,25,14,1.2059404070917298e-06,0.0054856669343458665,0.0054856669343458665,0.5,-4.440933753356955e-05,4.682121834775302e-05,64
final_prompt,13,20,-3.648479740547822e-08,-0.005485618750666488,0.005485618750666488,0.5,4.783165472588281e-07,-5.512861420697845e-07,64
public_task_span,3,17,4.2115080304940444e-05,0.005478543298334499,0.005478543298334499,0.5,0.0006710766160722501,-0.0005868464554623692,64
response_mean,30,15,-1.2623378609077918e-07,-0.005478207512039337,0.005478207512039337,0.5,3.5443258639134e-07,-6.069001585728984e-07,64
response_mean,1,9,1.058377529261894e-05,0.005475477313348018,0.005475477313348018,0.5,-0.00047726405318825917,0.000498431603773497,64
response_mean,15,22,3.451173000715649e-07,0.0054710830473916105,0.0054710830473916105,0.5,-7.129094854008964e-06,7.819329454152094e-06,64
final_prompt,14,1,-1.053182785426543e-07,-0.005462029304785973,0.005462029304785973,0.5,-2.0479850633137175e-06,1.837348506228409e-06,64
response_first,17,29,1.7721155209926565e-08,0.0054595172374591276,0.0054595172374591276,0.5,1.0447522935663756e-06,-1.0093099831465224e-06,64
final_prompt,1,11,-1.6932877770156202e-05,-0.005457985956673206,0.005457985956673206,0.5,-6.575983570654697e-05,3.189408016623441e-05,64
final_prompt,6,26,5.603113436337506e-06,0.0054529611373436,0.0054529611373436,0.484375,9.317149601883716e-05,-8.19652691461622e-05,64
final_prompt,32,2,-6.496542027893753e-06,-0.0054497642538359255,0.0054497642538359255,0.5,-0.000477030773254225,0.0004640376891984375,64
final_prompt,12,11,9.025758913579218e-07,0.005437619147049977,0.005437619147049977,0.5,1.0575347118897471e-05,-8.770195336181623e-06,64
response_mean,10,18,5.2215577852622835e-06,0.005428966657145544,0.005428966657145544,0.5,0.0003830626192211597,-0.000372619503650635,64
response_mean,10,4,8.418343668379771e-06,0.005419625435987601,0.005419625435987601,0.5,0.00018681744813874794,-0.00016998076080198838,64
post_selector,5,19,-3.974903347625947e-05,-0.005419361717570809,0.005419361717570809,0.5,0.0006022339548508093,-0.000681732021803328,64
final_prompt,15,16,7.715821226383923e-08,0.0054096224678935705,0.0054096224678935705,0.515625,2.7464818685984937e-06,-2.5921654440708153e-06,64
response_mean,32,30,-1.5244943369918283e-06,-0.0054073863324586744,0.0054073863324586744,0.5,3.9652366012878133e-05,-4.270135468686179e-05,64
response_first,27,26,-2.2697327040031506e-06,-0.005403141743702883,0.005403141743702883,0.484375,-6.381386265274391e-05,5.927439724473762e-05,64
final_prompt,8,11,4.934974242590417e-07,0.005401638669644586,0.005401638669644586,0.5,3.1381574671939907e-07,6.731791017986869e-07,64
final_prompt,14,9,-5.6808268311670016e-08,-0.005400910038481472,0.005400910038481472,0.5,-3.5932369613078663e-07,2.457071595074468e-07,64
response_mean,30,0,3.4939710076237283e-06,0.005397552116515375,0.005397552116515375,0.5,-5.4511342568747e-06,1.2439076272122177e-05,64
response_first,21,14,5.887638110389011e-07,0.005396398237228001,0.005396398237228001,0.515625,-7.956649710646821e-06,9.134177332724623e-06,64
public_task_span,1,4,-2.5461554287156225e-06,-0.0053936185498763755,0.0053936185498763755,0.5,4.1093964682659365e-05,-4.618627554009063e-05,64
response_first,19,11,-3.2035072194897993e-07,-0.005392421250549076,0.005392421250549076,0.5,-2.0471194375235743e-06,1.4064179936256144e-06,64
response_first,32,30,1.543449570817709e-06,0.005387221286847201,0.005387221286847201,0.5,7.143170205382214e-05,-6.834480291218671e-05,64
response_mean,14,2,-7.944633466642843e-07,-0.0053820176342976,0.0053820176342976,0.5,9.916110002444383e-06,-1.1505036695772952e-05,64
response_first,6,0,-1.0081178515978611e-05,-0.005378365902499247,0.005378365902499247,0.5,-0.00015847484792174928,0.000138312490889792,64
public_task_span,10,9,3.608810402506071e-06,0.005370145411644198,0.005370145411644198,0.5,7.033546353331627e-06,1.8407445168049466e-07,64
public_task_span,2,13,-1.1646381608437534e-05,-0.00535014266074941,0.00535014266074941,0.5,-0.0006701930979033813,0.0006469003346865063,64
response_first,26,12,5.768342816732136e-07,0.005342856812180784,0.005342856812180784,0.515625,-6.114776124376243e-05,6.230142980710886e-05,64
final_prompt,10,6,-1.112038034987882e-06,-0.0053398379565453916,0.0053398379565453916,0.5,5.968210143690815e-05,-6.190617750688392e-05,64
public_task_span,12,8,-1.1648248801065465e-06,-0.005339304858501907,0.005339304858501907,0.5,6.242294898582893e-05,-6.475259874604204e-05,64
public_task_span,10,6,8.335960046646077e-07,0.005332532550245622,0.005332532550245622,0.484375,4.7167625325507986e-05,-4.550043331617877e-05,64
response_first,26,6,1.40811846450256e-06,0.00532411754900602,0.00532411754900602,0.5,-7.101565415715477e-06,9.917802344720594e-06,64
response_first,2,4,-8.8379844243028e-06,-0.005323691925962211,0.005323691925962211,0.5,0.00015131955748870084,-0.00016899552633730647,64
final_prompt,8,29,-3.674367690119846e-07,-0.005319685301775122,0.005319685301775122,0.5,1.6326658624161163e-05,-1.7061532162185132e-05,64
response_first,17,28,-1.0866638033846243e-08,-0.0053142989517831534,0.0053142989517831534,0.5,-1.247411023364009e-07,1.0300782626870841e-07,64
public_task_span,15,4,1.4951365301376713e-06,0.005308777901366096,0.005308777901366096,0.5,-5.647980594857334e-05,5.9470079008848676e-05,64
response_first,5,14,2.2687818272968476e-05,0.0052979151606894394,0.0052979151606894394,0.5,-0.0014729291578987535,0.0015183047944446906,64
response_first,34,9,4.393505150782533e-07,0.005290643586201098,0.005290643586201098,0.5,-6.631098585787796e-06,7.5097996159443e-06,64
response_mean,10,22,1.867685114121821e-06,0.005289924941123052,0.005289924941123052,0.515625,-0.0001383560729664092,0.0001420914431946528,64
response_first,13,5,1.3652744996755446e-06,0.005287819601179278,0.005287819601179278,0.5,2.6003848120118807e-05,-2.3273299120767725e-05,64
response_mean,8,20,7.304430482679437e-07,0.005287470088165868,0.005287470088165868,0.5,-2.2957693317945228e-05,2.44185794144811e-05,64
public_task_span,34,12,-4.0833515413321564e-07,-0.005286881587406421,0.005286881587406421,0.5,-9.13652229395797e-08,-7.253050853268499e-07,64
post_selector,9,0,6.8536064645745065e-06,0.005285052102669889,0.005285052102669889,0.515625,5.728001633542587e-05,-4.3572803406276824e-05,64
final_prompt,20,6,7.797278840366366e-07,0.005283115042935081,0.005283115042935081,0.5,-9.01907512797874e-05,9.175020704786069e-05,64
response_mean,21,14,2.8499123345657347e-06,0.005281728084607524,0.005281728084607524,0.5,-3.143778076264662e-05,3.7137605431778056e-05,64
final_prompt,14,19,7.59532952083056e-07,0.0052735831287090565,0.0052735831287090565,0.515625,4.58757688192728e-06,-3.068510977761168e-06,64
response_mean,10,27,1.6291238011923413e-06,0.005261517232178389,0.005261517232178389,0.5,0.00011621008923155693,-0.00011295184162917228,64
public_task_span,18,23,1.0227008715453139e-05,0.005259992704016367,0.005259992704016367,0.5,0.00020400921675899688,-0.00018355519932809067,64
final_prompt,5,7,1.2077397286704389e-05,0.00525080464322556,0.00525080464322556,0.5,0.00018884347696257632,-0.00016468868238916746,64
final_prompt,10,2,-9.098977216145191e-07,-0.005247438494794851,0.005247438494794851,0.5,-9.613997917749517e-07,-8.583956514540915e-07,64
response_mean,8,7,-1.7121830751421906e-05,-0.005235366212041322,0.005235366212041322,0.5,0.0018656287575140344,-0.001899872419016878,64
public_task_span,14,29,-1.3651635981595873e-06,-0.0052349329275669515,0.0052349329275669515,0.5,3.752926431843579e-05,-4.0259591514754965e-05,64
response_first,8,31,-7.001571702854189e-06,-0.0052344947920364435,0.0052344947920364435,0.5,0.000557552398277027,-0.0005715555416827354,64
response_first,9,13,-1.7142054730355725e-05,-0.005219553595542294,0.005219553595542294,0.5,0.0009069432744581627,-0.0009412273839188741,64
final_prompt,3,9,1.8034557797368784e-05,0.005219269512414279,0.005219269512414279,0.5,-0.00020392031728987809,0.0002399894328846156,64
public_task_span,32,17,5.669538950316155e-06,0.00521741529280572,0.00521741529280572,0.5,-0.000503271436173216,0.0005146105140738484,64
response_mean,8,1,-3.897882834278616e-06,-0.005211723673685535,0.005211723673685535,0.5,0.00015276721114787538,-0.00016056297681643264,64
post_selector,33,3,5.514395979848576e-06,0.005209763606213569,0.005209763606213569,0.484375,-0.00018330124112251835,0.00019433003308221556,64
response_mean,11,11,-6.22573725195336e-06,-0.005196269809125219,0.005196269809125219,0.5,-6.54414034215719e-05,5.298992891766515e-05,64
response_mean,3,18,-2.8616508643609326e-05,-0.005195409973537235,0.005195409973537235,0.5,-0.0005565195024246313,0.0004992864851374126,64
response_mean,17,10,3.782493649849946e-06,0.005192155576332216,0.005192155576332216,0.5,-0.00018108960557583525,0.00018865459287553516,64
final_prompt,6,5,6.212741027409384e-06,0.005190843773619323,0.005190843773619323,0.5,5.706569936593894e-07,1.1854825061159379e-05,64
public_task_span,8,25,-2.4659120754211476e-06,-0.005184256301421909,0.005184256301421909,0.5,4.6039083827054345e-05,-5.0970907977896626e-05,64
response_mean,0,3,6.728149855914049e-06,0.005179177435737043,0.005179177435737043,0.5,0.0003449944924795875,-0.00033153819276775937,64
response_mean,5,30,-9.989285956632168e-06,-0.005178171299219545,0.005178171299219545,0.5,0.00012934630643713035,-0.00014932487835039472,64
final_prompt,27,23,7.544347226937626e-07,0.005175325392591513,0.005175325392591513,0.5,-1.2627377373057238e-05,1.4136246818444765e-05,64
response_first,30,0,-1.5896946479219996e-06,-0.005167603029948364,0.005167603029948364,0.5,-4.94731834805864e-05,4.629379418474241e-05,64
final_prompt,16,3,3.497741172220741e-07,0.00516491272931009,0.00516491272931009,0.5,-1.0592884603257388e-05,1.1292432837701532e-05,64
response_mean,14,18,2.950088855865554e-06,0.005158958704429634,0.005158958704429634,0.484375,-1.0430523616384613e-05,1.6330701328115734e-05,64
final_prompt,17,8,-7.509158876909438e-07,-0.005158062466770321,0.005158062466770321,0.5,-9.822600304685827e-06,8.320768529303932e-06,64
response_mean,8,13,4.353596523280503e-06,0.005157123025750209,0.005157123025750209,0.515625,-1.9361934391786133e-05,2.8069127438347193e-05,64
response_mean,28,7,1.246326883120272e-05,0.005155712711625138,0.005155712711625138,0.5,6.782646414648944e-05,-4.289992648408395e-05,64
response_mean,3,9,-3.079918678849366e-05,-0.005151935706188962,0.005151935706188962,0.5,-0.00019948155386372512,0.00013788318028673746,64
response_mean,3,1,-1.1496085789987174e-05,-0.005143737303517334,0.005143737303517334,0.5,0.0002866057038772762,-0.00030959787545725064,64
response_mean,13,11,-1.7723936025544335e-06,-0.005134491016851533,0.005134491016851533,0.5,-4.052488355909635e-05,3.698009635398749e-05,64
public_task_span,6,23,-6.603803285546903e-06,-0.005134328767207931,0.005134328767207931,0.5,2.0606042198756234e-05,-3.381364876984997e-05,64
response_mean,18,31,1.3719818070972328e-05,0.005131343900280009,0.005131343900280009,0.5,0.001112275546802241,-0.0010848359106602964,64
response_first,10,11,-1.0291355465603538e-06,-0.005130164448515042,0.005130164448515042,0.5,3.588724291603141e-05,-3.794551400915211e-05,64
response_first,2,5,-1.0283236179020713e-05,-0.005127509476477594,0.005127509476477594,0.5,7.186498442024808e-05,-9.243145677828964e-05,64
public_task_span,31,16,-6.651460182638402e-08,-0.0051223265379575205,0.0051223265379575205,0.484375,6.604416000755009e-07,-7.934708037282688e-07,64
response_mean,7,6,2.0296764091550152e-07,0.005120187563656576,0.005120187563656576,0.5,-9.580503274263284e-06,9.986438556094286e-06,64
public_task_span,10,22,1.4307406672742658e-06,0.005112661896450657,0.005112661896450657,0.5,-0.00010112784730153527,0.0001039893286360838,64
response_first,9,11,5.181923192761414e-07,0.005108872037752331,0.005108872037752331,0.5,-3.316087670412828e-05,3.419726134268057e-05,64
final_prompt,2,16,4.7560391976726344e-05,0.005098814655877872,0.005098814655877872,0.5,-0.00018979276865137157,0.00028491355260482434,64
response_first,4,4,8.23472728370703e-05,0.005097994189714114,0.005097994189714114,0.5,0.0012214781309012371,-0.0010567835852270968,64
final_prompt,16,24,3.395493422433253e-06,0.005093319438400003,0.005093319438400003,0.5,0.00015153045569603931,-0.00014473946885117277,64
public_task_span,25,0,3.8178277463892e-06,0.005082973014723093,0.005082973014723093,0.484375,-0.00043019081931557936,0.00043782647480835777,64
public_task_span,16,13,-2.0555262381119648e-06,-0.005081792622953883,0.005081792622953883,0.5,0.00016063275870690114,-0.00016474381118312508,64
response_first,12,16,-6.388096380754716e-07,-0.0050724207655425835,0.0050724207655425835,0.515625,-1.0907104069693351e-05,9.629484793542408e-06,64
public_task_span,22,31,-2.2965199605099845e-05,-0.005071148540359216,0.005071148540359216,0.5,-2.562015288276549e-05,-2.0310246327434308e-05,64
response_mean,7,17,-3.5711943269167113e-07,-0.005064558361733518,0.005064558361733518,0.515625,-4.7069656829942174e-06,3.992726817610873e-06,64
public_task_span,28,4,-8.953174983581292e-07,-0.005059561232746708,0.005059561232746708,0.5,-3.8401202800727695e-05,3.661056780401144e-05,64
response_mean,1,26,2.3636228434040186e-05,0.005058209466393438,0.005058209466393438,0.5,0.0008728319771762209,-0.0008255595203081406,64
public_task_span,31,18,-4.613506234783793e-07,-0.0050564895432866665,0.0050564895432866665,0.5,-4.464042604006189e-06,3.541341357049432e-06,64
public_task_span,23,23,-1.557194309494346e-06,-0.00504646208377522,0.00504646208377522,0.484375,5.999745053486184e-05,-6.311183915385055e-05,64
final_prompt,32,22,-6.105033207841963e-07,-0.005046102676990103,0.005046102676990103,0.484375,-2.1320578639452982e-05,2.009957199788459e-05,64
final_prompt,14,6,1.5840806000218625e-07,0.005045075224598143,0.005045075224598143,0.5,-4.493114857757493e-08,3.6174726858194743e-07,64
public_task_span,22,21,-7.092951932425639e-07,-0.005043777992427462,0.005043777992427462,0.5,-1.8338654740535375e-05,1.6920064354050254e-05,64
response_mean,32,29,2.658580342539076e-06,0.005039679268466044,0.005039679268466044,0.5,0.00010732431474025314,-0.00010200715405517499,64
response_first,15,10,9.207050855053467e-08,0.005039652028769402,0.005039652028769402,0.5,-1.4066979048266148e-06,1.5908389219276842e-06,64
response_first,16,18,-1.064900800430967e-06,-0.005034475356369214,0.005034475356369214,0.5,5.988422117297112e-05,-6.201402277383305e-05,64
response_mean,2,13,-1.8594182620295275e-05,-0.005033005043082878,0.005033005043082878,0.5,-0.0006429749046219345,0.0006057865393813437,64
public_task_span,17,2,1.1126000572406619e-05,0.0050285641728961775,0.0050285641728961775,0.5,0.0002726010575315714,-0.0002503490563867581,64
response_mean,20,0,3.9626817596152e-06,0.005023918157231874,0.005023918157231874,0.484375,0.00044985589221365786,-0.0004419305286944274,64
public_task_span,18,16,4.364060259831468e-06,0.00501754798886313,0.00501754798886313,0.5,0.00013436140739030156,-0.00012563328687063857,64
response_first,30,7,2.503425200472975e-08,0.005016519867158485,0.005016519867158485,0.484375,2.2790312570464266e-06,-2.228962753036967e-06,64
final_prompt,5,3,3.105110954493284e-05,0.005010714761578046,0.005010714761578046,0.5,0.0007042095326141818,-0.0006421073135243162,64
response_mean,32,21,4.9565315407562593e-08,0.005010697120981353,0.005010697120981353,0.53125,-1.6043568962231802e-06,1.7034875270383054e-06,64
response_first,2,10,-5.577987030847128e-05,-0.005009359307547901,0.005009359307547901,0.5,-0.0020494530108407846,0.0019378932702238424,64
public_task_span,26,8,3.2196248866966926e-07,0.0050078106834906735,0.0050078106834906735,0.5,3.5984565442959138e-06,-2.9545315669565753e-06,64
public_task_span,29,13,-6.246211654544365e-07,-0.005004003916691282,0.005004003916691282,0.5,9.505851778616657e-06,-1.0755094109525531e-05,64
response_first,2,18,2.1739175281253328e-05,0.005002998306510873,0.005002998306510873,0.5,0.00011620951408986487,-7.273116352735814e-05,64
final_prompt,9,22,-2.337070213798532e-06,-0.004992730944006146,0.004992730944006146,0.484375,-9.81642806436808e-05,9.349014021608375e-05,64
response_first,18,26,8.892025533627331e-07,0.004992286767696676,0.004992286767696676,0.5,-1.4181891401684927e-05,1.5960296508410398e-05,64
response_mean,32,18,-5.06136188955477e-07,-0.004988007417858075,0.004988007417858075,0.5,-2.1791124709112213e-05,2.077885233120126e-05,64
response_mean,27,20,1.2066348062924405e-06,0.004977132583952841,0.004977132583952841,0.5,-4.8895714371605204e-05,5.130898398419009e-05,64
response_first,28,28,1.3740545057316922e-07,0.004974749742979226,0.004974749742979226,0.5,-3.297448643024836e-07,6.045557654488221e-07,64
public_task_span,3,8,-5.9097365010525853e-05,-0.00497149507905124,0.00497149507905124,0.515625,0.000932528200792145,-0.001050722930813197,64
public_task_span,12,20,4.1281691665055905e-06,0.00496775098853889,0.00496775098853889,0.515625,-0.00028240403116794815,0.00029066036950095933,64
response_mean,9,1,1.465227001063065e-06,0.0049602476045204884,0.0049602476045204884,0.5,-1.1512192031653455e-05,1.4442646033779585e-05,64
response_first,34,8,5.615764280244609e-07,0.0049456991993724435,0.0049456991993724435,0.5,-1.0321556942464596e-05,1.1444709798513518e-05,64
final_prompt,8,25,3.7626088556165483e-07,0.004942333153412298,0.004942333153412298,0.5,-8.150075814208544e-07,1.567529352544164e-06,64
final_prompt,20,14,-6.179082809840016e-07,-0.004938508273721951,0.004938508273721951,0.5,-3.882645522778743e-05,3.7590638665819426e-05,64
public_task_span,22,10,-1.2221070164793196e-06,-0.0049166778211294235,0.0049166778211294235,0.46875,-1.5532696352240505e-05,1.3088482319281869e-05,64
response_first,2,24,2.0544761355266645e-05,0.004909670673962513,0.004909670673962513,0.484375,0.0005033622073824522,-0.00046227268467191905,64
public_task_span,6,13,-3.7851806155236953e-05,-0.004909634755037949,0.004909634755037949,0.5,0.0007224620940178151,-0.0007981657063282889,64
final_prompt,28,14,8.500549029120527e-07,0.004899241657311673,0.004899241657311673,0.46875,8.158466471284306e-05,-7.988455490701897e-05,64
response_first,1,28,-1.0059700571220481e-05,-0.004895909145445707,0.004895909145445707,0.5,-0.0009009938503367887,0.0008808744491943478,64
public_task_span,15,29,-8.190716926042175e-06,-0.004885906811541896,0.004885906811541896,0.5,-0.00043057638595201254,0.0004141949520999282,64
response_mean,2,19,2.8719125111823537e-05,0.004884354314228285,0.004884354314228285,0.5,0.0005115217136335656,-0.0004540834634099188,64
public_task_span,35,2,-1.1551633178917946e-06,-0.004882754619790164,0.004882754619790164,0.5,2.237478838652925e-06,-4.5478054744365075e-06,64
public_task_span,22,11,1.0985561857515599e-05,0.00487341491181423,0.00487341491181423,0.5,-0.0006644804448114813,0.0006864515685265125,64
response_mean,15,20,-1.2852487998358467e-06,-0.004872585181297206,0.004872585181297206,0.5,2.532436064938711e-05,-2.7894858249058815e-05,64
public_task_span,0,28,9.786261216502927e-06,0.004868789743730091,0.004868789743730091,0.5,0.0005378673195082093,-0.0005182947970752033,64
final_prompt,1,24,-7.260707207020276e-06,-0.0048686034518640574,0.0048686034518640574,0.5,7.220290717668438e-05,-8.672432159072499e-05,64
public_task_span,27,25,-3.221585302525866e-06,-0.004866420247461162,0.004866420247461162,0.5,-0.0001736984413582716,0.00016725527075321986,64
final_prompt,12,4,6.666092531288431e-07,0.004863174206338452,0.004863174206338452,0.515625,-3.3788601285770315e-05,3.5121819792028e-05,64
final_prompt,34,18,3.444186518191474e-07,0.0048627551124762304,0.0048627551124762304,0.484375,2.5355075649707066e-05,-2.466623834606877e-05,64
public_task_span,19,5,-6.5468848333649385e-06,-0.004860139307369972,0.004860139307369972,0.484375,0.00019075172167504507,-0.000203845491341775,64
public_task_span,16,2,1.2990555546778867e-06,0.00485077698079717,0.00485077698079717,0.5,3.740933880179847e-05,-3.4811227692442696e-05,64
final_prompt,13,21,8.664977291239495e-09,0.00484451893768751,0.00484451893768751,0.5,-6.327521251403567e-08,8.060516709651466e-08,64
response_first,14,2,2.9617449115344735e-07,0.004841046766622448,0.004841046766622448,0.5,6.367337192610561e-06,-5.774988210303668e-06,64
public_task_span,0,7,2.2909969629839088e-05,0.004836016633062712,0.004836016633062712,0.5,0.0004032221695524686,-0.00035740223029279063,64
final_prompt,4,28,2.441696182134794e-06,0.004827983089170745,0.004827983089170745,0.5,-0.00013486391372906793,0.00013974730609333754,64
response_mean,15,8,1.2124407476217232e-05,0.0048244943785753095,0.0048244943785753095,0.5,0.0002441749875288218,-0.0002199261725763875,64
response_mean,25,3,7.067783869274557e-08,0.004824478607945598,0.004824478607945598,0.5,6.088698256689897e-07,-4.675141482834988e-07,64
public_task_span,31,29,-5.664762284139577e-06,-0.004817337117070879,0.004817337117070879,0.484375,-0.0005604052494163421,0.000549075724848063,64
response_mean,12,30,2.8787438708361767e-06,0.004817075859595228,0.004817075859595228,0.5,5.0256704028583574e-05,-4.449921628691124e-05,64
response_mean,9,15,7.416137123078583e-06,0.004803064905076507,0.004803064905076507,0.484375,0.0005725406299461474,-0.0005577083556999904,64
public_task_span,30,23,7.568617547804627e-06,0.004802019202700468,0.004802019202700468,0.5,-0.0002519846948416599,0.00026712192993726916,64
public_task_span,32,18,2.4801965992097377e-06,0.004801744604399929,0.004801744604399929,0.5,-0.00022089378398956692,0.0002258541771879864,64
response_first,29,23,-1.9687089292119708e-08,-0.004800798515573345,0.004800798515573345,0.5,-1.6031125582571804e-06,1.563738379672941e-06,64
final_prompt,9,6,-6.193649682018076e-08,-0.004782628529359476,0.004782628529359476,0.484375,-2.4655018791008843e-06,2.3416288854605227e-06,64
final_prompt,12,23,-8.972255045595786e-07,-0.004780944273691761,0.004780944273691761,0.5,-4.979165464646646e-05,4.7997203637347295e-05,64
post_selector,3,10,3.1528346880800194e-05,0.004774345824943281,0.004774345824943281,0.546875,-0.001073703373549506,0.0011367600673111065,64
response_first,31,22,-4.9754461883821906e-08,-0.004772934996080209,0.004772934996080209,0.515625,-4.8588717902475764e-06,4.7593628664799326e-06,64
public_task_span,22,12,-1.775046712284188e-06,-0.004769483651459603,0.004769483651459603,0.46875,8.703176717971098e-05,-9.058186060427936e-05,64
response_first,15,22,-1.551084327644499e-08,-0.004766640945438231,0.004766640945438231,0.5,-2.8799010109992196e-07,2.5696841454703195e-07,64
response_mean,7,1,-1.2912876172769917e-06,-0.004762887603953783,0.004762887603953783,0.5,-1.9695608898467505e-05,1.7113033663913515e-05,64
response_mean,19,17,-3.8674297684394526e-06,-0.004761252647780641,0.004761252647780641,0.484375,-9.626529845263443e-05,8.85304389157555e-05,64
final_prompt,13,7,-2.551888371730274e-07,-0.0047580424520431,0.0047580424520431,0.515625,-1.064710318134677e-06,5.543326437886214e-07,64
final_prompt,7,2,-7.54544657866063e-08,-0.004751544843930435,0.004751544843930435,0.484375,-2.83395976907741e-06,2.683050837504197e-06,64
public_task_span,26,4,6.671273240457198e-07,0.00475110243968252,0.00475110243968252,0.5,-1.1549591818037779e-05,1.288384646612922e-05,64
response_first,2,14,-2.4218148610093582e-05,-0.004749407205694843,0.004749407205694843,0.5,0.000691465465934013,-0.0007399017631541999,64
public_task_span,17,3,-7.050236263231285e-06,-0.004744040821695894,0.004744040821695894,0.5,-0.00021099682589919124,0.00019689635337272868,64
final_prompt,8,23,-3.565905899433903e-07,-0.004741438069589631,0.004741438069589631,0.5,1.1755626474041924e-05,-1.2468807653928704e-05,64
response_mean,8,15,7.702365110124444e-07,0.0047392776481953724,0.0047392776481953724,0.5,7.671735147594852e-05,-7.517687845392362e-05,64
final_prompt,4,3,3.009311171805077e-06,0.004738997105315985,0.004738997105315985,0.5,1.4237264167603044e-05,-8.218641823992862e-06,64
response_first,1,23,-1.6009864339135897e-05,-0.004734272743245603,0.004734272743245603,0.5,0.0003747081209439906,-0.00040672784962226253,64
public_task_span,34,15,-1.1137117326146884e-05,-0.004719941923246609,0.004719941923246609,0.5,8.284477007690938e-05,-0.00010511900472920307,64
final_prompt,18,16,-1.390687707222314e-07,-0.004718712525334969,0.004718712525334969,0.5,1.806015809791937e-06,-2.0841533512364003e-06,64
response_first,8,29,1.3523913366958928e-05,0.004717404156302499,0.004717404156302499,0.484375,0.0011538160078998678,-0.0011267681811659496,64
response_first,4,5,1.690794579189888e-05,0.004713790150823855,0.004713790150823855,0.5,0.0002073746384212432,-0.00017355874683744555,64
final_prompt,34,12,1.815888481364817e-06,0.004705704092305115,0.004705704092305115,0.484375,5.950630657025979e-05,-5.587452960753014e-05,64
public_task_span,17,10,2.3681983293498497e-05,0.00470117828382476,0.00470117828382476,0.5,-0.0006775858855689876,0.0007249498521559844,64
final_prompt,15,25,1.3366589257657282e-07,0.004700328868791464,0.004700328868791464,0.5,-6.921635815615446e-06,7.188967600768592e-06,64
public_task_span,20,27,1.017129761748546e-05,0.004691757374004723,0.004691757374004723,0.5,-0.00020854940885328734,0.00022889200408825834,64
response_first,9,5,2.889154302462733e-06,0.004689213323978902,0.004689213323978902,0.5,2.001930943151526e-05,-1.4241000826589815e-05,64
response_mean,14,8,2.8672825465051387e-06,0.004677328582996936,0.004677328582996936,0.5,-2.8421608476482834e-05,3.4156173569493145e-05,64
final_prompt,1,9,-1.0748967724789082e-05,-0.004670583408366703,0.004670583408366703,0.5,-5.452191544462808e-05,3.302397999504998e-05,64
public_task_span,11,9,6.732497226380474e-09,0.004667297800791979,0.004667297800791979,0.53125,4.107031070788025e-08,-2.7605316255119312e-08,64
public_task_span,2,19,1.8652048311199032e-05,0.004663602132942262,0.004663602132942262,0.484375,-0.00023565349692944584,0.00027295759355184385,64
final_prompt,17,26,1.4581250979961645e-06,0.004661421417743985,0.004661421417743985,0.5,2.3076250499782227e-05,-2.01600003037899e-05,64
public_task_span,4,25,4.294051905162394e-05,0.004653466616056402,0.004653466616056402,0.515625,0.0010642508714226802,-0.0009783698333194323,64
final_prompt,16,23,-6.990600013520313e-06,-0.004623494977193801,0.004623494977193801,0.5,-0.00018327237739868127,0.00016929117737164067,64
public_task_span,34,30,-5.980929927316202e-06,-0.004621432403736194,0.004621432403736194,0.5,-0.0006449737711591106,0.0006330119113044782,64
response_first,8,21,1.1462105931059352e-07,0.004615947521815026,0.004615947521815026,0.5,-1.8332104900764534e-06,2.0624526086976402e-06,64
response_first,6,16,4.673957300837823e-05,0.004604151191344611,0.004604151191344611,0.5,0.0015102716715773533,-0.001416792525560597,64
final_prompt,2,6,-1.7729315004540755e-05,-0.004602629093809852,0.004602629093809852,0.5,-8.813607200861722e-05,5.267744199953582e-05,64
response_mean,7,4,-6.702803645453059e-09,-0.004597407343773673,0.004597407343773673,0.5,-1.9409965590355682e-07,1.806940486126507e-07,64
final_prompt,13,24,9.775441185459988e-07,0.004591499538507463,0.004591499538507463,0.5,1.3986764429325452e-05,-1.2031676192233453e-05,64
public_task_span,12,18,1.3531594959195683e-05,0.004583117896841244,0.004583117896841244,0.5,0.00023239339861901522,-0.0002053302087006241,64
final_prompt,35,23,-6.882739398864665e-06,-0.0045802081622852205,0.0045802081622852205,0.5,-0.0006773121058358719,0.0006635466270381426,64
public_task_span,5,28,8.992178209151786e-06,0.004576016794843501,0.004576016794843501,0.5,-0.0009773282208698053,0.0009953125772881087,64
response_mean,10,16,3.652661689557962e-06,0.004575468003767918,0.004575468003767918,0.5,-0.00027903232694369154,0.00028633765032280744,64
response_mean,13,12,7.250893330201791e-09,0.004574853435517442,0.004574853435517442,0.5,-3.436138888979201e-07,3.581156755583237e-07,64
public_task_span,1,12,1.630771294003442e-05,0.004562133442686521,0.004562133442686521,0.5,-0.0010553696483839344,0.0010879850742640032,64
response_mean,30,19,3.439326974295839e-07,0.004557531688838755,0.004557531688838755,0.5,-4.773057867170445e-06,5.4609232620296135e-06,64
final_prompt,19,5,1.6861899894147557e-06,0.0045511879792310235,0.0045511879792310235,0.5,-4.349136906966177e-05,4.686374904849127e-05,64
public_task_span,6,9,-3.8017001315876402e-06,-0.004548804269073929,0.004548804269073929,0.5,-0.0003212461278962855,0.0003136427276331102,64
response_mean,20,29,1.7049312646123392e-05,0.004542867812058054,0.004542867812058054,0.5,6.748821306247195e-05,-3.338958777022506e-05,64
final_prompt,16,19,7.408257829417625e-07,0.004540676622955738,0.004540676622955738,0.5,-5.5743386951679444e-05,5.7225038517562975e-05,64
final_prompt,12,17,5.10574693635856e-07,0.004521224331908832,0.004521224331908832,0.5,8.48831552956863e-06,-7.467166142296914e-06,64
final_prompt,17,10,-3.7013305700343965e-06,-0.004514862801316634,0.004514862801316634,0.5,-0.00029688892118427565,0.0002894862600442069,64
final_prompt,17,30,3.3699187440561165e-08,0.0045123730417200155,0.0045123730417200155,0.5,-2.738562123738575e-07,3.412545872549799e-07,64
response_first,12,30,1.0445809439652036e-08,0.0045113073384185805,0.0045113073384185805,0.515625,-6.86073109879004e-07,7.069647287583081e-07,64
public_task_span,13,18,-2.298562662874413e-06,-0.004511273075983511,0.004511273075983511,0.484375,-6.57273194519807e-05,6.113019412623186e-05,64
final_prompt,11,15,9.722565664562486e-06,0.0045091347456841955,0.0045091347456841955,0.5,0.0005462778990477187,-0.0005268327677185937,64
public_task_span,17,18,3.341941010140985e-06,0.004505478297575262,0.004505478297575262,0.5,0.00017874334434963274,-0.0001720594623293508,64
response_mean,35,17,-8.140459613068185e-07,-0.004503134824627993,0.004503134824627993,0.5,1.6832292430982405e-05,-1.8460384353596045e-05,64
response_first,19,16,-6.964994554444774e-07,-0.004502381521173526,0.004502381521173526,0.515625,-8.649636811241263e-06,7.2566379003523114e-06,64
response_first,32,31,2.2040130716031307e-06,0.004496789958861269,0.004496789958861269,0.5,7.053254557830624e-05,-6.61245194351e-05,64
response_mean,5,8,-9.734471859671865e-07,-0.004494916254228325,0.004494916254228325,0.5,-1.6573863831575e-05,1.4626969459640629e-05,64
response_first,5,15,-1.2584394426087277e-05,-0.004492784507986301,0.004492784507986301,0.5,-0.0007726378244114903,0.0007474690355593158,64
final_prompt,15,4,1.1857946446980371e-07,0.004491781304977464,0.004491781304977464,0.5,-6.432322834371007e-06,6.669481763310614e-06,64
public_task_span,30,19,1.2521784356072873e-06,0.0044900518443435665,0.0044900518443435665,0.5,-7.044185849735378e-05,7.294621536856836e-05,64
response_mean,10,21,1.4117031241763924e-06,0.004483639450601377,0.004483639450601377,0.5,8.343633180629012e-05,-8.061292555793733e-05,64
response_mean,17,22,2.1047239897546784e-06,0.004481772447068143,0.004481772447068143,0.5,-0.00014654768165199499,0.00015075712963150435,64
final_prompt,6,13,3.063068658093297e-05,0.004481388007977931,0.004481388007977931,0.5,0.0006095973178048663,-0.0005483359446430002,64
public_task_span,30,18,-2.0605361896715242e-06,-0.0044769478056830335,0.0044769478056830335,0.5,-0.000236779735587312,0.00023265866320796896,64
response_mean,6,19,-2.0887564460284644e-05,-0.004476741137993129,0.004476741137993129,0.515625,-0.000747062978916813,0.0007052878499962439,64
final_prompt,18,15,-2.5912308742990414e-07,-0.004472323555889969,0.004472323555889969,0.5,-1.1179570371661662e-05,1.0661324196801854e-05,64
final_prompt,17,11,2.6084235287272863e-06,0.004471425112997564,0.004471425112997564,0.5,-9.734074592414965e-05,0.00010255759298160424,64
response_first,28,6,5.364535127183371e-07,0.004469543879046227,0.004469543879046227,0.5,1.3629520935850183e-05,-1.255661391041351e-05,64
response_mean,31,17,-3.2274527939080144e-08,-0.0044672054763865935,0.0044672054763865935,0.484375,-1.7864856189930833e-06,1.721936563114923e-06,64
public_task_span,28,20,3.756267119544639e-07,0.004458619636392284,0.004458619636392284,0.5,-2.6292903953610223e-05,2.7044157377519152e-05,64
public_task_span,4,4,-7.128094875952381e-05,-0.00445271083397738,0.00445271083397738,0.5,0.0007126242235244842,-0.0008551861210435313,64
response_first,3,11,-9.055623377206908e-05,-0.00445245590526588,0.00445245590526588,0.5,-0.005735435144742935,0.0055543226771987975,64
final_prompt,2,5,-2.0676357507912993e-05,-0.004451166234189997,0.004451166234189997,0.5,9.088581282413137e-05,-0.00013223852783995723,64
final_prompt,29,22,-4.699797955286428e-07,-0.004447788847118935,0.004447788847118935,0.484375,-3.422627969483787e-05,3.328632010378058e-05,64
final_prompt,11,24,2.2806068500514254e-07,0.004441525873261072,0.004441525873261072,0.5,-6.519655585181342e-06,6.975776955191626e-06,64
public_task_span,28,12,-6.896335094103032e-07,-0.004440023909878148,0.004440023909878148,0.5,-9.810586482215112e-05,9.672659780333051e-05,64
public_task_span,19,19,3.3715305107748384e-06,0.004427733069347866,0.004427733069347866,0.5,8.560161404615313e-06,-1.8171003830656156e-06,64
public_task_span,1,9,2.0383184164531266e-05,0.004424458804619947,0.004424458804619947,0.5,0.0005027177685405938,-0.00046195140021153123,64
public_task_span,25,16,5.8828021565204835e-08,0.004419280594183697,0.004419280594183697,0.484375,-9.391595483521087e-07,1.0568155914825186e-06,64
response_mean,32,16,7.274071549536002e-07,0.004410888670576159,0.004410888670576159,0.5,-3.028579089913636e-05,3.1740605209043557e-05,64
response_mean,13,9,2.193132843324805e-06,0.004406517228833874,0.004406517228833874,0.5,4.600144484355572e-05,-4.1615179156906094e-05,64
response_mean,17,17,-1.5693110753998475e-05,-0.004405425037513345,0.004405425037513345,0.46875,-0.0014600880340367218,0.001428701812528725,64
public_task_span,34,14,2.0801921891671894e-06,0.004403551887771414,0.004403551887771414,0.5,1.9746840735018754e-05,-1.5586456356684365e-05,64
post_selector,5,10,-6.594209844479901e-05,-0.0044004655836353355,0.0044004655836353355,0.5,0.000870478786964656,-0.001002362983854253,64
response_mean,15,3,-8.13306814962109e-06,-0.004398486219065611,0.004398486219065611,0.484375,-6.981854312471534e-06,-9.284281986770605e-06,64
public_task_span,27,5,9.799229019315085e-07,0.004398148735709141,0.004398148735709141,0.5,-8.164489486260781e-05,8.36047406664708e-05,64
response_first,8,24,3.182104410371397e-05,0.004398064826533522,0.004398064826533522,0.5,-0.002278482352267003,0.0023421244404744314,64
final_prompt,6,19,3.05222101814731e-06,0.004397007759344971,0.004397007759344971,0.5,-2.226075139334289e-05,2.836519342963753e-05,64
final_prompt,1,4,-2.2090245010980942e-07,-0.0043958008620438435,0.0043958008620438435,0.484375,-2.599753088359651e-06,2.1579481881400328e-06,64
response_first,13,20,-9.129981748401406e-08,-0.004394654722227011,0.004394654722227011,0.484375,5.68202818840291e-06,-5.864627823370938e-06,64
final_prompt,29,4,5.267484084466017e-06,0.004394486011113464,0.004394486011113464,0.5,-0.0005684813004336185,0.0005790162686025507,64
public_task_span,30,14,1.1243753306189319e-07,0.004387880009146576,0.004387880009146576,0.5,2.4426178981684643e-06,-2.217742832044678e-06,64
public_task_span,25,23,-8.429703939271731e-07,-0.004387429634466964,0.004387429634466964,0.5,-4.392406526674925e-05,4.2238124478894895e-05,64
final_prompt,13,30,1.3688223532426512e-07,0.004383752429401247,0.004383752429401247,0.5,-3.733426865437652e-07,6.471071571922953e-07,64
public_task_span,7,1,1.6513656646548957e-06,0.004381896201894745,0.004381896201894745,0.5,-1.2877761946582216e-05,1.6180493275892014e-05,64
public_task_span,26,15,2.2298845578914135e-06,0.0043818948565628015,0.0043818948565628015,0.5,-5.809384992970817e-05,6.255361904549098e-05,64
response_first,22,31,3.6068313420390587e-06,0.004381739959037832,0.004381739959037832,0.5,-0.0002055599379673375,0.00021277360065141563,64
public_task_span,2,5,1.6397319996038536e-05,0.004381583111343802,0.004381583111343802,0.5,-0.0005305561098793908,0.0005633507498714679,64
response_mean,10,19,8.216684364068913e-07,0.004381384848658514,0.004381384848658514,0.5,-2.7619661068454983e-05,2.9262997941268764e-05,64
public_task_span,11,1,2.005760507011707e-06,0.004381078409947032,0.004381078409947032,0.5,0.00017339042187812986,-0.00016937890086410646,64
response_mean,7,30,2.981254993965546e-07,0.004380236127689796,0.004380236127689796,0.5,1.442259869576786e-05,-1.3826347696974754e-05,64
public_task_span,24,17,2.650567921590152e-06,0.004379601608635802,0.004379601608635802,0.5,9.63962129389854e-05,-9.109507709580508e-05,64
response_mean,9,21,1.379827494930635e-06,0.004357357344905625,0.004357357344905625,0.5,5.827871723340835e-05,-5.5519062243547076e-05,64
response_mean,35,5,8.195991085813137e-08,0.004351504014456842,0.004351504014456842,0.515625,-2.3026345843391027e-06,2.4665544060553657e-06,64
final_prompt,18,12,5.518181609442132e-07,0.004349494805018248,0.004349494805018248,0.5,-6.734223035207911e-06,7.837859357096337e-06,64
public_task_span,28,17,-5.134201046494152e-07,-0.004349202217366824,0.004349202217366824,0.5,-5.8317043340124584e-05,5.7290203130825754e-05,64
response_first,6,27,-1.049104685080197e-05,-0.004344632512994934,0.004344632512994934,0.5,-0.00015524464652116413,0.00013426255281956027,64
response_mean,11,7,8.126444413395715e-06,0.0043392734479869854,0.0043392734479869854,0.515625,0.0001120659494517993,-9.581306062500793e-05,64
response_first,8,20,5.068077371101761e-07,0.004333643841459305,0.004333643841459305,0.5,-4.724519385488321e-06,5.738134859708673e-06,64
public_task_span,28,26,-1.1501867902552508e-07,-0.004329667277543594,0.004329667277543594,0.515625,-6.608911917282967e-06,6.378874559231917e-06,64
final_prompt,14,24,5.209143409944585e-07,0.004329436072648547,0.004329436072648547,0.5,-1.4636923381771544e-05,1.5678752063760464e-05,64
public_task_span,23,17,-8.458379738885003e-07,-0.004328299876329026,0.004328299876329026,0.5,5.7842717751538684e-05,-5.953439369931568e-05,64
public_task_span,12,30,-1.8555029726025526e-06,-0.00432748400206324,0.00432748400206324,0.515625,-4.4850490723991924e-05,4.113948477878683e-05,64
final_prompt,3,26,-2.860803622441497e-06,-0.0043192584010203995,0.0043192584010203995,0.5,3.1880423335901286e-05,-3.760203058078427e-05,64
final_prompt,2,0,3.1040535759529705e-05,0.004313309148149043,0.004313309148149043,0.5,-0.0007162940783018657,0.000778375149820925,64
response_first,4,31,-1.7375598702103196e-06,-0.004310889490606526,0.004310889490606526,0.5,3.85964949032308e-05,-4.207161464365146e-05,64
response_mean,13,1,1.6941028206933885e-05,0.004304375744730596,0.004304375744730596,0.5,0.0011967330656261583,-0.0011628510092122906,64
response_first,6,8,-7.025001832516539e-05,-0.004302804075783183,0.004302804075783183,0.5,0.006743759367964226,-0.006884259404614557,64
public_task_span,3,20,-3.922442556358603e-05,-0.004300099339992223,0.004300099339992223,0.5,-0.00038782490810262483,0.00030937605697545315,64
final_prompt,0,8,8.985665772346483e-06,0.004297849860869163,0.004297849860869163,0.5,-0.0006057246646378156,0.0006236959961825086,64
public_task_span,33,4,-2.8347094485098763e-06,-0.004297790518602139,0.004297790518602139,0.5,-0.00026289217657902335,0.0002572227576820036,64
public_task_span,29,30,-1.480654532315384e-07,-0.004297223121092241,0.004297223121092241,0.5,6.090683655202154e-07,-9.051992719832924e-07,64
response_first,6,18,-2.2355567352857456e-05,-0.004295660344175565,0.004295660344175565,0.5,-1.977558713404671e-05,-2.4935547571668093e-05,64
response_first,35,29,3.442441084187511e-06,0.004293593999189315,0.004293593999189315,0.5,2.173117718485001e-05,-1.484629501647498e-05,64
response_first,8,15,8.043616617194317e-07,0.004288864823729525,0.004288864823729525,0.5,6.118078681537828e-05,-5.957206349193941e-05,64
public_task_span,24,0,-2.254801074739261e-07,-0.004288607723302219,0.004288607723302219,0.5,-1.816893302475196e-05,1.771797280980411e-05,64
final_prompt,6,20,5.362489901013901e-06,0.004284605534662901,0.004284605534662901,0.484375,5.503659167512597e-06,5.221320634515239e-06,64
response_first,20,11,-1.7500757509836262e-08,-0.00428344588002365,0.00428344588002365,0.5,-1.2160874305333635e-06,1.181085915513691e-06,64
public_task_span,34,25,1.5849280998720325e-07,0.004279918520792353,0.004279918520792353,0.5,-4.5939418669117304e-07,7.763798066655787e-07,64
final_prompt,15,23,2.1015153350854033e-07,0.004277297655591217,0.004277297655591217,0.5,-1.2622754113065513e-05,1.3043057180082594e-05,64
public_task_span,7,31,2.1383840475970157e-07,0.004276917772854268,0.004276917772854268,0.515625,5.731763849327973e-06,-5.30408703980857e-06,64
final_prompt,17,5,8.550660481892112e-07,0.004266945640647065,0.004266945640647065,0.5,2.645863401083909e-05,-2.4748501914460664e-05,64
final_prompt,6,30,1.461903775634848e-05,0.00426636181019829,0.00426636181019829,0.5,-0.0004983871222066156,0.0005276251977193126,64
response_first,15,20,7.773874699523731e-08,0.004258447803362916,0.004258447803362916,0.5,-3.882222671336422e-06,4.037700165326896e-06,64
response_mean,7,27,-7.796316481289978e-08,-0.004256248734931104,0.004256248734931104,0.5,4.053514373936196e-06,-4.209440703561995e-06,64
response_mean,15,11,-3.053872396207766e-05,-0.004255861019352331,0.004255861019352331,0.5,-0.0007529427293206793,0.0006918652813965239,64
final_prompt,12,12,1.6742853290450942e-06,0.004255201864530805,0.004255201864530805,0.484375,-1.8353669588575828e-05,2.170224024666601e-05,64
public_task_span,30,7,-1.7958359421811227e-06,-0.004247469759065117,0.004247469759065117,0.5,4.498145335674061e-05,-4.857312524110286e-05,64
final_prompt,21,12,-1.1900513072841799e-06,-0.004245862657595207,0.004245862657595207,0.515625,5.3031534207533035e-05,-5.5411636822101395e-05,64
response_mean,17,5,5.112123290014687e-06,0.004243317315038176,0.004243317315038176,0.5,5.281796074994975e-05,-4.2593714169920335e-05,64
public_task_span,0,13,2.9045404517085902e-05,0.004242612952219007,0.004242612952219007,0.5,0.00018579573952592188,-0.00012770493049174992,64
response_first,14,20,2.0848412418672545e-07,0.0042402250322387414,0.0042402250322387414,0.515625,6.080396531160659e-06,-5.6634282827872084e-06,64
final_prompt,15,27,-6.71822135700495e-08,-0.0042380167086390474,0.0042380167086390474,0.5,-4.20446624360693e-06,4.070101816466831e-06,64
public_task_span,30,28,-4.915187901151148e-07,-0.0042379412569020555,0.0042379412569020555,0.5,-7.1079093686429355e-06,6.124871788412708e-06,64
final_prompt,28,5,2.004204543482372e-05,0.004236522512496528,0.004236522512496528,0.484375,0.0008006770003703319,-0.0007605929095006844,64
response_mean,35,7,1.605443742391799e-07,0.00422645892648717,0.00422645892648717,0.5,-4.58196956287793e-06,4.90305831135629e-06,64
public_task_span,5,12,1.2491322195272686e-05,0.004226066114222589,0.004226066114222589,0.5,7.989317236933957e-05,-5.4910527978794014e-05,64
final_prompt,6,24,2.8550523325064506e-05,0.004223835557814541,0.004223835557814541,0.5,0.00034065520389959397,-0.0002835541572494649,64
response_mean,34,11,-8.96672815997588e-08,-0.004221116715606277,0.004221116715606277,0.5,-3.4510644013607816e-06,3.2717298381612636e-06,64
final_prompt,16,10,9.019097433327654e-07,0.004209014267905309,0.004209014267905309,0.5,-2.3627831069444222e-06,4.166602593609962e-06,64
response_mean,8,11,3.719063670340786e-07,0.004200135606170233,0.004200135606170233,0.5,4.073508421241723e-06,-3.3296956871735645e-06,64
response_mean,19,0,-1.050739535912654e-05,-0.004196074024963935,0.004196074024963935,0.515625,0.0001788850011052969,-0.00019989979182355008,64
response_mean,7,12,-2.0247316001587002e-07,-0.0041923410338574815,0.0041923410338574815,0.5,-3.783788542932598e-06,3.3788422229008575e-06,64
response_first,17,10,-1.97758095055719e-06,-0.00418965285235781,0.00418965285235781,0.5,-0.000160235815883424,0.00015628065398230962,64
public_task_span,35,25,6.048750947226271e-06,0.004185723727205952,0.004185723727205952,0.5,0.00040301464468938737,-0.0003909171427949348,64
response_first,35,31,4.396370968603844e-06,0.004180163905901486,0.004180163905901486,0.515625,-0.00025203751283697735,0.0002608302547741851,64
final_prompt,6,9,1.145362944045491e-06,0.004178889027625742,0.004178889027625742,0.5,-8.754305258661083e-05,8.983377847470181e-05,64
public_task_span,32,21,-1.2394302757417291e-06,-0.004178746813605848,0.004178746813605848,0.5,-0.0001396281732013196,0.0001371493126498361,64
final_prompt,27,2,7.282601188762783e-08,0.004178237696289262,0.004178237696289262,0.5,8.011218000092414e-07,-6.554697762339856e-07,64
final_prompt,8,5,-1.453228648517552e-07,-0.004176886094366857,0.004176886094366857,0.5,-6.1789386478468885e-06,5.888292918143378e-06,64
response_first,32,14,1.4104043657415508e-06,0.004161576651994329,0.004161576651994329,0.5,4.5982932078907886e-05,-4.316212334742478e-05,64
response_mean,29,23,-3.3501152074677415e-08,-0.004154433535938047,0.004154433535938047,0.484375,-4.938631050777076e-06,4.871628746627721e-06,64
response_first,14,27,3.633139584740275e-06,0.004149737277329836,0.004149737277329836,0.5,0.00011934416522763289,-0.00011207788605815234,64
public_task_span,20,25,-3.6436131267724624e-06,-0.00413737046733916,0.00413737046733916,0.5,3.4293325370524996e-05,-4.1580551624069914e-05,64
public_task_span,30,31,2.944698849209259e-07,0.004137368047471396,0.004137368047471396,0.5,-1.0410672075517416e-05,1.0999611845359268e-05,64
response_mean,32,14,6.995809371834722e-07,0.004136518841506527,0.004136518841506527,0.5,1.4026956989707415e-05,-1.2627795115340469e-05,64
public_task_span,28,15,9.992784271153393e-07,0.004134611071974213,0.004134611071974213,0.5,-5.817897999803576e-05,6.0177536852266435e-05,64
response_mean,10,8,8.253730072796833e-07,0.0041343971898416265,0.0041343971898416265,0.5,-2.00019576936901e-05,2.1652703708249467e-05,64
post_selector,27,10,-3.550707333486235e-06,-0.004118834712179337,0.004118834712179337,0.5,-0.000319667065014056,0.0003125656503470835,64
public_task_span,3,23,-4.247607466822674e-05,-0.004111940256345548,0.004111940256345548,0.5,0.0003662950439320493,-0.0004512471932685026,64
response_mean,17,3,-2.951529950224345e-06,-0.004111647739213466,0.004111647739213466,0.484375,0.00022372431021720543,-0.00022962737011765412,64
final_prompt,9,3,-5.6080843080508255e-08,-0.004104131335598169,0.004104131335598169,0.5,-3.146240047158244e-06,3.0340783609972277e-06,64
response_mean,8,26,-5.823620085718736e-06,-0.004097582914832086,0.004097582914832086,0.5,-0.00016493338262078746,0.00015328614244935,64
final_prompt,1,18,-9.904881608226023e-07,-0.004092994042864036,0.004092994042864036,0.5,-0.00012541678233899485,0.00012343580601734962,64
final_prompt,12,31,2.3679180571809825e-07,0.004089792501025169,0.004089792501025169,0.5,7.001623941956497e-06,-6.5280403305203006e-06,64
response_first,6,3,-6.8467220444312795e-06,-0.0040790901054001205,0.0040790901054001205,0.5,-0.00023574273609482815,0.00022204929200596562,64
final_prompt,20,11,5.270001901536148e-08,0.004075595889573484,0.004075595889573484,0.5,-3.0046444896569824e-06,3.1100445276877053e-06,64
response_first,10,21,-8.610427357758242e-07,-0.004069061618674528,0.004069061618674528,0.5,5.508319009093908e-05,-5.680527556249072e-05,64
final_prompt,9,23,-1.5339520942339786e-07,-0.004067430352860247,0.004067430352860247,0.515625,1.245819625240961e-06,-1.5526100440877566e-06,64
response_mean,11,1,-2.9816296773773044e-06,-0.0040648712210338755,0.0040648712210338755,0.5,0.00014509838183585002,-0.00015106164119060465,64
final_prompt,16,0,-1.4874026703599307e-06,-0.004060031490224078,0.004060031490224078,0.5,-2.1654545037108226e-05,1.867973969638835e-05,64
response_mean,11,29,-5.837459866591007e-07,-0.004041153108737687,0.004041153108737687,0.5,2.176595796754089e-05,-2.2933449940859096e-05,64
final_prompt,7,27,6.370164840063805e-08,0.00403876346043295,0.00403876346043295,0.5,2.706643726924085e-06,-2.579240430122809e-06,64
public_task_span,21,21,-1.2925072496684897e-06,-0.004038549775820062,0.004038549775820062,0.5,-4.459255774235686e-05,4.2007543243019876e-05,64
public_task_span,6,0,-7.164082489904543e-06,-0.004037186286095803,0.004037186286095803,0.5,-0.00023907507420516837,0.0002247469092253594,64
final_prompt,18,29,1.1402577001717575e-05,0.004037067161867626,0.004037067161867626,0.5,0.0012462866252462676,-0.0012234814712428323,64
public_task_span,2,0,-2.5717232347232896e-05,-0.004036500363142277,0.004036500363142277,0.5,-0.0015029263959149561,0.0014514919312204905,64
public_task_span,26,21,1.781825744734867e-07,0.004036169925102766,0.004036169925102766,0.515625,-6.76360508577856e-06,7.119970234725533e-06,64
final_prompt,31,21,-4.2755823414735647e-07,-0.004036064337961812,0.004036064337961812,0.5,1.4838746665188897e-05,-1.5693863133483615e-05,64
public_task_span,35,15,-1.0266245226373699e-05,-0.0040318320369370966,0.0040318320369370966,0.5,0.00020861458324361056,-0.0002291470736963579,64
response_mean,32,27,-1.100730742116258e-06,-0.004030711373628627,0.004030711373628627,0.5,3.212199226253539e-05,-3.432345374676792e-05,64
final_prompt,13,5,-2.361830695449478e-07,-0.004025362431783522,0.004025362431783522,0.5,1.0126574750301965e-05,-1.0598940889391861e-05,64
response_mean,35,11,-1.7706515791428594e-06,-0.00402323619763489,0.00402323619763489,0.5,-0.00021375207870731928,0.00021021077554903356,64
public_task_span,10,28,4.971657290312527e-07,0.004020102797702169,0.004020102797702169,0.5,1.1046983217962344e-05,-1.0052651759899842e-05,64
response_first,2,11,-8.174239383132796e-07,-0.004012711335308262,0.004012711335308262,0.5,-9.353443306279282e-05,9.189958518616628e-05,64
response_first,5,16,-4.277970106160943e-06,-0.004006382624912048,0.004006382624912048,0.5,6.29744638445019e-05,-7.153040405682378e-05,64
public_task_span,1,5,1.0484123777126566e-05,0.004004967980516646,0.004004967980516646,0.5,0.00015361764963017495,-0.00013264940207592188,64
public_task_span,6,14,-2.881598948079045e-05,-0.003996745904505212,0.003996745904505212,0.5,0.0002818387883962827,-0.00033947076735786364,64
public_task_span,25,26,-2.7046785362509426e-06,-0.003990771110608702,0.003990771110608702,0.515625,-0.0002817911490637891,0.0002763817919912872,64
response_first,2,19,1.808569140849235e-05,0.0039814863766745945,0.0039814863766745945,0.5,-9.296179632655322e-05,0.00012913317914353754,64
response_mean,34,14,-1.3253229553776524e-06,-0.0039789675771782634,0.0039789675771782634,0.5,8.591665027779168e-05,-8.856729618854698e-05,64
public_task_span,18,20,-1.4755614756722284e-05,-0.0039736890704455425,0.0039736890704455425,0.515625,0.0006772743709006837,-0.0007067856004141285,64
public_task_span,13,6,4.0214558794474605e-07,0.003968500456949061,0.003968500456949061,0.5,2.427443968144505e-05,-2.3470148505555554e-05,64
final_prompt,13,29,-3.57957205213553e-07,-0.003962248439125734,0.003962248439125734,0.5,-1.4465964284228658e-05,1.3750049873801551e-05,64
final_prompt,26,12,-5.778948661865872e-07,-0.003960380734136319,0.003960380734136319,0.515625,-6.758367658220215e-05,6.642788684982899e-05,64
public_task_span,11,31,1.507540218880918e-06,0.003955020143831189,0.003955020143831189,0.5,-1.099387009162205e-05,1.4008950529383877e-05,64
response_first,10,3,3.0789897209335587e-07,0.003953402537663945,0.003953402537663945,0.515625,2.6572868591742574e-05,-2.595707064755587e-05,64
public_task_span,20,23,-1.6582501416461525e-06,-0.003947908066186595,0.003947908066186595,0.5,-0.00013971816906632392,0.00013640166878303164,64
response_first,5,29,7.395544525934188e-05,0.003944872083575049,0.003944872083575049,0.5,-0.0061313776604947495,0.006279288551013434,64
response_mean,15,24,5.6489684041594046e-08,0.003941684060072983,0.003941684060072983,0.5,-3.460808427391271e-06,3.573787795474459e-06,64
response_first,13,14,2.2924048792457614e-07,0.003933158966906288,0.003933158966906288,0.5,-2.690009181804582e-05,2.7358572793894975e-05,64
response_mean,34,13,2.5259379299144513e-07,0.003931297339077135,0.003931297339077135,0.515625,6.368593403746777e-06,-5.8634058177638855e-06,64
response_mean,33,8,-4.206961534694591e-07,-0.003921557678724221,0.003921557678724221,0.484375,-6.0471205756569624e-05,5.96298134496307e-05,64
public_task_span,27,12,1.1397764865227922e-06,0.003920301861220958,0.003920301861220958,0.5,-2.6145225092479952e-05,2.842477806552555e-05,64
response_first,7,3,7.92979699326698e-06,0.0039173532397779485,0.0039173532397779485,0.5,0.00010154270421480313,-8.568311022826913e-05,64
response_first,30,5,3.36191305903948e-07,0.003907747980881849,0.003907747980881849,0.5,-1.5395891409754236e-05,1.6068274021562134e-05,64
response_first,18,6,4.131536635032523e-08,0.0039037038581342626,0.0039037038581342626,0.484375,2.0797729345378713e-06,-1.997142201837221e-06,64
post_selector,1,21,-5.542267172131552e-05,-0.0039021578893438545,0.0039021578893438545,0.5,-0.00012894786777906597,1.8102524336434606e-05,64
response_first,28,11,-2.1783574766265e-06,-0.0039013298798641553,0.0039013298798641553,0.515625,-0.000201064315888288,0.00019670760093503498,64
response_first,32,18,6.184067160583285e-07,0.0039007483402055607,0.0039007483402055607,0.515625,-2.2509523432743574e-05,2.3746336864860225e-05,64
final_prompt,10,14,-6.523232514163703e-07,-0.003894971928652612,0.003894971928652612,0.484375,-8.645170510133663e-05,8.514705859850389e-05,64
response_first,8,22,-2.6464413167531268e-06,-0.0038914350776999775,0.0038914350776999775,0.5,4.374677428131249e-05,-4.903965691481877e-05,64
response_first,18,24,4.6134355002891425e-08,0.0038883603313522607,0.0038883603313522607,0.5,-8.410121288271455e-07,9.332808388329283e-07,64
final_prompt,16,7,6.391894231684008e-07,0.0038867011813610002,0.0038867011813610002,0.5,-1.262948876501032e-05,1.3907867611347127e-05,64
response_mean,6,27,1.0918431144096627e-05,0.0038853685010475387,0.0038853685010475387,0.5,0.00022707638709107148,-0.00020523952480287823,64
response_mean,9,26,-5.278961339181701e-07,-0.003883332901500918,0.003883332901500918,0.5,-2.4380342210850542e-05,2.33245499430142e-05,64
public_task_span,22,13,-4.026027454521355e-06,-0.0038790427360725415,0.0038790427360725415,0.5,-4.69337319373095e-05,3.888167702826682e-05,64
response_mean,8,29,-1.3455682847048978e-05,-0.0038747383356548515,0.0038747383356548515,0.515625,0.0013511533111341112,-0.0013780646768282094,64
response_first,3,24,-5.190025717638209e-05,-0.0038741602816456254,0.0038741602816456254,0.5,0.0009467828558626912,-0.0010505833702154552,64
final_prompt,1,2,-5.773100610897232e-06,-0.0038709572260862296,0.0038709572260862296,0.5,-0.00014604521766159437,0.0001344990164398,64
response_first,35,5,-3.530166168271086e-07,-0.003869547483936935,0.003869547483936935,0.5,-8.154605893648677e-06,7.448572659994456e-06,64
public_task_span,6,29,-1.226840413437924e-05,-0.0038672163209071513,0.0038672163209071513,0.5,-2.3001435692996037e-05,-1.5353725757623609e-06,64
response_mean,1,27,1.501083897892364e-05,0.003863583656335201,0.003863583656335201,0.5,0.0008954246804932973,-0.00086540300253545,64
final_prompt,17,22,4.6177507329268256e-07,0.0038424851992010624,0.0038424851992010624,0.5,-5.013266331842523e-06,5.936816478427889e-06,64
final_prompt,10,23,2.6649458959617024e-06,0.0038418474950449367,0.0038418474950449367,0.5,-0.0002015429054153979,0.00020687279720732132,64
final_prompt,9,20,1.1058887139394797e-06,0.0038386571529056596,0.0038386571529056596,0.5,-8.923625500788706e-07,3.1041399779578335e-06,64
final_prompt,5,13,-2.0952357317583804e-05,-0.0038240678605261586,0.0038240678605261586,0.5,0.00024144856411112165,-0.00028335327874628964,64
response_first,27,2,-1.1865550320067086e-08,-0.003818557407013463,0.003818557407013463,0.5,2.7427693893855576e-07,-2.9800803957868993e-07,64
final_prompt,11,0,1.9676333522497048e-06,0.00381715723326148,0.00381715723326148,0.5,0.00020121377383474568,-0.00019727850713024628,64
final_prompt,3,7,-5.28430854984665e-05,-0.0038088357577519562,0.0038088357577519562,0.5,0.0005994663423791729,-0.0007051525133761056,64
public_task_span,28,14,-1.0169212600862847e-06,-0.0037864532760330865,0.0037864532760330865,0.484375,-0.00012288576135686152,0.00012085191883668894,64
public_task_span,31,26,7.449085615016882e-07,0.003785830812300649,0.003785830812300649,0.5,-5.958086126154847e-05,6.107067838455186e-05,64
final_prompt,6,22,7.370700586761434e-06,0.0037857942807580838,0.0037857942807580838,0.5,-5.188206705498753e-05,6.662346822851037e-05,64
response_first,22,13,2.0586134041926348e-07,0.0037850648484348106,0.0037850648484348106,0.5,-1.5638836089236915e-05,1.605055877007544e-05,64
final_prompt,7,20,1.8581218341852049e-07,0.0037768473082398554,0.0037768473082398554,0.5,-8.903000548341679e-06,9.27462491517872e-06,64
final_prompt,13,4,1.289416928781976e-07,0.0037722079515146857,0.0037722079515146857,0.515625,5.1793786610680814e-06,-4.921495275311686e-06,64
post_selector,0,27,-2.470635809004651e-05,-0.0037721369684018307,0.0037721369684018307,0.53125,-0.002386271255090824,0.002336858538910731,64
public_task_span,3,10,2.7339970984030732e-05,0.0037686327730849472,0.0037686327730849472,0.5,-0.0014574698107025857,0.0015121497526706471,64
response_first,9,3,4.375649353960398e-08,0.0037578398888258686,0.0037578398888258686,0.5,-1.5479290027542447e-06,1.6354419898334527e-06,64
response_first,8,2,-6.758707968400828e-06,-0.0037577840653712515,0.0037577840653712515,0.5,-2.651398972382745e-06,-1.086601696441883e-05,64
final_prompt,15,13,3.033130155951995e-07,0.0037568942282417677,0.0037568942282417677,0.5,7.83063046583113e-06,-7.224004434640728e-06,64
public_task_span,4,0,4.296120096114074e-05,0.003752198200492702,0.003752198200492702,0.5,0.000244548464252159,-0.00015862606232987817,64
response_first,3,14,-2.9013274797765423e-05,-0.0037443633495835935,0.0037443633495835935,0.5,-0.00012740718102576253,6.93806314302312e-05,64
response_mean,6,11,-2.8922659112149874e-05,-0.0037434544358878542,0.0037434544358878542,0.5,-0.0004941084480378814,0.0004362631298135813,64
response_mean,1,12,-8.429824447374963e-06,-0.0037417116670079406,0.0037417116670079406,0.5,-0.00042490170199014997,0.00040804205309539994,64
final_prompt,26,14,-3.6557567000198823e-06,-0.0037343842000885324,0.0037343842000885324,0.515625,-0.00042442397057127363,0.0004171124571712338,64
public_task_span,5,31,-3.1119136110649144e-05,-0.003734370491753373,0.003734370491753373,0.484375,0.00025067777096411214,-0.0003129160431854102,64
final_prompt,26,0,-4.771422027264496e-06,-0.0037294963655187282,0.0037294963655187282,0.484375,-0.00011225396156076863,0.00010271111750623967,64
final_prompt,5,15,-2.2839495613881074e-05,-0.0037293064571761714,0.0037293064571761714,0.5,7.02931447449584e-05,-0.00011597213597272068,64
final_prompt,7,15,-1.2192722920190135e-07,-0.0037233368249644074,0.0037233368249644074,0.5,-5.73950273974333e-06,5.495648281339527e-06,64
final_prompt,33,25,-1.3940589269641693e-06,-0.00372211288141351,0.00372211288141351,0.5,2.3502096382785416e-05,-2.6290214236713745e-05,64
response_first,7,15,3.770347589693288e-09,0.00371861834760914,0.00371861834760914,0.5,1.4906728473818018e-07,-1.415265895587936e-07,64
response_first,35,24,9.025463896246587e-07,0.0037137975043351405,0.0037137975043351405,0.5,1.4182326367506846e-05,-1.2377233588257529e-05,64
final_prompt,20,25,2.035909801637487e-06,0.0037065567931961188,0.0037065567931961188,0.5,-9.524873348703126e-06,1.3596692951978123e-05,64
public_task_span,9,17,1.4121421827437376e-06,0.0037060949396148374,0.0037060949396148374,0.515625,-0.0001537417047074848,0.0001565659890729723,64
response_first,30,3,-4.287740580362104e-07,-0.00369648512790299,0.00369648512790299,0.5,-4.769018596561235e-05,4.6832637849539925e-05,64
response_first,7,0,-3.5588709579385103e-06,-0.0036901470416119304,0.0036901470416119304,0.515625,-0.00014661042587250396,0.00013949268395662697,64
response_first,5,9,4.34928915637501e-06,0.0036856939654638377,0.0036856939654638377,0.5,-1.2485554179884362e-05,2.118413249263437e-05,64
public_task_span,9,2,-7.762801033090917e-07,-0.0036768737837379497,0.0036768737837379497,0.5,7.11460352249486e-05,-7.269859543156679e-05,64
final_prompt,7,21,-1.1845090739357711e-06,-0.003675896508396489,0.003675896508396489,0.5,1.7994625523019766e-06,-4.168480700173529e-06,64
response_first,34,19,6.232929536056556e-06,0.0036747607493232666,0.0036747607493232666,0.5,-0.0007598658185088353,0.0007723316775809486,64
final_prompt,29,21,2.248851274063142e-07,0.003674550671506385,0.003674550671506385,0.5,-5.384320616037675e-06,5.834090870850302e-06,64
final_prompt,31,25,-1.8559526893095079e-07,-0.0036723661305407868,0.0036723661305407868,0.5,-1.2251033240314145e-05,1.1879842702452244e-05,64
response_first,32,29,-1.16172998331917e-06,-0.003664528406885355,0.003664528406885355,0.5,9.514651947029205e-05,-9.746997943693036e-05,64
response_mean,12,1,1.6757680896293005e-06,0.0036585988698420017,0.0036585988698420017,0.5,0.0001113605203499782,-0.0001080089841707196,64
response_first,3,16,-3.5507066058931434e-05,-0.0036484442551507584,0.0036484442551507584,0.5,-0.0014933194470359032,0.0014223053149180404,64
public_task_span,28,29,-2.3782649805104036e-07,-0.003645767529145261,0.003645767529145261,0.484375,-3.092696942989667e-06,2.617043946887586e-06,64
response_mean,9,27,3.446388745939723e-06,0.003633532318116222,0.003633532318116222,0.515625,4.077042467542821e-05,-3.387764718354876e-05,64
response_mean,13,18,-1.8172818272457545e-06,-0.003632541828272533,0.003632541828272533,0.5,-5.3558066838388134e-05,4.992350318389662e-05,64
response_mean,30,18,3.5380478493617467e-06,0.003632034317019499,0.003632034317019499,0.515625,-6.169302696432978e-05,6.876912266305328e-05,64
response_mean,17,16,-5.731942053438956e-06,-0.003631690252234637,0.003631690252234637,0.484375,3.627338935530746e-05,-4.7737273462185405e-05,64
final_prompt,31,24,1.952925686054686e-06,0.0036272686154663137,0.0036272686154663137,0.5,-0.00010972459404001876,0.00011363044541212811,64
public_task_span,1,15,4.476881258595885e-06,0.003625042272380385,0.003625042272380385,0.5,-0.0006472569202742134,0.0006562106827914053,64
public_task_span,29,17,-4.78391257274953e-06,-0.003624650912964284,0.003624650912964284,0.5,0.0004332345733928241,-0.0004428023985383232,64
response_mean,13,22,3.1721322102398766e-07,0.003621776687421589,0.003621776687421589,0.5,-1.8654874224917367e-05,1.9289300666965342e-05,64
response_first,19,19,3.0061449507417625e-07,0.00361865772406088,0.00361865772406088,0.5,-6.262378775553835e-07,1.2274668677037352e-06,64
public_task_span,18,2,4.4927912767931097e-07,0.0036178622234174593,0.0036178622234174593,0.5,-1.9325679147646428e-05,2.0224237403005052e-05,64
final_prompt,11,13,3.726362365377916e-07,0.0036139362156629037,0.0036139362156629037,0.515625,4.620684535438433e-05,-4.546157288130875e-05,64
response_first,8,0,9.086254976867102e-06,0.0036100260274101017,0.0036100260274101017,0.5,-0.0004923416599922252,0.0005105141699459593,64
public_task_span,32,4,1.086426323131026e-06,0.0036096206786537595,0.0036096206786537595,0.5,2.8702479539797883e-05,-2.652962689353583e-05,64
response_mean,12,8,-1.0571534403426192e-06,-0.0036002723833984205,0.0036002723833984205,0.484375,1.778974024090986e-05,-1.9904047121595093e-05,64
response_mean,2,3,-2.3556171072407857e-05,-0.0035887451673989345,0.0035887451673989345,0.5,-0.0007063085795380031,0.0006591962373931875,64
final_prompt,24,22,2.9409175112984323e-06,0.003586387029681712,0.003586387029681712,0.5,-5.056069767305937e-05,5.6442532695656275e-05,64
public_task_span,0,8,1.1254924174863398e-05,0.0035843693719297813,0.0035843693719297813,0.515625,-0.00018538271251600046,0.00020789256086572734,64
final_prompt,7,13,3.778618520267649e-07,0.0035788218399849334,0.0035788218399849334,0.5,-1.5670950688211298e-05,1.6426674392264826e-05,64
response_mean,10,31,6.59571605865205e-06,0.0035781141138002764,0.0035781141138002764,0.5,0.00026886868454311866,-0.00025567725242581457,64
public_task_span,0,14,3.3041855203923666e-05,0.0035768954463337274,0.0035768954463337274,0.5,0.0018181580235250346,-0.0017520743131171877,64
final_prompt,18,2,-1.1258873655590912e-06,-0.0035745760461762584,0.0035745760461762584,0.5,-8.377154995286838e-05,8.15197752217502e-05,64
public_task_span,0,30,1.8884566088667144e-05,0.003574014555297643,0.003574014555297643,0.5,0.0006881813533254782,-0.0006504122211481437,64
public_task_span,27,24,-5.166906703384029e-06,-0.0035718023919542063,0.0035718023919542063,0.5,0.0001672785729169768,-0.00017761238632374492,64
final_prompt,13,26,9.007608241519316e-07,0.0035701239835137476,0.0035701239835137476,0.5,-4.968264897798216e-05,5.148417062628603e-05,64
response_mean,7,11,-5.70662564314658e-07,-0.0035524831868431316,0.0035524831868431316,0.484375,-2.8853481808249618e-05,2.77121566796203e-05,64
final_prompt,17,19,-5.886466567529678e-07,-0.003552303210007659,0.003552303210007659,0.484375,2.761907927606131e-05,-2.879637258956725e-05,64
public_task_span,27,26,-3.6726569305749895e-06,-0.0035519001099152967,0.0035519001099152967,0.5,1.010260348266249e-05,-1.7447917343812495e-05,64
public_task_span,15,19,1.0682854849587971e-06,0.0035504728332034267,0.0035504728332034267,0.515625,0.00014370267876981675,-0.00014156610779989914,64
response_first,16,25,2.3980951482371554e-06,0.0035499807150186544,0.0035499807150186544,0.5,0.0002527009210098021,-0.00024790473071332775,64
public_task_span,34,18,-1.324938807556464e-07,-0.003548397120275353,0.003548397120275353,0.5,9.992077934839472e-06,-1.0257065696350764e-05,64
response_mean,4,25,-2.334094824618996e-05,-0.0035433896449606644,0.0035433896449606644,0.5,0.0006171226377773523,-0.0006638045342697327,64
final_prompt,27,1,3.928124669982935e-08,0.003539402815361548,0.003539402815361548,0.5,-4.292416974749358e-06,4.370979468149017e-06,64
public_task_span,2,26,-4.228274519845333e-06,-0.003536804290697449,0.003536804290697449,0.5,-4.363536572781874e-05,3.517881668812814e-05,64
public_task_span,6,22,-1.762321426213129e-05,-0.003536422959543457,0.003536422959543457,0.5,0.00034537853389336867,-0.00038062496241763114,64
response_first,8,30,5.362779120331721e-06,0.0035348332139338323,0.0035348332139338323,0.5,0.00080009431258074,-0.0007893687543400767,64
post_selector,5,3,2.8452773221943604e-05,0.003530406975492533,0.003530406975492533,0.53125,0.0006867574174975716,-0.0006298518710536842,64
response_first,13,3,4.288635636841742e-06,0.0035284551859313344,0.0035284551859313344,0.5,0.0004378581693344792,-0.0004292808980607958,64
response_mean,28,30,1.567816241278797e-07,0.003521835077175867,0.003521835077175867,0.5,9.379947982793779e-07,-6.244315500236176e-07,64
public_task_span,34,19,1.0481201570653483e-05,0.0035204450008104963,0.0035204450008104963,0.5,-0.0008106373170448847,0.0008315997201861919,64
response_mean,1,31,6.868951686555031e-06,0.0035198795718245435,0.0035198795718245435,0.484375,-0.0004443054617695259,0.00045804336514263595,64
final_prompt,12,7,5.748726152905167e-07,0.003511753968206194,0.003511753968206194,0.5,4.20631818087755e-06,-3.05657295029652e-06,64
public_task_span,2,25,-3.0586170396485667e-06,-0.003508908234094938,0.003508908234094938,0.484375,-0.00014661169370810688,0.0001404944596288097,64
response_mean,3,12,3.792777988565182e-05,0.0035015630903218156,0.0035015630903218156,0.484375,-0.00016298311527406005,0.00023883867504536304,64
response_first,26,11,6.224129123211252e-08,0.003496646853480724,0.003496646853480724,0.5,2.7272178897419508e-06,-2.602735307277726e-06,64
response_first,29,4,1.4743827705398393e-06,0.003494482189488974,0.003494482189488974,0.5,-0.00028232923614265014,0.00028527800168372984,64
final_prompt,1,14,-4.6030845624026224e-06,-0.003492574881843895,0.003492574881843895,0.5,-0.00011073915811721597,0.00010153298899241074,64
response_first,1,19,-1.5688813164192262e-06,-0.003467593349532417,0.003467593349532417,0.5,-0.0002811905692396816,0.00027805280660684315,64
response_first,5,1,-3.486571313260681e-05,-0.003465067368398301,0.003465067368398301,0.5,0.0005690011848855661,-0.0006387326111507801,64
public_task_span,4,24,2.5478419956917442e-05,0.0034650026873076388,0.0034650026873076388,0.5,0.0006541043658216817,-0.0006031475259078471,64
response_mean,10,24,1.1220823807886265e-05,0.003463728124562835,0.003463728124562835,0.5,0.0003656936014522115,-0.00034325195383643896,64
post_selector,3,6,-2.939189562311791e-05,-0.003462688990045073,0.003462688990045073,0.484375,0.00043474674475874997,-0.0004935305360049858,64
response_first,18,11,3.1399654077067253e-07,0.003456748516749376,0.003456748516749376,0.5,4.008058729708992e-05,-3.945259421554858e-05,64
public_task_span,32,26,4.6039099288543086e-07,0.0034534865233172844,0.0034534865233172844,0.5,3.375086021151172e-05,-3.283007822574086e-05,64
response_mean,4,23,2.22699909500115e-05,0.003437801130644929,0.003437801130644929,0.5,0.0002448383752380459,-0.000200298393338023,64
final_prompt,6,31,1.6093888461917341e-06,0.0034260012736867474,0.0034260012736867474,0.5,3.2774347118902884e-05,-2.9555569426519423e-05,64
response_first,1,2,-8.90456612978748e-06,-0.0034250079526405475,0.0034250079526405475,0.5,-0.0002997489027620719,0.0002819397705024968,64
final_prompt,13,3,1.3733452988149552e-06,0.0034207353738252982,0.0034207353738252982,0.5,-0.00010683599327875733,0.00010958268387638726,64
response_first,14,23,-1.0611085599520362e-05,-0.0034154062633025123,0.0034154062633025123,0.5,0.0002061194027191894,-0.00022734157391823012,64
response_mean,5,2,-6.460423173848615e-05,-0.0034134293168310856,0.0034134293168310856,0.5,-0.0001085356052499374,-2.067285822703437e-05,64
response_first,3,2,-3.81894483325937e-06,-0.003410354356718763,0.003410354356718763,0.515625,4.805981689058956e-05,-5.569770655710829e-05,64
public_task_span,22,29,1.2609989425978202e-05,0.0034100291543980284,0.0034100291543980284,0.5,0.0001811261136026594,-0.00015590613475070312,64
post_selector,16,1,-8.880317182046073e-06,-0.0034059960209933816,0.0034059960209933816,0.515625,-0.0002774929998849984,0.00025973236552090633,64
final_prompt,17,23,1.0120377424982507e-07,0.00340235046968195,0.00340235046968195,0.5,-8.501000081651e-07,1.0525075566647502e-06,64
final_prompt,6,29,-1.1695683724612126e-05,-0.003390986715742314,0.003390986715742314,0.5,0.00013102264483679944,-0.00015441401228602367,64
response_mean,3,7,-2.5653530286719097e-05,-0.003388374247820316,0.003388374247820316,0.515625,0.0003578318161458969,-0.0004091388767193349,64
response_first,3,25,-6.001328347338087e-05,-0.003383979253255197,0.003383979253255197,0.5,0.0014465015926816798,-0.0015665281596284415,64
final_prompt,13,8,1.1018755685654469e-07,0.003383033806546777,0.003383033806546777,0.5,5.997086901743387e-06,-5.776711788030298e-06,64
response_first,4,7,5.061480487711552e-05,0.0033816902224099157,0.0033816902224099157,0.5,0.0006090754645811091,-0.0005078458548268787,64
final_prompt,17,7,9.804005003365868e-07,0.0033815228447071992,0.0033815228447071992,0.5,3.582850467863044e-05,-3.386770367795726e-05,64
response_mean,8,17,2.175199279009021e-05,0.0033808190162337576,0.0033808190162337576,0.515625,0.0023333061708399215,-0.002289802185259741,64
public_task_span,35,3,-2.112670699717186e-06,-0.003378807435731277,0.003378807435731277,0.5,0.00011891190843015624,-0.0001231372498295906,64
public_task_span,31,2,2.254457740489795e-06,0.003377876229975652,0.003377876229975652,0.5,-0.00018948138222185413,0.0001939902977028337,64
public_task_span,35,20,2.8857493816818747e-06,0.0033669004886688367,0.0033669004886688367,0.5,-0.00037048317790320027,0.00037625467666656395,64
final_prompt,4,18,-8.528451616043821e-07,-0.0033665779956564483,0.0033665779956564483,0.5,3.454891333376265e-05,-3.625460365697141e-05,64
final_prompt,15,9,3.134453265794778e-07,0.003358303386716047,0.003358303386716047,0.5,1.0815850117747975e-05,-1.0188959464589026e-05,64
final_prompt,0,6,2.9418902158753547e-06,0.0033575181967029867,0.0033575181967029867,0.5,9.1400286692064e-05,-8.551650626031327e-05,64
public_task_span,1,10,-1.2854259693989697e-05,-0.0033547576093663723,0.0033547576093663723,0.5,-0.0011556098907021758,0.0011299013713141964,64
final_prompt,6,27,6.435360148774087e-06,0.003353240872208496,0.003353240872208496,0.515625,-4.94818619927009e-05,6.235258229024902e-05,64
public_task_span,35,21,8.928004717716486e-07,0.0033530817508141846,0.0033530817508141846,0.5,-0.00012185477589808912,0.00012364037684163245,64
public_task_span,6,5,7.406248187182858e-06,0.003350750488387138,0.003350750488387138,0.5,-0.00014786700194234688,0.00016267949831671248,64
response_mean,12,17,4.815058787207978e-07,0.0033476120808302724,0.0033476120808302724,0.5,9.043914474199103e-06,-8.080902716757504e-06,64
response_mean,11,26,-2.8148103297068086e-06,-0.003340191940609096,0.003340191940609096,0.5,-0.00018151169069823947,0.0001758820700388259,64
public_task_span,15,17,9.006225241118137e-07,0.003340171043181699,0.003340171043181699,0.515625,-1.7033618007654896e-05,1.883486305587851e-05,64
response_first,8,12,1.0578841624919733e-07,0.0033399844264436402,0.0033399844264436402,0.515625,1.0714562449720688e-05,-1.0502985617222294e-05,64
response_first,21,6,2.867980697402848e-07,0.003338427361329583,0.003338427361329583,0.5,-7.789552455501721e-06,8.363148594982291e-06,64
public_task_span,16,12,-7.737783107549778e-07,-0.0033368478149968443,0.0033368478149968443,0.5,-9.193788628235115e-07,-6.281777586864408e-07,64
final_prompt,10,31,-8.997951681482787e-07,-0.003332333908127366,0.003332333908127366,0.5,-6.356939024953524e-05,6.176979991323867e-05,64
response_first,7,16,2.778103436185125e-08,0.0033234755922008125,0.0033234755922008125,0.5,-1.6548556445172835e-06,1.710417713240986e-06,64
response_first,9,8,5.308136117326018e-07,0.003313958657153565,0.003313958657153565,0.5,-6.525614936235559e-05,6.631777658582079e-05,64
public_task_span,23,1,7.772682693035234e-07,0.0033021102988660986,0.0033021102988660986,0.5,9.179422067971557e-05,-9.023968414110853e-05,64
response_mean,1,23,-5.326575774239724e-06,-0.0033013150674596242,0.0033013150674596242,0.5,0.00047402540803884586,-0.00048467855958732526,64
public_task_span,0,15,-3.795064912984371e-06,-0.0032969040988008493,0.0032969040988008493,0.5,-9.960232455340311e-05,9.201219472743439e-05,64
response_first,18,12,-1.6312856132507084e-07,-0.003293507968937828,0.003293507968937828,0.5,-2.0490278274078045e-06,1.7227707047576628e-06,64
final_prompt,2,15,1.6396854334746458e-05,0.0032928177556395873,0.0032928177556395873,0.5,-0.0002693192145670632,0.0003021129232365558,64
public_task_span,0,0,2.2088046534915647e-05,0.0032759956109881124,0.0032759956109881124,0.5,-0.0029284276824910003,0.0029726037755608316,64
public_task_span,1,24,-2.258495806017484e-05,-0.0032731309071521437,0.0032731309071521437,0.5,0.0006219983624760093,-0.0006671682785963594,64
public_task_span,11,10,-1.423948958745964e-06,-0.003271545388029971,0.003271545388029971,0.5,6.086035409680457e-05,-6.370825201429652e-05,64
public_task_span,27,9,8.317692845640437e-07,0.0032698124661336508,0.0032698124661336508,0.484375,-0.00013859850059814034,0.00014026203916726843,64
final_prompt,30,10,-2.490240831337777e-07,-0.003266627252765592,0.003266627252765592,0.484375,1.994690137507857e-06,-2.49273830377541e-06,64
final_prompt,35,6,5.165239826965144e-07,0.0032664327818689486,0.0032664327818689486,0.5,-2.395340129623358e-05,2.4986449261626606e-05,64
final_prompt,2,1,1.1785903552664271e-05,0.0032523736347803583,0.0032523736347803583,0.5,4.8958867409967165e-05,-2.5387060304638513e-05,64
response_mean,6,3,-6.72102032695112e-06,-0.0032511036644360903,0.0032511036644360903,0.5,-7.604269740113489e-05,6.260065674723269e-05,64
response_first,14,22,2.3708676621919464e-07,0.0032390563470584698,0.0032390563470584698,0.5,4.370511987872213e-06,-3.896338455433821e-06,64
final_prompt,19,7,2.0836409930758075e-06,0.0032381066979610754,0.0032381066979610754,0.5,-0.0001524617173345101,0.00015662899932066172,64
public_task_span,5,15,2.0033090549981063e-05,0.003236513031084055,0.003236513031084055,0.5,-0.00017892863252198224,0.00021899481362194415,64
response_mean,2,4,-4.216477691444453e-06,-0.003236139753824125,0.003236139753824125,0.5,0.00012970541291678638,-0.00013813836829967534,64
final_prompt,14,23,-7.257283414261604e-07,-0.00323248390562593,0.00323248390562593,0.515625,-1.2644193702730396e-05,1.1192737019878081e-05,64
public_task_span,35,10,4.081787665198416e-06,0.003231175470546681,0.003231175470546681,0.5,-0.00031618841603630937,0.00032435199136670624,64
response_first,3,3,7.735940926067644e-06,0.0032307568278145313,0.0032307568278145313,0.5,0.0003042867847398019,-0.0002888149028876665,64
response_first,15,8,6.964162821530672e-06,0.0032275875656819514,0.0032275875656819514,0.5,-0.0007394563435809653,0.0007533846692240267,64
response_mean,18,22,3.6601445572078946e-06,0.003218139400872246,0.003218139400872246,0.5,0.00039325965190071226,-0.0003859393627862964,64
public_task_span,5,6,2.5590875566195966e-05,0.0032140951433261723,0.0032140951433261723,0.5,0.0006628168807765217,-0.0006116351296441295,64
final_prompt,5,8,-5.927176971421004e-07,-0.0032125565018863112,0.0032125565018863112,0.5,-1.5099640222604771e-05,1.3914204828320567e-05,64
final_prompt,6,10,1.6461349332527502e-06,0.003210334236097932,0.003210334236097932,0.5,-0.00013089447020319533,0.00013418674006970084,64
final_prompt,10,22,-3.3174046621190517e-07,-0.0032089790790132567,0.0032089790790132567,0.5,-1.828478525566761e-05,1.7621304323243796e-05,64
final_prompt,28,15,7.242360879882959e-07,0.0032070317912945563,0.0032070317912945563,0.46875,-9.28777099033908e-05,9.43261820793674e-05,64
final_prompt,25,12,-1.8382769440056244e-07,-0.00320673233449226,0.00320673233449226,0.5,3.631437948569948e-06,-3.999093337371073e-06,64
final_prompt,30,8,-3.6598389670012313e-06,-0.0032059998028502396,0.0032059998028502396,0.5,-0.00023155100643634623,0.0002242313285023438,64
response_first,12,26,-4.763178367298556e-07,-0.003204874287148912,0.003204874287148912,0.515625,4.379804431663409e-05,-4.47506799900938e-05,64
final_prompt,17,21,-2.988428491336329e-07,-0.0032047524360745514,0.0032047524360745514,0.5,-1.0851553611250651e-05,1.025386791298339e-05,64
response_first,4,1,4.533224637271404e-05,0.0032044418402156676,0.0032044418402156676,0.5,-0.00020707791190942824,0.0002977424046548564,64
public_task_span,26,31,5.536249545920219e-06,0.003203697196233002,0.003203697196233002,0.484375,-0.00021103621247673928,0.00022210871156857974,64
response_mean,14,30,-1.0333473028381287e-06,-0.0032028992205520145,0.0032028992205520145,0.5,3.7232558952376136e-05,-3.9299253558052393e-05,64
response_first,16,14,5.991610123644001e-07,0.0031985764331786946,0.0031985764331786946,0.5,-4.7191471821854376e-05,4.838979384658318e-05,64
response_mean,13,15,-3.8888563693744756e-06,-0.0031936515096085086,0.0031936515096085086,0.5,8.341984462846162e-05,-9.11975573672106e-05,64
final_prompt,1,13,-2.154620494820706e-05,-0.003191529447920842,0.003191529447920842,0.5,-0.001461534964050758,0.001418442554154344,64
final_prompt,7,30,-1.7853579947768515e-08,-0.0031887793009289784,0.0031887793009289784,0.5,-1.4906743928122523e-06,1.4549672329167151e-06,64
final_prompt,1,7,-8.64741764417787e-07,-0.0031846306187620897,0.0031846306187620897,0.5,-4.186870887678319e-05,4.0139225347947615e-05,64
final_prompt,8,4,7.618152722011504e-07,0.003178265872680939,0.003178265872680939,0.5,-6.377581416926517e-05,6.529944471366747e-05,64
public_task_span,0,5,6.0447746363921526e-06,0.0031771378615476167,0.0031771378615476167,0.5,0.00020524002320598128,-0.00019315047393319684,64
response_first,13,9,-2.2005272626400117e-07,-0.0031733354507718524,0.0031733354507718524,0.5,6.458503634121331e-06,-6.898609086649334e-06,64
response_mean,7,31,-1.3820604181109385e-06,-0.003171598370782247,0.003171598370782247,0.5,1.2113177035640614e-05,-1.4877297871862498e-05,64
final_prompt,7,6,1.1149383283253447e-07,0.003170744421035558,0.003170744421035558,0.515625,-9.740406497369951e-06,9.96339416303502e-06,64
response_first,8,13,1.3249496987556314e-05,0.0031662883954122725,0.0031662883954122725,0.5,-0.00040985517989609594,0.00043635417387120857,64
final_prompt,15,5,-2.177251587900264e-07,-0.0031657970147221984,0.0031657970147221984,0.5,3.0383668558916734e-06,-3.4738171734717245e-06,64
response_first,2,20,4.629001773537073e-05,0.003157277917702951,0.003157277917702951,0.5,0.000963961581874181,-0.0008713815464034392,64
public_task_span,27,7,-1.5280702427836402e-06,-0.0031553025228576235,0.0031553025228576235,0.515625,-0.00017414270678271665,0.00017108656629714937,64
final_prompt,12,15,6.552183151602304e-07,0.0031526474056598327,0.0031526474056598327,0.5,-1.8217148578967098e-05,1.9527585209287565e-05,64
public_task_span,24,2,-8.582917416833738e-07,-0.0031393487943010496,0.0031393487943010496,0.484375,6.048640216248253e-05,-6.220298564584928e-05,64
response_first,6,30,-1.3533730452763143e-05,-0.003136049611319878,0.003136049611319878,0.5,-0.00035939808549299954,0.00033233062458747336,64
public_task_span,2,14,-9.429058991373832e-06,-0.0031345549336503544,0.0031345549336503544,0.5,-0.0003012469023815158,0.0002823887843987681,64
public_task_span,1,30,3.955350621253939e-06,0.0031338111016723396,0.0031338111016723396,0.5,-0.0007832314768165469,0.0007911421780590548,64
response_mean,4,28,-1.1925882517969488e-05,-0.0031311745161749357,0.0031311745161749357,0.484375,-9.207604580296707e-05,6.822428076702804e-05,64
final_prompt,5,17,-7.540659225924824e-06,-0.003128508530512476,0.003128508530512476,0.5,0.00028558336907734926,-0.0003006646875291989,64
response_mean,10,11,-1.4941160770823236e-06,-0.003125805961747821,0.003125805961747821,0.5,0.00010502530312805368,-0.0001080135352822183,64
final_prompt,11,2,5.639847586280958e-06,0.0031235577057121405,0.0031235577057121405,0.5,-0.0003207993395335397,0.00033207903470610164,64
response_first,14,11,-1.4677266335660153e-06,-0.003117075542043179,0.003117075542043179,0.515625,5.114633040647071e-05,-5.408178367360276e-05,64
response_mean,2,14,-1.5975481801435928e-05,-0.0031136878920721258,0.0031136878920721258,0.5,0.00013578969083027497,-0.00016774065443314685,64
response_first,1,8,1.5862016880421707e-05,0.0031098818846981144,0.0031098818846981144,0.5,0.00040412756789011194,-0.0003724035341292689,64
response_mean,7,2,2.548209067749749e-06,0.0030908311938667426,0.0030908311938667426,0.5,-0.00011476208146632484,0.00011985849960182435,64
public_task_span,6,31,-1.6821393501231308e-05,-0.0030894712337867706,0.0030894712337867706,0.5,0.00030345478944582657,-0.0003370975764482889,64
public_task_span,27,14,-1.2009159036095287e-06,-0.0030856145457526614,0.0030856145457526614,0.5,-8.914414593162666e-05,8.674231412440757e-05,64
final_prompt,10,13,4.1171551856461986e-07,0.0030814552263136548,0.0030814552263136548,0.5,-3.986244791992224e-07,1.2220555163284621e-06,64
response_mean,4,0,2.9317317967071784e-05,0.0030789142586348456,0.0030789142586348456,0.5,-0.0001835323128034127,0.00024216694873755622,64
public_task_span,7,11,6.703084522998318e-07,0.0030731691537252397,0.0030731691537252397,0.5,-1.5804790223220833e-05,1.7145407127820497e-05,64
public_task_span,0,2,4.601148248184689e-06,0.00307312735019576,0.00307312735019576,0.5,-0.00010334443504689093,0.00011254673154326028,64
response_first,21,20,-6.121294404670935e-07,-0.0030711077056128065,0.0030711077056128065,0.5,-0.000114834515329654,0.00011361025644871981,64
public_task_span,7,28,8.110113469683711e-08,0.00307024564899719,0.00307024564899719,0.5,4.310865449497214e-06,-4.14866318010354e-06,64
response_first,13,29,7.40105178914399e-07,0.0030678867284675434,0.0030678867284675434,0.5,-3.73173461412005e-05,3.879755649902931e-05,64
response_first,1,17,5.558154953171879e-06,0.0030677420198659787,0.0030677420198659787,0.5,-2.494233194739376e-05,3.605864185373751e-05,64
response_mean,0,18,3.8636726458187104e-06,0.003066412800441098,0.003066412800441098,0.5,0.000272575418421175,-0.0002648480731295375,64
response_first,34,25,-1.4760433941675952e-07,-0.0030652633984617306,0.0030652633984617306,0.5,1.6640434239424683e-06,-1.9592521027759878e-06,64
response_mean,11,24,1.152881577581714e-05,0.0030612487837576863,0.0030612487837576863,0.5,-6.741216930095312e-05,9.046980085258746e-05,64
final_prompt,26,16,1.2583454918046231e-06,0.003059910316798792,0.003059910316798792,0.5,0.00017721179301586032,-0.00017469510203225108,64
response_mean,10,20,6.695213414812963e-07,0.003059856801465559,0.003059856801465559,0.5,-1.0614946404528892e-05,1.1953989087491484e-05,64
response_mean,1,25,-3.2533716876038595e-07,-0.0030550428803175133,0.0030550428803175133,0.5,-4.513554813448229e-06,3.862880475927459e-06,64
public_task_span,14,6,-5.038790050095456e-06,-0.0030401927675622704,0.0030401927675622704,0.515625,0.00044459104356063463,-0.00045466862366082554,64
response_mean,8,0,-1.1228601579209158e-05,-0.003039183452416487,0.003039183452416487,0.5,-0.00021924778593529384,0.00019679058277687544,64
response_mean,1,8,7.678021574974693e-06,0.0030374941637452465,0.0030374941637452465,0.515625,-0.000518459630256984,0.0005338156734069334,64
final_prompt,35,2,-7.95168944021305e-07,-0.0030297817079260546,0.0030297817079260546,0.5,-3.960670073864654e-05,3.801636285060393e-05,64
public_task_span,27,29,5.659442649628128e-06,0.0030270419350324944,0.0030270419350324944,0.5,2.3618566046928137e-05,-1.2299680747671841e-05,64
response_first,32,1,-2.8097593940508377e-07,-0.0030267712170852423,0.0030267712170852423,0.5,-3.892027700657398e-05,3.835832512776382e-05,64
public_task_span,2,23,-1.354649248241777e-05,-0.0030263853318886072,0.0030263853318886072,0.5,0.00023600563235959092,-0.0002630986173244263,64
final_prompt,12,16,1.3387302715295572e-06,0.0030257810892441897,0.0030257810892441897,0.5,-7.662712687305545e-05,7.930458741611457e-05,64
response_first,2,13,-1.5272909877236582e-05,-0.003023012109931212,0.003023012109931212,0.5,-0.00044215724847161686,0.00041161142871714364,64
response_first,8,27,-6.2204326241075905e-06,-0.003022867179989625,0.003022867179989625,0.515625,2.3511642211830087e-05,-3.595250746004512e-05,64
public_task_span,2,4,-2.4006697003590695e-06,-0.003020159712055112,0.003020159712055112,0.5,-4.955338226850477e-06,1.5399882613233143e-07,64
final_prompt,16,22,1.9052520201515768e-06,0.0030201367261270626,0.0030201367261270626,0.5,-4.291997311154868e-05,4.673047715185184e-05,64
response_first,22,12,-1.5110560980218132e-07,-0.0030142519580654754,0.0030142519580654754,0.5,-3.1006168512709267e-06,2.7984056316665632e-06,64
response_mean,6,5,-1.2329259334365665e-05,-0.0030131289913941026,0.0030131289913941026,0.5,0.0003993163809354875,-0.00042397489960421873,64
response_mean,2,31,-6.638331569776301e-06,-0.003013022920060321,0.003013022920060321,0.5,0.00019081056643698344,-0.0002040872295765359,64
public_task_span,16,1,1.4890011925665894e-06,0.0030084097142689557,0.0030084097142689557,0.5,0.00017181209068437424,-0.00016883408829924102,64
final_prompt,23,9,1.4357856343806922e-06,0.003002625011344454,0.003002625011344454,0.5,0.00021330090157786345,-0.00021042933030910205,64
public_task_span,16,26,-4.995137715013982e-06,-0.002991215257560433,0.002991215257560433,0.5,0.0010454180774104058,-0.0010554083528404338,64
final_prompt,8,27,-6.385296273898163e-07,-0.0029779830634156412,0.0029779830634156412,0.5,-1.6306469660768792e-05,1.5029410405989154e-05,64
final_prompt,16,2,5.596858017024414e-07,0.0029767993301230158,0.0029767993301230158,0.5,-3.8109745673861996e-05,3.922911727726688e-05,64
response_mean,3,15,1.712421794763854e-05,0.0029720678534721854,0.0029720678534721854,0.5,-6.3767557548992e-05,9.801599344426946e-05,64
final_prompt,1,21,-4.053095835837784e-06,-0.0029717013202802275,0.0029717013202802275,0.5,0.00018218077093479313,-0.0001902869626064687,64
final_prompt,2,9,-6.756471520928301e-06,-0.0029661718509676684,0.0029661718509676684,0.5,-0.00030461943242697715,0.00029110648938512055,64
response_first,23,16,-3.0209776014089584e-08,-0.0029656113018657402,0.0029656113018657402,0.5,2.561629912634089e-07,-3.165825432915881e-07,64
public_task_span,32,30,2.975506276918388e-07,0.002964622100581614,0.002964622100581614,0.5,-3.8565574982384045e-06,4.4516587536220795e-06,64
response_mean,5,0,-5.6994740589317455e-06,-0.002963530394353901,0.002963530394353901,0.5,0.00010154746087209965,-0.00011294640898996315,64
response_first,2,7,-4.6655437756728266e-05,-0.0029626964586501442,0.0029626964586501442,0.515625,0.00118580108073729,-0.001279111956250746,64
public_task_span,15,2,6.678050340273284e-06,0.0029546235192243813,0.0029546235192243813,0.5,0.0003959548157581572,-0.0003825987150776107,64
response_mean,2,9,-1.2252623491803357e-05,-0.002948032796983806,0.002948032796983806,0.5,-0.0010309545905329122,0.0010064493435493049,64
response_mean,12,10,5.668070230062299e-06,0.002946170257192379,0.002946170257192379,0.5,0.0005073170796094719,-0.0004959809391493474,64
public_task_span,17,22,1.8202658793639825e-06,0.0029320061514848767,0.0029320061514848767,0.5,3.268499858677852e-05,-2.904446682805057e-05,64
public_task_span,6,4,-3.568333340808901e-05,-0.002929758490931474,0.002929758490931474,0.5,0.0005893178749829503,-0.0006606845417991281,64
final_prompt,4,10,-4.103146920905466e-06,-0.002928714633305859,0.002928714633305859,0.515625,0.0001317740202466569,-0.00013998031408846777,64
public_task_span,10,23,-3.971603291569594e-06,-0.0029274024712804252,0.0029274024712804252,0.5,-0.00014605926844523442,0.00013811606186209518,64
response_mean,4,21,-2.4731394660192064e-05,-0.0029252414454551128,0.0029252414454551128,0.5,-0.0007280189274751843,0.0006785561381548006,64
response_first,5,10,4.342749917896267e-05,0.002923087181226272,0.002923087181226272,0.5,0.0004855613729546326,-0.00039870637459670736,64
public_task_span,8,10,3.59647970073409e-07,0.0029197240115677054,0.0029197240115677054,0.515625,-2.624429794194182e-05,2.6963593882088634e-05,64
response_mean,35,28,-2.441860033289071e-06,-0.0029165463318358785,0.0029165463318358785,0.5,5.647120360663438e-05,-6.135492367321251e-05,64
final_prompt,6,17,5.926259092332262e-07,0.00291483312057679,0.00291483312057679,0.5,4.110099851569844e-06,-2.9248480331034003e-06,64
public_task_span,10,2,-2.819147084653728e-07,-0.002912042593532218,0.002912042593532218,0.484375,-1.524980325484471e-05,1.4685973837913962e-05,64
final_prompt,1,29,-2.3490424609949327e-06,-0.002908628847991493,0.002908628847991493,0.5,-0.00017465256314606458,0.00016995447822407475,64
response_mean,32,19,1.9214019175581092e-07,0.0029053207170084984,0.0029053207170084984,0.5,-9.313620807913791e-06,9.697901191425413e-06,64
final_prompt,1,6,2.8458853194039796e-06,0.002902367346558965,0.002902367346558965,0.5,-0.00013562101958086625,0.0001413127902196742,64
response_mean,11,12,-5.66502694710112e-06,-0.002902108649924766,0.002902108649924766,0.5,0.0005183869434404062,-0.0005297169973346085,64
final_prompt,5,6,1.571609462125629e-05,0.002900193598431211,0.002900193598431211,0.5,0.00030687300629494724,-0.00027544081705243456,64
public_task_span,10,5,3.6879987419357534e-07,0.002894112974033231,0.002894112974033231,0.484375,-2.7572292651704275e-05,2.8309892400091428e-05,64
final_prompt,30,4,6.964248768812665e-07,0.002893039374113768,0.002893039374113768,0.515625,-1.1201596180395179e-05,1.2594445934157705e-05,64
response_first,19,0,2.4265667519664027e-07,0.0028909595513356952,0.0028909595513356952,0.5,3.2382985352783324e-05,-3.1897672002390044e-05,64
response_first,22,19,1.6039337680119522e-07,0.0028903339016827065,0.0028903339016827065,0.5,-1.6175059229792654e-05,1.6495845983395045e-05,64
public_task_span,1,23,2.042919368250477e-05,0.00288187973085145,0.00288187973085145,0.5,0.001374863917590122,-0.0013340055302251124,64
final_prompt,6,2,2.2771001113137783e-05,0.002879396696134334,0.002879396696134334,0.5,1.865867398009955e-05,2.688332824617624e-05,64
public_task_span,30,4,-1.3703925105710008e-07,-0.0028770297582923505,0.0028770297582923505,0.5,-6.579670070985637e-07,3.8388850498436203e-07,64
final_prompt,16,12,1.4661227965007107e-07,0.0028763741514277927,0.0028763741514277927,0.5,1.310679749622068e-06,-1.0174551903219253e-06,64
response_first,5,8,-7.906592713879945e-08,-0.002865751447044611,0.002865751447044611,0.5,-1.7805782590585295e-06,1.6224464047809306e-06,64
response_mean,12,26,1.7150525764038287e-06,0.002863075120864589,0.002863075120864589,0.484375,-0.00016069398134276297,0.0001641240864955706,64
final_prompt,1,1,-1.0646406735761532e-05,-0.0028611878430479937,0.0028611878430479937,0.5,-0.00010431376722410296,8.30209537525799e-05,64
final_prompt,14,7,1.5526258039258831e-06,0.0028542245979851963,0.0028542245979851963,0.5,-0.00013008178871130632,0.0001331870403191581,64
response_mean,16,27,-4.20300722225868e-07,-0.002851893935704847,0.002851893935704847,0.5,-8.259117748821422e-06,7.4185163043696825e-06,64
response_mean,10,3,2.323006356179988e-07,0.0028514866119259638,0.0028514866119259638,0.515625,2.648786096414191e-05,-2.602325969290591e-05,64
public_task_span,6,6,3.425076283747504e-05,0.002846200118083502,0.002846200118083502,0.5,-0.0002812708698911496,0.00034977239556610026,64
final_prompt,5,4,-1.6025880604787464e-05,-0.0028440272895040456,0.0028440272895040456,0.5,0.00024081751664084127,-0.00027286927785041614,64
response_mean,22,3,1.800795871533295e-06,0.002841247035379664,0.002841247035379664,0.484375,0.00011759756853279611,-0.00011399597678972947,64
final_prompt,21,14,-3.521344069680969e-07,-0.0028396139369230304,0.0028396139369230304,0.484375,-1.8689689795790613e-05,1.7985420981854416e-05,64
response_mean,12,15,2.165378873540143e-06,0.0028391412025984895,0.0028391412025984895,0.5,0.00024307118428622333,-0.00023874042653914304,64
response_mean,6,9,2.74199601335418e-06,0.0028386940021712633,0.0028386940021712633,0.5,-0.0005371605284380915,0.0005426445204647998,64
response_first,2,6,-4.65171729047156e-06,-0.0028382549442434847,0.0028382549442434847,0.5,8.098916941891208e-05,-9.029260399985516e-05,64
public_task_span,35,9,6.741842298656247e-06,0.0028329271638233193,0.0028329271638233193,0.5,0.00023303709531319376,-0.00021955341071588127,64
response_first,1,26,2.0683222828666073e-05,0.0028307547271006752,0.0028307547271006752,0.5,0.001006401893391715,-0.0009650354477343827,64
public_task_span,8,16,1.5124737728947684e-07,0.002828906505263504,0.002828906505263504,0.5,-1.4686025622262864e-05,1.4988520376841818e-05,64
final_prompt,6,6,9.770727956490643e-06,0.002821830589651708,0.002821830589651708,0.5,0.00018929831639979993,-0.0001697568604868188,64
response_mean,13,26,2.315216988787101e-06,0.0028209439761681574,0.0028209439761681574,0.5,-0.0001160746978712285,0.00012070513184880275,64
final_prompt,12,24,2.472612834459472e-07,0.0028163892247105287,0.0028163892247105287,0.5,2.7977708327795297e-06,-2.303248265887635e-06,64
response_mean,16,14,-3.2438892958511065e-06,-0.0028159513039496425,0.0028159513039496425,0.5,-0.00035068962461080763,0.00034420184601910545,64
response_mean,2,26,-4.44249963038437e-06,-0.0028118136775510637,0.0028118136775510637,0.5,-2.2429048840375156e-06,-6.642094376731265e-06,64
response_first,7,30,-1.1961647672364961e-08,-0.0028106894455319715,0.0028106894455319715,0.5,-1.3016436888335647e-06,1.2777203934888348e-06,64
response_mean,13,5,1.1841368632291214e-06,0.002803240721218086,0.002803240721218086,0.5,8.976792014436596e-05,-8.73996464179077e-05,64
response_first,1,16,2.9137229375937517e-06,0.0027995874873722485,0.0027995874873722485,0.5,-0.0003527180742821624,0.0003585455201573499,64
public_task_span,15,24,-5.26352778246164e-07,-0.002797087155980606,0.002797087155980606,0.5,1.2931955097988354e-06,-2.3459010662911618e-06,64
response_first,1,1,-9.749812306831206e-06,-0.002793542787587701,0.002793542787587701,0.5,0.00012542579861474492,-0.0001449254232284072,64
public_task_span,32,1,1.2449480664147186e-06,0.002790719578824328,0.002790719578824328,0.5,-6.759442044312293e-05,7.008431657595238e-05,64
final_prompt,15,22,7.295715676036707e-08,0.002787306908313564,0.002787306908313564,0.5,-8.2448621299136e-06,8.390776443434333e-06,64
response_first,13,7,-4.990984336912413e-07,-0.0027837685354700093,0.0027837685354700093,0.5,-2.045613979362024e-05,1.9457942926237762e-05,64
public_task_span,2,24,5.320831405698664e-06,0.002781608950063816,0.002781608950063816,0.5,-6.708468936266195e-05,7.772635217405939e-05,64
public_task_span,14,13,-4.467391931944496e-06,-0.002779503128661889,0.002779503128661889,0.5,-0.0002608096247058588,0.0002518748408419698,64
response_mean,32,20,6.797097995558953e-08,0.0027746952672679684,0.0027746952672679684,0.5,4.95660610511095e-06,-4.820664145199771e-06,64
response_mean,27,2,-9.01791707974553e-09,-0.002772117438590822,0.002772117438590822,0.515625,1.1879346786258793e-06,-1.2059705127853704e-06,64
response_first,16,28,-2.0106217846383894e-07,-0.002771420521393829,0.002771420521393829,0.5,2.6206172407222734e-05,-2.660829676415041e-05,64
response_mean,12,22,2.646901293721603e-07,0.002769158529216355,0.002769158529216355,0.5,-3.5522713005766756e-05,3.605209326451108e-05,64
final_prompt,34,15,3.1862946343656244e-06,0.0027680735161376637,0.0027680735161376637,0.5,-0.0001670312431087844,0.00017340383237751563,64
response_mean,8,8,-5.986231599308688e-08,-0.00276383343712755,0.00276383343712755,0.5,-3.1027024647301005e-06,2.982977832743927e-06,64
response_mean,2,12,-1.0033723810915721e-05,-0.0027615573241872565,0.0027615573241872565,0.5,-0.0008280084057332504,0.0008079409581114189,64
public_task_span,3,19,-2.6173065634796096e-05,-0.0027554249946991735,0.0027554249946991735,0.515625,0.0008050680844462532,-0.0008574142157158454,64
response_first,12,4,5.354708037012254e-07,0.0027449095339670297,0.0027449095339670297,0.5,2.5574401661296314e-05,-2.450346005389386e-05,64
response_mean,29,22,6.086238499900519e-07,0.0027413622989734135,0.0027413622989734135,0.5,-8.302024798465666e-05,8.423749568463677e-05,64
response_mean,10,29,5.089250635139086e-06,0.002740375269149786,0.002740375269149786,0.5,1.3520712855086964e-05,-3.342211584808684e-06,64
public_task_span,5,7,-1.4730108432561449e-05,-0.002733799033771441,0.002733799033771441,0.5,0.0003684017983687201,-0.00039786201523384285,64
response_first,5,2,-0.00014693202683701764,-0.002732735018539293,0.002732735018539293,0.5,-0.0030098439892753967,0.002715979935601359,64
final_prompt,3,6,4.3917359192846995e-05,0.0027318655259837917,0.0027318655259837917,0.5,0.0005561346560227765,-0.00046829993763708184,64
public_task_span,5,8,-7.698190529479726e-06,-0.0027301152628858853,0.0027301152628858853,0.5,8.06936477602e-05,-9.609002881915944e-05,64
response_first,1,27,1.5867732145123366e-05,0.0027262532773043207,0.0027262532773043207,0.5,0.0015126795551623187,-0.001480944090872072,64
final_prompt,4,22,1.4165430911811127e-05,0.0027250588952790074,0.0027250588952790074,0.5,-0.00012311492173466555,0.00015144578355828748,64
public_task_span,27,23,5.866559149574936e-06,0.002724139154640356,0.002724139154640356,0.515625,-0.0005411230740719425,0.0005528561923710925,64
response_first,10,27,7.132466635084474e-07,0.002714071214810596,0.002714071214810596,0.5,6.0418624315156094e-05,-5.8992130988139206e-05,64
response_mean,32,31,-9.81127868723437e-07,-0.0027108822644542345,0.0027108822644542345,0.5,3.6667663152912513e-05,-3.8629918890359384e-05,64
response_first,15,26,1.596654475299879e-09,0.0027087720456716517,0.0027087720456716517,0.5,-6.227819182580419e-08,6.547150077640394e-08,64
public_task_span,27,6,6.065898787728008e-07,0.0027047798739332453,0.0027047798739332453,0.5,-4.122257041671748e-05,4.243575017426308e-05,64
response_mean,1,28,8.497499834442604e-06,0.00270418221664383,0.00270418221664383,0.515625,-0.0006980726705023723,0.0007150676701712575,64
response_first,5,5,1.858413270383434e-05,0.0026981483977222298,0.0026981483977222298,0.5,0.0002325830027984968,-0.00019541473739082801,64
response_mean,11,6,4.9321863286912995e-06,0.00269793364559368,0.00269793364559368,0.515625,-0.00016195194177725587,0.0001718163144346384,64
response_mean,14,20,2.8832687348940656e-07,0.0026977298123231517,0.0026977298123231517,0.5,1.5870531683499736e-05,-1.529387793652092e-05,64
response_first,8,28,-3.3606339222370757e-07,-0.002685070975751378,0.002685070975751378,0.5,3.858039822900961e-05,-3.925252501345702e-05,64
final_prompt,2,7,2.526236436042317e-06,0.002682237471694693,0.002682237471694693,0.5,7.353166206769418e-05,-6.847918919560954e-05,64
response_first,18,10,2.3818991312656604e-07,0.002681290855795926,0.002681290855795926,0.5,1.372775505537109e-05,-1.3251375229117955e-05,64
final_prompt,3,21,3.392465259820129e-06,0.0026805350064154063,0.0026805350064154063,0.5,-3.387119204488504e-05,4.065612256452526e-05,64
final_prompt,33,15,-1.5932571841410998e-05,-0.0026738523037743607,0.0026738523037743607,0.5,-0.0010233122520730876,0.0009914471083902658,64
public_task_span,12,3,-1.5515734048636155e-06,-0.0026719936553303886,0.0026719936553303886,0.515625,0.00011847061796288342,-0.00012157376477261065,64
final_prompt,2,30,-1.4368613847179639e-05,-0.0026657175837781415,0.0026657175837781415,0.5,-0.00029204671955084395,0.00026330949185648434,64
final_prompt,9,28,-3.768992229424839e-08,-0.002665470952551376,0.002665470952551376,0.5,3.1259809176731324e-06,-3.201360762261629e-06,64
final_prompt,17,29,4.262445685299088e-08,0.0026594770140826104,0.0026594770140826104,0.484375,5.87763591397561e-06,-5.792387000269628e-06,64
public_task_span,28,11,-2.473295808157003e-06,-0.002653986629852468,0.002653986629852468,0.5,-0.0003496420949886527,0.0003446955033723387,64
response_mean,5,15,-1.0962046872007463e-05,-0.002653470825741297,0.002653470825741297,0.5,0.000115369017294144,-0.00013729311103815884,64
response_first,13,6,-2.136914645239709e-07,-0.002651047273994202,0.002651047273994202,0.5,-4.5317028138942475e-06,4.1043198848463066e-06,64
final_prompt,11,21,-1.2150036354796612e-07,-0.002646249246715489,0.002646249246715489,0.5,-6.059307111172529e-06,5.816306384076597e-06,64
final_prompt,18,22,2.222190687470771e-06,0.0026430980188294267,0.0026430980188294267,0.515625,-2.4538234356446414e-05,2.8982615731387966e-05,64
public_task_span,26,13,1.4880047274381844e-06,0.0026352015337583567,0.0026352015337583567,0.5,-6.903517078171712e-05,7.20111802365935e-05,64
response_mean,6,23,2.445185145913962e-06,0.002633684118087685,0.002633684118087685,0.5,-5.4037777772443995e-06,1.029414806907235e-05,64
response_mean,12,0,-3.408110842404525e-07,-0.0026310358434609845,0.0026310358434609845,0.5,2.8076519129167896e-05,-2.8758141297648805e-05,64
response_mean,11,17,-4.0224922486211605e-06,-0.0026295444900768816,0.0026295444900768816,0.5,-0.00012214010712340397,0.00011409512262616165,64
response_mean,1,5,-1.5450630144146291e-06,-0.0026295272521962053,0.0026295272521962053,0.5,-4.4774605157721353e-05,4.168447912889212e-05,64
public_task_span,29,12,-3.2346679290564994e-07,-0.0026287397723533806,0.0026287397723533806,0.5,-3.3075510089011155e-05,3.2428576503199856e-05,64
response_mean,1,6,-3.988894604846856e-06,-0.0026284677292447347,0.0026284677292447347,0.5,-0.0002323955632164156,0.0002244177740067219,64
response_mean,31,24,-2.484977130762752e-07,-0.0026266385002213376,0.0026266385002213376,0.5,-3.7217559338381296e-05,3.672056391222874e-05,64
final_prompt,11,30,-1.0489159763052323e-07,-0.0026256587025828343,0.0026256587025828343,0.484375,-1.1654623392586688e-05,1.1444840197325643e-05,64
public_task_span,9,20,-1.1900174285931828e-06,-0.002622344372161049,0.002622344372161049,0.484375,-0.0001427482056897041,0.00014036817083251774,64
response_mean,8,30,9.291346714234474e-06,0.0026191041586043863,0.0026191041586043863,0.515625,0.0016615250806353062,-0.0016429423872068372,64
public_task_span,3,31,2.8354146252241403e-05,0.0026186789052097853,0.0026186789052097853,0.53125,0.0008242187309406524,-0.0007675104384361695,64
public_task_span,2,2,2.063432111754223e-05,0.002618208516171995,0.002618208516171995,0.5,-9.40306563279559e-05,0.00013529929856304066,64
final_prompt,5,20,3.0638830210707947e-06,0.0026126020222297366,0.0026126020222297366,0.5,2.2333477616595346e-05,-1.620571157445375e-05,64
final_prompt,4,29,1.4000416967937298e-06,0.002611593206870148,0.002611593206870148,0.484375,-0.00011677687086830757,0.00011957695426189503,64
response_mean,6,6,3.18482416332656e-05,0.0026111215844221596,0.0026111215844221596,0.5,0.0009439894529350561,-0.0008802929696685251,64
final_prompt,21,3,-7.60419197836099e-07,-0.0026072182669140643,0.0026072182669140643,0.515625,1.5568367416566922e-05,-1.7089205812239144e-05,64
public_task_span,5,16,-1.0244650638918846e-05,-0.0026039880085368334,0.0026039880085368334,0.5,0.0003039536013602719,-0.00032444290263810937,64
public_task_span,26,3,-3.397130967642494e-07,-0.002603970365805977,0.002603970365805977,0.484375,2.4557956749054258e-05,-2.5237382942582757e-05,64
response_mean,14,23,4.435290065885923e-06,0.00260150286942719,0.00260150286942719,0.5,0.0001524729977973,-0.0001436024176655282,64
response_mean,6,31,1.771114602887975e-05,0.0025891655058321995,0.0025891655058321995,0.5,0.0004010964680674125,-0.00036567417600965295,64
public_task_span,29,1,-2.1415403352867055e-06,-0.002588772470308571,0.002588772470308571,0.484375,-0.0001838480625337866,0.0001795649818632132,64
response_mean,3,11,-3.2384152291340556e-05,-0.002585144170927963,0.002585144170927963,0.5,-0.0028011420072289127,0.0027363737026462314,64
response_first,7,18,9.307912023347276e-07,0.002582523005477888,0.002582523005477888,0.5,0.0001472578442189666,-0.0001453962618142971,64
public_task_span,1,13,1.6139750186994098e-05,0.0025790373127600684,0.0025790373127600684,0.5,-0.002487067879883376,0.0025193473802573646,64
response_first,1,21,7.126753189370274e-06,0.0025728816164891743,0.0025728816164891743,0.5,0.0006080830789869623,-0.0005938295726082218,64
response_mean,5,6,-1.4081508695085393e-05,-0.0025706730422489477,0.0025706730422489477,0.5,0.0003535692148375334,-0.0003817322322277044,64
public_task_span,30,16,-4.9032223614593816e-06,-0.0025657512531870002,0.0025657512531870002,0.5,-0.0008377418889722031,0.0008279354442492844,64
final_prompt,7,23,1.4027017414325844e-07,0.002565587287275994,0.002565587287275994,0.515625,-7.758239576103787e-06,8.038779924390304e-06,64
public_task_span,30,2,1.078225523089061e-06,0.0025641768455369795,0.0025641768455369795,0.515625,-0.0001594465429661695,0.00016160299401234761,64
public_task_span,4,17,2.6474034257260946e-05,0.002560833034637932,0.002560833034637932,0.5,0.0006331117310765062,-0.0005801636625619845,64
response_mean,1,18,2.5054105208269716e-06,0.0025561582383239767,0.0025561582383239767,0.5,-0.00041578308446330416,0.0004207939055049581,64
response_mean,3,19,2.211414539488683e-05,0.002551480727209793,0.002551480727209793,0.484375,0.00029920075394331783,-0.00025497246315354455,64
response_first,14,17,1.8210794223678168e-06,0.0025489464718963994,0.0025489464718963994,0.5,-0.00027059237891079694,0.0002742345377555326,64
final_prompt,13,18,7.952684200063231e-08,0.002541781439411326,0.002541781439411326,0.515625,3.7783655955081485e-06,-3.619311911506884e-06,64
response_mean,5,29,3.275012386439141e-05,0.0025415401565385435,0.0025415401565385435,0.5,-0.0016028448662836875,0.0016683451140124697,64
post_selector,4,13,-3.365821794431862e-05,-0.002540226521344811,0.002540226521344811,0.453125,0.00138077336487186,-0.001448089800760498,64
final_prompt,8,14,1.0858349241989578e-07,0.002538039470079253,0.002538039470079253,0.5,1.7660799301209716e-05,-1.7443632316369927e-05,64
public_task_span,2,28,2.3132917704064143e-05,0.0025314528306594856,0.0025314528306594856,0.5,-0.001295571557420769,0.0013418373928288968,64
final_prompt,13,15,-3.306162454919104e-08,-0.002525755093542414,0.002525755093542414,0.5,-2.3377227336141004e-06,2.2715994845157184e-06,64
response_mean,3,17,-2.662830979712757e-06,-0.0025202120786793607,0.0025202120786793607,0.5,3.132477195323623e-05,-3.6650433912661766e-05,64
response_first,14,31,-1.9587050701296955e-06,-0.0025160822606522487,0.0025160822606522487,0.5,0.00016311517811118438,-0.00016703258825144377,64
response_mean,4,5,6.093295382918575e-06,0.002514225281688944,0.002514225281688944,0.5,0.0002815680632011162,-0.0002693814724352789,64
public_task_span,9,12,-1.1562747204139662e-06,-0.0025136240868000943,0.0025136240868000943,0.5,8.867958604241561e-05,-9.099213548324355e-05,64
public_task_span,9,21,-7.54127086111923e-07,-0.0025105267526199233,0.0025105267526199233,0.5,5.7738863233670047e-05,-5.924711740589391e-05,64
final_prompt,4,16,-1.291875673814231e-05,-0.0025092358652998074,0.0025092358652998074,0.5,0.0003431879536037922,-0.0003690254670800767,64
public_task_span,4,30,1.2692191376110346e-05,0.002497547815347533,0.002497547815347533,0.5,-0.0009918791911331978,0.0010172635738854186,64
response_first,10,5,-1.2485734259887778e-06,-0.002495054323529465,0.002495054323529465,0.5,-0.00015517458132307144,0.0001526774344710939,64
final_prompt,8,1,2.9097208198550007e-07,0.0024935742966861064,0.0024935742966861064,0.5,-7.242408173626012e-06,7.824352337597015e-06,64
response_mean,34,8,-1.1853933301608777e-07,-0.0024929682286466944,0.0024929682286466944,0.5,-6.449774616612558e-06,6.2126959505803825e-06,64
public_task_span,33,22,2.9674993129554168e-06,0.002488816243918191,0.002488816243918191,0.5,-0.0005264110877760374,0.0005323460864019483,64
final_prompt,23,16,8.342218471568685e-09,0.0024858069361665563,0.0024858069361665563,0.5,3.429577510871695e-08,-1.7611338165579635e-08,64
response_first,28,31,-9.42794997631004e-08,-0.002485207985200287,0.002485207985200287,0.5,6.275376165378528e-06,-6.463935164904729e-06,64
public_task_span,2,7,-1.2000858987443967e-05,-0.0024829131424086493,0.0024829131424086493,0.5,1.8727676433646467e-05,-4.272939440853467e-05,64
response_first,4,17,-3.297015450698512e-05,-0.0024811471314532744,0.0024811471314532744,0.5,0.0008473654916087899,-0.0009133058006227603,64
public_task_span,29,29,-5.131312263998027e-07,-0.0024693340726016045,0.0024693340726016045,0.5,5.830972577313101e-05,-5.93359882259306e-05,64
final_prompt,5,12,-1.4090362128628864e-05,-0.0024629826473654766,0.0024629826473654766,0.5,0.000162150526193737,-0.00019033125045099462,64
response_first,7,19,2.600633308680284e-07,0.0024549848846480427,0.0024549848846480427,0.5,-1.8896226492871062e-05,1.941635315460712e-05,64
response_first,17,25,1.0331606690975026e-07,0.002451878426307208,0.002451878426307208,0.5,-1.0302890210560419e-05,1.0509522344379918e-05,64
response_mean,0,7,2.533053702793966e-06,0.0024481120299318093,0.0024481120299318093,0.5,7.553582690888749e-05,-7.046971950329958e-05,64
response_first,18,27,4.985181196734612e-07,0.0024470830472905674,0.0024470830472905674,0.484375,5.5949654933937835e-05,-5.495261869459091e-05,64
response_mean,13,24,-1.0503015346364544e-06,-0.0024464030953028027,0.0024464030953028027,0.5,-4.8424795750175005e-05,4.6324192680902076e-05,64
final_prompt,9,16,7.518418954107524e-08,0.0024446552049467015,0.0024446552049467015,0.5,-9.248531284808672e-06,9.39889966389082e-06,64
response_first,16,29,1.4340377418979182e-07,0.0024396791841244147,0.0024396791841244147,0.5,1.4144592398677539e-05,-1.3857784850297957e-05,64
response_first,5,31,-9.054096153703094e-06,-0.00242806945701334,0.00242806945701334,0.5,-0.0012055779025104104,0.0011874697102030043,64
public_task_span,4,31,9.13492510790201e-06,0.0024240072095672947,0.0024240072095672947,0.484375,0.00014907261629560644,-0.00013080276607980215,64
public_task_span,3,15,2.7888809654538944e-05,0.0024200122652403345,0.0024200122652403345,0.5,7.712964452367786e-05,-2.1352025214599704e-05,64
final_prompt,5,5,2.021709588006875e-05,0.0024146785012213426,0.0024146785012213426,0.5,0.0001420690095983406,-0.00010163481783820305,64
final_prompt,5,27,-3.5631479022413476e-05,-0.0024001080542679584,0.0024001080542679584,0.5,0.0008811091802272222,-0.0009523721382720494,64
response_mean,0,16,3.9036103771625296e-06,0.002398818793112639,0.002398818793112639,0.5,0.00035361349000594686,-0.00034580626925162186,64
public_task_span,23,14,-2.0850171722471223e-06,-0.0023965378866765475,0.0023965378866765475,0.515625,0.00015018281283118453,-0.0001543528471756788,64
public_task_span,27,27,1.2062268979167302e-06,0.002393111378177092,0.002393111378177092,0.5,-0.00016842997138154177,0.00017084242517737526,64
response_first,6,28,-1.2372292985675403e-05,-0.00238605681367958,0.00238605681367958,0.5,0.00019456423433441376,-0.00021930882030576478,64
response_mean,1,17,-2.3764259822224565e-06,-0.0023826681475643957,0.0023826681475643957,0.5,0.0001775189957697782,-0.00018227184773422311,64
final_prompt,8,6,1.5127266124230433e-06,0.0023740012521392415,0.0023740012521392415,0.5,-0.0003273896782047549,0.000330415131429601,64
response_first,14,18,1.343240910499832e-06,0.0023728496193700273,0.0023728496193700273,0.5,8.645680463812628e-05,-8.37703228171266e-05,64
response_mean,14,15,-1.7354714145806712e-06,-0.002366407602026456,0.002366407602026456,0.5,5.6925417993616446e-05,-6.0396360822777793e-05,64
public_task_span,15,0,-3.4494660212634358e-06,-0.0023639283823953926,0.0023639283823953926,0.5,2.903131098719238e-05,-3.593024302971933e-05,64
response_first,6,22,-1.156873440776886e-05,-0.0023634990239833967,0.0023634990239833967,0.5,9.00431950867626e-05,-0.00011318066390230013,64
final_prompt,12,30,3.349103394624718e-07,0.0023614648350712432,0.0023614648350712432,0.515625,-4.395678649870251e-05,4.4626607177627454e-05,64
final_prompt,17,24,5.883007361275429e-07,0.0023609440037022232,0.0023609440037022232,0.5,3.0326635624065298e-05,-2.9150034151810222e-05,64
final_prompt,1,16,4.0428346892672207e-07,0.002358208696554515,0.002358208696554515,0.5,-5.83265236855241e-05,5.913509062337754e-05,64
response_first,3,20,1.1182490197824866e-05,0.0023544599728413554,0.0023544599728413554,0.5,-0.0009451017976971344,0.0009674667780927844,64
final_prompt,2,2,-1.992348734347648e-05,-0.0023532839673993376,0.0023532839673993376,0.484375,-6.297123582043554e-05,2.3124261133482802e-05,64
response_first,2,1,1.2756846444974819e-05,0.0023479431702524336,0.0023479431702524336,0.5,0.00027135984601044967,-0.0002458461531205,64
response_mean,12,6,-3.26477697854143e-06,-0.002340133352348252,0.002340133352348252,0.5,0.0002122331636655884,-0.00021876271762267128,64
public_task_span,10,17,9.822806532663486e-07,0.002335790787720237,0.002335790787720237,0.5,0.00013318231322045893,-0.0001312177519139262,64
response_mean,13,6,2.976044868278916e-07,0.0023355757865750042,0.0023355757865750042,0.5,2.8490257705004194e-05,-2.7895048731348407e-05,64
final_prompt,12,13,1.7133348961909912e-07,0.0023348018370621597,0.0023348018370621597,0.5,-3.049179063906832e-05,3.083445761830652e-05,64
final_prompt,23,21,-3.1029713909323897e-07,-0.0023284393672523356,0.0023284393672523356,0.5,-1.3124047484322376e-05,1.2503453206135894e-05,64
response_mean,1,21,1.5129107850922105e-06,0.0023265919029360756,0.0023265919029360756,0.5,0.0001352299186691996,-0.0001322040970990152,64
response_mean,9,13,5.743498832097159e-06,0.0023264608771595722,0.0023264608771595722,0.5,0.000624662911377529,-0.0006131759137133347,64
final_prompt,16,27,-1.6282217529798452e-07,-0.0023235894780695198,0.0023235894780695198,0.5,-8.868104174552769e-06,8.542459823956801e-06,64
response_first,10,22,7.409344107174565e-07,0.0023090388159038105,0.0023090388159038105,0.5,-0.00011535389148773874,0.00011683576030917365,64
response_first,30,1,-4.5211311317282173e-07,-0.0023064049033185694,0.0023064049033185694,0.5,-6.137581704023483e-05,6.047159081388917e-05,64
response_first,1,14,9.997921551990622e-06,0.0023008476426865723,0.0023008476426865723,0.5,-0.0005638884613290281,0.0005838843044330094,64
final_prompt,8,28,1.6886518849901222e-08,0.0022960003044523013,0.0022960003044523013,0.5,1.9226333947131025e-06,-1.8888603570133e-06,64
response_mean,7,15,2.3635251977793867e-08,0.0022877582166027106,0.0022877582166027106,0.5,-5.733036800847913e-08,1.0460087196406676e-07,64
response_first,11,10,-8.522494567839789e-07,-0.0022843021087679584,0.0022843021087679584,0.515625,2.372561539244486e-06,-4.077060452812442e-06,64
final_prompt,5,21,6.859860384623203e-06,0.002281010144345985,0.002281010144345985,0.5,0.00016342017330828092,-0.00014970045253903457,64
final_prompt,6,0,-6.883876153621478e-07,-0.002280273941965659,0.002280273941965659,0.5,-6.635422005274006e-05,6.497744482201575e-05,64
response_mean,7,26,1.3319322533720634e-06,0.00227653108277275,0.00227653108277275,0.5,0.0001673609485805934,-0.00016469708407384925,64
response_mean,1,29,2.221941031170052e-06,0.0022732351354414573,0.0022732351354414573,0.5,-0.00024095805019894647,0.0002454019322612865,64
final_prompt,4,31,1.209388344134175e-06,0.0022723045664238316,0.0022723045664238316,0.5,-1.9355435938443483e-05,2.1774212626711843e-05,64
public_task_span,29,28,1.6853732631790993e-07,0.0022679538196569934,0.0022679538196569934,0.5,1.9451958905878126e-06,-1.608121237951994e-06,64
response_mean,12,7,6.66188270772924e-07,0.002267560443911388,0.002267560443911388,0.5,2.0008434603372288e-05,-1.867605806182644e-05,64
final_prompt,8,0,3.561073640416121e-07,0.002263053476365632,0.002263053476365632,0.5,3.205693349172711e-05,-3.134471876364388e-05,64
final_prompt,21,15,9.968175618295798e-07,0.002262400832693714,0.002262400832693714,0.515625,-0.00026853435974768755,0.00027052799487134677,64
response_first,1,9,1.3826644135398651e-05,0.0022621042539267954,0.0022621042539267954,0.5,-0.0020455179692362383,0.002073171257507036,64
response_mean,35,15,-1.8072369130124978e-06,-0.002259557564531446,0.002259557564531446,0.5,-0.00019078468903898388,0.0001871702152129589,64
final_prompt,7,31,7.036302349665702e-07,0.0022520857687361707,0.0022520857687361707,0.484375,-2.416811685180945e-05,2.557537732174258e-05,64
response_mean,15,26,-1.1939189192844424e-08,-0.0022452344328281666,0.0022452344328281666,0.5,-5.6460368824673477e-08,3.2581990438984576e-08,64
response_first,5,11,3.5733234199147304e-05,0.002240916230400744,0.002240916230400744,0.5,0.0009593514942025775,-0.0008878850258042828,64
final_prompt,9,7,6.88603734033677e-08,0.002236742614343522,0.002236742614343522,0.5,3.838966762259588e-06,-3.7012460154528526e-06,64
response_mean,33,26,1.475464443970901e-07,0.002231939660426486,0.002231939660426486,0.5,1.3283989574116297e-05,-1.2988896685322119e-05,64
public_task_span,8,15,4.3656382331266774e-07,0.002231518075300472,0.002231518075300472,0.515625,-4.710806024382337e-06,5.583933671007672e-06,64
final_prompt,14,17,1.3451624454296815e-06,0.0022306634946254195,0.0022306634946254195,0.5,-8.716733646249087e-08,2.7774922273218623e-06,64
response_mean,18,9,-4.914280651747407e-06,-0.0022297368562655662,0.0022297368562655662,0.5,-0.00019431414904145874,0.000184485587737964,64
response_first,7,10,9.112197574268278e-08,0.0022276715642385965,0.0022276715642385965,0.515625,-2.167842524160547e-06,2.350086475645912e-06,64
final_prompt,11,14,5.110923666506274e-06,0.0022124544423252164,0.0022124544423252164,0.5,0.00043494988858583123,-0.0004247280412528188,64
final_prompt,4,23,1.6738227259342504e-05,0.002210429615244501,0.002210429615244501,0.5,0.0003296232353022968,-0.00029614678078361214,64
public_task_span,5,30,6.72688747727204e-06,0.0022094808432005413,0.0022094808432005413,0.5,0.000264342084847172,-0.00025088830989262784,64
response_mean,8,16,7.5515254139119e-07,0.0022079726472059476,0.0022079726472059476,0.5,-0.0001857254692367587,0.0001872357743195411,64
public_task_span,15,21,1.0952982165753478e-07,0.00220588928113454,0.00220588928113454,0.5,8.798627391103217e-07,-6.608030957952525e-07,64
response_mean,15,18,-3.043692426977917e-07,-0.002198095986517557,0.002198095986517557,0.5,-3.6161915488718794e-06,3.0074530634762927e-06,64
response_mean,11,18,-2.0927495825169535e-06,-0.0021978561751211235,0.0021978561751211235,0.5,-0.00010541725032453306,0.00010123175115949916,64
final_prompt,27,10,-4.1887801671312403e-07,-0.0021972863637528635,0.0021972863637528635,0.5,-5.7076290431701984e-05,5.623853439827574e-05,64
final_prompt,8,31,-2.492875239568093e-08,-0.002192949810536501,0.002192949810536501,0.5,-1.5338451575530604e-07,1.0352701096394412e-07,64
public_task_span,3,0,-1.8743936379909368e-05,-0.002192616647096305,0.002192616647096305,0.5,0.00018956679559778135,-0.00022705466835760003,64
public_task_span,26,11,1.3659834507911788e-07,0.002185433080259698,0.002185433080259698,0.5,9.510328879966292e-06,-9.237132189808057e-06,64
public_task_span,9,25,-2.1000914785015013e-06,-0.002184836791918645,0.002184836791918645,0.5,0.00020910949569951948,-0.00021330967865652246,64
response_mean,3,24,-2.221526165157705e-05,-0.0021832174512383213,0.0021832174512383213,0.5,0.0007835776268621099,-0.0008280081501652646,64
response_mean,7,25,-2.3871029952711763e-07,-0.0021808637195834656,0.0021808637195834656,0.5,1.3056336456432837e-05,-1.353375705548707e-05,64
response_mean,0,17,5.470450560098386e-06,0.002179825250999097,0.002179825250999097,0.5,0.00022813686882726874,-0.00021719596770707197,64
response_first,9,31,8.66048650554433e-08,0.0021795595247723317,0.0021795595247723317,0.5,-1.7599282080559213e-05,1.7772491810670096e-05,64
response_mean,6,20,5.177892944628268e-06,0.0021782545905807958,0.0021782545905807958,0.5,6.307120065685865e-05,-5.271541476760209e-05,64
response_first,30,10,-1.2403447158243362e-07,-0.0021759945699672163,0.0021759945699672163,0.484375,-1.3454244481179144e-05,1.3206175538014277e-05,64
public_task_span,29,22,-2.2279000404576e-06,-0.0021746796064537315,0.0021746796064537315,0.5,-0.0004297342420613813,0.0004252784419804661,64
final_prompt,3,23,8.680173436913165e-06,0.002172555238705881,0.002172555238705881,0.5,0.00026998195949091725,-0.00025262161261709086,64
response_first,4,30,7.673656455155946e-06,0.002169517679344719,0.002169517679344719,0.5,-0.00016904531003091472,0.0001843926229412269,64
response_mean,9,18,-2.589743871795316e-06,-0.002169313233410581,0.002169313233410581,0.5,5.0826685765066346e-05,-5.600617350865701e-05,64
response_first,3,19,2.6941560236085982e-05,0.0021654175671752453,0.0021654175671752453,0.5,0.0007753500012768307,-0.000721466880804659,64
final_prompt,10,7,1.7485623971086222e-07,0.0021647292235456865,0.0021647292235456865,0.5,-9.474887406209684e-06,9.824599885631407e-06,64
response_mean,5,17,6.962296424715508e-06,0.0021640100364074925,0.0021640100364074925,0.5,0.0003389145017535999,-0.00032498990890416886,64
response_first,8,19,2.4855262381650984e-06,0.002160554776103303,0.002160554776103303,0.5,0.0002087469474645396,-0.00020377589498820936,64
response_first,1,25,-2.428441803161527e-07,-0.00215448814858974,0.00215448814858974,0.5,-1.799508800104305e-05,1.7509399640410748e-05,64
public_task_span,0,27,1.4752338756803137e-05,0.002154456389051742,0.002154456389051742,0.5,-0.002721627053688275,0.002751131731201881,64
public_task_span,2,21,-1.3105314792486366e-05,-0.0021540263869238127,0.0021540263869238127,0.5,0.0008300185982079641,-0.0008562292277929369,64
final_prompt,14,25,3.6775617218154366e-08,0.0021536356881425613,0.0021536356881425613,0.5,-1.3000976593069424e-06,1.3736488937432512e-06,64
final_prompt,3,30,-3.249219921030847e-05,-0.002152816303842429,0.002152816303842429,0.5,0.0012487336105095888,-0.0013137180089302057,64
public_task_span,2,18,1.4359051419884276e-05,0.00214643832807403,0.00214643832807403,0.5,0.0010537650450714912,-0.0010250469422317225,64
response_mean,2,16,6.978065357538703e-06,0.00214607145557129,0.00214607145557129,0.5,-0.000687231717165543,0.0007011878478806203,64
response_first,15,9,-6.195399859798503e-09,-0.002140243081122872,0.002140243081122872,0.515625,-3.257193856853746e-07,3.133285859657776e-07,64
response_first,3,7,8.691289954397368e-06,0.002137589665432884,0.002137589665432884,0.5,0.0002664628229851416,-0.0002490802430763468,64
final_prompt,30,30,2.3003246951543677e-07,0.002127238595169615,0.002127238595169615,0.484375,2.2176743414079566e-05,-2.1716678475048686e-05,64
response_mean,1,0,5.701350346498494e-06,0.0021260805027719146,0.0021260805027719146,0.5,-0.0001951038975675968,0.00020650659826059383,64
final_prompt,14,8,1.1134252986245075e-07,0.0021257690694277765,0.0021257690694277765,0.5,-9.914885978900816e-06,1.0137571038625717e-05,64
response_first,31,13,-1.4078257208945816e-06,-0.0021252523979059857,0.0021252523979059857,0.53125,-0.00044518655749922574,0.00044237090605743663,64
response_mean,34,15,1.0442499842626456e-06,0.0021228879909777226,0.0021228879909777226,0.5,-3.8033540477099192e-06,5.8918540162351934e-06,64
response_first,8,7,-5.941745257584326e-06,-0.002119484661279439,0.002119484661279439,0.5,0.0010120585902768501,-0.0010239420807920188,64
response_first,3,4,-1.5565796275043018e-05,-0.0021065207443189487,0.0021065207443189487,0.5,-0.0005367832854972098,0.0005056516929471246,64
response_mean,9,9,2.4322704916681364e-07,0.002104312427841697,0.002104312427841697,0.5,-7.863262646877223e-05,7.911908056710586e-05,64
final_prompt,14,26,8.467551992877378e-08,0.0021026240055713116,0.0021026240055713116,0.5,-5.152897912806007e-06,5.322248952663556e-06,64
public_task_span,10,21,2.0594561647112038e-06,0.0021000123631077687,0.0021000123631077687,0.5,0.0004728819221781831,-0.00046876300984876067,64
public_task_span,3,16,1.833446003729521e-05,0.002095639735509917,0.002095639735509917,0.5,-0.0028378603310556904,0.0028745292511302813,64
public_task_span,3,22,-1.257189796888592e-05,-0.002090962520121706,0.002090962520121706,0.5,-0.0011307781896903219,0.00110563439375255,64
response_mean,13,14,3.3155075982450573e-06,0.0020897383360944694,0.0020897383360944694,0.515625,0.00020525861560827035,-0.00019862760041178018,64
response_mean,6,26,4.342253305370826e-06,0.002087939230155947,0.002087939230155947,0.5,0.00014025128621142927,-0.00013156677960068753,64
final_prompt,6,21,7.027590982039238e-06,0.0020837136460195,0.0020837136460195,0.515625,0.0002853210244211454,-0.0002712658424570667,64
public_task_span,35,1,1.9232516024106774e-07,0.0020831570321131823,0.0020831570321131823,0.5,1.2249627616251674e-05,-1.1864977295769536e-05,64
public_task_span,31,8,9.662303455171598e-07,0.0020805904060584163,0.0020805904060584163,0.5,1.9090680325477874e-06,2.3392658486539014e-08,64
final_prompt,3,11,-1.532306487206272e-05,-0.0020748060749377906,0.0020748060749377906,0.5,-0.002255395927932109,0.0022247497981879843,64
public_task_span,9,11,2.8559222187242945e-07,0.0020719460690654806,0.0020719460690654806,0.484375,-4.255781527716866e-05,4.3128999720913526e-05,64
final_prompt,7,26,1.0166746733548249e-07,0.0020673353454081457,0.0020673353454081457,0.5,7.243254458423796e-07,-5.209905111714155e-07,64
response_mean,3,23,-1.7275556274398913e-05,-0.002058700120227981,0.002058700120227981,0.5,0.000507470878801547,-0.0005420219913503449,64
public_task_span,5,13,-1.677054569881257e-05,-0.0020580921770213113,0.0020580921770213113,0.5,-0.0002691109366423754,0.0002355698452447501,64
final_prompt,8,18,-1.1200754101992114e-08,-0.002055051997316072,0.002055051997316072,0.5,-1.170502379466144e-07,9.464872974263022e-08,64
response_mean,6,24,-7.393085979852051e-06,-0.002050321713165112,0.002050321713165112,0.5,0.0008665891928103563,-0.0008813753647700605,64
public_task_span,27,1,-8.806125606425265e-08,-0.00204689676887782,0.00204689676887782,0.5,2.876073494917179e-06,-3.0521960070456845e-06,64
response_mean,6,22,-6.248015779412484e-06,-0.002046812655459859,0.002046812655459859,0.5,2.0491757823034364e-05,-3.29877893818594e-05,64
response_first,7,4,9.991719118751486e-10,0.002045538433003137,0.002045538433003137,0.515625,-6.888064973953334e-08,7.087899356328364e-08,64
response_first,12,8,-8.594118980965587e-07,-0.002043465402254776,0.002043465402254776,0.5,2.9917451684008702e-05,-3.1636275480201835e-05,64
response_first,35,11,-7.979933798241313e-07,-0.0020408076764845107,0.0020408076764845107,0.5,-0.00019905617773472795,0.00019746019097507971,64
response_mean,6,15,-7.693030966039868e-06,-0.002037300897556501,0.002037300897556501,0.484375,7.142452159316461e-05,-8.681058352524428e-05,64
response_mean,20,24,1.663293858200616e-08,0.0020355299650324926,0.0020355299650324926,0.5,-5.099726507751259e-07,5.432385279391382e-07,64
public_task_span,32,15,-3.5711582313239617e-07,-0.002034854592168246,0.002034854592168246,0.5,3.2904702948142825e-05,-3.361893459440762e-05,64
response_mean,27,9,-5.447573130420365e-07,-0.0020348062396451433,0.0020348062396451433,0.5,-5.910207528359072e-05,5.8012560657506654e-05,64
response_first,3,31,-3.3950138060845564e-05,-0.002025887157645164,0.002025887157645164,0.5,0.0012651663284373124,-0.001333066604559003,64
final_prompt,8,12,8.239882731686521e-08,0.0020246302286029863,0.0020246302286029863,0.5,1.9909232435111335e-05,-1.9744434780477604e-05,64
public_task_span,32,28,1.5389736063214458e-07,0.0020245384281683165,0.0020245384281683165,0.5,-8.902494215590993e-06,9.210288936855282e-06,64
public_task_span,32,25,2.7426881387856747e-07,0.002022566137202692,0.002022566137202692,0.5,8.48525814943401e-07,-2.9998818718626436e-07,64
response_mean,5,1,-1.6657539163141975e-05,-0.0020160451532338134,0.0020160451532338134,0.5,0.00047129824270086574,-0.0005046133210271496,64
response_mean,14,22,-4.889220122122075e-07,-0.0020133609556241255,0.0020133609556241255,0.46875,0.00012485011109217986,-0.0001258279551166043,64
response_mean,2,23,-1.352911158391981e-05,-0.002012927269075235,0.002012927269075235,0.5,0.0002619090992084287,-0.0002889673223762681,64
post_selector,2,27,-2.1246622054601534e-05,-0.0020103533803724986,0.0020103533803724986,0.5,0.0010745655672508346,-0.0011170588113600375,64
public_task_span,29,20,4.291757704723166e-07,0.0020097526018669027,0.0020097526018669027,0.484375,-6.197578682076241e-05,6.283413836170704e-05,64
response_first,6,31,1.6858109489702698e-05,0.001998804851138354,0.001998804851138354,0.5,0.0005446307874308374,-0.0005109145684514324,64
post_selector,3,30,-2.6734962602867037e-05,-0.0019976012483222164,0.0019976012483222164,0.5,0.0010215223858267507,-0.0010749923110324848,64
response_first,18,0,2.235744966938558e-08,0.001996109785189341,0.001996109785189341,0.5,-2.8655531414401025e-06,2.910268040778874e-06,64
response_mean,3,16,-1.372251790598912e-05,-0.001987226955901913,0.001987226955901913,0.5,-0.0009176792809739531,0.000890234245161975,64
public_task_span,4,19,2.127757761627219e-05,0.0019821019334730493,0.0019821019334730493,0.5,0.00036492561866909067,-0.00032237046343654624,64
final_prompt,3,24,-1.4454546771961157e-05,-0.001978862509577688,0.001978862509577688,0.5,0.00040850438472262167,-0.000437413478266544,64
final_prompt,10,3,2.812474804160662e-07,0.0019774973766348214,0.0019774973766348214,0.5,1.013081123346531e-05,-9.568316272633173e-06,64
public_task_span,0,29,8.162940503100076e-06,0.0019770591122642736,0.0019770591122642736,0.5,-0.0002749243867583532,0.00029125026776455316,64
response_first,6,25,-5.947365480095233e-06,-0.0019768880644786655,0.0019768880644786655,0.5,0.0001346103472315133,-0.00014650507819170372,64
response_first,18,28,-5.103038347417596e-07,-0.001965957880307721,0.001965957880307721,0.5,-4.264647486707854e-06,3.2440398172243364e-06,64
public_task_span,27,31,-1.0161027148595688e-06,-0.0019654222178294516,0.0019654222178294516,0.5,-8.667384099680554e-05,8.46416355670864e-05,64
response_first,15,31,-4.696018152117176e-08,-0.0019600763306283527,0.0019600763306283527,0.5,-6.109692840539083e-07,5.170489210115646e-07,64
response_mean,1,16,2.7636317554451736e-06,0.001954468168808191,0.001954468168808191,0.5,-0.00044398356340023294,0.00044951082691112326,64
response_mean,26,11,3.789537572629342e-08,0.0019496433394008692,0.0019496433394008692,0.5,2.961400483059151e-06,-2.8856097316065643e-06,64
response_mean,9,10,-3.719609935611264e-06,-0.0019454963425611016,0.0019454963425611016,0.5,-0.00011042218318378321,0.00010298296331256077,64
public_task_span,10,29,2.125760602208018e-06,0.0019408396722343788,0.0019408396722343788,0.5,9.054135716722237e-05,-8.62898359628063e-05,64
final_prompt,3,25,1.1510895404853836e-05,0.0019365802478809862,0.0019365802478809862,0.5,0.0004891617766702434,-0.00046613998586053553,64
final_prompt,5,31,1.7281469695256958e-06,0.001934699535280233,0.001934699535280233,0.5,6.524680844677971e-05,-6.179051450772828e-05,64
public_task_span,33,5,-1.3113108252586536e-06,-0.0019342896405408119,0.0019342896405408119,0.5,-0.00039421255678460097,0.0003915899351340836,64
response_mean,6,25,-7.105547410899684e-06,-0.0019270297766692663,0.0019270297766692663,0.5,0.0002029147690336687,-0.00021712586385546804,64
response_mean,17,15,-7.542299726994692e-06,-0.001927004323776003,0.001927004323776003,0.5,0.000464343146632021,-0.0004794277460860103,64
public_task_span,3,12,-2.3559718826511372e-05,-0.0019255044901542071,0.0019255044901542071,0.5,0.000533768640650584,-0.0005808880783036062,64
response_mean,3,13,-1.690059070824049e-05,-0.001915708822784188,0.001915708822784188,0.5,-5.623741162706885e-05,2.2436230210587437e-05,64
response_first,4,6,2.4099000881961903e-05,0.0019153143064089067,0.0019153143064089067,0.5,0.0007408628939629133,-0.0006926648921989896,64
response_mean,13,8,-7.386185188810101e-06,-0.0019009753676846222,0.0019009753676846222,0.5,0.0017403703895979277,-0.0017551427599755479,64
final_prompt,28,25,6.965433385560978e-08,0.0018978949875766624,0.0018978949875766624,0.484375,1.7767183635550684e-07,-3.836316864428686e-08,64
response_first,8,26,3.789467882597358e-06,0.0018954455273358047,0.0018954455273358047,0.515625,0.00019536770560080226,-0.00018778876983560752,64
response_mean,2,21,-1.522806269349834e-05,-0.0018897576237824412,0.0018897576237824412,0.5,0.001843851307057753,-0.00187430743244475,64
response_mean,12,11,7.795075589455162e-06,0.0018767171438782654,0.0018767171438782654,0.5,0.0008539538262084459,-0.0008383636750295352,64
response_mean,13,25,1.2023313047384174e-06,0.0018701277737881218,0.0018701277737881218,0.5,5.970420352242669e-05,-5.7299540912949904e-05,64
response_mean,29,30,1.1139157152229005e-08,0.0018681708281149856,0.0018681708281149856,0.5,4.3971271423970393e-07,-4.1743439993524595e-07,64
response_first,8,25,1.2359159882139938e-06,0.0018673095659800885,0.0018673095659800885,0.5,3.9342710806520425e-05,-3.687087883009249e-05,64
final_prompt,15,10,2.0079480122861412e-07,0.0018611526631855176,0.0018611526631855176,0.515625,1.8147829308643002e-05,-1.7746239706185767e-05,64
response_mean,7,10,7.091429665708222e-08,0.0018566305554689002,0.0018566305554689002,0.515625,-2.5202161282346655e-06,2.6620447215488316e-06,64
public_task_span,20,20,-8.723283144730282e-07,-0.0018555915455693757,0.0018555915455693757,0.5,-7.557676735813456e-05,7.383211072918851e-05,64
final_prompt,32,31,-1.3878495792617646e-06,-0.0018531144491105767,0.0018531144491105767,0.5,0.00020746611971844063,-0.00021024181887696413,64
response_first,15,1,6.639454568362818e-07,0.0018524292194291505,0.0018524292194291505,0.5,0.00010183228732784427,-0.0001005043964141717,64
post_selector,4,15,1.7281732652920387e-05,0.001846990002895289,0.001846990002895289,0.5,0.0006489349607363656,-0.000614371495430525,64
response_mean,7,28,9.811893733099271e-07,0.001838853290681438,0.001838853290681438,0.5,6.710606271553909e-05,-6.514368396891926e-05,64
final_prompt,4,20,9.209404197467312e-06,0.0018295522404928033,0.0018295522404928033,0.5,5.707667696698988e-05,-3.865786857205482e-05,64
response_first,7,13,-3.012731752960473e-08,-0.0018272745874536177,0.0018272745874536177,0.5,-7.237485419864243e-07,6.634939069272148e-07,64
response_mean,4,31,-1.209200831907631e-06,-0.00182720969629039,0.00182720969629039,0.5,-5.2471406206675196e-05,5.0053004542859975e-05,64
response_first,16,17,-1.4978040496762957e-07,-0.0018228818539566644,0.0018228818539566644,0.5,3.905523686852736e-05,-3.935479767846262e-05,64
public_task_span,16,6,-3.746526999770301e-07,-0.0018175816022949055,0.0018175816022949055,0.484375,9.214985084325547e-05,-9.289915624320954e-05,64
final_prompt,6,25,-1.2809773124904068e-05,-0.0018135855350541342,0.0018135855350541342,0.5,0.00034820450855476803,-0.00037382405480457573,64
response_mean,12,12,8.234000858895843e-07,0.001812933063978135,0.001812933063978135,0.515625,0.00010798504865759552,-0.00010633824848581635,64
response_first,1,6,-4.189605533607804e-06,-0.0018101526754369145,0.0018101526754369145,0.5,-0.00039378214569296243,0.00038540293462574693,64
response_mean,16,18,1.704635678830181e-06,0.001809675413190922,0.001809675413190922,0.5,0.00018838389178198086,-0.00018497462042432042,64
response_first,7,17,-4.509877271630103e-08,-0.0018082888357842278,0.0018082888357842278,0.5,-4.103356502582756e-06,4.013158957150154e-06,64
response_mean,15,2,-6.65739935357148e-06,-0.0018069810407092997,0.0018069810407092997,0.484375,-0.0005471334970934408,0.0005338186983862979,64
response_first,6,11,-1.5009914932303061e-05,-0.001805355710988898,0.001805355710988898,0.5,-0.001033965818351125,0.0010039459884865188,64
final_prompt,5,9,-9.263330866818775e-06,-0.0017999736311488288,0.0017999736311488288,0.5,5.439746018964361e-05,-7.292412192328124e-05,64
final_prompt,14,14,-1.4471126519310928e-08,-0.0017997523065997226,0.0017997523065997226,0.5,9.986490709934515e-07,-1.0275913240320733e-06,64
final_prompt,4,25,-1.410000550094992e-05,-0.001798690007125839,0.001798690007125839,0.5,0.0007456313105649185,-0.0007738313215668183,64
final_prompt,12,3,1.868986032586906e-07,0.001795585909450807,0.001795585909450807,0.5,-1.9120000501961482e-05,1.9493797708478863e-05,64
final_prompt,21,22,8.625707437247052e-08,0.0017917962332359232,0.0017917962332359232,0.5,-1.242169287251567e-05,1.2594207021260613e-05,64
final_prompt,6,23,1.8187569139620381e-06,0.0017915374457415341,0.0017915374457415341,0.5,2.365679711147001e-05,-2.001928328354594e-05,64
final_prompt,29,3,-8.188028004943779e-06,-0.001791102101204963,0.001791102101204963,0.5,-0.001052929088473303,0.0010365530324634158,64
response_mean,20,25,-4.77747676084114e-07,-0.001790513509785933,0.001790513509785933,0.5,-1.7330321043113716e-05,1.6374825690945476e-05,64
response_first,6,9,1.9190110833750893e-06,0.0017815433613251317,0.0017815433613251317,0.5,-0.000577847535168966,0.0005816855573357162,64
response_first,21,12,-5.846231942996383e-08,-0.001780778052659572,0.001780778052659572,0.53125,6.403490772299847e-06,-6.5204154111597745e-06,64
final_prompt,2,4,2.0165639398332614e-05,0.0017802596845778354,0.0017802596845778354,0.5,0.001241393212694667,-0.0012010619338980017,64
public_task_span,2,17,-4.4065382098755365e-06,-0.001777048345948994,0.001777048345948994,0.5,0.00023736564617138632,-0.0002461787225911376,64
response_mean,5,28,2.4487084715454823e-06,0.0017718629527766526,0.0017718629527766526,0.5,0.00011561914590174486,-0.00011072172895865387,64
final_prompt,5,22,1.2368567524843215e-05,0.0017689961955681497,0.0017689961955681497,0.5,0.0005289572204958345,-0.0005042200854461481,64
public_task_span,25,22,-6.759721600316881e-07,-0.001767443980431528,0.001767443980431528,0.5,4.357518719186988e-06,-5.709463039250371e-06,64
final_prompt,5,28,1.388400065138642e-05,0.0017593175256958025,0.0017593175256958025,0.5,0.0007127098027126493,-0.0006849418014098763,64
final_prompt,5,1,1.139367714130771e-05,0.0017564958914269653,0.0017564958914269653,0.5,0.0004047159864057902,-0.0003819286321231747,64
public_task_span,2,22,-5.478269940796174e-06,-0.0017522548397197947,0.0017522548397197947,0.5,0.00015598134086757936,-0.00016693788074917176,64
final_prompt,9,18,1.4298790151912177e-08,0.0017516008121915775,0.0017516008121915775,0.515625,-2.5294886167870345e-06,2.5580861970908586e-06,64
response_mean,8,24,4.257024556854675e-06,0.0017484403423786293,0.0017484403423786293,0.5,-0.0007252383802551782,0.0007337524293688875,64
response_mean,14,0,-2.9213229169045007e-08,-0.0017439620144757688,0.0017439620144757688,0.5,7.219347253339958e-08,-1.306199308714895e-07,64
public_task_span,9,7,-3.525502734157341e-07,-0.0017436856721991074,0.0017436856721991074,0.484375,3.6583686323867135e-05,-3.72887868706986e-05,64
response_first,1,31,3.480078589733673e-07,0.0017432766879709597,0.0017432766879709597,0.5,-0.0001028397344953107,0.00010353575021325743,64
public_task_span,32,16,8.585143405062659e-07,0.0017432109423482448,0.0017432109423482448,0.5,-0.00014674677731818118,0.00014846380599919373,64
response_mean,31,16,-4.9929795409298094e-08,-0.0017339702155642232,0.0017339702155642232,0.5,-4.801396272569036e-06,4.70153668175044e-06,64
response_first,2,29,2.084290645143461e-05,0.001732339764308023,0.001732339764308023,0.5,0.000744789591408339,-0.0007031037785054704,64
response_mean,1,4,-1.5372825145986943e-07,-0.0017300983286677148,0.0017300983286677148,0.5,8.656950285508586e-06,-8.964406788428325e-06,64
final_prompt,14,16,-3.5831270395032485e-07,-0.0017298249985355325,0.0017298249985355325,0.515625,-4.171464345858401e-05,4.099801805068335e-05,64
public_task_span,16,29,-2.223794581374e-06,-0.001726652937799325,0.001726652937799325,0.515625,8.743863872949837e-05,-9.188622789224645e-05,64
final_prompt,18,9,1.1927194236723462e-06,0.0017237683296430048,0.0017237683296430048,0.5,-0.00039065732880769145,0.0003930427676550362,64
response_mean,27,10,9.663659739215988e-08,0.0017237008739841183,0.0017237008739841183,0.5,-2.1143519518311045e-05,2.133679271309536e-05,64
public_task_span,4,10,1.2590104233820942e-05,0.0017181138417866023,0.0017181138417866023,0.515625,0.00012561843686853386,-0.00010043822840089168,64
public_task_span,2,1,-1.3973789464218631e-05,-0.0017136560121636859,0.0017136560121636859,0.5,-4.8352212616012186e-05,2.0404633687575032e-05,64
public_task_span,7,5,1.0474035150487269e-07,0.001710926815682342,0.001710926815682342,0.515625,1.052050757266617e-05,-1.0311026869656421e-05,64
final_prompt,12,2,6.100202654124555e-08,0.001708221725462967,0.001708221725462967,0.5,-2.538505327720486e-06,2.660509380802978e-06,64
response_first,1,7,3.847490006588008e-07,0.0017042898923539985,0.0017042898923539985,0.5,-2.9315434517223404e-05,3.008493251854101e-05,64
response_mean,1,2,-5.333495209931192e-06,-0.0016970589331294767,0.0016970589331294767,0.5,-0.00022449185416918127,0.00021382486374931875,64
public_task_span,25,24,-2.1321579879576866e-07,-0.0016970028916583964,0.0016970028916583964,0.515625,-2.9770574201417298e-06,2.5506258225501984e-06,64
final_prompt,4,4,1.3804151137717215e-05,0.0016964076865841388,0.0016964076865841388,0.5,0.00024687502752840834,-0.0002192667252529741,64
final_prompt,2,21,2.6924623853115436e-05,0.0016962230065067588,0.0016962230065067588,0.5,0.0013405408462858798,-0.0012866915985796507,64
response_mean,8,27,1.7143529475938444e-06,0.001695903085983465,0.001695903085983465,0.5,0.0001108714441215898,-0.00010744273822640205,64
response_first,17,11,-1.8061143691402732e-07,-0.001692247493578965,0.001692247493578965,0.5,-3.478759509788891e-05,3.4426372224060865e-05,64
final_prompt,30,13,4.45182536165521e-07,0.0016898788282883916,0.0016898788282883916,0.5,-6.097663731451711e-05,6.186700238684813e-05,64
response_first,16,27,3.151892258310928e-07,0.0016887876803606764,0.0016887876803606764,0.5,-1.1171965780931894e-05,1.1802344232594083e-05,64
response_mean,5,9,1.3433864296578095e-06,0.001687482809857821,0.001687482809857821,0.5,-9.220686479231258e-06,1.1907459338546874e-05,64
response_first,1,10,4.367699148127759e-06,0.0016853516097598618,0.0016853516097598618,0.515625,-0.0007122960269043644,0.0007210314252006198,64
response_first,5,20,-2.1251975795165716e-05,-0.0016834188050235423,0.0016834188050235423,0.5,0.0010312092970252587,-0.0010737132486155895,64
response_first,25,1,-5.230573663084215e-08,-0.0016826262113897696,0.0016826262113897696,0.5,-2.4438996746312114e-06,2.339288201369527e-06,64
final_prompt,8,19,8.564666131860598e-08,0.0016810143210964797,0.0016810143210964797,0.5,4.508584140694438e-06,-4.337290818057227e-06,64
response_first,3,18,-1.4271790860218838e-05,-0.0016777497036586232,0.0016777497036586232,0.5,0.00023830853024265318,-0.00026685211196309053,64
response_first,14,5,1.2284949662018572e-06,0.001674890658149401,0.001674890658149401,0.484375,5.7205041230187896e-05,-5.474805129778415e-05,64
final_prompt,6,28,-3.591291374505361e-06,-0.0016740027184579038,0.0016740027184579038,0.5,0.00015392454656648882,-0.00016110712931549957,64
final_prompt,6,15,-2.704981767461456e-06,-0.0016708782363541936,0.0016708782363541936,0.484375,1.3643929492001452e-05,-1.9053893026924363e-05,64
response_first,5,18,-1.882346805359529e-05,-0.0016680961197625941,0.0016680961197625941,0.5,0.0008598379044997124,-0.0008974848406069031,64
final_prompt,9,15,3.5020107702238797e-07,0.00166767229444259,0.00166767229444259,0.5,-1.1234314229121996e-05,1.193471638316677e-05,64
response_first,6,20,1.1777838835775939e-05,0.001659245691360328,0.001659245691360328,0.5,0.0001992312440961639,-0.00017567556642461216,64
final_prompt,19,16,5.691349542741258e-07,0.001655620615627966,0.001655620615627966,0.5,-2.362019313295724e-05,2.4758463041505484e-05,64
final_prompt,30,31,4.0255628164231894e-08,0.001655587096323287,0.001655587096323287,0.53125,-8.620241089829506e-06,8.70075234615797e-06,64
public_task_span,5,17,1.0518085673537434e-05,0.0016492639930051594,0.0016492639930051594,0.5,0.0006293807086876842,-0.0006083445373406094,64
response_first,35,8,2.267868694615628e-06,0.0016447717070515579,0.0016447717070515579,0.5,-0.00018427916438668756,0.00018881490177591876,64
response_mean,2,2,1.442124357708659e-05,0.0016416531820597055,0.0016416531820597055,0.5,5.041228359914363e-05,-2.1569796444970802e-05,64
final_prompt,15,20,-1.2361363132861572e-07,-0.0016406842582450975,0.0016406842582450975,0.515625,-8.397438477908951e-06,8.150211215251721e-06,64
response_mean,14,3,-6.016124416454162e-07,-0.0016404194812886872,0.0016404194812886872,0.5,5.13702445914417e-05,-5.257346947473255e-05,64
final_prompt,2,17,2.512557330190847e-06,0.0016330224203089556,0.0016330224203089556,0.5,-0.00020440261869223157,0.00020942773335261332,64
public_task_span,32,9,5.723984486380827e-07,0.0016254587653245106,0.0016254587653245106,0.5,-7.799800005158351e-05,7.914279694885967e-05,64
response_mean,1,10,-3.5624725569515815e-06,-0.0016243688501680672,0.0016243688501680672,0.5,-0.0006219381211849375,0.0006148131760710343,64
response_mean,1,1,4.001851266364776e-06,0.001624049326956876,0.001624049326956876,0.5,3.8451686123152924e-05,-3.0447983590423426e-05,64
response_mean,34,26,-1.0327715927123411e-07,-0.0016200664794254094,0.0016200664794254094,0.515625,1.6140987781849055e-06,-1.820653096727373e-06,64
response_first,5,22,1.8377440483167062e-05,0.0016195128445970828,0.0016195128445970828,0.5,0.0009284115722039264,-0.0008916566912375921,64
final_prompt,18,21,-6.226676987317657e-07,-0.0016155162188562465,0.0016155162188562465,0.53125,4.038499355373971e-05,-4.163032895120326e-05,64
response_mean,9,12,-1.8716218619374626e-06,-0.0016104596003479838,0.0016104596003479838,0.5,0.00013672832847078223,-0.0001404715721946572,64
response_mean,6,8,-1.3325525287660983e-05,-0.001603445775738192,0.001603445775738192,0.5,0.0018131739379896221,-0.0018398249885649438,64
public_task_span,32,14,-1.7846565469874733e-07,-0.0015942411980750335,0.0015942411980750335,0.5,-2.083128492820388e-06,1.7261971834228945e-06,64
final_prompt,4,12,2.1702650087718862e-05,0.001593332314973267,0.001593332314973267,0.5,0.0011772313357596399,-0.0011338260355842024,64
response_first,31,17,2.005328525456207e-08,0.0015929112330023466,0.0015929112330023466,0.484375,-8.420979469292433e-07,8.822045174383675e-07,64
response_first,4,27,7.386368793048468e-06,0.0015907159317704585,0.0015907159317704585,0.5,0.0003505553862623794,-0.0003357826486762824,64
final_prompt,1,17,-1.8191167328107454e-06,-0.0015878716482511863,0.0015878716482511863,0.5,0.0001056777909979896,-0.00010931602446361114,64
public_task_span,27,11,-4.543985596722712e-07,-0.0015825255415698406,0.0015825255415698406,0.5,-0.00010113155440194611,0.00010022275728260157,64
response_first,0,3,3.2982479751810466e-06,0.0015818866701927188,0.0015818866701927188,0.5,0.00041939642687793593,-0.0004127999309275738,64
public_task_span,3,13,-1.8216745957029806e-05,-0.0015803638576555796,0.0015803638576555796,0.5,0.0007518865968450034,-0.0007883200887590629,64
public_task_span,3,21,1.6436395526395263e-05,0.001579912158302989,0.001579912158302989,0.5,-0.0026661471347324468,0.0026990199257852375,64
response_mean,8,19,1.3475528248821166e-06,0.0015786060024449069,0.0015786060024449069,0.5,0.00025584916693332117,-0.0002531540612835569,64
response_first,6,1,-7.32083935872489e-06,-0.0015743057315690022,0.0015743057315690022,0.5,0.00041862816215143116,-0.00043326984086888127,64
response_mean,5,22,1.4956282711864766e-05,0.0015737559650519357,0.0015737559650519357,0.5,0.0008100246182038887,-0.0007801120527801594,64
response_mean,3,2,-1.9393603452030406e-06,-0.0015721600641368095,0.0015721600641368095,0.5,8.084893624981995e-05,-8.472765694022603e-05,64
response_mean,4,2,-2.2171896489450466e-05,-0.0015697506964903092,0.0015697506964903092,0.5,0.0010076505504912439,-0.0010519943434701448,64
response_first,28,30,-7.561411052847689e-08,-0.0015590109833572175,0.0015590109833572175,0.5,8.967475991994434e-06,-9.118704213051387e-06,64
response_first,13,4,3.4876188692753747e-07,0.001554427310873241,0.001554427310873241,0.5,-4.190705988093318e-05,4.2604583654788265e-05,64
response_mean,17,29,5.85110456090023e-07,0.0015491730114159646,0.0015491730114159646,0.484375,8.063389134349307e-05,-7.946367043131304e-05,64
response_first,7,8,3.660040448494328e-08,0.0015481922115945274,0.0015481922115945274,0.5,4.1810791628904575e-07,-3.449071073191592e-07,64
final_prompt,17,28,6.1463314438015004e-09,0.0015433146014984002,0.0015433146014984002,0.5,1.4517636337529893e-07,-1.3288370048769596e-07,64
public_task_span,15,15,1.5598698155610843e-07,0.0015431838111612955,0.0015431838111612955,0.5,3.8284827610361524e-05,-3.7972853647249305e-05,64
final_prompt,1,8,-2.024708010137483e-06,-0.0015422905063005906,0.0015422905063005906,0.5,0.00035350882171768147,-0.00035755823773795644,64
response_mean,34,22,5.969357062031285e-07,0.0015418114531007485,0.0015418114531007485,0.5,7.350994110309373e-06,-6.157122697903106e-06,64
public_task_span,18,22,1.8957125576078427e-06,0.0015333739869491743,0.0015333739869491743,0.484375,9.480270819049285e-06,-5.6888457038336404e-06,64
response_mean,3,27,1.8414177247908642e-05,0.0015319439619237095,0.0015319439619237095,0.5,0.0008127891624099188,-0.0007759608079141013,64
public_task_span,9,19,7.826640668895326e-09,0.001530176052953562,0.001530176052953562,0.5,-1.540873212135807e-06,1.5565264934735978e-06,64
final_prompt,3,5,1.6766009252929676e-05,0.0015249334297238453,0.0015249334297238453,0.5,0.0004122709606235868,-0.0003787389421177281,64
response_mean,2,15,-5.429017619467969e-06,-0.001523202466798278,0.001523202466798278,0.5,-0.0005144728493178159,0.0005036148140788801,64
final_prompt,0,7,-6.110727554185254e-06,-0.0015210251396347181,0.0015210251396347181,0.5,-0.00013177315486245312,0.00011955169975408266,64
final_prompt,4,0,1.8734019931800636e-05,0.0015190387049131041,0.0015190387049131041,0.5,0.001102133969197908,-0.0010646659293343072,64
response_first,17,24,-2.2520305265209386e-07,-0.0015179042164546993,0.0015179042164546993,0.5,1.1852448551517145e-06,-1.6356509604558997e-06,64
response_mean,11,15,8.63215518620027e-06,0.001514144946683472,0.001514144946683472,0.5,0.0022562636713700937,-0.002238999360997693,64
public_task_span,35,7,-7.420140946107264e-08,-0.0015127153040915716,0.0015127153040915716,0.5,-6.134153863965481e-06,5.985751045043337e-06,64
final_prompt,3,31,1.7721250287647218e-05,0.0015105589248732084,0.0015105589248732084,0.5,0.0009598545445897045,-0.0009244120440144102,64
public_task_span,4,23,1.6697213141013932e-05,0.001508825470724982,0.001508825470724982,0.5,-0.0003269755688961349,0.00036036999517816224,64
final_prompt,17,25,-1.8583626548712667e-07,-0.0015087238149400577,0.0015087238149400577,0.5,-2.563941613686473e-05,2.5267743605890476e-05,64
final_prompt,9,24,-8.00153543423221e-09,-0.0015070942410530237,0.0015070942410530237,0.515625,-2.117502958753903e-06,2.1014998878854385e-06,64
final_prompt,4,8,-2.2736239259297467e-05,-0.0015035439565160332,0.0015035439565160332,0.5,0.000823459636308156,-0.000868932114826751,64
response_mean,13,0,-7.397225658690705e-07,-0.0015013239879262494,0.0015013239879262494,0.5,-0.00015822620582638792,0.00015674676069464975,64
response_mean,2,28,2.56815064859079e-06,0.0014965952210308268,0.0014965952210308268,0.5,-9.168300948657199e-05,9.681931078375353e-05,64
response_mean,0,19,2.0827956177457154e-06,0.0014957983389484702,0.0014957983389484702,0.5,0.0002086712147502013,-0.00020450562351470987,64
response_first,6,29,4.720202923635898e-06,0.001491354391640524,0.001491354391640524,0.5,-0.00045983942254677505,0.0004692798283940469,64
response_first,27,3,1.5839947131723875e-09,0.0014903026047444665,0.0014903026047444665,0.5,6.138072095041025e-08,-5.8212731524065475e-08,64
response_mean,6,28,-5.480854724737095e-06,-0.0014878846189178717,0.0014878846189178717,0.5,-5.924284505453653e-05,4.828113560506256e-05,64
final_prompt,10,11,-8.881389135293935e-08,-0.0014870734436140073,0.0014870734436140073,0.5,1.7693451468407058e-06,-1.946972929546586e-06,64
final_prompt,10,21,6.069044502511189e-07,0.00148680114520826,0.00148680114520826,0.5,-4.5920823140465295e-05,4.7134632040967536e-05,64
public_task_span,25,4,1.8585490124222684e-07,0.00148352787349644,0.00148352787349644,0.5,3.1167642191492e-06,-2.7450544166647455e-06,64
response_mean,10,25,3.644493142868064e-07,0.0014786994727551015,0.0014786994727551015,0.5,8.469370073527106e-05,-8.396480210669745e-05,64
public_task_span,4,7,-2.857804099675636e-05,-0.0014772864368969758,0.0014772864368969758,0.5,0.0008465896678444841,-0.0009037457498379969,64
response_mean,13,20,-6.14856503490843e-08,-0.0014744999727361518,0.0014744999727361518,0.5,1.992069583422752e-05,-2.004366713492569e-05,64
public_task_span,15,7,8.612570354678991e-07,0.001473044218358237,0.001473044218358237,0.5,-0.00011749107017066633,0.00011921358424160213,64
response_first,3,23,-1.0075349564430693e-05,-0.0014710957850922273,0.0014710957850922273,0.5,5.149820935907443e-06,-2.5300520064768938e-05,64
response_first,1,18,2.1867017494533016e-06,0.0014606305271412823,0.0014606305271412823,0.5,-3.5367040254643764e-05,3.974044375355034e-05,64
public_task_span,4,18,1.4507659216181183e-05,0.0014515462853162586,0.0014515462853162586,0.5,0.00032525608276048304,-0.00029624076432812,64
response_mean,14,16,1.4730185284858179e-06,0.0014514980637228053,0.0014514980637228053,0.5,7.070780111461865e-05,-6.7761764057647e-05,64
response_mean,2,17,6.370559276550915e-06,0.001451381564241576,0.001451381564241576,0.5,-0.0003065407872781969,0.00031928190583129873,64
response_mean,18,21,4.650143182514379e-06,0.0014501171169246868,0.0014501171169246868,0.515625,-9.501058138994671e-05,0.00010431086775497525,64
public_task_span,4,6,1.526980895505403e-05,0.0014500000150629445,0.0014500000150629445,0.515625,0.0009345820972157533,-0.0009040424793056463,64
final_prompt,12,21,5.288736701956702e-07,0.0014475100718107903,0.0014475100718107903,0.5,-7.170627031882275e-05,7.27640176592141e-05,64
response_first,30,14,8.596069633881598e-09,0.0014461943242068942,0.0014461943242068942,0.5,-2.4880343119093595e-07,2.6599557045869915e-07,64
response_mean,33,22,3.2406387617614964e-07,0.0014393314200693704,0.0014393314200693704,0.5,-0.00015846843598407451,0.00015911656373642684,64
response_mean,9,22,6.991970622037471e-06,0.0014374771339428181,0.0014374771339428181,0.5,9.660763316787194e-05,-8.2623691923797e-05,64
final_prompt,14,2,4.227156296155846e-07,0.0014299666761118856,0.0014299666761118856,0.5,5.562798992286204e-05,-5.478255866363089e-05,64
response_mean,11,20,-5.9023582821471e-07,-0.0014273322872273625,0.0014273322872273625,0.5,2.8739726246847295e-05,-2.992019790327671e-05,64
response_mean,18,20,8.878795370058219e-07,0.0014249691099384445,0.0014249691099384445,0.484375,5.539698935308783e-05,-5.362123027907624e-05,64
response_mean,11,21,1.153015318773899e-07,0.0014214375453491335,0.0014214375453491335,0.5,6.30745944361592e-07,-4.001428806068139e-07,64
public_task_span,27,3,-1.1329325389122416e-07,-0.0014205820417568654,0.0014205820417568654,0.5,-3.641443527157241e-05,3.6187848763789955e-05,64
response_first,8,1,1.5710274965383331e-06,0.001418784914734873,0.001418784914734873,0.5,3.956695400120411e-05,-3.642489900812748e-05,64
response_mean,5,20,-1.179822265839881e-05,-0.0014166619846084085,0.0014166619846084085,0.5,0.0007706176249939693,-0.0007942140703107671,64
final_prompt,12,19,1.665697482151076e-07,0.0014165113776835718,0.0014165113776835718,0.5,-1.3752036352340901e-05,1.4085175848771113e-05,64
response_first,26,0,7.425974217782507e-07,0.001411792404555568,0.001411792404555568,0.5,-8.172663001457387e-06,9.657857845013895e-06,64
public_task_span,6,27,-3.904960976805952e-06,-0.00141012532666922,0.00141012532666922,0.5,0.0007315448056033082,-0.0007393547275569201,64
response_mean,2,0,-8.397673809660677e-06,-0.0014082275738364044,0.0014082275738364044,0.5,-3.0299608624759222e-05,1.350426100543749e-05,64
final_prompt,8,22,3.761311972994008e-08,0.0014066235294803579,0.0014066235294803579,0.5,-5.799549455787201e-06,5.874775695247081e-06,64
public_task_span,10,10,4.885423550116764e-07,0.0014059316620777663,0.0014059316620777663,0.484375,3.290881522842286e-05,-3.193173051839948e-05,64
final_prompt,15,24,-3.188117148056335e-08,-0.0013959389108797052,0.0013959389108797052,0.484375,-3.8599197154098874e-06,3.7961573724487607e-06,64
public_task_span,25,18,1.410968764048448e-08,0.0013909412259324792,0.0013909412259324792,0.5,2.244577487431343e-06,-2.216358112150374e-06,64
final_prompt,2,22,2.1415697347038944e-05,0.0013908919157343536,0.0013908919157343536,0.5,0.0009081826410692734,-0.0008653512463751954,64
response_first,8,16,6.932617679922302e-08,0.001386690987932948,0.001386690987932948,0.5,-2.999816416604517e-05,3.0136816519643617e-05,64
final_prompt,12,5,-4.593290014903754e-08,-0.0013842469365537731,0.0013842469365537731,0.5,-4.319949269413232e-06,4.228083469115156e-06,64
public_task_span,5,21,-1.2679298379224139e-05,-0.001380203978225785,0.001380203978225785,0.5,0.0006731882231179286,-0.0006985468198763768,64
public_task_span,22,1,6.168543222920096e-07,0.001379208154019631,0.001379208154019631,0.5,8.338536918018171e-05,-8.215166053559769e-05,64
response_mean,2,7,-1.0836251874479352e-05,-0.001374232039900308,0.001374232039900308,0.5,0.00042447417956737636,-0.0004461466833163356,64
final_prompt,34,1,-3.444434696578107e-06,-0.0013669744824911277,0.0013669744824911277,0.5,-0.00028291863418417187,0.0002760297647910157,64
public_task_span,33,26,-1.691337843120024e-07,-0.001363665661279306,0.001363665661279306,0.5,1.1387200856913568e-05,-1.172546842553757e-05,64
final_prompt,16,21,8.823838015818928e-08,0.0013633840436274173,0.0013633840436274173,0.5,5.941570293552575e-07,-4.1768026903888023e-07,64
response_first,6,21,6.164007572808934e-06,0.0013633825210806617,0.0013633825210806617,0.515625,2.040823983408371e-05,-8.080224688465869e-06,64
public_task_span,1,27,-3.64005973097517e-06,-0.0013620140413230254,0.0013620140413230254,0.5,0.0008698438614373825,-0.000877123980899333,64
response_first,16,31,6.304667343748349e-09,0.0013592865263653664,0.0013592865263653664,0.515625,6.512883967690897e-07,-6.38679062081593e-07,64
response_mean,1,24,-2.294131263626571e-06,-0.001358796586939455,0.001358796586939455,0.5,0.00018249497225042186,-0.00018708323477767503,64
response_mean,7,21,-5.601268640001685e-07,-0.0013585988713488834,0.0013585988713488834,0.5,-2.0252259673718277e-05,1.9132005945717933e-05,64
final_prompt,3,17,-1.001041607651403e-05,-0.0013547211078745395,0.0013547211078745395,0.5,0.0006760616456631496,-0.0006960824778161777,64
response_first,27,5,-4.4646654373306906e-08,-0.0013520129228910202,0.0013520129228910202,0.5,-5.1779839793642435e-06,5.08869067061763e-06,64
public_task_span,23,2,-2.7077771846916295e-07,-0.001351550984483023,0.001351550984483023,0.5,1.665110448811474e-05,-1.7192659925053067e-05,64
final_prompt,4,30,-4.429513865036373e-06,-0.0013510761438716966,0.0013510761438716966,0.5,0.00021151411965548313,-0.00022037314738555585,64
response_mean,3,29,-1.0367242566641094e-05,-0.001349427134208517,0.001349427134208517,0.484375,0.0005716280343221913,-0.0005923625194554734,64
final_prompt,3,2,-2.5897661544186604e-06,-0.0013483870560316168,0.0013483870560316168,0.5,4.596618964559357e-06,-9.776151273396745e-06,64
response_mean,1,7,-6.030004442475686e-07,-0.0013469459014696038,0.0013469459014696038,0.484375,-5.426531242847363e-05,5.30593115399785e-05,64
response_first,0,30,2.698488515315609e-06,0.0013437846340376913,0.0013437846340376913,0.5,0.00038817642052890624,-0.000382779443498275,64
response_mean,3,21,-1.3736245819017572e-05,-0.0013421202723333779,0.0013421202723333779,0.5,0.0003117915093753312,-0.0003392640010133654,64
public_task_span,6,18,-6.932427822904999e-06,-0.0013406877542159966,0.0013406877542159966,0.5,2.8589342036880325e-05,-4.245419768269032e-05,64
public_task_span,1,28,-3.522911470100077e-06,-0.0013406374513888098,0.0013406374513888098,0.5,-0.0011180717585830132,0.001111025935642813,64
response_first,19,25,4.560203024067576e-07,0.001338567274852609,0.001338567274852609,0.5,-0.00011849884481307153,0.00011941088541788503,64
final_prompt,35,25,-3.4639379009578027e-07,-0.0013382101319699513,0.0013382101319699513,0.484375,-2.5328824449381817e-05,2.463603686919025e-05,64
public_task_span,5,10,6.226927325768709e-06,0.0013368544659091155,0.0013368544659091155,0.5,0.00013859817408955313,-0.0001261443194380156,64
response_mean,1,22,-3.983595888710343e-06,-0.001336684915803644,0.001336684915803644,0.5,0.00031876745197222567,-0.0003267346437496465,64
response_first,4,16,-1.7851889424492107e-05,-0.00133270060596751,0.00133270060596751,0.5,0.0008315107024827904,-0.0008672144813317742,64
final_prompt,2,31,-1.3415232416492213e-05,-0.0013239073654913653,0.0013239073654913653,0.5,-5.3039587953659776e-05,2.6209123120676238e-05,64
response_first,6,6,1.4895289496055612e-05,0.0013181276499097002,0.0013181276499097002,0.5,0.0007258286568685493,-0.0006960380778764377,64
public_task_span,2,10,1.0369942174286054e-05,0.0013133290098935216,0.0013133290098935216,0.5,0.0013032013375777656,-0.0012824614532291937,64
post_selector,35,9,-4.721670848082798e-06,-0.0013124013094389269,0.0013124013094389269,0.5,-0.0008482494231429843,0.0008388060814468188,64
response_mean,5,3,1.0302245073032408e-05,0.0013092361136119671,0.0013092361136119671,0.5,0.0008886324667400922,-0.0008680279765940274,64
public_task_span,9,24,-1.4526733593811514e-08,-0.0013041520101605664,0.0013041520101605664,0.484375,-3.4550645722219997e-06,3.4260111050343767e-06,64
final_prompt,4,6,-8.131481763489108e-06,-0.0013034491699718167,0.0013034491699718167,0.5,0.00039942297053131306,-0.00041568593405829154,64
response_first,20,12,-1.388162473852217e-07,-0.0012969385308476804,0.0012969385308476804,0.5,2.8972730547136402e-05,-2.9250363041906842e-05,64
response_first,14,8,-2.494200543906192e-07,-0.0012950681910910758,0.0012950681910910758,0.5,1.7817985053621336e-05,-1.8316825162402585e-05,64
response_mean,4,6,-1.4641882899009678e-05,-0.001291514305516028,0.001291514305516028,0.5,0.0007536831071774878,-0.0007829668729755075,64
response_mean,15,28,-8.844397143568586e-07,-0.0012904935666354493,0.0012904935666354493,0.5,5.957153530289773e-05,-6.134041473161146e-05,64
response_first,4,2,1.796162541722857e-05,0.0012904506621777981,0.0012904506621777981,0.5,0.0006877238156448664,-0.0006518005648104091,64
response_first,8,9,-4.7275037218770326e-08,-0.0012805230317860454,0.0012805230317860454,0.5,7.41626115541146e-06,-7.510811229849001e-06,64
response_first,13,28,-1.758691325879795e-07,-0.0012778378371021434,0.0012778378371021434,0.5,-5.7098055037828205e-05,5.6746316772652246e-05,64
public_task_span,13,11,4.108238904727659e-08,0.0012764955050895848,0.0012764955050895848,0.484375,1.0458571598092664e-05,-1.037640681999811e-05,64
response_mean,5,23,-1.5140571008488398e-05,-0.0012702223588833916,0.0012702223588833916,0.5,0.0009646838950629876,-0.0009949650370799647,64
response_mean,3,14,-1.3546018180940608e-05,-0.0012691101646628846,0.0012691101646628846,0.5,0.00016027207539083402,-0.00018736411175271475,64
public_task_span,2,20,-4.990943125449229e-06,-0.001268968216265525,0.001268968216265525,0.515625,0.00019580985645007259,-0.00020579174270097107,64
response_first,19,5,8.64547018872477e-07,0.0012613703437006091,0.0012613703437006091,0.5,6.104001477071603e-05,-5.931092073297108e-05,64
public_task_span,5,27,-1.5987615824995024e-05,-0.001249710919377292,0.001249710919377292,0.5,0.0010115659706571257,-0.0010435412023071158,64
public_task_span,1,26,4.603407433022646e-06,0.0012419101355274334,0.0012419101355274334,0.5,0.0006209675193531152,-0.0006117607044870701,64
response_first,6,23,1.2979437542464214e-06,0.0012392628176516732,0.0012392628176516732,0.5,-5.445904071166088e-05,5.705492822015375e-05,64
public_task_span,25,5,6.543316999346375e-08,0.0012386355455861467,0.0012386355455861467,0.5,-4.6752582534250064e-06,4.8061245934119335e-06,64
response_first,13,23,2.9197408935033203e-08,0.0012376156852916041,0.0012376156852916041,0.484375,-1.4432544048759155e-09,5.983807227494253e-08,64
final_prompt,14,11,2.2908091068400245e-07,0.0012362170366928835,0.0012362170366928835,0.5,-5.333626995706244e-05,5.379443177843044e-05,64
final_prompt,2,23,-9.385974237832977e-06,-0.0012354750553169435,0.0012354750553169435,0.5,0.000442484964310118,-0.00046125691278578365,64
public_task_span,4,14,8.58307430462446e-06,0.001233417726361585,0.001233417726361585,0.5,0.00015464492025785826,-0.00013747877164860917,64
response_mean,13,10,-5.211068810238948e-06,-0.001229965944243552,0.001229965944243552,0.5,-0.0014086125829635308,0.001398190445343053,64
response_mean,6,10,1.9455656001891164e-06,0.0012275326358275951,0.0012275326358275951,0.5,0.0003257531243434667,-0.00032186199314308844,64
response_mean,5,11,1.7448536709709864e-05,0.0012249903327024845,0.0012249903327024845,0.5,0.0011602188606048105,-0.0011253217871853918,64
response_first,17,30,-5.328416818883852e-09,-0.0012237670704315256,0.0012237670704315256,0.484375,1.3391597342149453e-06,-1.349816567852713e-06,64
public_task_span,1,25,-4.750203515868742e-06,-0.0012179184349272276,0.0012179184349272276,0.5,0.0002630105882417438,-0.00027251099527348126,64
response_mean,0,8,-1.1996598914225246e-06,-0.0012163060256524054,0.0012163060256524054,0.5,1.5318120858877585e-05,-1.7717440641722647e-05,64
response_mean,0,28,2.0202369341885344e-06,0.0012161646772547836,0.0012161646772547836,0.5,0.0005384268788475226,-0.0005343864049791456,64
response_mean,6,29,-4.2269966797906975e-06,-0.0012111569843712318,0.0012111569843712318,0.5,-0.00015087420797496606,0.0001424202146153847,64
response_mean,15,29,1.3047012998886715e-06,0.0011991725395261326,0.0011991725395261326,0.5,-0.0002644727396727702,0.00026708214227254756,64
final_prompt,2,24,-6.612528522958604e-06,-0.0011961076086633225,0.0011961076086633225,0.5,0.0003364728981978375,-0.0003496979552437548,64
public_task_span,5,20,5.643235454042277e-06,0.001195855037389951,0.001195855037389951,0.5,0.00015738790716568753,-0.0001461014362576031,64
public_task_span,35,5,-2.6772454475686977e-07,-0.0011932394670462823,0.0011932394670462823,0.5,1.8193886717137718e-06,-2.354837761227518e-06,64
public_task_span,15,5,2.1697826468647248e-07,0.0011912615430842394,0.0011912615430842394,0.5,-3.37167858788192e-05,3.415074240819215e-05,64
response_first,5,7,3.6529712588195037e-06,0.0011906633564361237,0.0011906633564361237,0.5,0.00028394053310876416,-0.0002766345905911252,64
response_mean,3,0,-4.568290023597248e-06,-0.001190481700985443,0.001190481700985443,0.5,0.00016622551629553455,-0.00017536209634272918,64
response_first,32,25,1.399001803276198e-07,0.001188719161545275,0.001188719161545275,0.5,1.1058819154636071e-05,-1.0779018793980833e-05,64
public_task_span,6,25,9.797667189552278e-06,0.0011880839429954857,0.0011880839429954857,0.5,-5.3493095037987026e-05,7.308842941709196e-05,64
response_first,27,25,-7.951457519052248e-07,-0.001187559476735204,0.001187559476735204,0.5,-0.00023234959553518342,0.00023075930403137292,64
response_mean,14,31,-8.0128938862358e-07,-0.0011854347475908729,0.0011854347475908729,0.484375,0.00013100655633024465,-0.00013260913510749182,64
final_prompt,17,27,-2.769274942668262e-07,-0.001184690949649333,0.001184690949649333,0.5,4.140421219744806e-05,-4.1958067185981713e-05,64
final_prompt,10,1,-1.1956933576495114e-07,-0.0011788625789230557,0.0011788625789230557,0.5,-1.5949008911773913e-05,1.570987024024401e-05,64
final_prompt,0,1,-5.589467036773394e-06,-0.0011783572567744215,0.0011783572567744215,0.5,0.00016339548892574076,-0.0001745744229992876,64
response_first,33,3,-5.119331944985391e-07,-0.00117765983428963,0.00117765983428963,0.5,-0.00011308466037007262,0.00011206079398107553,64
response_mean,4,16,-1.364712625218068e-05,-0.0011776358776658458,0.0011776358776658458,0.5,0.0006249241469049786,-0.0006522183994093402,64
response_mean,0,15,-1.0399762686625111e-06,-0.0011764471345198841,0.0011764471345198841,0.5,-0.0005031954569858343,0.0005011155044485093,64
final_prompt,17,14,-1.8038491589661955e-07,-0.0011758322064918689,0.0011758322064918689,0.5,4.185836132817269e-06,-4.546605964610506e-06,64
response_first,2,22,-9.324657185060827e-06,-0.0011708629093820934,0.0011708629093820934,0.5,0.0005211487423366717,-0.0005397980567067937,64
response_mean,16,17,-1.3606928632718158e-06,-0.0011678363704316689,0.0011678363704316689,0.5,0.0005704657844489477,-0.0005731871701754913,64
response_mean,9,0,-8.140659702066366e-08,-0.0011641662071665648,0.0011641662071665648,0.5,-1.9619244994826424e-05,1.9456431800785098e-05,64
public_task_span,32,12,3.3548531064877883e-07,0.0011633410980866367,0.0011633410980866367,0.5,-7.586404353786701e-05,7.653501415916456e-05,64
response_first,17,6,-3.9715736476961425e-08,-0.0011627176844622674,0.0011627176844622674,0.5,4.985729987084888e-06,-5.065161460038811e-06,64
response_mean,15,21,-1.5409148090497968e-07,-0.001162588092134806,0.001162588092134806,0.5,3.657643355836237e-05,-3.6884616520172324e-05,64
response_mean,35,3,-1.4039005691107022e-07,-0.00115529866032585,0.00115529866032585,0.46875,2.248626287836921e-05,-2.2767042992191354e-05,64
public_task_span,5,23,8.444190825680265e-06,0.0011510809583929603,0.0011510809583929603,0.5,0.0006275334280871822,-0.0006106450464358218,64
response_first,34,11,1.1343765038418496e-08,0.001150817075024056,0.001150817075024056,0.5,-2.555760403311069e-07,2.782635704079439e-07,64
final_prompt,4,19,-9.927809060172009e-06,-0.0011499295423178268,0.0011499295423178268,0.5,0.0005842435011800456,-0.0006040991193003891,64
final_prompt,13,27,-6.495261004600004e-07,-0.0011430369960739482,0.0011430369960739482,0.5,-7.927634214865581e-05,7.797728994773584e-05,64
final_prompt,2,20,1.069111488049613e-05,0.0011428732813444844,0.0011428732813444844,0.5,0.0006702493714101281,-0.0006488671416491354,64
response_mean,6,7,-1.0457650205356202e-05,-0.0011426126872109688,0.0011426126872109688,0.5,0.0008420063459197968,-0.0008629216463305093,64
response_mean,3,25,-1.6427913578804035e-05,-0.0011407817802182212,0.0011407817802182212,0.5,0.0012500237294261693,-0.0012828795565837786,64
final_prompt,0,20,-2.4050896172437625e-06,-0.0011354980295300242,0.0011354980295300242,0.5,9.024494647745629e-05,-9.505512571194376e-05,64
final_prompt,13,22,1.2146028183223977e-08,0.0011309918919674604,0.0011309918919674604,0.5,-2.7965291664600045e-06,2.820821222826453e-06,64
response_first,16,5,-3.064868181468228e-08,-0.0011295486533236486,0.0011295486533236486,0.5,7.123061351421711e-06,-7.184358715051076e-06,64
public_task_span,5,5,4.526547854765003e-06,0.0011277447257014754,0.0011277447257014754,0.515625,-0.00028108173864891425,0.0002901348343584442,64
public_task_span,29,19,-2.2846404590205656e-07,-0.0011263288298208305,0.0011263288298208305,0.5,2.384252798037664e-05,-2.4299456072180753e-05,64
public_task_span,29,14,-2.6984355371981904e-07,-0.0011256384764737018,0.0011256384764737018,0.46875,-2.257266112336936e-05,2.2032974015929728e-05,64
response_first,8,8,4.6500588268827414e-08,0.0011249715400697424,0.0011249715400697424,0.5,-9.454196288061212e-07,1.038420805343776e-06,64
public_task_span,3,28,1.081579239325481e-05,0.0011217303276257026,0.0011217303276257026,0.5,0.0005870465215593929,-0.0005654149367728832,64
public_task_span,3,6,-1.836523551901727e-05,-0.0011201919552692222,0.0011201919552692222,0.5,-0.002551406995280534,0.0025146765242425,64
response_first,2,17,-2.360973667238928e-06,-0.0011164809990352386,0.0011164809990352386,0.5,-0.0005629821862385061,0.0005582602389040282,64
final_prompt,16,31,2.4301775169896625e-07,0.001115883190448395,0.001115883190448395,0.5,2.606042926340361e-06,-2.1200074229424276e-06,64
response_mean,3,26,-9.16182398214211e-06,-0.0011088052731250309,0.0011088052731250309,0.5,0.0006228066995390574,-0.0006411303475033415,64
public_task_span,34,20,2.7779037736763818e-08,0.0011082655087486745,0.0011082655087486745,0.5,3.7126960705791134e-07,-3.157115315843839e-07,64
response_first,26,9,6.853616696231833e-08,0.0011082438498003521,0.0011082438498003521,0.5,-5.601232260208956e-07,6.971955599455322e-07,64
response_first,9,6,-2.43542430666821e-09,-0.0011024035235497854,0.0011024035235497854,0.515625,-8.298263125539052e-07,8.249554639405687e-07,64
response_first,7,7,9.415574986348982e-09,0.0011014971380944895,0.0011014971380944895,0.5,-3.165938240456967e-07,3.3542497401839466e-07,64
response_first,2,27,2.241318725283573e-06,0.0011006784109961944,0.0011006784109961944,0.5,0.00015903602979961,-0.000154553392349043,64
response_first,4,24,1.0411180483057853e-05,0.0010969854506434312,0.0010969854506434312,0.5,0.0011716849367075933,-0.0011508625757414783,64
response_first,12,18,-6.3820152718094595e-06,-0.0010909965394537296,0.0010909965394537296,0.5,-0.00031350379867945,0.00030073976813583137,64
response_mean,17,19,5.840379344576413e-07,0.0010873455831690432,0.0010873455831690432,0.5,-6.418270049835415e-05,6.535077636726943e-05,64
response_first,4,25,-3.9375627238774505e-06,-0.0010862730185915263,0.0010862730185915263,0.5,0.00021617024322041097,-0.00022404536866816604,64
response_first,5,19,4.594978690879549e-06,0.001084290664093144,0.001084290664093144,0.5,0.0004252674249300999,-0.0004160774675483408,64
public_task_span,4,22,-4.934838216288646e-06,-0.0010841819258443548,0.0010841819258443548,0.5,-0.0023334473953582112,0.0023235777189256337,64
final_prompt,7,1,-2.5281156012969e-07,-0.0010804074977037454,0.0010804074977037454,0.5,-1.6227123523999994e-05,1.572150040374062e-05,64
response_mean,12,4,-1.7970082808457864e-06,-0.0010794324229640585,0.0010794324229640585,0.484375,-0.0006992238595557741,0.0006956298429940825,64
response_first,10,31,-4.2428791857289234e-07,-0.0010781442079932718,0.0010781442079932718,0.5,5.8130072375198866e-05,-5.8978648212344644e-05,64
response_first,34,12,-2.0542188394973235e-07,-0.0010736514261371528,0.0010736514261371528,0.5,1.4652441450370546e-05,-1.5063285218270005e-05,64
response_first,4,9,-1.8616259694679334e-05,-0.0010657468876361781,0.0010657468876361781,0.5,0.0008299279134007699,-0.0008671604327901289,64
response_mean,8,14,3.507072960957055e-07,0.0010654689338647693,0.0010654689338647693,0.5,0.00017874416880658004,-0.00017804275421438862,64
response_mean,2,10,-9.94316724244916e-06,-0.001061285831530019,0.001061285831530019,0.5,-0.0005948303187324021,0.0005749439842475038,64
response_mean,3,6,-1.072636791832381e-05,-0.001060931891185723,0.001060931891185723,0.5,0.0011226505675949647,-0.0011441033034316121,64
final_prompt,8,16,3.033211726233244e-08,0.0010558781450471608,0.0010558781450471608,0.5,2.4431627139165357e-06,-2.38249847939187e-06,64
public_task_span,2,6,-1.7006732377920265e-06,-0.0010511663200144232,0.0010511663200144232,0.5,-0.0003207877834938629,0.0003173864370182788,64
final_prompt,18,7,2.509874264018906e-07,0.001049368147743177,0.001049368147743177,0.5,4.865836569932925e-05,-4.815639084652547e-05,64
response_mean,5,14,3.853803718812537e-06,0.0010438899031610343,0.0010438899031610343,0.5,-0.0008298253524117063,0.0008375329598493313,64
final_prompt,2,18,-9.471560588285473e-06,-0.001041919388618079,0.001041919388618079,0.515625,0.00011717915549525808,-0.0001361222766718284,64
response_mean,26,9,2.951101407735849e-08,0.0010414568942499311,0.0010414568942499311,0.5,3.5792880339613475e-06,-3.5202660058066306e-06,64
public_task_span,17,1,2.305209363843725e-06,0.0010404952027941962,0.0010404952027941962,0.5,-0.0002925168564615782,0.0002971272751892657,64
response_first,16,22,-2.904018714391539e-08,-0.0010376733853046003,0.0010376733853046003,0.5,-6.114255619137705e-06,6.056175244849874e-06,64
response_mean,5,4,-2.755032483037971e-06,-0.0010368777491274292,0.0010368777491274292,0.5,0.00014215884391432723,-0.00014766890888040323,64
final_prompt,20,12,-3.294062480525554e-07,-0.001036477751280324,0.001036477751280324,0.5,1.4400703548742808e-05,-1.5059516044847919e-05,64
final_prompt,10,30,3.238653079051801e-08,0.0010363385640233204,0.0010363385640233204,0.5,7.411850020844213e-06,-7.347076959263177e-06,64
public_task_span,19,4,7.113863830457954e-06,0.0010336313691354272,0.0010336313691354272,0.5,-0.001891037463792578,0.0019052651914534936,64
final_prompt,8,26,-1.0021303751227443e-06,-0.0010330824577205137,0.0010330824577205137,0.5,-7.341529817493751e-05,7.141103742469205e-05,64
final_prompt,16,13,-2.2660083231844387e-07,-0.0010312722029751865,0.0010312722029751865,0.5,2.6989726848118574e-05,-2.744292851275546e-05,64
final_prompt,0,18,2.5976460165093188e-06,0.0010304860027656642,0.0010304860027656642,0.5,0.0008129906454996501,-0.0008077953534666313,64
response_first,9,19,-7.438279681139016e-08,-0.001024200922311363,0.001024200922311363,0.5,-3.0999641239753854e-05,3.0850875646131075e-05,64
response_mean,3,30,1.1857609365506939e-05,0.001022938427037527,0.001022938427037527,0.5,0.0009155621481795598,-0.0008918469294485461,64
response_mean,9,11,4.921833465243723e-07,0.001022884865678271,0.001022884865678271,0.5,-0.00013592092199132404,0.00013690528868437278,64
final_prompt,3,4,-7.210099511211344e-06,-0.0010211241543801762,0.0010211241543801762,0.5,0.00043150869578313883,-0.00044592889480556206,64
public_task_span,2,31,1.0348455361965233e-05,0.0010144295872713566,0.0010144295872713566,0.484375,-0.002546555422668441,0.0025672523333923713,64
final_prompt,14,5,-1.4153437178261408e-07,-0.0010143138288054312,0.0010143138288054312,0.5,6.539232299472267e-05,-6.56753917382879e-05,64
response_first,4,12,-1.6381510477003107e-05,-0.0010128964112426139,0.0010128964112426139,0.5,0.0013431233842311372,-0.0013758864051851435,64
response_mean,5,16,-7.436916234837554e-06,-0.0010121272284531364,0.0010121272284531364,0.5,0.0005614444614820959,-0.0005763182939517715,64
final_prompt,18,5,-3.001943866817894e-07,-0.0010119075690373383,0.0010119075690373383,0.515625,8.581800170759061e-05,-8.641839048095418e-05,64
final_prompt,1,25,4.5886372390786153e-07,0.0010068769772904544,0.0010068769772904544,0.484375,9.241034422301023e-05,-9.149261677519453e-05,64
public_task_span,35,19,1.0470394045132135e-06,0.0010067281666816163,0.0010067281666816163,0.515625,0.000344793232216015,-0.0003426991534069885,64
response_first,34,13,1.6591604890182428e-07,0.0010001710152745613,0.0010001710152745613,0.5,5.328383485902563e-05,-5.295200276122199e-05,64
public_task_span,3,7,-1.485764505560123e-05,-0.0009998391517745265,0.0009998391517745265,0.515625,-0.0002706430927901073,0.00024092780267890484,64
final_prompt,12,18,2.2903714125288994e-06,0.000994110710695147,0.000994110710695147,0.5,0.0002502868446754312,-0.00024570610185037356,64
final_prompt,2,12,3.786886281891553e-06,0.0009937546036785133,0.0009937546036785133,0.5,5.1913378683823505e-05,-4.433960612004018e-05,64
response_mean,4,7,-1.3213523743615301e-05,-0.0009931154244725378,0.0009931154244725378,0.5,0.0007649619692529142,-0.0007913890167401455,64
public_task_span,10,18,-5.281776793686197e-07,-0.0009902817788231659,0.0009902817788231659,0.5,0.00010801197822728216,-0.0001090683335860194,64
response_first,32,28,-6.32223134287377e-07,-0.0009876614288058232,0.0009876614288058232,0.5,0.0001658894938145781,-0.0001671539400831529,64
response_first,17,15,-7.464469398145783e-08,-0.0009855168546343994,0.0009855168546343994,0.53125,-9.250518637314479e-06,9.101229249351561e-06,64
public_task_span,27,20,1.8910359358448889e-06,0.000983910197196406,0.000983910197196406,0.5,-0.00025366578847751324,0.0002574478603492032,64
public_task_span,27,30,-1.083063125402288e-06,-0.0009763681853452402,0.0009763681853452402,0.5,0.00018221286336483786,-0.00018437898961564243,64
response_first,15,16,3.0885991542106694e-09,0.0009697771193132837,0.0009697771193132837,0.5,-4.3540679905973434e-07,4.4158399736815573e-07,64
final_prompt,3,18,8.283524948640426e-06,0.0009643892508243259,0.0009643892508243259,0.5,0.0006500047384179251,-0.0006334376885206436,64
final_prompt,15,11,6.38523118837127e-08,0.0009617841148414713,0.0009617841148414713,0.5,1.1661685277882136e-05,-1.1533980654114709e-05,64
response_mean,7,8,-1.0852102150327629e-07,-0.0009616850540694,0.0009616850540694,0.515625,-7.897070190664574e-06,7.680028147658022e-06,64
response_first,6,7,-4.322264430809894e-06,-0.0009571611157770937,0.0009571611157770937,0.5,0.00011577123950701069,-0.00012441576836863056,64
response_mean,1,20,-1.9446888472859686e-06,-0.0009543029594907418,0.0009543029594907418,0.5,0.00012815419177059062,-0.0001320435694651625,64
final_prompt,4,27,1.1203730650775987e-05,0.00095283169042183,0.00095283169042183,0.5,0.0010044188004485488,-0.0009820113391469972,64
response_first,8,14,-2.0914217202207825e-07,-0.000951784030832008,0.000951784030832008,0.5,0.00012321081271691125,-0.0001236290970609554,64
response_mean,6,2,-5.099601366963117e-06,-0.0009495934096545788,0.0009495934096545788,0.5,0.00012090716154488881,-0.00013110636427881477,64
public_task_span,24,1,4.976536161257842e-08,0.0009458460539647567,0.0009458460539647567,0.5,-2.008460285196988e-06,2.1079910084221447e-06,64
public_task_span,31,10,2.943843355815971e-07,0.0009406689141664488,0.0009406689141664488,0.515625,-2.4311057131844094e-05,2.4899825803007285e-05,64
response_mean,13,30,1.268823837084259e-07,0.0009343448706523972,0.0009343448706523972,0.5,-3.340004059282491e-05,3.365380536024176e-05,64
response_mean,5,5,5.984239578537892e-06,0.0009299367318894767,0.0009299367318894767,0.484375,0.00016979222345981884,-0.00015782374430274332,64
public_task_span,5,11,-9.073908586284618e-06,-0.0009297237413632124,0.0009297237413632124,0.5,0.0006020662876835471,-0.0006202141048561157,64
response_first,5,0,-2.3074408090903507e-06,-0.0009289802888059513,0.0009289802888059513,0.515625,-0.0002646937755344,0.0002600788939162192,64
public_task_span,3,5,-1.2957290813636266e-05,-0.0009254193362328156,0.0009254193362328156,0.5,8.155654280984781e-05,-0.00010747112443712064,64
response_first,31,16,7.928971967773002e-08,0.0009241388498466502,0.0009241388498466502,0.5,-7.054336151662774e-06,7.212915591018234e-06,64
final_prompt,8,15,1.044044211058436e-07,0.000923545873202962,0.000923545873202962,0.5,2.3822553885103422e-05,-2.361374504289173e-05,64
response_mean,2,30,-5.708843673345697e-06,-0.0009185950783731766,0.0009185950783731766,0.5,-1.011061249299466e-05,-1.3070748536967336e-06,64
final_prompt,16,9,9.91385604714066e-08,0.0009167766704370646,0.0009167766704370646,0.5,-1.548365753478648e-05,1.5681934655729295e-05,64
response_first,0,17,6.130355814146414e-07,0.0009166332060584392,0.0009166332060584392,0.5,0.0002147842278645722,-0.0002135581567017429,64
public_task_span,5,9,-4.121578967898441e-06,-0.0009075232476327879,0.0009075232476327879,0.5,1.6866790247146676e-05,-2.510994818294383e-05,64
response_mean,22,21,-5.163721539256638e-08,-0.0009021840343821021,0.0009021840343821021,0.515625,-3.4846044712819315e-05,3.474277028203419e-05,64
response_mean,10,9,-2.377279088253126e-06,-0.0008982930742027329,0.0008982930742027329,0.5,-5.2705563575720276e-05,4.795100539921404e-05,64
response_mean,3,20,-3.2378356991128398e-06,-0.0008974517946159368,0.0008974517946159368,0.5,-0.00082304122770437,0.0008165655563061444,64
final_prompt,15,6,-8.090179193231802e-09,-0.0008972323863306024,0.0008972323863306024,0.5,-1.509028948021296e-06,1.492848589634832e-06,64
final_prompt,4,24,8.748009804547194e-06,0.0008949009821709177,0.0008949009821709177,0.5,0.0008058585849539658,-0.0007883625653448713,64
response_first,11,13,-3.632292191536615e-07,-0.0008948327087185252,0.0008948327087185252,0.5,2.256169909740755e-05,-2.3288157535714872e-05,64
response_first,7,5,-1.0748449597019027e-07,-0.0008924707692908087,0.0008924707692908087,0.5,-2.3894089096641623e-05,2.3679120104701244e-05,64
response_first,0,11,-5.529714144407192e-07,-0.0008913170648740806,0.0008913170648740806,0.5,2.8301011298031465e-05,-2.9406954126912863e-05,64
response_first,1,13,1.376720638290689e-05,0.0008909093581732178,0.0008909093581732178,0.5,-0.0010346409682142495,0.0010621753809800635,64
response_first,2,28,4.480072675505978e-06,0.0008874202858161528,0.0008874202858161528,0.5,-0.0001282103539779013,0.0001371704993289131,64
public_task_span,4,29,2.1097584976777282e-06,0.000887030430099035,0.000887030430099035,0.5,-0.0005077506484667469,0.0005119701654621024,64
response_mean,9,17,-3.1246217986350615e-06,-0.0008862464129542574,0.0008862464129542574,0.515625,0.00021978455697535721,-0.0002260338005726274,64
final_prompt,4,9,-1.3993399761607836e-05,-0.0008836676121959913,0.0008836676121959913,0.5,0.0008453871600977475,-0.0008733739596209635,64
final_prompt,15,30,2.713591129577253e-08,0.0008814409014268957,0.0008814409014268957,0.5,-2.3563283946259617e-06,2.4106002172175067e-06,64
response_first,27,8,3.080046440118167e-08,0.0008788961188422508,0.0008788961188422508,0.5,-1.049471921987788e-05,1.0556320148680243e-05,64
response_mean,10,12,-7.851867849228492e-07,-0.0008684410227423389,0.0008684410227423389,0.515625,3.032011227333193e-05,-3.1890485843177614e-05,64
public_task_span,10,1,1.0116591511174815e-06,0.0008676189300963007,0.0008676189300963007,0.5,0.00013560129991674279,-0.00013357798161450787,64
public_task_span,10,0,8.504952120084845e-08,0.0008653284850872146,0.0008653284850872146,0.5,4.745854880632714e-06,-4.575755838231018e-06,64
public_task_span,14,25,-4.197373755260025e-07,-0.0008636360693521185,0.0008636360693521185,0.5,1.2434676477820494e-05,-1.3274151228872505e-05,64
public_task_span,2,29,-1.0019362889579931e-05,-0.0008605375277465411,0.0008605375277465411,0.5,0.0011971330495725756,-0.0012171717753517353,64
response_mean,16,3,-6.160433123660522e-07,-0.0008595662593948095,0.0008595662593948095,0.5,0.00015357065204568682,-0.00015480273867041894,64
final_prompt,13,1,-2.3487268663346406e-07,-0.0008579014808585428,0.0008579014808585428,0.5,-6.044471274435809e-05,5.9974967371091156e-05,64
public_task_span,3,14,-9.854831205305219e-06,-0.0008532179474077,0.0008532179474077,0.5,0.0006693110308333594,-0.0006890206932439692,64
public_task_span,19,6,4.5121523726311685e-06,0.0008531028862598222,0.0008531028862598222,0.5,-0.0003590735868783625,0.00036809789162362504,64
public_task_span,4,13,6.7537016548145125e-06,0.0008529658798404594,0.0008529658798404594,0.5,0.0007056682779875769,-0.000692160874677948,64
public_task_span,31,27,5.894804644201693e-08,0.000852861147993538,0.000852861147993538,0.5,-1.6986066270873276e-05,1.710396236375731e-05,64
response_first,4,14,-1.0582836694083024e-05,-0.0008522388584400163,0.0008522388584400163,0.5,0.00046601601752628216,-0.00048718169091444853,64
final_prompt,0,29,-2.8491631383058963e-06,-0.0008517074601301078,0.0008517074601301078,0.5,-0.0006190103304106672,0.0006133120041340556,64
public_task_span,5,3,-3.5361431400840427e-06,-0.0008514495076964175,0.0008514495076964175,0.5,0.0005212009282331551,-0.0005282732145133234,64
response_first,1,12,-1.8010532585312845e-06,-0.0008498660201990574,0.0008498660201990574,0.5,-0.0007622154917043954,0.0007586133851873329,64
response_mean,6,30,-2.8932699933623444e-06,-0.0008425328015892334,0.0008425328015892334,0.5,-0.00011701434050335532,0.00011122780051663056,64
public_task_span,2,16,-5.8447694755186966e-06,-0.0008396954630431504,0.0008396954630431504,0.5,-0.0022495535522466374,0.0022378640132956,64
final_prompt,13,19,-8.064606049761547e-08,-0.0008395425483344633,0.0008395425483344633,0.5,-1.3021776055668553e-05,1.2860483934673319e-05,64
response_first,4,21,7.090056897139413e-06,0.0008392767929872229,0.0008392767929872229,0.5,-0.000878458053193737,0.0008926381669880159,64
response_mean,2,18,4.691353751701678e-06,0.0008339144835547308,0.0008339144835547308,0.484375,0.00011590300346143255,-0.00010652029595802915,64
response_first,1,3,1.6940575733345964e-06,0.0008315883960950968,0.0008315883960950968,0.5,-0.00038782032061134995,0.0003912084357580191,64
response_first,28,4,6.227188009843484e-08,0.0008292702028473319,0.0008292702028473319,0.5,-1.5748756823076047e-06,1.6994194425044742e-06,64
response_mean,0,31,5.110391612121512e-07,0.0008284990850617692,0.0008284990850617692,0.5,0.00015142461734284708,-0.0001504025390204228,64
response_mean,2,5,-1.9082895050812673e-06,-0.0008278401180037471,0.0008278401180037471,0.5,-0.00015810170862096877,0.0001542851296108063,64
final_prompt,15,1,3.0384398996719533e-07,0.0008252905739843744,0.0008252905739843744,0.5,-9.644099372962705e-05,9.704868170956145e-05,64
final_prompt,4,14,-1.2358589970057907e-05,-0.0008202892541599187,0.0008202892541599187,0.5,0.0012339321799572753,-0.0012586493598973898,64
public_task_span,6,28,-4.238003384677191e-06,-0.0008198976030530731,0.0008198976030530731,0.5,-0.0010759341712400744,0.0010674581644707199,64
response_first,11,12,-1.3141798263011832e-06,-0.000818882913674557,0.000818882913674557,0.484375,0.0006249790203582778,-0.00062760738001088,64
final_prompt,10,19,-2.1253322302364577e-07,-0.0008185676114086005,0.0008185676114086005,0.5,-2.4844926656437427e-05,2.4419860210390133e-05,64
public_task_span,26,6,-4.272212663698855e-07,-0.000817391999701097,0.000817391999701097,0.5,0.0001267462830583025,-0.00012760072559104229,64
final_prompt,3,27,2.5546290771716914e-06,0.0008133601599077324,0.0008133601599077324,0.5,0.0001806099740804274,-0.00017550071592608402,64
public_task_span,1,7,1.1095144145676774e-06,0.0008077275043114339,0.0008077275043114339,0.5,0.00021422177451313256,-0.00021200274568399722,64
response_first,0,19,1.0376402315198554e-06,0.0008067117068186299,0.0008067117068186299,0.5,1.3286152352530285e-05,-1.1210871889490594e-05,64
final_prompt,31,18,-1.7952231701201526e-08,-0.000806147699597626,0.000806147699597626,0.515625,-5.7389743233215995e-06,5.7030698599191965e-06,64
response_mean,16,30,-4.709263521361672e-07,-0.000803342985729226,0.000803342985729226,0.515625,0.00026926777172774265,-0.00027020962443201503,64
response_mean,34,23,-8.337599410914006e-08,-0.000802875948286,0.000802875948286,0.5,-3.1686975034967934e-05,3.152022304674966e-05,64
response_mean,14,12,-1.8188261492453975e-06,-0.0007991620946988714,0.0007991620946988714,0.5,0.000549191241702826,-0.0005528288940013168,64
response_first,1,15,2.741365278777447e-06,0.0007987803047815433,0.0007987803047815433,0.5,-0.0006887044355607903,0.0006941871661183454,64
response_mean,9,31,6.328196633367938e-07,0.0007963452151206169,0.0007963452151206169,0.484375,-8.549866703333387e-05,8.676430636000744e-05,64
public_task_span,33,24,5.471069925957659e-07,0.0007884542866087047,0.0007884542866087047,0.5,0.00022769415409126977,-0.0002265999401060782,64
response_first,4,18,-1.053243795467616e-05,-0.0007864086283304819,0.0007864086283304819,0.5,0.0006911223536008189,-0.0007121872295101721,64
response_mean,12,3,-1.366619926565648e-06,-0.0007828543266199024,0.0007828543266199024,0.5,-0.0006652206511716908,0.0006624874113185594,64
public_task_span,19,7,-8.87430360303792e-07,-0.0007763760512522057,0.0007763760512522057,0.5,0.00010921578359557556,-0.00011099064431618319,64
final_prompt,35,13,8.884467206030552e-08,0.0007758571868654715,0.0007758571868654715,0.515625,-1.139170399255788e-05,1.1569393336678489e-05,64
final_prompt,30,16,1.7040456441511607e-06,0.0007708096131149849,0.0007708096131149849,0.53125,-0.0003627181322372003,0.0003661262235255026,64
response_first,6,4,-1.0449313776918559e-05,-0.0007696290117708783,0.0007696290117708783,0.5,0.0014007185382069937,-0.0014216171657608322,64
response_mean,5,7,-3.2301493320088977e-06,-0.0007617029905299298,0.0007617029905299298,0.5,0.00020431755001482636,-0.00021077784867884407,64
final_prompt,5,14,-2.825559931810581e-06,-0.0007603969065661608,0.0007603969065661608,0.5,0.00012475889343478274,-0.00013041001329840382,64
response_mean,2,6,-2.278586634930609e-06,-0.0007596265374281736,0.0007596265374281736,0.5,-2.3165223865347496e-05,1.8608050595486224e-05,64
response_mean,4,1,1.2107918337278967e-05,0.0007582943475682015,0.0007582943475682015,0.484375,0.00017449185907027329,-0.00015027602239571524,64
final_prompt,5,29,3.8386292544566325e-06,0.0007559965965656441,0.0007559965965656441,0.5,0.0003516125034366377,-0.00034393524492772434,64
final_prompt,4,1,8.312576937895147e-06,0.0007492368504000099,0.0007492368504000099,0.5,0.00011677867223626568,-0.00010015351836047484,64
final_prompt,1,3,4.523273844233963e-08,0.0007478960870370154,0.0007478960870370154,0.5,-3.4597235867322467e-06,3.5501890636169264e-06,64
public_task_span,4,28,-3.046268830079465e-06,-0.0007453073644288186,0.0007453073644288186,0.5,0.0009542967927700192,-0.0009603893304301781,64
final_prompt,17,16,-3.416160438969953e-07,-0.000740373001710689,0.000740373001710689,0.515625,7.963322389055886e-06,-8.646554476849873e-06,64
response_first,2,15,-2.608358045113983e-06,-0.0007396886476874231,0.0007396886476874231,0.5,-0.0009164561779471032,0.0009112394618568751,64
public_task_span,3,27,-5.967167453497092e-06,-0.000736632887284405,0.000736632887284405,0.5,0.00028707772071358197,-0.00029901205562057605,64
final_prompt,9,8,6.4522858167492284e-09,0.0007361544827231365,0.0007361544827231365,0.5,-4.6019647186312795e-06,4.614869290264778e-06,64
public_task_span,29,23,-2.5813665161020527e-07,-0.0007332814317712888,0.0007332814317712888,0.5,-0.00015427026391987833,0.0001537539906166579,64
response_mean,2,29,-9.685554687165069e-06,-0.0007315958484231281,0.0007315958484231281,0.5,0.001094615028705434,-0.0011139861380797644,64
response_mean,11,2,3.6152891880755097e-07,0.0007288083723916348,0.0007288083723916348,0.5,9.849555226557757e-06,-9.126497388942645e-06,64
response_mean,35,30,1.464486558665833e-07,0.000727931890902266,0.000727931890902266,0.46875,5.369365590012063e-05,-5.3400758588387456e-05,64
public_task_span,22,15,1.3982898963155227e-06,0.0007237339226798771,0.0007237339226798771,0.5,-0.0007427183081744994,0.0007455148879671306,64
post_selector,32,19,4.470039129885221e-07,0.0007229161711402977,0.0007229161711402977,0.515625,-0.00027054122438129144,0.00027143523220726854,64
response_mean,0,25,1.5208865988800046e-06,0.0007219739670753809,0.0007219739670753809,0.5,0.0003259044506194068,-0.0003228626774216469,64
final_prompt,30,28,-2.059772441498353e-08,-0.0007203674955923311,0.0007203674955923311,0.5,-1.2914240414829692e-06,1.2502285926530021e-06,64
final_prompt,6,11,3.58462602889696e-06,0.0007167664599780917,0.0007167664599780917,0.5,-0.0011492142330098375,0.0011563834850676312,64
final_prompt,14,20,4.445553259097426e-08,0.0007156700872091458,0.0007156700872091458,0.515625,7.59112595007695e-07,-6.70201529825746e-07,64
final_prompt,2,25,-2.617874997667155e-06,-0.000711189451633425,0.000711189451633425,0.5,-0.00013879895413991864,0.0001335632041445844,64
final_prompt,3,16,7.026992534520321e-06,0.0007058321577977611,0.0007058321577977611,0.5,0.00015272179734893121,-0.00013866781227989057,64
public_task_span,5,22,-5.2292434702442235e-06,-0.0007039652268025952,0.0007039652268025952,0.5,0.0006054527430023933,-0.0006159112299428817,64
response_first,17,22,2.4729075676077628e-08,0.0007036423497348409,0.0007036423497348409,0.5,-9.415032309334492e-09,5.887318366148975e-08,64
response_mean,28,28,-2.0527551214135907e-08,-0.0006998466700170436,0.0006998466700170436,0.5,-4.862208982101277e-06,4.821153879673005e-06,64
response_first,2,8,-2.449160092512397e-06,-0.0006927597475644761,0.0006927597475644761,0.5,9.465533366893463e-05,-9.955365385395933e-05,64
public_task_span,26,2,-1.357151631967264e-06,-0.000685580092722529,0.000685580092722529,0.5,3.380725684109689e-05,-3.6521560105031364e-05,64
response_mean,2,1,4.688925400845017e-06,0.0006853812383995786,0.0006853812383995786,0.5,0.00026048200379592514,-0.00025110415299423505,64
response_mean,7,13,-1.758264289719591e-08,-0.0006840727268553094,0.0006840727268553094,0.5,1.9669073481054617e-08,-5.483435927544633e-08,64
final_prompt,10,0,1.4030618444849097e-08,0.0006825796379455152,0.0006825796379455152,0.5,-9.391366972977266e-07,9.67197934187425e-07,64
response_mean,0,6,3.1636864150484616e-07,0.000681971362269506,0.000681971362269506,0.5,4.6699661652384664e-05,-4.606692436937495e-05,64
response_mean,4,30,-1.4406850823500206e-06,-0.0006814823604700033,0.0006814823604700033,0.5,-0.0001918598509291812,0.00018897848076448128,64
final_prompt,8,2,-3.935221570849476e-08,-0.0006785648707154668,0.0006785648707154668,0.5,-1.1334808817761464e-05,1.1256104386344473e-05,64
public_task_span,32,29,-1.196563346170026e-07,-0.0006774210821630803,0.0006774210821630803,0.5,-1.3246130379226202e-06,1.085300368688615e-06,64
response_first,2,0,-5.117699402036081e-06,-0.0006768951313816836,0.0006768951313816836,0.5,8.478059316985081e-05,-9.501599197392309e-05,64
public_task_span,33,1,3.2721618480966637e-07,0.0006736290514705094,0.0006736290514705094,0.5,-0.0002447496799504671,0.00024540411232008646,64
response_first,2,30,-3.206401743228917e-06,-0.000671891364344849,0.000671891364344849,0.515625,-0.00024789635062914795,0.00024148354714269011,64
public_task_span,14,28,6.620325621253269e-08,0.0006701910766188612,0.0006701910766188612,0.484375,2.899044147851984e-05,-2.885803496609478e-05,64
response_first,2,2,6.241881237656127e-06,0.0006643539440587912,0.0006643539440587912,0.5,-0.0001112818763431219,0.00012376563881843426,64
response_first,16,8,8.558529884794552e-09,0.000664142536380116,0.000664142536380116,0.5,-3.554898114543903e-06,3.572015174313492e-06,64
final_prompt,3,28,-9.408553651718955e-07,-0.0006630906364555075,0.0006630906364555075,0.5,0.00015698194614799428,-0.00015886365687833807,64
response_mean,0,5,8.781571523250081e-07,0.0006586025884275915,0.0006586025884275915,0.5,0.00034319813858018126,-0.00034144182427553124,64
final_prompt,15,2,-5.464435162093656e-07,-0.0006530179014987584,0.0006530179014987584,0.5,-6.094683885747187e-05,5.985395182505311e-05,64
response_first,33,26,-4.0220442088644e-08,-0.0006510947153772636,0.0006510947153772636,0.5,1.2808549456617949e-05,-1.2888990340795233e-05,64
response_first,0,16,5.346355465002254e-07,0.0006482168062867034,0.0006482168062867034,0.5,0.00018160463014281995,-0.0001805353590498195,64
public_task_span,28,28,-5.469462394472566e-08,-0.0006466934681180636,0.0006466934681180636,0.5,-6.710074785582485e-06,6.600685537693035e-06,64
final_prompt,9,17,-6.804647512126381e-09,-0.0006403383606746838,0.0006403383606746838,0.5,-4.13609960503436e-06,4.122490310010107e-06,64
final_prompt,2,11,-1.0030942121376475e-06,-0.0006342932381093611,0.0006342932381093611,0.5,-0.00010257967051073466,0.00010057348208645934,64
response_mean,6,12,-2.5874396669679474e-06,-0.0006338664704766911,0.0006338664704766911,0.5,-0.0023378073674393592,0.002332632488105423,64
response_first,5,17,-5.560329441335317e-07,-0.0006337072154463518,0.0006337072154463518,0.5,8.990487094706143e-05,-9.101693683532851e-05,64
final_prompt,1,5,-1.0267697803101328e-08,-0.0006319063733525895,0.0006319063733525895,0.5,-4.388676337896413e-06,4.368140942290211e-06,64
public_task_span,4,1,-7.679951522722613e-06,-0.0006266043801567932,0.0006266043801567932,0.5,0.0008197346542147219,-0.0008350945572601666,64
final_prompt,5,19,-7.362873020613824e-06,-0.0006254731503196056,0.0006254731503196056,0.5,0.0010561509798208168,-0.0010708767258620444,64
response_mean,4,13,4.926534529655713e-06,0.0006236390969009374,0.0006236390969009374,0.5,0.0005614837100438449,-0.000551630640984534,64
public_task_span,28,5,3.51930793839049e-07,0.0006233000168088913,0.0006233000168088913,0.515625,-0.00018561991601016983,0.00018632377759784794,64
response_mean,13,19,-2.6144721232322724e-07,-0.0006229315148451767,0.0006229315148451767,0.515625,-3.1911270071011426e-06,2.6682325824547084e-06,64
response_mean,3,28,6.0793714169444894e-06,0.0006212708439937078,0.0006212708439937078,0.5,0.0007321252097085519,-0.0007199664668746627,64
final_prompt,12,8,-5.037412620406287e-08,-0.0006186488174432824,0.0006186488174432824,0.5,-9.561283604853325e-07,8.553801080772068e-07,64
final_prompt,14,3,1.653062042805681e-08,0.0006173216884645872,0.0006173216884645872,0.5,1.6528817283756325e-06,-1.6198204875195188e-06,64
response_mean,0,2,2.3411803340367356e-07,0.0006171104526740261,0.0006171104526740261,0.5,-9.647049546400857e-05,9.693873153081592e-05,64
response_first,5,28,1.1972091442665573e-06,0.0006098053056359025,0.0006098053056359025,0.5,0.00016693465352090686,-0.00016454023523237375,64
response_first,4,29,5.32955027672458e-07,0.0006093742709773909,0.0006093742709773909,0.5,-0.0003719724886650409,0.0003730383987203858,64
response_first,4,20,-6.8377767092953935e-06,-0.000608153617075671,0.000608153617075671,0.5,0.0008540253911633085,-0.0008677009445818989,64
final_prompt,3,13,-6.974331100195741e-06,-0.0005969715154558151,0.0005969715154558151,0.5,0.0006100271725131439,-0.0006239758347135351,64
response_first,3,30,-8.278495840842361e-06,-0.0005952703806726163,0.0005952703806726163,0.5,0.0012108607182881265,-0.0012274177099698119,64
response_mean,4,9,-7.754742000543914e-06,-0.0005949622562748634,0.0005949622562748634,0.5,0.0005137330963407473,-0.0005292425803418349,64
response_first,9,10,4.357849121575054e-07,0.0005920024592369332,0.0005920024592369332,0.5,-0.00023520536790043562,0.0002360769377247506,64
public_task_span,10,24,4.655930752078168e-07,0.0005917866758316779,0.0005917866758316779,0.484375,0.0003478351081866815,-0.00034690392203626594,64
response_mean,0,30,4.93353581978336e-07,0.0005913663896845955,0.0005913663896845955,0.515625,0.0002446072521706544,-0.0002436205450066977,64
response_first,13,26,4.617486411079153e-07,0.000589608148224653,0.000589608148224653,0.5,-8.954962686401707e-05,9.04731241462329e-05,64
response_first,3,29,-6.4287232817161494e-06,-0.0005883414560911629,0.0005883414560911629,0.5,0.0008299271662508457,-0.0008427846128142779,64
public_task_span,3,25,-3.1400550142271152e-06,-0.0005841352108953281,0.0005841352108953281,0.5,0.00038345758093782787,-0.000389737690966282,64
public_task_span,3,30,8.016281526580273e-06,0.0005797467178409621,0.0005797467178409621,0.5,0.0010473823613210797,-0.0010313497982679188,64
public_task_span,23,27,-2.441709057302423e-08,-0.0005797191545444574,0.0005797191545444574,0.5,3.664520420441678e-06,-3.7133546015877247e-06,64
response_first,31,21,6.618051884288434e-09,0.0005737938219561715,0.0005737938219561715,0.5,-5.976245489591747e-06,5.989481593360324e-06,64
response_mean,0,0,1.8754362827162036e-06,0.0005734812424525525,0.0005734812424525525,0.5,-0.0017673399052000383,0.0017710907777654709,64
response_first,5,12,-2.332459189344064e-06,-0.0005730457215798895,0.0005730457215798895,0.5,-0.0003490812450763645,0.00034441632669767646,64
response_mean,4,10,6.1360487961835755e-06,0.0005702347269125454,0.0005702347269125454,0.5,0.0004821318652830243,-0.0004698597676906569,64
response_mean,3,5,5.949868352668301e-06,0.000566556457567304,0.000566556457567304,0.5,0.00041659369082935367,-0.0004046939541240169,64
final_prompt,5,10,-1.1122730938950987e-05,-0.0005637181150050886,0.0005637181150050886,0.5,0.0008347615894308511,-0.0008570070513087532,64
response_mean,4,8,6.227817721082829e-06,0.0005592915907229279,0.0005592915907229279,0.515625,0.0007349639067797427,-0.0007225082713375778,64
response_mean,4,22,2.4505752662681932e-06,0.0005583623912878065,0.0005583623912878065,0.5,-0.00020725606555058613,0.00021215721608312284,64
public_task_span,34,6,-2.2126459952427434e-07,-0.0005566192279735187,0.0005566192279735187,0.515625,-0.0001237110036526961,0.00012326847445364757,64
final_prompt,14,22,1.1089138496345252e-09,0.0005563583647402309,0.0005563583647402309,0.5,7.305703242366234e-08,-7.083920472439331e-08,64
response_first,14,10,2.0287279767619286e-07,0.0005518412911732513,0.0005518412911732513,0.5,9.731103818921659e-05,-9.690529259386423e-05,64
response_mean,14,6,-1.3873532225266186e-06,-0.0005516598054039837,0.0005516598054039837,0.5,0.0003809774780165749,-0.000383752184461628,64
final_prompt,0,17,1.086085831048997e-06,0.0005487334616685775,0.0005487334616685775,0.5,0.0007449610147886958,-0.0007427888431265979,64
public_task_span,28,7,1.8408172763662653e-07,0.000548237731937992,0.000548237731937992,0.5,0.00013031677008255578,-0.00012994860662728254,64
public_task_span,4,11,4.906288268103991e-06,0.0005460966091706819,0.0005460966091706819,0.5,-1.0914191079627379e-06,1.0903995644171208e-05,64
final_prompt,11,17,2.5314363937812013e-08,0.0005454438630092127,0.0005454438630092127,0.5,-6.280458762830193e-06,6.331087490705816e-06,64
public_task_span,4,5,3.6647820707030225e-06,0.0005401073409697652,0.0005401073409697652,0.5,0.0005592994484686753,-0.0005519698843272688,64
final_prompt,9,29,-4.035265987960409e-08,-0.000539908157831744,0.000539908157831744,0.5,-3.0093148836834474e-05,3.0012443517075266e-05,64
public_task_span,14,19,-4.597268343818964e-07,-0.0005385733613755305,0.0005385733613755305,0.515625,-0.00016418946324847216,0.00016327000957970836,64
final_prompt,12,22,-3.042759999471485e-08,-0.0005327397141109578,0.0005327397141109578,0.484375,-1.3871477563038461e-05,1.381062236304903e-05,64
public_task_span,5,24,-6.043176654199145e-06,-0.0005316748431459877,0.0005316748431459877,0.5,0.0008285363164759522,-0.0008406226697843503,64
response_first,4,26,6.886815071997961e-06,0.0005308707344235935,0.0005308707344235935,0.5,0.0008854888092173636,-0.0008717151790733669,64
public_task_span,30,21,2.920132828936583e-07,0.0005275202049712243,0.0005275202049712243,0.5,-0.00030188810342220824,0.0003024721299879956,64
response_first,16,30,7.052128125680854e-08,0.0005259281499428436,0.0005259281499428436,0.5,6.123353864494351e-05,-6.109249608242989e-05,64
final_prompt,4,5,1.0196565654027926e-06,0.0005245403528659177,0.0005245403528659177,0.5,0.00012743928755299376,-0.00012539997442218817,64
response_mean,8,5,-4.184446140693588e-07,-0.0005222431631533165,0.0005222431631533165,0.5,-5.3517998026119385e-05,5.2681108797980695e-05,64
public_task_span,5,1,-3.4014519769725486e-06,-0.0005204410221015575,0.0005204410221015575,0.5,0.0005001784552405255,-0.0005069813591944703,64
response_first,1,24,1.1937918316124997e-06,0.0005201157863895474,0.0005201157863895474,0.5,0.00011609992361627186,-0.00011371233995304694,64
public_task_span,5,25,-6.930485596965243e-06,-0.0005171477123229428,0.0005171477123229428,0.5,0.000977116299509372,-0.0009909772707033019,64
response_mean,5,12,2.847575160558769e-06,0.0005150653731457924,0.0005150653731457924,0.5,-6.28648267593238e-05,6.855997708044156e-05,64
response_first,29,30,-7.893000031344855e-09,-0.0005139617653305174,0.0005139617653305174,0.5,2.1324365206965012e-07,-2.2902965213233983e-07,64
public_task_span,1,8,2.3905486159523726e-06,0.0005129591350835736,0.0005129591350835736,0.5,-0.0009033294409164136,0.0009081105381483187,64
response_first,2,26,2.623664840921328e-07,0.0005124939713702958,0.0005124939713702958,0.5,-3.922950736522772e-05,3.975424033341197e-05,64
final_prompt,18,25,1.1023892909493237e-07,0.0005122492647124096,0.0005122492647124096,0.5,-3.33880942235966e-05,3.360857208178646e-05,64
response_mean,8,25,-6.476930138881332e-07,-0.0005100827636807561,0.0005100827636807561,0.5,1.1974138033125963e-05,-1.3269524060902297e-05,64
final_prompt,13,6,-4.7031463167681215e-08,-0.0005093781558422023,0.0005093781558422023,0.53125,1.7610645613781466e-05,-1.770470854011683e-05,64
response_first,0,8,1.2263253665890364e-06,0.0005088879203520009,0.0005088879203520009,0.5,-8.310723023896875e-05,8.555988097214688e-05,64
public_task_span,6,3,-1.4129118426343913e-06,-0.0005066440999243766,0.0005066440999243766,0.5,-0.0003412028927414156,0.0003383770690561469,64
response_first,3,10,5.065695404480805e-06,0.0005042067805605061,0.0005042067805605061,0.484375,0.0006842322641205137,-0.0006741008733115517,64
public_task_span,4,16,4.134871232968403e-06,0.0005033755953021683,0.0005033755953021683,0.5,0.000393325348341043,-0.000385055605875106,64
public_task_span,4,15,5.760840394941841e-06,0.0005021690846797037,0.0005021690846797037,0.5,0.0008359835865121628,-0.0008244619057222792,64
response_first,5,26,8.875741229984711e-06,0.0005010796038472218,0.0005010796038472218,0.5,0.0010359876396251076,-0.001018236157165138,64
final_prompt,13,17,3.765109113285056e-08,0.0004982917394812102,0.0004982917394812102,0.5,2.7815887875694147e-05,-2.774058569342844e-05,64
final_prompt,2,14,-3.315582944199793e-06,-0.0004937101615182737,0.0004937101615182737,0.5,0.0003909766091965249,-0.0003976077750849247,64
response_first,6,2,-5.02533475810348e-06,-0.0004927290201226278,0.0004927290201226278,0.5,0.0002127521511283828,-0.00022280282064458915,64
response_first,4,23,3.0500863203966784e-06,0.0004918588637036545,0.0004918588637036545,0.5,0.00014316703641271527,-0.00013706686377192172,64
response_mean,27,23,2.8593056811132556e-09,0.0004868354094812862,0.0004868354094812862,0.5,-1.2035389573838984e-06,1.2092575687461249e-06,64
public_task_span,4,26,4.139036718700355e-06,0.00048096273215589617,0.00048096273215589617,0.5,0.0006394494266715018,-0.0006311713532341012,64
final_prompt,0,28,-1.5051273294384765e-06,-0.0004800270547332469,0.0004800270547332469,0.5,0.0009282155933760905,-0.0009312258480349677,64
public_task_span,6,26,-8.45301656228855e-07,-0.00047992193289366663,0.00047992193289366663,0.5,-6.094977106840525e-05,5.925916775594749e-05,64
public_task_span,2,12,2.143544406865667e-06,0.00047986147205489994,0.00047986147205489994,0.5,-0.0008555454915040032,0.0008598325803177343,64
response_first,4,15,-5.793168270429739e-06,-0.00047962659019185695,0.00047962659019185695,0.5,0.0010873940118472027,-0.0010989803483880626,64
public_task_span,4,9,-4.6414115786282736e-06,-0.00047788161159939975,0.00047788161159939975,0.5,-7.138075670807636e-05,6.209793355081976e-05,64
final_prompt,3,1,-2.585707989050134e-06,-0.0004724936436868559,0.0004724936436868559,0.5,0.0003278460935689625,-0.0003330175095470625,64
response_mean,2,20,5.581433242691884e-06,0.00047007110019093613,0.00047007110019093613,0.484375,0.0005634356443806579,-0.0005522727778952739,64
final_prompt,2,29,-6.451097533499706e-06,-0.00046889239837252913,0.00046889239837252913,0.5,0.0004952708081873534,-0.000508173003254353,64
response_first,1,22,-7.797634680177764e-07,-0.0004637929229434756,0.0004637929229434756,0.5,0.00014800283679505737,-0.00014956236373109283,64
public_task_span,1,1,6.824620868421834e-07,0.00046268181111751256,0.00046268181111751256,0.5,-4.488995182328437e-05,4.6254875996968724e-05,64
response_mean,13,13,-4.476049592076311e-07,-0.00046236036579994387,0.00046236036579994387,0.5,6.940700572832903e-05,-7.030221564674432e-05,64
final_prompt,0,4,-9.915092960060482e-07,-0.00046188850205942375,0.00046188850205942375,0.5,0.0006360613333526859,-0.0006380443519446981,64
response_first,34,26,-2.1946050309736787e-08,-0.0004613226447271487,0.0004613226447271487,0.546875,-8.786258831601605e-06,8.742366730982132e-06,64
response_mean,4,26,-3.4367130865601767e-06,-0.0004603049584416188,0.0004603049584416188,0.5,0.0005675134916600696,-0.0005743869178331897,64
response_mean,5,18,-2.949041800090978e-06,-0.00046015610862130274,0.00046015610862130274,0.5,0.0006180529189805273,-0.0006239510025807093,64
final_prompt,5,18,1.774339125406373e-06,0.0004575263086222502,0.0004575263086222502,0.5,0.0005081142617200345,-0.0005045655834692218,64
response_first,3,21,5.69016538066471e-06,0.000452825049024064,0.000452825049024064,0.5,-0.00010534141620153277,0.00011672174696286165,64
response_mean,5,24,5.855391464135336e-06,0.0004523222753766502,0.0004523222753766502,0.5,0.0009991725019062943,-0.000987461718978023,64
response_mean,4,18,5.217438229013259e-06,0.0004509582558757041,0.0004509582558757041,0.5,0.0006133524111646802,-0.0006029175347066534,64
response_first,30,21,-1.8535246226747404e-08,-0.0004490764764933192,0.0004490764764933192,0.5,-5.08015335753953e-06,5.043082865086035e-06,64
response_first,10,20,-2.1635855773918836e-08,-0.00044789912873650044,0.00044789912873650044,0.5,-5.764202342107326e-06,5.720930630559488e-06,64
public_task_span,32,22,2.0753736863219675e-07,0.00044481521105719043,0.00044481521105719043,0.5,-3.404347717149129e-05,3.445855190875569e-05,64
response_mean,3,10,2.6493817131250513e-06,0.0004420606359326366,0.0004420606359326366,0.5,-0.0010657052571332159,0.0010710040205594656,64
public_task_span,30,6,3.037584974649881e-07,0.00044163393447440956,0.00044163393447440956,0.5,-6.741996332947856e-05,6.802748032440855e-05,64
public_task_span,30,13,-5.7954139264236896e-08,-0.0004405235290794525,0.0004405235290794525,0.484375,-7.761703272990366e-06,7.645794994461899e-06,64
final_prompt,12,1,-9.506243258940897e-08,-0.0004367344458467394,0.0004367344458467394,0.5,1.9091877675238023e-05,-1.9282002540416847e-05,64
final_prompt,17,13,-1.1362786267454794e-08,-0.00043393772909910305,0.00043393772909910305,0.5,-2.0406147882567893e-07,1.8133590629076934e-07,64
response_first,3,27,-7.518279403479931e-06,-0.00043035557753233125,0.00043035557753233125,0.5,0.0018360734995894823,-0.001851110058396442,64
public_task_span,0,20,7.965609256580512e-07,0.00042875415020720545,0.00042875415020720545,0.5,-1.932000304805882e-05,2.0913124899375003e-05,64
response_first,0,10,-1.035907189362466e-06,-0.00042405155264336444,0.00042405155264336444,0.5,-0.0001040087199726344,0.00010193690559390939,64
public_task_span,34,4,-1.683890786760436e-07,-0.00042244321326954205,0.00042244321326954205,0.5,-0.00014992297610658635,0.00014958619794923423,64
response_first,2,23,-4.108392204219035e-06,-0.00041685560719119207,0.00041685560719119207,0.5,0.00036650087804445856,-0.00037471766245289635,64
response_mean,12,13,-1.1133776070047273e-06,-0.00041180427172763306,0.00041180427172763306,0.5,0.00027369759868632495,-0.00027592435390033437,64
public_task_span,13,10,-7.353048658829985e-07,-0.00040994590085750344,0.00040994590085750344,0.5,-0.00013924716949985713,0.00013777655976809114,64
response_mean,5,27,6.674021733484069e-06,0.00040531696784412946,0.00040531696784412946,0.5,0.0012938598085838748,-0.0012805117651169071,64
final_prompt,18,23,-2.5053464015254963e-07,-0.00040432905564403196,0.00040432905564403196,0.484375,2.394532293690558e-05,-2.444639221721065e-05,64
public_task_span,2,30,2.809512807292174e-06,0.0004038434041821461,0.0004038434041821461,0.5,0.00010140403173865747,-9.578500612407345e-05,64
public_task_span,0,22,-1.0064968592168118e-07,-0.00040341815550432107,0.00040341815550432107,0.5,7.462499979730964e-06,-7.663799351574316e-06,64
final_prompt,6,4,-3.145789378323203e-06,-0.00040076434723977335,0.00040076434723977335,0.5,0.0005544967934838531,-0.0005607883722405,64
final_prompt,0,30,-8.44231180965573e-07,-0.0004006079837085642,0.0004006079837085642,0.5,0.00038590159965678193,-0.00038759006201871297,64
response_mean,6,14,3.55440897693393e-06,0.000398071160487686,0.000398071160487686,0.5,0.0003190775369148588,-0.0003119687189609906,64
response_mean,4,19,-5.367454377845724e-06,-0.0003945756874371072,0.0003945756874371072,0.5,0.0008947651431299404,-0.0009055000518856307,64
response_mean,0,22,-5.174933903655731e-07,-0.0003924274027652991,0.0003924274027652991,0.5,-0.0002615412195154898,0.00026050623273475863,64
public_task_span,0,12,-2.1513260435328165e-06,-0.0003863824464321214,0.0003863824464321214,0.5,0.00024078492424450625,-0.000245087576331572,64
response_mean,13,3,8.755014277919823e-07,0.00038574099833151693,0.00038574099833151693,0.515625,0.0008201667751563649,-0.0008184157723007808,64
response_first,17,27,4.9634564902651606e-08,0.0003756373005116683,0.0003756373005116683,0.515625,-4.342113690824455e-05,4.352040603804985e-05,64
response_first,18,8,6.358688153652323e-08,0.00037206844588409086,0.00037206844588409086,0.515625,-2.9847775579129678e-05,2.9974949342202724e-05,64
public_task_span,3,24,3.36857783623135e-06,0.0003715839812698144,0.0003715839812698144,0.5,0.0006523699066747346,-0.000645632751002272,64
public_task_span,15,3,-5.017791409112475e-07,-0.00036925518548706166,0.00036925518548706166,0.484375,0.0004318108458391939,-0.0004328144041210164,64
response_first,5,24,5.1243987400097744e-06,0.0003674815961361904,0.0003674815961361904,0.5,0.0009868136403383843,-0.0009765648428583648,64
response_first,0,27,-2.8674912755326633e-06,-0.0003568688256726281,0.0003568688256726281,0.5,-0.003554576454916953,0.0035488414723658874,64
response_first,0,25,7.470525815687223e-07,0.0003567384224703768,0.0003567384224703768,0.5,0.0004941919951306594,-0.0004926978899675218,64
final_prompt,13,0,2.8067724144503836e-08,0.00035547778762970553,0.00035547778762970553,0.5,-2.194154774315129e-06,2.2502902226041375e-06,64
response_first,12,9,-3.286272161109386e-07,-0.0003516766299794025,0.0003516766299794025,0.5,-0.00018461378003565077,0.00018395652560342888,64
response_first,5,23,-5.115694875712723e-06,-0.0003514228515175421,0.0003514228515175421,0.5,0.0011111502881249132,-0.0011213816778763387,64
final_prompt,30,3,2.9713305596357984e-08,0.00035094575551851485,0.00035094575551851485,0.53125,-2.587517565188165e-05,2.5934602263074365e-05,64
response_first,13,12,-1.306906180498224e-10,-0.0003476521879061681,0.0003476521879061681,0.5,-1.9112672634824523e-07,1.908653451121456e-07,64
response_mean,7,20,-7.399626156267503e-08,-0.00034757774106982607,0.00034757774106982607,0.5,-5.306632783685231e-05,5.291833531372695e-05,64
final_prompt,16,4,1.1308294745007e-08,0.00034724758644417747,0.00034724758644417747,0.5,7.79951720630662e-06,-7.776900616816606e-06,64
public_task_span,31,17,3.503072321301041e-08,0.00034405811264502347,0.00034405811264502347,0.5,-1.2131879316248219e-05,1.2201940762674238e-05,64
response_mean,1,19,5.10802237842502e-07,0.0003435469354958253,0.0003435469354958253,0.5,-0.0002694054510357047,0.0002704270555113897,64
response_first,18,2,7.608505825373868e-09,0.00034262225790585157,0.00034262225790585157,0.5,-7.125268950858299e-06,7.140485962509047e-06,64
response_mean,0,10,-2.2010772226830158e-07,-0.00033917767348739207,0.00033917767348739207,0.5,2.1784167529396246e-05,-2.2224382973932863e-05,64
final_prompt,4,11,-4.826500344282808e-06,-0.00033769535044916497,0.00033769535044916497,0.5,0.0006057910964045904,-0.0006154440970931566,64
final_prompt,0,2,9.580107871422027e-07,0.0003365757893040543,0.0003365757893040543,0.5,-0.00026041980891021877,0.00026233583048450326,64
final_prompt,0,31,-5.160854925623226e-07,-0.00033550065248601685,0.00033550065248601685,0.5,0.0004471138272492495,-0.00044814599823437423,64
public_task_span,3,4,-4.118831839153118e-06,-0.00033249796820198507,0.00033249796820198507,0.5,0.0006438196487579345,-0.0006520573124362404,64
public_task_span,12,2,1.2502778190312045e-07,0.0003318145431504751,0.0003318145431504751,0.5,-1.8341876511840616e-05,1.859193207564688e-05,64
response_first,6,24,-1.7780439520741805e-06,-0.00033138077544433064,0.00033138077544433064,0.5,0.0020357983485155017,-0.0020393544364196497,64
public_task_span,30,0,-2.831948222588136e-07,-0.00033068290144165245,0.00033068290144165245,0.5,5.599599717242712e-05,-5.656238681694468e-05,64
final_prompt,33,16,-4.960047590422305e-07,-0.00032931178135730925,0.00032931178135730925,0.515625,-0.00040016304592426573,0.0003991710364061812,64
final_prompt,14,27,-8.66070459791635e-08,-0.00032739720969611865,0.00032739720969611865,0.5,-4.673816971578621e-05,4.656495562382788e-05,64
response_mean,10,23,1.5470232029141017e-07,0.00032479630840015033,0.00032479630840015033,0.5,-0.00020489956841627675,0.00020520897305685955,64
final_prompt,7,11,-1.5265612772498992e-08,-0.0003245985475760307,0.0003245985475760307,0.515625,2.2581309622475224e-07,-2.563443217697513e-07,64
final_prompt,31,17,-2.0692567658255035e-08,-0.0003230352986943115,0.0003230352986943115,0.5,-2.4587276925552585e-05,2.4545891790236075e-05,64
public_task_span,12,25,3.418673344413037e-09,0.0003223537156399413,0.0003223537156399413,0.5,-3.460049313730453e-07,3.528422780618713e-07,64
response_mean,21,0,-3.115911084705658e-09,-0.0003201487773271403,0.0003201487773271403,0.5,-1.3803336642581598e-06,1.3741018420887485e-06,64
final_prompt,0,25,-5.718068223354417e-07,-0.00032008213422384787,0.00032008213422384787,0.5,0.000607360080039144,-0.0006085036936838149,64
final_prompt,4,26,3.9520759855741616e-06,0.00031870710577553817,0.00031870710577553817,0.5,0.0008183012441804915,-0.0008103970922093434,64
final_prompt,7,0,-8.501893944130524e-08,-0.0003183761462655991,0.0003183761462655991,0.515625,-6.458533505337341e-05,6.441529717449081e-05,64
public_task_span,2,27,8.617134881226457e-07,0.0003180694297033422,0.0003180694297033422,0.5,-1.3112818123767455e-05,1.48362451000128e-05,64
response_mean,4,17,-4.0811733015260875e-06,-0.00031524867243225865,0.00031524867243225865,0.515625,0.0007338792356677148,-0.0007420415822707669,64
public_task_span,31,0,-3.5222183214726196e-07,-0.00031014238822857614,0.00031014238822857614,0.5,-0.00054189691581995,0.0005411924721556554,64
response_first,4,13,5.2112302455489465e-06,0.0003101285389503075,0.0003101285389503075,0.46875,0.0015102357992873134,-0.0014998133387962155,64
final_prompt,12,0,1.963536533440316e-08,0.0003079422077923942,0.0003079422077923942,0.515625,8.687725312514682e-07,-8.295018005826621e-07,64
public_task_span,18,31,-5.068936843569843e-07,-0.0003074932355865974,0.0003074932355865974,0.515625,0.0001512806475147842,-0.00015229443488349806,64
response_mean,4,20,-2.958299774041915e-06,-0.0003069071490785426,0.0003069071490785426,0.5,0.0004959758425684437,-0.0005018924421165284,64
response_mean,5,31,3.1850986488243024e-06,0.00030665109303772945,0.00030665109303772945,0.5,0.00029044949360469035,-0.00028407929630704164,64
response_mean,6,1,1.0012827260683999e-06,0.00030623199491111006,0.00030623199491111006,0.5,3.418321284698192e-05,-3.218064739484512e-05,64
final_prompt,14,15,2.4821247279230185e-08,0.0003019482581623227,0.0003019482581623227,0.5,2.4594567321397578e-05,-2.4544924826839118e-05,64
public_task_span,0,23,5.068213795274615e-07,0.0003007283207787121,0.0003007283207787121,0.5,-8.873194383341617e-05,8.97455865924712e-05,64
final_prompt,2,3,1.3475219020639775e-06,0.0002972385869718596,0.0002972385869718596,0.5,-0.00017730979743645634,0.0001800048412405844,64
response_mean,0,29,-5.141337169356519e-07,-0.00029646330375441947,0.00029646330375441947,0.5,0.0003290346940047963,-0.0003300629614386676,64
response_mean,0,11,-1.0046551323897497e-07,-0.00029621937896102805,0.00029621937896102805,0.5,3.7290759792080194e-05,-3.749169081855815e-05,64
response_mean,3,4,-2.714004040168822e-06,-0.00029543669397295684,0.00029543669397295684,0.5,0.00017301706975560594,-0.00017844507783594359,64
response_first,6,14,-2.036786099778227e-06,-0.0002945747212639862,0.0002945747212639862,0.5,-1.641241942705639e-05,1.2338847227499829e-05,64
public_task_span,19,16,-4.518742571180611e-07,-0.0002941623060354241,0.0002941623060354241,0.5,0.00017993846449826544,-0.00018084221301250164,64
response_mean,1,14,-7.647568054421484e-07,-0.0002934574532740702,0.0002934574532740702,0.5,-0.0005535263162528188,0.0005519968026419344,64
final_prompt,14,30,-2.2343556338641875e-08,-0.00029064304861875045,0.00029064304861875045,0.5,1.7230104219831776e-05,-1.727479133250906e-05,64
public_task_span,4,12,-2.5930667106889007e-06,-0.00028585307473542486,0.00028585307473542486,0.515625,0.0007114615855243748,-0.0007166477189457531,64
response_mean,4,27,1.6743792059520238e-06,0.00028074568853446316,0.00028074568853446316,0.5,0.0004392360340261767,-0.0004358872756142728,64
response_mean,6,16,-1.9757644622617567e-06,-0.0002789522410776315,0.0002789522410776315,0.5,0.00021912384545431398,-0.00022307537437883754,64
response_first,0,13,-1.7547426978156526e-06,-0.0002733839147744959,0.0002733839147744959,0.5,-0.0025046128357644093,0.0025011033503687784,64
response_mean,0,14,7.354828994762848e-07,0.00027166232727573965,0.00027166232727573965,0.5,-0.00061879113491156,0.0006202621007105127,64
response_first,5,4,1.232816089180748e-07,0.00026845179581128255,0.00026845179581128255,0.5,-8.36209960652654e-06,8.608662824362707e-06,64
response_mean,11,14,5.899353254838974e-07,0.00026620930492976487,0.00026620930492976487,0.5,0.0006988318484673045,-0.0006976519778163366,64
response_mean,30,3,3.543732418915261e-08,0.0002648360067475447,0.0002648360067475447,0.5,-4.189537298769931e-05,4.1966247636077616e-05,64
final_prompt,18,10,-1.223357912779348e-07,-0.0002604716505345638,0.0002604716505345638,0.5,0.0001405271275416339,-0.00014077179912418977,64
response_first,2,21,-3.0346564017126186e-06,-0.0002584547677063418,0.0002584547677063418,0.5,0.002963295206427575,-0.0029693645192309997,64
response_mean,0,20,3.7301833800028534e-07,0.00025806606475626355,0.00025806606475626355,0.5,2.0188563212414617e-06,-1.2728196452409452e-06,64
final_prompt,16,29,-4.809839992498648e-08,-0.00025594449129108336,0.00025594449129108336,0.515625,6.283891116253798e-05,-6.293510796238796e-05,64
response_first,35,12,-9.048835636043447e-08,-0.00025280234885601455,0.00025280234885601455,0.5,-0.00011467668946349722,0.00011449571275077639,64
response_mean,30,10,2.685635536293062e-08,0.0002525728644668657,0.0002525728644668657,0.5,-2.9336926445459538e-05,2.9390639156185397e-05,64
public_task_span,4,3,2.7849164325717893e-06,0.0002523493436304795,0.0002523493436304795,0.515625,0.0007992262762854891,-0.0007936564434203454,64
public_task_span,6,7,-2.062020939776004e-06,-0.00025152379386799605,0.00025152379386799605,0.46875,-0.0005483918794197852,0.0005442678375402327,64
response_first,5,21,-2.373044367229467e-06,-0.00024895585477964705,0.00024895585477964705,0.5,0.0009606080757293876,-0.0009653541644638467,64
final_prompt,7,3,1.320604496893501e-07,0.0002486978947325838,0.0002486978947325838,0.5,-0.00010506125818209268,0.00010532537908147141,64
response_mean,14,27,-8.222468750313633e-07,-0.0002479411910545081,0.0002479411910545081,0.515625,0.0005972245098746478,-0.0005988690036247106,64
response_mean,0,9,9.506493370281532e-09,0.00024547550340011596,0.00024547550340011596,0.5,9.088193451134432e-07,-8.898063583728801e-07,64
response_first,5,25,3.4004656299612118e-06,0.0002386125335117595,0.0002386125335117595,0.5,0.0012036502498631225,-0.0011968493186031999,64
response_first,18,17,1.1974028990557751e-09,0.00023501973986667682,0.00023501973986667682,0.5,-1.0328984405005848e-06,1.0352932462986963e-06,64
public_task_span,1,20,-1.178239472205962e-06,-0.00023382952534994764,0.00023382952534994764,0.484375,-0.001856889037298946,0.0018545325583545344,64
public_task_span,5,26,-3.5418606785216425e-06,-0.0002321000977842194,0.0002321000977842194,0.5,0.001227137810928996,-0.0012342215322860381,64
public_task_span,1,29,-4.103676474187523e-07,-0.00023185211260913927,0.00023185211260913927,0.5,-0.000869418021466096,0.0008685972861712586,64
final_prompt,4,7,4.407372344418861e-06,0.00022826835487993295,0.00022826835487993295,0.5,0.0007832845484827526,-0.0007744698037939145,64
response_mean,1,15,-2.9313832783923305e-07,-0.0002257171900994085,0.0002257171900994085,0.5,-0.0004612767734215539,0.00046069049676587543,64
response_mean,7,18,8.591200639504264e-08,0.000225705085659999,0.000225705085659999,0.5,0.00015527352775277685,-0.0001551017037399867,64
final_prompt,13,9,2.0730993811527606e-08,0.00022335563914652922,0.00022335563914652922,0.5,-9.918327464216444e-06,9.959789451839498e-06,64
response_mean,0,13,-6.923582986906839e-07,-0.0002222702618731332,0.0002222702618731332,0.5,-0.0006323046400211687,0.0006309199234237875,64
response_mean,0,27,-1.1763549991922369e-06,-0.0002216692561369336,0.0002216692561369336,0.5,-0.003108495628111969,0.0031061429181135844,64
response_first,4,11,-2.0517031771298978e-06,-0.0002166867405198903,0.0002166867405198903,0.5,2.29824827329368e-05,-2.7085889087196053e-05,64
final_prompt,0,15,5.5743157644929945e-08,0.00021561212761168485,0.00021561212761168485,0.5,1.9350639377082877e-05,-1.9239153061793027e-05,64
response_first,8,3,-5.926347057489e-08,-0.00021221644807566011,0.00021221644807566011,0.5,-9.481942265663343e-05,9.470089571548366e-05,64
response_mean,4,15,-2.6423745111956755e-06,-0.00021220233130266652,0.00021220233130266652,0.5,0.000998237023395628,-0.0010035217724180194,64
final_prompt,10,17,1.3994167602474957e-08,0.00020931594555070163,0.00020931594555070163,0.5,1.795798732473508e-05,-1.7929998989530127e-05,64
public_task_span,13,1,-6.05723471376901e-07,-0.00020888622484351377,0.00020888622484351377,0.5,-0.001044135325173544,0.0010429238782307902,64
response_first,0,5,-3.6684104997978563e-07,-0.00020747536517409673,0.00020747536517409673,0.5,-7.915587048020541e-07,5.787660484248285e-08,64
final_prompt,6,14,6.755808499307107e-07,0.00020699336049369605,0.00020699336049369605,0.5,0.0001790037536011419,-0.00017765259190128047,64
final_prompt,3,20,-4.3713862396249756e-07,-0.0002035931874873548,0.0002035931874873548,0.5,-0.00010979270700771872,0.00010891842975979375,64
public_task_span,6,12,9.806881280360327e-07,0.00020156134499558573,0.00020156134499558573,0.5,8.604723552707057e-05,-8.408585927099856e-05,64
response_mean,34,10,6.209646130628138e-09,0.00020057995125277785,0.00020057995125277785,0.5,-4.247196301321309e-06,4.259615593582566e-06,64
public_task_span,5,18,-2.0427100935181165e-06,-0.00020016857496016655,0.00020016857496016655,0.53125,0.0010300257918061124,-0.0010341112119931484,64
response_first,23,17,3.0483363387999815e-08,0.00019833005431378042,0.00019833005431378042,0.5,-6.529569873241865e-06,6.590536600017858e-06,64
final_prompt,0,27,4.713947419061437e-07,0.0001977483978347312,0.0001977483978347312,0.5,-0.0015365159051725342,0.001537458694656347,64
final_prompt,5,16,2.233596433137827e-06,0.00019669234683812237,0.00019669234683812237,0.5,0.0008695953633832558,-0.0008651281705169808,64
response_first,30,31,9.870234408893638e-09,0.00019047246219720858,0.00019047246219720858,0.5,-4.610133032652624e-06,4.629873501470411e-06,64
response_first,4,10,2.3632192096610747e-06,0.00019007759917813138,0.00019007759917813138,0.5,0.0008264748357760398,-0.0008217483973567176,64
final_prompt,3,3,-1.5068144421110513e-06,-0.00018583538985286215,0.00018583538985286215,0.5,0.0007983988980413477,-0.0008014125269255696,64
response_first,0,6,1.9733033696550293e-07,0.0001845986571345047,0.0001845986571345047,0.5,7.341528544203434e-05,-7.302062476810333e-05,64
response_first,21,3,-2.4159248823844677e-08,-0.0001832498123968496,0.0001832498123968496,0.5,-3.147731979424456e-05,3.142900129659688e-05,64
response_mean,8,9,3.905547885215108e-09,0.00018205759282982156,0.00018205759282982156,0.515625,4.546309511965774e-06,-4.538498416195344e-06,64
response_first,30,15,-9.411103007353524e-09,-0.0001802727488542238,0.0001802727488542238,0.484375,4.975148115705537e-06,-4.9939703217202425e-06,64
response_mean,6,21,7.184021342211341e-07,0.00017887285486744311,0.00017887285486744311,0.5,0.0001266250346816315,-0.0001251882304131889,64
public_task_span,5,19,1.9155854715765044e-06,0.00017823030334746974,0.00017823030334746974,0.5,0.001071197886631131,-0.0010673667156879782,64
final_prompt,0,21,-6.560430847454764e-07,-0.00017815628568888935,0.00017815628568888935,0.5,-8.801598596624321e-06,7.489512427133395e-06,64
public_task_span,27,10,1.373327904719262e-07,0.00017601643533791185,0.00017601643533791185,0.5,-0.00042526978904786246,0.0004255444546288063,64
response_first,3,28,1.6958565538537952e-06,0.00017467991517420485,0.00017467991517420485,0.515625,0.0007035817434371045,-0.000700190030329397,64
final_prompt,0,11,3.08718881552752e-08,0.00017396922485162614,0.00017396922485162614,0.5,4.2754240439528426e-05,-4.269249666321788e-05,64
response_first,10,12,-1.0465373634525224e-07,-0.00017395539058393975,0.00017395539058393975,0.484375,3.817224933299785e-05,-3.838155680568837e-05,64
response_first,5,27,-2.827534331118582e-06,-0.00017327806519817703,0.00017327806519817703,0.5,0.0010954982321891328,-0.001101153300851369,64
public_task_span,4,8,1.9055732991578919e-06,0.00017098921172803333,0.00017098921172803333,0.5,0.0003683947197714772,-0.000364583573173161,64
response_first,6,13,-9.22269464353055e-07,-0.00016897949422472095,0.00016897949422472095,0.5,-0.0007058029696054243,0.0007039584306767185,64
response_mean,1,13,1.3718768059353768e-06,0.00016895866390135788,0.00016895866390135788,0.5,-0.0010385751922967598,0.0010413189459086308,64
response_mean,5,19,1.5726701576520598e-06,0.00016727151506711792,0.00016727151506711792,0.5,0.0007344119337631084,-0.0007312665934478044,64
response_first,5,3,-2.248419150420152e-06,-0.00016718078570876653,0.00016718078570876653,0.5,0.0011417592870657308,-0.0011462561253665704,64
response_mean,1,30,-2.919132384741289e-07,-0.00016557687758469972,0.00016557687758469972,0.484375,-0.0010112981599377077,0.0010107143334607595,64
response_first,0,29,-2.3148459149859317e-07,-0.00016359059294529966,0.00016359059294529966,0.484375,0.00042604152986312695,-0.00042650449904612416,64
response_mean,2,24,4.262856236907e-07,0.00016355421258311073,0.00016355421258311073,0.5,0.0001505670406913813,-0.00014971446944399993,64
response_mean,5,10,-2.225905404885844e-06,-0.00016253583725562505,0.00016253583725562505,0.5,0.0008162500901107746,-0.0008207019009205469,64
response_first,17,16,3.190743314299486e-08,0.00016205072335930316,0.00016205072335930316,0.5,1.6783520621285847e-05,-1.6719705754999852e-05,64
final_prompt,2,28,-9.529242106513965e-07,-0.00016113991841207084,0.00016113991841207084,0.5,-5.7927726686559576e-05,5.6021878265257115e-05,64
final_prompt,0,22,7.707427584997897e-09,0.00015932695008012896,0.00015932695008012896,0.5,1.4870663733285354e-05,-1.4855248878115358e-05,64
final_prompt,0,23,-6.335903890421712e-07,-0.00015851977095683516,0.00015851977095683516,0.5,-0.0015583959757350355,0.0015571287949569512,64
response_first,0,12,5.897345545234395e-07,0.00015722532054010402,0.00015722532054010402,0.5,-0.0007310305009013969,0.0007322099700104437,64
response_mean,15,19,1.0527740101680275e-07,0.00015713061727077918,0.00015713061727077918,0.5,0.0003056512440764175,-0.00030544068927438396,64
response_first,1,5,-4.30641193764202e-08,-0.00015289946457397463,0.00015289946457397463,0.5,-3.278851977483547e-05,3.2702391536082635e-05,64
public_task_span,9,23,8.337201507360519e-08,0.0001523442830825514,0.0001523442830825514,0.5,0.0001464948727516409,-0.00014632812872149363,64
response_first,27,27,-2.0294123714038192e-08,-0.00014649335108661725,0.00014649335108661725,0.5,-4.7667730882484366e-05,4.762714263505628e-05,64
final_prompt,0,0,2.070999471471581e-06,0.00014479601686053496,0.00014479601686053496,0.5,-0.006167721323436116,0.00617186332237906,64
public_task_span,4,2,2.213731931992053e-06,0.00014378790917927127,0.00014378790917927127,0.5,0.00042878440581263705,-0.00042435694194865306,64
response_mean,2,27,3.1988747650624617e-07,0.00014297229687992285,0.00014297229687992285,0.5,6.468484207289997e-05,-6.404506711988746e-05,64
final_prompt,4,15,1.871366976044465e-06,0.0001427706624609597,0.0001427706624609597,0.5,0.0009764432365955137,-0.0009727005026434255,64
final_prompt,12,25,-1.1315215431295126e-09,-0.0001421000619413679,0.0001421000619413679,0.5,-1.7898815798389478e-06,1.7876185367526887e-06,64
final_prompt,7,9,-1.1789609290040532e-08,-0.00014043832718492672,0.00014043832718492672,0.484375,1.5231854035846136e-05,-1.5255433254426217e-05,64
response_mean,4,14,-1.667694959905713e-06,-0.00013909640676506812,0.00013909640676506812,0.515625,0.000734853147150734,-0.000738188537070545,64
response_mean,6,18,-4.979483492159619e-07,-0.00013798960850605095,0.00013798960850605095,0.5,-3.790311939153357e-05,3.6907222693101567e-05,64
response_mean,6,13,-9.874465831731473e-07,-0.00013630311276947223,0.00013630311276947223,0.5,8.004480332602295e-05,-8.201969649236938e-05,64
response_mean,4,24,-8.382153282571452e-07,-0.00013611012119283495,0.00013611012119283495,0.5,0.0006015145554556448,-0.000603190986112159,64
public_task_span,3,29,-1.1280276339703955e-06,-0.00013265005907650345,0.00013265005907650345,0.5,0.0006317780944300499,-0.0006340341496979908,64
public_task_span,30,12,-1.1538531909839938e-08,-0.00013148881279779651,0.00013148881279779651,0.5,-8.34481693346372e-06,8.32173986964404e-06,64
response_mean,0,12,-4.035464371531243e-07,-0.000129684476833674,0.000129684476833674,0.5,-0.0011319627519696782,0.0011311556590953718,64
final_prompt,6,12,5.337074071556702e-08,0.0001293399012996889,0.0001293399012996889,0.5,-3.3654628623468695e-05,3.37613701048998e-05,64
response_first,1,29,-1.7835668586550606e-07,-0.00012878698350706142,0.00012878698350706142,0.5,-0.0003747561022464639,0.00037439938887473285,64
response_mean,9,14,-4.823505150815862e-07,-0.00012753440419406285,0.00012753440419406285,0.5,0.001054327625752192,-0.0010552923267823553,64
final_prompt,0,9,-8.770939530313479e-08,-0.00012748064575571137,0.00012748064575571137,0.5,2.4004042643349978e-05,-2.417946143395623e-05,64
response_first,0,31,5.0014932638419644e-08,0.0001236506285863534,0.0001236506285863534,0.5,6.77905906059017e-05,-6.769056074062486e-05,64
response_mean,6,4,-1.4114957593877424e-06,-0.00012122083198453088,0.00012122083198453088,0.5,0.0016408990559284562,-0.0016437220474472315,64
final_prompt,8,13,1.1593556333226092e-08,0.00012024266703071126,0.00012024266703071126,0.5,-7.504191444239749e-06,7.527378556906203e-06,64
response_first,32,26,-5.0587161135038125e-09,-0.00011842624764793327,0.00011842624764793327,0.5,1.1489776881037487e-06,-1.1590951203307568e-06,64
final_prompt,0,13,-1.5137629816968456e-08,-0.00011838198821989223,0.00011838198821989223,0.5,5.0135253786707646e-05,-5.016552904634158e-05,64
public_task_span,35,8,-5.190340743812963e-07,-0.00011793834534108531,0.00011793834534108531,0.5,-0.00014127713802735315,0.00014023906987859053,64
response_mean,10,13,6.237041816875742e-08,0.0001175757559039152,0.0001175757559039152,0.5,3.8558268897759384e-05,-3.8433528061421876e-05,64
response_first,4,19,-1.661196620259377e-06,-0.0001161678554343161,0.0001161678554343161,0.5,0.0009711023694763019,-0.0009744247627168213,64
final_prompt,5,25,-1.2440959835666524e-06,-0.00011325848763539839,0.00011325848763539839,0.5,0.0006011555469740433,-0.0006036437389411765,64
response_first,28,24,2.186524739045073e-09,0.00010561744426889117,0.00010561744426889117,0.5,-1.9782063844786535e-06,1.9825794339567437e-06,64
response_mean,1,11,2.712258719858739e-07,0.00010510598570521212,0.00010510598570521212,0.5,-3.346231824253436e-05,3.4004769986506163e-05,64
public_task_span,3,26,-1.2739328667521477e-06,-0.0001027599311075338,0.0001027599311075338,0.5,0.0006715629970131106,-0.000674110862746615,64
public_task_span,2,15,-5.112306098418464e-07,-0.0001008996133712673,0.0001008996133712673,0.5,-0.0015217621112242133,0.00152073965000453,64
public_task_span,0,26,-6.806430974071279e-08,-9.850229169393971e-05,9.850229169393971e-05,0.5,-0.00019609882292567567,0.00019596269430619424,64
response_first,0,23,-9.204268281194096e-08,-9.723817138448574e-05,9.723817138448574e-05,0.5,-0.00016244706785074133,0.00016226298248511742,64
final_prompt,17,20,9.093170660888823e-10,8.961256120900574e-05,8.961256120900574e-05,0.5,-1.461387313383966e-06,1.463205947516144e-06,64
final_prompt,0,16,2.684719220284108e-07,8.80134391498463e-05,8.80134391498463e-05,0.5,0.0009957973161362915,-0.0009952603722922343,64
response_first,4,8,-1.4584047676195668e-06,-8.692137256851268e-05,8.692137256851268e-05,0.5,0.001376117530753627,-0.001379034340288866,64
public_task_span,0,21,1.874104782446462e-07,8.330151856180172e-05,8.330151856180172e-05,0.5,0.0002925923035945634,-0.00029221748263807404,64
response_first,0,0,1.258522388519344e-07,8.112220427556347e-05,8.112220427556347e-05,0.5,-0.0008355285099241614,0.0008357802144018652,64
response_mean,3,3,2.391543603163268e-07,7.979182990879953e-05,7.979182990879953e-05,0.5,0.00026361821983299954,-0.0002631399111123667,64
public_task_span,3,11,1.1619558790765868e-06,7.530352604140658e-05,7.530352604140658e-05,0.484375,-0.0017246051284018778,0.001726929040160031,64
response_mean,3,31,8.567999998391942e-07,7.466147134651879e-05,7.466147134651879e-05,0.5,0.0009299884826532489,-0.0009282748826535702,64
public_task_span,12,17,4.5158685682816085e-08,7.294377178892607e-05,7.294377178892607e-05,0.5,-1.966346826520312e-05,1.9753785636568753e-05,64
final_prompt,0,19,7.680318958735327e-08,7.13306077494191e-05,7.13306077494191e-05,0.5,0.00014338195978779385,-0.0001432283534086191,64
final_prompt,0,5,-7.686685421407857e-08,-7.128095362063359e-05,7.128095362063359e-05,0.5,-0.00016507097461727305,0.00016491724090884495,64
response_mean,0,4,6.567915989635182e-08,6.171654359848792e-05,6.171654359848792e-05,0.515625,0.0001994373087654897,-0.00019930595044569696,64
public_task_span,0,24,7.547532731757417e-08,6.040999284428132e-05,6.040999284428132e-05,0.5,-4.8364960093755217e-05,4.851591074839034e-05,64
response_mean,15,14,-1.0598512290294342e-07,-5.9973903446838205e-05,5.9973903446838205e-05,0.515625,-0.00028411491389590787,0.000283902943650102,64
response_first,0,20,9.819314073503176e-08,5.9066921392604365e-05,5.9066921392604365e-05,0.5,-0.00018780363052427673,0.0001880000168057468,64
response_first,6,26,-1.9035360310627834e-07,-5.8667024962371694e-05,5.8667024962371694e-05,0.5,-0.0006939596496522312,0.0006935789424460186,64
response_mean,5,26,8.939782674185354e-07,5.683793418827674e-05,5.683793418827674e-05,0.5,0.0012483196896937556,-0.001246531733158919,64
public_task_span,9,18,4.299856473100524e-09,5.615922480786225e-05,5.615922480786225e-05,0.5,-2.6960446049875627e-05,2.6969045762821828e-05,64
public_task_span,1,31,-4.0255144995811256e-07,-5.598482297579334e-05,5.598482297579334e-05,0.484375,-0.004645410092052751,0.004644604989152834,64
response_mean,0,23,-3.766854206264666e-08,-5.437348577543086e-05,5.437348577543086e-05,0.5,-5.133906597619179e-05,5.1263728892066536e-05,64
response_mean,5,21,-5.920543344451433e-07,-5.18473912163263e-05,5.18473912163263e-05,0.5,0.000991598469909147,-0.0009927825785780377,64
final_prompt,2,10,3.767181624367028e-07,4.963451778536263e-05,4.963451778536263e-05,0.5,0.0002219568850705262,-0.00022120344874565243,64
public_task_span,20,22,-1.2250097826402191e-08,-4.9294304356645524e-05,4.9294304356645524e-05,0.5,-1.0187116458842138e-05,1.016261626318933e-05,64
response_mean,0,24,-1.281625827246298e-08,-4.434013331061147e-05,4.434013331061147e-05,0.5,1.4434341437714576e-06,-1.4690666603163852e-06,64
final_prompt,5,24,4.853720838569366e-07,4.1892350568978555e-05,4.1892350568978555e-05,0.5,0.0009359884948025876,-0.0009350177506348739,64
final_prompt,5,23,-5.931524214041785e-07,-4.1354724874218034e-05,4.1354724874218034e-05,0.5,0.0009092301737041448,-0.0009104164785469532,64
response_mean,14,19,3.1761373975769904e-08,4.0543768659649787e-05,4.0543768659649787e-05,0.5,-6.644770473940161e-05,6.651122748735315e-05,64
final_prompt,7,18,4.1455905343288024e-09,3.90630422508495e-05,3.90630422508495e-05,0.484375,2.0675162318179945e-05,-2.0666871137111288e-05,64
response_first,11,24,-3.234617907131213e-08,-3.726057423808064e-05,3.726057423808064e-05,0.5,-0.00017033097333295596,0.00017026628097481337,64
response_first,0,14,2.2238236851930592e-07,3.612289545291819e-05,3.612289545291819e-05,0.5,0.0002953904477180872,-0.00029494568298104836,64
final_prompt,0,24,-9.839254740535264e-09,-3.4542902697255794e-05,3.4542902697255794e-05,0.5,-2.2093147094878406e-05,2.2073468585397342e-05,64
final_prompt,1,20,-8.751521818610875e-08,-3.438912739344759e-05,3.438912739344759e-05,0.484375,-0.0008850201702443751,0.000884845139808003,64
response_mean,0,21,5.032597983217226e-08,3.393440549310353e-05,3.393440549310353e-05,0.5,0.00010214692156296841,-0.00010204626960330402,64
response_first,13,1,4.426306077325297e-08,3.272271367561116e-05,3.272271367561116e-05,0.5,-0.00014063501976125666,0.0001407235458828032,64
response_mean,2,22,-2.784586286013911e-07,-2.9940025860966463e-05,2.9940025860966463e-05,0.5,0.000450837935204628,-0.0004513948524618309,64
response_first,12,17,5.672802674139147e-09,2.8586246875183257e-05,2.8586246875183257e-05,0.5,6.612274319243059e-07,-6.498818265760276e-07,64
public_task_span,26,10,-9.880807283479953e-10,-2.816879262355597e-05,2.816879262355597e-05,0.5,3.908746094793969e-06,-3.910722256250665e-06,64
response_first,0,7,1.0787516657322126e-08,2.750761924977401e-05,2.750761924977401e-05,0.5,6.957518053240631e-05,-6.955360549909168e-05,64
response_first,11,15,-8.734150469300148e-08,-2.459309215441089e-05,2.459309215441089e-05,0.5,0.0014604918951590582,-0.0014606665781684443,64
public_task_span,0,25,8.753249857904565e-08,2.3886613803907608e-05,2.3886613803907608e-05,0.5,0.0012403875789459495,-0.0012402125139487912,64
response_first,27,1,-5.158184990250447e-11,-2.294805452304624e-05,2.294805452304624e-05,0.5,-7.312796448388781e-07,7.311764811390731e-07,64
final_prompt,5,26,-3.88823991667904e-07,-2.2584043596680996e-05,2.2584043596680996e-05,0.5,0.0011975595007243202,-0.0011983371487076563,64
response_mean,4,12,-2.2290669221569116e-07,-2.209852296302554e-05,2.209852296302554e-05,0.5,0.0006943667842733597,-0.0006948125976577905,64
public_task_span,1,14,7.835660653372593e-08,2.1415346451538055e-05,2.1415346451538055e-05,0.515625,-0.0013287316032801705,0.0013288883164932382,64
response_first,0,26,1.2272494154994573e-09,1.4603641133028497e-05,1.4603641133028497e-05,0.5,-1.183546294213706e-05,1.1837917440968062e-05,64
response_mean,5,25,1.4793431546531073e-07,1.4465429312206754e-05,1.4465429312206754e-05,0.5,0.0008686303608556157,-0.0008683344922246841,64
response_first,0,24,-1.0221810953768042e-08,-1.3158508833447936e-05,1.3158508833447936e-05,0.5,-1.7541317902215213e-05,1.752087428030759e-05,64
public_task_span,20,24,1.5335501779597705e-09,1.1820747634524389e-05,1.1820747634524389e-05,0.5,-6.009520888026905e-05,6.0098275980624976e-05,64
final_prompt,0,10,-1.1047518455598038e-09,-1.1794612789645247e-05,1.1794612789645247e-05,0.5,1.5035784144854173e-05,-1.5037993648545292e-05,64
response_first,23,27,2.6775737183015735e-10,1.0102776899657407e-05,1.0102776899657407e-05,0.53125,-3.351185505096055e-06,3.351721019839715e-06,64
response_first,0,4,-1.213538779968465e-08,-9.068279934812883e-06,9.068279934812883e-06,0.5,9.951002175512408e-05,-9.953429253072345e-05,64
final_prompt,3,19,1.3920055152798726e-07,8.777138575434406e-06,8.777138575434406e-06,0.5,0.0013835416912115848,-0.001383263290108528,64
public_task_span,0,1,-4.430603442187261e-09,-8.306926717357893e-06,8.306926717357893e-06,0.5,-8.102069477899687e-05,8.10118335721125e-05,64
final_prompt,0,12,-2.2782842278912103e-09,-7.652933227125445e-06,7.652933227125445e-06,0.5,-1.626113316885722e-06,1.6215567484299244e-06,64
response_mean,4,11,-6.484378900712198e-08,-6.530458265837289e-06,6.530458265837289e-06,0.5,1.724777575894446e-06,-1.8544651539083648e-06,64
response_mean,0,26,6.217533154263344e-09,5.186652507441473e-06,5.186652507441473e-06,0.5,-0.0004873184707321194,0.00048733090579842787,64
public_task_span,13,15,-1.0654410687038762e-10,-5.167762577162087e-06,5.167762577162087e-06,0.5,-1.2818208769971307e-06,1.2816077887833899e-06,64
response_mean,2,8,-1.1197698768824604e-08,-4.255280989394119e-06,4.255280989394119e-06,0.5,-0.00029315092979230727,0.00029312853439476946,64
final_prompt,0,14,2.366505214026712e-09,2.1028249171569604e-06,2.1028249171569604e-06,0.5,0.00010690030649128894,-0.00010689557348086073,64
response_mean,0,1,-7.430571718838072e-10,-1.5077449157536264e-06,1.5077449157536264e-06,0.5,-0.0001242197313331363,0.00012421824521879253,64
response_first,0,9,1.6626700016786344e-11,9.087813485006115e-07,9.087813485006115e-07,0.5,3.274260151897579e-06,-3.2742268984975453e-06,64
response_first,2,12,-3.731656764057725e-09,-8.116725663079439e-07,8.116725663079439e-07,0.5,-0.0022320256084640035,0.002232018145150475,64
final_prompt,0,26,-2.328306435454494e-10,-2.194287332614944e-08,2.194287332614944e-08,0.5,-0.006106816057354051,0.006106815591692764,64
pre_selector,31,14,4.336808689942018e-19,4.509156989761276e-17,4.509156989761276e-17,0.5,-0.003869801936161801,0.003869801936161801,64
pre_selector,12,10,-8.131516293641283e-20,-4.4537235370880924e-17,4.4537235370880924e-17,0.5,0.00046813701192147583,-0.00046813701192147583,64
pre_selector,5,22,-4.336808689942018e-19,-3.8803053715684996e-17,3.8803053715684996e-17,0.5,0.0007921677254216707,-0.0007921677254216707,64
pre_selector,13,8,-2.168404344971009e-19,-3.8761897830144955e-17,3.8761897830144955e-17,0.5,-0.0015236451981763604,0.0015236451981763604,64
pre_selector,12,13,-1.0842021724855044e-19,-3.642476771568787e-17,3.642476771568787e-17,0.5,0.0012083377605449437,-0.0012083377605449437,64
pre_selector,6,13,1.6263032587282567e-19,3.463506593536373e-17,3.463506593536373e-17,0.5,0.00024375740395044811,-0.00024375740395044817,64
pre_selector,31,13,8.673617379884035e-19,3.400918061762036e-17,3.400918061762036e-17,0.5,-0.01135067350151073,0.011350673501510731,64
pre_selector,33,20,8.673617379884035e-19,3.347587786956404e-17,3.347587786956404e-17,0.5,-0.012506863953603876,0.012506863953603875,64
pre_selector,23,9,-6.776263578034403e-20,-3.316013205499809e-17,3.316013205499809e-17,0.5,0.0006146149462438031,-0.0006146149462438032,64
pre_selector,2,11,-1.0842021724855044e-19,-3.275618425566843e-17,3.275618425566843e-17,0.5,-0.0012121155559725483,0.0012121155559725483,64
pre_selector,3,3,-1.0842021724855044e-19,-3.263427274429923e-17,3.263427274429923e-17,0.5,0.0002734320842137035,-0.0002734320842137034,64
pre_selector,14,18,8.131516293641283e-20,3.2599840944685136e-17,3.2599840944685136e-17,0.5,0.0008931454867706531,-0.0008931454867706532,64
pre_selector,29,28,-1.0164395367051604e-20,-3.2435266393131045e-17,3.2435266393131045e-17,0.5,-0.0001261691477338773,0.0001261691477338773,64
pre_selector,30,25,-1.6263032587282567e-19,-3.2404241232532845e-17,3.2404241232532845e-17,0.5,-7.799038939991241e-05,7.799038939991249e-05,64
pre_selector,12,16,-3.3881317890172014e-20,-3.1516544513049874e-17,3.1516544513049874e-17,0.5,4.750934022012786e-05,-4.750934022012783e-05,64
pre_selector,5,7,1.6263032587282567e-19,3.1514626624295775e-17,3.1514626624295775e-17,0.5,0.0002811003614624669,-0.00028110036146246684,64
pre_selector,0,20,4.336808689942018e-19,3.08327755518887e-17,3.08327755518887e-17,0.5,0.0012660707798204283,-0.001266070779820428,64
pre_selector,23,2,-1.3552527156068805e-20,-3.059739223643753e-17,3.059739223643753e-17,0.5,-3.192584335919817e-05,3.192584335919817e-05,64
pre_selector,34,15,-2.168404344971009e-19,-2.9534874703599184e-17,2.9534874703599184e-17,0.5,0.0005383720563258997,-0.0005383720563259,64
pre_selector,21,10,-3.3881317890172014e-20,-2.93364365865878e-17,2.93364365865878e-17,0.5,0.00042827077595573366,-0.0004282707759557336,64
pre_selector,26,4,-1.6263032587282567e-19,-2.9256486122383757e-17,2.9256486122383757e-17,0.5,-0.0011580043719731938,0.0011580043719731936,64
pre_selector,31,31,-2.168404344971009e-19,-2.921805271123823e-17,2.921805271123823e-17,0.5,-0.003340645234857209,0.003340645234857209,64
pre_selector,24,19,-3.7947076036992655e-19,-2.874129744031039e-17,2.874129744031039e-17,0.5,0.0007237910558615108,-0.000723791055861511,64
pre_selector,4,0,-4.336808689942018e-19,-2.863781131578419e-17,2.863781131578419e-17,0.5,0.0007238566031446879,-0.0007238566031446879,64
pre_selector,9,12,-2.710505431213761e-20,-2.826231097928267e-17,2.826231097928267e-17,0.5,0.0003891151900461265,-0.0003891151900461265,64
pre_selector,10,26,4.0657581468206416e-20,2.8228452427034625e-17,2.8228452427034625e-17,0.5,0.00031416439560414707,-0.000314164395604147,64
pre_selector,14,11,-2.710505431213761e-20,-2.8217427606159816e-17,2.8217427606159816e-17,0.5,0.00010464318074810001,-0.0001046431807481,64
pre_selector,33,21,1.0842021724855044e-19,2.7883856940157105e-17,2.7883856940157105e-17,0.5,-0.0015245297690853346,0.0015245297690853342,64
pre_selector,27,17,-2.710505431213761e-20,-2.7761239234199347e-17,2.7761239234199347e-17,0.5,-0.0004076188897670146,0.0004076188897670146,64
pre_selector,6,31,8.131516293641283e-20,2.7620746330995847e-17,2.7620746330995847e-17,0.5,-0.000338875537636329,0.000338875537636329,64
pre_selector,2,5,-1.3552527156068805e-20,-2.746899298977682e-17,2.746899298977682e-17,0.5,-0.00028364434365354724,0.00028364434365354724,64
pre_selector,2,14,1.0842021724855044e-19,2.7275245528618884e-17,2.7275245528618884e-17,0.5,1.6303856682530534e-06,-1.6303856682530534e-06,64
pre_selector,1,2,1.6263032587282567e-19,2.7270896413983018e-17,2.7270896413983018e-17,0.5,-0.0007316294759220938,0.0007316294759220938,64
pre_selector,9,3,5.421010862427522e-20,2.7194576459387267e-17,2.7194576459387267e-17,0.5,-0.00022464080393545086,0.00022464080393545092,64
pre_selector,8,17,-1.0842021724855044e-19,-2.7126126568069664e-17,2.7126126568069664e-17,0.5,0.0007970796868903469,-0.0007970796868903468,64
pre_selector,4,17,4.336808689942018e-19,2.662439325109305e-17,2.662439325109305e-17,0.5,0.0010623169782775555,-0.0010623169782775557,64
pre_selector,14,8,-2.710505431213761e-20,-2.6583223126516037e-17,2.6583223126516037e-17,0.5,0.00033303617419731005,-0.0003330361741973101,64
pre_selector,21,8,5.421010862427522e-20,2.641541501982812e-17,2.641541501982812e-17,0.5,0.0006850502250017501,-0.0006850502250017501,64
pre_selector,9,5,-5.421010862427522e-20,-2.6073747015611632e-17,2.6073747015611632e-17,0.5,0.0006109665700932968,-0.0006109665700932969,64
pre_selector,23,24,-1.6263032587282567e-19,-2.5866354766628396e-17,2.5866354766628396e-17,0.5,0.0034688958548940436,-0.003468895854894044,64
pre_selector,23,6,4.0657581468206416e-20,2.5698352902533313e-17,2.5698352902533313e-17,0.5,1.9291672288087486e-05,-1.929167228808748e-05,64
pre_selector,15,19,-2.0328790734103208e-20,-2.5591620154392782e-17,2.5591620154392782e-17,0.5,0.00016222277008636266,-0.00016222277008636269,64
pre_selector,33,13,2.168404344971009e-19,2.5537141379691443e-17,2.5537141379691443e-17,0.5,-0.0038447137703769593,0.0038447137703769593,64
pre_selector,20,15,3.2526065174565133e-19,2.5480580084969453e-17,2.5480580084969453e-17,0.5,-0.002119013966876082,0.002119013966876082,64
pre_selector,26,12,-5.421010862427522e-20,-2.5250045237694454e-17,2.5250045237694454e-17,0.5,-0.0013932327419751973,0.0013932327419751973,64
pre_selector,17,3,-9.486769009248164e-20,-2.4938030949228262e-17,2.4938030949228262e-17,0.5,0.0005245301254035407,-0.0005245301254035407,64
pre_selector,15,10,6.776263578034403e-21,2.4645092880094348e-17,2.4645092880094348e-17,0.5,0.00014541833479597105,-0.00014541833479597105,64
pre_selector,21,31,1.0842021724855044e-19,2.455653314230426e-17,2.455653314230426e-17,0.5,8.294058352476257e-05,-8.294058352476257e-05,64
pre_selector,22,26,-1.3552527156068805e-19,-2.4523644445963347e-17,2.4523644445963347e-17,0.5,-0.0002608280847198375,0.00026082808471983743,64
pre_selector,8,7,-4.0657581468206416e-20,-2.423098349574089e-17,2.423098349574089e-17,0.5,-0.0004263428563717629,0.00042634285637176296,64
pre_selector,6,7,1.3552527156068805e-19,2.4127804555491053e-17,2.4127804555491053e-17,0.5,0.0005172212113393478,-0.0005172212113393478,64
pre_selector,17,18,2.0328790734103208e-20,2.4079201223637437e-17,2.4079201223637437e-17,0.5,0.0005069747494416937,-0.0005069747494416937,64
pre_selector,1,30,-5.421010862427522e-20,-2.3946551344609495e-17,2.3946551344609495e-17,0.5,-0.0011530791853147063,0.0011530791853147063,64
pre_selector,14,28,-4.0657581468206416e-20,-2.3939298479862894e-17,2.3939298479862894e-17,0.5,1.3770719306184391e-05,-1.377071930618437e-05,64
pre_selector,6,2,1.0842021724855044e-19,2.3789345908576767e-17,2.3789345908576767e-17,0.5,-0.0002743296668086175,0.00027432966680861757,64
pre_selector,19,3,-1.3552527156068805e-19,-2.3764522086040118e-17,2.3764522086040118e-17,0.5,0.001706202863715578,-0.0017062028637155782,64
pre_selector,5,6,-2.168404344971009e-19,-2.36954003551026e-17,2.36954003551026e-17,0.5,0.00030707270434504055,-0.0003070727043450405,64
pre_selector,35,0,-4.0657581468206416e-20,-2.3693342965748888e-17,2.3693342965748888e-17,0.5,-0.0001476668476243566,0.0001476668476243566,64
pre_selector,2,28,-5.421010862427522e-20,-2.3569516736524063e-17,2.3569516736524063e-17,0.5,0.0004980914636689616,-0.0004980914636689616,64
pre_selector,18,13,2.710505431213761e-20,2.353420636149599e-17,2.353420636149599e-17,0.5,0.0003392805101611737,-0.0003392805101611737,64
pre_selector,6,25,-5.421010862427522e-20,-2.348722628614656e-17,2.348722628614656e-17,0.5,-4.179568168183242e-05,4.179568168183239e-05,64
pre_selector,10,24,-5.421010862427522e-20,-2.3424980128879553e-17,2.3424980128879553e-17,0.5,0.00017659970399108761,-0.00017659970399108764,64
pre_selector,32,18,5.082197683525802e-21,2.3340607682074988e-17,2.3340607682074988e-17,0.5,-5.713082828153866e-06,5.713082828153867e-06,64
pre_selector,26,23,2.710505431213761e-20,2.3213024873746747e-17,2.3213024873746747e-17,0.5,-8.323638394358766e-05,8.323638394358768e-05,64
pre_selector,2,6,2.168404344971009e-19,2.3141071586517687e-17,2.3141071586517687e-17,0.5,-0.0005572774607571842,0.0005572774607571842,64
pre_selector,25,11,2.168404344971009e-19,2.3137723536227577e-17,2.3137723536227577e-17,0.5,0.0019291990338388156,-0.0019291990338388154,64
pre_selector,15,2,-2.0328790734103208e-20,-2.311238486914327e-17,2.311238486914327e-17,0.5,-3.3842225093420268e-06,3.38422250934202e-06,64
pre_selector,17,0,-5.421010862427522e-20,-2.3112356580701883e-17,2.3112356580701883e-17,0.5,0.0011214732103325968,-0.0011214732103325968,64
pre_selector,4,4,4.336808689942018e-19,2.307171811112584e-17,2.307171811112584e-17,0.5,0.0012969167582923594,-0.001296916758292359,64
pre_selector,6,1,-5.421010862427522e-20,-2.2960367621511792e-17,2.2960367621511792e-17,0.5,-0.0003252894603065053,0.00032528946030650524,64
pre_selector,25,16,3.3881317890172014e-21,2.291788828956612e-17,2.291788828956612e-17,0.5,5.425767989208118e-05,-5.4257679892081185e-05,64
pre_selector,3,5,-2.168404344971009e-19,-2.266150402435558e-17,2.266150402435558e-17,0.5,0.0003580278098453923,-0.0003580278098453922,64
pre_selector,11,16,2.710505431213761e-20,2.2632954461397503e-17,2.2632954461397503e-17,0.5,-7.45641809771813e-05,7.456418097718132e-05,64
pre_selector,26,0,-6.776263578034403e-20,-2.258864208383699e-17,2.258864208383699e-17,0.5,-0.0006777743110433188,0.0006777743110433187,64
pre_selector,3,29,1.0842021724855044e-19,2.2438726225223015e-17,2.2438726225223015e-17,0.5,0.0001082898502318296,-0.0001082898502318296,64
pre_selector,9,15,6.776263578034403e-21,2.2387858093121187e-17,2.2387858093121187e-17,0.5,6.367688797580777e-05,-6.367688797580774e-05,64
pre_selector,33,5,-1.3552527156068805e-20,-2.2328035744533104e-17,2.2328035744533104e-17,0.5,-0.00029844362961738114,0.00029844362961738114,64
pre_selector,25,5,-2.0328790734103208e-20,-2.228207689768712e-17,2.228207689768712e-17,0.5,0.00011132526833535625,-0.00011132526833535628,64
pre_selector,14,24,2.710505431213761e-20,2.1997079468131974e-17,2.1997079468131974e-17,0.5,0.00022332717162498435,-0.00022332717162498438,64
pre_selector,24,24,4.0657581468206416e-20,2.199380837040342e-17,2.199380837040342e-17,0.5,0.0008051672812143624,-0.0008051672812143624,64
pre_selector,1,23,2.168404344971009e-19,2.199234642175333e-17,2.199234642175333e-17,0.5,-0.0007491626456612814,0.0007491626456612812,64
pre_selector,10,18,1.3552527156068805e-20,2.1721868841642435e-17,2.1721868841642435e-17,0.5,0.00011979738610533907,-0.00011979738610533909,64
pre_selector,31,8,1.6263032587282567e-19,2.1710675330938706e-17,2.1710675330938706e-17,0.5,-0.0038255536928772844,0.0038255536928772844,64
pre_selector,21,12,8.131516293641283e-20,2.1639507569146698e-17,2.1639507569146698e-17,0.5,0.0006235129112610592,-0.000623512911261059,64
pre_selector,5,1,2.168404344971009e-19,2.1557594193145037e-17,2.1557594193145037e-17,0.5,0.0008309171998917015,-0.0008309171998917015,64
pre_selector,0,25,1.0842021724855044e-19,2.1302632515403708e-17,2.1302632515403708e-17,0.5,0.0019216072523704413,-0.0019216072523704408,64
pre_selector,3,16,-5.421010862427522e-20,-2.122202738641828e-17,2.122202738641828e-17,0.5,-0.00021863841539015272,0.00021863841539015275,64
pre_selector,11,19,3.3881317890172014e-21,2.1187405914953506e-17,2.1187405914953506e-17,0.5,-1.4980254491096229e-05,1.4980254491096227e-05,64
pre_selector,22,12,1.0164395367051604e-20,2.066037204670447e-17,2.066037204670447e-17,0.5,6.91694422130211e-05,-6.91694422130211e-05,64
pre_selector,11,22,-3.3881317890172014e-21,-2.063944180591258e-17,2.063944180591258e-17,0.5,1.8417215869692452e-05,-1.8417215869692452e-05,64
pre_selector,9,27,-2.0328790734103208e-20,-2.050580594892648e-17,2.050580594892648e-17,0.5,-0.00015075856572365235,0.00015075856572365235,64
pre_selector,3,7,2.168404344971009e-19,2.050579510425946e-17,2.050579510425946e-17,0.5,0.00032843153212524525,-0.00032843153212524525,64
pre_selector,10,27,-1.6940658945086007e-20,-2.045340225118994e-17,2.045340225118994e-17,0.5,0.00019544196493369588,-0.00019544196493369588,64
pre_selector,11,0,-2.168404344971009e-19,-2.0156742808592743e-17,2.0156742808592743e-17,0.5,0.0007348394865402965,-0.0007348394865402965,64
pre_selector,2,10,2.168404344971009e-19,2.0104981483339028e-17,2.0104981483339028e-17,0.5,-0.002679181205166959,0.0026791812051669595,64
pre_selector,23,4,-4.336808689942018e-19,-2.0045330877051e-17,2.0045330877051e-17,0.5,-0.0001786341745173498,0.0001786341745173501,64
pre_selector,22,3,-5.421010862427522e-20,-2.0011882610599233e-17,2.0011882610599233e-17,0.5,0.00030783875990890734,-0.00030783875990890734,64
pre_selector,8,20,-6.776263578034403e-21,-1.9880368196575495e-17,1.9880368196575495e-17,0.5,-5.966417211311744e-05,5.966417211311743e-05,64
pre_selector,19,12,-1.0842021724855044e-19,-1.987358275327215e-17,1.987358275327215e-17,0.5,0.0020079195237485393,-0.0020079195237485397,64
pre_selector,19,31,-2.710505431213761e-20,-1.9850413828213128e-17,1.9850413828213128e-17,0.5,-0.0001217796743731061,0.00012177967437310608,64
pre_selector,27,12,-2.0328790734103208e-20,-1.9834207470795378e-17,1.9834207470795378e-17,0.5,-0.0001642640663703844,0.0001642640663703844,64
pre_selector,20,4,-8.131516293641283e-20,-1.9769695839490918e-17,1.9769695839490918e-17,0.5,-0.0003112862759735376,0.0003112862759735375,64
pre_selector,14,12,8.470329472543003e-21,1.9662616817754508e-17,1.9662616817754508e-17,0.5,4.9105506604969026e-05,-4.9105506604969026e-05,64
pre_selector,24,21,-1.3552527156068805e-19,-1.9380209446056602e-17,1.9380209446056602e-17,0.5,0.0005214128468651364,-0.0005214128468651364,64
pre_selector,20,3,6.098637220230962e-20,1.936144578963626e-17,1.936144578963626e-17,0.5,0.00038222396324270934,-0.0003822239632427094,64
pre_selector,25,15,4.0657581468206416e-20,1.933232650696576e-17,1.933232650696576e-17,0.5,0.0002617480886328798,-0.0002617480886328798,64
pre_selector,22,9,-1.6940658945086007e-20,-1.9313413216227725e-17,1.9313413216227725e-17,0.5,-0.00014230452507036615,0.00014230452507036617,64
pre_selector,17,11,1.0842021724855044e-19,1.925864080918417e-17,1.925864080918417e-17,0.5,-0.00024016297538764043,0.0002401629753876406,64
pre_selector,4,9,2.168404344971009e-19,1.9226376657152473e-17,1.9226376657152473e-17,0.5,-0.00038998528634690607,0.0003899852863469064,64
pre_selector,6,18,2.710505431213761e-20,1.9130546803124774e-17,1.9130546803124774e-17,0.5,4.4895308747069885e-05,-4.48953087470699e-05,64
pre_selector,30,31,1.6940658945086007e-21,1.9102670666263023e-17,1.9102670666263023e-17,0.5,8.623477469857562e-07,-8.623477469857553e-07,64
pre_selector,24,30,1.0842021724855044e-19,1.8900690968941985e-17,1.8900690968941985e-17,0.5,0.0013759430294157803,-0.0013759430294157803,64
pre_selector,4,12,-2.168404344971009e-19,-1.8837246928374028e-17,1.8837246928374028e-17,0.5,0.000495816347211096,-0.0004958163472110958,64
pre_selector,21,6,2.710505431213761e-20,1.8743661285143686e-17,1.8743661285143686e-17,0.5,0.0011041752841265068,-0.0011041752841265068,64
pre_selector,4,5,2.710505431213761e-20,1.8631133985929798e-17,1.8631133985929798e-17,0.5,-0.00014968405412217804,0.0001496840541221781,64
pre_selector,24,27,-1.0842021724855044e-19,-1.8591348608275673e-17,1.8591348608275673e-17,0.5,0.0003449649811955085,-0.0003449649811955085,64
pre_selector,27,30,5.421010862427522e-20,1.8545622221154942e-17,1.8545622221154942e-17,0.5,-0.0003211860857845892,0.00032118608578458907,64
pre_selector,17,10,2.168404344971009e-19,1.8488354774616168e-17,1.8488354774616168e-17,0.5,8.039677049964688e-05,-8.039677049964666e-05,64
pre_selector,18,4,-2.710505431213761e-20,-1.848711159767731e-17,1.848711159767731e-17,0.5,0.00045399481678031243,-0.0004539948167803123,64
pre_selector,24,20,5.421010862427522e-20,1.8481911332321214e-17,1.8481911332321214e-17,0.5,-0.0001992044349208439,0.0001992044349208439,64
pre_selector,31,26,-2.371692252312041e-20,-1.8468562491258328e-17,1.8468562491258328e-17,0.5,-9.271253156838758e-05,9.271253156838756e-05,64
pre_selector,27,15,5.421010862427522e-20,1.84659623183336e-17,1.84659623183336e-17,0.5,-0.001409021882864153,0.0014090218828641532,64
pre_selector,34,3,4.336808689942018e-19,1.8349136688541283e-17,1.8349136688541283e-17,0.5,-0.013296400808030703,0.013296400808030701,64
pre_selector,4,10,2.168404344971009e-19,1.8348341902558318e-17,1.8348341902558318e-17,0.5,0.0007114111504051812,-0.0007114111504051814,64
pre_selector,32,16,-2.710505431213761e-20,-1.82723091443081e-17,1.82723091443081e-17,0.5,-0.00034815416438504257,0.00034815416438504257,64
pre_selector,16,18,2.710505431213761e-20,1.8270881243779198e-17,1.8270881243779198e-17,0.5,0.0005879512336832489,-0.0005879512336832489,64
pre_selector,4,31,5.421010862427522e-20,1.8167920419601494e-17,1.8167920419601494e-17,0.5,-0.00048478497183168526,0.00048478497183168537,64
pre_selector,25,24,-2.168404344971009e-19,-1.8154804527322475e-17,1.8154804527322475e-17,0.5,0.0018096638177666998,-0.0018096638177666998,64
pre_selector,10,4,-6.776263578034403e-21,-1.812591659457923e-17,1.812591659457923e-17,0.5,5.464118612507465e-05,-5.464118612507463e-05,64
pre_selector,6,3,5.421010862427522e-20,1.8118728932382666e-17,1.8118728932382666e-17,0.5,8.291335689137338e-05,-8.29133568913733e-05,64
pre_selector,17,24,-3.3881317890172014e-20,-1.8063678813588372e-17,1.8063678813588372e-17,0.5,0.0008379745122510791,-0.0008379745122510792,64
pre_selector,20,0,1.0842021724855044e-19,1.803793733139677e-17,1.803793733139677e-17,0.5,0.002022615064561228,-0.002022615064561228,64
pre_selector,12,11,-5.421010862427522e-20,-1.800890595829084e-17,1.800890595829084e-17,0.5,0.0003438423773332031,-0.0003438423773332031,64
pre_selector,28,1,5.421010862427522e-20,1.795317965402694e-17,1.795317965402694e-17,0.5,-0.0013827470211253815,0.0013827470211253815,64
pre_selector,32,17,-1.3552527156068805e-20,-1.791749767603582e-17,1.791749767603582e-17,0.5,-0.00039208021735246377,0.00039208021735246377,64
pre_selector,22,4,5.421010862427522e-20,1.7889677234921775e-17,1.7889677234921775e-17,0.5,0.0012127038990001624,-0.0012127038990001626,64
pre_selector,25,22,-4.235164736271502e-21,-1.7774412279837905e-17,1.7774412279837905e-17,0.5,3.446097434789328e-05,-3.4460974347893274e-05,64
pre_selector,1,28,5.421010862427522e-20,1.774138436379293e-17,1.774138436379293e-17,0.5,-0.0006828623667569444,0.0006828623667569445,64
pre_selector,17,8,-2.710505431213761e-20,-1.7644423616184e-17,1.7644423616184e-17,0.5,-3.284415470260313e-05,3.284415470260316e-05,64
pre_selector,12,12,2.710505431213761e-20,1.763941712614398e-17,1.763941712614398e-17,0.5,0.00026434506889926577,-0.00026434506889926577,64
pre_selector,16,17,4.743384504624082e-20,1.759965890522667e-17,1.759965890522667e-17,0.5,0.0007825746361049742,-0.0007825746361049741,64
pre_selector,10,17,5.421010862427522e-20,1.7592708407809533e-17,1.7592708407809533e-17,0.5,-0.0014610668513341625,0.0014610668513341625,64
pre_selector,18,0,-6.776263578034403e-21,-1.758406153226117e-17,1.758406153226117e-17,0.5,5.426451252786919e-05,-5.42645125278692e-05,64
pre_selector,2,16,5.421010862427522e-20,1.7574701598108086e-17,1.7574701598108086e-17,0.5,-0.0011471046673250218,0.0011471046673250215,64
pre_selector,4,6,2.168404344971009e-19,1.757380852279775e-17,1.757380852279775e-17,0.5,0.0004845003386435593,-0.00048450033864355917,64
pre_selector,25,31,-5.421010862427522e-20,-1.7537919931106225e-17,1.7537919931106225e-17,0.5,-0.00033134278055513435,0.00033134278055513435,64
pre_selector,34,4,2.0328790734103208e-20,1.7534265439334986e-17,1.7534265439334986e-17,0.5,-0.00041305321428807126,0.00041305321428807126,64
pre_selector,11,1,-1.3552527156068805e-20,-1.753408597271257e-17,1.753408597271257e-17,0.5,0.0003856415205518481,-0.0003856415205518481,64
pre_selector,23,3,1.3552527156068805e-20,1.7476868439494246e-17,1.7476868439494246e-17,0.5,0.00032043726787376475,-0.00032043726787376475,64
pre_selector,29,6,-5.421010862427522e-20,-1.74486456400873e-17,1.74486456400873e-17,0.5,-0.0016096110120997406,0.0016096110120997404,64
pre_selector,14,5,-1.3552527156068805e-20,-1.736218695876516e-17,1.736218695876516e-17,0.5,0.00014322528295451103,-0.00014322528295451103,64
pre_selector,3,30,-2.168404344971009e-19,-1.71002441557007e-17,1.71002441557007e-17,0.5,0.0009105052384370662,-0.0009105052384370665,64
pre_selector,12,20,-6.776263578034403e-21,-1.699881587470315e-17,1.699881587470315e-17,0.5,-0.0001466044213884612,0.0001466044213884612,64
pre_selector,14,31,2.710505431213761e-20,1.699689221456363e-17,1.699689221456363e-17,0.5,-0.0003695745035656639,0.00036957450356566384,64
pre_selector,18,6,-8.131516293641283e-20,-1.699599251793254e-17,1.699599251793254e-17,0.5,0.0020235483934811444,-0.0020235483934811444,64
pre_selector,26,9,-3.8116482626443515e-21,-1.690523543429253e-17,1.690523543429253e-17,0.5,-2.7242710757489493e-05,2.7242710757489503e-05,64
response_first,0,1,8.470329472543003e-21,1.6859474432619467e-17,1.6859474432619467e-17,0.5,8.146715890689063e-05,-8.146715890689061e-05,64
pre_selector,25,10,-2.168404344971009e-19,-1.6853831128828903e-17,1.6853831128828903e-17,0.5,0.0012491888483055023,-0.0012491888483055023,64
pre_selector,15,13,-5.421010862427522e-20,-1.6834540927183597e-17,1.6834540927183597e-17,0.5,0.00034217819847979223,-0.00034217819847979223,64
pre_selector,8,21,6.776263578034403e-21,1.680930852147172e-17,1.680930852147172e-17,0.5,-2.3029092290017014e-05,2.3029092290017018e-05,64
pre_selector,15,26,-3.3881317890172014e-21,-1.6780753179110723e-17,1.6780753179110723e-17,0.5,3.3706188560122135e-06,-3.370618856012217e-06,64
pre_selector,2,0,1.0842021724855044e-19,1.6773936629032898e-17,1.6773936629032898e-17,0.5,-0.00025160872610285304,0.00025160872610285314,64
pre_selector,3,0,2.710505431213761e-20,1.6765895377106086e-17,1.6765895377106086e-17,0.5,-6.734277121722536e-05,6.73427712172254e-05,64
pre_selector,21,24,8.131516293641283e-20,1.6726698528420033e-17,1.6726698528420033e-17,0.5,0.00032036619813879084,-0.00032036619813879084,64
pre_selector,13,17,-2.0328790734103208e-20,-1.6655315302530266e-17,1.6655315302530266e-17,0.5,-8.425045416515839e-05,8.425045416515836e-05,64
pre_selector,4,11,2.168404344971009e-19,1.6576688168124925e-17,1.6576688168124925e-17,0.5,0.00033248679392272525,-0.00033248679392272563,64
pre_selector,32,28,-1.6940658945086007e-21,-1.6527941848178493e-17,1.6527941848178493e-17,0.5,1.752419689182211e-05,-1.752419689182211e-05,64
pre_selector,3,11,-2.168404344971009e-19,-1.648661463994337e-17,1.648661463994337e-17,0.5,-0.0034455120621714715,0.0034455120621714715,64
pre_selector,8,19,-5.421010862427522e-20,-1.6476169755338523e-17,1.6476169755338523e-17,0.5,0.00025587569325580316,-0.00025587569325580305,64
pre_selector,24,7,-9.486769009248164e-20,-1.6377938174601382e-17,1.6377938174601382e-17,0.5,0.00011411459854571886,-0.0001141145985457187,64
pre_selector,6,21,-2.710505431213761e-20,-1.63742881308836e-17,1.63742881308836e-17,0.5,-7.986060336408142e-05,7.986060336408142e-05,64
pre_selector,9,22,5.421010862427522e-20,1.6323421942582986e-17,1.6323421942582986e-17,0.5,-8.982085091703282e-05,8.982085091703291e-05,64
pre_selector,15,18,1.6940658945086007e-21,1.6321917120804602e-17,1.6321917120804602e-17,0.5,-4.195284401474707e-05,4.1952844014747063e-05,64
pre_selector,1,15,-5.421010862427522e-20,-1.631849841876617e-17,1.631849841876617e-17,0.5,-0.001417157967807709,0.001417157967807709,64
pre_selector,1,17,2.710505431213761e-20,1.631307596151624e-17,1.631307596151624e-17,0.5,0.00018232593720312812,-0.0001823259372031281,64
pre_selector,25,3,3.3881317890172014e-21,1.6245805059828813e-17,1.6245805059828813e-17,0.5,-6.358592162314337e-05,6.358592162314338e-05,64
pre_selector,11,14,-2.710505431213761e-20,-1.6221318478362223e-17,1.6221318478362223e-17,0.5,-0.00028477304567786263,0.00028477304567786263,64
pre_selector,31,27,3.3881317890172014e-21,1.621674927959217e-17,1.621674927959217e-17,0.5,6.070286019613651e-06,-6.070286019613646e-06,64
pre_selector,3,25,2.168404344971009e-19,1.6180481633311342e-17,1.6180481633311342e-17,0.5,0.00045052267068968236,-0.0004505226706896821,64
pre_selector,24,31,-2.168404344971009e-19,-1.6156216171165716e-17,1.6156216171165716e-17,0.5,-0.006858837710751663,0.006858837710751662,64
pre_selector,3,9,4.0657581468206416e-20,1.6102835394871608e-17,1.6102835394871608e-17,0.5,-0.0008116716926451523,0.0008116716926451524,64
pre_selector,34,14,-5.082197683525802e-21,-1.606376113641803e-17,1.606376113641803e-17,0.5,-1.655548658164357e-05,1.6555486581643572e-05,64
pre_selector,24,11,1.3552527156068805e-19,1.6035161869359974e-17,1.6035161869359974e-17,0.5,-0.001945562311448155,0.0019455623114481553,64
pre_selector,0,5,1.0842021724855044e-19,1.603499742880019e-17,1.603499742880019e-17,0.5,0.0010023664945038033,-0.0010023664945038031,64
pre_selector,6,26,-2.710505431213761e-20,-1.5998108714177468e-17,1.5998108714177468e-17,0.5,-0.0001789858069969406,0.00017898580699694065,64
pre_selector,24,14,4.0657581468206416e-20,1.5997699159608906e-17,1.5997699159608906e-17,0.5,-0.0003188799419149414,0.00031887994191494133,64
pre_selector,18,24,3.7269449679189215e-20,1.5970197534768498e-17,1.5970197534768498e-17,0.5,0.0007362082581039163,-0.0007362082581039164,64
pre_selector,9,10,6.776263578034403e-21,1.594015960054892e-17,1.594015960054892e-17,0.5,9.559092109155594e-05,-9.559092109155594e-05,64
pre_selector,21,17,8.131516293641283e-20,1.5929067641424853e-17,1.5929067641424853e-17,0.5,0.002749911174760181,-0.002749911174760181,64
pre_selector,1,21,-1.6263032587282567e-19,-1.587386889349823e-17,1.587386889349823e-17,0.5,-0.00040633059688844063,0.0004063305968884407,64
pre_selector,2,4,-5.421010862427522e-20,-1.5871966844201283e-17,1.5871966844201283e-17,0.5,0.0005233777228568062,-0.0005233777228568063,64
pre_selector,11,7,3.3881317890172014e-21,1.579024565796351e-17,1.579024565796351e-17,0.5,4.463090942862561e-05,-4.46309094286256e-05,64
pre_selector,28,2,1.0842021724855044e-19,1.578450827011292e-17,1.578450827011292e-17,0.5,-0.003820388577878444,0.003820388577878444,64
pre_selector,25,9,-2.0328790734103208e-20,-1.5774244277186734e-17,1.5774244277186734e-17,0.5,0.00015465069350283715,-0.00015465069350283713,64
pre_selector,2,22,2.168404344971009e-19,1.5705715663965043e-17,1.5705715663965043e-17,0.5,0.00043938870521741374,-0.0004393887052174137,64
pre_selector,18,20,1.3552527156068805e-20,1.5696452172103e-17,1.5696452172103e-17,0.5,2.4303850295823973e-05,-2.4303850295823952e-05,64
pre_selector,4,2,-5.421010862427522e-20,-1.564223781729883e-17,1.564223781729883e-17,0.5,-0.0003152416102238811,0.0003152416102238811,64
pre_selector,11,3,-2.710505431213761e-20,-1.5605519737997232e-17,1.5605519737997232e-17,0.5,-0.00038281358501990163,0.00038281358501990163,64
pre_selector,8,15,-1.3552527156068805e-20,-1.5597318911453615e-17,1.5597318911453615e-17,0.5,3.739971998585002e-05,-3.7399719985849984e-05,64
pre_selector,0,12,1.0842021724855044e-19,1.5537460167711795e-17,1.5537460167711795e-17,0.5,-0.0013832839904353033,0.001383283990435303,64
pre_selector,28,11,-2.710505431213761e-20,-1.5520052203163305e-17,1.5520052203163305e-17,0.5,-0.0006122213944763505,0.0006122213944763505,64
pre_selector,5,21,-2.168404344971009e-19,-1.5517785466762433e-17,1.5517785466762433e-17,0.5,0.0010840515597010372,-0.0010840515597010372,64
pre_selector,23,16,2.710505431213761e-20,1.549960181787523e-17,1.549960181787523e-17,0.5,0.0003759081509997373,-0.0003759081509997373,64
pre_selector,20,17,1.3552527156068805e-20,1.5497355232852755e-17,1.5497355232852755e-17,0.5,0.0002820287754729997,-0.00028202877547299965,64
pre_selector,31,6,-1.0842021724855044e-19,-1.5477745542233315e-17,1.5477745542233315e-17,0.5,-0.003874280984746275,0.003874280984746275,64
pre_selector,4,16,2.168404344971009e-19,1.535817373403574e-17,1.535817373403574e-17,0.5,0.0008732214298561407,-0.0008732214298561407,64
pre_selector,22,22,2.710505431213761e-20,1.534047687577606e-17,1.534047687577606e-17,0.5,0.0004561254481814126,-0.0004561254481814125,64
pre_selector,4,24,5.421010862427522e-20,1.5283839912224338e-17,1.5283839912224338e-17,0.5,0.0001734657325869125,-0.00017346573258691247,64
pre_selector,35,27,-1.0842021724855044e-19,-1.5257046601251743e-17,1.5257046601251743e-17,0.5,-0.001253052541869703,0.001253052541869703,64
pre_selector,2,2,2.168404344971009e-19,1.5256729523206522e-17,1.5256729523206522e-17,0.5,0.00024516245503038484,-0.00024516245503038484,64
pre_selector,27,18,-1.0842021724855044e-19,-1.519770042026561e-17,1.519770042026561e-17,0.5,-0.00402523884622493,0.00402523884622493,64
pre_selector,9,11,1.3552527156068805e-20,1.519601933748106e-17,1.519601933748106e-17,0.5,0.00022750759490008384,-0.00022750759490008387,64
pre_selector,35,30,6.776263578034403e-21,1.5147050016025822e-17,1.5147050016025822e-17,0.5,8.79827266544391e-05,-8.79827266544391e-05,64
pre_selector,7,15,-5.421010862427522e-20,-1.5075467955201705e-17,1.5075467955201705e-17,0.5,-7.025370723568133e-05,7.025370723568125e-05,64
pre_selector,3,23,8.131516293641283e-20,1.5041352983964936e-17,1.5041352983964936e-17,0.5,0.0012950604141224033,-0.001295060414122403,64
pre_selector,24,13,1.0842021724855044e-19,1.5029523525641777e-17,1.5029523525641777e-17,0.5,0.0003282271718489897,-0.00032822717184898974,64
pre_selector,9,21,-6.776263578034403e-21,-1.4934558979370656e-17,1.4934558979370656e-17,0.5,8.099170008789641e-05,-8.09917000878964e-05,64
pre_selector,31,22,-8.470329472543003e-21,-1.491783690802692e-17,1.491783690802692e-17,0.5,-8.357018305105588e-05,8.35701830510559e-05,64
pre_selector,15,5,1.6940658945086007e-21,1.4898688858443912e-17,1.4898688858443912e-17,0.5,7.208802799071777e-07,-7.208802799071781e-07,64
pre_selector,26,27,-5.421010862427522e-20,-1.485700448927038e-17,1.485700448927038e-17,0.5,-0.001023268952849308,0.001023268952849308,64
pre_selector,25,27,-1.3552527156068805e-20,-1.4840408372204986e-17,1.4840408372204986e-17,0.5,-0.00040889617594072885,0.0004088961759407289,64
pre_selector,32,5,-4.0657581468206416e-20,-1.482758724094448e-17,1.482758724094448e-17,0.5,-0.0012393380129651346,0.0012393380129651344,64
pre_selector,24,18,-5.421010862427522e-20,-1.4794672590865288e-17,1.4794672590865288e-17,0.5,0.000281008327874565,-0.0002810083278745652,64
pre_selector,25,28,-1.2874900798265365e-19,-1.4760634925347912e-17,1.4760634925347912e-17,0.5,-0.0007578714430564938,0.0007578714430564938,64
pre_selector,27,9,1.3552527156068805e-20,1.464346504992514e-17,1.464346504992514e-17,0.5,-0.00017452410611438286,0.00017452410611438286,64
pre_selector,13,25,1.0164395367051604e-20,1.455687459648351e-17,1.455687459648351e-17,0.5,-0.00011201224333490099,0.000112012243334901,64
pre_selector,27,10,-1.3552527156068805e-20,-1.4537037127392788e-17,1.4537037127392788e-17,0.5,-0.00017994107383855976,0.00017994107383855976,64
pre_selector,20,22,3.2526065174565133e-19,1.4480961234720848e-17,1.4480961234720848e-17,0.5,0.004094906704267484,-0.004094906704267484,64
pre_selector,23,28,2.168404344971009e-19,1.446636863809596e-17,1.446636863809596e-17,0.5,-0.005196255297050797,0.0051962552970507975,64
pre_selector,19,7,1.3552527156068805e-20,1.445949353734412e-17,1.445949353734412e-17,0.5,-4.844665090787502e-05,4.844665090787501e-05,64
pre_selector,0,23,2.168404344971009e-19,1.4445399595233755e-17,1.4445399595233755e-17,0.5,-0.0004662399151129653,0.00046623991511296524,64
pre_selector,7,22,8.131516293641283e-20,1.442424311748957e-17,1.442424311748957e-17,0.5,0.0005263452076178563,-0.0005263452076178565,64
pre_selector,5,0,-1.3552527156068805e-20,-1.4359138464941588e-17,1.4359138464941588e-17,0.5,-0.0002849546235665699,0.0002849546235665698,64
pre_selector,21,23,2.168404344971009e-19,1.4276286417015848e-17,1.4276286417015848e-17,0.5,-0.0010719637502916062,0.0010719637502916066,64
pre_selector,15,1,-5.421010862427522e-20,-1.4147288457846535e-17,1.4147288457846535e-17,0.5,0.0015974585476214928,-0.0015974585476214928,64
pre_selector,33,23,2.168404344971009e-19,1.4136023007025095e-17,1.4136023007025095e-17,0.5,-0.0006387369685398876,0.000638736968539887,64
pre_selector,3,6,2.168404344971009e-19,1.413481650866026e-17,1.413481650866026e-17,0.5,0.0011300955002297975,-0.001130095500229797,64
pre_selector,11,29,-1.6940658945086007e-21,-1.409431825853564e-17,1.409431825853564e-17,0.5,2.987690311328446e-05,-2.9876903113284463e-05,64
pre_selector,8,30,1.6940658945086007e-21,1.4086822330706823e-17,1.4086822330706823e-17,0.5,1.9974523297587705e-06,-1.9974523297587705e-06,64
pre_selector,18,18,1.1858461261560205e-20,1.40724841291791e-17,1.40724841291791e-17,0.5,0.00018825134617373064,-0.00018825134617373067,64
pre_selector,32,10,-2.168404344971009e-19,-1.4070341903914128e-17,1.4070341903914128e-17,0.5,-0.00864635684411038,0.008646356844110381,64
pre_selector,13,23,1.0164395367051604e-20,1.3982635954204796e-17,1.3982635954204796e-17,0.5,3.17310996251784e-05,-3.1731099625178405e-05,64
pre_selector,28,31,-1.3552527156068805e-20,-1.3886179906250602e-17,1.3886179906250602e-17,0.5,0.0001511392101747235,-0.00015113921017472352,64
pre_selector,4,14,-2.168404344971009e-19,-1.3817359555860166e-17,1.3817359555860166e-17,0.5,0.0009235616234946163,-0.000923561623494616,64
pre_selector,3,20,5.421010862427522e-20,1.3814615854858983e-17,1.3814615854858983e-17,0.5,-0.000483099502162075,0.0004830995021620751,64
pre_selector,28,3,-1.0842021724855044e-19,-1.379863078712363e-17,1.379863078712363e-17,0.5,-0.004189371866232226,0.004189371866232225,64
pre_selector,6,24,-1.3552527156068805e-20,-1.3795298171826634e-17,1.3795298171826634e-17,0.5,0.0001459963968954887,-0.0001459963968954887,64
pre_selector,30,21,4.0657581468206416e-20,1.3766378211944434e-17,1.3766378211944434e-17,0.5,-1.539066579425927e-05,1.5390665794259243e-05,64
pre_selector,21,0,-4.0657581468206416e-20,-1.3756781692704868e-17,1.3756781692704868e-17,0.5,-0.0005872112869837968,0.000587211286983797,64
pre_selector,10,15,-6.776263578034403e-21,-1.3754689928441839e-17,1.3754689928441839e-17,0.5,-4.988592081648677e-06,4.9885920816487005e-06,64
pre_selector,1,29,-5.421010862427522e-20,-1.3750301592268675e-17,1.3750301592268675e-17,0.5,-0.0010160010970139313,0.0010160010970139313,64
pre_selector,28,5,-1.0842021724855044e-19,-1.3729008533950202e-17,1.3729008533950202e-17,0.5,-0.0005170601580175502,0.00051706015801755,64
pre_selector,5,18,-3.3881317890172014e-21,-1.3696755715947747e-17,1.3696755715947747e-17,0.5,4.4027570993349625e-06,-4.4027570993349625e-06,64
pre_selector,12,0,-1.3552527156068805e-20,-1.3692241761044043e-17,1.3692241761044043e-17,0.5,4.731819717563752e-05,-4.7318197175637495e-05,64
pre_selector,7,19,1.6940658945086007e-21,1.3684486434039404e-17,1.3684486434039404e-17,0.5,1.4203936189005358e-05,-1.420393618900536e-05,64
pre_selector,21,3,-5.421010862427522e-20,-1.366718275437066e-17,1.366718275437066e-17,0.5,0.00045863049308535626,-0.0004586304930853564,64
pre_selector,33,9,1.0842021724855044e-19,1.3640387288619093e-17,1.3640387288619093e-17,0.5,-0.005646804871503227,0.005646804871503227,64
pre_selector,21,16,4.0657581468206416e-20,1.3639447381703578e-17,1.3639447381703578e-17,0.5,0.0009161239941022196,-0.0009161239941022196,64
pre_selector,16,21,-1.0842021724855044e-19,-1.3631526558311335e-17,1.3631526558311335e-17,0.5,0.003808109584497275,-0.003808109584497275,64
pre_selector,29,0,-4.336808689942018e-19,-1.361172864594422e-17,1.361172864594422e-17,0.5,-0.0137004799034912,0.0137004799034912,64
pre_selector,31,11,1.3552527156068805e-20,1.3582145861605585e-17,1.3582145861605585e-17,0.5,-0.00020699374363174604,0.00020699374363174604,64
pre_selector,22,24,-5.421010862427522e-20,-1.3531745575623277e-17,1.3531745575623277e-17,0.5,0.0013268937982502207,-0.001326893798250221,64
pre_selector,20,19,-2.0328790734103208e-20,-1.3511207146860792e-17,1.3511207146860792e-17,0.5,0.0003854360493278094,-0.0003854360493278094,64
pre_selector,23,31,8.131516293641283e-20,1.348219044158299e-17,1.348219044158299e-17,0.5,0.0001923473355418468,-0.0001923473355418469,64
pre_selector,28,13,-5.421010862427522e-20,-1.3472148930861269e-17,1.3472148930861269e-17,0.5,-0.0013717797523895257,0.0013717797523895257,64
pre_selector,15,14,-6.776263578034403e-21,-1.3455427770937245e-17,1.3455427770937245e-17,0.5,0.0001396564898641197,-0.0001396564898641197,64
pre_selector,27,22,2.710505431213761e-20,1.3447693076498204e-17,1.3447693076498204e-17,0.5,-0.00012460685320546565,0.00012460685320546562,64
pre_selector,27,16,-5.421010862427522e-20,-1.344040531080637e-17,1.344040531080637e-17,0.5,-0.0014714850840391344,0.0014714850840391344,64
pre_selector,13,2,2.0328790734103208e-20,1.3434967503776962e-17,1.3434967503776962e-17,0.5,-5.2394540489351314e-05,5.239454048935129e-05,64
pre_selector,8,0,3.3881317890172014e-21,1.3378727846325232e-17,1.3378727846325232e-17,0.5,4.028250259579937e-05,-4.028250259579936e-05,64
pre_selector,7,21,6.776263578034403e-21,1.3378118115548931e-17,1.3378118115548931e-17,0.5,-0.0001039261060213814,0.0001039261060213814,64
pre_selector,19,28,-1.6940658945086007e-20,-1.3362968377073882e-17,1.3362968377073882e-17,0.5,0.0002716165909077944,-0.00027161659090779445,64
pre_selector,21,15,2.710505431213761e-20,1.3341124624568824e-17,1.3341124624568824e-17,0.5,0.0006126270945969682,-0.0006126270945969682,64
pre_selector,30,16,5.421010862427522e-20,1.3293630661267642e-17,1.3293630661267642e-17,0.5,-0.0012475067233026274,0.0012475067233026274,64
pre_selector,15,23,-5.082197683525802e-21,-1.3230927931679847e-17,1.3230927931679847e-17,0.5,-6.378288708220395e-05,6.378288708220394e-05,64
pre_selector,8,8,1.3552527156068805e-20,1.3229244770453177e-17,1.3229244770453177e-17,0.5,0.00011991963219770399,-0.00011991963219770399,64
pre_selector,20,1,-5.421010862427522e-20,-1.3152640027775886e-17,1.3152640027775886e-17,0.5,0.0004927823756588532,-0.0004927823756588532,64
pre_selector,35,31,-1.3552527156068805e-20,-1.3137982711506645e-17,1.3137982711506645e-17,0.5,-7.966922748890618e-05,7.966922748890617e-05,64
pre_selector,31,18,6.776263578034403e-21,1.307066222631998e-17,1.307066222631998e-17,0.5,-4.940050757796876e-05,4.9400507577968745e-05,64
pre_selector,12,22,6.776263578034403e-21,1.306329619139608e-17,1.306329619139608e-17,0.5,-0.00015079184322529655,0.00015079184322529658,64
pre_selector,33,30,-2.168404344971009e-19,-1.3004904457516247e-17,1.3004904457516247e-17,0.5,-0.006864653994853121,0.006864653994853122,64
pre_selector,22,6,-4.0657581468206416e-20,-1.2986951540552204e-17,1.2986951540552204e-17,0.5,0.000896473080501878,-0.0008964730805018781,64
pre_selector,23,25,-5.421010862427522e-20,-1.2951897746442845e-17,1.2951897746442845e-17,0.5,0.0003582407807698406,-0.0003582407807698405,64
pre_selector,11,30,2.541098841762901e-21,1.2907647352215335e-17,1.2907647352215335e-17,0.5,-3.2002164857657e-05,3.200216485765701e-05,64
pre_selector,22,20,-1.0842021724855044e-19,-1.2866528950590859e-17,1.2866528950590859e-17,0.5,0.0015009164926595999,-0.0015009164926596,64
pre_selector,5,8,2.168404344971009e-19,1.2864472264013903e-17,1.2864472264013903e-17,0.5,0.00047924090176820647,-0.0004792409017682058,64
pre_selector,12,29,-5.929230630780102e-21,-1.2863396672541085e-17,1.2863396672541085e-17,0.5,3.732455070348465e-05,-3.732455070348465e-05,64
pre_selector,22,8,2.710505431213761e-20,1.2843678039396572e-17,1.2843678039396572e-17,0.5,-0.0003049412989639609,0.0003049412989639609,64
pre_selector,30,27,-4.336808689942018e-19,-1.2828646972318555e-17,1.2828646972318555e-17,0.5,-0.017140208336058976,0.017140208336058976,64
pre_selector,28,28,-1.6940658945086007e-21,-1.2786001775151637e-17,1.2786001775151637e-17,0.5,-5.455338168760836e-06,5.455338168760833e-06,64
pre_selector,5,16,-2.168404344971009e-19,-1.2783099724105347e-17,1.2783099724105347e-17,0.5,0.0013776908981526484,-0.001377690898152648,64
pre_selector,6,0,1.3552527156068805e-20,1.2766955352112025e-17,1.2766955352112025e-17,0.5,-1.6057284483395444e-05,1.6057284483395444e-05,64
pre_selector,23,20,1.6940658945086007e-20,1.275025651174002e-17,1.275025651174002e-17,0.5,0.0006230009184946311,-0.0006230009184946311,64
pre_selector,21,4,6.776263578034403e-21,1.2678597635248452e-17,1.2678597635248452e-17,0.5,0.00010299843370377188,-0.00010299843370377186,64
pre_selector,2,18,-2.710505431213761e-20,-1.2666052458589235e-17,1.2666052458589235e-17,0.5,0.00010064405796583127,-0.00010064405796583127,64
pre_selector,13,29,8.470329472543003e-22,1.2610177471118362e-17,1.2610177471118362e-17,0.5,-7.6262606967276605e-06,7.6262606967276605e-06,64
pre_selector,22,16,-2.710505431213761e-20,-1.2556153301819436e-17,1.2556153301819436e-17,0.5,4.789091326529537e-05,-4.7890913265295396e-05,64
pre_selector,3,26,1.0842021724855044e-19,1.2467553058596141e-17,1.2467553058596141e-17,0.5,0.00029253401316963,-0.00029253401316963016,64
pre_selector,2,1,-1.0842021724855044e-19,-1.2450008870606801e-17,1.2450008870606801e-17,0.5,0.0007269253983395242,-0.0007269253983395244,64
pre_selector,25,12,3.3881317890172014e-21,1.2441746964955612e-17,1.2441746964955612e-17,0.5,-1.6069487173807424e-05,1.6069487173807424e-05,64
pre_selector,35,2,-2.0328790734103208e-20,-1.2426358052124175e-17,1.2426358052124175e-17,0.5,-4.594674646796559e-05,4.59467464679657e-05,64
pre_selector,32,31,-1.0164395367051604e-20,-1.2419433177535337e-17,1.2419433177535337e-17,0.5,-0.00013822241089656565,0.00013822241089656565,64
pre_selector,13,18,-1.3552527156068805e-20,-1.2331049328108665e-17,1.2331049328108665e-17,0.5,0.0002180062001570877,-0.00021800620015708768,64
pre_selector,27,0,1.0164395367051604e-20,1.2283232033707154e-17,1.2283232033707154e-17,0.5,-4.341443309386421e-05,4.34144330938642e-05,64
pre_selector,29,16,1.6940658945086007e-20,1.2278334579967455e-17,1.2278334579967455e-17,0.5,-0.0007311472654691687,0.0007311472654691687,64
pre_selector,20,23,-1.6263032587282567e-19,-1.2261824123438876e-17,1.2261824123438876e-17,0.5,0.004026854381663728,-0.004026854381663728,64
pre_selector,5,26,-2.168404344971009e-19,-1.223392825633619e-17,1.223392825633619e-17,0.5,0.001399809174472493,-0.0013998091744724928,64
pre_selector,28,23,1.0842021724855044e-19,1.2229906208666227e-17,1.2229906208666227e-17,0.5,-0.004729265907371856,0.004729265907371856,64
pre_selector,30,10,1.3552527156068805e-20,1.2183099311452183e-17,1.2183099311452183e-17,0.5,-0.00024463393492624847,0.00024463393492624847,64
pre_selector,7,17,-3.3881317890172014e-21,-1.218305382046343e-17,1.218305382046343e-17,0.5,-4.080953885931142e-05,4.0809538859311415e-05,64
pre_selector,0,4,-2.168404344971009e-19,-1.2161488193434499e-17,1.2161488193434499e-17,0.5,0.0013852596166543597,-0.0013852596166543597,64
pre_selector,26,30,2.710505431213761e-20,1.2157082911486282e-17,1.2157082911486282e-17,0.5,0.0004431708603078639,-0.00044317086030786396,64
pre_selector,19,26,1.6940658945086007e-21,1.2147270399598985e-17,1.2147270399598985e-17,0.5,2.8743695224870795e-05,-2.8743695224870795e-05,64
pre_selector,30,12,1.0164395367051604e-20,1.2117591322262119e-17,1.2117591322262119e-17,0.5,-2.205096780016393e-05,2.205096780016395e-05,64
pre_selector,0,13,1.0842021724855044e-19,1.2092032112479182e-17,1.2092032112479182e-17,0.5,0.002377589669777075,-0.002377589669777075,64
pre_selector,26,15,2.168404344971009e-19,1.2078776060434143e-17,1.2078776060434143e-17,0.5,-0.008995857569971098,0.008995857569971098,64
pre_selector,29,25,2.168404344971009e-19,1.2050700705822562e-17,1.2050700705822562e-17,0.5,-0.009931895052432062,0.009931895052432062,64
pre_selector,17,14,2.710505431213761e-20,1.2040645655463719e-17,1.2040645655463719e-17,0.5,0.0002344318013456437,-0.00023443180134564374,64
pre_selector,11,6,1.3552527156068805e-20,1.2005064171156128e-17,1.2005064171156128e-17,0.5,-0.00016389613756473496,0.00016389613756473496,64
pre_selector,28,7,-5.421010862427522e-20,-1.199571737555783e-17,1.199571737555783e-17,0.5,-0.0016784196595835978,0.0016784196595835976,64
pre_selector,5,29,-1.0842021724855044e-19,-1.1964159156960435e-17,1.1964159156960435e-17,0.5,-0.0007305032013391451,0.0007305032013391451,64
pre_selector,11,13,-1.3552527156068805e-20,-1.1949134020750474e-17,1.1949134020750474e-17,0.5,0.0002510267622710645,-0.0002510267622710645,64
pre_selector,26,28,1.3552527156068805e-20,1.1939481283264669e-17,1.1939481283264669e-17,0.5,0.0005217002062636181,-0.0005217002062636181,64
pre_selector,8,22,-6.776263578034403e-21,-1.1936184478356813e-17,1.1936184478356813e-17,0.5,-0.00019198324116586298,0.00019198324116586295,64
pre_selector,14,29,2.710505431213761e-20,1.1933804623295375e-17,1.1933804623295375e-17,0.5,0.00021966899294056564,-0.0002196689929405656,64
pre_selector,1,13,-1.0842021724855044e-19,-1.1926429971334077e-17,1.1926429971334077e-17,0.5,-0.00243002899787824,0.0024300289978782404,64
pre_selector,14,7,2.710505431213761e-20,1.1884435785098205e-17,1.1884435785098205e-17,0.5,0.0003255482479289656,-0.0003255482479289656,64
pre_selector,21,20,5.421010862427522e-20,1.1871923089583163e-17,1.1871923089583163e-17,0.5,-0.0017617833800613713,0.0017617833800613713,64
pre_selector,24,5,-5.421010862427522e-20,-1.1848780512146144e-17,1.1848780512146144e-17,0.5,-0.00038869015043017485,0.0003886901504301749,64
pre_selector,2,27,-4.0657581468206416e-20,-1.1837580356412071e-17,1.1837580356412071e-17,0.5,0.00014612986706196874,-0.00014612986706196877,64
pre_selector,15,0,1.3552527156068805e-20,1.1778818512114912e-17,1.1778818512114912e-17,0.5,-6.84358565195062e-05,6.843585651950627e-05,64
pre_selector,35,12,-8.131516293641283e-20,-1.1773488366101838e-17,1.1773488366101838e-17,0.5,-0.0010165530111407874,0.0010165530111407874,64
pre_selector,30,4,1.6940658945086007e-21,1.1764506493876325e-17,1.1764506493876325e-17,0.5,-4.8323580131173614e-05,4.8323580131173614e-05,64
pre_selector,33,16,-2.168404344971009e-19,-1.1695882439255907e-17,1.1695882439255907e-17,0.5,-0.009554319258313607,0.009554319258313605,64
pre_selector,31,16,-3.3881317890172014e-21,-1.1686243224666055e-17,1.1686243224666055e-17,0.5,-1.6273586879825612e-05,1.6273586879825605e-05,64
pre_selector,0,30,2.168404344971009e-19,1.1685657260352527e-17,1.1685657260352527e-17,0.5,0.0022603607358178,-0.0022603607358177994,64
pre_selector,0,26,2.168404344971009e-19,1.1670509683789705e-17,1.1670509683789705e-17,0.5,-0.00864881239795066,0.008648812397950663,64
pre_selector,20,16,2.710505431213761e-20,1.1648693520109944e-17,1.1648693520109944e-17,0.5,0.0009375380286655709,-0.0009375380286655708,64
pre_selector,33,3,-6.776263578034403e-21,-1.1626195027286421e-17,1.1626195027286421e-17,0.5,-0.00012801525554094603,0.00012801525554094603,64
pre_selector,9,23,-3.3881317890172014e-21,-1.1623444812663095e-17,1.1623444812663095e-17,0.5,3.3031965131158026e-05,-3.303196513115803e-05,64
pre_selector,22,7,-2.0328790734103208e-20,-1.158677001686974e-17,1.158677001686974e-17,0.5,0.0006506746531158426,-0.0006506746531158426,64
pre_selector,30,22,4.0657581468206416e-20,1.1553363950943428e-17,1.1553363950943428e-17,0.5,-9.068802319233383e-05,9.068802319233375e-05,64
pre_selector,5,19,-1.0842021724855044e-19,-1.1531501397273814e-17,1.1531501397273814e-17,0.5,0.0012149913563916813,-0.0012149913563916815,64
pre_selector,14,13,-2.710505431213761e-20,-1.1510457601804172e-17,1.1510457601804172e-17,0.5,-0.00023548076933365986,0.0002354807693336598,64
pre_selector,2,7,-1.3552527156068805e-20,-1.140633366067321e-17,1.140633366067321e-17,0.5,-0.00019747460282815003,0.00019747460282814997,64
pre_selector,1,20,-2.710505431213761e-20,-1.1399194168730613e-17,1.1399194168730613e-17,0.5,0.00018727095448412223,-0.0001872709544841223,64
pre_selector,29,14,2.710505431213761e-20,1.1393118997760866e-17,1.1393118997760866e-17,0.5,-0.0008366955362362052,0.0008366955362362051,64
pre_selector,9,17,6.776263578034403e-21,1.1385118294449836e-17,1.1385118294449836e-17,0.5,4.1552136281099996e-05,-4.1552136281099996e-05,64
pre_selector,18,19,3.3881317890172014e-20,1.1371869660386377e-17,1.1371869660386377e-17,0.5,0.0006104775461608232,-0.0006104775461608233,64
pre_selector,8,4,-1.6940658945086007e-21,-1.1345314260545906e-17,1.1345314260545906e-17,0.5,1.3475051332486983e-06,-1.3475051332486975e-06,64
pre_selector,32,2,-2.168404344971009e-19,-1.1330166791515528e-17,1.1330166791515528e-17,0.5,-0.00927062160917555,0.00927062160917555,64
pre_selector,26,31,-1.6263032587282567e-19,-1.1314382919918477e-17,1.1314382919918477e-17,0.5,-0.0015656016184948279,0.0015656016184948279,64
pre_selector,14,14,6.776263578034403e-21,1.1284090914844542e-17,1.1284090914844542e-17,0.5,-0.00019705859085660107,0.00019705859085660107,64
pre_selector,7,12,2.710505431213761e-20,1.1280121106331374e-17,1.1280121106331374e-17,0.5,-0.000518530549015847,0.0005185305490158469,64
pre_selector,7,24,6.776263578034403e-21,1.1260531256934921e-17,1.1260531256934921e-17,0.5,2.3660525585011575e-05,-2.366052558501157e-05,64
pre_selector,12,7,1.6940658945086007e-21,1.124096626724175e-17,1.124096626724175e-17,0.5,2.0872713321298214e-05,-2.0872713321298214e-05,64
pre_selector,12,27,6.776263578034403e-21,1.119032951387647e-17,1.119032951387647e-17,0.5,-0.00011289253143331875,0.00011289253143331875,64
pre_selector,7,28,-1.6940658945086007e-21,-1.118633843575826e-17,1.118633843575826e-17,0.5,-1.0051331400961143e-05,1.005133140096114e-05,64
pre_selector,17,7,3.3881317890172014e-20,1.1173596814942822e-17,1.1173596814942822e-17,0.5,0.00010968006245092938,-0.00010968006245092935,64
pre_selector,31,1,-3.3881317890172014e-21,-1.1164241754454758e-17,1.1164241754454758e-17,0.5,1.6478292764078253e-05,-1.6478292764078246e-05,64
pre_selector,16,14,2.710505431213761e-20,1.113599941367971e-17,1.113599941367971e-17,0.5,6.106682849349069e-05,-6.106682849349065e-05,64
pre_selector,14,22,3.3881317890172014e-21,1.1120368976591777e-17,1.1120368976591777e-17,0.5,-2.066340107376343e-05,2.066340107376343e-05,64
pre_selector,17,15,-1.3552527156068805e-20,-1.1104481641071357e-17,1.1104481641071357e-17,0.5,-0.0002697064865060408,0.00026970648650604073,64
pre_selector,10,3,6.776263578034403e-21,1.1083022756086687e-17,1.1083022756086687e-17,0.5,-4.18819918195422e-05,4.1881991819542187e-05,64
pre_selector,35,21,-5.082197683525802e-21,-1.0921392405514154e-17,1.0921392405514154e-17,0.5,-4.533285891738861e-05,4.533285891738862e-05,64
pre_selector,33,28,1.0842021724855044e-19,1.0918342577571298e-17,1.0918342577571298e-17,0.5,-0.003542392551025838,0.0035423925510258375,64
pre_selector,16,5,-5.082197683525802e-21,-1.0888633401737824e-17,1.0888633401737824e-17,0.5,2.7203194804298808e-05,-2.7203194804298808e-05,64
pre_selector,9,14,-4.0657581468206416e-20,-1.0887327575279667e-17,1.0887327575279667e-17,0.5,0.00041602768760638754,-0.0004160276876063875,64
pre_selector,16,16,-5.421010862427522e-20,-1.0854169875090744e-17,1.0854169875090744e-17,0.5,-0.0016005916040739837,0.0016005916040739837,64
pre_selector,32,3,-2.168404344971009e-19,-1.0800795066885598e-17,1.0800795066885598e-17,0.5,-0.009725091556902016,0.009725091556902016,64
pre_selector,25,26,2.710505431213761e-20,1.0785106879455755e-17,1.0785106879455755e-17,0.5,-3.942387229472467e-05,3.942387229472467e-05,64
pre_selector,34,13,-8.470329472543003e-22,-1.0764604032119641e-17,1.0764604032119641e-17,0.5,-1.2546647667477398e-06,1.2546647667477398e-06,64
pre_selector,12,18,5.421010862427522e-20,1.0711796303266941e-17,1.0711796303266941e-17,0.5,0.0017125886843132204,-0.0017125886843132204,64
pre_selector,23,18,-1.6940658945086007e-21,-1.0698071167741343e-17,1.0698071167741343e-17,0.5,2.0278142983440563e-05,-2.0278142983440563e-05,64
pre_selector,7,13,-2.710505431213761e-20,-1.0697873053680986e-17,1.0697873053680986e-17,0.5,-2.2895586880628137e-05,2.2895586880628097e-05,64
pre_selector,29,22,-1.3552527156068805e-20,-1.0673618250297979e-17,1.0673618250297979e-17,0.5,-0.0006616537557419929,0.000661653755741993,64
pre_selector,15,8,-1.3552527156068805e-20,-1.0655254491699715e-17,1.0655254491699715e-17,0.5,-0.0002758740811259367,0.0002758740811259367,64
pre_selector,28,29,6.776263578034403e-21,1.0640895266788989e-17,1.0640895266788989e-17,0.5,9.390697687195017e-05,-9.390697687195017e-05,64
pre_selector,0,24,-5.421010862427522e-20,-1.0629034569890617e-17,1.0629034569890617e-17,0.5,6.190562999109069e-05,-6.190562999109066e-05,64
pre_selector,17,6,6.776263578034403e-21,1.0619286013823073e-17,1.0619286013823073e-17,0.5,0.0001476873876526974,-0.00014768738765269743,64
pre_selector,6,11,-1.3552527156068805e-20,-1.0604290083331547e-17,1.0604290083331547e-17,0.5,-0.00015356501808126601,0.00015356501808126601,64
pre_selector,13,7,-1.3552527156068805e-20,-1.052555397886231e-17,1.052555397886231e-17,0.5,0.00023666207380303124,-0.00023666207380303124,64
pre_selector,1,10,2.710505431213761e-20,1.0491916173316772e-17,1.0491916173316772e-17,0.5,-0.0007810116221662656,0.0007810116221662656,64
pre_selector,29,21,1.2705494208814505e-21,1.0459606966915331e-17,1.0459606966915331e-17,0.5,-7.372963875694645e-05,7.372963875694645e-05,64
pre_selector,22,11,5.421010862427522e-20,1.0457555189212543e-17,1.0457555189212543e-17,0.5,-0.00141896834065845,0.00141896834065845,64
pre_selector,30,0,-1.0842021724855044e-19,-1.0420877397321459e-17,1.0420877397321459e-17,0.5,-0.0015073872855282497,0.0015073872855282501,64
pre_selector,34,27,6.776263578034403e-21,1.0394357082111006e-17,1.0394357082111006e-17,0.5,-2.1818182176516413e-05,2.1818182176516416e-05,64
pre_selector,33,29,1.0842021724855044e-19,1.0377628110948181e-17,1.0377628110948181e-17,0.5,-0.005184468285733573,0.005184468285733573,64
pre_selector,6,16,4.0657581468206416e-20,1.0377083833491419e-17,1.0377083833491419e-17,0.5,0.0005131784055265531,-0.0005131784055265531,64
pre_selector,32,13,-6.776263578034403e-21,-1.0354946119397342e-17,1.0354946119397342e-17,0.5,6.0653728269237494e-05,-6.0653728269237494e-05,64
pre_selector,17,1,-2.0328790734103208e-20,-1.0334161333469517e-17,1.0334161333469517e-17,0.5,0.0007376394751190469,-0.0007376394751190468,64
pre_selector,32,21,-1.3552527156068805e-20,-1.0323038412537659e-17,1.0323038412537659e-17,0.5,-0.00023516878900408405,0.00023516878900408403,64
pre_selector,2,12,-5.421010862427522e-20,-1.0322181280998661e-17,1.0322181280998661e-17,0.5,-0.0010584153878880783,0.0010584153878880783,64
pre_selector,16,24,-1.3552527156068805e-20,-1.0321243994682398e-17,1.0321243994682398e-17,0.5,0.0005213022450334039,-0.0005213022450334038,64
pre_selector,15,28,-1.3552527156068805e-20,-1.0300341236269761e-17,1.0300341236269761e-17,0.5,0.00014140354142000628,-0.00014140354142000623,64
pre_selector,27,2,6.776263578034403e-21,1.0292480652500129e-17,1.0292480652500129e-17,0.5,1.7632632989256246e-05,-1.7632632989256263e-05,64
pre_selector,27,19,-6.776263578034403e-20,-1.026238562930556e-17,1.026238562930556e-17,0.5,-9.555310498399509e-05,9.555310498399509e-05,64
pre_selector,28,26,-3.3881317890172014e-21,-1.0236831597121506e-17,1.0236831597121506e-17,0.5,5.818857925987224e-05,-5.818857925987224e-05,64
pre_selector,26,10,2.541098841762901e-21,1.0226477175743994e-17,1.0226477175743994e-17,0.5,-3.0053411137419274e-06,3.0053411137419376e-06,64
pre_selector,12,6,-2.710505431213761e-20,-1.0214401054776216e-17,1.0214401054776216e-17,0.5,0.00045756866893497246,-0.0004575686689349724,64
pre_selector,29,20,-3.3881317890172014e-21,-1.0202376719669388e-17,1.0202376719669388e-17,0.5,1.216575128637479e-05,-1.216575128637479e-05,64
pre_selector,13,10,-6.776263578034403e-21,-1.0202336516107447e-17,1.0202336516107447e-17,0.5,0.00014431746831177966,-0.0001443174683117797,64
pre_selector,4,28,4.0657581468206416e-20,1.0190494080648846e-17,1.0190494080648846e-17,0.5,0.00027563130242923273,-0.00027563130242923257,64
pre_selector,32,4,1.3552527156068805e-20,1.0188116075065896e-17,1.0188116075065896e-17,0.5,-0.0002846239294740312,0.0002846239294740312,64
pre_selector,13,13,2.710505431213761e-20,1.0077553061052214e-17,1.0077553061052214e-17,0.5,0.00041869335109367815,-0.00041869335109367815,64
pre_selector,31,17,1.3552527156068805e-20,1.0070365519220757e-17,1.0070365519220757e-17,0.5,-4.1646950194256265e-05,4.164695019425628e-05,64
pre_selector,6,19,2.710505431213761e-20,9.992238263685669e-18,9.992238263685669e-18,0.5,0.0002500196314940654,-0.00025001963149406546,64
pre_selector,35,4,6.776263578034403e-21,9.982199361480248e-18,9.982199361480248e-18,0.5,-8.608780444774639e-05,8.608780444774639e-05,64
pre_selector,16,8,1.3552527156068805e-20,9.968807195621353e-18,9.968807195621353e-18,0.5,0.00046544085853382066,-0.00046544085853382066,64
pre_selector,19,5,-6.776263578034403e-21,-9.96211470206724e-18,9.96211470206724e-18,0.5,8.146299478540605e-05,-8.146299478540603e-05,64
pre_selector,8,27,1.3552527156068805e-20,9.949330993066675e-18,9.949330993066675e-18,0.5,0.00011123327567474098,-0.00011123327567474097,64
pre_selector,2,31,1.0842021724855044e-19,9.93815491799422e-18,9.93815491799422e-18,0.5,0.0010580936504993594,-0.0010580936504993596,64
pre_selector,10,16,-1.6940658945086007e-21,-9.926205569418168e-18,9.926205569418168e-18,0.5,-7.212460582193624e-05,7.212460582193624e-05,64
pre_selector,0,3,-1.3552527156068805e-20,-9.9218408734036e-18,9.9218408734036e-18,0.5,0.0003125548500975066,-0.00031255485009750654,64
pre_selector,29,1,-2.710505431213761e-20,-9.919169392927075e-18,9.919169392927075e-18,0.5,0.000561955674129413,-0.0005619556741294129,64
pre_selector,11,28,1.0587911840678754e-21,9.899779003375124e-18,9.899779003375124e-18,0.5,1.3897217854713398e-05,-1.3897217854713393e-05,64
pre_selector,23,29,1.0842021724855044e-19,9.892794857366579e-18,9.892794857366579e-18,0.5,0.005364957331039456,-0.005364957331039456,64
pre_selector,23,19,-3.3881317890172014e-21,-9.891497379774938e-18,9.891497379774938e-18,0.5,-5.2759538334603316e-05,5.275953833460331e-05,64
pre_selector,6,12,1.3552527156068805e-20,9.857395971633442e-18,9.857395971633442e-18,0.5,-0.0005151777040737037,0.0005151777040737037,64
pre_selector,9,30,2.6469779601696886e-23,9.803873964451259e-18,9.803873964451259e-18,0.5,3.180109828804234e-07,-3.180109828804234e-07,64
pre_selector,18,29,2.0328790734103208e-20,9.793994644091476e-18,9.793994644091476e-18,0.5,0.0006472955847129787,-0.0006472955847129787,64
pre_selector,19,4,-5.421010862427522e-20,-9.778459199816094e-18,9.778459199816094e-18,0.5,-0.0002729241241468187,0.0002729241241468186,64
pre_selector,12,17,4.235164736271502e-21,9.748125837095258e-18,9.748125837095258e-18,0.5,2.375770691290622e-06,-2.375770691290632e-06,64
pre_selector,0,29,-9.486769009248164e-20,-9.697326678326411e-18,9.697326678326411e-18,0.5,-0.0002956783864647186,0.0002956783864647187,64
pre_selector,24,10,1.3552527156068805e-20,9.678631729675157e-18,9.678631729675157e-18,0.5,0.00023134206094254061,-0.00023134206094254067,64
pre_selector,19,0,2.710505431213761e-20,9.657488797262648e-18,9.657488797262648e-18,0.5,0.0011384224198991218,-0.001138422419899122,64
pre_selector,10,12,1.3552527156068805e-20,9.657149394305799e-18,9.657149394305799e-18,0.5,-0.00033863983117043603,0.00033863983117043603,64
pre_selector,24,8,-2.168404344971009e-19,-9.649915972231022e-18,9.649915972231022e-18,0.5,-0.008505998921464187,0.008505998921464187,64
pre_selector,22,31,-2.168404344971009e-19,-9.638305177923078e-18,9.638305177923078e-18,0.5,-0.0035731277894228627,0.0035731277894228627,64
pre_selector,6,22,1.3552527156068805e-20,9.595246085471389e-18,9.595246085471389e-18,0.5,0.00014469719462794064,-0.0001446971946279407,64
pre_selector,26,6,2.710505431213761e-20,9.584073352613969e-18,9.584073352613969e-18,0.5,0.00011039785385946868,-0.00011039785385946873,64
pre_selector,24,29,-1.0842021724855044e-19,-9.552866973289085e-18,9.552866973289085e-18,0.5,-0.0068726658573723155,0.0068726658573723155,64
pre_selector,16,26,-1.3552527156068805e-20,-9.5324386838257e-18,9.5324386838257e-18,0.5,0.00029339654247451216,-0.0002933965424745121,64
pre_selector,21,18,-5.421010862427522e-20,-9.521387418904788e-18,9.521387418904788e-18,0.5,0.0017993034525716144,-0.0017993034525716144,64
pre_selector,28,10,4.0657581468206416e-20,9.503083423795474e-18,9.503083423795474e-18,0.5,-0.001500024614870175,0.0015000246148701747,64
pre_selector,21,14,-6.776263578034403e-21,-9.482158417226529e-18,9.482158417226529e-18,0.5,0.00010870026062546748,-0.00010870026062546747,64
pre_selector,24,9,5.421010862427522e-20,9.437336693926445e-18,9.437336693926445e-18,0.5,0.00013795744234811568,-0.00013795744234811546,64
pre_selector,1,14,5.421010862427522e-20,9.41344169961289e-18,9.41344169961289e-18,0.5,0.00043567935063036254,-0.0004356793506303626,64
pre_selector,24,15,1.2197274440461925e-19,9.412147681277007e-18,9.412147681277007e-18,0.5,0.0017298172679147533,-0.0017298172679147531,64
pre_selector,22,23,1.6940658945086007e-21,9.391649530591024e-18,9.391649530591024e-18,0.5,8.575749916418323e-06,-8.575749916418324e-06,64
pre_selector,34,25,1.3552527156068805e-20,9.346511964257841e-18,9.346511964257841e-18,0.5,-7.510191244365122e-05,7.510191244365118e-05,64
pre_selector,29,19,-1.3552527156068805e-20,-9.343659227185157e-18,9.343659227185157e-18,0.5,-0.00023618619707119196,0.000236186197071192,64
pre_selector,16,29,1.3552527156068805e-20,9.339778372299701e-18,9.339778372299701e-18,0.5,0.00018388022544968223,-0.0001838802254496822,64
pre_selector,26,24,4.743384504624082e-20,9.339006622285583e-18,9.339006622285583e-18,0.5,-0.0020832803493249104,0.0020832803493249104,64
pre_selector,15,25,1.3552527156068805e-20,9.334495365687221e-18,9.334495365687221e-18,0.5,0.0003141746274195438,-0.0003141746274195438,64
pre_selector,27,5,2.710505431213761e-20,9.327786259294438e-18,9.327786259294438e-18,0.5,-0.0007730758006800999,0.0007730758006801002,64
pre_selector,24,1,-3.3881317890172014e-21,-9.326915629448412e-18,9.326915629448412e-18,0.5,-5.5577982948295085e-05,5.557798294829509e-05,64
pre_selector,21,25,5.421010862427522e-20,9.323753847515851e-18,9.323753847515851e-18,0.5,0.002060464263195166,-0.0020604642631951654,64
pre_selector,28,0,2.168404344971009e-19,9.282896410727715e-18,9.282896410727715e-18,0.5,0.0015564618515782284,-0.0015564618515782295,64
pre_selector,14,16,1.0164395367051604e-20,9.257863275689247e-18,9.257863275689247e-18,0.5,-0.0004737177778224337,0.0004737177778224337,64
pre_selector,7,29,-8.470329472543003e-22,-9.249246947324835e-18,9.249246947324835e-18,0.5,4.3278320163118745e-06,-4.3278320163118745e-06,64
pre_selector,17,19,1.6940658945086007e-20,9.231222299006566e-18,9.231222299006566e-18,0.5,0.0004846792362513857,-0.00048467923625138565,64
pre_selector,0,17,-1.0842021724855044e-19,-9.216196974964464e-18,9.216196974964464e-18,0.5,0.002252368736662894,-0.0022523687366628937,64
pre_selector,23,21,-2.168404344971009e-19,-9.201116884766119e-18,9.201116884766119e-18,0.5,0.0021454085799632564,-0.0021454085799632564,64
pre_selector,18,31,4.0657581468206416e-20,9.190695605122841e-18,9.190695605122841e-18,0.5,0.0010444260915391938,-0.001044426091539194,64
pre_selector,17,20,-8.470329472543003e-22,-9.189277373880692e-18,9.189277373880692e-18,0.5,4.2309051423207046e-05,-4.2309051423207046e-05,64
pre_selector,32,23,1.6940658945086007e-21,9.187363551303894e-18,9.187363551303894e-18,0.5,1.3788003684562205e-05,-1.3788003684562205e-05,64
pre_selector,32,8,1.0842021724855044e-19,9.159704328015928e-18,9.159704328015928e-18,0.5,-0.005557162250624953,0.005557162250624954,64
pre_selector,27,21,-6.776263578034403e-21,-9.140490049392555e-18,9.140490049392555e-18,0.5,-0.00018683750477065938,0.00018683750477065938,64
pre_selector,13,26,-1.3552527156068805e-20,-9.13811856776361e-18,9.13811856776361e-18,0.5,-0.0002722690369409865,0.0002722690369409865,64
pre_selector,10,7,6.776263578034403e-21,9.12548663147164e-18,9.12548663147164e-18,0.5,-2.42936907852818e-05,2.4293690785281806e-05,64
pre_selector,16,30,1.3552527156068805e-20,9.117738799604054e-18,9.117738799604054e-18,0.5,0.00028648942861763164,-0.00028648942861763164,64
pre_selector,35,18,-2.710505431213761e-20,-9.109978310377941e-18,9.109978310377941e-18,0.5,-8.234280539909996e-05,8.234280539910007e-05,64
pre_selector,9,24,2.710505431213761e-20,9.08307160692981e-18,9.08307160692981e-18,0.5,-0.00023095657525118603,0.00023095657525118603,64
pre_selector,31,12,6.776263578034403e-21,9.0762245886133e-18,9.0762245886133e-18,0.5,-0.00030268002046794575,0.00030268002046794575,64
pre_selector,16,31,6.776263578034403e-21,9.072752702458296e-18,9.072752702458296e-18,0.5,0.000144317120430051,-0.00014431712043005106,64
pre_selector,35,20,6.776263578034403e-21,9.064867066862554e-18,9.064867066862554e-18,0.5,-0.00038387517633962145,0.00038387517633962145,64
pre_selector,18,22,1.1858461261560205e-20,8.995568905731589e-18,8.995568905731589e-18,0.5,0.000323440181091412,-0.0003234401810914119,64
pre_selector,18,1,2.0328790734103208e-20,8.987716413821816e-18,8.987716413821816e-18,0.5,0.0008076442172750724,-0.0008076442172750724,64
pre_selector,33,27,3.3881317890172014e-21,8.984167321980454e-18,8.984167321980454e-18,0.5,-8.068341412581197e-05,8.068341412581198e-05,64
pre_selector,20,31,2.0328790734103208e-20,8.956141903116169e-18,8.956141903116169e-18,0.5,0.0004751337410198067,-0.0004751337410198066,64
pre_selector,1,8,-4.0657581468206416e-20,-8.931273277910195e-18,8.931273277910195e-18,0.5,-0.0006939239247003507,0.0006939239247003507,64
pre_selector,12,4,1.0842021724855044e-19,8.925595099116512e-18,8.925595099116512e-18,0.5,-0.0007617040100740215,0.0007617040100740216,64
pre_selector,6,30,-2.371692252312041e-20,-8.924129014156827e-18,8.924129014156827e-18,0.5,-0.0007193447127064874,0.0007193447127064875,64
pre_selector,35,23,5.421010862427522e-20,8.909174662392444e-18,8.909174662392444e-18,0.5,4.4608044845509214e-05,-4.460804484550916e-05,64
pre_selector,33,17,-5.421010862427522e-20,-8.895555084044051e-18,8.895555084044051e-18,0.5,-0.003338976242957839,0.0033389762429578388,64
pre_selector,19,18,6.776263578034403e-21,8.863928848647383e-18,8.863928848647383e-18,0.5,-7.906919563532706e-06,7.906919563532703e-06,64
pre_selector,14,4,-5.421010862427522e-20,-8.860445346530787e-18,8.860445346530787e-18,0.5,0.001394183935190081,-0.0013941839351900812,64
pre_selector,14,25,1.6940658945086007e-21,8.852216694596353e-18,8.852216694596353e-18,0.5,-4.86445054548269e-06,4.86445054548269e-06,64
pre_selector,7,14,1.3552527156068805e-20,8.836897240006411e-18,8.836897240006411e-18,0.5,-0.00020923886768286473,0.00020923886768286476,64
pre_selector,29,2,-1.0842021724855044e-19,-8.784381802036273e-18,8.784381802036273e-18,0.5,-0.003973814476921665,0.003973814476921665,64
pre_selector,1,26,2.710505431213761e-20,8.774228391417928e-18,8.774228391417928e-18,0.5,8.669887029100009e-05,-8.669887029100009e-05,64
pre_selector,22,25,-3.3881317890172014e-21,-8.742008412944695e-18,8.742008412944695e-18,0.5,-0.00010463561739015822,0.00010463561739015823,64
pre_selector,29,17,-5.421010862427522e-20,-8.705456796180868e-18,8.705456796180868e-18,0.5,-0.000707895102095797,0.0007078951020957968,64
pre_selector,10,22,1.2705494208814505e-21,8.689145778146367e-18,8.689145778146367e-18,0.5,-5.5150673233572086e-05,5.515067323357209e-05,64
pre_selector,30,1,-1.3552527156068805e-20,-8.674685929795262e-18,8.674685929795262e-18,0.5,-5.317378963809704e-06,5.317378963809745e-06,64
pre_selector,9,31,-1.6940658945086007e-21,-8.645188653367788e-18,8.645188653367788e-18,0.5,6.167101382459524e-05,-6.167101382459524e-05,64
pre_selector,30,23,-2.710505431213761e-20,-8.64302313399226e-18,8.64302313399226e-18,0.5,-0.0005099052650621124,0.0005099052650621126,64
pre_selector,15,15,2.541098841762901e-21,8.575088086397964e-18,8.575088086397964e-18,0.5,8.225996498367451e-05,-8.225996498367451e-05,64
pre_selector,30,28,1.3552527156068805e-20,8.561381536841133e-18,8.561381536841133e-18,0.5,-2.7267077257418753e-05,2.7267077257418733e-05,64
pre_selector,8,25,-1.6940658945086007e-21,-8.550171092793528e-18,8.550171092793528e-18,0.5,-3.600660602386283e-05,3.6006606023862814e-05,64
pre_selector,0,28,-1.0842021724855044e-19,-8.528994859685182e-18,8.528994859685182e-18,0.5,0.002213512227172019,-0.002213512227172019,64
pre_selector,35,24,2.710505431213761e-20,8.522336632684604e-18,8.522336632684604e-18,0.5,-0.0007998441888048563,0.0007998441888048562,64
pre_selector,24,23,1.0842021724855044e-19,8.518693647105504e-18,8.518693647105504e-18,0.5,-0.0019228536693844801,0.0019228536693844803,64
pre_selector,32,12,-2.710505431213761e-20,-8.503669684547236e-18,8.503669684547236e-18,0.5,-0.0005546443935600063,0.0005546443935600062,64
pre_selector,3,15,-1.3552527156068805e-20,-8.495801393983337e-18,8.495801393983337e-18,0.5,-0.0006615120360038296,0.0006615120360038296,64
pre_selector,25,8,-2.710505431213761e-20,-8.480467056700505e-18,8.480467056700505e-18,0.5,0.0007435144325427202,-0.0007435144325427202,64
pre_selector,10,8,3.3881317890172014e-21,8.472001935074285e-18,8.472001935074285e-18,0.5,-0.00010672417101886048,0.00010672417101886051,64
pre_selector,11,24,-5.421010862427522e-20,-8.450679344858765e-18,8.450679344858765e-18,0.5,-0.000838284904602919,0.0008382849046029187,64
pre_selector,17,17,-5.421010862427522e-20,-8.441760118298998e-18,8.441760118298998e-18,0.5,0.002776360634015852,-0.0027763606340158523,64
pre_selector,16,12,-6.776263578034403e-21,-8.414550646772402e-18,8.414550646772402e-18,0.5,0.00021870266118639706,-0.00021870266118639706,64
pre_selector,18,14,-2.371692252312041e-20,-8.397908127525168e-18,8.397908127525168e-18,0.5,0.00027083870008936823,-0.00027083870008936823,64
pre_selector,35,10,-5.421010862427522e-20,-8.39475970842019e-18,8.39475970842019e-18,0.5,-0.0008940361658460467,0.0008940361658460468,64
pre_selector,10,0,1.6940658945086007e-21,8.390912961141846e-18,8.390912961141846e-18,0.5,-1.6159946198970635e-05,1.6159946198970638e-05,64
pre_selector,17,23,1.3552527156068805e-20,8.369277032511768e-18,8.369277032511768e-18,0.5,0.00035203322113376025,-0.0003520332211337602,64
pre_selector,35,7,-6.776263578034403e-21,-8.365823141548215e-18,8.365823141548215e-18,0.5,-2.9660163818340638e-05,2.966016381834065e-05,64
pre_selector,30,11,1.0842021724855044e-19,8.358432886919021e-18,8.358432886919021e-18,0.5,-0.0028706472985504513,0.0028706472985504518,64
pre_selector,34,7,2.710505431213761e-20,8.346622141336523e-18,8.346622141336523e-18,0.5,-0.0018505216212360872,0.0018505216212360872,64
pre_selector,30,29,-3.3881317890172014e-21,-8.341337191816101e-18,8.341337191816101e-18,0.5,-2.4960836071845753e-05,2.4960836071845757e-05,64
pre_selector,19,29,-3.3881317890172014e-21,-8.33897273111799e-18,8.33897273111799e-18,0.5,0.0001861597315837318,-0.00018615973158373183,64
pre_selector,1,6,-2.710505431213761e-20,-8.32036176910529e-18,8.32036176910529e-18,0.5,-0.00033516778785268417,0.0003351677878526844,64
pre_selector,21,27,-1.3552527156068805e-20,-8.319310073211553e-18,8.319310073211553e-18,0.5,0.0002206648878199979,-0.0002206648878199979,64
pre_selector,22,0,5.421010862427522e-20,8.287461448127634e-18,8.287461448127634e-18,0.5,-0.0007542299135820905,0.0007542299135820907,64
pre_selector,7,25,-3.3881317890172014e-21,-8.282306119241257e-18,8.282306119241257e-18,0.5,-9.93512458081563e-06,9.935124580815633e-06,64
pre_selector,17,31,-2.117582368135751e-22,-8.277348780260883e-18,8.277348780260883e-18,0.5,2.192888828744799e-06,-2.192888828744799e-06,64
pre_selector,26,8,-1.6940658945086007e-21,-8.260210856627252e-18,8.260210856627252e-18,0.5,2.7000094178292496e-06,-2.700009417829258e-06,64
pre_selector,12,14,1.3552527156068805e-20,8.254181210083816e-18,8.254181210083816e-18,0.5,0.00027270911959930013,-0.00027270911959930013,64
pre_selector,20,11,-2.117582368135751e-21,-8.225549866862982e-18,8.225549866862982e-18,0.5,1.8546124124447274e-05,-1.854612412444728e-05,64
pre_selector,13,1,-2.710505431213761e-20,-8.150369499689819e-18,8.150369499689819e-18,0.5,0.00101591328348148,-0.0010159132834814803,64
pre_selector,27,23,-5.082197683525802e-21,-8.136144914450709e-18,8.136144914450709e-18,0.5,-7.775637641315624e-05,7.775637641315624e-05,64
pre_selector,30,7,6.776263578034403e-21,8.111226924135585e-18,8.111226924135585e-18,0.5,0.00014592841534977815,-0.00014592841534977812,64
pre_selector,16,20,-1.6940658945086007e-21,-8.043670891243745e-18,8.043670891243745e-18,0.5,1.4674619251307893e-05,-1.4674619251307894e-05,64
pre_selector,7,1,-5.082197683525802e-21,-8.00069640637455e-18,8.00069640637455e-18,0.5,-1.1536275451353139e-05,1.1536275451353119e-05,64
pre_selector,15,31,-1.3552527156068805e-20,-7.98989437418857e-18,7.98989437418857e-18,0.5,-6.760128053429063e-05,6.760128053429063e-05,64
pre_selector,16,7,-2.710505431213761e-20,-7.96719932022037e-18,7.96719932022037e-18,0.5,0.0005744993568441515,-0.0005744993568441515,64
pre_selector,28,8,1.3552527156068805e-20,7.942968220004435e-18,7.942968220004435e-18,0.5,-0.00026017305617641345,0.0002601730561764134,64
pre_selector,24,16,-1.0842021724855044e-19,-7.940281648571705e-18,7.940281648571705e-18,0.5,0.0006571573630935624,-0.0006571573630935622,64
pre_selector,30,6,1.3552527156068805e-20,7.936613926430897e-18,7.936613926430897e-18,0.5,-0.000727531115444411,0.000727531115444411,64
pre_selector,1,31,2.710505431213761e-20,7.936529008929969e-18,7.936529008929969e-18,0.5,-0.0012499276796802323,0.0012499276796802323,64
pre_selector,34,23,4.235164736271502e-22,7.904978061222227e-18,7.904978061222227e-18,0.5,-1.8318995103046535e-06,1.8318995103046544e-06,64
pre_selector,25,17,3.3881317890172014e-21,7.883696617679202e-18,7.883696617679202e-18,0.5,-7.671046796531185e-05,7.671046796531186e-05,64
pre_selector,1,27,2.168404344971009e-19,7.860805595450899e-18,7.860805595450899e-18,0.5,0.0012109557283110817,-0.0012109557283110817,64
pre_selector,35,8,5.421010862427522e-20,7.82171765752897e-18,7.82171765752897e-18,0.5,-0.000748558042687356,0.0007485580426873561,64
pre_selector,9,9,-6.776263578034403e-21,-7.789771188415217e-18,7.789771188415217e-18,0.5,6.938041224206259e-06,-6.9380412242062525e-06,64
pre_selector,32,26,-6.776263578034403e-21,-7.776172729749148e-18,7.776172729749148e-18,0.5,-6.361501345964377e-05,6.361501345964375e-05,64
pre_selector,20,6,1.3552527156068805e-20,7.770501294184571e-18,7.770501294184571e-18,0.5,-0.0001296591653954281,0.00012965916539542808,64
pre_selector,23,1,-1.3552527156068805e-20,-7.768489793438505e-18,7.768489793438505e-18,0.5,0.00034806186886270643,-0.0003480618688627065,64
pre_selector,27,29,5.421010862427522e-20,7.764300810474954e-18,7.764300810474954e-18,0.5,-0.0015917420441837714,0.0015917420441837714,64
pre_selector,24,26,-5.421010862427522e-20,-7.70710415392736e-18,7.70710415392736e-18,0.5,0.0001800221507437564,-0.0001800221507437563,64
pre_selector,6,5,-1.3552527156068805e-20,-7.669583670960656e-18,7.669583670960656e-18,0.5,-7.581144018332009e-05,7.581144018332006e-05,64
pre_selector,20,12,2.0328790734103208e-20,7.656757070011835e-18,7.656757070011835e-18,0.5,0.0009592458445695093,-0.0009592458445695094,64
pre_selector,35,11,-2.0328790734103208e-20,-7.652252569870669e-18,7.652252569870669e-18,0.5,-0.0009139121466432531,0.0009139121466432531,64
pre_selector,8,10,6.776263578034403e-21,7.613638357022541e-18,7.613638357022541e-18,0.5,2.0121265151813082e-05,-2.012126515181309e-05,64
pre_selector,31,29,5.421010862427522e-20,7.546703698175292e-18,7.546703698175292e-18,0.5,-0.003896002104738716,0.003896002104738716,64
pre_selector,3,2,1.0842021724855044e-19,7.545040185955118e-18,7.545040185955118e-18,0.5,0.0005708224198315222,-0.0005708224198315219,64
pre_selector,16,28,2.710505431213761e-20,7.535203620102066e-18,7.535203620102066e-18,0.5,0.0013918631884734867,-0.0013918631884734865,64
pre_selector,35,6,-3.3881317890172014e-21,-7.533016956537484e-18,7.533016956537484e-18,0.5,-7.320805798372186e-05,7.320805798372186e-05,64
pre_selector,34,5,1.0842021724855044e-19,7.529801343049411e-18,7.529801343049411e-18,0.5,-0.006726364372298099,0.006726364372298101,64
pre_selector,25,25,5.421010862427522e-20,7.504271803312425e-18,7.504271803312425e-18,0.5,-0.0030710867604284283,0.0030710867604284283,64
pre_selector,24,3,3.3881317890172014e-21,7.502534465035569e-18,7.502534465035569e-18,0.5,-5.530204862225327e-05,5.5302048622253264e-05,64
pre_selector,18,25,1.3552527156068805e-20,7.443584783163596e-18,7.443584783163596e-18,0.5,0.0001419145553427149,-0.00014191455534271494,64
pre_selector,27,11,-6.776263578034403e-21,-7.429440761610293e-18,7.429440761610293e-18,0.5,-5.4740628911531266e-05,5.474062891153126e-05,64
pre_selector,8,1,3.3881317890172014e-21,7.418412354614588e-18,7.418412354614588e-18,0.5,-7.401819925690051e-05,7.401819925690051e-05,64
pre_selector,1,11,-2.710505431213761e-20,-7.398265180647305e-18,7.398265180647305e-18,0.5,-0.0008406554552493407,0.0008406554552493406,64
pre_selector,23,27,-3.3881317890172014e-21,-7.382950200484497e-18,7.382950200484497e-18,0.5,9.728556051417238e-06,-9.728556051417258e-06,64
pre_selector,17,27,-1.3552527156068805e-20,-7.361049081064162e-18,7.361049081064162e-18,0.5,0.0005266621101327335,-0.0005266621101327335,64
pre_selector,29,29,1.6940658945086007e-21,7.306162774280571e-18,7.306162774280571e-18,0.5,2.4664028614999923e-05,-2.4664028614999926e-05,64
pre_selector,19,14,-1.0842021724855044e-19,-7.299991286330722e-18,7.299991286330722e-18,0.5,-0.0010563996911514596,0.0010563996911514592,64
pre_selector,31,20,-1.0842021724855044e-19,-7.29758902023405e-18,7.29758902023405e-18,0.5,0.0008870543388184464,-0.0008870543388184464,64
pre_selector,0,7,-2.168404344971009e-19,-7.28317926723947e-18,7.28317926723947e-18,0.5,-0.00034371780930087816,0.0003437178093008777,64
pre_selector,35,22,1.0842021724855044e-19,7.259599010742583e-18,7.259599010742583e-18,0.5,-0.006190575200889709,0.00619057520088971,64
pre_selector,16,15,-4.0657581468206416e-20,-7.22397289722003e-18,7.22397289722003e-18,0.5,3.320004907436452e-05,-3.320004907436452e-05,64
pre_selector,20,21,-6.776263578034403e-21,-7.222774046649578e-18,7.222774046649578e-18,0.5,0.00026493984842089724,-0.00026493984842089724,64
pre_selector,12,24,3.3881317890172014e-21,7.198802157487889e-18,7.198802157487889e-18,0.5,8.835782352889846e-05,-8.835782352889847e-05,64
pre_selector,30,8,5.421010862427522e-20,7.183434788525034e-18,7.183434788525034e-18,0.5,-0.0030236210659495407,0.0030236210659495407,64
pre_selector,32,24,-3.3881317890172014e-21,-7.174382678398462e-18,7.174382678398462e-18,0.5,6.847756139896865e-06,-6.8477561398968784e-06,64
pre_selector,22,14,2.710505431213761e-20,7.155615556113864e-18,7.155615556113864e-18,0.5,-0.0002489009784767438,0.0002489009784767437,64
pre_selector,1,3,-5.421010862427522e-20,-7.11897887382082e-18,7.11897887382082e-18,0.5,-0.00041479488936602187,0.0004147948893660219,64
pre_selector,6,27,1.0587911840678754e-22,7.11146746396109e-18,7.11146746396109e-18,0.5,-2.5969994084107384e-06,2.5969994084107384e-06,64
pre_selector,29,12,-1.0842021724855044e-19,-7.039783250268197e-18,7.039783250268197e-18,0.5,-0.01099110311042746,0.01099110311042746,64
pre_selector,13,27,2.710505431213761e-20,7.035619980731326e-18,7.035619980731326e-18,0.5,0.0001131943499785687,-0.00011319434997856875,64
pre_selector,8,9,3.3881317890172014e-21,7.033844088900625e-18,7.033844088900625e-18,0.5,-2.850279679478751e-05,2.8502796794787498e-05,64
pre_selector,8,3,-3.3881317890172014e-21,-7.031435716579855e-18,7.031435716579855e-18,0.5,-5.224925916990445e-05,5.2249259169904444e-05,64
pre_selector,29,23,8.470329472543003e-22,7.031147789412154e-18,7.031147789412154e-18,0.5,2.4208256945754064e-06,-2.420825694575403e-06,64
pre_selector,6,23,-6.776263578034403e-21,-7.013684584598757e-18,7.013684584598757e-18,0.5,-0.00013150538870831876,0.00013150538870831876,64
pre_selector,27,4,6.776263578034403e-21,6.99415417952919e-18,6.99415417952919e-18,0.5,0.0005468240415211609,-0.000546824041521161,64
pre_selector,12,30,-1.3552527156068805e-20,-6.942380571545847e-18,6.942380571545847e-18,0.5,0.0001329159440501975,-0.0001329159440501975,64
pre_selector,33,25,6.776263578034403e-21,6.931015124289119e-18,6.931015124289119e-18,0.5,-0.00016443149070254794,0.00016443149070254797,64
pre_selector,19,23,2.710505431213761e-20,6.895244706105393e-18,6.895244706105393e-18,0.5,0.00022533893206854502,-0.000225338932068545,64
pre_selector,11,15,-1.3552527156068805e-20,-6.8851066422572364e-18,6.8851066422572364e-18,0.5,2.645814583955965e-05,-2.6458145839559704e-05,64
pre_selector,21,30,6.776263578034403e-21,6.8607338804252455e-18,6.8607338804252455e-18,0.5,0.00034730861625575303,-0.0003473086162557531,64
pre_selector,17,29,-3.3881317890172014e-21,-6.857784651364618e-18,6.857784651364618e-18,0.5,0.0002886380383415344,-0.00028863803834153434,64
pre_selector,29,9,1.0842021724855044e-19,6.845614081287548e-18,6.845614081287548e-18,0.5,-0.006704651979816825,0.006704651979816826,64
pre_selector,12,1,-6.776263578034403e-21,-6.816184375635481e-18,6.816184375635481e-18,0.5,-1.2180395970065624e-05,1.218039597006561e-05,64
pre_selector,24,22,-1.0842021724855044e-19,-6.785158410860402e-18,6.785158410860402e-18,0.5,0.0007449801778420845,-0.0007449801778420845,64
pre_selector,26,3,2.710505431213761e-20,6.744502108852024e-18,6.744502108852024e-18,0.5,-0.00022478031678475316,0.00022478031678475305,64
pre_selector,25,20,-3.3881317890172014e-21,-6.718701796578398e-18,6.718701796578398e-18,0.5,0.00013111473708703157,-0.00013111473708703157,64
pre_selector,20,2,1.3552527156068805e-20,6.645207639959347e-18,6.645207639959347e-18,0.5,0.00013269863484309855,-0.00013269863484309852,64
pre_selector,0,18,-1.0842021724855044e-19,-6.6421063883825145e-18,6.6421063883825145e-18,0.5,0.002909375209128478,-0.0029093752091284776,64
pre_selector,21,21,2.710505431213761e-20,6.6257358461281655e-18,6.6257358461281655e-18,0.5,0.0004668806868721746,-0.00046688068687217456,64
pre_selector,29,30,1.6940658945086007e-21,6.58516154863158e-18,6.58516154863158e-18,0.5,-2.9235242209334145e-06,2.923524220933405e-06,64
pre_selector,26,11,-1.6940658945086007e-21,-6.580437899092108e-18,6.580437899092108e-18,0.5,2.7356279133521866e-05,-2.735627913352187e-05,64
pre_selector,32,15,2.710505431213761e-20,6.5794218585056354e-18,6.5794218585056354e-18,0.5,-0.0009018201944854812,0.0009018201944854813,64
pre_selector,19,19,-1.3552527156068805e-20,-6.53690402161459e-18,6.53690402161459e-18,0.5,1.3543140085000161e-06,-1.3543140085000161e-06,64
pre_selector,25,6,-3.3881317890172014e-21,-6.511265876433408e-18,6.511265876433408e-18,0.5,-0.00018675194587557776,0.00018675194587557776,64
pre_selector,19,24,-1.6940658945086007e-21,-6.4961538676250404e-18,6.4961538676250404e-18,0.5,7.699992750076022e-05,-7.699992750076022e-05,64
pre_selector,31,9,1.3552527156068805e-20,6.496121418584561e-18,6.496121418584561e-18,0.5,-0.0009584493600414,0.0009584493600413999,64
pre_selector,27,26,-5.421010862427522e-20,-6.488697562403959e-18,6.488697562403959e-18,0.5,0.00031196547206491156,-0.0003119654720649117,64
pre_selector,21,26,2.710505431213761e-20,6.472501878681005e-18,6.472501878681005e-18,0.5,0.0005033868237660445,-0.0005033868237660445,64
pre_selector,28,24,-1.3552527156068805e-20,-6.47169767301886e-18,6.47169767301886e-18,0.5,7.015927803877502e-05,-7.015927803877506e-05,64
pre_selector,0,22,5.421010862427522e-20,6.470687669112985e-18,6.470687669112985e-18,0.5,0.0005532919749384876,-0.0005532919749384874,64
pre_selector,26,5,1.3552527156068805e-20,6.4695606885513826e-18,6.4695606885513826e-18,0.5,0.0002736759433901141,-0.00027367594339011405,64
pre_selector,31,19,2.710505431213761e-20,6.4376193177615045e-18,6.4376193177615045e-18,0.5,-0.00034654051523831257,0.00034654051523831246,64
pre_selector,33,6,-5.421010862427522e-20,-6.430766313092464e-18,6.430766313092464e-18,0.5,-0.003685240240884,0.0036852402408840005,64
pre_selector,10,11,1.6940658945086007e-21,6.412923324821324e-18,6.412923324821324e-18,0.5,1.1117776921299066e-05,-1.1117776921299054e-05,64
pre_selector,30,13,3.3881317890172014e-21,6.382555992872351e-18,6.382555992872351e-18,0.5,-0.00010578208093646978,0.0001057820809364698,64
pre_selector,3,22,-2.710505431213761e-20,-6.381464772517787e-18,6.381464772517787e-18,0.5,-0.000350344544131075,0.0003503445441310751,64
pre_selector,13,30,5.421010862427522e-20,6.367298244924815e-18,6.367298244924815e-18,0.5,0.0004531991144176667,-0.0004531991144176668,64
pre_selector,20,13,-1.3552527156068805e-20,-6.3573430509038336e-18,6.3573430509038336e-18,0.5,0.0005836431009811209,-0.0005836431009811209,64
pre_selector,22,19,-2.710505431213761e-20,-6.3063197201382545e-18,6.3063197201382545e-18,0.5,-0.00020849488100791879,0.00020849488100791876,64
pre_selector,11,4,8.470329472543003e-21,6.2880775833707315e-18,6.2880775833707315e-18,0.5,-0.00023330873045779386,0.00023330873045779386,64
pre_selector,1,16,-1.3552527156068805e-20,-6.28658554519077e-18,6.28658554519077e-18,0.5,-0.00046440947517112184,0.0004644094751711218,64
pre_selector,32,14,6.776263578034403e-21,6.248082950340997e-18,6.248082950340997e-18,0.5,-2.8939077310496873e-05,2.893907731049686e-05,64
pre_selector,34,16,-1.3552527156068805e-20,-6.207184245979937e-18,6.207184245979937e-18,0.5,-0.001574427709783738,0.001574427709783738,64
pre_selector,16,10,-1.3552527156068805e-20,-6.2022983711268404e-18,6.2022983711268404e-18,0.5,1.211194467032499e-05,-1.2111944670324936e-05,64
pre_selector,21,5,1.3552527156068805e-20,6.1734561180802766e-18,6.1734561180802766e-18,0.5,0.0006059114275558228,-0.0006059114275558228,64
pre_selector,30,15,-1.3552527156068805e-20,-6.170126625468082e-18,6.170126625468082e-18,0.5,2.1882722649028106e-05,-2.1882722649028106e-05,64
pre_selector,28,15,1.6940658945086007e-20,6.159594595928722e-18,6.159594595928722e-18,0.5,-0.00024317542556672638,0.0002431754255667265,64
pre_selector,7,3,6.776263578034403e-21,6.1541483949752195e-18,6.1541483949752195e-18,0.5,-7.86185555625625e-05,7.861855556256249e-05,64
pre_selector,17,30,-4.235164736271502e-22,-6.1435440000788905e-18,6.1435440000788905e-18,0.5,4.5509200390328914e-06,-4.5509200390328914e-06,64
pre_selector,10,30,-1.6940658945086007e-21,-6.125090588162363e-18,6.125090588162363e-18,0.5,1.359446378047311e-05,-1.359446378047311e-05,64
pre_selector,1,25,-2.168404344971009e-19,-6.109690294810733e-18,6.109690294810733e-18,0.5,0.0017905259155668344,-0.0017905259155668336,64
pre_selector,26,1,-4.0657581468206416e-20,-6.089371279611017e-18,6.089371279611017e-18,0.5,0.00020878307987003489,-0.0002087830798700347,64
pre_selector,12,9,6.776263578034403e-21,6.084415514357916e-18,6.084415514357916e-18,0.5,-8.916436786422482e-05,8.916436786422484e-05,64
pre_selector,5,2,5.421010862427522e-20,6.058891302473384e-18,6.058891302473384e-18,0.5,-0.002150370739400391,0.0021503707394003903,64
pre_selector,21,7,8.470329472543003e-22,6.057524439471761e-18,6.057524439471761e-18,0.5,3.8133531916169547e-05,-3.8133531916169547e-05,64
pre_selector,9,1,-1.6940658945086007e-21,-6.0129365478383346e-18,6.0129365478383346e-18,0.5,5.111633527121993e-05,-5.111633527121993e-05,64
pre_selector,29,27,-1.3552527156068805e-20,-6.0063815825296145e-18,6.0063815825296145e-18,0.5,-0.0008274547817563763,0.0008274547817563764,64
pre_selector,1,9,-1.0842021724855044e-19,-5.99960869327422e-18,5.99960869327422e-18,0.5,0.0016245876322500438,-0.0016245876322500438,64
pre_selector,16,23,2.710505431213761e-20,5.998185398114776e-18,5.998185398114776e-18,0.5,0.00040700392128201565,-0.0004070039212820155,64
pre_selector,23,26,2.710505431213761e-20,5.9778738890781456e-18,5.9778738890781456e-18,0.5,-0.002672869246453025,0.002672869246453025,64
pre_selector,30,9,2.710505431213761e-20,5.967855105309606e-18,5.967855105309606e-18,0.5,-0.0025290448029408968,0.002529044802940897,64
pre_selector,19,15,-1.3552527156068805e-20,-5.955687815734901e-18,5.955687815734901e-18,0.5,0.00023522255287388978,-0.0002352225528738898,64
pre_selector,2,25,2.710505431213761e-20,5.952876213356776e-18,5.952876213356776e-18,0.5,-0.0006173429719638155,0.0006173429719638156,64
pre_selector,35,3,-2.710505431213761e-20,-5.950895150548061e-18,5.950895150548061e-18,0.5,-8.878459993866557e-05,8.87845999386656e-05,64
pre_selector,0,11,2.168404344971009e-19,5.9171259686196705e-18,5.9171259686196705e-18,0.5,0.001513794995844364,-0.0015137949958443624,64
pre_selector,29,24,-1.3552527156068805e-20,-5.910993612935531e-18,5.910993612935531e-18,0.5,-0.0008091432500805057,0.0008091432500805056,64
pre_selector,29,15,-2.710505431213761e-20,-5.888470179339771e-18,5.888470179339771e-18,0.5,-0.0031409386210725344,0.0031409386210725344,64
pre_selector,15,4,-3.3881317890172014e-21,-5.88203604450477e-18,5.88203604450477e-18,0.5,4.7592894816251885e-05,-4.7592894816251885e-05,64
pre_selector,28,9,-5.421010862427522e-20,-5.860707485552008e-18,5.860707485552008e-18,0.5,-0.005492015387062533,0.005492015387062533,64
pre_selector,35,25,-3.3881317890172014e-21,-5.855732889569627e-18,5.855732889569627e-18,0.5,-0.00031545074944003883,0.0003154507494400388,64
pre_selector,34,26,-1.6940658945086007e-21,-5.823447963557422e-18,5.823447963557422e-18,0.5,7.995311079866615e-05,-7.995311079866615e-05,64
pre_selector,16,2,-1.6940658945086007e-21,-5.8003607487865184e-18,5.8003607487865184e-18,0.5,0.00010912734421707451,-0.00010912734421707451,64
pre_selector,29,10,-3.3881317890172014e-21,-5.767166748589052e-18,5.767166748589052e-18,0.5,-0.00019528952009293673,0.00019528952009293673,64
pre_selector,30,24,-2.710505431213761e-20,-5.752523121817182e-18,5.752523121817182e-18,0.5,-0.002930493912572241,0.0029304939125722406,64
pre_selector,29,4,-1.3552527156068805e-20,-5.745298006830277e-18,5.745298006830277e-18,0.5,-0.0014795215247431562,0.0014795215247431562,64
pre_selector,13,22,1.6940658945086007e-21,5.736631688221116e-18,5.736631688221116e-18,0.5,1.5214000995911971e-05,-1.5214000995911975e-05,64
pre_selector,31,4,-5.421010862427522e-20,-5.735014856890418e-18,5.735014856890418e-18,0.5,-0.0034266256188857187,0.0034266256188857187,64
pre_selector,18,17,-3.3881317890172014e-21,-5.731301797288932e-18,5.731301797288932e-18,0.5,5.967017273177096e-05,-5.9670172731770954e-05,64
pre_selector,20,7,6.776263578034403e-21,5.7276169955280905e-18,5.7276169955280905e-18,0.5,3.371318052814661e-05,-3.371318052814661e-05,64
pre_selector,27,20,1.3552527156068805e-20,5.714678746274374e-18,5.714678746274374e-18,0.5,-9.347088416689062e-05,9.347088416689057e-05,64
pre_selector,21,2,2.0328790734103208e-20,5.706217861578598e-18,5.706217861578598e-18,0.5,-0.00019373955728952492,0.00019373955728952503,64
pre_selector,2,8,1.3552527156068805e-20,5.691394800674921e-18,5.691394800674921e-18,0.5,-0.0003646844925242517,0.0003646844925242517,64
pre_selector,9,13,6.776263578034403e-21,5.678848780358406e-18,5.678848780358406e-18,0.5,0.00017123243196691206,-0.0001712324319669121,64
pre_selector,17,12,3.3881317890172014e-21,5.6682868889561244e-18,5.6682868889561244e-18,0.5,-9.607860192766224e-06,9.60786019276621e-06,64
pre_selector,32,1,1.3552527156068805e-20,5.661568578402261e-18,5.661568578402261e-18,0.5,-0.0003323426753922837,0.00033234267539228367,64
pre_selector,27,28,-5.421010862427522e-20,-5.613891272278778e-18,5.613891272278778e-18,0.5,-0.002986854800838045,0.0029868548008380453,64
pre_selector,26,20,3.3881317890172014e-21,5.6017609491074656e-18,5.6017609491074656e-18,0.5,0.0002776544242806112,-0.0002776544242806112,64
pre_selector,23,17,3.3881317890172014e-21,5.584408679742318e-18,5.584408679742318e-18,0.5,2.047147654592413e-05,-2.0471476545924135e-05,64
pre_selector,27,1,1.6940658945086007e-21,5.5673291701495066e-18,5.5673291701495066e-18,0.5,-2.449067824272521e-05,2.449067824272522e-05,64
pre_selector,27,14,1.3552527156068805e-20,5.499369755450481e-18,5.499369755450481e-18,0.5,-0.0014434475069719807,0.001443447506971981,64
pre_selector,14,27,1.3552527156068805e-20,5.449369614975497e-18,5.449369614975497e-18,0.5,-0.000134586440253775,0.00013458644025377502,64
pre_selector,21,22,5.421010862427522e-20,5.444249988881779e-18,5.444249988881779e-18,0.5,-0.00020368621335364369,0.0002036862133536439,64
pre_selector,3,1,1.3552527156068805e-20,5.41154188880901e-18,5.41154188880901e-18,0.5,0.00039283235673792807,-0.000392832356737928,64
pre_selector,20,10,-3.3881317890172014e-21,-5.406490117404216e-18,5.406490117404216e-18,0.5,8.340765066350022e-05,-8.340765066350021e-05,64
pre_selector,20,29,-2.710505431213761e-20,-5.377256061210972e-18,5.377256061210972e-18,0.5,0.00041459405474597653,-0.00041459405474597653,64
pre_selector,22,28,-5.421010862427522e-20,-5.352640691077514e-18,5.352640691077514e-18,0.5,-0.00013900500198360294,0.00013900500198360327,64
pre_selector,14,0,1.6940658945086007e-21,5.331215378418048e-18,5.331215378418048e-18,0.5,-9.189831189358819e-05,9.189831189358818e-05,64
pre_selector,16,19,2.710505431213761e-20,5.3254189011560916e-18,5.3254189011560916e-18,0.5,0.0014940872497390813,-0.0014940872497390815,64
pre_selector,16,11,6.776263578034403e-21,5.320039742655377e-18,5.320039742655377e-18,0.5,-1.261347279074977e-06,1.2613472790750041e-06,64
pre_selector,25,7,4.235164736271502e-22,5.3143592010506095e-18,5.3143592010506095e-18,0.5,-1.8169350823851242e-06,1.8169350823851242e-06,64
pre_selector,14,15,-2.710505431213761e-20,-5.303553938129809e-18,5.303553938129809e-18,0.5,-0.0014584711025236187,0.0014584711025236187,64
pre_selector,14,9,6.776263578034403e-21,5.296000027725307e-18,5.296000027725307e-18,0.5,-2.6469262593309395e-05,2.646926259330938e-05,64
pre_selector,14,20,-2.0328790734103208e-20,-5.282909288640312e-18,5.282909288640312e-18,0.5,0.00037683966002077503,-0.00037683966002077503,64
pre_selector,33,4,-1.3552527156068805e-20,-5.275326852281049e-18,5.275326852281049e-18,0.5,-0.0019038673690374313,0.0019038673690374313,64
pre_selector,16,0,-3.3881317890172014e-21,-5.269221123446339e-18,5.269221123446339e-18,0.5,0.0002497363930160423,-0.0002497363930160423,64
pre_selector,3,18,2.710505431213761e-20,5.2589049623658055e-18,5.2589049623658055e-18,0.5,-0.00033127672213595003,0.0003312767221359501,64
pre_selector,13,31,4.235164736271502e-22,5.256530328045452e-18,5.256530328045452e-18,0.5,-3.685887975279441e-06,3.685887975279441e-06,64
pre_selector,4,1,5.421010862427522e-20,5.246073870460823e-18,5.246073870460823e-18,0.5,-0.00038072461029514703,0.00038072461029514714,64
pre_selector,1,12,5.421010862427522e-20,5.234053243542985e-18,5.234053243542985e-18,0.5,-0.003240319521864878,0.003240319521864878,64
pre_selector,35,9,-2.710505431213761e-20,-5.217708742217715e-18,5.217708742217715e-18,0.5,-0.0002926651068264563,0.0002926651068264562,64
pre_selector,31,21,1.6940658945086007e-21,5.216056240249613e-18,5.216056240249613e-18,0.5,-3.6961801470184376e-05,3.696180147018437e-05,64
pre_selector,23,8,-1.3552527156068805e-20,-5.2098238065182856e-18,5.2098238065182856e-18,0.5,0.0013522808840206945,-0.0013522808840206947,64
pre_selector,32,22,6.776263578034403e-21,5.20766572992455e-18,5.20766572992455e-18,0.5,0.0002518437504477276,-0.0002518437504477276,64
pre_selector,20,5,-1.3552527156068805e-20,-5.1974796738242936e-18,5.1974796738242936e-18,0.5,-0.0003267174852226249,0.00032671748522262496,64
pre_selector,32,7,-1.0842021724855044e-19,-5.1945892216083694e-18,5.1945892216083694e-18,0.5,-0.003521496135363111,0.0035214961353631103,64
pre_selector,34,22,-8.470329472543003e-22,-5.164545866103485e-18,5.164545866103485e-18,0.5,-3.4904617450583436e-05,3.4904617450583436e-05,64
pre_selector,14,6,1.3552527156068805e-20,5.115879851522077e-18,5.115879851522077e-18,0.5,4.912963458990929e-05,-4.912963458990937e-05,64
pre_selector,25,1,1.6940658945086007e-21,5.1064162925827704e-18,5.1064162925827704e-18,0.5,-0.00011181728268636951,0.00011181728268636951,64
pre_selector,10,14,2.710505431213761e-20,5.095479095170074e-18,5.095479095170074e-18,0.5,0.0003763730419450531,-0.00037637304194505317,64
pre_selector,20,9,-3.3881317890172014e-21,-5.078434167078394e-18,5.078434167078394e-18,0.5,-8.668795635457536e-05,8.668795635457534e-05,64
pre_selector,13,12,2.0679515313825692e-25,5.06053106496829e-18,5.06053106496829e-18,0.5,-2.581256569600399e-09,2.5812565696003994e-09,64
pre_selector,10,13,5.421010862427522e-20,5.05740715970862e-18,5.05740715970862e-18,0.5,0.000869999828864822,-0.000869999828864822,64
pre_selector,15,16,-3.3881317890172014e-21,-5.008466682088666e-18,5.008466682088666e-18,0.5,0.00010172606562263357,-0.00010172606562263356,64
pre_selector,27,6,-3.3881317890172014e-21,-4.963817450160849e-18,4.963817450160849e-18,0.5,-0.0003163474543725782,0.0003163474543725782,64
pre_selector,17,2,1.3552527156068805e-20,4.951991200069772e-18,4.951991200069772e-18,0.5,-7.120132795535933e-05,7.120132795535941e-05,64
pre_selector,27,13,5.421010862427522e-20,4.937768493566058e-18,4.937768493566058e-18,0.5,-0.0065731363320082545,0.0065731363320082545,64
pre_selector,22,2,2.710505431213761e-20,4.9305525349575435e-18,4.9305525349575435e-18,0.5,-0.0005515185912372334,0.0005515185912372336,64
pre_selector,0,8,-5.421010862427522e-20,-4.922218546783706e-18,4.922218546783706e-18,0.5,-0.0007263869920279779,0.0007263869920279779,64
pre_selector,20,18,-6.776263578034403e-21,-4.9219888991986945e-18,4.9219888991986945e-18,0.5,0.0006267753706197103,-0.0006267753706197103,64
pre_selector,34,11,3.3881317890172014e-21,4.913196354438717e-18,4.913196354438717e-18,0.5,-0.00011423864452806562,0.00011423864452806559,64
pre_selector,23,7,-1.0842021724855044e-19,-4.907789035985335e-18,4.907789035985335e-18,0.5,0.0013812769466312628,-0.0013812769466312633,64
pre_selector,10,5,4.235164736271502e-22,4.824230661114151e-18,4.824230661114151e-18,0.5,-2.2001821321276965e-05,2.2001821321276962e-05,64
pre_selector,20,26,6.776263578034403e-21,4.8083287929574925e-18,4.8083287929574925e-18,0.5,-6.41863571218e-05,6.418635712180001e-05,64
pre_selector,14,10,1.3552527156068805e-20,4.784649370868846e-18,4.784649370868846e-18,0.5,0.00015654180242563744,-0.00015654180242563747,64
pre_selector,2,13,1.3552527156068805e-20,4.782667501445611e-18,4.782667501445611e-18,0.5,-0.0006215454995981328,0.0006215454995981328,64
pre_selector,30,5,3.3881317890172014e-21,4.782445093650407e-18,4.782445093650407e-18,0.5,-0.00012386363550830808,0.00012386363550830808,64
pre_selector,28,17,-6.776263578034403e-21,-4.7189178322281666e-18,4.7189178322281666e-18,0.5,-0.0004213551255816108,0.00042135512558161086,64
pre_selector,35,17,-1.3552527156068805e-20,-4.717718964248766e-18,4.717718964248766e-18,0.5,-5.426354255179378e-05,5.42635425517937e-05,64
pre_selector,30,3,-1.0164395367051604e-20,-4.717525164714471e-18,4.717525164714471e-18,0.5,-0.0009387523523400648,0.0009387523523400648,64
pre_selector,23,5,2.710505431213761e-20,4.7015992367569795e-18,4.7015992367569795e-18,0.5,0.0010046049610537,-0.0010046049610536998,64
pre_selector,27,7,2.710505431213761e-20,4.670986994486689e-18,4.670986994486689e-18,0.5,-0.0011268162961641781,0.0011268162961641784,64
pre_selector,8,14,-1.6940658945086007e-21,-4.625253495057665e-18,4.625253495057665e-18,0.5,-1.518225803920573e-05,1.518225803920573e-05,64
pre_selector,22,29,-1.0842021724855044e-19,-4.613241942177129e-18,4.613241942177129e-18,0.5,-0.0008857001230353468,0.0008857001230353463,64
pre_selector,11,18,-6.776263578034403e-21,-4.59769233541717e-18,4.59769233541717e-18,0.5,4.27909162681294e-05,-4.2790916268129446e-05,64
pre_selector,9,8,6.776263578034403e-21,4.579544687473246e-18,4.579544687473246e-18,0.5,0.0003459517120063625,-0.0003459517120063625,64
pre_selector,17,28,-8.470329472543003e-22,-4.579518985668708e-18,4.579518985668708e-18,0.5,4.45963432866736e-05,-4.4596343286673615e-05,64
pre_selector,11,11,-1.3552527156068805e-20,-4.57827051345442e-18,4.57827051345442e-18,0.5,0.0003099646710325079,-0.0003099646710325079,64
pre_selector,26,14,1.3552527156068805e-20,4.558465534634885e-18,4.558465534634885e-18,0.5,7.197221293609737e-05,-7.197221293609726e-05,64
pre_selector,13,11,-2.117582368135751e-22,-4.5435637043845794e-18,4.5435637043845794e-18,0.5,1.874660766531926e-05,-1.874660766531926e-05,64
pre_selector,18,26,-2.710505431213761e-20,-4.5141677643302425e-18,4.5141677643302425e-18,0.5,0.001913853750011166,-0.001913853750011166,64
pre_selector,25,0,-6.776263578034403e-21,-4.508691066871946e-18,4.508691066871946e-18,0.5,-0.0007924127276055239,0.0007924127276055239,64
pre_selector,18,9,3.3881317890172014e-21,4.500585803341342e-18,4.500585803341342e-18,0.5,0.00044683179567071233,-0.0004468317956707124,64
pre_selector,33,2,1.6940658945086007e-21,4.490676794173611e-18,4.490676794173611e-18,0.5,-2.0104159716537792e-05,2.0104159716537792e-05,64
pre_selector,33,18,2.710505431213761e-20,4.4681648206961694e-18,4.4681648206961694e-18,0.5,-0.0007959708200360094,0.0007959708200360094,64
pre_selector,18,23,-3.3881317890172014e-21,-4.464478677359069e-18,4.464478677359069e-18,0.5,0.00019824426271951773,-0.00019824426271951773,64
pre_selector,12,21,1.6940658945086007e-21,4.460320119389492e-18,4.460320119389492e-18,0.5,-9.849039179242767e-05,9.849039179242767e-05,64
pre_selector,12,31,3.3881317890172014e-21,4.413896687898275e-18,4.413896687898275e-18,0.5,0.0001047194391503531,-0.00010471943915035312,64
pre_selector,31,25,3.3881317890172014e-21,4.411612813728963e-18,4.411612813728963e-18,0.5,-0.00014151341383695625,0.00014151341383695625,64
pre_selector,32,20,-1.6940658945086007e-21,-4.392591262283104e-18,4.392591262283104e-18,0.5,4.417781110532916e-05,-4.417781110532915e-05,64
pre_selector,5,10,5.421010862427522e-20,4.387589870728471e-18,4.387589870728471e-18,0.5,0.00019578845240175626,-0.00019578845240175616,64
pre_selector,19,6,-5.421010862427522e-20,-4.384320082355596e-18,4.384320082355596e-18,0.5,-0.0010717145923990717,0.0010717145923990717,64
pre_selector,13,0,6.776263578034403e-21,4.377596095351161e-18,4.377596095351161e-18,0.5,-0.00030475523931271844,0.0003047552393127185,64
pre_selector,18,2,-3.3881317890172014e-21,-4.366874095064502e-18,4.366874095064502e-18,0.5,-0.00013411851932687812,0.00013411851932687812,64
response_first,0,22,-4.235164736271502e-22,-4.3228547519892634e-18,4.3228547519892634e-18,0.5,1.252439903964506e-05,-1.252439903964506e-05,64
pre_selector,1,24,2.710505431213761e-20,4.3226886297587345e-18,4.3226886297587345e-18,0.5,-6.178932380863759e-05,6.178932380863754e-05,64
pre_selector,7,23,-5.421010862427522e-20,-4.279922997018726e-18,4.279922997018726e-18,0.5,0.0009409793929080441,-0.0009409793929080437,64
pre_selector,20,20,6.776263578034403e-21,4.279262863719947e-18,4.279262863719947e-18,0.5,0.00020210070579196747,-0.0002021007057919674,64
pre_selector,16,1,-1.6940658945086007e-21,-4.264968342216518e-18,4.264968342216518e-18,0.5,0.00015359103144873192,-0.00015359103144873187,64
pre_selector,5,17,2.710505431213761e-20,4.232903401504647e-18,4.232903401504647e-18,0.5,0.00038025266258045624,-0.0003802526625804562,64
pre_selector,35,28,-3.3881317890172014e-21,-4.220721993775101e-18,4.220721993775101e-18,0.5,-5.903613055123941e-05,5.90361305512394e-05,64
pre_selector,15,20,-6.776263578034403e-21,-4.219123231045083e-18,4.219123231045083e-18,0.5,-0.0003640016821009289,0.0003640016821009288,64
pre_selector,28,20,-4.235164736271502e-22,-4.193645534402096e-18,4.193645534402096e-18,0.5,-5.606851618721291e-05,5.606851618721291e-05,64
pre_selector,25,19,8.470329472543003e-22,4.1739419176946074e-18,4.1739419176946074e-18,0.5,1.934111060108829e-05,-1.934111060108829e-05,64
pre_selector,0,0,-5.421010862427522e-20,-4.150712254448639e-18,4.150712254448639e-18,0.5,-0.003671355138067159,0.0036713551380671595,64
pre_selector,19,9,-6.776263578034403e-21,-4.133809441934857e-18,4.133809441934857e-18,0.5,0.00022591145170733806,-0.0002259114517073381,64
pre_selector,11,20,-4.235164736271502e-22,-4.1213728028060725e-18,4.1213728028060725e-18,0.5,3.084881427637484e-06,-3.084881427637484e-06,64
pre_selector,17,9,5.421010862427522e-20,4.119304094346505e-18,4.119304094346505e-18,0.5,0.0026999710098607457,-0.0026999710098607457,64
pre_selector,22,21,-5.421010862427522e-20,-4.079140655534741e-18,4.079140655534741e-18,0.5,0.000151352389366369,-0.00015135238936636922,64
pre_selector,2,24,2.710505431213761e-20,4.065514451289118e-18,4.065514451289118e-18,0.5,0.0004589977543218906,-0.0004589977543218904,64
pre_selector,26,26,-5.421010862427522e-20,-4.044060520460871e-18,4.044060520460871e-18,0.5,-0.009268199359212267,0.009268199359212269,64
pre_selector,8,24,-1.3552527156068805e-20,-4.0360304672411755e-18,4.0360304672411755e-18,0.5,-0.0007822963816579282,0.0007822963816579282,64
pre_selector,26,25,-2.710505431213761e-20,-4.027747825064962e-18,4.027747825064962e-18,0.5,0.002969347460748369,-0.00296934746074837,64
pre_selector,25,23,3.3881317890172014e-21,4.0223153985069454e-18,4.0223153985069454e-18,0.5,-0.00015487905147892585,0.00015487905147892585,64
pre_selector,33,0,1.6940658945086007e-21,3.9677624498074896e-18,3.9677624498074896e-18,0.5,-0.0001140928820859644,0.0001140928820859644,64
pre_selector,18,5,2.0328790734103208e-20,3.917714166715639e-18,3.917714166715639e-18,0.5,0.0010745782092271713,-0.0010745782092271713,64
pre_selector,22,10,6.776263578034403e-21,3.899625627184355e-18,3.899625627184355e-18,0.5,-0.0005113991610414705,0.0005113991610414704,64
pre_selector,19,2,6.776263578034403e-21,3.824770742831792e-18,3.824770742831792e-18,0.5,0.0005791116491309187,-0.0005791116491309187,64
pre_selector,28,27,-8.470329472543003e-22,-3.819888002902082e-18,3.819888002902082e-18,0.5,5.188707064020752e-07,-5.188707064020752e-07,64
pre_selector,23,12,2.710505431213761e-20,3.804990061501942e-18,3.804990061501942e-18,0.5,-6.714261144225947e-05,6.714261144225936e-05,64
pre_selector,6,9,3.3881317890172014e-21,3.779450070688734e-18,3.779450070688734e-18,0.5,-0.00048667186911186515,0.00048667186911186515,64
pre_selector,23,23,-2.710505431213761e-20,-3.775201697465366e-18,3.775201697465366e-18,0.5,0.000514145685883703,-0.0005141456858837033,64
pre_selector,32,9,6.776263578034403e-21,3.734895495317981e-18,3.734895495317981e-18,0.5,-0.000462368443550075,0.00046236844355007503,64
pre_selector,19,1,-6.776263578034403e-21,-3.7118361740586296e-18,3.7118361740586296e-18,0.5,-6.796030538680831e-05,6.796030538680823e-05,64
pre_selector,11,17,1.6940658945086007e-21,3.697798581689172e-18,3.697798581689172e-18,0.5,7.117032600945504e-05,-7.117032600945505e-05,64
pre_selector,13,14,6.776263578034403e-21,3.610637123836293e-18,3.610637123836293e-18,0.5,0.0004667125776904786,-0.0004667125776904786,64
pre_selector,18,27,1.6940658945086007e-21,3.553291969201045e-18,3.553291969201045e-18,0.5,0.00022839779535385656,-0.0002283977953538566,64
pre_selector,6,20,6.776263578034403e-21,3.553272667542674e-18,3.553272667542674e-18,0.5,-7.2377590186075e-05,7.237759018607502e-05,64
pre_selector,34,19,5.421010862427522e-20,3.5382866973563164e-18,3.5382866973563164e-18,0.5,-0.008925784073653607,0.008925784073653607,64
pre_selector,18,30,2.710505431213761e-20,3.534916093951757e-18,3.534916093951757e-18,0.5,-0.000335157521476505,0.0003351575214765049,64
pre_selector,31,24,-2.710505431213761e-20,-3.466167738929647e-18,3.466167738929647e-18,0.5,0.0005669136153301249,-0.0005669136153301249,64
pre_selector,16,22,-1.3552527156068805e-20,-3.4448574180421926e-18,3.4448574180421926e-18,0.5,0.0015385554397653136,-0.0015385554397653136,64
pre_selector,16,25,-6.776263578034403e-21,-3.4367284742201034e-18,3.4367284742201034e-18,0.5,-0.00033462427381891383,0.0003346242738189139,64
pre_selector,35,14,-6.776263578034403e-21,-3.4273480645668695e-18,3.4273480645668695e-18,0.5,-0.0010048147487395755,0.0010048147487395753,64
pre_selector,22,17,1.3552527156068805e-20,3.3784995538258874e-18,3.3784995538258874e-18,0.5,-0.0009029942120832774,0.0009029942120832774,64
pre_selector,29,31,-1.6940658945086007e-21,-3.331199552272966e-18,3.331199552272966e-18,0.5,2.9588489724104173e-05,-2.9588489724104167e-05,64
pre_selector,2,26,1.3552527156068805e-20,3.321246394875762e-18,3.321246394875762e-18,0.5,-0.00028705728618661245,0.00028705728618661234,64
pre_selector,23,15,-3.3881317890172014e-21,-3.126652896448754e-18,3.126652896448754e-18,0.5,0.0003952950637540056,-0.0003952950637540056,64
pre_selector,23,14,-1.0164395367051604e-20,-3.1183503791902108e-18,3.1183503791902108e-18,0.5,0.0004916576872346761,-0.0004916576872346761,64
pre_selector,16,6,8.470329472543003e-22,3.116465097271752e-18,3.116465097271752e-18,0.5,-3.168871717207029e-05,3.1688717172070305e-05,64
pre_selector,22,30,-5.421010862427522e-20,-3.108834352282503e-18,3.108834352282503e-18,0.5,-0.001111407036660222,0.001111407036660222,64
pre_selector,19,27,-1.6940658945086007e-21,-3.1085680385204312e-18,3.1085680385204312e-18,0.5,0.00010805524243549737,-0.00010805524243549734,64
pre_selector,30,18,-6.776263578034403e-21,-3.0911673639555907e-18,3.0911673639555907e-18,0.5,-0.001187862411825316,0.001187862411825316,64
pre_selector,0,19,2.710505431213761e-20,3.0859663108768335e-18,3.0859663108768335e-18,0.5,0.001458197220927103,-0.0014581972209271033,64
pre_selector,15,7,3.3881317890172014e-21,3.0541330391647856e-18,3.0541330391647856e-18,0.5,-0.00016410071748395433,0.0001641007174839544,64
pre_selector,17,5,6.776263578034403e-21,2.978647667904651e-18,2.978647667904651e-18,0.5,0.0007670205959584388,-0.0007670205959584388,64
pre_selector,24,28,1.3552527156068805e-20,2.885407513396365e-18,2.885407513396365e-18,0.5,-0.0012591806007549084,0.0012591806007549084,64
pre_selector,19,17,1.3552527156068805e-20,2.825672221404174e-18,2.825672221404174e-18,0.5,0.00019940355559811256,-0.00019940355559811237,64
pre_selector,21,29,6.776263578034403e-21,2.8213971201498524e-18,2.8213971201498524e-18,0.5,-0.000533318916495782,0.000533318916495782,64
pre_selector,16,3,2.117582368135751e-22,2.7615201696463293e-18,2.7615201696463293e-18,0.5,2.7474118713393033e-05,-2.7474118713393033e-05,64
pre_selector,15,6,-8.470329472543003e-22,-2.6781559624962946e-18,2.6781559624962946e-18,0.5,-3.488069978630977e-05,3.488069978630976e-05,64
pre_selector,14,3,2.117582368135751e-22,2.675095870006791e-18,2.675095870006791e-18,0.5,-6.678967679361525e-06,6.678967679361525e-06,64
pre_selector,15,3,1.3552527156068805e-20,2.6185102588683912e-18,2.6185102588683912e-18,0.5,0.0006649104579992063,-0.0006649104579992062,64
pre_selector,32,11,-5.421010862427522e-20,-2.4855048187347e-18,2.4855048187347e-18,0.5,-0.0027363594854250464,0.0027363594854250464,64
pre_selector,14,2,-1.6940658945086007e-21,-2.466277849274195e-18,2.466277849274195e-18,0.5,-8.488360799674376e-05,8.488360799674375e-05,64
pre_selector,18,12,-4.235164736271502e-22,-2.4532841579112293e-18,2.4532841579112293e-18,0.5,7.4245220019966e-05,-7.424522001996601e-05,64
pre_selector,5,11,2.710505431213761e-20,2.449971569066364e-18,2.449971569066364e-18,0.5,0.0004958009812980908,-0.000495800981298091,64
pre_selector,24,25,1.3552527156068805e-20,2.3611044989314492e-18,2.3611044989314492e-18,0.5,0.00146837148349732,-0.0014683714834973203,64
pre_selector,34,21,5.421010862427522e-20,2.3360815692513852e-18,2.3360815692513852e-18,0.5,-0.007972936953592571,0.007972936953592573,64
pre_selector,25,4,-6.776263578034403e-21,-2.1556556209730476e-18,2.1556556209730476e-18,0.5,-0.0005128834418428611,0.0005128834418428611,64
pre_selector,17,25,-1.6940658945086007e-21,-2.1198387801325453e-18,2.1198387801325453e-18,0.5,0.00016352074726455758,-0.00016352074726455756,64
pre_selector,23,22,1.3552527156068805e-20,2.1004070233262877e-18,2.1004070233262877e-18,0.5,0.001989207332371715,-0.001989207332371715,64
pre_selector,10,31,1.6940658945086007e-21,2.0774586668720288e-18,2.0774586668720288e-18,0.5,7.964829728734061e-05,-7.964829728734063e-05,64
pre_selector,2,3,-1.3552527156068805e-20,-2.016924793262909e-18,2.016924793262909e-18,0.5,-0.0006357245147228187,0.0006357245147228189,64
pre_selector,31,10,6.776263578034403e-21,1.984282012662563e-18,1.984282012662563e-18,0.5,-0.0008836528140818813,0.0008836528140818814,64
pre_selector,18,28,6.776263578034403e-21,1.826646922842271e-18,1.826646922842271e-18,0.5,0.00046790910346315175,-0.0004679091034631517,64
pre_selector,9,0,8.470329472543003e-22,1.6196142093853465e-18,1.6196142093853465e-18,0.5,2.711830825320218e-05,-2.7118308253202193e-05,64
pre_selector,28,12,5.421010862427522e-20,1.5344403017093404e-18,1.5344403017093404e-18,0.5,-0.007340263051446509,0.007340263051446508,64
pre_selector,24,12,1.3552527156068805e-20,1.510624230223458e-18,1.510624230223458e-18,0.5,0.003340995594044191,-0.0033409955940441904,64
pre_selector,32,27,6.776263578034403e-21,1.46088599886238e-18,1.46088599886238e-18,0.5,0.00044365625944918746,-0.0004436562594491875,64
pre_selector,18,21,-6.776263578034403e-21,-1.4231700943947102e-18,1.4231700943947102e-18,0.5,0.0019915954253519772,-0.0019915954253519772,64
pre_selector,11,31,6.776263578034403e-21,1.2093405620494654e-18,1.2093405620494654e-18,0.5,0.0006384191292454343,-0.0006384191292454345,64
pre_selector,1,22,2.710505431213761e-20,1.1571021940353979e-18,1.1571021940353979e-18,0.5,-0.0036216010630596503,0.00362160106305965,64
pre_selector,4,23,0.0,0.0,0.0,0.5,-0.0011376636612112523,0.0011376636612112521,64
pre_selector,4,21,0.0,0.0,0.0,0.5,-0.0006050788870197658,0.0006050788870197656,64
pre_selector,4,20,0.0,0.0,0.0,0.5,-0.0005876989016542093,0.0005876989016542095,64
pre_selector,4,19,0.0,0.0,0.0,0.5,0.0008482747157359255,-0.0008482747157359255,64
pre_selector,4,18,0.0,0.0,0.0,0.5,0.0008857886350597376,-0.000885788635059738,64
pre_selector,4,15,0.0,0.0,0.0,0.5,0.000982132820354314,-0.000982132820354314,64
pre_selector,4,13,0.0,0.0,0.0,0.5,0.00044531208095578267,-0.00044531208095578256,64
pre_selector,12,8,0.0,0.0,0.0,0.5,0.0004050798233947438,-0.00040507982339474386,64
pre_selector,12,5,0.0,0.0,0.0,0.5,-1.322987807838424e-05,1.322987807838424e-05,64
pre_selector,14,23,0.0,0.0,0.0,0.5,-3.0238283216017157e-05,3.0238283216017157e-05,64
pre_selector,14,21,0.0,0.0,0.0,0.5,-6.105585225669067e-05,6.10558522566906e-05,64
pre_selector,14,19,0.0,0.0,0.0,0.5,-0.000718027695256753,0.0007180276952567532,64
pre_selector,14,17,0.0,0.0,0.0,0.5,-0.0007084610606397973,0.0007084610606397974,64
pre_selector,4,26,0.0,0.0,0.0,0.5,0.00020772444804606532,-0.00020772444804606526,64
pre_selector,4,25,0.0,0.0,0.0,0.5,0.0002596509875729617,-0.000259650987572962,64
pre_selector,11,21,0.0,0.0,0.0,0.5,1.2710124508404992e-06,-1.2710124508404992e-06,64
pre_selector,11,12,0.0,0.0,0.0,0.5,-0.00035484312138577104,0.0003548431213857711,64
pre_selector,6,4,0.0,0.0,0.0,0.5,1.2161763152185388e-06,-1.216176315218566e-06,64
pre_selector,4,22,0.0,0.0,0.0,0.5,-0.002598098406451744,0.0025980984064517434,64
pre_selector,3,14,0.0,0.0,0.0,0.5,0.0005772946112756652,-0.0005772946112756651,64
pre_selector,3,12,0.0,0.0,0.0,0.5,0.00018490655608617595,-0.00018490655608617592,64
pre_selector,18,8,0.0,0.0,0.0,0.5,0.000498867591886635,-0.0004988675918866351,64
pre_selector,18,7,0.0,0.0,0.0,0.5,0.0005148978661963857,-0.0005148978661963857,64
pre_selector,33,24,0.0,0.0,0.0,0.5,0.000488992875034442,-0.000488992875034442,64
pre_selector,11,5,0.0,0.0,0.0,0.5,5.017473498014624e-06,-5.017473498014624e-06,64
pre_selector,11,2,0.0,0.0,0.0,0.5,-0.0026230433504679093,0.0026230433504679093,64
pre_selector,26,22,0.0,0.0,0.0,0.5,-1.612983783161285e-05,1.6129837831612842e-05,64
pre_selector,26,21,0.0,0.0,0.0,0.5,6.969233709240699e-05,-6.969233709240699e-05,64
pre_selector,26,19,0.0,0.0,0.0,0.5,0.0006062893153284672,-0.0006062893153284672,64
pre_selector,26,2,0.0,0.0,0.0,0.5,-0.0002817034546751669,0.0002817034546751668,64
pre_selector,26,17,0.0,0.0,0.0,0.5,0.00017678533913566873,-0.00017678533913566873,64
pre_selector,26,16,0.0,0.0,0.0,0.5,5.7330518757219976e-05,-5.733051875721997e-05,64
pre_selector,4,8,0.0,0.0,0.0,0.5,0.000298487929285319,-0.00029848792928531884,64
pre_selector,4,7,0.0,0.0,0.0,0.5,0.001319575498200713,-0.001319575498200713,64
pre_selector,21,11,0.0,0.0,0.0,0.5,0.0009432109582121434,-0.0009432109582121435,64
pre_selector,21,9,0.0,0.0,0.0,0.5,-0.0014684129710076314,0.0014684129710076312,64
pre_selector,14,1,0.0,0.0,0.0,0.5,-3.3898861147468756e-05,3.3898861147468736e-05,64
pre_selector,11,10,0.0,0.0,0.0,0.5,2.13365433409644e-06,-2.133654334096439e-06,64
pre_selector,11,9,0.0,0.0,0.0,0.5,1.9306059986234914e-06,-1.9306059986234914e-06,64
pre_selector,11,8,0.0,0.0,0.0,0.5,5.027113320465338e-05,-5.027113320465338e-05,64
pre_selector,26,18,0.0,0.0,0.0,0.5,-0.000421613582147985,0.0004216135821479849,64
pre_selector,20,25,0.0,0.0,0.0,0.5,-6.456382288888747e-05,6.45638228888875e-05,64
pre_selector,20,24,0.0,0.0,0.0,0.5,-3.03784304378496e-07,3.03784304378496e-07,64
pre_selector,20,14,0.0,0.0,0.0,0.5,0.000528343205587582,-0.000528343205587582,64
pre_selector,4,30,0.0,0.0,0.0,0.5,-0.0013051044952590032,0.0013051044952590032,64
pre_selector,4,29,0.0,0.0,0.0,0.5,-0.00036952134723832863,0.00036952134723832863,64
pre_selector,18,16,0.0,0.0,0.0,0.5,0.0002873114044632344,-0.0002873114044632344,64
pre_selector,18,15,0.0,0.0,0.0,0.5,0.00019046814122701875,-0.0001904681412270188,64
pre_selector,18,11,0.0,0.0,0.0,0.5,0.0007192112545908204,-0.0007192112545908204,64
pre_selector,18,10,0.0,0.0,0.0,0.5,0.00019806445106950243,-0.00019806445106950246,64
pre_selector,3,13,0.0,0.0,0.0,0.5,0.0005507051178028773,-0.0005507051178028771,64
pre_selector,25,30,0.0,0.0,0.0,0.5,-0.00835699462913906,0.00835699462913906,64
pre_selector,25,29,0.0,0.0,0.0,0.5,-2.1272674530333718e-05,2.1272674530333724e-05,64
pre_selector,27,24,0.0,0.0,0.0,0.5,-0.0007097736815922032,0.0007097736815922031,64
pre_selector,28,25,0.0,0.0,0.0,0.5,-4.392676783027813e-05,4.3926767830278104e-05,64
pre_selector,9,20,0.0,0.0,0.0,0.5,-5.0636003834368e-05,5.0636003834367984e-05,64
pre_selector,9,19,0.0,0.0,0.0,0.5,-2.843573021493742e-08,2.8435730214937394e-08,64
pre_selector,9,18,0.0,0.0,0.0,0.5,-7.266213408739357e-06,7.266213408739357e-06,64
pre_selector,9,16,0.0,0.0,0.0,0.5,5.5046182524153745e-05,-5.504618252415375e-05,64
pre_selector,9,7,0.0,0.0,0.0,0.5,1.4713322116241801e-06,-1.4713322116241793e-06,64
pre_selector,9,6,0.0,0.0,0.0,0.5,4.1663212186904275e-06,-4.1663212186904275e-06,64
pre_selector,5,4,0.0,0.0,0.0,0.5,0.0002878721242041318,-0.0002878721242041317,64
pre_selector,20,30,0.0,0.0,0.0,0.5,0.0004390095928101871,-0.0004390095928101871,64
pre_selector,20,28,0.0,0.0,0.0,0.5,0.0003552477101038719,-0.0003552477101038719,64
pre_selector,20,27,0.0,0.0,0.0,0.5,5.280252662487344e-05,-5.280252662487339e-05,64
pre_selector,5,15,0.0,0.0,0.0,0.5,0.00026538525708020167,-0.00026538525708020156,64
pre_selector,5,24,0.0,0.0,0.0,0.5,0.0008529570086466316,-0.0008529570086466313,64
pre_selector,5,23,0.0,0.0,0.0,0.5,0.0011665335266570667,-0.0011665335266570665,64
pre_selector,5,20,0.0,0.0,0.0,0.5,0.0001542347968097516,-0.0001542347968097516,64
pre_selector,11,27,0.0,0.0,0.0,0.5,-4.677249307860471e-06,4.6772493078604645e-06,64
pre_selector,11,26,0.0,0.0,0.0,0.5,-2.2290245169584387e-06,2.2290245169584404e-06,64
pre_selector,11,25,0.0,0.0,0.0,0.5,-3.6418527997792036e-06,3.641852799779207e-06,64
pre_selector,4,3,0.0,0.0,0.0,0.5,2.9006529075568743e-05,-2.9006529075568824e-05,64
pre_selector,4,27,0.0,0.0,0.0,0.5,0.0009543749604290412,-0.0009543749604290412,64
pre_selector,5,3,0.0,0.0,0.0,0.5,0.0004136550314797101,-0.0004136550314797101,64
pre_selector,20,8,0.0,0.0,0.0,0.5,0.0004680783458752407,-0.00046807834587524075,64
pre_selector,5,31,0.0,0.0,0.0,0.5,0.0007574652781841099,-0.0007574652781841099,64
pre_selector,5,30,0.0,0.0,0.0,0.5,0.00017116193271249767,-0.00017116193271249767,64
pre_selector,5,28,0.0,0.0,0.0,0.5,3.589583945995529e-05,-3.5895839459955305e-05,64
pre_selector,5,27,0.0,0.0,0.0,0.5,0.0011932285488001253,-0.001193228548800126,64
pre_selector,5,25,0.0,0.0,0.0,0.5,0.0010637543746270287,-0.0010637543746270287,64
pre_selector,26,13,0.0,0.0,0.0,0.5,-5.692570266545308e-05,5.69257026654531e-05,64
pre_selector,26,7,0.0,0.0,0.0,0.5,-0.000656257067021222,0.0006562570670212221,64
pre_selector,11,23,0.0,0.0,0.0,0.5,-4.190922823000533e-06,4.1909228230005365e-06,64
pre_selector,24,4,0.0,0.0,0.0,0.5,0.00015113461631699422,-0.00015113461631699422,64
pre_selector,22,1,0.0,0.0,0.0,0.5,-0.0001089638280973375,0.00010896382809733753,64
pre_selector,0,31,0.0,0.0,0.0,0.5,0.001644510550249825,-0.0016445105502498252,64
pre_selector,0,27,0.0,0.0,0.0,0.5,-0.0013845150824636186,0.001384515082463619,64
pre_selector,22,27,0.0,0.0,0.0,0.5,1.6797716853041713e-06,-1.6797716853041722e-06,64
pre_selector,22,18,0.0,0.0,0.0,0.5,-0.00025180911916321323,0.00025180911916321323,64
pre_selector,22,15,0.0,0.0,0.0,0.5,-0.0004054577293572907,0.00040545772935729056,64
pre_selector,0,15,0.0,0.0,0.0,0.5,-2.7161261641606255e-05,2.7161261641606248e-05,64
pre_selector,23,0,0.0,0.0,0.0,0.5,-0.002128197964339053,0.002128197964339053,64
pre_selector,30,19,0.0,0.0,0.0,0.5,-5.286982786855897e-05,5.286982786855897e-05,64
pre_selector,9,28,0.0,0.0,0.0,0.5,5.587027084174564e-05,-5.587027084174564e-05,64
pre_selector,9,26,0.0,0.0,0.0,0.5,6.359136932588364e-06,-6.359136932588362e-06,64
pre_selector,9,25,0.0,0.0,0.0,0.5,0.0002565642134868514,-0.0002565642134868514,64
pre_selector,29,26,0.0,0.0,0.0,0.5,-0.004459212577785347,0.004459212577785346,64
response_first,0,28,0.0,0.0,0.0,0.5,5.288928129232318e-06,-5.288928129232318e-06,64
response_first,0,21,0.0,0.0,0.0,0.5,-3.810337034335657e-06,3.810337034335658e-06,64
pre_selector,1,4,0.0,0.0,0.0,0.5,3.6799056033544488e-06,-3.6799056033544488e-06,64
pre_selector,1,1,0.0,0.0,0.0,0.5,7.727171032456258e-05,-7.727171032456237e-05,64
pre_selector,1,0,0.0,0.0,0.0,0.5,-0.0019244776012783476,0.0019244776012783478,64
pre_selector,2,30,0.0,0.0,0.0,0.5,0.00010628731251928377,-0.0001062873125192838,64
pre_selector,9,29,0.0,0.0,0.0,0.5,1.4801693509974805e-05,-1.4801693509974805e-05,64
pre_selector,1,19,0.0,0.0,0.0,0.5,-0.0006851359867141561,0.0006851359867141565,64
pre_selector,24,0,0.0,0.0,0.0,0.5,-0.0001650041890570708,0.0001650041890570708,64
pre_selector,13,28,0.0,0.0,0.0,0.5,-8.317876563523682e-05,8.317876563523683e-05,64
pre_selector,22,13,0.0,0.0,0.0,0.5,-0.0007902959187049343,0.0007902959187049344,64
pre_selector,23,13,0.0,0.0,0.0,0.5,-0.001056868655723528,0.0010568686557235283,64
pre_selector,23,11,0.0,0.0,0.0,0.5,0.0017413619862054301,-0.0017413619862054303,64
pre_selector,23,10,0.0,0.0,0.0,0.5,0.0025170230219373284,-0.002517023021937329,64
pre_selector,16,13,0.0,0.0,0.0,0.5,4.463634923012016e-05,-4.463634923012017e-05,64
pre_selector,16,9,0.0,0.0,0.0,0.5,0.0018534234550315722,-0.001853423455031572,64
pre_selector,16,4,0.0,0.0,0.0,0.5,0.00017015735011226895,-0.00017015735011226897,64
pre_selector,17,13,0.0,0.0,0.0,0.5,-2.340565242774871e-05,2.340565242774871e-05,64
pre_selector,31,15,0.0,0.0,0.0,0.5,-0.0007845375985198186,0.0007845375985198189,64
pre_selector,24,17,0.0,0.0,0.0,0.5,0.0008406213369198524,-0.0008406213369198524,64
pre_selector,24,6,0.0,0.0,0.0,0.5,6.130062047294964e-06,-6.130062047294967e-06,64
pre_selector,0,14,0.0,0.0,0.0,0.5,0.001041773146425849,-0.001041773146425849,64
pre_selector,0,10,0.0,0.0,0.0,0.5,0.0001232822833117153,-0.00012328228331171556,64
pre_selector,0,9,0.0,0.0,0.0,0.5,-0.00015427716061822816,0.0001542771606182281,64
pre_selector,0,6,0.0,0.0,0.0,0.5,0.0009782550041563811,-0.0009782550041563813,64
pre_selector,0,2,0.0,0.0,0.0,0.5,3.729304671650244e-05,-3.729304671650244e-05,64
pre_selector,0,1,0.0,0.0,0.0,0.5,7.414625815726876e-05,-7.414625815726873e-05,64
pre_selector,17,16,0.0,0.0,0.0,0.5,0.0002750980374912534,-0.00027509803749125347,64
pre_selector,31,23,0.0,0.0,0.0,0.5,2.4581665002185728e-05,-2.4581665002185738e-05,64
pre_selector,3,8,0.0,0.0,0.0,0.5,-0.001667412958340719,0.001667412958340719,64
pre_selector,3,4,0.0,0.0,0.0,0.5,0.00021552785119639513,-0.0002155278511963954,64
pre_selector,3,31,0.0,0.0,0.0,0.5,0.00028922721730849404,-0.0002892272173084941,64
pre_selector,3,28,0.0,0.0,0.0,0.5,0.0009495365119391901,-0.0009495365119391901,64
pre_selector,3,27,0.0,0.0,0.0,0.5,0.0006762455468560946,-0.0006762455468560945,64
pre_selector,30,17,0.0,0.0,0.0,0.5,-0.012799226824427003,0.012799226824427003,64
pre_selector,30,14,0.0,0.0,0.0,0.5,-1.3953149846200713e-05,1.3953149846200705e-05,64
pre_selector,30,2,0.0,0.0,0.0,0.5,-0.0010397929436294345,0.0010397929436294345,64
response_first,0,2,0.0,0.0,0.0,0.5,-4.228642646709678e-06,4.228642646709678e-06,64
pre_selector,32,6,0.0,0.0,0.0,0.5,-0.0034593077798490274,0.003459307779849028,64
pre_selector,2,29,0.0,0.0,0.0,0.5,0.001266503299120821,-0.0012665032991208208,64
pre_selector,31,30,0.0,0.0,0.0,0.5,-0.0059726262261392375,0.0059726262261392375,64
pre_selector,31,28,0.0,0.0,0.0,0.5,-0.013095813526888373,0.013095813526888373,64
pre_selector,33,22,0.0,0.0,0.0,0.5,-0.0013176757456676428,0.0013176757456676428,64
pre_selector,33,19,0.0,0.0,0.0,0.5,-0.005076924018794653,0.005076924018794653,64
pre_selector,33,15,0.0,0.0,0.0,0.5,-0.014795223425608113,0.014795223425608111,64
pre_selector,9,4,0.0,0.0,0.0,0.5,6.473078599356086e-06,-6.473078599356086e-06,64
pre_selector,9,2,0.0,0.0,0.0,0.5,9.968376980394639e-05,-9.96837698039464e-05,64
pre_selector,30,20,0.0,0.0,0.0,0.5,-0.0021436549141071485,0.0021436549141071485,64
pre_selector,3,19,0.0,0.0,0.0,0.5,0.0002493059146218031,-0.000249305914621803,64
pre_selector,3,17,0.0,0.0,0.0,0.5,0.00014918288781018952,-0.0001491828878101895,64
pre_selector,32,0,0.0,0.0,0.0,0.5,-0.004243003269948505,0.004243003269948505,64
pre_selector,0,21,0.0,0.0,0.0,0.5,-0.0003628231443144562,0.0003628231443144564,64
pre_selector,0,16,0.0,0.0,0.0,0.5,0.0025412244285689623,-0.0025412244285689623,64
pre_selector,12,28,0.0,0.0,0.0,0.5,0.00029928670664957697,-0.0002992867066495771,64
pre_selector,25,18,0.0,0.0,0.0,0.5,-9.736383617554631e-06,9.736383617554626e-06,64
pre_selector,25,14,0.0,0.0,0.0,0.5,-0.00032138212554856253,0.0003213821255485625,64
pre_selector,25,13,0.0,0.0,0.0,0.5,3.245411767238077e-05,-3.245411767238077e-05,64
pre_selector,25,2,0.0,0.0,0.0,0.5,-1.782854678821938e-05,1.782854678821939e-05,64
pre_selector,12,3,0.0,0.0,0.0,0.5,-0.0003713062124006531,0.0003713062124006531,64
pre_selector,12,2,0.0,0.0,0.0,0.5,4.996714253022894e-06,-4.996714253022894e-06,64
pre_selector,1,7,0.0,0.0,0.0,0.5,-4.237661050865817e-05,4.237661050865817e-05,64
pre_selector,3,10,0.0,0.0,0.0,0.5,0.00012381201668177185,-0.0001238120166817719,64
pre_selector,12,26,0.0,0.0,0.0,0.5,-0.00036429868487174557,0.0003642986848717457,64
pre_selector,13,24,0.0,0.0,0.0,0.5,-8.127928003886493e-05,8.127928003886492e-05,64
pre_selector,13,21,0.0,0.0,0.0,0.5,-7.505955863959921e-06,7.505955863959921e-06,64
pre_selector,13,20,0.0,0.0,0.0,0.5,-1.4223012385628946e-05,1.4223012385628953e-05,64
pre_selector,13,19,0.0,0.0,0.0,0.5,0.0002911872888944288,-0.0002911872888944289,64
pre_selector,13,16,0.0,0.0,0.0,0.5,-3.095045212831571e-05,3.0950452128315656e-05,64
pre_selector,21,1,0.0,0.0,0.0,0.5,-1.2427062756875646e-07,1.242706275687429e-07,64
pre_selector,25,21,0.0,0.0,0.0,0.5,0.00022173164870763234,-0.00022173164870763237,64
pre_selector,17,4,0.0,0.0,0.0,0.5,0.0009588310822436874,-0.0009588310822436875,64
pre_selector,18,3,0.0,0.0,0.0,0.5,0.0002691854751901625,-0.00026918547519016263,64
pre_selector,1,5,0.0,0.0,0.0,0.5,0.0003618151677073936,-0.0003618151677073939,64
pre_selector,29,13,0.0,0.0,0.0,0.5,-0.002566729097452452,0.0025667290974524517,64
pre_selector,13,15,0.0,0.0,0.0,0.5,8.291375081624802e-06,-8.291375081624802e-06,64
pre_selector,13,9,0.0,0.0,0.0,0.5,0.0012363017958705068,-0.0012363017958705066,64
pre_selector,14,30,0.0,0.0,0.0,0.5,7.871114348743665e-05,-7.871114348743664e-05,64
pre_selector,14,26,0.0,0.0,0.0,0.5,-2.2087257548266385e-05,2.208725754826638e-05,64
pre_selector,13,6,0.0,0.0,0.0,0.5,3.423797238609439e-05,-3.423797238609439e-05,64
pre_selector,13,5,0.0,0.0,0.0,0.5,0.00011749355689971559,-0.00011749355689971556,64
pre_selector,13,4,0.0,0.0,0.0,0.5,0.00018068121607938437,-0.00018068121607938442,64
pre_selector,13,3,0.0,0.0,0.0,0.5,0.00047759480730745875,-0.00047759480730745886,64
pre_selector,24,2,0.0,0.0,0.0,0.5,-0.0002112777492584313,0.00021127774925843126,64
pre_selector,34,0,0.0,0.0,0.0,0.5,-0.002282878158439387,0.002282878158439387,64
pre_selector,33,31,0.0,0.0,0.0,0.5,-0.006924226006958606,0.006924226006958606,64
pre_selector,33,26,0.0,0.0,0.0,0.5,-4.2285770405198125e-06,4.2285770405198125e-06,64
pre_selector,7,20,0.0,0.0,0.0,0.5,1.8938153516505186e-06,-1.893815351650505e-06,64
pre_selector,7,18,0.0,0.0,0.0,0.5,5.381545474846951e-05,-5.3815454748469525e-05,64
pre_selector,10,29,0.0,0.0,0.0,0.5,0.00013463630057229453,-0.00013463630057229453,64
pre_selector,10,28,0.0,0.0,0.0,0.5,9.839222730078298e-05,-9.839222730078295e-05,64
pre_selector,16,27,0.0,0.0,0.0,0.5,4.994890321085051e-05,-4.99489032108505e-05,64
pre_selector,8,31,0.0,0.0,0.0,0.5,-1.3229510471996855e-05,1.3229510471996855e-05,64
pre_selector,8,29,0.0,0.0,0.0,0.5,-7.606168630047875e-06,7.606168630047874e-06,64
pre_selector,34,1,0.0,0.0,0.0,0.5,-0.0046284976706374254,0.004628497670637425,64
pre_selector,34,24,0.0,0.0,0.0,0.5,-1.1498230605853722e-05,1.1498230605853722e-05,64
pre_selector,34,20,0.0,0.0,0.0,0.5,-2.0298959441330174e-05,2.0298959441330174e-05,64
pre_selector,34,18,0.0,0.0,0.0,0.5,2.0700667846642776e-07,-2.0700667846642734e-07,64
pre_selector,34,17,0.0,0.0,0.0,0.5,-0.0014790231507503943,0.0014790231507503943,64
pre_selector,34,12,0.0,0.0,0.0,0.5,-9.023847542265684e-05,9.023847542265684e-05,64
pre_selector,34,10,0.0,0.0,0.0,0.5,-4.568473161725029e-05,4.568473161725032e-05,64
pre_selector,34,9,0.0,0.0,0.0,0.5,-0.0005895310932828564,0.0005895310932828564,64
pre_selector,29,11,0.0,0.0,0.0,0.5,-0.005696775573596797,0.005696775573596798,64
pre_selector,29,8,0.0,0.0,0.0,0.5,-0.0005898099398109134,0.0005898099398109133,64
pre_selector,29,7,0.0,0.0,0.0,0.5,-0.004458999239432137,0.004458999239432137,64
pre_selector,29,18,0.0,0.0,0.0,0.5,-0.0005347617370716749,0.0005347617370716748,64
pre_selector,8,12,0.0,0.0,0.0,0.5,-4.656624605559062e-05,4.656624605559064e-05,64
pre_selector,8,11,0.0,0.0,0.0,0.5,-0.0003789266411331532,0.0003789266411331532,64
pre_selector,8,6,0.0,0.0,0.0,0.5,0.00036703951082016253,-0.00036703951082016253,64
pre_selector,8,5,0.0,0.0,0.0,0.5,-1.283024724330087e-05,1.2830247243300868e-05,64
pre_selector,7,2,0.0,0.0,0.0,0.5,0.00015088309919518813,-0.00015088309919518813,64
pre_selector,7,0,0.0,0.0,0.0,0.5,4.329333887653276e-05,-4.3293338876532745e-05,64
pre_selector,35,19,0.0,0.0,0.0,0.5,-0.0021011504431953654,0.0021011504431953654,64
pre_selector,35,16,0.0,0.0,0.0,0.5,-1.0393441698468864e-06,1.039344169846866e-06,64
pre_selector,10,25,0.0,0.0,0.0,0.5,4.615248542451813e-06,-4.615248542451814e-06,64
pre_selector,10,23,0.0,0.0,0.0,0.5,-0.0005593202295130893,0.0005593202295130894,64
pre_selector,8,13,0.0,0.0,0.0,0.5,-5.17783769282947e-06,5.177837692829465e-06,64
pre_selector,2,19,0.0,0.0,0.0,0.5,-0.0006102128827478563,0.0006102128827478563,64
pre_selector,2,17,0.0,0.0,0.0,0.5,-0.0011779071355704088,0.0011779071355704088,64
pre_selector,2,15,0.0,0.0,0.0,0.5,-0.0009566357693984097,0.0009566357693984097,64
pre_selector,2,9,0.0,0.0,0.0,0.5,-0.0029219338975963096,0.0029219338975963096,64
pre_selector,31,3,0.0,0.0,0.0,0.5,-0.00119002165229175,0.00119002165229175,64
pre_selector,31,2,0.0,0.0,0.0,0.5,-0.0008142447695718114,0.0008142447695718113,64
pre_selector,31,0,0.0,0.0,0.0,0.5,-0.003342150186654169,0.0033421501866541686,64
pre_selector,30,30,0.0,0.0,0.0,0.5,6.154528091428438e-05,-6.154528091428438e-05,64
pre_selector,30,26,0.0,0.0,0.0,0.5,-0.0005466476920900955,0.0005466476920900953,64
pre_selector,12,25,0.0,0.0,0.0,0.5,-7.888525388466405e-09,7.888525388466405e-09,64
pre_selector,8,28,0.0,0.0,0.0,0.5,1.1014702252509778e-06,-1.1014702252509778e-06,64
pre_selector,12,19,0.0,0.0,0.0,0.5,1.936328953887793e-05,-1.9363289538877934e-05,64
pre_selector,23,30,0.0,0.0,0.0,0.5,-0.0026959231399814503,0.0026959231399814503,64
response_first,0,15,0.0,0.0,0.0,0.5,-9.508368350452656e-07,9.508368350452656e-07,64
pre_selector,17,26,0.0,0.0,0.0,0.5,0.0005183305738682825,-0.0005183305738682824,64
pre_selector,17,22,0.0,0.0,0.0,0.5,0.00017300771833104065,-0.00017300771833104065,64
pre_selector,17,21,0.0,0.0,0.0,0.5,4.773123350784731e-06,-4.773123350784734e-06,64
pre_selector,32,19,0.0,0.0,0.0,0.5,-6.164544447529065e-05,6.164544447529064e-05,64
pre_selector,31,7,0.0,0.0,0.0,0.5,-0.0018776292690745118,0.0018776292690745118,64
pre_selector,31,5,0.0,0.0,0.0,0.5,-0.004173593566520131,0.004173593566520132,64
pre_selector,22,5,0.0,0.0,0.0,0.5,-0.0015618912657373624,0.0015618912657373626,64
pre_selector,12,23,0.0,0.0,0.0,0.5,-9.338185827800568e-05,9.338185827800568e-05,64
pre_selector,8,26,0.0,0.0,0.0,0.5,-7.485113746952343e-05,7.485113746952344e-05,64
pre_selector,34,8,0.0,0.0,0.0,0.5,-0.00012172055357949482,0.00012172055357949476,64
pre_selector,34,6,0.0,0.0,0.0,0.5,-6.17283221799844e-05,6.172832217998438e-05,64
pre_selector,34,2,0.0,0.0,0.0,0.5,-0.006267604461754657,0.006267604461754657,64
pre_selector,28,16,0.0,0.0,0.0,0.5,-0.0004376911028884675,0.00043769110288846753,64
pre_selector,28,14,0.0,0.0,0.0,0.5,-0.00017452454449083565,0.00017452454449083568,64
pre_selector,28,6,0.0,0.0,0.0,0.5,0.00015613922369084082,-0.0001561392236908409,64
pre_selector,28,4,0.0,0.0,0.0,0.5,-1.3632467471321819e-05,1.3632467471321809e-05,64
pre_selector,27,31,0.0,0.0,0.0,0.5,-0.00012969752287971567,0.00012969752287971564,64
pre_selector,27,27,0.0,0.0,0.0,0.5,-1.3604239939000215e-06,1.3604239939000215e-06,64
pre_selector,2,20,0.0,0.0,0.0,0.5,0.0002567938447555141,-0.0002567938447555142,64
response_first,0,18,0.0,0.0,0.0,0.5,7.118369893532872e-07,-7.118369893532872e-07,64
pre_selector,1,18,0.0,0.0,0.0,0.5,-8.376883670279032e-05,8.376883670279032e-05,64
pre_selector,3,24,0.0,0.0,0.0,0.5,0.0011850798946397819,-0.0011850798946397817,64
pre_selector,21,28,0.0,0.0,0.0,0.5,0.0007928392988105704,-0.0007928392988105704,64
pre_selector,21,19,0.0,0.0,0.0,0.5,0.0008140362115227625,-0.0008140362115227625,64
pre_selector,21,13,0.0,0.0,0.0,0.5,9.500031683275715e-05,-9.500031683275717e-05,64
pre_selector,2,23,0.0,0.0,0.0,0.5,0.0004952558247168809,-0.0004952558247168808,64
pre_selector,3,21,0.0,0.0,0.0,0.5,-0.00048244261415673743,0.00048244261415673743,64
pre_selector,12,15,0.0,0.0,0.0,0.5,-5.778927243228344e-05,5.7789272432283464e-05,64
pre_selector,2,21,0.0,0.0,0.0,0.5,0.0008107761786959577,-0.0008107761786959579,64
pre_selector,27,25,0.0,0.0,0.0,0.5,0.0004451771783351334,-0.0004451771783351335,64
pre_selector,15,9,0.0,0.0,0.0,0.5,0.0003119462726317628,-0.0003119462726317628,64
pre_selector,7,30,0.0,0.0,0.0,0.5,-4.9211041186943755e-05,4.921104118694376e-05,64
pre_selector,7,27,0.0,0.0,0.0,0.5,-1.857835104600763e-05,1.857835104600761e-05,64
pre_selector,7,26,0.0,0.0,0.0,0.5,3.388108416401563e-05,-3.388108416401563e-05,64
pre_selector,35,29,0.0,0.0,0.0,0.5,0.0003585833728720812,-0.00035858337287208124,64
pre_selector,19,30,0.0,0.0,0.0,0.5,0.00044968779548069373,-0.00044968779548069373,64
pre_selector,19,25,0.0,0.0,0.0,0.5,-0.00015557004735453853,0.00015557004735453853,64
pre_selector,19,22,0.0,0.0,0.0,0.5,0.00052317156951175,-0.0005231715695117499,64
pre_selector,19,21,0.0,0.0,0.0,0.5,0.00013279060294734066,-0.00013279060294734064,64
pre_selector,6,28,0.0,0.0,0.0,0.5,-4.051889595756724e-05,4.051889595756726e-05,64
pre_selector,8,2,0.0,0.0,0.0,0.5,-1.3005558514578297e-06,1.3005558514578297e-06,64
pre_selector,6,15,0.0,0.0,0.0,0.5,-6.260539885260722e-05,6.260539885260722e-05,64
pre_selector,6,14,0.0,0.0,0.0,0.5,0.0001632379380680596,-0.0001632379380680596,64
pre_selector,6,10,0.0,0.0,0.0,0.5,-0.00012328580305619456,0.0001232858030561946,64
pre_selector,6,8,0.0,0.0,0.0,0.5,-0.00011039586661354062,0.00011039586661354063,64
pre_selector,6,6,0.0,0.0,0.0,0.5,0.0005696972657460751,-0.0005696972657460751,64
pre_selector,7,31,0.0,0.0,0.0,0.5,-4.837468986805713e-05,4.837468986805714e-05,64
pre_selector,27,8,0.0,0.0,0.0,0.5,-0.0018724943438428218,0.001872494343842822,64
pre_selector,15,30,0.0,0.0,0.0,0.5,1.2884691557245213e-05,-1.2884691557245215e-05,64
pre_selector,15,29,0.0,0.0,0.0,0.5,1.8152644656765437e-05,-1.8152644656765434e-05,64
pre_selector,15,27,0.0,0.0,0.0,0.5,-2.2275040549870872e-06,2.2275040549870872e-06,64
pre_selector,6,17,0.0,0.0,0.0,0.5,1.4271247891882232e-05,-1.4271247891882232e-05,64
pre_selector,32,25,0.0,0.0,0.0,0.5,4.4735596020465605e-05,-4.4735596020465605e-05,64
pre_selector,8,23,0.0,0.0,0.0,0.5,5.214125167214966e-07,-5.214125167214991e-07,64
pre_selector,8,18,0.0,0.0,0.0,0.5,1.5605310863966022e-05,-1.5605310863966025e-05,64
pre_selector,8,16,0.0,0.0,0.0,0.5,4.060434002895308e-05,-4.060434002895308e-05,64
pre_selector,29,5,0.0,0.0,0.0,0.5,-0.0007756150243949281,0.0007756150243949281,64
pre_selector,29,3,0.0,0.0,0.0,0.5,-0.007840141741326067,0.007840141741326067,64
pre_selector,28,30,0.0,0.0,0.0,0.5,2.441699189148192e-05,-2.4416991891481918e-05,64
pre_selector,5,14,0.0,0.0,0.0,0.5,0.00011328344771755313,-0.00011328344771755305,64
pre_selector,5,13,0.0,0.0,0.0,0.5,0.0005451315055324848,-0.0005451315055324846,64
pre_selector,5,12,0.0,0.0,0.0,0.5,-0.00043862097300005225,0.0004386209730000523,64
pre_selector,15,11,0.0,0.0,0.0,0.5,9.080783229363958e-05,-9.080783229363957e-05,64
pre_selector,5,5,0.0,0.0,0.0,0.5,-3.917135472873598e-06,3.917135472873625e-06,64
pre_selector,33,1,0.0,0.0,0.0,0.5,-0.0004545084548226389,0.0004545084548226389,64
pre_selector,32,30,0.0,0.0,0.0,0.5,-4.947674213440223e-06,4.947674213440223e-06,64
pre_selector,32,29,0.0,0.0,0.0,0.5,2.6969796635968433e-06,-2.696979663596852e-06,64
pre_selector,19,20,0.0,0.0,0.0,0.5,2.443954912223622e-05,-2.443954912223622e-05,64
pre_selector,19,16,0.0,0.0,0.0,0.5,0.00029748154338449717,-0.0002974815433844971,64
pre_selector,15,22,0.0,0.0,0.0,0.5,-0.00010052046491182412,0.00010052046491182412,64
pre_selector,15,21,0.0,0.0,0.0,0.5,5.9621668697207636e-05,-5.9621668697207636e-05,64
pre_selector,15,17,0.0,0.0,0.0,0.5,-2.1174654875722397e-05,2.1174654875722394e-05,64
pre_selector,15,12,0.0,0.0,0.0,0.5,0.0002569996377133039,-0.000256999637713304,64
pre_selector,5,9,0.0,0.0,0.0,0.5,0.0009249974391423227,-0.0009249974391423218,64
pre_selector,10,21,0.0,0.0,0.0,0.5,0.000426105441874814,-0.00042610544187481406,64
pre_selector,10,20,0.0,0.0,0.0,0.5,-0.00016644066636217186,0.00016644066636217186,64
pre_selector,10,19,0.0,0.0,0.0,0.5,-9.31607337407002e-06,9.316073374070014e-06,64
pre_selector,10,10,0.0,0.0,0.0,0.5,-0.0004428143038239681,0.0004428143038239681,64
pre_selector,10,9,0.0,0.0,0.0,0.5,-0.0013150447703082968,0.0013150447703082968,64
pre_selector,27,3,0.0,0.0,0.0,0.5,-1.7100428522124864e-06,1.7100428522124966e-06,64
pre_selector,26,29,0.0,0.0,0.0,0.5,-0.0001172383745142656,0.00011723837451426558,64
pre_selector,35,5,0.0,0.0,0.0,0.5,-0.0003661199189082312,0.0003661199189082313,64
pre_selector,35,1,0.0,0.0,0.0,0.5,3.9287903064201205e-06,-3.9287903064201205e-06,64
pre_selector,34,31,0.0,0.0,0.0,0.5,-0.0003230874692689889,0.00032308746926898896,64
pre_selector,15,24,0.0,0.0,0.0,0.5,-1.5761012264188912e-05,1.5761012264188912e-05,64
pre_selector,34,29,0.0,0.0,0.0,0.5,-0.0009025955450851673,0.0009025955450851673,64
pre_selector,34,28,0.0,0.0,0.0,0.5,-0.0012866657216363524,0.0012866657216363524,64
pre_selector,33,14,0.0,0.0,0.0,0.5,-0.004628976457752258,0.004628976457752258,64
pre_selector,33,12,0.0,0.0,0.0,0.5,-0.0009869018831522897,0.00098690188315229,64
pre_selector,33,11,0.0,0.0,0.0,0.5,-0.01231531630037349,0.01231531630037349,64
pre_selector,33,10,0.0,0.0,0.0,0.5,-0.004996132709493357,0.004996132709493356,64
pre_selector,33,8,0.0,0.0,0.0,0.5,-0.0008278399254777124,0.0008278399254777124,64
pre_selector,33,7,0.0,0.0,0.0,0.5,-0.00017671658588367826,0.0001767165858836783,64
pre_selector,35,15,0.0,0.0,0.0,0.5,-1.818266900955001e-05,1.8182669009549957e-05,64
pre_selector,35,13,0.0,0.0,0.0,0.5,0.00014221880701370323,-0.00014221880701370315,64
pre_selector,34,30,0.0,0.0,0.0,0.5,-0.002270438446430456,0.0022704384464304556,64
pre_selector,19,13,0.0,0.0,0.0,0.5,0.0037155376194277527,-0.0037155376194277522,64
pre_selector,35,26,0.0,0.0,0.0,0.5,-0.0019586214330047143,0.0019586214330047143,64
pre_selector,6,29,0.0,0.0,0.0,0.5,-0.00012487888034228185,0.00012487888034228188,64
pre_selector,7,11,0.0,0.0,0.0,0.5,5.502854855876283e-05,-5.502854855876286e-05,64
pre_selector,7,10,0.0,0.0,0.0,0.5,-3.543980528773775e-05,3.543980528773775e-05,64
pre_selector,7,9,0.0,0.0,0.0,0.5,2.859251890186325e-05,-2.8592518901863257e-05,64
pre_selector,7,8,0.0,0.0,0.0,0.5,-8.645296065879285e-05,8.645296065879286e-05,64
pre_selector,7,7,0.0,0.0,0.0,0.5,7.301742450671611e-07,-7.301742450671611e-07,64
pre_selector,7,6,0.0,0.0,0.0,0.5,-1.9778587878605087e-08,1.977858787860498e-08,64
pre_selector,7,5,0.0,0.0,0.0,0.5,7.970430476688272e-05,-7.970430476688273e-05,64
pre_selector,19,8,0.0,0.0,0.0,0.5,9.239223732037127e-05,-9.239223732037126e-05,64
pre_selector,10,6,0.0,0.0,0.0,0.5,1.4712453776153281e-05,-1.4712453776153288e-05,64
pre_selector,10,2,0.0,0.0,0.0,0.5,4.658901616493406e-05,-4.658901616493407e-05,64
pre_selector,10,1,0.0,0.0,0.0,0.5,7.2003567766000835e-06,-7.200356776600029e-06,64
pre_selector,28,22,0.0,0.0,0.0,0.5,0.0002710174449020875,-0.0002710174449020875,64
pre_selector,28,21,0.0,0.0,0.0,0.5,-0.0007609455205965516,0.0007609455205965516,64
pre_selector,28,19,0.0,0.0,0.0,0.5,-0.0006309952514129641,0.0006309952514129641,64
pre_selector,28,18,0.0,0.0,0.0,0.5,-0.0006406769944078179,0.0006406769944078179,64
pre_selector,7,16,0.0,0.0,0.0,0.5,2.5667999068410673e-06,-2.5667999068410665e-06,64
pre_selector,19,11,0.0,0.0,0.0,0.5,8.06054522399873e-05,-8.06054522399873e-05,64
pre_selector,19,10,0.0,0.0,0.0,0.5,-0.0007964218966662937,0.0007964218966662937,64
pre_selector,7,4,0.0,0.0,0.0,0.5,1.9021781777484037e-07,-1.9021781777484037e-07,64
