query_phase,layer,head,mean_active_minus_inactive,cohens_d_vs_zero,abs_cohens_d,active_preference_rate,harmful_mean,benign_mean,n
post_selector,9,11,0.007590282457385864,2.4494535410714837,2.4494535410714837,1.0,0.007834315903892232,0.007346249010879498,64
post_selector,14,11,0.010827613492438055,1.9466553327624794,1.9466553327624794,0.984375,0.00966210856131506,0.011993118423561051,64
post_selector,18,13,-0.010633151730871718,-1.9161814656621543,1.9161814656621543,0.0,-0.009471720113651778,-0.011794583348091657,64
post_selector,19,30,-0.027207835308217868,-1.894394973442443,1.894394973442443,0.0,-0.03245635371422391,-0.02195931690221182,64
post_selector,18,12,-0.011010477974195913,-1.87624771415235,1.87624771415235,0.0,-0.012032465121592346,-0.009988490826799479,64
post_selector,13,14,0.01934164216800123,1.7270829558418874,1.7270829558418874,1.0,0.019372508977539796,0.019310775358462658,64
post_selector,24,21,0.0031068745156516836,1.6527976106433122,1.6527976106433122,0.96875,0.002703036640013992,0.003510712391289376,64
post_selector,21,31,0.010709931993915197,1.651330235277371,1.651330235277371,0.984375,0.009869135566987063,0.01155072842084333,64
post_selector,16,23,0.04654209477303081,1.5726639512915865,1.5726639512915865,0.921875,0.03820243349764493,0.054881756048416684,64
post_selector,20,9,0.0020487513629631913,1.5625927538835531,1.5625927538835531,0.90625,0.0018497634373488545,0.0022477392885775277,64
post_selector,20,15,0.03416132552956693,1.4980759427207824,1.4980759427207824,0.921875,0.0287423872214276,0.039580263837706256,64
post_selector,18,15,0.031060937420988873,1.4893374498886882,1.4893374498886882,1.0,0.023516316243330906,0.038605558598646846,64
post_selector,15,5,0.0038528304139617375,1.4588152777379195,1.4588152777379195,0.96875,0.003581962140742647,0.004123698687180828,64
post_selector,17,15,0.04321818512835302,1.4428313026072734,1.4428313026072734,1.0,0.03469102362578264,0.05174534663092341,64
post_selector,19,0,-0.009911782202834686,-1.4274873266436812,1.4274873266436812,0.03125,-0.010289955011103262,-0.009533609394566113,64
post_selector,21,18,0.011502538207423594,1.407455505018633,1.407455505018633,0.984375,0.013688742867088832,0.009316333547758356,64
post_selector,16,17,-0.02188758242118633,-1.3864273829901035,1.3864273829901035,0.0,-0.02394443954108278,-0.01983072530128989,64
post_selector,9,8,0.002062153985207208,1.3555133694759016,1.3555133694759016,0.9375,0.0021503950811165295,0.0019739128892978866,64
post_selector,17,4,0.022524104395415585,1.3481308582971305,1.3481308582971305,1.0,0.01495932682882989,0.030088881962001282,64
post_selector,20,12,-0.004770840238052139,-1.3422698005796485,1.3422698005796485,0.015625,-0.005365650547901125,-0.004176029928203153,64
post_selector,9,10,0.009975322911486678,1.3231531361466635,1.3231531361466635,1.0,0.011583360195800144,0.008367285627173211,64
post_selector,19,31,0.023735680944810114,1.3175026507062362,1.3175026507062362,1.0,0.020235367672285023,0.02723599421733521,64
post_selector,23,5,0.004499657909036579,1.286394474194086,1.286394474194086,0.890625,0.003529614132276009,0.00546970168579715,64
post_selector,18,11,-0.027592063517658923,-1.2849550600821118,1.2849550600821118,0.03125,-0.033482049402664374,-0.021702077632653475,64
post_selector,19,21,-0.0028112253930884967,-1.2474257269364935,1.2474257269364935,0.09375,-0.0027301675727357715,-0.002892283213441222,64
post_selector,20,23,0.008801181291346395,1.2386315525721507,1.2386315525721507,0.953125,0.008097289508441421,0.00950507307425137,64
post_selector,24,29,0.01244022699574994,1.2215868813427908,1.2215868813427908,0.953125,0.009889210097753644,0.014991243893746235,64
post_selector,21,11,0.01168980578222541,1.205279216913231,1.205279216913231,0.921875,0.009034437462105378,0.01434517410234544,64
post_selector,19,25,0.006245348395168511,1.2000764112819935,1.2000764112819935,0.90625,0.003208844645996547,0.009281852144340475,64
post_selector,12,28,-0.0021790779455841012,-1.1858758490602441,1.1858758490602441,0.09375,-0.0020636363424273085,-0.002294519548740894,64
post_selector,12,31,0.02336648681375659,1.156520011800766,1.156520011800766,0.96875,0.023664582753553938,0.02306839087395924,64
post_selector,17,12,0.0039641811581531865,1.138716343030056,1.138716343030056,0.90625,0.0034588547787279492,0.0044695075375784255,64
post_selector,27,16,0.0026164302034885345,1.1384537893039852,1.1384537893039852,0.84375,0.0024578153970651064,0.002775045009911962,64
post_selector,26,26,0.0052090068120377985,1.1231157237404503,1.1231157237404503,0.953125,0.0027089566046924656,0.0077090570193831314,64
post_selector,24,5,0.0028273024322515525,1.1226729500128678,1.1226729500128678,0.921875,0.0028549860844577332,0.0027996187800453714,64
post_selector,15,7,0.03952603857032952,1.1174144833092565,1.1174144833092565,0.875,0.027305951196467483,0.05174612594419155,64
post_selector,14,7,0.026776819246151672,1.1117494410803435,1.1117494410803435,0.984375,0.021487458507181097,0.03206617998512225,64
post_selector,26,24,0.00275582412450599,1.110695763480518,1.110695763480518,0.96875,0.0019632966304925096,0.003548351618519471,64
post_selector,23,10,0.026511108451813883,1.0944034491451564,1.0944034491451564,0.9375,0.02441188122611487,0.02861033567751289,64
post_selector,13,13,0.0038952196709942195,1.0935687128208558,1.0935687128208558,0.984375,0.005074598468127038,0.0027158408738614,64
post_selector,18,10,-0.008685580247401911,-1.0673938529589622,1.0673938529589622,0.078125,-0.008138643112033559,-0.009232517382770263,64
post_selector,29,7,0.007231746381876255,1.0642422195149508,1.0642422195149508,0.875,0.004726213672256539,0.009737279091495972,64
post_selector,28,23,0.0030278438025561237,1.0114025388345336,1.0114025388345336,0.90625,0.0015132283806451286,0.004542459224467119,64
post_selector,33,15,0.010161089892790144,1.0099312552752597,1.0099312552752597,0.90625,0.00919782626442607,0.011124353521154217,64
post_selector,23,4,0.004442449348061878,1.0015014035136205,1.0015014035136205,0.953125,0.0031521237178821562,0.0057327749782416,64
post_selector,29,2,0.002625529316901486,0.9852968228290648,0.9852968228290648,0.890625,0.002347029892916866,0.0029040287408861063,64
post_selector,34,3,0.003946515746065384,0.9822178317774054,0.9822178317774054,0.8125,0.0011910253087989843,0.006702006183331785,64
post_selector,33,18,0.0037645792526745606,0.9821538064046171,0.9821538064046171,0.890625,0.003228358396881922,0.0043008001084672,64
post_selector,34,1,0.0012596925207617143,0.9676668129977304,0.9676668129977304,0.875,0.000895308858162004,0.0016240761833614251,64
post_selector,31,30,0.004324570943936089,0.9567535216947088,0.9567535216947088,0.9375,0.0029144823274691307,0.0057346595604030465,64
post_selector,23,30,0.009317886942881128,0.9534857328598724,0.9534857328598724,0.84375,0.0055664227402303194,0.013069351145531937,64
post_selector,31,6,0.0015014684267952976,0.9443773889603397,0.9443773889603397,0.796875,0.0011628157735685562,0.001840121080022039,64
post_selector,34,5,0.002147801158571361,0.9338249675638198,0.9338249675638198,0.78125,0.0010988052308675772,0.0031967970862751445,64
post_selector,18,8,0.010870865131437282,0.9174246951765728,0.9174246951765728,0.8125,0.009826550740399367,0.011915179522475193,64
post_selector,24,23,0.010875248606680495,0.9161463589075314,0.9161463589075314,1.0,0.011734150259144325,0.010016346954216666,64
post_selector,13,31,-0.007497275408240946,-0.9144526607851304,0.9144526607851304,0.203125,-0.007476871105609441,-0.007517679710872449,64
post_selector,22,11,0.005015763492337977,0.9096028028163633,0.9096028028163633,0.890625,0.005144474042026532,0.004887052942649421,64
post_selector,13,15,0.005966219283891363,0.9073440457374322,0.9073440457374322,0.9375,0.007033467895780585,0.0048989706720021405,64
post_selector,20,7,0.0014655119048256641,0.9067568732266408,0.9067568732266408,0.78125,0.0011306008418614404,0.0018004229677898876,64
post_selector,19,11,-0.0016635357806080381,-0.9007084942359083,0.9007084942359083,0.171875,-0.002002375334995992,-0.0013246962262200843,64
post_selector,24,7,0.0003375113559513633,0.9003280224782568,0.9003280224782568,0.78125,0.0003471447223546154,0.0003278779895481113,64
post_selector,33,10,0.0025998203309427186,0.899425813628614,0.899425813628614,0.828125,0.0006251409649848871,0.00457449969690055,64
post_selector,28,16,0.0003925016035281875,0.8992950857841114,0.8992950857841114,0.828125,0.00016994625366350223,0.0006150569533928728,64
post_selector,34,2,0.002144593363482245,0.8909310725675038,0.8909310725675038,0.796875,0.0013963253186375245,0.0028928614083269656,64
post_selector,20,29,0.020242516919097377,0.8898883845239801,0.8898883845239801,0.75,0.022109673693194033,0.01837536014500072,64
post_selector,33,30,0.0015970632975949805,0.8891427799293697,0.8891427799293697,0.84375,0.000704990929079914,0.002489135666110047,64
post_selector,32,2,0.006033974048477794,0.8683028338699043,0.8683028338699043,0.875,0.00291076137364141,0.009157186723314177,64
post_selector,29,5,0.0033074462135118327,0.862007593513488,0.862007593513488,0.84375,0.0014780257370148177,0.005136866690008846,64
post_selector,28,21,0.0017890332255774133,0.8571269936241915,0.8571269936241915,0.828125,0.0011401078882044922,0.0024379585629503344,64
post_selector,17,7,0.004577591935230855,0.8549592338175335,0.8549592338175335,0.75,0.003847287305688924,0.005307896564772787,64
post_selector,20,13,0.00657105390928333,0.8511327045008249,0.8511327045008249,0.875,0.00423067776137029,0.00891143005719637,64
post_selector,32,11,0.004448865025551602,0.8457453160826768,0.8457453160826768,0.890625,0.0037231942078505835,0.005174535843252621,64
post_selector,31,28,0.002765491273748895,0.8456121897053024,0.8456121897053024,0.765625,0.001106245086702975,0.004424737460794815,64
post_selector,20,8,0.0031965350044628957,0.8355991410769362,0.8355991410769362,0.828125,0.0035436274847597564,0.002849442524166035,64
post_selector,12,11,0.007241758925374561,0.8298293196222968,0.8298293196222968,0.90625,0.010024043433077126,0.004459474417671997,64
post_selector,34,7,0.0028809804716729247,0.8218236186006463,0.8218236186006463,0.78125,0.00231978685405918,0.003442174089286669,64
post_selector,20,21,0.010650961914507186,0.8126325405839783,0.8126325405839783,0.71875,0.01033977468614464,0.010962149142869727,64
post_selector,12,29,0.016068823196292166,0.8123020744480179,0.8123020744480179,0.984375,0.019636660221294677,0.012500986171289658,64
post_selector,14,9,0.00200861946359507,0.8059566046493549,0.8059566046493549,0.75,0.0019829074644803595,0.0020343314627097805,64
post_selector,30,27,0.0035638650679174592,0.8052957790817149,0.8052957790817149,0.90625,0.0023374845586658435,0.004790245577169075,64
post_selector,24,4,0.0007948427792143558,0.8015783180525211,0.8015783180525211,0.78125,0.001099336599509085,0.0004903489589196267,64
post_selector,14,23,0.00029735993302890573,0.7905280213478696,0.7905280213478696,0.75,0.000254792848863849,0.00033992701719396247,64
post_selector,16,2,0.0015613501054758249,0.7886776947130678,0.7886776947130678,0.953125,0.0012172411097708,0.0019054591011808497,64
post_selector,32,10,0.0016682278437655967,0.7709210982208183,0.7709210982208183,0.890625,0.0014115133017184843,0.0019249423858127093,64
post_selector,24,31,0.006878006584884114,0.7668048554695106,0.7668048554695106,0.734375,0.006695285308524017,0.007060727861244213,64
post_selector,20,0,-0.006409459048882101,-0.7655043771146264,0.7655043771146264,0.296875,-0.006241570859856407,-0.006577347237907797,64
post_selector,34,0,0.0010630719734762888,0.7615274860546598,0.7615274860546598,0.859375,0.0008755571707297074,0.0012505867762228702,64
post_selector,29,11,0.0030926455478947484,0.7609796526177282,0.7609796526177282,0.890625,0.001825851823923559,0.004359439271865937,64
post_selector,11,7,0.004084282218173002,0.7549238737887031,0.7549238737887031,0.796875,0.0038260650544543594,0.004342499381891644,64
post_selector,29,6,0.004377406899948227,0.7542744697328685,0.7542744697328685,0.78125,0.002301582397194566,0.00645323140270189,64
post_selector,24,13,0.005047951892265661,0.753534447905953,0.753534447905953,0.890625,0.0034823586538550123,0.006613545130676309,64
post_selector,15,15,0.0032497152506038795,0.7500080984959161,0.7500080984959161,0.828125,0.004197528594886484,0.0023019019063212753,64
post_selector,18,16,0.0012793822934326936,0.7446985675370104,0.7446985675370104,0.796875,0.0010307026313966855,0.0015280619554687018,64
post_selector,31,29,0.0010788567306007878,0.7337462375067689,0.7337462375067689,0.765625,0.0006172480207169248,0.00154046544048465,64
post_selector,16,22,-0.018479987978935238,-0.7318074694912915,0.7318074694912915,0.5,-0.017333402342046614,-0.019626573615823865,64
post_selector,31,31,0.0033566047168278328,0.7306986714822016,0.7306986714822016,0.78125,0.002812359987728978,0.0039008494459266884,64
post_selector,16,28,-0.005933080370596125,-0.7289785585839704,0.7289785585839704,0.28125,-0.00520913676882627,-0.006657023972365983,64
post_selector,26,27,0.0017984703008550754,0.7280700157108709,0.7280700157108709,0.875,0.0020624328208213778,0.001534507780888772,64
post_selector,21,8,0.003309189054561976,0.7270685373412761,0.7270685373412761,0.78125,0.003558867618266922,0.0030595104908570313,64
response_mean,24,12,0.0022084466818341458,0.7209871245816553,0.7209871245816553,0.78125,0.0018395635452179379,0.0025773298184503537,64
post_selector,33,16,0.00274487134811348,0.7174602905926611,0.7174602905926611,0.890625,0.0008269103309430293,0.004662832365283931,64
post_selector,17,13,0.0034127530852856337,0.7174508043632395,0.7174508043632395,0.765625,0.0025440629979129655,0.004281443172658301,64
post_selector,13,24,0.0006682668231405532,0.7165813735056565,0.7165813735056565,0.8125,0.0005445432079795542,0.000791990438301552,64
post_selector,16,25,0.0027256714092800138,0.7052970646809156,0.7052970646809156,0.75,0.0036819942179135714,0.0017693486006464558,64
post_selector,21,10,0.0023481038861063756,0.7047601615210684,0.7047601615210684,0.796875,0.0016631845974188568,0.003033023174793894,64
post_selector,18,30,0.014876089015160649,0.7039134320623316,0.7039134320623316,0.859375,0.007555893578682999,0.0221962844516383,64
post_selector,32,3,0.004083266832822083,0.7008286515144656,0.7008286515144656,0.828125,0.002737437524046954,0.005429096141597213,64
post_selector,20,1,0.00244072107034297,0.7008064852887862,0.7008064852887862,0.703125,0.0027566970493353247,0.0021247450913506145,64
post_selector,29,0,0.0075534677052928306,0.7002765804226851,0.7002765804226851,0.765625,0.0033644713985267936,0.011742464012058867,64
post_selector,12,1,0.0058857359617831995,0.6994939411384018,0.6994939411384018,0.640625,0.005364184304198703,0.006407287619367695,64
post_selector,31,7,0.0009363977487737072,0.695369492774835,0.695369492774835,0.859375,0.0006773928671463802,0.0011954026304010345,64
post_selector,23,23,0.0018257115734740955,0.6931269264448822,0.6931269264448822,0.671875,0.0014177428092807547,0.002233680337667436,64
response_mean,24,14,0.0030850508915136543,0.6930429782720491,0.6930429782720491,0.75,0.0015782319269419367,0.004591869856085371,64
post_selector,15,8,0.0024897112998587267,0.6923931868456654,0.6923931868456654,0.78125,0.0018350779573665758,0.0031443446423508777,64
post_selector,20,31,-0.010062600664241462,-0.6921090282826016,0.6921090282826016,0.40625,-0.009936183039826556,-0.010189018288656366,64
post_selector,12,22,-0.0005692936410923416,-0.6919349937315137,0.6919349937315137,0.234375,-0.0005687644807039472,-0.0005698228014807359,64
post_selector,12,15,0.010592775741315546,0.6913433978368092,0.6913433978368092,0.6875,0.01247307713492771,0.008712474347703385,64
post_selector,18,2,0.0012781698692378716,0.6905982069410852,0.6905982069410852,0.828125,0.0009231246840499527,0.0016332150544257906,64
post_selector,23,31,0.003266367987635013,0.6896988893905511,0.6896988893905511,0.625,0.003786777442655857,0.002745958532614168,64
post_selector,30,25,0.0010818836103680535,0.6885171162163425,0.6885171162163425,0.875,0.0010340893832107717,0.0011296778375253353,64
post_selector,33,19,0.003780323819228194,0.6873105264424906,0.6873105264424906,0.734375,0.001444858382456,0.0061157892560003875,64
post_selector,31,14,0.002276851271744787,0.6737115435372033,0.6737115435372033,0.78125,0.001694744880296621,0.0028589576631929533,64
post_selector,27,18,0.0009806150446820274,0.6734302828915675,0.6734302828915675,0.796875,0.0001765202905516982,0.0017847097988123563,64
post_selector,16,11,0.0005181493852432873,0.6719238751969522,0.6719238751969522,0.703125,0.00045394133849184303,0.0005823574319947316,64
post_selector,33,13,0.0021048808630439123,0.6714325275535094,0.6714325275535094,0.84375,0.0015233260892273126,0.0026864356368605123,64
post_selector,11,22,0.0007257015500385822,0.66823008804964,0.66823008804964,0.53125,0.0008306086928086955,0.0006207944072684688,64
post_selector,16,4,0.0017954233189811553,0.6671805829360159,0.6671805829360159,0.875,0.0014667778250440828,0.002124068812918228,64
post_selector,10,24,0.003070520049732282,0.6666550715980362,0.6666550715980362,0.640625,0.0036097784868616015,0.0025312616126029626,64
post_selector,32,0,0.0020747164981002875,0.6666030469259309,0.6666030469259309,0.8125,0.0010495589776837564,0.0030998740185168186,64
post_selector,24,15,0.0018390549357718317,0.6647231185223607,0.6647231185223607,0.75,0.002117826334142564,0.0015602835374010993,64
post_selector,11,15,0.0028521534295577753,0.6607456199643038,0.6607456199643038,0.78125,0.001973981819901354,0.0037303250392141966,64
post_selector,15,6,0.007088629132340409,0.6531705948105121,0.6531705948105121,0.640625,0.0051148488819307975,0.009062409382750023,64
post_selector,26,16,0.0007593894397359543,0.6527520880089377,0.6527520880089377,0.703125,0.0008551321516278817,0.000663646727844027,64
post_selector,29,12,0.0011524165474838567,0.6516018628856031,0.6516018628856031,0.71875,0.0005631866224575557,0.001741646472510158,64
post_selector,34,29,0.0009399415084771837,0.651091607756568,0.651091607756568,0.671875,7.044860103632782e-05,0.0018094344159180395,64
post_selector,33,29,0.0015838811905268526,0.6510283290202715,0.6510283290202715,0.765625,0.0003986479005106822,0.002769114480543023,64
post_selector,33,9,0.0013373275533012784,0.6499707124508807,0.6499707124508807,0.703125,0.0005069023991382068,0.0021677527074643503,64
post_selector,0,2,-0.0016997093830468661,-0.6496281721092914,0.6496281721092914,0.5,-0.0011504048306960634,-0.002249013935397669,64
post_selector,16,21,0.0025784926237974936,0.6448701005249281,0.6448701005249281,0.65625,0.002422992420179068,0.002733992827415919,64
post_selector,24,0,0.00022056521413558742,0.6446528460136002,0.6446528460136002,0.671875,0.00017139346687143668,0.00026973696139973816,64
post_selector,32,5,0.0013688662002095666,0.6443158034815052,0.6443158034815052,0.875,0.00037346894623622074,0.0023642634541829128,64
post_selector,0,22,-4.903368869689255e-05,-0.634027797613214,0.634027797613214,0.5,-4.343545936078911e-05,-5.463191803299599e-05,64
post_selector,33,17,0.0022665448523184464,0.633369205677023,0.633369205677023,0.796875,0.00018189873662775928,0.004351190968009134,64
post_selector,22,22,0.0005732896804601878,0.6281795542203349,0.6281795542203349,0.796875,0.0006363780353239748,0.0005102013255964008,64
response_mean,26,26,0.003370119670307742,0.6229868716885568,0.6229868716885568,0.75,0.002385430024332896,0.004354809316282588,64
response_mean,26,20,0.0001867589986090716,0.6222576094138377,0.6222576094138377,0.75,0.00019661127566903257,0.00017690672154911067,64
post_selector,11,5,0.00038257632479597834,0.6221147313941601,0.6221147313941601,0.625,0.00045910143330727977,0.00030605121628467686,64
post_selector,12,30,0.009527510768748436,0.619538362274623,0.619538362274623,0.828125,0.011243914537772029,0.007811106999724843,64
post_selector,29,3,0.004369289290480057,0.617542223563674,0.617542223563674,0.734375,0.0008857019711285792,0.007852876609831534,64
post_selector,31,4,0.0022211539180716205,0.6150546114091269,0.6150546114091269,0.84375,0.000833788228192125,0.003608519607951116,64
response_mean,26,27,0.002059309295191239,0.6141880017934342,0.6141880017934342,0.84375,0.001273515896627924,0.002845102693754554,64
response_mean,23,30,0.002619662379856868,0.6107414189060771,0.6107414189060771,0.75,0.0008369099568881176,0.004402414802825619,64
post_selector,28,19,0.0006625779974455978,0.6067836139036299,0.6067836139036299,0.71875,0.0003483656882963206,0.0009767903065948749,64
post_selector,0,26,0.003601849437472992,0.606167625232905,0.606167625232905,0.5,0.0033968898787861625,0.003806808996159822,64
post_selector,10,25,0.0009961810073946145,0.6036715979972131,0.6036715979972131,0.609375,0.001221755828737509,0.0007706061860517197,64
post_selector,29,9,0.0038600424250034597,0.6023907036474712,0.6023907036474712,0.703125,0.002998162282892719,0.004721922567114199,64
post_selector,14,20,0.0008876772956227727,0.6013605653169418,0.6013605653169418,0.515625,0.0009732224025356035,0.0008021321887099417,64
post_selector,15,9,0.0007905470954483151,0.6003665794662728,0.6003665794662728,0.828125,0.0004553203425530005,0.0011257738483436298,64
post_selector,34,31,0.0010444755707794508,0.5975281765738254,0.5975281765738254,0.65625,0.00010458483484400405,0.001984366306714898,64
post_selector,11,28,0.00044659845235627704,0.5953777809683396,0.5953777809683396,0.5,0.0004939830050716314,0.00039921389964092267,64
post_selector,35,28,0.0004962389866704886,0.5946960273373637,0.5946960273373637,0.734375,0.00033117973725892044,0.0006612982360820567,64
post_selector,27,15,0.0005922744430790557,0.5937893067206683,0.5937893067206683,0.71875,-0.00014368995471158245,0.0013282388408696936,64
post_selector,28,0,0.006644731154665339,0.5929295800124598,0.5929295800124598,0.59375,0.005062494892626994,0.008226967416703684,64
post_selector,11,4,0.002170228499380742,0.5888486589420941,0.5888486589420941,0.671875,0.0023721280376776,0.001968328961083883,64
response_mean,23,10,0.0050028857585857345,0.5873348449822781,0.5873348449822781,0.703125,0.0020156548343947998,0.00799011668277667,64
post_selector,33,11,0.0026137733202631092,0.5869064057446816,0.5869064057446816,0.734375,0.00011961855489061874,0.0051079280856356005,64
post_selector,33,12,0.003044404431420807,0.5856929353364798,0.5856929353364798,0.875,0.0028672813714365085,0.003221527491405106,64
post_selector,14,29,0.0004720102770079285,0.5815491101205107,0.5815491101205107,0.546875,0.0006124594683569576,0.0003315610856588994,64
response_mean,24,31,0.0009741389401369581,0.5778216515467229,0.5778216515467229,0.78125,0.0004340917266745176,0.0015141861535993982,64
post_selector,32,7,0.0035456717796477875,0.5770635258489758,0.5770635258489758,0.796875,0.0019451373555057034,0.0051462062037898725,64
post_selector,4,25,0.005777507307357152,0.5737843052370742,0.5737843052370742,0.59375,0.0075966699805576215,0.003958344634156681,64
post_selector,24,30,0.0010113854605151248,0.573187086458203,0.573187086458203,0.859375,0.0014009090918988983,0.0006218618291313515,64
post_selector,31,15,0.0029819743813277195,0.5717524218849181,0.5717524218849181,0.75,0.002712825255002811,0.0032511235076526277,64
post_selector,16,13,0.0014316267206595336,0.5700310284096762,0.5700310284096762,0.6875,0.0018813668029906356,0.0009818866383284315,64
post_selector,33,31,0.0009609738208382473,0.5696628651907152,0.5696628651907152,0.6875,-0.00029909792647229614,0.0022210455681487907,64
post_selector,20,20,0.0014921991587470854,0.5647718708953209,0.5647718708953209,0.640625,0.0012298868605284876,0.0017545114569656828,64
post_selector,29,13,0.0004617140696154614,0.5645050972754455,0.5645050972754455,0.734375,0.00029822257192789936,0.0006252055673030234,64
post_selector,0,17,0.006515831461911146,0.5637014245481227,0.5637014245481227,0.515625,0.009614638061975699,0.003417024861846592,64
post_selector,0,13,0.006158383926958761,0.561762602852792,0.561762602852792,0.6875,0.007546086271759098,0.0047706815821584245,64
post_selector,21,29,0.0005188208733670565,0.5616930014069759,0.5616930014069759,0.75,0.0008395953100261725,0.00019804643670794062,64
post_selector,28,1,0.003395342215299008,0.5616281538523382,0.5616281538523382,0.71875,0.001849796539318044,0.004940887891279973,64
post_selector,30,8,0.001451862362046058,0.560662531905599,0.560662531905599,0.78125,0.0009688701484264975,0.0019348545756656189,64
post_selector,20,2,0.002044589916295064,0.559536802939176,0.559536802939176,0.65625,0.0031916129246382964,0.000897566907951831,64
post_selector,14,26,0.000234483901522234,0.5591139922253127,0.5591139922253127,0.71875,0.0001480884147895147,0.0003208793882549532,64
post_selector,19,9,0.001667398952122306,0.5581259908681138,0.5581259908681138,0.59375,0.0014037291548447532,0.0019310687493998594,64
post_selector,24,28,0.001892630527436258,0.5570377255455965,0.5570377255455965,0.640625,0.0028049558750353467,0.000980305179837169,64
post_selector,34,13,0.00015664926229417826,0.555018979985962,0.555018979985962,0.6875,0.00024100869882201368,7.22898257663428e-05,64
post_selector,9,9,-0.0057403146001888655,-0.5532104191779543,0.5532104191779543,0.5,-0.0057675393545650756,-0.005713089845812657,64
post_selector,5,2,0.004858338128542508,0.5520311687576225,0.5520311687576225,0.6875,0.003164131252560744,0.0065525450045242715,64
post_selector,22,20,0.0024563574843341355,0.5501765499008362,0.5501765499008362,0.546875,0.0011917033334611937,0.0037210116352070777,64
post_selector,29,15,0.0003847991663405811,0.5463337569408443,0.5463337569408443,0.703125,1.1693414762699208e-05,0.0007579049179184629,64
post_selector,18,4,0.0011908928972843371,0.5458590030930677,0.5458590030930677,0.734375,0.0006368926842696891,0.0017448931102989852,64
post_selector,14,10,0.0018446795565978285,0.5434082755915746,0.5434082755915746,0.65625,0.0017779219415387936,0.0019114371716568634,64
post_selector,18,27,0.0012996922350794024,0.5393240051720861,0.5393240051720861,0.6875,0.0012116760535718473,0.0013877084165869577,64
response_mean,26,24,0.0014236889323910572,0.5391588170063029,0.5391588170063029,0.796875,0.001947540842593276,0.0008998370221888387,64
post_selector,20,30,0.0028452744172681992,0.5350019041651413,0.5350019041651413,0.734375,0.002517974444344831,0.0031725743901915675,64
post_selector,17,14,-0.004118993958400086,-0.534729483511283,0.534729483511283,0.359375,-0.004406908359669616,-0.0038310795571305564,64
post_selector,11,30,0.0006392698196577788,0.534453215083835,0.534453215083835,0.5,0.00068339023300722,0.0005951494063083376,64
post_selector,11,6,0.0007243844042932125,0.5329413412814237,0.5329413412814237,0.703125,0.0006492207830888005,0.0007995480254976247,64
post_selector,31,5,0.003441189212026054,0.5291115498303394,0.5291115498303394,0.765625,0.002210262297012367,0.00467211612703974,64
post_selector,25,9,0.0002639121918264,0.5261011194029677,0.5261011194029677,0.765625,0.0004519563790381366,7.586800461466347e-05,64
post_selector,31,3,0.0012451109068933664,0.5247832821888072,0.5247832821888072,0.703125,0.00101305076532297,0.0014771710484637623,64
post_selector,20,28,-0.0045640008411282785,-0.524686762925901,0.524686762925901,0.375,-0.0016987213166430562,-0.0074292803656134995,64
post_selector,11,29,0.00046073118369347875,0.5227952802626783,0.5227952802626783,0.6875,0.0006418292075522666,0.00027963315983469084,64
post_selector,25,10,0.0016387495452363336,0.5217697423409494,0.5217697423409494,0.734375,0.002892332859119028,0.00038516623135363925,64
post_selector,33,28,0.0008836494571369007,0.5210413547313817,0.5210413547313817,0.765625,-5.2347482778723444e-05,0.001819646397052525,64
post_selector,13,23,0.00010793540552354796,0.5184907229123027,0.5184907229123027,0.71875,0.00011528495483047012,0.00010058585621662577,64
post_selector,24,14,0.001554158281578542,0.5172373994218075,0.5172373994218075,0.75,0.0008957686695793939,0.0022125478935776906,64
post_selector,18,22,-0.0022126343792478816,-0.5150549147145606,0.5150549147145606,0.25,-0.0013523242523660745,-0.003072944506129688,64
post_selector,13,19,0.0029275114809479068,0.5142493736290812,0.5142493736290812,0.875,0.002751334469849061,0.003103688492046753,64
response_mean,24,29,0.001034760754237124,0.5128715166729787,0.5128715166729787,0.671875,8.120720076475763e-05,0.0019883143077094904,64
post_selector,13,20,0.00021802079322695377,0.5110302195518986,0.5110302195518986,0.5625,0.00023047248714644917,0.00020556909930745832,64
post_selector,29,4,0.00077289827640923,0.5109364756978365,0.5109364756978365,0.703125,0.00042568243952699383,0.0011201141132914662,64
post_selector,32,8,0.0030963932804297313,0.5101308234588914,0.5101308234588914,0.859375,0.002857279298041225,0.0033355072628182374,64
post_selector,9,4,0.00043387247910686765,0.5100539133308483,0.5100539133308483,0.5,0.000474370219308179,0.00039337473890555625,64
post_selector,11,24,0.005463284836878281,0.5099740151096067,0.5099740151096067,0.703125,0.004264139592123665,0.006662430081632897,64
post_selector,12,18,-0.00360187596015747,-0.5076458568063309,0.5076458568063309,0.34375,-0.0033376489736838127,-0.0038661029466311283,64
post_selector,16,20,-0.0007434282661051648,-0.5072389854377147,0.5072389854377147,0.34375,-0.0005088172474643089,-0.0009780392847460206,64
post_selector,24,8,0.003720742126461098,0.5054982008021895,0.5054982008021895,0.734375,0.0026425691758049374,0.00479891507711726,64
post_selector,17,20,-0.0005080945011286356,-0.5050764272497736,0.5050764272497736,0.328125,-0.00048634576342008703,-0.0005298432388371843,64
post_selector,28,3,0.0060244375226829955,0.5038435585028196,0.5038435585028196,0.5625,0.003876649065205122,0.008172225980160869,64
post_selector,25,6,0.00032193002812162244,0.5030754417979834,0.5030754417979834,0.703125,0.0003004640957442255,0.0003433959604990194,64
post_selector,22,21,-0.000378763935259465,-0.5023251416309493,0.5023251416309493,0.265625,-0.00037670935671482746,-0.00038081851380410256,64
post_selector,18,1,-0.002704230508243197,-0.5013227702425507,0.5013227702425507,0.453125,-0.003365992415638181,-0.0020424686008482127,64
post_selector,22,4,0.0016799412969703375,0.5007574445542886,0.5007574445542886,0.671875,0.002435300244542275,0.0009245823493984,64
post_selector,17,1,-0.0110496440611314,-0.496481991961584,0.496481991961584,0.5,-0.006350763986120003,-0.015748524136142795,64
post_selector,30,11,0.002542818320762282,0.4964239859599803,0.4964239859599803,0.8125,0.0026037513653136375,0.002481885276210926,64
post_selector,11,19,0.0006012554636072328,0.49561938486403256,0.49561938486403256,0.5,0.0007270884834724655,0.00047542244374200004,64
post_selector,22,23,0.00015676577370980652,0.4955143831238708,0.4955143831238708,0.78125,0.00017135162539714155,0.00014217992202247148,64
response_mean,26,18,0.0018553487907411027,0.4935535298974641,0.4935535298974641,0.6875,0.0009076082928913812,0.0028030892885908243,64
post_selector,15,19,-0.0020232465867593306,-0.49336933949499423,0.49336933949499423,0.375,-0.0020435640253708602,-0.002002929148147801,64
final_prompt,26,26,0.00214831945231707,0.49330477823132796,0.49330477823132796,0.671875,0.0026762253219203558,0.0016204135827137844,64
post_selector,11,0,0.002863218833226702,0.49278375564814214,0.49278375564814214,0.671875,0.002157155868189866,0.0035692817982635374,64
response_mean,24,13,0.0013794137678360035,0.4920949481588515,0.4920949481588515,0.6875,0.00014296826793726766,0.0026158592677347392,64
post_selector,23,6,0.0011629769678620427,0.4900771047433937,0.4900771047433937,0.640625,0.0008002122831385295,0.0015257416525855559,64
post_selector,12,23,0.0008319049825331575,0.4883664398251321,0.4883664398251321,0.5,0.0007594149019496437,0.0009043950631166715,64
response_mean,24,15,0.0008181727939699898,0.48535009672613183,0.48535009672613183,0.65625,0.00039122583507377725,0.0012451197528662024,64
post_selector,21,27,-0.0013646052684634716,-0.4848894208872788,0.4848894208872788,0.28125,-0.0015381640696432255,-0.0011910464672837172,64
post_selector,28,2,0.00636253700213274,0.48453619188246716,0.48453619188246716,0.546875,0.006218564114533354,0.006506509889732125,64
post_selector,21,24,-0.0010593357274046743,-0.48433116143951815,0.48433116143951815,0.34375,-0.0007620045798830563,-0.0013566668749262923,64
post_selector,6,5,0.0013408360828179723,0.4828767196182877,0.4828767196182877,0.640625,0.0014906029100529687,0.0011910692555829757,64
post_selector,22,17,0.0006332585508061843,0.4824671097752895,0.4824671097752895,0.734375,0.0004967238874087157,0.0007697932142036531,64
response_mean,24,11,0.00029035942588960496,0.48226244532402773,0.48226244532402773,0.703125,1.2913759064765077e-05,0.0005678050927144448,64
post_selector,34,19,0.0012743487104671528,0.4815333180886634,0.4815333180886634,0.609375,-0.00019180064919053884,0.0027404980701248444,64
post_selector,18,6,0.0017135831476480013,0.48011485535118675,0.48011485535118675,0.71875,0.002441711825667853,0.0009854544696281495,64
post_selector,23,3,0.00010578624846855828,0.48007584913241674,0.48007584913241674,0.625,0.00015076127783683865,6.08112191002779e-05,64
post_selector,19,2,0.003086730706854705,0.4798467402509301,0.4798467402509301,0.671875,0.0044132267867098285,0.0017602346269995812,64
post_selector,29,8,0.0009400605640621295,0.479478033905971,0.479478033905971,0.765625,-8.403373612964727e-05,0.0019641548642539064,64
post_selector,30,24,0.0005057836328887619,0.47911789403351235,0.47911789403351235,0.609375,-0.00018954964980364786,0.0012011169155811715,64
post_selector,33,14,0.0034117553532268764,0.47803228530647157,0.47803228530647157,0.84375,0.003746924172446559,0.0030765865340071936,64
post_selector,21,20,0.0012397208702168137,0.47788253190215213,0.47788253190215213,0.734375,0.001112097452278225,0.0013673442881554025,64
post_selector,23,9,-0.002031428950431279,-0.4776298408715579,0.4776298408715579,0.34375,-5.909329047427313e-05,-0.004003764610388284,64
post_selector,17,17,0.004098989607882677,0.47698773698146724,0.47698773698146724,0.6875,0.006335615878924715,0.0018623633368406384,64
post_selector,10,14,-0.0030185110517777416,-0.4766469703543971,0.4766469703543971,0.390625,-0.0029729744856012937,-0.0030640476179541907,64
post_selector,33,20,0.0023302382178371607,0.47479084077799705,0.47479084077799705,0.703125,-2.0451134332678117e-05,0.0046809275700070005,64
post_selector,19,10,0.006330480799078929,0.4701296227787578,0.4701296227787578,0.578125,0.005142152833286665,0.007518808764871194,64
post_selector,21,9,0.006194648361997667,0.4679830569742408,0.4679830569742408,0.609375,0.004447938146768129,0.007941358577227206,64
post_selector,17,27,0.006306736646365598,0.46482566246825885,0.46482566246825885,0.640625,0.0035708329887711395,0.009042640303960054,64
post_selector,22,5,0.0015365004783234075,0.46269654736044136,0.46269654736044136,0.6875,0.000982931429462022,0.0020900695271847927,64
response_mean,25,10,0.003298519793815987,0.4626934281783982,0.4626934281783982,0.71875,0.003555448151473662,0.0030415914361583123,64
post_selector,20,3,-0.0017237482570635523,-0.4600232198964898,0.4600232198964898,0.390625,-0.0007434611543430922,-0.0027040353597840125,64
post_selector,30,9,0.0011817726199296564,0.45600281353300615,0.45600281353300615,0.796875,0.0012646697468880759,0.0010988754929712374,64
response_mean,26,25,-0.0014811889882366638,-0.45524066486712056,0.45524066486712056,0.3125,-0.00017580711846676856,-0.002786570858006559,64
post_selector,22,2,0.0015371149274869594,0.45348912012255155,0.45348912012255155,0.6875,0.0008253964188042811,0.0022488334361696373,64
response_mean,26,31,0.002504085183772963,0.45065524047460576,0.45065524047460576,0.671875,-0.00028701841529255555,0.005295188782838481,64
post_selector,13,16,0.002032496057836382,0.45027686886265206,0.45027686886265206,0.671875,0.0020500738173723065,0.0020149182983004573,64
final_prompt,24,29,0.0001555081404376178,0.44958292765944596,0.44958292765944596,0.703125,6.161108262858474e-05,0.0002494051982466509,64
post_selector,26,22,9.111726888020307e-05,0.44889594664155674,0.44889594664155674,0.84375,4.40274545780855e-05,0.00013820708318232065,64
post_selector,16,8,0.0004995160566068169,0.44800248692567446,0.44800248692567446,0.5,0.0005117530299685407,0.00048727908324509313,64
post_selector,8,24,-0.0018734236509771974,-0.4469079685893193,0.4469079685893193,0.453125,-0.002829859913617825,-0.0009169873883365697,64
post_selector,32,9,0.0011452702747192138,0.4465797156282421,0.4465797156282421,0.625,0.0010071597680507624,0.0012833807813876657,64
post_selector,12,27,0.000520822662110721,0.44236897611164777,0.44236897611164777,0.5625,0.00048675758444003504,0.0005548877397814069,64
post_selector,32,1,0.0005126692503836024,0.441099971525483,0.441099971525483,0.6875,-1.3229044270708035e-05,0.0010385675450379126,64
post_selector,18,24,0.003439686643105228,0.4381833563969371,0.4381833563969371,0.53125,0.004095474367204569,0.0027838989190058874,64
post_selector,6,29,-0.0014532617433360437,-0.4377619168694156,0.4377619168694156,0.421875,-0.0018464670902176219,-0.0010600563964544658,64
final_prompt,24,31,0.00015600478536724238,0.43738352129883545,0.43738352129883545,0.625,-4.396675194577938e-06,0.0003164062459290627,64
post_selector,25,30,0.003866358689265328,0.4357808834029177,0.4357808834029177,0.5,0.004047634385642603,0.003685082992888053,64
post_selector,15,29,-0.0004327683500377909,-0.4353285630200969,0.4353285630200969,0.359375,-0.0005962804771115558,-0.0002692562229640258,64
post_selector,16,15,-0.0019228296532674016,-0.4347272979508075,0.4347272979508075,0.5,-0.0015302801512007218,-0.002315379155334081,64
post_selector,7,26,0.0005761898519267471,0.434665238868422,0.434665238868422,0.59375,0.0006848987359262459,0.0004674809679272485,64
post_selector,21,6,-0.0005865663888471213,-0.43302193231414615,0.43302193231414615,0.375,-0.0002629141526995291,-0.0009102186249947135,64
post_selector,10,7,0.0037344054217101127,0.43273314582775463,0.43273314582775463,0.5,0.003993147896835584,0.0034756629465846414,64
post_selector,31,13,0.0032704761370041247,0.43236752417051577,0.43236752417051577,0.796875,-9.46882755671559e-06,0.0065504211015649655,64
response_mean,21,18,0.0021612634238863224,0.4319316267720829,0.4319316267720829,0.671875,0.0009765998382818017,0.0033459270094908433,64
final_prompt,26,24,0.00044119437939114833,0.43180484420606213,0.43180484420606213,0.671875,0.000573749080558614,0.0003086396782236827,64
post_selector,31,20,0.0030214281241569526,0.4315245046231084,0.4315245046231084,0.59375,0.0019789791840594314,0.004063877064254474,64
post_selector,33,23,0.0016265012745861683,0.4308579499537221,0.4308579499537221,0.734375,0.00020875079644610563,0.003044251752726231,64
post_selector,34,14,-0.000142256948265617,-0.4285094776047639,0.4285094776047639,0.234375,-0.00028427933921189525,-2.3455731933870404e-07,64
post_selector,18,29,-0.0017085575309465444,-0.4261435542172767,0.4261435542172767,0.3125,-0.0010974948818329533,-0.0023196201800601366,64
response_mean,27,16,0.001114912354751124,0.4260299414917925,0.4260299414917925,0.703125,0.0006472892309830095,0.0015825354785192385,64
post_selector,13,12,2.959269056745928e-07,0.42443211009095194,0.42443211009095194,0.890625,4.368921924235991e-07,1.5496161892558646e-07,64
post_selector,14,14,0.002470034552970889,0.42391990044799505,0.42391990044799505,0.640625,0.0022965097887208564,0.0026435593172209216,64
post_selector,24,6,0.00041806562182955114,0.42214060023835,0.42214060023835,0.5,0.0005495113703091055,0.00028661987334999687,64
post_selector,15,22,0.00010068022589846956,0.42025347286986947,0.42025347286986947,0.53125,0.00010101570785534707,0.00010034474394159207,64
post_selector,16,24,-0.002242545800982045,-0.42001817577530776,0.42001817577530776,0.46875,-0.0009626291575841663,-0.0035224624443799244,64
post_selector,26,23,0.00030395748308363656,0.4192622003114667,0.4192622003114667,0.609375,0.000205251914849201,0.0004026630513180722,64
post_selector,15,13,0.005890067463042192,0.4160687914838572,0.4160687914838572,0.734375,0.008390042421524387,0.0033900925045599974,64
post_selector,26,19,0.0006130607480372302,0.41542212519811733,0.41542212519811733,0.6875,0.0007843056100682406,0.0004418158860062197,64
post_selector,12,4,0.010183583737671139,0.4130765509456859,0.4130765509456859,0.515625,0.005345817102352149,0.015021350372990128,64
post_selector,17,23,0.00046674377608722117,0.41189765579080206,0.41189765579080206,0.71875,0.0006298724874795546,0.0003036150646948877,64
post_selector,15,12,0.003172818849634497,0.4118730474044423,0.4118730474044423,0.5,0.004043542976432937,0.002302094722836056,64
post_selector,17,5,0.0036270079217501842,0.4068810992891607,0.4068810992891607,0.609375,0.0036450553307076816,0.0036089605127926873,64
response_mean,24,16,0.00284431498585035,0.4058855057468734,0.4058855057468734,0.625,0.0025985565007431437,0.0030900734709575564,64
post_selector,29,26,0.002038731243374032,0.4058235068142128,0.4058235068142128,0.796875,-0.0003446610317041722,0.004422123518452236,64
post_selector,35,24,-0.0007422161440899723,-0.40515453487335223,0.40515453487335223,0.5,-0.0010327442537345541,-0.00045168803444539055,64
post_selector,11,23,0.00023797669120994018,0.4035570634862059,0.4035570634862059,0.59375,9.802240833778054e-05,0.0003779309740820998,64
post_selector,14,27,0.003545956104062495,0.4029450416990162,0.4029450416990162,0.578125,0.005877818504814046,0.0012140937033109436,64
post_selector,25,7,0.0002821238429646663,0.4021178476679562,0.4021178476679562,0.53125,0.0002058786435554855,0.00035836904237384714,64
post_selector,0,20,-0.002559133656177435,-0.40064412527819626,0.40064412527819626,0.453125,-0.002160248175641763,-0.002958019136713108,64
response_mean,23,13,0.0026267861499036176,0.40032490931901776,0.40032490931901776,0.59375,0.0007199544261311514,0.004533617873676085,64
post_selector,27,13,0.0006770456666344959,0.39872692249104247,0.39872692249104247,0.640625,-0.0005114093655720175,0.0018655006988410093,64
response_mean,24,5,0.000502510471932268,0.39785021710550994,0.39785021710550994,0.625,-4.7451107434415866e-05,0.0010524720512989519,64
post_selector,28,20,9.714707994133544e-05,0.39634061120034286,0.39634061120034286,0.6875,9.331651881438467e-06,0.00018496250800123244,64
post_selector,26,4,-0.00030172937385941005,-0.3960377244672092,0.3960377244672092,0.40625,-0.0003926196095562651,-0.00021083913816255496,64
post_selector,13,7,0.0007745556094960204,0.39569041523436616,0.39569041523436616,0.5,0.0011385212756067561,0.0004105899433852844,64
post_selector,17,2,-0.0027373228076612525,-0.3942865050383483,0.3942865050383483,0.421875,-0.0011392720189178375,-0.004335373596404668,64
post_selector,1,1,0.001088300543869992,0.39380795341478764,0.39380795341478764,0.515625,0.0012460836751415556,0.0009305174125984286,64
post_selector,17,6,-0.0005845832638442353,-0.39275601343082395,0.39275601343082395,0.328125,-0.0006877431587781506,-0.00048142336891031996,64
response_mean,24,8,0.001561977376240962,0.39245004433457387,0.39245004433457387,0.59375,-0.000474353048957697,0.0035983078014396206,64
post_selector,28,8,0.0003582741355785356,0.39110459853162494,0.39110459853162494,0.640625,0.00010913916048595601,0.0006074091106711153,64
post_selector,13,25,0.0002010882940339649,0.39069788259875515,0.39069788259875515,0.625,0.0002585868132882597,0.00014358977477967015,64
post_selector,21,13,0.0004232703784054844,0.39069298273488884,0.39069298273488884,0.71875,0.000521503994150393,0.0003250367626605759,64
post_selector,11,31,0.008692302420968185,0.39027882536118264,0.39027882536118264,0.5,0.009301667538238675,0.008082937303697694,64
post_selector,17,22,0.0011019753474101792,0.39005833445671795,0.39005833445671795,0.640625,0.0008347550028702282,0.0013691956919501301,64
post_selector,11,26,0.0008961309913502175,0.38753885891589934,0.38753885891589934,0.546875,0.0007482264318241468,0.001044035550876288,64
post_selector,29,21,0.00014085524787787044,0.3867284098249198,0.3867284098249198,0.546875,4.08635107760326e-05,0.0002408469849797083,64
post_selector,17,9,-0.00223236285091843,-0.38320780086561945,0.38320780086561945,0.453125,-0.0012399411862133972,-0.003224784515623463,64
post_selector,15,23,5.603133271846741e-05,0.3823961551546982,0.3823961551546982,0.53125,6.13563868796396e-05,5.07062785572952e-05,64
post_selector,26,21,4.6632215003219963e-05,0.38153398376213477,0.38153398376213477,0.625,4.2229419136670526e-05,5.103501086976943e-05,64
final_prompt,26,20,0.00018454974247105184,0.3796679475407882,0.3796679475407882,0.65625,0.0003269319167884397,4.216756815366405e-05,64
response_mean,28,2,0.0015209249550025485,0.3785801647183137,0.3785801647183137,0.59375,-0.00018711339816943417,0.003228963308174531,64
post_selector,34,28,0.0005935952831350649,0.37820514055270404,0.37820514055270404,0.609375,-0.0004700455356214437,0.0016572361018915736,64
response_first,26,26,0.00018309277731985403,0.37811925135752966,0.37811925135752966,0.6875,0.00013758302520726177,0.0002286025294324463,64
post_selector,24,22,0.0004777195545102492,0.3780562436897228,0.3780562436897228,0.578125,0.0001473014599469014,0.000808137649073597,64
post_selector,10,15,-0.0007776864767947647,-0.37786420549944,0.37786420549944,0.4375,-0.001200816457640024,-0.0003545564959495055,64
post_selector,10,3,0.0002493250558472852,0.3778379817281166,0.3778379817281166,0.609375,0.0002017315437114936,0.0002969185679830768,64
response_mean,25,24,0.0003254318620520143,0.37735667912018883,0.37735667912018883,0.671875,0.0005579229924705795,9.294073163344902e-05,64
post_selector,30,15,0.001795262510313483,0.3765039965602512,0.3765039965602512,0.5,0.002740122041359425,0.0008504029792675406,64
post_selector,24,10,0.0008307731864079002,0.3757023589398453,0.3757023589398453,0.5,0.0009981187213270507,0.0006634276514887501,64
response_mean,24,1,1.3290566300837305e-05,0.3739809502670497,0.3739809502670497,0.65625,1.58400015948218e-05,1.0741131006852811e-05,64
post_selector,24,26,0.002014074705584761,0.3738133537765187,0.3738133537765187,0.84375,0.0003224195279471788,0.003705729883222344,64
post_selector,0,28,0.0036653751703852266,0.3735158588185826,0.3735158588185826,0.59375,0.0073765842535067185,-4.583391273626548e-05,64
response_mean,24,26,0.00070003272821848,0.3721527107777261,0.3721527107777261,0.75,-0.00026093727046828024,0.0016610027269052404,64
post_selector,23,0,0.0006030498370819151,0.367697260004624,0.367697260004624,0.609375,0.0008230385319620688,0.0003830611422017615,64
post_selector,2,26,-0.0018006536247412485,-0.36761282711480386,0.36761282711480386,0.5,-0.0014009163314767717,-0.0022003909180057252,64
post_selector,16,12,0.0004477150905586189,0.36693142559710995,0.36693142559710995,0.65625,0.0005468401759571681,0.0003485900051600695,64
post_selector,30,6,0.0003589538669075278,0.36682623717954754,0.36682623717954754,0.609375,0.00030934321421227477,0.00040856451960278104,64
post_selector,9,7,7.133982796856664e-05,0.3660820055048812,0.3660820055048812,0.5,5.7081024806374665e-05,8.559863113075859e-05,64
post_selector,8,12,-9.573942520545848e-05,-0.3656416882037059,0.3656416882037059,0.484375,-0.00011715158962032848,-7.432726079058849e-05,64
post_selector,28,14,0.0004353169329078736,0.3655132017009745,0.3655132017009745,0.609375,0.00036090363300899205,0.0005097302328067551,64
post_selector,6,30,0.0008847177487041261,0.3646983093114028,0.3646983093114028,0.640625,0.0008526466044713575,0.0009167888929368943,64
post_selector,11,17,0.00013428455167739916,0.36438496139090315,0.36438496139090315,0.671875,0.00010272003237332213,0.00016584907098147615,64
post_selector,10,19,-0.00010722393199102098,-0.3639465443892557,0.3639465443892557,0.328125,-0.00015866970443310157,-5.577815954894039e-05,64
post_selector,13,29,0.0002662471606526981,0.3633910492190092,0.3633910492190092,0.6875,0.00017107330586440397,0.00036142101544099224,64
post_selector,32,6,0.0018214125166195836,0.363298157453424,0.363298157453424,0.765625,0.0015789154258527502,0.0020639096073864173,64
post_selector,12,19,9.530438819637719e-05,0.3624605749800276,0.3624605749800276,0.59375,0.00012331990956226295,6.728886683049143e-05,64
post_selector,16,14,0.0015694126232119652,0.36169047166898044,0.36169047166898044,0.5625,0.0015735602282802492,0.0015652650181436814,64
post_selector,28,12,0.0014580068168470403,0.35860141191172257,0.35860141191172257,0.5625,0.0009176859384751844,0.0019983276952188957,64
post_selector,32,20,4.1181669502049283e-05,0.3581445953983951,0.3581445953983951,0.5,4.304824670951497e-05,3.931509229458358e-05,64
post_selector,18,19,0.003973834478529168,0.3578541996195985,0.3578541996195985,0.515625,0.005820197868160887,0.00212747108889745,64
response_mean,24,4,0.00028716003589577963,0.3574056147278776,0.3574056147278776,0.671875,-9.36689775698935e-05,0.0006679890493614528,64
post_selector,8,13,0.00046409404149017335,0.35641689493675016,0.35641689493675016,0.46875,0.0005844127454110978,0.00034377533756924886,64
post_selector,9,27,-0.0009042867659445625,-0.35495343641484595,0.35495343641484595,0.5,-0.0005730188222514782,-0.0012355547096376469,64
post_selector,18,7,-0.0020979043692932395,-0.3547587764444906,0.3547587764444906,0.375,-0.0011760916968341969,-0.003019717041752281,64
post_selector,34,30,0.0003982032003477734,0.3545734416884372,0.3545734416884372,0.59375,-0.00021330081654012296,0.0010097072172356699,64
final_prompt,24,14,0.0002116741356985465,0.35431466842568043,0.35431466842568043,0.640625,0.0001489985324951625,0.00027434973890193054,64
post_selector,2,7,-0.001065091018972447,-0.3533456908145709,0.3533456908145709,0.46875,-0.00011974922199443748,-0.002010432815950456,64
response_first,26,24,4.0949674598769414e-05,0.3518177651962389,0.3518177651962389,0.640625,1.0284368272549485e-05,7.161498092498936e-05,64
post_selector,14,24,0.0006236009871827222,0.3500829582525599,0.3500829582525599,0.578125,0.0009686543326097152,0.00027854764175572926,64
post_selector,14,16,0.001099805749618095,0.34938632371721123,0.34938632371721123,0.53125,0.0014645419469161323,0.0007350695523200576,64
response_mean,26,19,0.0007237743920427311,0.3490802480030486,0.3490802480030486,0.640625,0.0007050423698728865,0.0007425064142125757,64
post_selector,16,0,-0.0008164373721228855,-0.3448695563761494,0.3448695563761494,0.375,-9.739802408149603e-05,-0.001535476720164275,64
post_selector,10,2,-0.0003766993531826234,-0.34391527529446475,0.34391527529446475,0.5,-9.069444331545216e-05,-0.0006627042630497947,64
post_selector,23,22,0.0019895333862223205,0.3417834822785931,0.3417834822785931,0.546875,0.002731603948632253,0.0012474628238123883,64
post_selector,11,18,0.0015106536848179548,0.34107666359071925,0.34107666359071925,0.5,0.0016022656964196345,0.001419041673216275,64
post_selector,10,11,-0.00012110636134821033,-0.3384361786424954,0.3384361786424954,0.46875,-0.00015909842386462993,-8.311429883179074e-05,64
post_selector,8,2,0.00016180611169146198,0.3362938058720681,0.3362938058720681,0.59375,0.00028952744469277575,3.408477869014823e-05,64
post_selector,20,14,0.002238108785604692,0.33529195714746196,0.33529195714746196,0.65625,0.0009993701823987,0.003476847388810685,64
response_mean,22,5,0.002752138949972489,0.3338203043326911,0.3338203043326911,0.640625,0.001850087042384973,0.0036541908575600055,64
response_mean,24,9,0.00012437284973997444,0.3335750416115456,0.3335750416115456,0.734375,-8.78903506418199e-06,0.0002575347345441309,64
post_selector,21,23,0.001011123255011609,0.3327511436262604,0.3327511436262604,0.6875,0.0013825380010530123,0.0006397085089702064,64
response_mean,26,30,0.00047612632806703074,0.33221500088390227,0.33221500088390227,0.59375,0.00030556170986527446,0.0006466909462687869,64
response_mean,21,19,0.0003462523004600282,0.33204186505901745,0.33204186505901745,0.59375,0.0003277544446973395,0.0003647501562227169,64
post_selector,18,14,0.002229403653473117,0.3315813366487124,0.3315813366487124,0.625,0.002152827131794747,0.0023059801751514875,64
post_selector,8,19,0.0008649940627947222,0.3311643477688912,0.3311643477688912,0.546875,0.0009736407810123726,0.000756347344577072,64
post_selector,29,1,0.00044273563889872134,0.330431362640615,0.330431362640615,0.640625,4.4034109123447914e-05,0.0008414371686739947,64
response_mean,21,26,0.0017365367002639548,0.33003373670317876,0.33003373670317876,0.640625,0.0009674105517660709,0.0025056628487618382,64
post_selector,17,3,0.009298114367993549,0.32941498305529676,0.32941498305529676,0.5,0.011877485347213224,0.006718743388773874,64
post_selector,22,8,0.001029891478538037,0.32904368209926393,0.32904368209926393,0.640625,-0.00042225466313538536,0.0024820376202114593,64
post_selector,21,17,-0.0026055054113385207,-0.3290152508252866,0.3290152508252866,0.421875,0.0006742992409272096,-0.00588531006360425,64
response_first,26,27,0.00023209748019324732,0.3283378087674034,0.3283378087674034,0.625,0.00028144612929279997,0.00018274883109369467,64
response_mean,23,28,0.0014009738797540134,0.3279658023809879,0.3279658023809879,0.640625,-0.0006260839436435781,0.0034280317031516053,64
post_selector,22,0,0.001310043804551236,0.32656187179929586,0.32656187179929586,0.53125,0.0006181859971547781,0.002001901611947694,64
post_selector,13,22,0.0005465929600632126,0.32561596845248725,0.32561596845248725,0.5,0.0005147912988832094,0.0005783946212432156,64
post_selector,30,19,0.00018219298635813007,0.3255646750956154,0.3255646750956154,0.46875,2.0298793060658432e-05,0.00034408717965560173,64
final_prompt,26,27,0.0004032370954973679,0.3251986646670799,0.3251986646670799,0.734375,0.00011180130059072497,0.0006946728904040109,64
post_selector,26,18,0.0009040197010108255,0.32514941318635415,0.32514941318635415,0.640625,0.001094752889912328,0.0007132865121093231,64
post_selector,7,10,0.00012071434230163308,0.32485175501781527,0.32485175501781527,0.65625,3.381850274308503e-05,0.0002076101818601811,64
post_selector,25,17,0.0005303609937072906,0.3234177631981847,0.3234177631981847,0.5,0.0004663105946747187,0.0005944113927398625,64
post_selector,17,26,-0.0014112628014117824,-0.322494424252612,0.322494424252612,0.40625,-0.0017426389313186272,-0.0010798866715049375,64
response_mean,23,29,-0.00019849701209294598,-0.32199917029932174,0.32199917029932174,0.4375,-0.00037590010788332936,-2.1093916302562566e-05,64
post_selector,15,27,3.1511493972395476e-05,0.32111698824130175,0.32111698824130175,0.625,2.479794392228594e-05,3.822504402250501e-05,64
post_selector,0,21,0.002776600853394483,0.32109225989673607,0.32109225989673607,0.5,0.002691878820769481,0.0028613228860194843,64
post_selector,32,28,1.2778628843078911e-05,0.3210847731300801,0.3210847731300801,0.609375,2.3277324544322322e-05,2.2799331418354996e-06,64
post_selector,29,28,2.7817334654396928e-05,0.32053189568150786,0.32053189568150786,0.65625,-2.5909746454943527e-06,5.822564395428821e-05,64
final_prompt,24,13,0.0007121259218365464,0.3193448904014962,0.3193448904014962,0.625,-0.00034311781382712287,0.0017673696575002157,64
post_selector,14,5,0.0007094044285622561,0.3189862771919382,0.3189862771919382,0.609375,0.0010665435656846858,0.00035226529143982663,64
post_selector,28,29,0.0001484730657921343,0.31840262135816655,0.31840262135816655,0.5,0.00023122784887163106,6.571828271263761e-05,64
post_selector,9,26,-0.0005493328499141979,-0.31799391666591653,0.31799391666591653,0.4375,-0.0006302869187493367,-0.00046837878107905916,64
response_mean,24,23,0.00033946224971257685,0.31762595359460705,0.31762595359460705,0.671875,-4.7832943664617583e-05,0.0007267574430897712,64
final_prompt,24,12,0.00037020593026680475,0.31747009518266417,0.31747009518266417,0.59375,0.0004102718739886554,0.00033013998654495425,64
post_selector,0,24,-0.0024212071402871594,-0.3163053639661479,0.3163053639661479,0.5,-0.0014118525796220811,-0.0034305617009522376,64
post_selector,15,21,3.932839140928647e-05,0.31552312374935004,0.31552312374935004,0.53125,6.828541000911959e-05,1.037137280945335e-05,64
post_selector,25,13,0.0002450993813454088,0.3148743536708218,0.3148743536708218,0.546875,0.0002418226981717304,0.00024837606451908725,64
response_mean,25,26,0.0019115877048534215,0.31486159000654784,0.31486159000654784,0.671875,0.004044220619107329,-0.00022104520940048568,64
post_selector,12,20,-4.312596865929418e-05,-0.3144301431476088,0.3144301431476088,0.421875,-5.205328420743197e-06,-8.104660889784517e-05,64
post_selector,31,19,0.001070993635948972,0.3140495178714412,0.3140495178714412,0.515625,0.0011103675496997156,0.0010316197221982284,64
post_selector,24,9,0.0003741252298823379,0.31368817144785444,0.31368817144785444,0.53125,0.00028392141575749063,0.0004643290440071851,64
post_selector,16,6,0.0010957582762785032,0.31266691210648095,0.31266691210648095,0.53125,0.001156537517090322,0.0010349790354666842,64
post_selector,21,2,0.0005067731717645048,0.3110242361234021,0.3110242361234021,0.5625,0.0006414300114556662,0.00037211633207334346,64
post_selector,33,8,0.00018864112917070405,0.3109268861993457,0.3109268861993457,0.640625,-6.89788230374571e-05,0.00044626108137886517,64
post_selector,15,0,-0.0009413226580363616,-0.30996225078817913,0.30996225078817913,0.375,-0.00046126394590828123,-0.0014213813701644423,64
post_selector,32,16,-0.0007259378544404065,-0.30756244165033636,0.30756244165033636,0.375,-0.0015432615546160098,9.138584573519681e-05,64
post_selector,32,4,0.00033629737845330195,0.30644744578532285,0.30644744578532285,0.609375,0.0003542003851180125,0.0003183943717885914,64
post_selector,14,31,0.002318506649316975,0.30618009789002293,0.30618009789002293,0.5,0.002955280535388716,0.0016817327632452344,64
post_selector,26,7,0.0008453094524156679,0.30569695041408046,0.30569695041408046,0.640625,0.0013292594558151705,0.0003613594490161656,64
post_selector,22,6,0.0018557594921730864,0.3039043465478676,0.3039043465478676,0.546875,0.0017139828778453907,0.001997536106500783,64
post_selector,20,16,0.00039818289769755016,0.30369855039468663,0.30369855039468663,0.5,0.0007472938032151377,4.9071992179962516e-05,64
post_selector,16,5,0.00043515989273146813,0.30360087287955345,0.30360087287955345,0.546875,0.0007254215361172061,0.00014489824934573007,64
post_selector,10,12,0.0005054410357843113,0.30313507143357116,0.30313507143357116,0.546875,-0.0002510200574761165,0.001261902129044739,64
post_selector,27,14,0.00018994592664965416,0.30176682586605813,0.30176682586605813,0.671875,-0.00012225606224092303,0.0005021479155402313,64
post_selector,12,6,0.0011948640603804891,0.3015410354520536,0.3015410354520536,0.5,0.0015175232583715032,0.0008722048623894751,64
response_mean,27,17,0.00015800267237863237,0.2999491557511651,0.2999491557511651,0.640625,-0.00010365067510064096,0.0004196560198579057,64
post_selector,29,16,0.00013941250199421074,0.2994751702130379,0.2994751702130379,0.625,-7.513233686040989e-05,0.0003539573408488314,64
post_selector,31,9,0.0006166763087094203,0.2991357371501331,0.2991357371501331,0.578125,0.00015459114729308895,0.0010787614701257516,64
post_selector,33,21,0.0016417670594819386,0.29823795587841867,0.29823795587841867,0.515625,0.0013351555753615709,0.0019483785436023061,64
post_selector,26,11,0.00013803463096450914,0.29691853984118466,0.29691853984118466,0.5,0.00012041373344117574,0.00015565552848784259,64
post_selector,6,24,0.00013979951336295677,0.2967476061996392,0.2967476061996392,0.578125,0.00022156559589347084,5.803343083244269e-05,64
post_selector,1,6,0.0003402348338567998,0.29458775587461244,0.29458775587461244,0.625,0.0005645662677124864,0.00011590340000111325,64
response_first,24,12,0.000162358750458209,0.29314277095488733,0.29314277095488733,0.59375,8.111053648461482e-05,0.00024360696443180324,64
response_mean,23,31,0.0010651785519257783,0.29306130480150006,0.29306130480150006,0.59375,-0.0003979981383963482,0.002528355242247905,64
post_selector,30,30,-0.00013444959938624452,-0.2928809118886989,0.2928809118886989,0.5,-0.00014696202356390917,-0.0001219371752085799,64
post_selector,27,31,0.00016469056879485252,0.2928212469503271,0.2928212469503271,0.734375,3.045362154806738e-05,0.0002989275160416377,64
response_mean,24,30,9.008266869158628e-05,0.2922913539828757,0.2922913539828757,0.625,-6.0731732787633624e-05,0.0002408970701708062,64
post_selector,15,28,7.893070414864876e-05,0.2921474000490167,0.2921474000490167,0.5625,0.00013513733802026826,2.272407027702926e-05,64
post_selector,13,6,6.445343944959709e-05,0.28991006028557503,0.28991006028557503,0.609375,0.00010743188545346766,2.1474993445726532e-05,64
post_selector,7,14,-0.0007028502641333002,-0.2894369058859087,0.2894369058859087,0.46875,-0.0005627505415759506,-0.00084294998669065,64
post_selector,14,22,3.918673610313642e-05,0.287670200738052,0.287670200738052,0.5625,3.8357772609733276e-05,4.001569959653957e-05,64
post_selector,10,27,0.0006251612771848089,0.2869558316227901,0.2869558316227901,0.5,0.000581516431338954,0.0006688061230306635,64
post_selector,18,23,-0.0011834391298179915,-0.2869471733912304,0.2869471733912304,0.484375,-0.0004973534487362431,-0.0018695248108997406,64
post_selector,10,13,0.004594922647811478,0.28679156918538723,0.28679156918538723,0.5,0.00624828721629455,0.0029415580793284058,64
post_selector,24,18,-0.000625039367150729,-0.2867317090829298,0.2867317090829298,0.265625,-0.0012071144064975338,-4.296432780392425e-05,64
post_selector,13,8,0.0009753303102115771,0.28641737132485273,0.28641737132485273,0.46875,0.0015389561758638532,0.00041170444455930114,64
response_mean,23,4,4.159033042582346e-05,0.28583899043642735,0.28583899043642735,0.53125,-4.556286924638881e-05,0.00012874353009803574,64
post_selector,25,28,0.0008656541285745299,0.2853477679482456,0.2853477679482456,0.53125,0.0004483213233470438,0.001282986933802016,64
final_prompt,24,26,0.0007805351287970495,0.28430748009975043,0.28430748009975043,0.546875,-0.0004595127065840478,0.002020582964178147,64
post_selector,35,17,0.0017382737951265922,0.2841414793247252,0.2841414793247252,0.5,0.0018391039775451626,0.0016374436127080216,64
post_selector,28,9,0.00037477771047631815,0.2838817004831976,0.2838817004831976,0.609375,-0.00029733922292506234,0.0010468946438776986,64
post_selector,26,28,0.00024609364345450237,0.28361689021983755,0.28361689021983755,0.65625,0.0002497526102160656,0.0002424346766929391,64
post_selector,1,3,-0.003092047882091719,-0.28235833604669547,0.28235833604669547,0.484375,-0.0038407300016842835,-0.0023433657624991533,64
post_selector,31,12,0.000290172017685101,0.2818762705665085,0.2818762705665085,0.546875,-6.980540456422797e-05,0.00065014943993443,64
post_selector,7,11,-0.00018204701063950416,-0.28104080873091525,0.28104080873091525,0.4375,-0.0002487792307874642,-0.00011531479049154413,64
post_selector,16,31,0.0016059525805758304,0.2808090559876169,0.2808090559876169,0.53125,0.0025521896968712008,0.0006597154642804592,64
post_selector,0,12,0.0024580476965638874,0.280502183228486,0.280502183228486,0.4375,0.0017381418147124372,0.003177953578415337,64
post_selector,8,8,-0.0004930406430503344,-0.2804246106459024,0.2804246106459024,0.5,-0.00044686822548101874,-0.00053921306061965,64
response_mean,24,6,1.687845033870672e-05,0.2804117804444939,0.2804117804444939,0.609375,-1.3508672566329507e-05,4.726557324374295e-05,64
post_selector,30,7,5.507570506323405e-05,0.2803725620445673,0.2803725620445673,0.578125,7.92300902503361e-05,3.092131987613199e-05,64
post_selector,27,4,0.0002538839430599186,0.2798400936302318,0.2798400936302318,0.46875,0.00025934679979399615,0.00024842108632584114,64
response_mean,26,17,0.00020071345613813398,0.2794845948896039,0.2794845948896039,0.578125,-0.00021934020537626842,0.0006207671176525363,64
post_selector,32,14,3.2195036169461665e-05,0.27850986727173127,0.27850986727173127,0.625,5.0228974941988815e-05,1.41610973969345e-05,64
final_prompt,24,8,9.829344219268883e-05,0.2778737090771084,0.2778737090771084,0.671875,-6.577263866346507e-05,0.0002623595230488427,64
response_mean,28,9,0.0006217649302015977,0.276434072545309,0.276434072545309,0.609375,-0.00013689367369806163,0.001380423534101257,64
post_selector,23,1,0.0010566921173449327,0.27619686325142917,0.27619686325142917,0.546875,0.0024206338166550094,-0.00030724958196514366,64
post_selector,8,18,0.001373077517200728,0.2761938663285646,0.2761938663285646,0.5,0.0015584240863972844,0.0011877309480041718,64
post_selector,7,21,0.00020713348703792033,0.2758747416668315,0.2758747416668315,0.59375,0.0001469502449253842,0.00026731672915045646,64
post_selector,23,7,0.00028997550271013365,0.27459718566348923,0.27459718566348923,0.671875,0.0005122240363561796,6.772696906408781e-05,64
post_selector,31,23,-0.0003069226561365244,-0.2744801474882948,0.2744801474882948,0.578125,-0.0004381478761388211,-0.00017569743613422758,64
post_selector,30,5,3.810036059802844e-05,0.27390550745724646,0.27390550745724646,0.546875,3.0144005677350156e-05,4.6056715518706704e-05,64
post_selector,0,8,0.0024524495966033906,0.2734602836348146,0.2734602836348146,0.625,0.005043097873567581,-0.0001381986803607999,64
post_selector,14,2,0.00011621063924849013,0.27161199047742735,0.27161199047742735,0.53125,4.337956352174875e-05,0.00018904171497523156,64
post_selector,14,13,-0.0038383769133361065,-0.27158211071277616,0.27158211071277616,0.484375,-0.004349234848632482,-0.003327518978039731,64
response_mean,25,9,0.00028621874025702053,0.2712768640761617,0.2712768640761617,0.578125,-4.485588738132915e-05,0.0006172933678953703,64
post_selector,27,6,0.0001585322144705897,0.2708043059515992,0.2708043059515992,0.5625,-1.3352037967704525e-05,0.0003304164669088839,64
post_selector,29,25,0.0028146208242105547,0.27046183394970047,0.27046183394970047,0.703125,-0.0024104847252601753,0.008039726373681284,64
post_selector,18,5,0.0024539129954064187,0.26977270649460505,0.26977270649460505,0.578125,0.0032584599102847187,0.0016493660805281187,64
post_selector,20,19,0.0005305520426190828,0.26944697875686496,0.26944697875686496,0.53125,0.0007212992932181659,0.00033980479201999996,64
response_mean,26,22,7.265631205655e-05,0.26937037537288183,0.26937037537288183,0.546875,-9.503013245639429e-06,0.00015481563735873942,64
post_selector,21,7,-2.6831349316576974e-05,-0.26757991838173767,0.26757991838173767,0.34375,-4.7568843115177584e-05,-6.093855517976355e-06,64
post_selector,32,31,0.00014001859585732884,0.26712436229156944,0.26712436229156944,0.515625,0.0001309502586082043,0.00014908693310645337,64
post_selector,18,21,-0.0024829692483763063,-0.26676638878477504,0.26676638878477504,0.375,-0.0035835219896398316,-0.001382416507112781,64
post_selector,18,31,0.002663488165126163,0.26664917167391805,0.26664917167391805,0.671875,-7.882670615800831e-05,0.005405803036410334,64
post_selector,32,23,-0.00012534826657884692,-0.2650990128284791,0.2650990128284791,0.53125,-8.845262345859302e-05,-0.00016224390969910078,64
response_mean,23,6,0.00010007393530030811,0.2644809816252573,0.2644809816252573,0.5625,3.640513659775119e-05,0.00016374273400286503,64
response_mean,24,19,0.0012135608685639372,0.26364361224686356,0.26364361224686356,0.609375,0.0006800951498462425,0.0017470265872816322,64
post_selector,20,6,0.0004599463627528084,0.26325375886478375,0.26325375886478375,0.53125,-6.826734716015176e-05,0.0009881600726657687,64
post_selector,9,22,-0.0019278895852039549,-0.2629456697966739,0.2629456697966739,0.453125,-0.0025298564432887347,-0.001325922727119175,64
response_mean,23,5,6.341042370648956e-05,0.2624799932747569,0.2624799932747569,0.546875,-3.5904244384706415e-05,0.00016272509179768554,64
post_selector,5,12,0.0007945645138533934,0.2624406674388347,0.2624406674388347,0.640625,0.0008234838969656193,0.0007656451307411677,64
post_selector,5,15,0.0014643643662566267,0.2620246418978287,0.2620246418978287,0.578125,0.0011806161783170063,0.0017481125541962469,64
post_selector,14,18,0.0011342965590301931,0.2617776010650001,0.2617776010650001,0.515625,0.0007002938509685885,0.0015682992670917975,64
post_selector,24,24,0.0006252997482078938,0.25949276399876403,0.25949276399876403,0.5625,0.0014697333972435124,-0.00021913390082772496,64
response_first,25,10,0.000232859605489457,0.2587660648426649,0.2587660648426649,0.5625,-9.57182533056376e-06,0.00047529103630947775,64
post_selector,8,22,0.00039340461808023183,0.2587396366184528,0.2587396366184528,0.625,-7.514025492127699e-05,0.0008619494910817406,64
post_selector,2,31,0.00039999806404011256,0.25865589197877414,0.25865589197877414,0.5625,0.001077367882771775,-0.00027737175469155014,64
post_selector,13,10,-0.0008953351270974963,-0.25804776118468314,0.25804776118468314,0.515625,-0.0009920643660734625,-0.0007986058881215301,64
response_mean,22,4,0.0031284818455787726,0.2579766159564969,0.2579766159564969,0.640625,0.0005723420172216623,0.005684621673935884,64
post_selector,14,3,5.7565030942882685e-05,0.25752806775983256,0.25752806775983256,0.59375,1.4716328905699242e-05,0.0001004137329800661,64
post_selector,26,20,0.0003033324924217417,0.25675933161051195,0.25675933161051195,0.671875,0.0006500953886643052,-4.343040382082176e-05,64
response_mean,27,7,0.0002757892464160132,0.25671633431401697,0.25671633431401697,0.625,-7.007160411376997e-05,0.0006216500969457964,64
post_selector,1,23,-0.004215955574181859,-0.2562432758000136,0.2562432758000136,0.5,-0.001960905967280269,-0.00647100518108345,64
post_selector,18,25,0.0022239351155803784,0.2562122709556221,0.2562122709556221,0.546875,0.0025755312653927553,0.0018723389657680021,64
post_selector,12,13,0.004256998017808645,0.256092225050529,0.256092225050529,0.546875,0.007768175823002801,0.0007458202126144881,64
post_selector,31,16,0.0001688792399363576,0.2555256215148248,0.2555256215148248,0.5,0.00021865528310626242,0.00011910319676645274,64
post_selector,23,16,0.0003143293997709332,0.25548481449619526,0.25548481449619526,0.578125,0.00018306253969056874,0.0004455962598512976,64
response_mean,22,11,0.000555396990876027,0.25521553587434026,0.25521553587434026,0.5625,-0.00026756864463095944,0.0013783626263830135,64
post_selector,34,22,-4.154813177592385e-05,-0.2551036148089359,0.2551036148089359,0.46875,-4.417906177422784e-05,-3.891720177761986e-05,64
post_selector,14,12,0.0005016246873310532,0.2548733227825288,0.2548733227825288,0.5,0.00019689834516610312,0.0008063510294960032,64
response_mean,25,31,-0.0001947732998814886,-0.2545357027545417,0.2545357027545417,0.5,-0.0002805267213261622,-0.00010901987843681495,64
response_mean,28,0,0.0002490979984237564,0.2533857444237545,0.2533857444237545,0.515625,-0.00028808996965777,0.0007862859665052827,64
post_selector,25,11,0.00043827049785247836,0.2532285807176349,0.2532285807176349,0.765625,0.00040095473377730375,0.0004755862619276529,64
final_prompt,24,9,2.301697963957606e-05,0.2526809736841311,0.2526809736841311,0.59375,2.646448160703143e-05,1.956947767212068e-05,64
response_first,25,24,5.5463303141323195e-06,0.25263586589997766,0.25263586589997766,0.609375,6.029011558439379e-06,5.06364906982526e-06,64
post_selector,8,10,0.0005245899901638063,0.2523376793555592,0.2523376793555592,0.5,0.0006991186601226187,0.00035006132020499374,64
post_selector,8,28,4.219846044151154e-06,0.25193773740129394,0.25193773740129394,0.546875,5.3693970443191574e-06,3.070295043983151e-06,64
post_selector,35,2,0.0002819688297677203,0.2516480703786606,0.2516480703786606,0.5,0.0002657221666595406,0.0002982154928759,64
post_selector,28,11,-0.0014634444505645704,-0.25153894823982703,0.25153894823982703,0.578125,-0.0034397532181173938,0.0005128643169882531,64
final_prompt,24,11,3.5376161576997646e-05,0.25073029458179524,0.25073029458179524,0.59375,6.238884338925642e-05,8.363479764738875e-06,64
post_selector,0,14,-0.0019552879821276336,-0.25011618573315847,0.25011618573315847,0.53125,-0.0009281942766392788,-0.0029823816876159894,64
post_selector,18,17,0.0008035021000978261,0.24974265004498258,0.24974265004498258,0.546875,0.0007539242142229184,0.0008530799859727338,64
response_mean,24,0,1.2270068097560185e-05,0.24917907775034953,0.24917907775034953,0.578125,-1.3957450121893089e-05,3.849758631701346e-05,64
post_selector,12,9,0.0009695435528556046,0.24846075393231123,0.24846075393231123,0.59375,0.000784031104558375,0.0011550560011528343,64
post_selector,23,2,0.00018170477414967327,0.24836330786841124,0.24836330786841124,0.640625,0.00014841868141956074,0.0002149908668797858,64
post_selector,8,16,0.00022697064468957273,0.2481130366844193,0.2481130366844193,0.5,0.00013509056407202052,0.00031885072530712504,64
response_mean,21,4,0.00034677439680308355,0.24733284578494852,0.24733284578494852,0.546875,-6.501326197392872e-05,0.0007585620555800956,64
post_selector,21,26,0.0009601465862942847,0.24714041361037736,0.24714041361037736,0.484375,0.0016880327020771752,0.0002322604705113942,64
response_first,26,20,6.979321454990905e-06,0.246311730495917,0.246311730495917,0.578125,1.1169764690066586e-05,2.7888782199152246e-06,64
post_selector,25,29,2.9808871943253307e-05,0.2452585123812612,0.2452585123812612,0.65625,-2.701578864620161e-06,6.231932275112677e-05,64
post_selector,25,12,6.759637022922908e-05,0.2452316892556685,0.2452316892556685,0.609375,8.281380951300937e-05,5.23789309454488e-05,64
post_selector,28,13,0.00013915693102716526,0.24433636050961316,0.24433636050961316,0.59375,0.0001027057264764119,0.00017560813557791858,64
response_mean,27,15,0.0002458790800119406,0.24306618933865387,0.24306618933865387,0.5625,-0.0004444930436875152,0.0009362512037113964,64
post_selector,32,21,-0.00020437964030861963,-0.24258441124723923,0.24258441124723923,0.46875,-0.0003206899345968876,-8.806934602035161e-05,64
response_mean,29,6,0.0005461087848743763,0.24169188241052755,0.24169188241052755,0.59375,-0.0005632222064377525,0.0016554397761865051,64
post_selector,14,30,-0.00026205824315183885,-0.24132526076782346,0.24132526076782346,0.484375,-0.00024485086487402766,-0.00027926562142965,64
post_selector,15,18,5.937942989930382e-05,0.24121978414158754,0.24121978414158754,0.515625,9.532321394089104e-05,2.3435645857716604e-05,64
post_selector,28,10,0.0004310963568059154,0.24086185320253128,0.24086185320253128,0.703125,-0.0001369895308016676,0.0009991822444134983,64
response_mean,21,9,0.00038060141289973887,0.24022584307677824,0.24022584307677824,0.609375,-0.00014914014121813766,0.0009103429670176155,64
post_selector,9,30,-1.9682221399364153e-06,-0.2400371757318008,0.2400371757318008,0.453125,-4.800681505656712e-07,-3.4563761293071593e-06,64
post_selector,14,15,-0.0017002185159071736,-0.23851673257939543,0.23851673257939543,0.5,-0.0016437338272226097,-0.0017567032045917373,64
post_selector,20,24,-1.4662886123062435e-06,-0.238154152625,0.238154152625,0.40625,-1.8131807806298639e-06,-1.1193964439826232e-06,64
response_mean,25,11,0.0011059238240704796,0.23758811245103575,0.23758811245103575,0.578125,-0.0015829827443667093,0.0037948303925076678,64
final_prompt,25,31,-6.689511110379343e-05,-0.23700089912174918,0.23700089912174918,0.359375,-7.404763891821918e-06,-0.00012638545831576491,64
post_selector,28,18,0.00027611818131844274,0.23658077243033776,0.23658077243033776,0.578125,0.00018033576816376909,0.00037190059447311644,64
response_mean,26,28,0.0003584781575227548,0.2360625768040139,0.2360625768040139,0.640625,0.00025299597109550154,0.0004639603439500081,64
post_selector,14,21,0.0001010533158023439,0.23551654001785938,0.23551654001785938,0.5,0.00013211421878621833,6.999241281846946e-05,64
post_selector,23,17,0.00036272381953495153,0.23550067175727635,0.23550067175727635,0.5,0.00016248891370195936,0.0005629587253679438,64
post_selector,31,27,3.658290430052229e-05,0.23498816716338058,0.23498816716338058,0.5625,4.177498709622073e-05,3.139082150482385e-05,64
post_selector,11,16,0.00219737345469185,0.23417486465492998,0.23417486465492998,0.5,0.001633542262425178,0.0027612046469585217,64
post_selector,20,17,0.0002739208657658246,0.23414254329474735,0.23414254329474735,0.5625,0.0004880221877101428,5.981954382150651e-05,64
post_selector,25,18,4.299714490229378e-05,0.23336169339094812,0.23336169339094812,0.5,2.1990652726340684e-05,6.400363707824688e-05,64
post_selector,26,31,0.0008624435085948695,0.2326230994735319,0.2326230994735319,0.625,0.000455024295661122,0.001269862721528617,64
response_mean,21,28,0.000894458830316579,0.23255657186926426,0.23255657186926426,0.53125,0.0007074612431097157,0.0010814564175234424,64
final_prompt,21,19,4.968441072604749e-05,0.23242249052372005,0.23242249052372005,0.578125,0.00010316434804734441,-3.7955265952494117e-06,64
post_selector,33,25,0.00021059083337603517,0.2311534999207614,0.2311534999207614,0.640625,0.00021650110284099046,0.00020468056391107983,64
response_mean,25,8,0.000966751211080914,0.23079545408412092,0.23079545408412092,0.546875,-0.0005975761669105718,0.0025310785890724,64
post_selector,31,0,0.0004638969439838454,0.23045585164993396,0.23045585164993396,0.546875,-6.327586743281878e-05,0.0009910697554005097,64
post_selector,16,27,-5.241983319592085e-05,-0.22997055588965856,0.22997055588965856,0.453125,-1.6288830238413094e-05,-8.85508361534286e-05,64
post_selector,35,18,0.0006509681406896501,0.22906918158042694,0.22906918158042694,0.515625,0.0005269061330181938,0.0007750301483611063,64
post_selector,9,2,-0.0002978996453748573,-0.2287837964426248,0.2287837964426248,0.484375,-9.66959851211956e-05,-0.0004991033056285189,64
post_selector,15,31,0.00042926316473313283,0.22871046884155616,0.22871046884155616,0.5,0.0005186149646760843,0.0003399113647901813,64
post_selector,3,9,0.0006886339506308899,0.22863691053739035,0.22863691053739035,0.609375,0.00018632602586876406,0.0011909418753930155,64
post_selector,0,18,0.003369495512743008,0.22854582967563675,0.22854582967563675,0.53125,0.007655243098270141,-0.0009162520727841251,64
post_selector,20,18,0.0004614041808963469,0.22815100143242262,0.22815100143242262,0.484375,0.0012782708090526111,-0.00035546244725991733,64
post_selector,30,22,0.00010046623765446387,0.22783680373994594,0.22783680373994594,0.5625,0.00015215032726698758,4.878214804194016e-05,64
response_first,24,15,1.8721008132155674e-05,0.2276326891112726,0.2276326891112726,0.578125,1.1017067294007057e-05,2.642494897030429e-05,64
post_selector,15,10,0.00010715808730309873,0.22751946511656018,0.22751946511656018,0.5,8.849269215714705e-05,0.00012582348244905044,64
post_selector,32,29,-1.2480455442441043e-05,-0.22742851164260777,0.22742851164260777,0.46875,-5.838308744898768e-06,-1.912260213998332e-05,64
post_selector,9,20,-0.00014546817055815592,-0.22688459773281672,0.22688459773281672,0.4375,-0.0003413347385503384,5.0398397434026506e-05,64
post_selector,19,16,-0.0017917933255375748,-0.22669371409888694,0.22669371409888694,0.5,-0.002245304451207628,-0.0013382821998675222,64
post_selector,3,17,0.00021120005590091284,0.22654748512782807,0.22654748512782807,0.59375,0.000181291045009858,0.00024110906679196764,64
post_selector,0,30,0.0023379515341730417,0.22634543689881492,0.22634543689881492,0.515625,0.0042367051701148704,0.0004391978982312126,64
post_selector,34,12,-0.00014546799457093265,-0.22618747113027246,0.22618747113027246,0.46875,-0.00021422036161310788,-7.671562752875736e-05,64
final_prompt,24,15,0.00024248008867287478,0.22556537754816214,0.22556537754816214,0.609375,0.000233335213124496,0.0002516249642212535,64
post_selector,6,27,-0.00011187844802405884,-0.22527251636071607,0.22527251636071607,0.390625,-9.653593951951565e-05,-0.00012722095652860206,64
post_selector,34,11,-2.723183740725962e-05,-0.22482959519100476,0.22482959519100476,0.515625,-3.963225663026886e-05,-1.4831418184250392e-05,64
post_selector,34,24,7.983932096066639e-05,0.2244066579250931,0.2244066579250931,0.5,0.0001154605602096059,4.421808171172688e-05,64
post_selector,11,11,0.000950746072362546,0.22438494066544093,0.22438494066544093,0.625,0.0017387880500336628,0.00016270409469142956,64
post_selector,11,27,0.0017499576024420094,0.2242945432729849,0.2242945432729849,0.5,0.003211240153177637,0.00028867505170638116,64
post_selector,8,1,-0.00014415567920876674,-0.22344789794553688,0.22344789794553688,0.28125,-0.00022055001227269796,-6.776134614483548e-05,64
post_selector,23,27,0.00014307327114692036,0.22208563869098935,0.22208563869098935,0.640625,4.220630125927487e-05,0.0002439402410345659,64
response_mean,21,30,0.00042502999667703534,0.22183806079777738,0.22183806079777738,0.5625,-0.00036371123860589623,0.0012137712319599668,64
final_prompt,25,10,0.0019277316705483727,0.22182092607004203,0.22182092607004203,0.625,-0.0005760214480687962,0.0044314847891655405,64
post_selector,23,29,-0.00039455988917323705,-0.2213218025990655,0.2213218025990655,0.390625,-0.00018687792544369602,-0.000602241852902778,64
post_selector,28,17,0.0011271535477135296,0.22089605179478033,0.22089605179478033,0.515625,0.0016840834068716374,0.0005702236885554218,64
post_selector,2,13,-0.0006937202197150312,-0.22030009977164589,0.22030009977164589,0.484375,0.00026742866612038124,-0.001654869105550444,64
post_selector,9,6,4.705740502685872e-05,0.22011507568173586,0.22011507568173586,0.5,9.312609950028266e-05,9.887105534347752e-07,64
response_first,25,26,2.8118668410564786e-05,0.21983180457376508,0.21983180457376508,0.625,5.4388468697639444e-05,1.8488681234901262e-06,64
post_selector,32,13,-0.00020451806631171875,-0.2195356694707868,0.2195356694707868,0.5,-9.77540139501875e-05,-0.00031128211867325,64
post_selector,30,17,0.0013981387937746768,0.21865433893865258,0.21865433893865258,0.734375,-0.0012136369914514996,0.004009914579000853,64
final_prompt,21,18,6.01694539596964e-05,0.2180500666172045,0.2180500666172045,0.625,6.087017459321683e-05,5.946873332617596e-05,64
post_selector,1,22,-0.0046861665905453265,-0.2179259269595996,0.2179259269595996,0.5,-0.004311076598241929,-0.005061256582848724,64
post_selector,30,28,-0.00015125614891075797,-0.21786813415738715,0.21786813415738715,0.546875,-0.00027027057046779114,-3.224172735372481e-05,64
post_selector,25,31,-0.0005447929597721563,-0.21764658690966074,0.21764658690966074,0.4375,-0.0010648546412994563,-2.4731278244856237e-05,64
post_selector,21,14,0.00032612386758046406,0.21756548114755375,0.21756548114755375,0.5,0.000411388420616275,0.00024085931454465313,64
post_selector,10,29,-0.0007673318505112532,-0.2168909106457402,0.2168909106457402,0.484375,-0.00023752640117891247,-0.0012971372998435938,64
post_selector,29,10,0.00390288047992723,0.21686697651825623,0.21686697651825623,0.8125,0.0037944266987324097,0.00401133426112205,64
post_selector,28,22,0.00037516440897887544,0.21635274832606527,0.21635274832606527,0.625,-0.00021222281793598178,0.0009625516358937327,64
post_selector,7,12,6.494371791631947e-05,0.21615990557961662,0.21615990557961662,0.5,9.076969035966547e-06,0.0001208104667966724,64
post_selector,35,3,0.0003865715298161422,0.21583212827619297,0.21583212827619297,0.5,0.0007975073331181126,-2.436427348582814e-05,64
post_selector,8,15,0.0004132872131776781,0.215815806794605,0.215815806794605,0.5,0.00048440355021739053,0.00034217087613796566,64
final_prompt,24,23,0.00012113723096262643,0.21527482736073422,0.21527482736073422,0.53125,5.6815138123054515e-05,0.00018545932380219837,64
post_selector,21,25,-0.0017503471535746922,-0.2145728938930702,0.2145728938930702,0.4375,-0.003684761773911306,0.00018406746676192213,64
post_selector,25,16,0.000163750980163955,0.21424793428016073,0.21424793428016073,0.625,-1.3524171208710915e-05,0.00034102613153662087,64
post_selector,24,2,0.00019937640536225957,0.21363398873300232,0.21363398873300232,0.5625,-0.0003775987070184679,0.0007763515177429869,64
post_selector,22,3,-0.0007889319385867531,-0.21325192651811944,0.21325192651811944,0.46875,-0.0014353816659422596,-0.00014248221123124686,64
post_selector,17,10,0.0017326191809843372,0.21245390155039717,0.21245390155039717,0.5,0.0004259029665263529,0.003039335395442322,64
response_mean,21,24,0.0007289769134786051,0.21164353253048757,0.21164353253048757,0.59375,0.001097124842544861,0.0003608289844123491,64
post_selector,21,1,1.6547882751184033e-05,0.21144489716700648,0.21144489716700648,0.5625,-5.82377595037234e-06,3.89195414527404e-05,64
post_selector,7,1,0.00015700534368079218,0.2108274253401447,0.2108274253401447,0.53125,0.0001698028354439906,0.00014420785191759374,64
post_selector,10,20,0.00012404073731885754,0.21061460322818512,0.21061460322818512,0.5625,-1.1352049114067572e-05,0.00025943352375178266,64
post_selector,17,16,-0.00048476837946509433,-0.20966106489079403,0.20966106489079403,0.453125,0.0008833296978991521,-0.0018528664568293407,64
post_selector,29,18,0.00014535031641570257,0.20903277524306624,0.20903277524306624,0.65625,-9.858152952802348e-05,0.00038928216235942865,64
response_mean,28,1,0.00015340269249007935,0.20774835705458505,0.20774835705458505,0.5,-0.00033828256141529655,0.0006450879463954552,64
post_selector,12,21,-5.400448833369415e-05,-0.20763450026572444,0.20763450026572444,0.421875,-0.00011531137033668788,7.302393669299617e-06,64
post_selector,11,14,0.0013745780452154375,0.2069062097275728,0.2069062097275728,0.6875,-0.0005416818748926811,0.003290837965323556,64
post_selector,6,10,0.00015319838985304932,0.20585752393057424,0.20585752393057424,0.609375,0.0001246813826582874,0.00018171539704781126,64
post_selector,19,13,-0.004531801660050401,-0.20581570421116793,0.20581570421116793,0.5,-0.004476689689909111,-0.004586913630191694,64
post_selector,2,8,0.0010386682188254718,0.20561961750829724,0.20561961750829724,0.625,0.002569421500083978,-0.0004920850624330342,64
final_prompt,25,24,0.0001318918853030446,0.20548258756774784,0.20548258756774784,0.515625,0.0005383993720897299,-0.00027461560148364064,64
post_selector,29,17,0.0001666384850977869,0.20538914046161968,0.20538914046161968,0.53125,-0.00017067761109499692,0.0005039545812905708,64
post_selector,32,15,0.0002712809182412434,0.20394128378924384,0.20394128378924384,0.5,0.00029275075667100405,0.0002498110798114828,64
post_selector,13,17,-0.0006759383140888407,-0.2039330503982894,0.2039330503982894,0.375,-0.0010684987719287156,-0.00028337785624896563,64
post_selector,2,14,-0.0007959444774314697,-0.20376905744990903,0.20376905744990903,0.4375,0.0005239087331574356,-0.002115797688020375,64
post_selector,19,17,0.0007747385516267968,0.203544756288466,0.203544756288466,0.5,0.0005340377538232063,0.0010154393494303875,64
post_selector,23,25,0.0004249201883794734,0.2032506580707907,0.2032506580707907,0.53125,0.0008284784380521031,2.136193870684377e-05,64
post_selector,2,15,0.0005766401736764116,0.20312113373201396,0.20312113373201396,0.609375,0.0001669816992943969,0.0009862986480584262,64
post_selector,8,4,0.00018786312102746791,0.20216167946769026,0.20216167946769026,0.5625,0.0002480203929735474,0.00012770584908138838,64
post_selector,20,25,-0.00027669465043799575,-0.20209132773201047,0.20209132773201047,0.421875,-0.00047397054186146785,-7.941875901452374e-05,64
response_mean,27,29,0.0003208081834600339,0.20169065743851272,0.20169065743851272,0.546875,0.0005922649688727688,4.9351398047299e-05,64
post_selector,26,0,-0.0005210897470533424,-0.20153964222331075,0.20153964222331075,0.453125,3.586162347345097e-05,-0.001078041117580136,64
post_selector,16,29,0.002420959412120275,0.20119546892174,0.20119546892174,0.59375,0.001758459315169593,0.0030834595090709557,64
post_selector,0,19,0.003076613549637849,0.20109525540678455,0.20109525540678455,0.5,0.0070041510698501935,-0.000850923970574497,64
post_selector,3,13,-0.0009905836377583953,-0.20059324379447396,0.20059324379447396,0.484375,-0.0032312254406860873,0.001250058165169297,64
post_selector,7,23,0.0011967763384745957,0.19969200330812206,0.19969200330812206,0.53125,0.00041639256232884367,0.0019771601146203474,64
response_mean,21,17,-0.00038123003605505524,-0.19941917063073378,0.19941917063073378,0.4375,-0.0007149408374971144,-4.751923461299612e-05,64
response_first,24,31,3.936934626835212e-05,0.19886521734987814,0.19886521734987814,0.59375,-6.30559991350213e-05,0.00014179469167172553,64
post_selector,17,21,-2.261048217632772e-05,-0.19865122616351813,0.19865122616351813,0.421875,1.368960022318325e-05,-5.8910564575838686e-05,64
final_prompt,24,5,1.2798235047738477e-05,0.1983930925568618,0.1983930925568618,0.65625,-7.081617354747019e-07,2.6304631830951654e-05,64
response_mean,28,3,0.00021253006866573152,0.1979656145983653,0.1979656145983653,0.53125,-0.0004718866593975313,0.0008969467967289944,64
post_selector,1,8,-0.0011027767723135174,-0.19794423523293322,0.19794423523293322,0.46875,-0.00044922036613571925,-0.0017563331784913156,64
post_selector,12,0,8.708695850145781e-05,0.19759353632869464,0.19759353632869464,0.5,0.00010322497928427502,7.094893771864062e-05,64
post_selector,28,15,0.0006131788031780047,0.1970988946681211,0.1970988946681211,0.546875,0.00028583249513756883,0.0009405251112184405,64
post_selector,5,4,0.0004577931603080323,0.19659455605783005,0.19659455605783005,0.4375,0.0011967957773322217,-0.0002812094567161571,64
post_selector,7,6,1.509048205771891e-05,0.19635080229876428,0.19635080229876428,0.5,6.704448567874004e-06,2.347651554756382e-05,64
post_selector,35,4,-0.00014217624516277185,-0.19572782150121876,0.19572782150121876,0.5,-9.177419588013127e-05,-0.00019257829444541239,64
post_selector,0,11,-0.004564750102872493,-0.1957016616218324,0.1957016616218324,0.5,-0.0039030346961226267,-0.005226465509622356,64
final_prompt,24,16,0.0007657663718418812,0.19550045596982527,0.19550045596982527,0.578125,0.001024897206661978,0.0005066355370217843,64
post_selector,27,29,0.0007856229062781369,0.1953069692683737,0.1953069692683737,0.640625,-3.695669329319368e-05,0.0016082025058494675,64
response_first,24,29,6.266735357484471e-05,0.19474305351744536,0.19474305351744536,0.625,-0.00015375268628756603,0.00027908739343725545,64
post_selector,14,4,-0.0018700090113270527,-0.19471759475372716,0.19471759475372716,0.46875,-2.7217880415275034e-05,-0.0037128001422388314,64
post_selector,13,1,0.002400659021077443,0.1941355945962973,0.1941355945962973,0.515625,0.004508895028266115,0.00029242301388877196,64
post_selector,17,8,0.0005296768486005019,0.19409816812802322,0.19409816812802322,0.5,-0.00037040710230938986,0.0014297607995103936,64
post_selector,23,24,0.00029143609026504984,0.19375035838643268,0.19375035838643268,0.53125,0.00041447540206717196,0.00016839677846292782,64
post_selector,12,14,0.0006934339598956302,0.193449907358523,0.193449907358523,0.515625,0.001399818280333422,-1.2950360542161437e-05,64
post_selector,35,19,0.0014629387151217097,0.19293270610268376,0.19293270610268376,0.46875,-0.001586804079124691,0.00451268150936811,64
post_selector,24,11,0.0008781088308751266,0.1927730398503995,0.1927730398503995,0.5625,0.0006679071193502657,0.0010883105423999874,64
post_selector,13,18,0.0004801514060090968,0.1920243506627526,0.1920243506627526,0.546875,0.0012640254135476185,-0.0003037226015294247,64
post_selector,21,12,-0.00029577640975729877,-0.1905853486836823,0.1905853486836823,0.40625,-0.0008025977763281559,0.00021104495681355828,64
post_selector,1,14,-0.0013605227759398923,-0.19035048859413925,0.19035048859413925,0.421875,-0.0012558959133457221,-0.0014651496385340627,64
response_mean,23,26,6.908204727550892e-05,0.19000445247935838,0.19000445247935838,0.578125,8.403271567657964e-05,5.4131378874438225e-05,64
post_selector,10,1,0.0002663657178345585,0.18998532367194645,0.18998532367194645,0.484375,0.00048534789129916036,4.738354436995679e-05,64
public_task_span,12,1,-2.4457415975114786e-05,-0.1898643086178816,0.1898643086178816,0.4375,-6.154404991319672e-05,1.2629217962967134e-05,64
response_mean,33,18,0.0001664586784499956,0.18969659654289603,0.18969659654289603,0.515625,-9.455423605685176e-05,0.0004274715929568429,64
post_selector,30,29,6.455533520010221e-05,0.18922594831891243,0.18922594831891243,0.59375,7.15594582061232e-05,5.755121219408124e-05,64
post_selector,2,21,-0.0008094078366411594,-0.1891294315134524,0.1891294315134524,0.265625,0.00031168517307380314,-0.0019305008463561218,64
post_selector,4,27,0.00043104426663373755,0.18891116606038416,0.18891116606038416,0.796875,0.0010853822573153279,-0.00022329372404785285,64
post_selector,34,23,9.916050055380434e-05,0.18878152015542862,0.18878152015542862,0.46875,-6.58546264276021e-05,0.00026417562753521076,64
post_selector,26,29,0.0007499262037526882,0.1885487115720951,0.1885487115720951,0.578125,0.0011582928673305967,0.0003415595401747791,64
post_selector,29,24,0.00031173090746958323,0.18732119434088415,0.18732119434088415,0.6875,-0.00027911365850742453,0.000902575473446591,64
response_mean,21,10,0.0007347275478366529,0.18685321330710197,0.18685321330710197,0.546875,-0.0010516329356846444,0.0025210880313579504,64
post_selector,14,17,-0.0007538961144746263,-0.18671643009994765,0.18671643009994765,0.4375,-0.0013241515116533208,-0.00018364071729593125,64
response_mean,21,16,0.00028482409260276653,0.18489072710408958,0.18489072710408958,0.578125,0.0006443891988965117,-7.474101369097844e-05,64
post_selector,9,3,0.0001360488367936422,0.1846455128460718,0.1846455128460718,0.5,0.0002622679876367344,9.82968595055e-06,64
post_selector,2,19,0.0012527151338872437,0.18417522747831172,0.18417522747831172,0.546875,0.002977248746901731,-0.0004718184791272439,64
response_mean,23,15,0.0006914977218741549,0.18383111451963166,0.18383111451963166,0.5625,-0.0006258530598301855,0.0020088485035784955,64
post_selector,26,5,-6.450452571015575e-05,-0.1837245762574372,0.1837245762574372,0.375,-0.00014570641201316017,1.6697360592848657e-05,64
final_prompt,26,31,0.0006514075685117749,0.18329059789572613,0.18329059789572613,0.59375,-0.000668182283334322,0.001970997420357872,64
post_selector,26,8,-3.982773796451464e-05,-0.18289773369889167,0.18289773369889167,0.515625,-7.226014702154911e-05,-7.395328907480171e-06,64
post_selector,26,1,-0.0005418016862677075,-0.18284655113026302,0.18284655113026302,0.34375,0.000727577695215584,-0.0018111810677509986,64
response_mean,21,11,0.0007188655624190642,0.18258300441227526,0.18258300441227526,0.53125,-0.0008746882884906714,0.0023124194133288,64
post_selector,23,18,2.904481686981789e-05,0.1824526111884856,0.1824526111884856,0.5,8.392692166116161e-06,4.969694157351961e-05,64
post_selector,21,30,0.0004251118152751586,0.18241878501440328,0.18241878501440328,0.46875,-0.00037354110463638,0.0012237647351866973,64
final_prompt,24,1,1.484256944195264e-05,0.18210123619268617,0.18210123619268617,0.671875,9.154592476082957e-06,2.0530546407822324e-05,64
post_selector,7,13,0.0006968890138523422,0.18174574394158838,0.18174574394158838,0.5,0.0006605154194403345,0.0007332626082643501,64
post_selector,27,24,0.00022621049083681134,0.18164324997450956,0.18164324997450956,0.5625,-0.00011623322643571107,0.0005686542081093338,64
final_prompt,24,30,1.5577384630199703e-05,0.18097083350376636,0.18097083350376636,0.546875,3.918485026587063e-05,-8.030081005471227e-06,64
post_selector,28,28,3.0017908329670205e-05,0.1798799236514075,0.1798799236514075,0.515625,5.081161157247951e-05,9.224205086860897e-06,64
post_selector,4,21,0.0015077239731908732,0.17964475372201236,0.17964475372201236,0.515625,0.0013829621748300278,0.0016324857715517187,64
response_mean,28,10,0.00012334895666299726,0.1794053112209801,0.1794053112209801,0.53125,-0.00014066649714548294,0.0003873644104714775,64
post_selector,7,31,-5.10959375787828e-05,-0.1787946966120396,0.1787946966120396,0.515625,-4.076502818860604e-05,-6.142684696895956e-05,64
response_mean,23,11,0.0007889672494911776,0.17856317058621865,0.17856317058621865,0.53125,0.00011528142613316803,0.0014626530728491871,64
post_selector,3,21,0.0010542485215410142,0.1781384572333641,0.1781384572333641,0.53125,0.0021300054067978657,-2.1508363715837557e-05,64
response_first,24,14,0.00011990096004409454,0.1780640145143701,0.1780640145143701,0.625,-0.00015921067574708864,0.00039901259583527773,64
post_selector,30,3,-9.026109341902018e-05,-0.17803666334548598,0.17803666334548598,0.46875,-0.0001270704779017079,-5.34517089363325e-05,64
response_first,27,16,0.000240017818214251,0.1775338659827428,0.1775338659827428,0.5625,-1.010611958918655e-05,0.0004901417560176885,64
final_prompt,26,25,-0.0002467161975800938,-0.17722185092600262,0.17722185092600262,0.421875,0.00020250244779162593,-0.0006959348429518135,64
post_selector,10,6,-9.148998924501497e-05,-0.17674243650397256,0.17674243650397256,0.515625,-1.764288481354242e-05,-0.0001653370936764875,64
response_mean,26,23,9.615304350063292e-05,0.17634197081503228,0.17634197081503228,0.5625,5.2592117754095903e-05,0.0001397139692471699,64
post_selector,17,19,0.0006846396572655,0.17628836605198134,0.17628836605198134,0.546875,0.0019156068156007467,-0.0005463275010697468,64
response_mean,22,22,5.857191086987519e-05,0.17546711469653406,0.17546711469653406,0.59375,-6.243419755946864e-05,0.00017957801929921902,64
post_selector,10,17,-0.00025643164644861073,-0.17526475752807597,0.17526475752807597,0.46875,-0.00038569728167203124,-0.00012716601122519017,64
response_first,23,30,0.00010583661639883873,0.1749299904033162,0.1749299904033162,0.546875,-0.00014402929878087238,0.0003557025315785499,64
post_selector,10,16,0.0002970063487737223,0.1748288531202439,0.1748288531202439,0.5,0.0005821228423883375,1.1889855159107116e-05,64
post_selector,17,28,6.291900831455907e-05,0.1739990990546903,0.1739990990546903,0.5,0.00010796459264381954,1.7873423985298594e-05,64
post_selector,6,23,0.000504237312270567,0.1737233668112598,0.1737233668112598,0.5,0.0009446566946280655,6.381792991306867e-05,64
post_selector,21,22,-0.0009643633147788876,-0.1734954159546807,0.1734954159546807,0.484375,-0.0020734316967718686,0.00014470506721409366,64
response_mean,29,5,0.00037664250658053604,0.17309741511457885,0.17309741511457885,0.515625,-0.0011370011452526856,0.0018902861584137575,64
post_selector,14,28,-0.0004836143671127468,-0.17284562175359297,0.17284562175359297,0.5,-0.00022278938195086252,-0.0007444393522746313,64
post_selector,11,20,3.0987326454118275e-05,0.17277041383864242,0.17277041383864242,0.640625,-7.256589128696854e-06,6.923124203693338e-05,64
post_selector,28,4,-0.00016438989518973988,-0.17261956492534558,0.17261956492534558,0.4375,-8.943597958932213e-05,-0.0002393438107901576,64
post_selector,21,15,0.00048795773000165035,0.17194000766721726,0.17194000766721726,0.53125,0.0002451340842526445,0.0007307813757506563,64
post_selector,13,21,6.654074972799445e-06,0.17176453857474155,0.17176453857474155,0.625,1.8472858727143415e-06,1.1460864072884548e-05,64
post_selector,22,10,0.00034890242477558184,0.17121466714579037,0.17121466714579037,0.5625,0.00034875053643190155,0.00034905431311926224,64
post_selector,8,21,0.0001867530900199179,0.17115683346405644,0.17115683346405644,0.515625,0.00031034880794321705,6.315737209661875e-05,64
post_selector,14,1,3.464794576757259e-05,0.17110577956774414,0.17110577956774414,0.546875,1.7796037354855703e-05,5.149985418028948e-05,64
final_prompt,21,28,9.106884226639281e-05,0.17099943576287716,0.17099943576287716,0.578125,-1.0495114111099625e-06,0.00018318719594389551,64
response_mean,27,13,0.0001906467568915104,0.17082164783969822,0.17082164783969822,0.5,-0.0004724618620457062,0.0008537553758287271,64
post_selector,22,1,0.00026156010608246593,0.17000753634342655,0.17000753634342655,0.515625,0.00023810752827556255,0.0002850126838893694,64
final_prompt,26,19,0.0004660470299313554,0.16962726796335498,0.16962726796335498,0.546875,0.0017068484876290048,-0.0007747544277662942,64
response_mean,20,15,0.0007647288464340744,0.16939366944272335,0.16939366944272335,0.546875,-0.0015853229024287137,0.0031147805952968623,64
post_selector,11,9,5.15044062510122e-06,0.16886459515625138,0.16886459515625138,0.484375,9.210566027205399e-06,1.0903152229970407e-06,64
post_selector,6,21,0.0004957265446137077,0.16849896056598881,0.16849896056598881,0.53125,0.0012890407888334937,-0.00029758769960607813,64
response_mean,32,6,0.00014172127475830807,0.16821930766736698,0.16821930766736698,0.546875,-0.00036152646498520055,0.0006449690145018168,64
post_selector,28,24,0.00017757586692824219,0.1681803675652595,0.1681803675652595,0.5,-3.4412988497931264e-05,0.0003895647223544156,64
post_selector,6,11,-0.0004528186636889485,-0.16813278375616852,0.16813278375616852,0.46875,-0.00139556358772095,0.0004899262603430531,64
response_first,24,30,1.6003291012367526e-06,0.16723373660044988,0.16723373660044988,0.578125,2.4957952149407098e-08,3.1757002503240983e-06,64
post_selector,15,30,-0.0003280422606621832,-0.16722155305216607,0.16722155305216607,0.453125,-0.0002721814362303118,-0.00038390308509405474,64
post_selector,16,26,0.0003572868208720982,0.16691709735700413,0.16691709735700413,0.59375,0.001154488196334553,-0.0004399145545903566,64
post_selector,23,28,0.0016668614880472892,0.16691583774225438,0.16691583774225438,0.53125,-0.001300502895901437,0.004634225871996016,64
post_selector,18,9,0.0004483863594941729,0.16683260308798864,0.16683260308798864,0.5625,0.0006030221884429782,0.0002937505305453676,64
response_mean,29,7,0.0003952239658247028,0.16643289919115725,0.16643289919115725,0.53125,-0.0011334193350193834,0.0019238672666687892,64
final_prompt,23,10,0.0006188110373841443,0.16636893867542538,0.16636893867542538,0.546875,2.705614679144187e-05,0.0012105659279768467,64
response_mean,22,9,5.1551639558046207e-05,0.16566618977277073,0.16566618977277073,0.5625,1.7417518620275895e-05,8.568576049581651e-05,64
post_selector,16,30,-0.0004323424818721744,-0.16490910057760558,0.16490910057760558,0.4375,0.0003373695435584528,-0.0012020545073028017,64
post_selector,29,23,7.652692829652036e-05,0.16478856944178133,0.16478856944178133,0.46875,-9.433647892363243e-05,0.00024739033551667315,64
response_mean,22,7,0.0006102353349888264,0.16464036128970297,0.16464036128970297,0.53125,0.0018493883828796034,-0.0006289177129019507,64
post_selector,26,14,-0.0006306846771622085,-0.16407180843022368,0.16407180843022368,0.5,-0.00207476910873082,0.0008133997544064031,64
post_selector,15,20,6.765332148006782e-05,0.16352001571952204,0.16352001571952204,0.53125,6.804773238399813e-05,6.725891057613752e-05,64
response_mean,23,14,0.0005570787384954165,0.1633406391382382,0.1633406391382382,0.5625,3.743658260190991e-05,0.0010767208943889234,64
final_prompt,27,16,0.0002991406872752095,0.16315041637469413,0.16315041637469413,0.546875,-0.0007021628334768903,0.0013004442080273093,64
response_mean,30,25,9.691028242286478e-05,0.16283811930561976,0.16283811930561976,0.59375,-5.0958098881887334e-05,0.0002447786637276169,64
response_mean,22,2,0.00034060492225761917,0.16257324891289726,0.16257324891289726,0.578125,-0.0002261458748762304,0.0009073557193914688,64
post_selector,30,14,-1.642861320760653e-05,-0.16252274733874592,0.16252274733874592,0.5,-4.116468733172124e-05,8.307460916508187e-06,64
final_prompt,24,6,3.981835249078358e-06,0.16248774933127855,0.16248774933127855,0.546875,1.9626581604370585e-06,6.001012337719658e-06,64
response_mean,24,7,9.490838451141584e-05,0.16247639966793964,0.16247639966793964,0.59375,-0.00022827856463435603,0.00041809533365718765,64
public_task_span,11,7,-2.4466617446700145e-05,-0.16194782701991609,0.16194782701991609,0.4375,-4.2945206359935057e-05,-5.988028533465244e-06,64
post_selector,25,0,-0.0001160861629614273,-0.16187239062533956,0.16187239062533956,0.40625,-0.00040619157152829195,0.00017401924560543736,64
response_mean,22,6,0.00023989462488315736,0.1616322888838836,0.1616322888838836,0.515625,0.00021275619656079824,0.00026703305320551645,64
post_selector,25,22,-9.894687059386212e-05,-0.16119410499811818,0.16119410499811818,0.5,-0.00010800567270053053,-8.988806848719377e-05,64
post_selector,26,9,4.9886573719953655e-05,0.16061945018707313,0.16061945018707313,0.5,5.565465562539217e-05,4.4118491814515146e-05,64
post_selector,5,0,0.0003208661055395951,0.16046478608044465,0.16046478608044465,0.640625,0.0004956831253366469,0.00014604908574254337,64
response_mean,29,8,0.00018799020824644095,0.1602748191596313,0.1602748191596313,0.5625,-0.0004581095249704742,0.0008340899414633562,64
post_selector,28,25,0.0004227540721330985,0.15991614158231784,0.15991614158231784,0.5,0.0005540139136428438,0.0002914942306233531,64
response_mean,32,5,9.940786071637974e-05,0.1594387363459421,0.1594387363459421,0.546875,-0.0002195712775119191,0.00041838699894467863,64
post_selector,7,3,0.00018400014869257488,0.15928251637278004,0.15928251637278004,0.546875,0.00014521692355628124,0.00022278337382886847,64
response_mean,20,14,0.0010388759985460144,0.15899698321059758,0.15899698321059758,0.546875,-0.0016342064128593552,0.003711958409951384,64
response_mean,23,0,9.266088341064415e-05,0.15844410917500437,0.15844410917500437,0.515625,-6.243480061129069e-05,0.00024775656743257897,64
post_selector,25,8,0.00013510215603672592,0.1579649583987266,0.1579649583987266,0.671875,0.0002510058184270565,1.9198493646395315e-05,64
post_selector,35,26,0.0007262107683345626,0.157859333776871,0.157859333776871,0.515625,-0.00025690685288282496,0.0017093283895519501,64
post_selector,1,27,0.0034230972087243555,0.15777626752252716,0.15777626752252716,0.53125,0.008878662483766668,-0.0020324680663179567,64
post_selector,17,30,2.936428211341405e-05,0.15776156116953208,0.15776156116953208,0.59375,3.501899823276313e-05,2.3709565994064963e-05,64
post_selector,6,15,-0.00043140648176631934,-0.157592469463657,0.157592469463657,0.484375,-1.0154188203160858e-05,-0.0008526587753294775,64
post_selector,30,31,-7.199939142309814e-05,-0.15739223551783366,0.15739223551783366,0.59375,-0.0001470767859927842,3.0780031465879342e-06,64
final_prompt,25,26,0.00013877735227651176,0.15712748923856332,0.15712748923856332,0.578125,0.00021387843844421572,6.367626610880782e-05,64
post_selector,29,14,-0.00028551878767757146,-0.1569829476204257,0.1569829476204257,0.4375,-0.0007865245115681262,0.00021548693621298325,64
post_selector,35,16,0.00020003510326205471,0.15661021597282201,0.15661021597282201,0.5,6.56543143122625e-05,0.0003344158922118469,64
post_selector,0,7,-0.0031324621886597045,-0.15656503714730355,0.15656503714730355,0.5,-0.0017340582271572259,-0.0045308661501621845,64
final_prompt,21,16,5.225017650899816e-05,0.1565196437627044,0.1565196437627044,0.515625,0.00022400015291165493,-0.00011949979989365862,64
post_selector,28,27,9.654105906520486e-05,0.15642053284158927,0.15642053284158927,0.546875,-2.465410125296397e-05,0.00021773621938337367,64
post_selector,9,14,-0.0004864284419454542,-0.15598771135411402,0.15598771135411402,0.40625,-0.0009494836122030194,-2.337327168788899e-05,64
post_selector,35,1,-6.137753712210075e-05,-0.1558229813969802,0.1558229813969802,0.5,-2.0737752493062438e-06,-0.00012068129899489527,64
response_mean,19,28,0.0004862370328737519,0.1557065758954027,0.1557065758954027,0.5625,-0.0006579951946150687,0.0016304692603625725,64
response_mean,28,16,3.5985145672152e-05,0.15518010910413801,0.15518010910413801,0.515625,-7.53671248503398e-05,0.00014733741619464381,64
post_selector,12,2,1.1611471109061787e-05,0.1550227704029532,0.1550227704029532,0.5,-9.699096551679402e-06,3.292203876980298e-05,64
post_selector,19,7,0.0002134436072083181,0.1548835130571644,0.1548835130571644,0.53125,0.00020952480554114786,0.0002173624088754883,64
post_selector,19,22,0.0003633113938121812,0.15486738178629156,0.15486738178629156,0.515625,0.000553160567505975,0.00017346222011838753,64
post_selector,9,17,-0.0005439863234641895,-0.15484267528615628,0.15484267528615628,0.46875,-0.0007812401745468289,-0.00030673247238154983,64
response_first,25,31,-1.903818088066687e-05,-0.15468363852795472,0.15468363852795472,0.421875,-1.3058232525507217e-05,-2.501812923582652e-05,64
post_selector,8,23,0.00015545429641861217,0.1534986222932484,0.1534986222932484,0.421875,0.0004217970613353828,-0.00011088846849815852,64
post_selector,13,28,0.00055511585287605,0.15290103936813934,0.15290103936813934,0.46875,0.0007430903133354125,0.00036714139241668755,64
post_selector,7,20,0.0006064001736376625,0.1524206230104217,0.1524206230104217,0.546875,0.0008949524435592907,0.0003178479037160343,64
post_selector,4,4,-0.0010679400020308092,-0.15241666363595974,0.15241666363595974,0.46875,0.00047788869414944993,-0.0026137686982110686,64
post_selector,22,30,0.00024555987147323175,0.15215466939717734,0.15215466939717734,0.5,0.00034556430546218227,0.00014555543748428126,64
response_first,21,18,5.750666663750401e-06,0.15201564866273665,0.15201564866273665,0.515625,2.0043304354015817e-06,9.49700289209922e-06,64
post_selector,33,26,-0.00025638592387622225,-0.15177439740148074,0.15177439740148074,0.46875,-0.00023204920853459298,-0.00028072263921785157,64
post_selector,25,14,0.0005412306763901125,0.15159544623277352,0.15159544623277352,0.515625,0.0005340321877156375,0.0005484291650645874,64
post_selector,9,5,8.827665556054895e-05,0.15134026660879785,0.15134026660879785,0.453125,0.0001506935741417574,2.5859736979340508e-05,64
post_selector,29,19,9.41371454246107e-05,0.15132914045112242,0.15132914045112242,0.5,-0.00018336688299312487,0.0003716411738423463,64
response_first,26,19,1.3328091725383401e-05,0.15105147023980206,0.15105147023980206,0.625,1.348253397281833e-05,1.3173649477948475e-05,64
post_selector,3,3,-0.0005301508845150121,-0.1503402594781658,0.1503402594781658,0.359375,0.0005486285645019927,-0.0016089303335320164,64
response_mean,31,30,0.00027550479535419953,0.150229497053203,0.150229497053203,0.53125,-0.0009659035022195642,0.0015169130929279634,64
response_mean,23,22,0.00011308632883810319,0.150066359654482,0.150066359654482,0.546875,8.137092663674115e-05,0.00014480173103946525,64
post_selector,13,4,0.00019072734176006715,0.14991469443521913,0.14991469443521913,0.5,0.00042419795681780307,-4.2743273297668724e-05,64
post_selector,35,11,-0.00018048964193438855,-0.14982715360301804,0.14982715360301804,0.40625,-0.00025776399706955164,-0.00010321528679922542,64
final_prompt,21,29,1.6937290865823947e-05,0.14974667532875838,0.14974667532875838,0.515625,2.8126537472412657e-05,5.7480442592352435e-06,64
post_selector,24,16,-0.001551395854107805,-0.14972252711302458,0.14972252711302458,0.71875,-0.003097631932178055,-5.159776037555407e-06,64
final_prompt,21,7,5.909236790557325e-06,0.14961814806395302,0.14961814806395302,0.5625,1.3814940359676595e-05,-1.9964667785619435e-06,64
post_selector,5,5,-0.0006972893643251095,-0.14884605271805212,0.14884605271805212,0.46875,-0.00039087622280931566,-0.001003702505840903,64
final_prompt,24,19,0.002507700148271399,0.14874570422245945,0.14874570422245945,0.546875,-0.00019613857148214047,0.0052115388680249375,64
post_selector,4,9,0.0009170468811134879,0.14855557790033325,0.14855557790033325,0.5625,0.0017804203926061852,5.367336962079069e-05,64
response_first,24,1,3.5350614595586194e-06,0.14844253495637258,0.14844253495637258,0.578125,4.62768164766203e-06,2.4424412714552095e-06,64
final_prompt,21,25,3.6710125186791095e-05,0.1476274869221422,0.1476274869221422,0.59375,3.617030995427534e-05,3.724994041930686e-05,64
final_prompt,24,25,0.00027049997333960564,0.14753817003095082,0.14753817003095082,0.53125,-0.0002584318099252356,0.0007994317566044468,64
post_selector,30,0,0.0003080804908677128,0.1469882010545735,0.1469882010545735,0.640625,-0.0005915557776461311,0.001207716759381557,64
post_selector,34,26,-3.8741233197468226e-05,-0.14687493010544958,0.14687493010544958,0.46875,-5.4838788400952046e-05,-2.2643677993984407e-05,64
post_selector,32,24,0.00030723487543582505,0.14684016177982492,0.14684016177982492,0.5,0.0003478307407931406,0.00026663901007850936,64
post_selector,7,22,0.0014587556961487217,0.1467912981306812,0.1467912981306812,0.5625,0.0005511405397555749,0.0023663708525418683,64
response_mean,20,13,0.00024924592673868833,0.14664324853202806,0.14664324853202806,0.59375,-0.0005853847651451137,0.0010838766186224906,64
response_mean,28,8,0.00027372957936222227,0.14648579996277752,0.14648579996277752,0.546875,-0.0004251957518590562,0.0009726549105835008,64
post_selector,12,25,2.378642014466692e-07,0.14637256182794536,0.14637256182794536,0.53125,9.823781801365783e-07,-5.066497772432399e-07,64
post_selector,21,5,0.0008574946805310798,0.14604868559628292,0.14604868559628292,0.59375,0.0013424537028185908,0.00037253565824356877,64
post_selector,30,4,2.6685723696567475e-05,0.14556896109545442,0.14556896109545442,0.609375,7.708737030042e-06,4.566271036309295e-05,64
response_mean,26,7,7.571170249320317e-05,0.14543901103458706,0.14543901103458706,0.546875,-8.126054353850296e-05,0.00023268394852490927,64
post_selector,16,16,-0.0014183336716087063,-0.14431846756470576,0.14431846756470576,0.5,-0.0009451219884795126,-0.0018915453547379,64
response_mean,20,18,0.00018767720035838578,0.14423773342228108,0.14423773342228108,0.5625,-0.00029391925295385856,0.0006692736536706301,64
post_selector,4,29,0.0003848741935144023,0.14390067730335726,0.14390067730335726,0.53125,-7.925598947621719e-05,0.0008490043765050218,64
post_selector,17,11,0.001078724511899064,0.14329742199058648,0.14329742199058648,0.46875,-0.00036687289684776236,0.0025243219206458906,64
post_selector,13,3,-0.0013082920158922183,-0.14306065183411698,0.14306065183411698,0.484375,0.0002116282776114532,-0.002828212309395889,64
post_selector,15,1,-0.0015348066408478202,-0.14285211656530972,0.14285211656530972,0.5,-0.00012316699576331563,-0.002946446285932325,64
post_selector,24,19,-0.0008667102582364944,-0.14279332677726483,0.14279332677726483,0.6875,-0.0018282516756471649,9.483115917417581e-05,64
post_selector,34,18,5.2330110975164044e-05,0.1426013296233979,0.1426013296233979,0.46875,4.153821532782161e-05,6.31220066225065e-05,64
response_mean,24,25,0.000454790111689364,0.1418872425936607,0.1418872425936607,0.53125,-0.0013685620797332188,0.002278142303111947,64
post_selector,28,26,3.567148530691945e-05,0.14178388178502818,0.14178388178502818,0.5,3.0014643243692202e-05,4.13283273701467e-05,64
post_selector,34,20,-1.6969387189645898e-05,-0.1416407489451071,0.1416407489451071,0.546875,-2.8307946678295242e-05,-5.630827700996557e-06,64
post_selector,7,0,0.00019535723276930958,0.1413351696920267,0.1413351696920267,0.578125,1.0501207725609229e-05,0.00038021325781300994,64
post_selector,25,21,0.00013418654179986773,0.1405564138803783,0.1405564138803783,0.515625,1.6401171706097875e-05,0.0002519719118936375,64
post_selector,27,17,0.00014806766239416176,0.13983480319780767,0.13983480319780767,0.5625,0.0001890581424959169,0.00010707718229240664,64
final_prompt,23,31,3.3001497229176843e-05,0.13983262921125955,0.13983262921125955,0.578125,7.990462336237803e-06,5.801253212211587e-05,64
post_selector,30,16,0.0002596053745946769,0.1393602740219635,0.1393602740219635,0.546875,-0.0006661732550128226,0.0011853840042021766,64
post_selector,2,5,-0.0005035871572545153,-0.13918329578678837,0.13918329578678837,0.578125,0.0010941340533463344,-0.0021013083678553647,64
public_task_span,21,19,9.050795677012269e-05,0.1391347966345496,0.1391347966345496,0.5625,-1.3517117849908414e-05,0.0001945330313901538,64
post_selector,18,0,0.00011243966378059841,0.13907227670817895,0.13907227670817895,0.5625,6.428428923754254e-05,0.00016059503832365428,64
response_mean,32,11,0.00012793536780008672,0.1389702187199847,0.1389702187199847,0.546875,-0.00041440144923397327,0.0006702721848341467,64
post_selector,7,2,0.0002919529097198344,0.13892572173778633,0.13892572173778633,0.53125,0.0007538214558735345,-0.00016991563643386565,64
response_mean,20,8,0.000225786164904205,0.1388954599835043,0.1388954599835043,0.515625,9.823709973489584e-05,0.0003533352300735142,64
post_selector,33,2,9.963564033909741e-05,0.13875921791436047,0.13875921791436047,0.5,0.00013486253033078915,6.44087503474057e-05,64
response_mean,25,23,1.3187013564670872e-05,0.13842579632232585,0.13842579632232585,0.515625,-1.0999244636879565e-05,3.737327176622131e-05,64
post_selector,10,10,0.0007967263518366953,0.13833295181043295,0.13833295181043295,0.4375,3.665038093458452e-05,0.0015568023227388065,64
post_selector,29,31,2.1096768421098886e-05,0.13829547840060363,0.13829547840060363,0.53125,-8.751364362066904e-06,5.0944901204264675e-05,64
response_first,24,4,9.34926839590623e-06,0.13827209366886853,0.13827209366886853,0.5625,-1.594452032804764e-05,3.46430571198601e-05,64
post_selector,25,20,6.253381548048794e-05,0.13825772267932396,0.13825772267932396,0.578125,0.00012098669594705488,4.080935013920972e-06,64
final_prompt,26,17,4.483007808175619e-05,0.1378920813930183,0.1378920813930183,0.578125,-5.698725567525362e-05,0.00014664741183876602,64
final_prompt,27,17,9.548922480460902e-05,0.13779004520798382,0.13779004520798382,0.671875,0.0002183785118177006,-2.7400062208482562e-05,64
response_mean,29,9,0.00012149340545875072,0.13775416945792598,0.13775416945792598,0.515625,-0.00044181052021482266,0.0006847973311323242,64
post_selector,18,26,0.0005672688639606329,0.1376609666290138,0.1376609666290138,0.453125,0.001496524622780256,-0.00036198689485899004,64
post_selector,33,24,0.00019816869962595708,0.13720519791805316,0.13720519791805316,0.578125,0.0004741933289551281,-7.785592970321389e-05,64
final_prompt,24,10,1.9305085174887985e-05,0.1369692444751982,0.1369692444751982,0.546875,1.8620060018266772e-06,3.67481643479493e-05,64
post_selector,15,11,-0.0005711111871278375,-0.13695122086216896,0.13695122086216896,0.578125,-0.0020516453714662904,0.0009094229972106158,64
post_selector,12,7,0.00019600784526119063,0.1369074777849516,0.1369074777849516,0.5,0.00013591031347458756,0.00025610537704779377,64
response_mean,33,14,0.00013290841047818816,0.1368598102488198,0.1368598102488198,0.53125,-0.0003899398739122112,0.0006557566948685874,64
post_selector,18,18,0.00028037623542332183,0.13674409293850032,0.13674409293850032,0.484375,0.0007799320774210907,-0.00021917960657444728,64
post_selector,1,16,-0.0005303725265548559,-0.13668887894917403,0.13668887894917403,0.5,-0.00037959768087603136,-0.0006811473722336806,64
post_selector,19,28,-0.001074036772479303,-0.1366009291384138,0.1366009291384138,0.453125,-0.0021829338875249894,3.486034256638276e-05,64
post_selector,12,24,8.824847704146785e-05,0.1365686173181407,0.1365686173181407,0.65625,0.0003328430388193985,-0.00015634608473646277,64
post_selector,20,27,3.434313339311366e-05,0.1365242003314577,0.1365242003314577,0.515625,3.326670230307639e-05,3.541956448315096e-05,64
response_mean,28,23,0.00022363668085745108,0.13608781877576132,0.13608781877576132,0.515625,-0.0007703096916884227,0.0012175830534033247,64
post_selector,7,15,-0.00016243023310379996,-0.136057005394499,0.136057005394499,0.5,-7.057187031023118e-05,-0.00025428859589736875,64
post_selector,19,15,0.0004796864668605922,0.13604224714899688,0.13604224714899688,0.46875,0.0003960616159020064,0.0005633113178191781,64
post_selector,6,12,-0.0003696084695547943,-0.13593157971397044,0.13593157971397044,0.40625,-6.683998435618745e-05,-0.0006723769547534013,64
post_selector,10,31,0.00029105059275025383,0.13579733657064538,0.13579733657064538,0.46875,0.0008383956119359856,-0.00025629442643547787,64
post_selector,19,8,0.0001132316101575232,0.13558265566171254,0.13558265566171254,0.5,0.00022951910068512758,-3.055880370081262e-06,64
post_selector,9,13,-0.0003170130457874657,-0.1355215684620878,0.1355215684620878,0.546875,-0.00045203867921373114,-0.0001819874123612003,64
response_first,25,11,0.0001511109001057745,0.13546404658093003,0.13546404658093003,0.5,-0.0005415377224835321,0.000843759522695081,64
post_selector,29,29,0.00012436385088676329,0.1347452677798697,0.1347452677798697,0.546875,0.00031384529393106405,-6.511759215753749e-05,64
response_mean,21,8,0.000382952612653755,0.13464753613604938,0.13464753613604938,0.515625,-0.0005258123806015447,0.0012917176059090547,64
post_selector,3,19,0.0011243725239182796,0.13395205543778532,0.13395205543778532,0.515625,0.00161209439102095,0.0006366506568156094,64
post_selector,30,2,0.00012554470504255573,0.13386302902105224,0.13386302902105224,0.546875,-5.888525265618138e-05,0.00030997466274129286,64
post_selector,0,10,-0.0021697038719139467,-0.13378848815217298,0.13378848815217298,0.5,-0.0008274458523374036,-0.003511961891490491,64
response_mean,28,19,0.00011526494319013586,0.133777553202645,0.133777553202645,0.546875,-0.0002819660270460922,0.0005124959134263639,64
post_selector,13,30,0.0006745298687746937,0.13332958217038982,0.13332958217038982,0.5,0.0009544345703034063,0.00039462516724598134,64
final_prompt,32,5,0.00013048509140389444,0.13321429255480913,0.13321429255480913,0.5,0.00012940627357239037,0.00013156390923539855,64
final_prompt,21,4,3.181571116782677e-05,0.13286318578354459,0.13286318578354459,0.578125,8.523172300554839e-05,-2.1600300669894848e-05,64
post_selector,33,27,0.00011010552816514946,0.13280450882566205,0.13280450882566205,0.484375,0.00016275607777059916,5.7454978559699806e-05,64
post_selector,22,7,-0.00024577784824941854,-0.13278188926543022,0.13278188926543022,0.453125,0.0001059494807122817,-0.0005975051772111187,64
post_selector,3,25,-0.0011833159906018305,-0.13274444566388258,0.13274444566388258,0.421875,0.001118477148338576,-0.0034851091295422377,64
response_mean,26,21,-7.192408372701998e-05,-0.13237905912087064,0.13237905912087064,0.40625,-0.00033190325166285243,0.00018805508420881252,64
post_selector,31,26,8.066233817771112e-05,0.13153931595383914,0.13153931595383914,0.5,-9.629104170016534e-05,0.00025761571805558753,64
response_mean,22,0,0.0003216007016817463,0.13116178281189328,0.13116178281189328,0.53125,-0.0004066574365424418,0.0010498588399059344,64
post_selector,35,23,0.0004240519083396117,0.13083676016389473,0.13083676016389473,0.484375,0.0006089022099331479,0.00023920160674607577,64
final_prompt,29,10,1.9707742566765774e-06,0.13081213865874503,0.13081213865874503,0.59375,-4.1572618840746145e-06,8.09881039742777e-06,64
post_selector,6,20,0.0004058885624544923,0.13075921314409447,0.13075921314409447,0.5,0.0008639466723252532,-5.216954741626864e-05,64
response_mean,21,31,0.00043312341995259775,0.13074036857062335,0.13074036857062335,0.546875,-0.00032302232284564997,0.0011892691627508455,64
post_selector,7,9,7.30183990071912e-05,0.1305262481370563,0.1305262481370563,0.640625,-1.032339946505347e-05,0.00015636019747943588,64
post_selector,8,30,5.5638767548774164e-05,0.13029813738042068,0.13029813738042068,0.5,9.321001903116782e-05,1.80675160663805e-05,64
response_mean,24,10,6.287837834406237e-05,0.13016085463358043,0.13016085463358043,0.59375,-6.519423322977891e-06,0.00013227618001110267,64
response_mean,23,1,5.418701607595606e-05,0.1301217763610031,0.1301217763610031,0.5625,0.00018955969699162225,-8.118566483971014e-05,64
response_first,24,11,1.0156839948645273e-05,0.13011314497970022,0.13011314497970022,0.578125,-2.2568971303367758e-05,4.2882651200658305e-05,64
post_selector,27,9,5.024352026339015e-05,0.12991172839906687,0.12991172839906687,0.53125,-0.00011999565140284081,0.0002204826919296211,64
final_prompt,25,8,0.00014761603642908893,0.12927461513724686,0.12927461513724686,0.5625,0.00025091580664592355,4.431626621225428e-05,64
response_mean,29,0,0.0002576230508566328,0.12892726285595188,0.12892726285595188,0.546875,-0.0008785139780229345,0.0013937600797362,64
response_mean,32,10,0.00013879064078991686,0.1288143792687963,0.1288143792687963,0.5625,-0.0003735019072337177,0.0006510831888135514,64
response_mean,33,16,9.259878947886544e-05,0.12851832987154643,0.12851832987154643,0.5625,-0.0003880109434248602,0.000573208522382591,64
post_selector,5,17,0.0005281076746541641,0.1284221686463761,0.1284221686463761,0.515625,0.0017007061996991814,-0.0006444908503908531,64
post_selector,34,25,0.00018817989848685676,0.12815221467407625,0.12815221467407625,0.4375,0.000602358098149124,-0.00022599830117541047,64
post_selector,28,31,-7.742327011328594e-05,-0.1280993723817439,0.1280993723817439,0.5,1.7095731436706265e-05,-0.0001719422716632781,64
post_selector,27,20,-0.0002641808869157093,-0.12794058173935047,0.12794058173935047,0.484375,-0.0008939229428506125,0.00036556116901919375,64
post_selector,5,13,0.0006534567567087033,0.12759608964285532,0.12759608964285532,0.4375,0.0022804739114690156,-0.0009735603980516093,64
response_first,24,5,9.982067011193134e-06,0.1275395375687261,0.1275395375687261,0.546875,-2.0161007864054316e-05,4.0125141886440584e-05,64
response_mean,27,19,0.0001447774538973999,0.12730082429490222,0.12730082429490222,0.515625,-0.00048697103329684564,0.0007765259410916455,64
response_mean,31,7,5.755427014264654e-05,0.12708313238980243,0.12708313238980243,0.546875,-0.00022697629901810147,0.00034208483930339457,64
response_mean,29,15,7.992685658564174e-05,0.1267624726985794,0.1267624726985794,0.5,-0.00026253803036977287,0.00042239174354105635,64
post_selector,34,15,0.0005447667062981048,0.12671748599819826,0.12671748599819826,0.5,0.0007747429262963093,0.00031479048629990005,64
response_mean,21,29,0.00011452278505429859,0.1263957637204146,0.1263957637204146,0.625,0.00036650066283525914,-0.000137455092726662,64
post_selector,8,31,5.5557787050010787e-05,0.12623030931814472,0.12623030931814472,0.578125,6.041850042491054e-05,5.0697073675111035e-05,64
post_selector,21,28,0.00048347874508179896,0.12618826786155035,0.12618826786155035,0.609375,0.0011110067353001624,-0.00014404924513656463,64
post_selector,19,12,0.0021422111967694985,0.1261066123046581,0.1261066123046581,0.515625,0.0038651800277875745,0.000419242365751422,64
response_mean,20,1,8.456538472500298e-05,0.1259238064652835,0.1259238064652835,0.546875,8.564092377127372e-05,8.348984567873224e-05,64
final_prompt,23,30,6.69492108045188e-05,0.12570443083477445,0.12570443083477445,0.578125,-0.00017379064911436274,0.0003076890707234003,64
post_selector,35,25,0.00011039194851036759,0.12568772105188608,0.12568772105188608,0.46875,-0.00012507275278040477,0.00034585664980114,64
post_selector,23,26,0.0004075527231179798,0.12543458252572562,0.12543458252572562,0.625,-0.00053297432532418,0.0013480797715601394,64
response_first,26,17,1.1704606777126748e-05,0.12533391717237813,0.12533391717237813,0.546875,-1.6181728824445605e-05,3.95909423786991e-05,64
post_selector,19,26,-0.0003717175172823661,-0.12495723876986106,0.12495723876986106,0.40625,-0.00020787010089404938,-0.0005355649336706829,64
response_mean,30,2,3.2769629910942726e-05,0.12477717271067866,0.12477717271067866,0.546875,-8.291980384454061e-05,0.00014845906366642606,64
post_selector,35,30,5.592136494669019e-05,0.12468501884884173,0.12468501884884173,0.5625,0.00018924109190264707,-7.739836200926669e-05,64
post_selector,13,27,0.0003523051072988934,0.12455902527942117,0.12455902527942117,0.53125,0.0002234894127468612,0.00048112080185092537,64
response_first,23,13,6.037993369999487e-05,0.12446027591942789,0.12446027591942789,0.5625,-7.192409987055764e-05,0.00019268396727054738,64
post_selector,8,29,-3.293676968496046e-05,-0.1243876226766477,0.1243876226766477,0.4375,-7.504970881199919e-05,9.176169442078276e-06,64
post_selector,4,30,-0.0005026798025937735,-0.12431108928911695,0.12431108928911695,0.453125,-0.00024153033882612194,-0.000763829266361425,64
post_selector,6,2,-7.17118194870552e-05,-0.12416380262606813,0.12416380262606813,0.5,3.551908434928908e-05,-0.00017894272332339952,64
post_selector,34,9,0.00024552561717428197,0.12409810947501959,0.12409810947501959,0.515625,-7.565570740552811e-05,0.000566706941754092,64
post_selector,9,12,0.00012885613068647298,0.12395912883304477,0.12395912883304477,0.515625,0.0004650790724553978,-0.00020736681108245186,64
final_prompt,21,26,1.6855289786118096e-05,0.12382526667523433,0.12382526667523433,0.578125,1.0769548566711104e-05,2.29410310055251e-05,64
post_selector,33,1,0.00013107504446452486,0.12374994701512283,0.12374994701512283,0.46875,-0.0003960135209126678,0.0006581636098417175,64
post_selector,12,17,0.00011868518731716627,0.12370510561851748,0.12370510561851748,0.484375,-2.60135475400632e-05,0.0002633839221743958,64
response_mean,21,25,0.0004983500127195731,0.1233138130742821,0.1233138130742821,0.53125,0.0008866977142360935,0.00011000231120305257,64
post_selector,12,5,7.080344710174517e-05,0.12328363837555933,0.12328363837555933,0.609375,2.1064571910747727e-05,0.00012054232229274264,64
post_selector,1,30,0.0002977312615257663,0.1232454450858414,0.1232454450858414,0.53125,1.1219126463409869e-05,0.0005842433965881226,64
final_prompt,23,13,7.066932357702175e-05,0.12312140061994428,0.12312140061994428,0.5625,-0.00021073372681710466,0.00035207237397114814,64
post_selector,19,6,0.0007268227291206142,0.12302696217812208,0.12302696217812208,0.5,-0.0006951638642931249,0.002148809322534353,64
final_prompt,22,5,6.562764292538523e-05,0.1228684249454812,0.1228684249454812,0.5,0.00027655130793388227,-0.00014529602208311176,64
post_selector,10,5,2.9908346277803834e-05,0.12278897703348253,0.12278897703348253,0.40625,2.7364623292672104e-05,3.245206926293556e-05,64
response_mean,20,19,0.0002704172743506168,0.12262975300719002,0.12262975300719002,0.53125,0.000814221487416924,-0.00027338693871569066,64
post_selector,4,14,0.000601964111410768,0.12257187042148625,0.12257187042148625,0.59375,0.0011296491647954138,7.427905802612192e-05,64
post_selector,35,0,-9.682809104560244e-05,-0.12248255520486782,0.12248255520486782,0.46875,-0.0003281352110206912,0.00013447902892948637,64
response_mean,35,22,0.0005355708744900704,0.12234301003678322,0.12234301003678322,0.546875,0.0003161963832098971,0.0007549453657702437,64
post_selector,1,12,0.0007602876421515217,0.1223374204614799,0.1223374204614799,0.5625,-4.951336086378758e-05,0.001570088645166831,64
post_selector,24,12,0.0007423518363793812,0.12208588384404014,0.12208588384404014,0.546875,0.000902174950169853,0.0005825287225889094,64
response_first,26,31,0.00011910302623618319,0.12194021905919937,0.12194021905919937,0.5625,-9.157655540547604e-05,0.00032978260787784244,64
post_selector,34,16,0.00012584499108925015,0.12178566121223951,0.12178566121223951,0.53125,-0.0006122659615357142,0.0008639559437142144,64
post_selector,13,11,1.0386721072559798e-05,0.12169968934053778,0.12169968934053778,0.59375,2.8548536874945388e-05,-7.775094729825793e-06,64
post_selector,19,29,0.0001867922360361254,0.12161489810321631,0.12161489810321631,0.46875,0.000498381908982969,-0.00012479743691071822,64
post_selector,7,4,-4.0894532801760697e-07,-0.12155867757554971,0.12155867757554971,0.609375,-3.4628727318963826e-07,-4.716033828455757e-07,64
response_mean,26,29,0.0003485105166873803,0.12150363071912744,0.12150363071912744,0.515625,0.0006432282020796294,5.379283129513116e-05,64
post_selector,7,18,-5.216101499172218e-05,-0.12116113328676995,0.12116113328676995,0.46875,-8.00877387518857e-05,-2.4234291231558657e-05,64
response_mean,33,17,0.0001258446515066715,0.12068501611039655,0.12068501611039655,0.546875,-0.0005194241600747418,0.0007711134630880849,64
post_selector,12,3,-0.000674391347274647,-0.12042159046539065,0.12042159046539065,0.5,-0.001341543538728719,-7.239155820575223e-06,64
post_selector,22,29,-0.0003173391196469313,-0.1203677580728524,0.1203677580728524,0.5,-0.0008750429515202938,0.00024036471222643128,64
post_selector,35,20,-9.730863803269971e-05,-0.11980075478297146,0.11980075478297146,0.453125,-0.0003768279375435451,0.00018221066147814567,64
post_selector,22,31,0.0006707737411488766,0.11967264633515046,0.11967264633515046,0.5,-0.0002456322836223906,0.001587179765920144,64
post_selector,0,31,0.0013790916145808283,0.11964653955080394,0.11964653955080394,0.546875,0.003278254480392203,-0.000520071251230547,64
post_selector,12,8,7.399346895908983e-05,0.11946597192110332,0.11946597192110332,0.53125,9.559342015563434e-05,5.239351776254529e-05,64
post_selector,20,22,-0.0004328170889493757,-0.11896947230928089,0.11896947230928089,0.4375,-0.0009386611091031219,7.302693120437046e-05,64
response_mean,29,13,4.563059815154588e-05,0.11876866989878637,0.11876866989878637,0.515625,-9.427519444215189e-05,0.00018553639074524365,64
response_mean,22,15,0.0001722640299703893,0.11857604576897787,0.11857604576897787,0.515625,-8.309838267449952e-05,0.00042762644261527816,64
post_selector,2,25,0.0006108968736953078,0.11851991083704114,0.11851991083704114,0.5,0.0006712300964863908,0.0005505636509042251,64
post_selector,32,17,0.000114600438791968,0.11779704785885009,0.11779704785885009,0.453125,-0.00026156805142817335,0.0004907689290121094,64
response_mean,21,7,5.562935967873068e-06,0.11774711422124898,0.11774711422124898,0.515625,-2.0109700926942437e-07,1.1326968945015561e-05,64
response_mean,27,28,0.0002986778583817732,0.11752139708957585,0.11752139708957585,0.546875,-0.0004717216420431279,0.0010690773588066744,64
response_first,24,10,3.2325952901146593e-06,0.11734304193978763,0.11734304193978763,0.515625,2.591213245750623e-06,3.873977334478695e-06,64
response_mean,26,13,3.0617741998639934e-05,0.11724590127095202,0.11724590127095202,0.515625,-0.0001005657501877751,0.00016180123418505497,64
final_prompt,25,9,0.00012256736613379724,0.11693960723765623,0.11693960723765623,0.609375,5.073247075414125e-05,0.00019440226151345319,64
post_selector,13,2,0.00037300156873243054,0.11675074246850936,0.11675074246850936,0.53125,0.0003538238415785563,0.00039217929588630486,64
post_selector,5,31,0.0010990807322741564,0.11630444649479448,0.11630444649479448,0.5625,0.002903864729887581,-0.0007057032653392686,64
response_mean,28,17,2.785746698918784e-05,0.11590676158887278,0.11590676158887278,0.53125,-0.00011620228701756287,0.00017191722099593854,64
response_mean,22,1,8.677642142628613e-05,0.11576138063223244,0.11576138063223244,0.625,-0.0001163106906005899,0.0002898635334531622,64
response_mean,31,3,9.625994744054902e-05,0.11548511058656545,0.11548511058656545,0.546875,-0.00027936539390792945,0.0004718852887890274,64
response_mean,33,29,0.00010862053568416459,0.11539318740496912,0.11539318740496912,0.53125,-0.00042217218879156827,0.0006394132601598974,64
post_selector,10,22,3.52886559085069e-05,0.11512518389312112,0.11512518389312112,0.5,-8.999005149234493e-05,0.00016056736330935872,64
response_mean,27,31,6.002503050695041e-05,0.1150720808534312,0.1150720808534312,0.546875,-0.00015822062096047335,0.00027827068197437417,64
post_selector,27,12,-0.00011543967821125775,-0.11487507663092358,0.11487507663092358,0.46875,-0.00048443640207549744,0.000253557045652982,64
response_first,24,9,1.4515656321378856e-06,0.11485750032606666,0.11485750032606666,0.609375,-2.4943594496562582e-06,5.397490713932029e-06,64
response_first,24,13,5.832021509988476e-05,0.11483426698639547,0.11483426698639547,0.5625,-0.00016733410255651525,0.0002839745327562848,64
response_first,26,25,-3.956964974348844e-05,-0.11442957794919628,0.11442957794919628,0.40625,6.190868680278162e-05,-0.00014104798628975852,64
post_selector,3,18,-0.0029668501520063793,-0.11434030272148532,0.11434030272148532,0.5,-0.00700347754172981,0.0010697772377170505,64
response_mean,29,10,3.113799058951001e-05,0.1139750354905524,0.1139750354905524,0.546875,-0.00011412159562950108,0.0001763975768085211,64
response_mean,27,18,0.0003709853936015801,0.1139614172122101,0.1139614172122101,0.546875,-0.0011356850591255235,0.001877655846328684,64
post_selector,4,26,0.0012612068703674395,0.11378981955468688,0.11378981955468688,0.75,0.004071915900567517,-0.0015495021598326384,64
final_prompt,31,3,0.0002559017175371922,0.11372270833868972,0.11372270833868972,0.5625,-0.0002851336030289594,0.0007969370381033438,64
post_selector,1,19,0.0023730046013952233,0.11336131051014292,0.11336131051014292,0.546875,0.008041717279411378,-0.0032957080766209314,64
post_selector,0,29,0.0008439473749603981,0.11318900185050278,0.11318900185050278,0.515625,0.001987032475881262,-0.00029913772596046654,64
post_selector,35,31,-4.0834592709864515e-05,-0.11318158490782963,0.11318158490782963,0.421875,-0.000163675907060657,8.200672164092798e-05,64
response_mean,34,5,0.00022785627606936097,0.1130086115377266,0.1130086115377266,0.5,-0.0008030172284634061,0.0012587297806021282,64
final_prompt,23,7,5.805879823128702e-06,0.11263851028033821,0.11263851028033821,0.5625,5.086392093290342e-06,6.525367552967064e-06,64
response_mean,31,4,0.00011283703815934068,0.11240435431026921,0.11240435431026921,0.515625,-0.0005116945790177616,0.0007373686553364431,64
post_selector,1,24,0.0002902390551753235,0.11222245666319348,0.11222245666319348,0.578125,0.0009486566123086688,-0.0003681785019580219,64
response_mean,25,30,0.00043367814396332537,0.11220220784341035,0.11220220784341035,0.53125,-0.002028232180236917,0.002895588468163568,64
response_first,23,10,2.6410578740861566e-05,0.11183056769162106,0.11183056769162106,0.546875,-1.3875775948690692e-05,6.669693343041381e-05,64
post_selector,2,23,0.0008248013723459587,0.11177327278107044,0.11177327278107044,0.625,0.0028636644678954057,-0.0012140617232034884,64
response_mean,33,19,0.00012385531317703958,0.11148093225113774,0.11148093225113774,0.578125,-0.00043391845883887433,0.0006816290851929535,64
final_prompt,24,4,1.271036006755768e-05,0.11135330949901664,0.11135330949901664,0.546875,5.1005585646629205e-05,-2.5584865511513853e-05,64
public_task_span,16,20,3.945939579352518e-05,0.11075616635211546,0.11075616635211546,0.5625,-3.841795205520592e-06,8.276058679257091e-05,64
post_selector,6,18,-0.00031006957942737457,-0.11073080172566391,0.11073080172566391,0.546875,-0.00030361744393303546,-0.0003165217149217135,64
post_selector,6,6,0.001017377446260062,0.11053780504399588,0.11053780504399588,0.5625,0.003915570887329494,-0.0018808159948093693,64
post_selector,26,17,0.00019480206447041392,0.11016459548483781,0.11016459548483781,0.609375,-0.00028527324502648397,0.0006748773739673119,64
post_selector,24,3,2.89639627908375e-05,0.11007979350735726,0.11007979350735726,0.5,2.590382109701367e-05,3.202410448466132e-05,64
response_mean,34,7,0.00010484285121493259,0.10995835117973414,0.10995835117973414,0.5,-0.000547221314263845,0.0007569070166937102,64
final_prompt,29,19,-7.002401503087522e-06,-0.10953413551279921,0.10953413551279921,0.484375,-4.500036982335164e-05,3.099556681717659e-05,64
final_prompt,26,23,4.086301328242571e-05,0.10908743718088082,0.10908743718088082,0.53125,7.132484813608404e-05,1.0401178428767395e-05,64
response_first,26,28,1.6880613657119773e-05,0.10896493889734218,0.10896493889734218,0.5625,2.358600750084428e-05,1.0175219813395259e-05,64
post_selector,3,26,0.0006523112997456359,0.10895213954035464,0.10895213954035464,0.5,0.0020397032967594034,-0.0007350806972681311,64
response_mean,27,6,6.371481902076331e-06,0.1088560277970544,0.1088560277970544,0.5,-1.773942869931341e-05,3.0482392503466073e-05,64
final_prompt,33,18,0.0002852428824553487,0.10871778749005129,0.10871778749005129,0.5,0.0007731736714049402,-0.00020268790649424269,64
response_mean,33,15,9.303884598921217e-05,0.10871229737555753,0.10871229737555753,0.546875,-0.00041827864515651107,0.0006043563371349353,64
post_selector,1,2,-0.0008225157162087266,-0.10853302010111589,0.10853302010111589,0.5,0.0006906788366904905,-0.002335710269107944,64
post_selector,1,9,0.0007685283126193156,0.10829303280766443,0.10829303280766443,0.53125,0.0016389915108447812,-0.00010193488560615008,64
response_first,29,0,4.956201928507412e-05,0.10825609198661064,0.10825609198661064,0.546875,-0.00022001628713039874,0.00031914032570054703,64
post_selector,29,22,0.00011256851757934915,0.10773435847409027,0.10773435847409027,0.53125,-0.00010397252481197494,0.0003291095599706732,64
response_first,24,16,1.8157678994149618e-05,0.10759156531965608,0.10759156531965608,0.59375,2.1437574559952128e-05,1.4877783428347115e-05,64
post_selector,19,5,-7.374182041530612e-05,-0.10741073600766497,0.10741073600766497,0.484375,-0.00011420702867325184,-3.3276612157360357e-05,64
public_task_span,15,25,-1.1307393037894814e-05,-0.107156936173192,0.107156936173192,0.46875,3.985622061007896e-05,-6.247100668586858e-05,64
response_mean,21,23,0.000591827376297252,0.1068956458278205,0.1068956458278205,0.5,-0.0019056924300002492,0.0030893471825947537,64
response_mean,29,12,0.00021387490096458315,0.10688750424516533,0.10688750424516533,0.5,-0.0009253204948435857,0.0013530702967727518,64
final_prompt,28,9,7.797604212099717e-05,0.10686811294182569,0.10686811294182569,0.625,-0.00010309253411833597,0.00025904461836033033,64
final_prompt,22,11,2.3354238066980267e-05,0.10682028614180987,0.10682028614180987,0.53125,4.207308029434325e-05,4.635395839617281e-06,64
post_selector,29,27,0.0003742971863402698,0.10673447008757647,0.10673447008757647,0.78125,-0.0008107670491881582,0.0015593614218686975,64
response_mean,25,29,2.344789166386363e-06,0.10669516753989654,0.10669516753989654,0.53125,-7.389914145505827e-06,1.2079492478278553e-05,64
response_first,22,5,1.7479865235256387e-05,0.10666883590647802,0.10666883590647802,0.546875,8.076588022730698e-05,-4.580614975679422e-05,64
response_mean,22,20,0.00021160668302399994,0.10660480819641527,0.10660480819641527,0.53125,-0.0005476177366290226,0.0009708311026770226,64
response_mean,33,13,7.51689248090757e-05,0.10620823015811372,0.10620823015811372,0.53125,-0.000317337889555323,0.0004676757391734744,64
post_selector,34,8,-0.0002350496870349124,-0.10616185090209963,0.10616185090209963,0.46875,-0.0013425807992461765,0.000872481425176352,64
post_selector,27,2,7.68570257605462e-05,0.10603299641661347,0.10603299641661347,0.5,5.582810263149065e-05,9.788594888960181e-05,64
public_task_span,11,24,-0.00015612410243193075,-0.10597070997936407,0.10597070997936407,0.46875,-0.0002777895515464271,-3.44586533174344e-05,64
post_selector,9,18,-6.572512541322825e-06,-0.10587020112607937,0.10587020112607937,0.5,-1.915582524247091e-05,6.010800159825258e-06,64
response_mean,29,17,4.640709425984322e-05,0.10575983717602165,0.10575983717602165,0.515625,-0.00020071389826624008,0.00029352808678592647,64
final_prompt,24,7,7.151833557373546e-06,0.10565451808272501,0.10565451808272501,0.640625,2.20496718270594e-05,-7.74600471231231e-06,64
post_selector,4,24,0.00013673892499354272,0.10520350186860004,0.10520350186860004,0.578125,0.0004494929953580024,-0.000176015145370917,64
response_mean,21,22,0.00018841361807630936,0.10492636490775407,0.10492636490775407,0.515625,-0.0006503876637111538,0.0010272148998637725,64
post_selector,11,1,0.00010777573425001949,0.10484164373140588,0.10484164373140588,0.515625,0.0005507711957761531,-0.00033521972727611416,64
response_mean,21,15,3.3653146374487256e-05,0.10467686556951741,0.10467686556951741,0.515625,0.00011805407143581883,-5.074777868684432e-05,64
response_mean,34,21,0.0002742237193160637,0.10416672467928403,0.10416672467928403,0.578125,-0.0009339763528259755,0.0014824237914581031,64
response_mean,31,13,0.0001835724697230029,0.10415942638488164,0.10415942638488164,0.578125,-0.0008704609249434369,0.001237605864389443,64
final_prompt,32,7,0.0002375944754930985,0.1038422458172392,0.1038422458172392,0.5,6.558527365996253e-05,0.0004096036773262344,64
post_selector,7,27,-3.6783269251829684e-05,-0.10363058237991335,0.10363058237991335,0.5,-8.4141347542875e-06,-6.51524037493719e-05,64
response_mean,24,24,-7.623194505867864e-05,-0.10325851023294096,0.10325851023294096,0.421875,2.5144177925532504e-05,-0.00017760806804288976,64
post_selector,27,11,0.00011604943301790002,0.1031058743065566,0.1031058743065566,0.5625,-0.00013979781397211024,0.00037189668000791026,64
post_selector,25,5,2.3201850012801076e-05,0.1028676111598934,0.1028676111598934,0.5,1.472300368731635e-05,3.1680696338285795e-05,64
post_selector,23,13,0.0012003743067907642,0.10280488984321559,0.10280488984321559,0.546875,0.0025247324228985122,-0.00012398380931698434,64
response_mean,33,28,0.00011395399815228489,0.1024357381710316,0.1024357381710316,0.546875,-0.0004421583762450345,0.0006700663725496042,64
public_task_span,14,21,-2.67748654891875e-06,-0.10236688524320518,0.10236688524320518,0.5,-7.484896173082234e-06,2.129923075244733e-06,64
response_mean,34,31,6.0898299921067655e-05,0.10226357445997189,0.10226357445997189,0.515625,-0.00014357842246680535,0.0002653750223089407,64
post_selector,19,20,-1.5108572711144124e-05,-0.10214018170182924,0.10214018170182924,0.453125,3.799383375734767e-05,-6.82109791796359e-05,64
post_selector,11,13,-0.00012799503747373982,-0.10149623705333727,0.10149623705333727,0.5,0.00027652540120469215,-0.000532515476152172,64
response_mean,31,15,0.0001833574953025132,0.10137755847349716,0.10137755847349716,0.546875,-0.0003664952787403099,0.0007332102693453364,64
response_mean,28,11,0.00015621533589182514,0.10125577784473644,0.10125577784473644,0.515625,-0.0005687026964551274,0.0008811333682387777,64
post_selector,18,28,-0.0006909322619321735,-0.10105306539708676,0.10105306539708676,0.40625,-0.0030169497622409684,0.001635085238376622,64
post_selector,25,4,6.963379814805634e-05,0.10095621078532796,0.10095621078532796,0.5,-6.695878619211249e-05,0.00020622638248822517,64
response_mean,32,0,0.00014228899681256602,0.10077562225874072,0.10077562225874072,0.53125,-0.0005314375389388849,0.0008160155325640169,64
final_prompt,25,11,0.00030331179823405645,0.10069386371362612,0.10069386371362612,0.578125,-0.0008242036174124182,0.001430827213880531,64
response_mean,30,27,0.00012959390141986375,0.10056185542785327,0.10056185542785327,0.515625,-0.0006343077056953702,0.0008934955085350977,64
response_mean,23,24,4.650968276108823e-05,0.10042421856253426,0.10042421856253426,0.5625,-6.94972045494028e-05,0.00016251657007157927,64
post_selector,14,6,0.0003409206838114201,0.10018192925485891,0.10018192925485891,0.515625,0.0008129690031637401,-0.00013112763554089994,64
final_prompt,31,15,0.00044958562102691865,0.09970006380312145,0.09970006380312145,0.578125,0.001263804266272912,-0.00036463302421907505,64
post_selector,19,14,-0.0008915286089177254,-0.09965256442395803,0.09965256442395803,0.5,-0.0013108016719343128,-0.0004722555459011384,64
response_first,23,11,4.486669071822347e-06,0.09947801233340127,0.09947801233340127,0.546875,7.3228050858602815e-06,1.6505330577844123e-06,64
post_selector,20,26,-2.5030945721480175e-05,-0.09945980554297851,0.09945980554297851,0.421875,-1.973090206774387e-05,-3.0330989375216474e-05,64
response_mean,34,28,0.0002839754806700489,0.09908071510102491,0.09908071510102491,0.53125,-0.0012884886609753946,0.0018564396223154926,64
post_selector,6,22,-0.0006363659085764093,-0.09898565544201722,0.09898565544201722,0.453125,-6.696257332806238e-05,-0.0012057692438247562,64
public_task_span,12,6,-5.9565888705038125e-05,-0.09896290220904547,0.09896290220904547,0.421875,-2.1302776531234233e-05,-9.782900087884196e-05,64
response_mean,32,8,0.00013961752165414637,0.09886329191342992,0.09886329191342992,0.5,-0.000691893040311671,0.0009711280836199636,64
post_selector,30,10,4.2486212350916446e-05,0.09878581527035286,0.09878581527035286,0.5625,1.236283969774115e-05,7.260958500409175e-05,64
response_first,26,30,5.405419244653052e-06,0.09874652856175317,0.09874652856175317,0.5625,-1.4384597534440445e-05,2.519543602374655e-05,64
post_selector,25,24,8.24895436153218e-05,0.09859141550893062,0.09859141550893062,0.71875,-5.45845077795113e-05,0.00021956359501015496,64
final_prompt,26,21,-1.621521329297786e-05,-0.09840769334407662,0.09840769334407662,0.453125,-2.7893591663990996e-05,-4.536834921964728e-06,64
response_mean,23,8,0.0005753959053436057,0.09815135666686904,0.09815135666686904,0.59375,-0.000986199722774459,0.0021369915334616706,64
post_selector,21,3,0.0001704004412204047,0.09797701727908062,0.09797701727908062,0.5,1.8649909179656288e-05,0.0003221509732611531,64
response_mean,29,19,-1.1906577014998174e-05,-0.0978805501761074,0.0978805501761074,0.5,-4.915027784590521e-05,2.5337123815908862e-05,64
post_selector,26,6,0.00014400857162399455,0.09783259906066816,0.09783259906066816,0.5,-0.00046712618495802177,0.0007551433282060108,64
post_selector,1,17,0.0006023639434715735,0.09709773519078255,0.09709773519078255,0.5,0.0011678351002046782,3.689278673846871e-05,64
post_selector,26,30,-0.00015452995967280426,-0.09700539809691379,0.09700539809691379,0.5,-8.936880749390146e-05,-0.00021969111185170712,64
post_selector,31,11,9.389089336763461e-05,0.09696587728425528,0.09696587728425528,0.625,-0.0002230857371614543,0.0004108675238967235,64
response_mean,19,12,0.0003393672031961562,0.09695454820705172,0.09695454820705172,0.5,0.0009754021730259281,-0.00029666776663361566,64
response_mean,33,31,0.00013410307565209074,0.09693875794310663,0.09693875794310663,0.515625,-0.0006391979204635962,0.0009074040717677778,64
response_first,27,15,1.2767178986895075e-05,0.09669792436872869,0.09669792436872869,0.5,-8.20744330667231e-05,0.00010760879104051326,64
post_selector,22,18,-0.00012674939080170206,-0.09665960731267337,0.09665960731267337,0.46875,-0.00040479647759638477,0.0001512976959929806,64
post_selector,22,15,0.0005418141736299715,0.09616354368488003,0.09616354368488003,0.546875,-0.0003345990262459985,0.0014182273735059412,64
public_task_span,7,20,0.00011776204155466679,0.09593935975378792,0.09593935975378792,0.5,1.1858592188206221e-05,0.00022366549092112732,64
post_selector,5,28,9.773131387190461e-05,0.09587468138564903,0.09587468138564903,0.703125,0.0002992007957800333,-0.00010373816803622408,64
response_mean,31,31,3.316494496630162e-05,0.09557327033729547,0.09557327033729547,0.515625,-0.00021169754427315877,0.00027802743420576203,64
post_selector,23,20,5.769236645391562e-05,0.09524415737798139,0.09524415737798139,0.5,6.701657957817814e-05,4.836815332965313e-05,64
public_task_span,11,15,-0.00013121229494572048,-0.09507784853273983,0.09507784853273983,0.484375,-0.0003662646595330316,0.00010384006964159061,64
final_prompt,23,28,2.1805433448204357e-05,0.09472493999854782,0.09472493999854782,0.625,-9.534748494387437e-05,0.0001389583518402831,64
response_mean,22,17,4.592709842654509e-05,0.09461422107842225,0.09461422107842225,0.484375,-0.00010079115145343843,0.0001926453483065286,64
post_selector,2,0,-0.0004627089947462025,-0.09436549668676016,0.09436549668676016,0.421875,0.0008821088631521033,-0.0018075268526445084,64
post_selector,6,1,-0.0003402219826966655,-0.0940953613207136,0.0940953613207136,0.421875,-0.0002278377069160145,-0.0004526062584773163,64
post_selector,10,18,8.499280693287069e-05,0.09374959657478302,0.09374959657478302,0.453125,-8.620103744760347e-05,0.0002561866513133448,64
post_selector,15,25,0.0001728047259348375,0.09368919843425032,0.09368919843425032,0.5,0.0001860672982729656,0.0001595421535967094,64
post_selector,30,13,0.00014988150678617898,0.09361335183525876,0.09361335183525876,0.53125,-0.0002108455710185888,0.0005106085845909469,64
post_selector,10,28,-8.763677124079376e-05,-0.0932817380202824,0.0932817380202824,0.5,0.00019600698215071563,-0.00037128052463230313,64
response_mean,25,20,2.228335997500608e-06,0.09325224080031765,0.09325224080031765,0.515625,7.843048521749552e-06,-3.386376526748336e-06,64
response_mean,26,12,2.2490470882982725e-05,0.09324301758343835,0.09324301758343835,0.515625,-0.0001276413654522701,0.00017262230721823557,64
post_selector,25,15,0.0002357117882638563,0.09315092372380818,0.09315092372380818,0.609375,0.0005045185134804094,-3.30949369526968e-05,64
response_first,23,26,9.429021076810643e-06,0.09286338237362794,0.09286338237362794,0.5625,3.570089802449606e-06,1.5287952351171683e-05,64
response_first,26,23,7.868556778585994e-06,0.09278359207153372,0.09278359207153372,0.53125,3.2496620121940054e-05,-1.6759506564768065e-05,64
public_task_span,7,22,4.878314098276817e-05,0.09265059286183049,0.09265059286183049,0.5625,-0.00018898604685091403,0.00028655232881645034,64
response_mean,23,23,3.3020032105919695e-05,0.09245118248471114,0.09245118248471114,0.515625,-0.0001589471467013749,0.00022498721091321425,64
post_selector,30,12,0.0003014395197169515,0.09242911307227558,0.09242911307227558,0.5,-0.00020319661052781566,0.0008060756499617187,64
post_selector,32,27,-0.0003951611470256407,-0.09183769080519553,0.09183769080519553,0.5,0.0002425713901175187,-0.0010328936841688,64
public_task_span,11,26,-2.201362451613893e-05,-0.09181512276000024,0.09181512276000024,0.484375,-6.201729388520324e-05,1.799004485292538e-05,64
response_first,23,31,9.311329080217431e-06,0.0916837330081708,0.0916837330081708,0.53125,-6.6574732500162465e-06,2.528013141045111e-05,64
post_selector,7,29,2.3347020544410654e-05,0.09152442874904279,0.09152442874904279,0.484375,8.041982312079234e-05,-3.3725782031971034e-05,64
response_mean,26,15,0.00022226591045181862,0.09140089165446802,0.09140089165446802,0.5,-0.0014567303878720566,0.0019012622087756937,64
response_first,24,6,4.422437740456749e-06,0.09128520487992134,0.09128520487992134,0.515625,5.6739917795293695e-06,3.170883701384129e-06,64
final_prompt,23,14,2.326631323512144e-05,0.09126724679627952,0.09126724679627952,0.53125,3.706672657699169e-05,9.465899893251186e-06,64
response_mean,30,9,4.2114234474865166e-05,0.09083765663035567,0.09083765663035567,0.546875,-4.3099410959260656e-05,0.00012732787990899102,64
public_task_span,13,29,2.9896442129031377e-05,0.09067854260385612,0.09067854260385612,0.515625,1.8572305179982367e-05,4.122057907808039e-05,64
post_selector,22,26,5.142919940226244e-05,0.09066045509866476,0.09066045509866476,0.5,3.742300395968738e-05,6.54353948448375e-05,64
post_selector,5,30,-0.00042329723589773483,-0.09052874707074124,0.09052874707074124,0.546875,0.0008274176582290221,-0.001674012130024492,64
response_mean,29,24,6.61266576571485e-05,0.09037339316801513,0.09037339316801513,0.515625,-0.000298203448437546,0.00043045676375184303,64
response_mean,31,29,0.00016515332208655108,0.09032128398865549,0.09032128398865549,0.5,-0.0011076717419200375,0.00143797838609314,64
public_task_span,21,16,2.6351111671376196e-05,0.0901070820560429,0.0901070820560429,0.515625,0.00014702238763673788,-9.432016429398549e-05,64
response_first,26,7,2.9384586014203196e-05,0.09004395281401538,0.09004395281401538,0.515625,-9.76578057816143e-05,0.0001564269778100207,64
response_mean,30,26,2.7844939836542334e-05,0.09003193364205891,0.09003193364205891,0.515625,2.1760124241156048e-05,3.3929755431928634e-05,64
post_selector,11,25,4.223000178171411e-05,0.0898868754999547,0.0898868754999547,0.5,7.020774046394644e-05,1.4252263099481788e-05,64
post_selector,13,9,0.0008201474265661002,0.08963722564549503,0.08963722564549503,0.53125,0.00318221712950615,-0.0015419222763739496,64
post_selector,4,17,0.0006914520545251406,0.08951421849000722,0.08951421849000722,0.53125,0.0025574590836185958,-0.001174554974568314,64
post_selector,25,26,-0.00012016696473439483,-0.08921099803092108,0.08921099803092108,0.609375,3.826100692092463e-05,-0.0002785949363897143,64
post_selector,19,3,-0.0007384064956568103,-0.0889180038927855,0.0889180038927855,0.453125,0.002530833247874389,-0.00400764623918801,64
response_mean,29,26,0.0004129707367610544,0.088895737177512,0.088895737177512,0.546875,-0.0015702156451879814,0.0023961571187100907,64
post_selector,9,19,-1.613749383011509e-06,-0.08868693523639447,0.08868693523639447,0.4375,-4.138291763489121e-06,9.107929974661033e-07,64
response_mean,23,21,2.5723123144414734e-05,0.08844360456387916,0.08844360456387916,0.5,-0.00010927236951372396,0.00016071861580255342,64
final_prompt,20,1,3.223626174530297e-05,0.0883840698648104,0.0883840698648104,0.5,0.00016005099803349627,-9.557847454289032e-05,64
post_selector,8,11,6.236206650100893e-05,0.08833058454225645,0.08833058454225645,0.53125,4.6924492380634366e-05,7.779964062138351e-05,64
response_mean,21,5,0.00012588671688717754,0.08809475153522152,0.08809475153522152,0.515625,-0.0005746564766013671,0.0008264299103757221,64
final_prompt,28,2,0.00011664470275717854,0.08783849323795945,0.08783849323795945,0.5625,-0.00046521575313816517,0.0006985051586525222,64
post_selector,7,8,5.706312731490626e-05,0.08769836589720356,0.08769836589720356,0.5,0.00015827651077414688,-4.415025614433437e-05,64
post_selector,27,3,3.641820626398654e-05,0.0876912998106394,0.0876912998106394,0.546875,0.00010409883134342713,-3.1262418815454044e-05,64
response_mean,27,11,2.9883056640749726e-05,0.08720421516341202,0.08720421516341202,0.515625,-2.3809448975952918e-05,8.357556225745236e-05,64
response_first,29,10,6.881647593103012e-06,0.08718724527181719,0.08718724527181719,0.53125,-3.7606213936664207e-05,5.1369509122870235e-05,64
response_mean,32,3,0.00018880513516705664,0.08706116327610532,0.08706116327610532,0.53125,-0.0011056905068471303,0.0014833007771812435,64
final_prompt,33,20,0.00013028701846451343,0.08704868803338753,0.08704868803338753,0.53125,-0.00018089203103953709,0.000441466067968564,64
post_selector,29,30,2.6322951612202452e-05,0.08680847480115962,0.08680847480115962,0.5,0.00010873283486034346,-5.6086931635938566e-05,64
post_selector,27,26,-8.744957904127749e-05,-0.08679679475778934,0.08679679475778934,0.515625,-0.0007220658189907804,0.0005471666609082255,64
post_selector,27,28,-0.000437875648913191,-0.08668458869851202,0.08668458869851202,0.671875,-0.0018881703681472616,0.0010124190703208798,64
post_selector,1,31,-0.0004231962226981424,-0.08667451562644377,0.08667451562644377,0.453125,0.0013082571053928441,-0.002154649550789129,64
post_selector,32,12,-0.00012333721679169771,-0.0864762406186011,0.0864762406186011,0.5,-0.00015629059271304952,-9.038384087034588e-05,64
post_selector,2,2,0.00030819636413070687,0.08645521797893424,0.08645521797893424,0.5,0.0007755083715892373,-0.00015911564332782356,64
post_selector,17,18,-0.00015548058854619246,-0.08628071325478266,0.08628071325478266,0.46875,0.0004847357613470966,-0.0007956969384394813,64
post_selector,21,21,-0.00020028353628731197,-0.08605312604282148,0.08605312604282148,0.46875,-6.855014544270658e-05,-0.00033201692713191744,64
response_mean,20,9,4.806624104958406e-05,0.08588813442688319,0.08588813442688319,0.5,-9.077319737114896e-05,0.00018690567947031713,64
post_selector,10,26,-0.0003987565578427156,-0.0854583003552584,0.0854583003552584,0.5,-0.0007505417015636408,-4.697141412179066e-05,64
response_mean,23,12,0.00029081970038191554,0.08528842083598338,0.08528842083598338,0.53125,-0.0009779309140753789,0.0015595703148392097,64
response_mean,25,28,2.9404925044214383e-05,0.0852662074626693,0.0852662074626693,0.546875,-0.0001228607193297535,0.00018167056941818224,64
public_task_span,11,6,-2.7015824230147934e-05,-0.08523615492590426,0.08523615492590426,0.484375,-0.00010590597048575552,5.187432202545965e-05,64
final_prompt,29,6,6.415936695701994e-05,0.08507975929376906,0.08507975929376906,0.609375,-0.0003186021976944047,0.00044692093160844453,64
final_prompt,23,26,3.7150113939782964e-05,0.08483916690287058,0.08483916690287058,0.546875,7.276454562088328e-05,1.5356822586826342e-06,64
post_selector,32,19,6.227097128430915e-05,0.08477448784120821,0.08477448784120821,0.515625,-0.00030205600887708644,0.00042659795144570474,64
response_mean,28,14,8.958268779222492e-06,0.084192828654063,0.084192828654063,0.53125,1.7554305941302797e-05,3.6223161714219176e-07,64
response_mean,31,12,9.381934830797605e-06,0.08411632340714771,0.08411632340714771,0.515625,-3.917795970663645e-05,5.794182936823165e-05,64
public_task_span,20,30,-2.301877213994103e-05,-0.08392318012879643,0.08392318012879643,0.484375,-6.411840138296693e-05,1.8080857103084873e-05,64
post_selector,14,19,-0.0011631342349573983,-0.08387038642416096,0.08387038642416096,0.5,0.0003945006319554466,-0.0027207691018702436,64
post_selector,5,29,0.0005616766311504675,0.08359216728549165,0.08359216728549165,0.609375,0.0016859701900102672,-0.0005626169277093321,64
response_mean,34,3,0.00014618072782468576,0.08347996696167921,0.08347996696167921,0.515625,-0.0011011256337951317,0.0013934870894445031,64
final_prompt,29,7,0.00018733008619164373,0.08341337153977325,0.08341337153977325,0.515625,-0.0010978104619425626,0.0014724706343258501,64
response_mean,34,16,3.0943550200390244e-05,0.08333886375830943,0.08333886375830943,0.578125,-0.0001878500943348394,0.0002497371947356199,64
post_selector,35,14,0.0002639073427417372,0.08303944578341929,0.08303944578341929,0.5,-0.0016041994094848383,0.0021320140949683125,64
post_selector,2,9,0.0007065509635140235,0.08276575415729574,0.08276575415729574,0.5,-0.002497259760275466,0.003910361687303512,64
response_mean,20,12,-0.0002871534634323288,-0.08273962600077217,0.08273962600077217,0.46875,-0.0015099316569830814,0.0009356247301184235,64
post_selector,27,19,-0.0005223548341746266,-0.0825222629959047,0.0825222629959047,0.53125,-0.0002062942912744092,-0.0008384153770748437,64
post_selector,11,10,-7.184160972429555e-05,-0.08238898665569191,0.08238898665569191,0.515625,9.842883696364066e-05,-0.0002421120564122318,64
response_mean,31,28,5.220082772438756e-05,0.08236689738331333,0.08236689738331333,0.515625,-0.0002887855424660025,0.00039318719791477764,64
response_mean,25,21,6.33981841246788e-06,0.08233259454777446,0.08233259454777446,0.515625,-3.276103467441876e-05,4.544067149935452e-05,64
post_selector,4,10,0.0005117744476592672,0.08215819986402495,0.08215819986402495,0.484375,0.0026471214114280875,-0.001623572516109553,64
post_selector,15,24,-2.7922651156584187e-05,-0.08194742116417279,0.08194742116417279,0.4375,-8.807141966826214e-05,3.222611735509374e-05,64
post_selector,6,13,8.543543890481237e-05,0.08188712378364489,0.08188712378364489,0.65625,0.00034330843800487734,-0.0001724375601952526,64
response_mean,31,6,9.67673067862073e-05,0.08184291208602494,0.08184291208602494,0.5,-0.0004259181027918875,0.0006194527163643022,64
post_selector,17,25,0.0004001256957053584,0.08154101008839204,0.08154101008839204,0.453125,0.0011790580811066294,-0.00037880668969591256,64
final_prompt,31,20,0.00020539237539195996,0.08152419358781242,0.08152419358781242,0.546875,0.0004470801814022796,-3.629543061835963e-05,64
response_mean,31,5,9.232489060195516e-05,0.08116764790224971,0.08116764790224971,0.546875,-0.0005814374226247147,0.000766087203828625,64
response_mean,34,1,9.802938939174104e-05,0.08086368217511915,0.08086368217511915,0.5,-0.0003812772365563285,0.0005773360153398106,64
post_selector,8,9,-6.330095175144379e-05,-0.08081404550650959,0.08081404550650959,0.5,7.061344604152812e-05,-0.00019721534954441564,64
response_mean,30,11,5.8069484452969266e-05,0.08056998397210827,0.08056998397210827,0.53125,-0.0001069967524926935,0.0002231357213986321,64
response_first,35,19,9.273345881406974e-06,0.0804911423535185,0.0804911423535185,0.515625,3.1667068242307015e-05,-1.3120376479493066e-05,64
response_first,25,29,6.8379067386104e-07,0.08041623965699554,0.08041623965699554,0.5625,-8.588723403590848e-07,2.2264536880811647e-06,64
post_selector,3,24,-0.0004119536279176719,-0.08036388924654225,0.08036388924654225,0.421875,0.0009404243155586433,-0.0017643315713939869,64
post_selector,31,1,-3.3748388659657866e-05,-0.08032502264094121,0.08032502264094121,0.484375,-3.227243678337941e-05,-3.522434053593631e-05,64
post_selector,6,3,7.277937265825801e-05,0.08008928470052833,0.08008928470052833,0.5625,8.052206885622946e-05,6.503667646028662e-05,64
final_prompt,26,22,1.9218519042848023e-05,0.08006695233927344,0.08006695233927344,0.515625,-1.3329217267714037e-05,5.176625535341009e-05,64
response_mean,26,14,2.432026417408869e-05,0.08003058095698488,0.08003058095698488,0.484375,-0.00016104248447843965,0.000209683012826617,64
response_mean,19,31,0.00013135401422913393,0.0800158822873036,0.0800158822873036,0.59375,-0.0003512973999022528,0.0006140054283605206,64
post_selector,15,4,0.000137129480208385,0.07993660811514516,0.07993660811514516,0.484375,1.1537407772254176e-05,0.0002627215526445157,64
post_selector,2,24,0.0005078441317891704,0.07983156537493732,0.07983156537493732,0.5,0.001243664781213725,-0.00022797651763538428,64
post_selector,0,23,-0.0007255855089169952,-0.07983037411373156,0.07983037411373156,0.5,0.00014438404468819087,-0.0015955550625221812,64
response_mean,25,27,0.00015120718035177967,0.07951981344548079,0.07951981344548079,0.53125,-0.00032976268266791877,0.0006321770433714781,64
response_first,24,8,2.7184711868240993e-05,0.07950969852246854,0.07950969852246854,0.53125,-0.00013170620681534256,0.00018607563055182455,64
post_selector,32,26,-0.0002506925929992489,-0.07945812450681206,0.07945812450681206,0.5,-0.00046206563274608134,-3.931955325241665e-05,64
response_first,28,2,0.00014471372469415986,0.07940167843304885,0.07940167843304885,0.53125,-0.0009086502059289704,0.00119807765531729,64
response_first,31,3,1.0025534379560216e-05,0.0793672636436188,0.0793672636436188,0.546875,-4.198887813799507e-05,6.203994689711549e-05,64
response_mean,24,18,0.00037970193079672586,0.07903097282984212,0.07903097282984212,0.515625,-0.0011228711955482062,0.0018822750571416578,64
final_prompt,22,22,5.6558653341200005e-05,0.07866018933776882,0.07866018933776882,0.5,-0.0001631568793527469,0.0002762741860351469,64
post_selector,27,27,5.214391376284537e-05,0.07865547581822255,0.07865547581822255,0.515625,-0.0003824480454568106,0.00048673587298250136,64
response_first,23,4,1.3903608904186626e-06,0.07859960843477912,0.07859960843477912,0.515625,-7.843462785928068e-06,1.0624184566765393e-05,64
response_first,19,13,2.054329209520924e-06,0.0785055812617395,0.0785055812617395,0.53125,9.45790981843098e-06,-5.349251399389132e-06,64
final_prompt,29,8,4.398638930069435e-05,0.07846702576038249,0.07846702576038249,0.5,-0.00029564833857873094,0.00038362111718011967,64
post_selector,23,19,1.2467723166767281e-05,0.07841122942794547,0.07841122942794547,0.5625,2.0865730675729676e-05,4.069715657804879e-06,64
post_selector,4,2,-0.00029672283471882316,-0.07840945069177867,0.07840945069177867,0.5,0.0006061733402020821,-0.0011996190096397281,64
response_mean,34,30,0.00013409967505140263,0.07816895310766277,0.07816895310766277,0.546875,-0.0007402967557936578,0.0010084961058964628,64
post_selector,2,20,-0.000374099172859126,-0.07814225239876255,0.07814225239876255,0.453125,0.0014972910621509,-0.0022454894078691523,64
post_selector,25,25,-0.00010089896750288003,-0.0781348473434836,0.0781348473434836,0.546875,-0.00036223693678040145,0.00016043900177464143,64
final_prompt,27,13,9.294981282436941e-05,0.07806221596076397,0.07806221596076397,0.5,-0.0005610951775451964,0.0007469948031939353,64
response_mean,25,14,7.192000202848838e-05,0.07802659066594346,0.07802659066594346,0.546875,-0.00022410122528526181,0.00036794122934223855,64
public_task_span,11,27,-3.531045445015215e-05,-0.07796032691084714,0.07796032691084714,0.40625,2.8654230845869303e-06,-7.34863319848912e-05,64
post_selector,15,14,0.00015860796884225914,0.0779598751869613,0.0779598751869613,0.515625,0.00045576817319669636,-0.00013855223551217813,64
post_selector,5,11,-0.0009728021068440236,-0.07781434200309732,0.07781434200309732,0.46875,0.002866173683287346,-0.004811777896975393,64
post_selector,1,7,-0.0002709415439312516,-0.07777017872264368,0.07777017872264368,0.5,0.00013341199883143748,-0.0006752950866939406,64
post_selector,31,24,-0.0008358818668057204,-0.07767082467841793,0.07767082467841793,0.5,-0.002153923254809338,0.00048215952119789703,64
response_mean,20,20,1.481423737458693e-05,0.07758991743186225,0.07758991743186225,0.53125,-3.556298906914868e-05,6.519146381832254e-05,64
post_selector,5,8,-0.000991654364042914,-0.07750095345124099,0.07750095345124099,0.5,0.00016946351388469707,-0.002152772241970525,64
post_selector,24,25,-0.00034296548255952227,-0.07750091851778143,0.07750091851778143,0.46875,-0.0009700980954221413,0.0002841671303030969,64
response_first,29,24,1.4158613680591821e-05,0.07740364757505461,0.07740364757505461,0.578125,-5.8129216313305984e-05,8.644644367448962e-05,64
post_selector,2,6,0.0007509195056627456,0.07736542543986419,0.07736542543986419,0.5,0.0003604807134251933,0.001141358297900297,64
final_prompt,23,4,9.589490290728973e-08,0.07728915848437427,0.07728915848437427,0.5625,8.328568590343367e-08,1.0850411991114585e-07,64
response_mean,33,11,0.0001823624993448952,0.07685078912201397,0.07685078912201397,0.5,-0.00117642275267822,0.00154114775136801,64
final_prompt,27,15,3.576620565581411e-05,0.07683287063819859,0.07683287063819859,0.53125,-0.0002587560175015567,0.0003302884288131849,64
post_selector,31,22,8.146622303683544e-05,0.07681181927037264,0.07681181927037264,0.5,-1.9828617041653152e-05,0.000182761063115324,64
response_first,29,11,4.7923831458784555e-06,0.07640775727895922,0.07640775727895922,0.53125,-1.4666587577314445e-05,2.4251353869071356e-05,64
public_task_span,11,22,-1.0134374917922244e-05,-0.07615078798732951,0.07615078798732951,0.453125,-3.156836783090453e-05,1.1299617995060038e-05,64
final_prompt,31,14,0.00023634649323866892,0.07612426923295962,0.07612426923295962,0.546875,0.0004677759516198414,4.917034857496467e-06,64
post_selector,31,17,-9.259354146707343e-05,-0.07596080757111413,0.07596080757111413,0.5,-0.00011139194702993129,-7.37951359042156e-05,64
post_selector,6,16,-0.0005126639516674749,-0.07585228271193734,0.07585228271193734,0.328125,-0.0005409399309428282,-0.00048438797239212165,64
final_prompt,27,0,-5.19499417350588e-06,-0.07571591588991879,0.07571591588991879,0.4375,-1.7432333379468937e-05,7.0423450324571795e-06,64
response_mean,16,20,6.450884620789691e-05,0.07546998975551365,0.07546998975551365,0.53125,-0.00025429926881769265,0.0003833169612334865,64
post_selector,34,6,1.4044170029595312e-05,0.07544522688733009,0.07544522688733009,0.46875,-9.58551631810917e-05,0.00012394350324028232,64
response_mean,29,3,9.824768540056363e-05,0.07531587912921874,0.07531587912921874,0.515625,-0.000775638774030057,0.0009721341448311841,64
response_mean,20,31,0.0002724343755744461,0.07530728407399742,0.07530728407399742,0.515625,0.0013804676600557033,-0.000835598908906811,64
post_selector,4,31,0.00015436430385306653,0.07528519067647273,0.07528519067647273,0.578125,0.0004882777357124561,-0.000179549128006323,64
post_selector,34,27,-6.463929139498554e-05,-0.07525448935698333,0.07525448935698333,0.421875,7.692513099755354e-05,-0.00020620371378752463,64
post_selector,27,8,7.798084425303572e-05,0.07517634004084447,0.07517634004084447,0.546875,-0.0004241437936798023,0.0005801054821858737,64
post_selector,2,22,0.0005693111270374997,0.07509091269437772,0.07509091269437772,0.546875,0.002916934614404434,-0.0017783123603294345,64
response_mean,21,21,2.6490825149492678e-05,0.07499173259554962,0.07499173259554962,0.53125,-0.000120254633117144,0.00017323628341612936,64
post_selector,30,21,0.00011448411441961301,0.07497164303543255,0.07497164303543255,0.515625,-0.0003864698683173489,0.0006154380971565749,64
final_prompt,23,8,4.371847103357485e-05,0.07496675777385886,0.07496675777385886,0.5,-4.169646945228151e-05,0.0001291334115194312,64
post_selector,9,25,0.0006224000826477961,0.0749618119640346,0.0749618119640346,0.625,0.0008924136927816918,0.0003523864725139001,64
public_task_span,11,17,-8.647319418737488e-06,-0.07478555813496485,0.07478555813496485,0.46875,-2.3611372171209668e-05,6.31673333373469e-06,64
response_mean,29,4,9.417490400664708e-05,0.07469259421352974,0.07469259421352974,0.5,-0.0008243394258897433,0.0010126892339030376,64
response_mean,33,20,0.0001407543092000199,0.07454502470136826,0.07454502470136826,0.53125,-0.0009305547469011552,0.0012120633653011949,64
response_mean,27,5,3.7155715233424323e-06,0.07437419917168346,0.07437419917168346,0.515625,-1.279632476780614e-05,2.0227467814491004e-05,64
post_selector,3,2,0.0012052937963744612,0.07431915925646347,0.07431915925646347,0.5,0.0026863927196245506,-0.000275805126875628,64
post_selector,26,2,0.0003037489423149992,0.07404688339604128,0.07404688339604128,0.4375,0.0013963848650746327,-0.0007888869804446345,64
response_first,25,30,0.00014340857251227007,0.07387533586083418,0.07387533586083418,0.53125,-0.0011010980942955516,0.0013879152393200915,64
post_selector,15,3,0.0007398950401693609,0.07368610843306395,0.07368610843306395,0.5,0.0025152683811029376,-0.0010354783007642157,64
response_first,23,28,5.150089020844009e-05,0.0736238911768283,0.0736238911768283,0.53125,-0.0002218686038304364,0.00032487038424731663,64
final_prompt,21,10,1.8358458447662282e-05,0.07352544725467386,0.07352544725467386,0.5625,-7.750277859592467e-07,3.749194468128381e-05,64
public_task_span,14,22,-9.062067078957625e-07,-0.07350352367427322,0.07350352367427322,0.46875,-1.6347571545338724e-06,-1.7765626125765266e-07,64
final_prompt,21,11,8.505944464332033e-06,0.07350244226334125,0.07350244226334125,0.5625,-4.057853652738199e-05,5.759042545604605e-05,64
post_selector,4,3,-0.0004879782063653664,-0.07341802424168452,0.07341802424168452,0.5,-2.9530874598998635e-05,-0.0009464255381317344,64
post_selector,33,22,8.709919893590292e-05,0.07340114827599337,0.07340114827599337,0.484375,-0.0005389547513914067,0.0007131531492632127,64
post_selector,35,29,-0.0001811544916563378,-0.07288417255465347,0.07288417255465347,0.46875,0.0005462813387566718,-0.0009085903220693475,64
response_mean,28,18,7.02627891087016e-05,0.07283861098373563,0.07283861098373563,0.53125,-0.0005562763894886046,0.0006968019677060078,64
public_task_span,14,10,-2.0284081301721832e-05,-0.07278013564276185,0.07278013564276185,0.484375,-0.0001246350893779759,8.406692677453222e-05,64
response_first,23,15,6.462408549401388e-07,0.07262718986445481,0.07262718986445481,0.546875,-7.694417287762434e-07,2.061923438656521e-06,64
post_selector,9,24,0.00011638050909823706,0.07257658525404526,0.07257658525404526,0.578125,-0.0001342669147561373,0.00036702793295261145,64
post_selector,6,0,-0.0001423640414941545,-0.07245553258709635,0.07245553258709635,0.53125,-3.2508058211535724e-05,-0.0002522200247767733,64
final_prompt,25,20,2.3433147049444977e-06,0.07221846763908604,0.07221846763908604,0.546875,1.4396666585978224e-05,-9.710037176089229e-06,64
post_selector,24,1,2.6299411388199683e-05,0.07213828083044314,0.07213828083044314,0.625,-4.0576738683738335e-05,9.317556146013769e-05,64
post_selector,6,7,-0.00026283356055499985,-0.07213204744540198,0.07213204744540198,0.421875,0.00019852245895891538,-0.0007241895800689151,64
post_selector,21,0,6.46619387225637e-05,0.07202283517291269,0.07202283517291269,0.5,-0.00012736569897243201,0.00025668957641755935,64
response_mean,31,14,0.00017545529289008868,0.07199688271777512,0.07199688271777512,0.515625,-0.0009417030425993092,0.0012926136283794866,64
public_task_span,12,4,-9.682573818280916e-05,-0.07176259430240102,0.07176259430240102,0.5,-0.0005779858738605795,0.0003843343974949612,64
post_selector,35,8,0.0003902342505170948,0.07170746528701255,0.07170746528701255,0.5,-0.0008422654354944687,0.0016227339365286583,64
final_prompt,26,4,-0.00010017833665188592,-0.07143897606750507,0.07143897606750507,0.5,-0.0005402370861702406,0.00033988041286646864,64
public_task_span,14,18,-1.8846822968042145e-05,-0.07127567956897217,0.07127567956897217,0.5,-7.803198968757926e-05,4.033834375149498e-05,64
post_selector,3,8,0.00126367354823742,0.07121976594785118,0.07121976594785118,0.5,0.0002982883597724183,0.0022290587367024216,64
post_selector,27,0,5.660515034833214e-05,0.07119653819802806,0.07119653819802806,0.53125,-3.4771301216103787e-05,0.00014798160191276805,64
post_selector,0,16,0.0009624726935726359,0.07111977808078167,0.07111977808078167,0.453125,0.0051240363718534285,-0.003199090984708156,64
response_mean,22,8,3.251242787882374e-05,0.07091329004895665,0.07091329004895665,0.5,-7.850937345209105e-05,0.00014353422920973855,64
post_selector,13,0,-0.0001465573927816925,-0.07089708119942582,0.07089708119942582,0.5,-0.0006784909955968067,0.0003853762100334218,64
response_mean,21,6,9.706011519483046e-05,0.0707509996339151,0.0707509996339151,0.515625,-0.0005875082670172432,0.0007816284974069042,64
public_task_span,24,13,-4.329897126354602e-05,-0.07054279018607282,0.07054279018607282,0.5,-0.00034377501970082544,0.00025717707717373337,64
response_mean,19,3,9.872859180859186e-05,0.07048881769251823,0.07048881769251823,0.515625,0.0004428635288604533,-0.00024540634524326945,64
post_selector,4,12,-0.0006400977017619747,-0.07041497626667377,0.07041497626667377,0.328125,0.0017323684842267748,-0.0030125638877507243,64
response_first,33,18,5.734467140427892e-05,0.0703686769644223,0.0703686769644223,0.53125,-0.00034286961999894735,0.0004575589628075052,64
final_prompt,29,24,4.898590350421565e-05,0.07026278445134473,0.07026278445134473,0.515625,-0.0001959966584763565,0.0002939684654847878,64
post_selector,30,20,0.0001438504878024196,0.07003122503260481,0.07003122503260481,0.4375,-0.0006936906720511437,0.0009813916476559827,64
final_prompt,21,9,2.862686940830017e-06,0.06964428924412366,0.06964428924412366,0.5625,-7.653299718410341e-06,1.3378673600070375e-05,64
post_selector,15,17,6.296034553087792e-05,0.06957390853020551,0.06957390853020551,0.546875,6.316966937446224e-05,6.275102168729367e-05,64
post_selector,19,18,-5.9372087662268754e-05,-0.0694550447612741,0.0694550447612741,0.5,-3.559764854799373e-05,-8.314652677654375e-05,64
final_prompt,22,10,3.425580104021983e-06,0.0693797190083244,0.0693797190083244,0.546875,1.0115003192371071e-05,-3.2638429843271047e-06,64
response_mean,20,21,0.00013217421656008715,0.06923787862288422,0.06923787862288422,0.5,-0.00044031756664252,0.0007046659997626943,64
post_selector,6,19,0.0007699720372329508,0.06921442573344942,0.06921442573344942,0.484375,-0.00036888360045850147,0.0019088276749244031,64
final_prompt,32,6,0.00012212829005875327,0.06894514733186016,0.06894514733186016,0.515625,-0.0006758397958037544,0.0009200963759212609,64
public_task_span,13,22,-3.8134128885740223e-06,-0.06883317243261915,0.06883317243261915,0.46875,-4.965993980472209e-06,-2.660831796675834e-06,64
response_first,23,12,2.03490903771808e-06,0.06862326397161912,0.06862326397161912,0.53125,-1.606348810412328e-06,5.676166885848488e-06,64
response_mean,25,15,1.5707327293051036e-05,0.06861883599596966,0.06861883599596966,0.5,4.362538857093446e-05,-1.2210733984832382e-05,64
public_task_span,13,20,-2.074852432087937e-06,-0.06849857821218151,0.06849857821218151,0.5,-1.5612789638907998e-06,-2.588425900285074e-06,64
final_prompt,34,21,0.00037314167093427066,0.06840467942476222,0.06840467942476222,0.53125,-0.0013468908982758813,0.0020931742401444227,64
response_mean,19,21,-9.529899489280155e-05,-0.06837066404677289,0.06837066404677289,0.484375,0.00038962104190430315,-0.0005802190316899062,64
post_selector,11,3,0.00017043259140336704,0.06824477450133096,0.06824477450133096,0.59375,-0.00016790461813798166,0.0005087698009447156,64
response_mean,33,23,0.00011643961488516796,0.06820364878453374,0.06820364878453374,0.53125,-0.0007526198705818104,0.0009854991003521462,64
post_selector,10,30,-8.977100878837521e-05,-0.0681035062625133,0.0681035062625133,0.546875,3.99215659854163e-05,-0.00021946358356216664,64
post_selector,17,0,-7.943595119286048e-05,-0.06808927805687141,0.06808927805687141,0.453125,0.00018237672338726252,-0.0003412486257729835,64
response_mean,33,10,0.00011886179345310194,0.06803356314487759,0.06803356314487759,0.546875,-0.0009473118070672644,0.0011850353939734685,64
public_task_span,21,3,-2.5137400712083036e-06,-0.06798958563041776,0.06798958563041776,0.5,-2.6885784336627694e-06,-2.3389017087538377e-06,64
response_first,25,8,3.394518148524919e-05,0.0679877044227892,0.0679877044227892,0.5625,6.219948204488222e-05,5.690880925616163e-06,64
response_mean,22,12,6.999143806746998e-06,0.06798308620517823,0.06798308620517823,0.53125,-1.4561368288921012e-05,2.855965590241501e-05,64
post_selector,23,21,0.00017272984769078483,0.06789192149817562,0.06789192149817562,0.578125,0.00023940428945935078,0.00010605540592221872,64
post_selector,22,24,5.8183730743619256e-05,0.06782921697998409,0.06782921697998409,0.578125,9.932240027409289e-05,1.704506121314562e-05,64
post_selector,1,26,-0.0009572655399097093,-0.06771845371909652,0.06771845371909652,0.5,0.0004312357050366719,-0.0023457667848560907,64
post_selector,6,8,0.00019669928224174963,0.06766813435764248,0.06766813435764248,0.515625,0.0005946185265202093,-0.0002012199620367102,64
post_selector,33,7,7.377029442068651e-05,0.06766789073297813,0.06766789073297813,0.515625,-0.00035470769580566716,0.0005022482846470402,64
post_selector,2,10,-0.0008466176695947078,-0.06760105626504223,0.06760105626504223,0.484375,-0.0018621545095811657,0.00016891917039174977,64
post_selector,22,28,-0.00013795407903671874,-0.06750345178711245,0.06750345178711245,0.5,-0.0008634487112431062,0.0005875405531696688,64
response_mean,20,16,0.00044607423160413845,0.06723123569247413,0.06723123569247413,0.515625,0.0002685143836060804,0.0006236340796021962,64
post_selector,28,7,-7.437956901412849e-05,-0.0672265505093847,0.0672265505093847,0.5625,4.5871493057337914e-05,-0.0001946306310855949,64
response_mean,29,25,0.0002708925048864375,0.06694846733536285,0.06694846733536285,0.5,-0.0019547920765034875,0.0024965770862763626,64
response_mean,31,23,7.13688282871616e-06,0.06682220139017046,0.06682220139017046,0.515625,2.1738597979486534e-06,1.2099905859483665e-05,64
post_selector,35,22,-0.0005074189903098202,-0.06675409160728454,0.06675409160728454,0.53125,-0.00182208507612813,0.0008072470955084895,64
public_task_span,21,27,-5.6313436516563247e-05,-0.06674313314242877,0.06674313314242877,0.484375,-0.0003843397148557152,0.0002717128418225887,64
post_selector,10,0,1.864882460723003e-05,0.06664161199549935,0.06664161199549935,0.421875,9.51734464251653e-05,-5.7875797210705244e-05,64
post_selector,32,18,-9.739171537149082e-05,-0.06660914855577608,0.06660914855577608,0.5,-0.0005897750361327688,0.00039499160538978716,64
response_mean,31,20,6.486789220615969e-05,0.066480894346405,0.066480894346405,0.515625,-0.00011547228814379052,0.0002452080725561099,64
public_task_span,11,29,-8.857639500090144e-06,-0.06644271772485306,0.06644271772485306,0.484375,9.551338166601452e-06,-2.7266617166781743e-05,64
post_selector,11,2,-0.000365489966497983,-0.06612110161687051,0.06612110161687051,0.515625,-0.0005204019689699687,-0.00021057796402599682,64
post_selector,9,0,8.703218009032026e-05,0.06567228278914636,0.06567228278914636,0.5625,-5.766120375481771e-05,0.00023172556393545813,64
response_mean,30,24,1.4863388997803725e-05,0.06545640949806285,0.06545640949806285,0.515625,-0.00012971781063696208,0.0001594445886325695,64
post_selector,11,21,-5.268383745257246e-06,-0.06512098645117867,0.06512098645117867,0.578125,-9.996864889665736e-06,-5.399026008487556e-07,64
final_prompt,22,17,3.016153073075986e-05,0.065081313164928,0.065081313164928,0.5,7.983773684824805e-06,5.2339287776694925e-05,64
post_selector,8,14,5.3988116178515686e-05,0.06486105053216677,0.06486105053216677,0.515625,0.00018016916510531575,-7.219293274828437e-05,64
response_first,29,6,5.99629900079788e-05,0.06481763966879803,0.06481763966879803,0.53125,-0.000409878736263621,0.0005298047162795787,64
response_mean,19,8,1.9154557662664565e-05,0.06460759175139863,0.06460759175139863,0.515625,-3.1856181976648703e-06,4.1494733522994e-05,64
post_selector,17,31,2.5995457349377314e-05,0.06447134144403906,0.06447134144403906,0.53125,9.199877536047055e-05,-4.000786066171594e-05,64
post_selector,1,15,0.0002154241205971567,0.06438903726919691,0.06438903726919691,0.546875,-0.0008221353946282709,0.0012529836358225843,64
response_mean,23,7,-9.296172436277693e-06,-0.06424317610881006,0.06424317610881006,0.484375,-7.348483438817382e-05,5.4892489515618425e-05,64
public_task_span,14,11,-9.575340186524799e-06,-0.06415893605872922,0.06415893605872922,0.5,-5.3472960644270504e-05,3.432228027122091e-05,64
response_first,34,7,4.849747392653804e-05,0.06411890771122201,0.06411890771122201,0.5,-0.0004591404695019894,0.0005561354173550654,64
final_prompt,27,11,-2.062549901893048e-05,-0.06402227521008497,0.06402227521008497,0.5,-0.00017923305199472246,0.0001379820539568615,64
final_prompt,21,30,4.831250214465261e-05,0.06400508258671761,0.06400508258671761,0.5,-0.00013955456108759458,0.00023617956537689985,64
response_first,21,16,6.652872034605542e-06,0.06390909399415329,0.06390909399415329,0.5,4.4921328615988885e-05,-3.1615584546777805e-05,64
response_first,28,18,2.1140386422754463e-05,0.06387083059900298,0.06387083059900298,0.5625,-9.201478349040029e-05,0.0001342955563359092,64
post_selector,23,12,-0.0002600082934804986,-0.06371337642505227,0.06371337642505227,0.546875,-0.00012741654245475634,-0.0003926000445062406,64
response_first,24,26,3.722036183261991e-05,0.06370595529472164,0.06370595529472164,0.515625,-0.00010040600000138019,0.00017484672366662,64
response_first,24,7,1.1324454050054555e-06,0.06370291052549185,0.06370291052549185,0.5625,-4.623664558778273e-06,6.888555368789184e-06,64
post_selector,6,17,1.6978682424453127e-05,0.06346209856319451,0.06346209856319451,0.515625,9.94234760582877e-05,-6.546611120938144e-05,64
post_selector,28,6,-0.00010853607091121564,-0.06345351815613914,0.06345351815613914,0.5,-0.00016302370750055075,-5.4048434321880525e-05,64
post_selector,3,11,0.0011819960200227728,0.06333549965294324,0.06333549965294324,0.5625,-0.0026757646701298693,0.005039756710175416,64
response_first,34,5,8.833231004246351e-05,0.06329743953797984,0.06329743953797984,0.515625,-0.0007332643253903096,0.0009099289454752367,64
final_prompt,33,6,0.00016919212066567605,0.06305005098797878,0.06305005098797878,0.546875,-1.302755845244963e-05,0.00035141179978380184,64
final_prompt,28,17,8.098409807643386e-06,0.0629191344871364,0.0629191344871364,0.53125,-2.9362596706040872e-05,4.555941632132765e-05,64
response_mean,25,17,1.186996861690659e-06,0.06288489360544784,0.06288489360544784,0.515625,-7.840518847501698e-06,1.0214512570883016e-05,64
post_selector,15,16,-0.00011925007856916788,-0.06282469114643542,0.06282469114643542,0.515625,-0.00021657906472682354,-2.192109241151225e-05,64
post_selector,0,3,0.0002416631905361984,0.06281673399360434,0.06281673399360434,0.515625,0.0021205547855060844,-0.0016372284044336876,64
post_selector,34,17,0.0001048769408953337,0.06275632870034993,0.06275632870034993,0.53125,-0.00040165623795472013,0.0006114101197453876,64
post_selector,5,16,5.823775313728464e-05,0.06275367536325592,0.06275367536325592,0.625,0.00033711935384416787,-0.0002206438475695985,64
final_prompt,24,17,0.00024753304205659993,0.06246481364874373,0.06246481364874373,0.515625,0.0014785754137846907,-0.0009835093296714907,64
final_prompt,33,12,0.0001128954463638329,0.06240095419940101,0.06240095419940101,0.5625,0.00016192305156436938,6.386784116329644e-05,64
post_selector,27,5,-0.00010039460971711566,-0.062044696533970246,0.062044696533970246,0.515625,-0.0005956482114015627,0.0003948589919673314,64
post_selector,8,3,2.3543085717387488e-05,0.06187711605527968,0.06187711605527968,0.546875,5.610692096524346e-05,-9.020749530468492e-06,64
public_task_span,14,1,-4.077692238977793e-06,-0.06184876729837551,0.06184876729837551,0.4375,-1.4181513392936592e-05,6.026128914981008e-06,64
response_mean,24,3,2.243153844005359e-06,0.061848705681789753,0.061848705681789753,0.53125,-1.0328365959821075e-05,1.4814673647831793e-05,64
response_mean,28,13,8.22752697331413e-05,0.061773912756353744,0.061773912756353744,0.5625,-0.00035916232809540404,0.0005237128675616866,64
post_selector,31,25,6.163228545120036e-05,0.06154382052322337,0.06154382052322337,0.515625,-0.00018231949525216002,0.0003055840661545607,64
response_mean,20,11,9.113350769141263e-06,0.06144210040331825,0.06144210040331825,0.53125,-2.0764468722234718e-06,2.0303148410506004e-05,64
public_task_span,11,16,-2.3347553906200873e-05,-0.06137840482828184,0.06137840482828184,0.453125,-8.469552449240461e-05,3.800041668000287e-05,64
response_first,26,18,3.1552767964629666e-05,0.061358990672978814,0.061358990672978814,0.59375,-0.00014454501689440845,0.0002076505528236678,64
response_first,24,23,1.4511391952965763e-05,0.06132492450044959,0.06132492450044959,0.515625,-8.768217412578275e-05,0.00011670495803171429,64
response_mean,34,0,5.400746067607841e-05,0.061289599546191835,0.061289599546191835,0.5,-0.00034562955852376876,0.0004536444798759257,64
response_mean,20,10,3.0526062142928606e-05,0.06123871666536953,0.06123871666536953,0.53125,0.00015299868385108898,-9.194655956523176e-05,64
final_prompt,25,7,-7.913024120398404e-07,-0.061146443050697136,0.061146443050697136,0.484375,-4.774093326886941e-06,3.1914885028072604e-06,64
response_mean,31,8,3.66079957529947e-05,0.06110404317096233,0.06110404317096233,0.515625,-0.00017256675619136764,0.00024578274769735704,64
final_prompt,26,28,3.940127294299469e-05,0.06102241988651229,0.06102241988651229,0.515625,0.00016477169447170548,-8.596914858571614e-05,64
response_first,29,3,2.3276074898599064e-05,0.06101444512189758,0.06101444512189758,0.53125,-0.00023267892674991292,0.00027923107654711105,64
response_mean,15,18,4.032573457379286e-06,0.06080789055166534,0.06080789055166534,0.484375,1.1954281657008949e-05,-3.889134742250378e-06,64
response_mean,32,7,0.0001612405991409027,0.06076558484434599,0.06076558484434599,0.59375,-0.0011659253541438234,0.0014884065524256285,64
final_prompt,20,7,9.447244337934535e-07,0.0607615958979428,0.0607615958979428,0.5,-3.4828471484615875e-07,2.2377335824330657e-06,64
response_first,27,31,1.1586886159868291e-05,0.06069704710158843,0.06069704710158843,0.53125,-6.016431700572384e-05,8.33380893254604e-05,64
response_mean,33,9,5.77281539335675e-05,0.06063797574239927,0.06063797574239927,0.5,-0.0004774252583956363,0.0005928815662627712,64
public_task_span,8,2,-6.100880739266604e-06,-0.060461378211653066,0.060461378211653066,0.5,1.2175825531805765e-05,-2.4377587010338972e-05,64
post_selector,10,23,-0.00010277820729243385,-0.060186473047805125,0.060186473047805125,0.5625,-0.0004840687324758633,0.0002785123178909955,64
final_prompt,25,5,-1.030585508487743e-05,-0.06006264000839658,0.06006264000839658,0.515625,-6.335107946141347e-05,4.273936929165861e-05,64
public_task_span,11,12,-3.4391936196694105e-05,-0.05994899182776207,0.05994899182776207,0.484375,-0.00018098787086272462,0.00011220399846933645,64
final_prompt,21,31,4.17678313624494e-06,0.05992287128623153,0.05992287128623153,0.5625,-1.5331415909253458e-05,2.3684982181743338e-05,64
post_selector,27,30,-9.056596445589282e-05,-0.059922772924608354,0.059922772924608354,0.484375,-0.0004548106408037634,0.00027367871189197784,64
response_mean,33,30,3.3861330848594804e-05,0.05989704839042184,0.05989704839042184,0.484375,-0.00030211108332875967,0.0003698337450259493,64
final_prompt,26,18,5.8969405699825985e-05,0.059818951472677816,0.059818951472677816,0.59375,-0.00019376806767466484,0.0003117068790743168,64
post_selector,4,0,0.0005021507167839455,0.05981871347650997,0.05981871347650997,0.46875,-0.0006805722805438467,0.0016848737141117376,64
public_task_span,23,28,-6.327984465314803e-05,-0.059581706727240606,0.059581706727240606,0.484375,-0.0007047410572340307,0.0005781813679277346,64
final_prompt,20,13,4.564994753762863e-06,0.05942785318576827,0.05942785318576827,0.515625,-9.5968483719841e-06,1.8726837879509823e-05,64
response_mean,28,20,2.957539550153466e-06,0.05918641421011115,0.05918641421011115,0.546875,-1.7117817833420098e-05,2.303289693372703e-05,64
final_prompt,22,12,2.780857016658322e-06,0.05910448048363409,0.05910448048363409,0.5,-1.5611694152541444e-05,2.117340818585809e-05,64
response_mean,30,8,5.250136595691084e-05,0.05906117792664511,0.05906117792664511,0.515625,-0.00032663927129303674,0.0004316420032068585,64
response_first,29,8,1.9267719835622536e-05,0.05905940026363989,0.05905940026363989,0.515625,-0.00012222418661166385,0.00016075962628290893,64
public_task_span,12,29,-1.782839416364523e-05,-0.058915441090508135,0.058915441090508135,0.5,-5.98603090793347e-05,2.4203520752044254e-05,64
response_mean,29,11,5.482683787862038e-06,0.05875632305382281,0.05875632305382281,0.5,-3.72995267987553e-05,4.8264894374479374e-05,64
public_task_span,21,18,4.3100168028327266e-05,0.05848585448066528,0.05848585448066528,0.546875,0.0002463530806835328,-0.00016015274462687824,64
public_task_span,19,28,6.224184062375343e-05,0.05826631832043996,0.05826631832043996,0.53125,-5.245031206869069e-05,0.00017693399331619757,64
public_task_span,15,20,-4.156994066307187e-06,-0.05816895730282522,0.05816895730282522,0.484375,-1.9105722913077203e-05,1.0791734780462827e-05,64
post_selector,32,25,3.5271159958940646e-05,0.058101774752826574,0.058101774752826574,0.5,0.00012777839492627503,-5.723607500839375e-05,64
post_selector,9,1,2.4812017045410546e-05,0.058039529392992846,0.058039529392992846,0.421875,9.133577805215141e-07,4.8710676310299585e-05,64
final_prompt,34,6,1.824342689360588e-05,0.05798638569173282,0.05798638569173282,0.515625,-0.00011933993437194686,0.00015582678815915862,64
response_mean,28,25,5.085369878084769e-06,0.05794086937822767,0.05794086937822767,0.5,-2.582275078565946e-05,3.5993490541829e-05,64
final_prompt,20,2,4.4556007878774766e-05,0.057901171934666665,0.057901171934666665,0.53125,5.9851249716204725e-06,8.312689078592911e-05,64
post_selector,20,10,-8.920834079617003e-05,-0.05785446461501025,0.05785446461501025,0.5,-0.000318796684496175,0.00014038000290383495,64
response_first,23,24,6.724419790770466e-06,0.05777627626247252,0.05777627626247252,0.5,4.984503198100486e-05,-3.639619239946392e-05,64
public_task_span,19,21,-7.850723886804588e-05,-0.057703939585666046,0.057703939585666046,0.5,-0.0002525763793528219,9.556190161673009e-05,64
final_prompt,30,25,2.8772827818100078e-05,0.05764040050503708,0.05764040050503708,0.5625,-0.0001268947326025157,0.00018444038823871582,64
response_first,24,25,0.00014180984817358118,0.05747757651053614,0.05747757651053614,0.5,-0.0009248208662029156,0.001208440562550078,64
response_first,22,2,6.263860825584437e-06,0.05745996642242148,0.05745996642242148,0.53125,-3.1492302241563773e-06,1.5676951875325242e-05,64
post_selector,31,2,-5.8016978982773924e-05,-0.05733453543361498,0.05733453543361498,0.453125,-8.97783684194278e-06,-0.00010705612112360506,64
post_selector,4,19,0.00010215448082818326,0.05711790821547506,0.05711790821547506,0.359375,0.0003311393147669338,-0.00012683035311056735,64
post_selector,22,12,2.275420069963922e-05,0.05710886429670868,0.05710886429670868,0.453125,2.748384440565433e-05,1.8024556993624104e-05,64
post_selector,4,22,-0.00027768520521931063,-0.057081533342769844,0.057081533342769844,0.484375,-0.0023804316733730658,0.0018250612629344444,64
final_prompt,34,28,7.382721832982366e-05,0.05696026181268828,0.05696026181268828,0.5,-0.0002751227702901487,0.000422777206949796,64
response_mean,19,9,1.5816591599101165e-05,0.056573563988825196,0.056573563988825196,0.515625,-6.948356246993235e-05,0.00010111674566813467,64
response_mean,34,2,0.00010262491969114298,0.056498262732047534,0.056498262732047534,0.53125,-0.0007801298957019596,0.0009853797350842456,64
response_mean,22,10,5.267297353837385e-06,0.0564673727568095,0.0564673727568095,0.5,-1.2772138006765598e-05,2.3306732714440367e-05,64
final_prompt,28,10,3.929644844901952e-05,0.05639976088618469,0.05639976088618469,0.53125,-3.785088210861027e-05,0.00011644377900664932,64
final_prompt,20,21,4.579976078389337e-07,0.05634912087157498,0.05634912087157498,0.5,-7.891761839573519e-07,1.7051713996352191e-06,64
post_selector,0,0,0.000986503204330805,0.05614327134632543,0.05614327134632543,0.515625,0.000895307166501881,0.0010776992421597286,64
post_selector,4,16,0.0005170376807654878,0.056098150564292404,0.056098150564292404,0.59375,0.002745764377323199,-0.0017116890157922225,64
response_first,28,3,6.079555237193021e-05,0.05603232078495588,0.05603232078495588,0.5,-0.0005910770214540737,0.0007126681261979341,64
final_prompt,29,26,0.0007049877822282716,0.05602514399856992,0.05602514399856992,0.515625,-0.0011104524237453,0.0025204279882018437,64
public_task_span,12,15,-7.080672958181833e-05,-0.055950476820934195,0.055950476820934195,0.46875,-0.00039365279189950856,0.00025203933273587197,64
post_selector,1,11,-0.0002629954688018187,-0.05570743807753998,0.05570743807753998,0.546875,0.00030759780202060623,-0.0008335887396242438,64
response_first,32,10,3.824264240392982e-05,0.05560721483100882,0.05560721483100882,0.515625,-0.00032826898768686534,0.0004047542724947249,64
final_prompt,28,3,3.640186446318605e-05,0.0554841633602189,0.0554841633602189,0.5,-0.0002720914130804785,0.0003448951420068505,64
public_task_span,23,4,-1.588255891249446e-06,-0.055091230267365586,0.055091230267365586,0.484375,-1.3674408663177928e-05,1.0497896880679036e-05,64
response_mean,33,6,0.00020811985086766256,0.05507461586964432,0.05507461586964432,0.515625,-0.0019467177589831148,0.0023629574607184397,64
final_prompt,31,10,1.0045983799495976e-05,0.055031252597227576,0.055031252597227576,0.515625,-1.2312536910034082e-05,3.240450450902603e-05,64
final_prompt,27,28,0.0003366212004038988,0.05498383794558537,0.05498383794558537,0.546875,-0.0006597841347684131,0.0013330265355762105,64
public_task_span,20,21,1.870734109842172e-06,0.05495760508862067,0.05495760508862067,0.515625,-9.689632378240029e-06,1.3431100597924372e-05,64
response_mean,33,4,3.679032397485356e-05,0.054905465225393156,0.054905465225393156,0.53125,-0.00029469271294145505,0.00036827336089116213,64
response_first,27,17,1.0629032900058982e-05,0.054811177123784964,0.054811177123784964,0.5,-3.577780688594293e-06,2.483584648871225e-05,64
post_selector,11,12,0.00023082832922226718,0.0547597439549849,0.0547597439549849,0.515625,0.0004711942019639374,-9.537543519403204e-06,64
public_task_span,10,15,-1.2435784356057592e-05,-0.05468913384186426,0.05468913384186426,0.5,-1.3653661881145793e-06,-2.3506202524000606e-05,64
response_first,26,22,1.561149638007464e-06,0.054650055372679675,0.054650055372679675,0.515625,3.7202775757805284e-06,-5.979782997656002e-07,64
post_selector,7,24,6.03299472459203e-05,0.0546434127435898,0.0546434127435898,0.5,0.00018398241354588435,-6.332251905404374e-05,64
post_selector,0,1,-7.690296229151227e-06,-0.0546181228201182,0.0546181228201182,0.515625,-1.885368169495367e-05,3.4730892366512093e-06,64
response_mean,33,12,6.496618539130459e-05,0.0542117611930887,0.0542117611930887,0.578125,-0.0003054266126127912,0.0004353589833954004,64
response_first,29,15,5.844116383711765e-06,0.054172267199541886,0.054172267199541886,0.5,-4.5014711460559614e-05,5.670294422798314e-05,64
response_mean,34,29,1.82913291837394e-05,0.053961353973698924,0.053961353973698924,0.515625,-0.00013901992633689306,0.00017560258470437185,64
public_task_span,12,31,-2.91570024728504e-05,-0.05395762886687313,0.05395762886687313,0.5,-1.2418644473642356e-05,-4.589536047205846e-05,64
public_task_span,14,20,-3.5718787785306424e-06,-0.05395472212036313,0.05395472212036313,0.484375,-2.2379350639309875e-05,1.5235593082248588e-05,64
response_mean,19,15,5.6211114042523086e-05,0.05370070236468101,0.05370070236468101,0.53125,4.3844700485344286e-05,6.857752759970187e-05,64
post_selector,27,1,8.81847381606405e-05,0.053645419289116855,0.053645419289116855,0.5,5.980120477034058e-05,0.00011656827155094038,64
final_prompt,22,0,1.3295310736786736e-05,0.05362283040568878,0.05362283040568878,0.484375,-5.1590851853695255e-05,7.818147332726874e-05,64
response_first,27,29,3.3096378842854226e-05,0.0535422908895456,0.0535422908895456,0.53125,-0.00012527330454758297,0.00019146606223329144,64
final_prompt,27,14,0.00013750971538683315,0.05351048213710188,0.05351048213710188,0.515625,-0.0016624803374724834,0.0019374997682461495,64
final_prompt,31,21,-4.71964494863572e-06,-0.05347160286315871,0.05347160286315871,0.5,-2.5304710106862194e-05,1.586542020959075e-05,64
post_selector,1,5,-0.0004871645724051609,-0.05336291113993492,0.05336291113993492,0.5,0.0014735284348716938,-0.0024478575796820154,64
post_selector,2,11,-0.0003395353814994438,-0.053342279117064725,0.053342279117064725,0.5,-0.0036043388172401873,0.0029252680542413,64
post_selector,7,16,2.3210994640979588e-05,0.05325840102476618,0.05325840102476618,0.515625,7.59673912397978e-06,3.882525015797938e-05,64
post_selector,31,18,3.0679105975643736e-05,0.053250479539607286,0.053250479539607286,0.5,6.8515406383075e-05,-7.1571944317875e-06,64
response_mean,26,16,5.05276698277151e-05,0.05315502495019819,0.05315502495019819,0.5,-0.00028364114496069596,0.00038469648461612616,64
final_prompt,28,7,1.845492442952946e-05,0.052979572336598585,0.052979572336598585,0.484375,0.00019162185844832084,-0.0001547120095892619,64
public_task_span,19,3,7.03214473105576e-05,0.05296099920541932,0.05296099920541932,0.515625,0.00026362758717368224,-0.00012298469255256697,64
post_selector,34,10,-6.265507727221715e-05,-0.0529381344969849,0.0529381344969849,0.5,-0.0004039050272695,0.0002785948727250656,64
response_mean,34,4,7.021386295490681e-06,0.05289849602953423,0.05289849602953423,0.5,-7.357827178109572e-05,8.762104437207708e-05,64
post_selector,17,29,-0.0001000119123091457,-0.05282596499705548,0.05282596499705548,0.640625,-0.0006136773772596038,0.00041365355264131253,64
response_first,21,4,2.6436206042043537e-06,0.052617402813039844,0.052617402813039844,0.5,3.836389055339196e-07,4.903602302874788e-06,64
public_task_span,12,13,-9.350060599899448e-05,-0.05260911051521321,0.05260911051521321,0.484375,-0.000657744366435494,0.0004707431544375051,64
post_selector,24,20,2.758798291324787e-05,0.05255303200811973,0.05255303200811973,0.578125,-0.0002402238269496294,0.00029539979277612514,64
response_mean,24,17,0.00015296547724119453,0.05253643072149229,0.05253643072149229,0.546875,-0.0007942538418319395,0.0011001847963143289,64
final_prompt,34,30,3.331472044010079e-05,0.05239282626274423,0.05239282626274423,0.5,-0.0002450156407576151,0.00031164508163781667,64
public_task_span,15,23,-8.241785280915792e-07,-0.05225719118870708,0.05225719118870708,0.46875,-2.33662873938556e-06,6.882716832024019e-07,64
post_selector,25,19,2.8930347980351022e-05,0.05219842741243758,0.05219842741243758,0.53125,1.5693924979130942e-05,4.216677098157111e-05,64
post_selector,27,10,4.304857429815302e-05,0.05216111314942963,0.05216111314942963,0.5,-0.00016493066323164244,0.0002510278118279485,64
post_selector,0,5,-0.000580691033974289,-0.052048657025683044,0.052048657025683044,0.5,0.0017940210236702095,-0.002955403091618787,64
public_task_span,24,5,-3.2473300421973906e-06,-0.05202579750168403,0.05202579750168403,0.484375,-3.5796513117241155e-05,2.930185303284637e-05,64
response_mean,33,24,1.2956691307408061e-05,0.05199606209465746,0.05199606209465746,0.515625,3.5079794088240524e-05,-9.166411473424418e-06,64
response_first,30,25,8.485710111470559e-06,0.05199207168090038,0.05199207168090038,0.53125,-8.444889272140112e-05,0.00010142031294434225,64
final_prompt,33,19,8.450120913038446e-05,0.05190187003419228,0.05190187003419228,0.546875,-6.22529387328561e-05,0.00023125535699362504,64
post_selector,22,27,1.1752951422748831e-05,0.051766161687924604,0.051766161687924604,0.59375,-3.820875326709607e-05,6.171465611259374e-05,64
final_prompt,19,21,-2.9403206553982634e-05,-0.051736026456584906,0.051736026456584906,0.5,0.00033366852221657187,-0.0003924749353245372,64
response_mean,16,11,4.694025619754208e-06,0.05162955130635222,0.05162955130635222,0.5,-3.845613491641302e-06,1.3233664731149724e-05,64
public_task_span,17,6,2.0736625856436743e-05,0.051534411384994275,0.051534411384994275,0.515625,6.790698989709952e-07,4.079418181390248e-05,64
response_first,31,20,1.981027958208496e-05,0.051471850586151384,0.051471850586151384,0.5,-3.574143011063166e-05,7.536198927480158e-05,64
post_selector,4,8,0.0004849569177167673,0.05126375438128559,0.05126375438128559,0.578125,0.002621164840093116,-0.0016512510046595812,64
response_mean,19,1,0.00013999421707921593,0.051247726230663565,0.051247726230663565,0.515625,-0.0003619045728555591,0.0006418930070139911,64
public_task_span,7,7,8.154484110178827e-08,0.05116612194668232,0.05116612194668232,0.5,3.0463566780269957e-07,-1.4154598559912304e-07,64
post_selector,27,21,-4.8123122269322474e-05,-0.05116187092081461,0.05116187092081461,0.46875,-0.00030103586050245863,0.00020478961596381368,64
response_mean,19,14,0.00023122827860787474,0.05112797589600986,0.05112797589600986,0.5625,6.882792149307893e-07,0.0004617682780008186,64
response_mean,32,2,4.7061528675839186e-05,0.05098001329686135,0.05098001329686135,0.53125,-0.00036959898216079796,0.00046372203951247637,64
post_selector,9,16,-1.62416258149286e-05,-0.050973148546050374,0.050973148546050374,0.578125,6.554765536746757e-05,-9.803090699732479e-05,64
post_selector,4,5,0.0001585581685503694,0.05080713863466445,0.05080713863466445,0.5625,0.0005366690566006608,-0.00021955271949992172,64
response_first,25,20,4.021600474857223e-07,0.05067473178434662,0.05067473178434662,0.515625,2.2259785623646167e-06,-1.421658467393172e-06,64
public_task_span,19,31,2.4487706980375153e-05,0.050634805269003096,0.050634805269003096,0.53125,-2.0651175418799172e-06,5.104053150263022e-05,64
response_first,21,10,3.2929266108316924e-07,0.05061319088914011,0.05061319088914011,0.5,-6.76352982953432e-07,1.3349383051197705e-06,64
response_mean,21,27,0.0003567045528143343,0.05049643940232371,0.05049643940232371,0.515625,-0.0020908811993649527,0.0028042903049936216,64
post_selector,21,19,-0.00032560868567089226,-0.05045935009870528,0.05045935009870528,0.5,-0.00018447679030943436,-0.00046674058103234994,64
public_task_span,15,22,-1.9001950590785272e-06,-0.05042874584130383,0.05042874584130383,0.484375,-5.019992727283068e-06,1.219602609126014e-06,64
post_selector,27,22,0.00010148758610739914,0.050401114775640826,0.050401114775640826,0.453125,-0.0003662060989881766,0.0005691812712029751,64
public_task_span,14,26,-1.9960258896388803e-05,-0.05027431906535488,0.05027431906535488,0.484375,6.68259872334529e-07,-4.058877766511213e-05,64
public_task_span,13,31,5.9666603192454096e-05,0.05023865501568552,0.05023865501568552,0.5,-9.20256134122593e-05,0.0002113588197971675,64
post_selector,28,30,2.9758762366317148e-05,0.050088100219727275,0.050088100219727275,0.5,0.0001930616904246349,-0.0001335441656920006,64
response_first,26,15,0.0002481461842762625,0.04991569709244669,0.04991569709244669,0.5,-0.0032047048171079686,0.003700997185660494,64
response_first,11,20,5.980171376758911e-06,0.04988436059597054,0.04988436059597054,0.5,1.5133185158331852e-05,-3.1728424048140296e-06,64
public_task_span,19,1,3.997029466517984e-05,0.04988257687836051,0.04988257687836051,0.5,-8.652756605442366e-05,0.00016646815538478343,64
response_mean,29,2,0.00011746406903512115,0.04988112803240144,0.04988112803240144,0.5625,-0.0008452129095530727,0.001080141047623315,64
post_selector,35,12,-0.00011690025712595865,-0.04983613105955115,0.04983613105955115,0.453125,-0.0014788480038987277,0.0012450474896468103,64
final_prompt,19,1,1.5185109475624988e-05,0.04977523474951931,0.04977523474951931,0.5,7.947467872781964e-05,-4.9104459776569664e-05,64
post_selector,10,8,-2.7484705242392442e-05,-0.049763935349116745,0.049763935349116745,0.515625,-3.5434111850927405e-05,-1.9535298633857493e-05,64
post_selector,22,16,0.00020187185509712186,0.04975408266196274,0.04975408266196274,0.515625,4.7400932089650106e-05,0.00035634277810459394,64
response_first,23,6,1.65289370102073e-06,0.04973426594569802,0.04973426594569802,0.53125,-4.584603516377683e-06,7.890390918419143e-06,64
final_prompt,34,26,-3.5388081300893124e-06,-0.04962904915474176,0.04962904915474176,0.5,-2.447130100338123e-06,-4.630486159840501e-06,64
post_selector,28,5,-9.647533067891914e-05,-0.04960722990122846,0.04960722990122846,0.53125,-0.0006331492993467602,0.000440198637988922,64
response_first,23,8,6.335377825902497e-06,0.049565917116290825,0.049565917116290825,0.546875,-2.7239277215980234e-06,1.5394683373403013e-05,64
response_first,11,0,-7.665822158742362e-05,-0.04954242501551175,0.04954242501551175,0.5,0.0002845869148586583,-0.0004379033580335055,64
public_task_span,8,8,-5.108012828709996e-06,-0.049413813114453156,0.049413813114453156,0.484375,-6.011545792712143e-06,-4.204479864707852e-06,64
post_selector,35,21,-6.115506994320025e-05,-0.04936225178577239,0.04936225178577239,0.5,-0.0003954606581828375,0.000273150518296437,64
final_prompt,26,30,3.7540405173781526e-05,0.049323162743442575,0.049323162743442575,0.515625,-0.00044094699296690066,0.0005160278033144636,64
post_selector,3,20,0.0002535588791943135,0.04923258019699837,0.04923258019699837,0.5,4.4961954699830305e-05,0.00046215580368879673,64
final_prompt,26,14,-3.829611364380926e-05,-0.049174082651506044,0.049174082651506044,0.515625,-0.00041892787908180554,0.000342335651794187,64
response_mean,19,29,0.00012433709252945374,0.04913621135329249,0.04913621135329249,0.53125,0.0009507583713457073,-0.0007020841862867997,64
final_prompt,20,14,-6.97911623603706e-06,-0.04903999146053749,0.04903999146053749,0.5625,-5.6041588287309025e-05,4.20833558152349e-05,64
post_selector,1,13,0.00014559466126228807,0.04901517281490289,0.04901517281490289,0.546875,-0.0004993009611098448,0.0007904902836344209,64
response_first,26,13,8.777901712165636e-06,0.04895758474166068,0.04895758474166068,0.5,-8.067653806163061e-05,9.823234148596187e-05,64
post_selector,8,5,2.5880916837191887e-05,0.04893367012205476,0.04893367012205476,0.515625,0.0001924789344229634,-0.00014071710074857962,64
post_selector,9,23,4.968619487044541e-05,0.048845681056509944,0.048845681056509944,0.5,0.00015833845827728467,-5.896606853639385e-05,64
public_task_span,12,27,-1.2226396165715065e-05,-0.04881147005765771,0.04881147005765771,0.5,-5.563513877858409e-05,3.118234644715397e-05,64
response_mean,23,20,1.9973491760080715e-05,0.048705451138471786,0.048705451138471786,0.53125,6.876895031382358e-05,-2.882196679366215e-05,64
final_prompt,25,25,-1.1906137729050376e-05,-0.04865537162351459,0.04865537162351459,0.5,-4.381312442091203e-05,2.0000848962811283e-05,64
public_task_span,20,18,2.3315094949796604e-05,0.04862637190052006,0.04862637190052006,0.5,3.179232817273929e-05,1.4837861726853936e-05,64
post_selector,18,3,-3.782110115935467e-05,-0.04845473834130799,0.04845473834130799,0.5,-3.1297459827331236e-05,-4.434474249137812e-05,64
final_prompt,23,22,1.1024254945372635e-05,0.04830028297603805,0.04830028297603805,0.515625,9.546138312542719e-05,-7.341287323468193e-05,64
response_first,29,9,1.4811418679980738e-05,0.0482950236512457,0.0482950236512457,0.515625,-0.00016405484927870388,0.00019367768663866537,64
response_first,34,29,1.6421958434875817e-05,0.048161726186883226,0.048161726186883226,0.515625,-0.00018160936861019605,0.00021445328547994765,64
response_mean,27,8,3.647858676457429e-06,0.04811049800732319,0.04811049800732319,0.515625,-7.666578653697347e-06,1.4962296006612208e-05,64
final_prompt,35,27,4.6055876737224086e-05,0.04798513139634749,0.04798513139634749,0.5,-0.0003666251977847315,0.00045873695125917967,64
final_prompt,25,30,5.0849135732286386e-05,0.04796073304068268,0.04796073304068268,0.5,-0.0006708991895720375,0.0007725974610366103,64
final_prompt,35,17,7.238056298313935e-06,0.04786971253691831,0.04786971253691831,0.5,3.3636401894899346e-05,-1.9160289298271468e-05,64
response_mean,26,10,-3.495344920168008e-07,-0.04785336525156216,0.04785336525156216,0.5,-1.2445658299498064e-06,5.454968459162046e-07,64
response_mean,29,31,3.4642595352347877e-06,0.047851437133890715,0.047851437133890715,0.5,1.2763818943990936e-05,-5.835299873521362e-06,64
response_mean,32,9,1.111523988584079e-05,0.047829630138169626,0.047829630138169626,0.515625,-0.0001334047556156048,0.00015563523538728637,64
response_mean,23,17,-1.1630521839837777e-05,-0.04779222299012174,0.04779222299012174,0.5,-7.662624585691819e-05,5.336520217724265e-05,64
final_prompt,28,27,8.541113913906884e-07,0.04771874459921526,0.04771874459921526,0.53125,-1.1258943573011493e-06,2.834117140082526e-06,64
response_mean,24,2,2.045106111836335e-05,0.047666282642583276,0.047666282642583276,0.515625,-0.00017485894886702674,0.0002157610711037534,64
response_mean,30,21,2.213879952251125e-06,0.047663153016613766,0.047663153016613766,0.5,-1.0608453578696584e-05,1.5036213483198834e-05,64
post_selector,3,27,0.0003304369352008387,0.04752249141009797,0.04752249141009797,0.65625,0.0018242708611069202,-0.0011633969907052422,64
post_selector,26,12,-6.529028541990397e-05,-0.04748533650682018,0.04748533650682018,0.515625,-0.0008455382012470781,0.0007149576304072701,64
post_selector,16,9,-0.0004161964861850781,-0.04741874914380147,0.04741874914380147,0.5,-0.0004407386732055,-0.0003916542991646562,64
response_mean,15,12,9.094260803976858e-05,0.0473818293408611,0.0473818293408611,0.5625,0.0004908658702333784,-0.00030898065415384127,64
public_task_span,21,17,-3.309247040305691e-05,-0.047283545699190105,0.047283545699190105,0.453125,0.0002476497984389229,-0.00031383473924503685,64
post_selector,3,31,-0.0004654351806010374,-0.047239747143850076,0.047239747143850076,0.46875,0.0021946418955849463,-0.0031255122567870205,64
response_first,32,6,3.57198157416808e-05,0.04686577018479016,0.04686577018479016,0.515625,-0.00028307442380536756,0.0003545140552887292,64
response_mean,35,23,7.611731507494788e-05,0.04680270184158942,0.04680270184158942,0.515625,-0.00021545030904235055,0.0003676849391922464,64
final_prompt,22,6,1.947422310876519e-05,0.046778073114232786,0.046778073114232786,0.53125,4.323835992179538e-05,-4.2899137042649984e-06,64
public_task_span,12,5,-9.882093763730688e-06,-0.046754959570543084,0.046754959570543084,0.484375,-4.101938770871395e-05,2.125520018125257e-05,64
final_prompt,26,2,-3.8340128412528145e-05,-0.04668926578489546,0.04668926578489546,0.5,-0.000246629195316925,0.00016994893849186878,64
response_mean,24,21,3.3280602565354634e-05,0.04665129180900088,0.04665129180900088,0.53125,-0.0003040632268493814,0.0003706244319800907,64
response_mean,17,30,2.968299810391019e-06,0.046648992648915664,0.046648992648915664,0.5,-1.163108350965362e-05,1.756768313043566e-05,64
response_mean,20,17,0.00010888838423284283,0.0466355097671119,0.0466355097671119,0.5,-0.0006276346850313322,0.0008454114534970177,64
public_task_span,13,5,-4.773529553855669e-06,-0.04641654959711451,0.04641654959711451,0.4375,6.859703944429896e-06,-1.6406763052141233e-05,64
response_first,31,5,1.8687924466573327e-05,0.046385939582292604,0.046385939582292604,0.5,-0.0002039782038991416,0.00024135405283228823,64
public_task_span,21,5,4.659397200156464e-05,0.04636661390345771,0.04636661390345771,0.5,-6.77852367516719e-05,0.00016097318075480117,64
response_mean,25,22,5.121688872121355e-06,0.04626370911568099,0.04626370911568099,0.53125,-5.161152216738817e-07,1.0759492965916589e-05,64
final_prompt,21,5,1.0481766594239368e-05,0.046137235730769735,0.046137235730769735,0.5,1.1420980399644446e-05,9.542552788834304e-06,64
post_selector,8,0,3.21369288940348e-05,0.04605731876081634,0.04605731876081634,0.53125,6.29939868304115e-05,1.2798709576580716e-06,64
response_mean,31,21,1.079480838939162e-06,0.04588582633733141,0.04588582633733141,0.5,-8.991245010747662e-06,1.1150206688625985e-05,64
public_task_span,20,5,-1.249802721758643e-05,-0.04585787362026743,0.04585787362026743,0.5,-0.00010688748898244985,8.189143454727699e-05,64
response_first,35,3,1.3835131653650024e-06,0.045769685441838695,0.045769685441838695,0.5,-5.164023832548992e-06,7.931050163278996e-06,64
public_task_span,13,23,-8.11604621730621e-06,-0.04571378274748229,0.04571378274748229,0.5,-2.5769968374332833e-05,9.53787593972042e-06,64
response_mean,20,5,-3.223861358492082e-05,-0.04565479036412665,0.04565479036412665,0.484375,-0.00029681750584129637,0.00023234027867145477,64
response_mean,30,6,6.427785353935117e-05,0.04564911989840162,0.04564911989840162,0.5,-0.0007149293480779003,0.0008434850551566025,64
post_selector,19,1,0.00027515014153323136,0.045645451954696346,0.045645451954696346,0.5,0.0014450405578827438,-0.0008947402748162813,64
response_mean,30,7,1.0132247894034663e-06,0.04560401421417284,0.04560401421417284,0.53125,6.07700542332168e-06,-4.050555844514747e-06,64
public_task_span,31,30,-5.5480560604333846e-05,-0.045599847365198516,0.045599847365198516,0.484375,-0.000763284810091105,0.0006523236888824372,64
post_selector,0,6,-0.0005994996572553625,-0.04549420184858329,0.04549420184858329,0.5,0.0014004265904077249,-0.00259942590491845,64
public_task_span,14,8,-1.665142463024921e-05,-0.0454341426211791,0.0454341426211791,0.5,-4.127802458241615e-05,7.975175321917754e-06,64
response_mean,17,14,-9.632247326859106e-06,-0.045420755382255845,0.045420755382255845,0.5,-8.466427317442452e-05,6.53997785207063e-05,64
response_first,26,21,-3.5414864285598934e-07,-0.045388145453803326,0.045388145453803326,0.484375,6.556844382998861e-07,-1.3639817240118646e-06,64
response_mean,23,18,-3.3436288759958366e-06,-0.04535011856896261,0.04535011856896261,0.5,-2.506602868379388e-05,1.8378770931802208e-05,64
response_first,34,1,1.3119510754220785e-05,0.04534341813305283,0.04534341813305283,0.53125,-0.0001561244559979787,0.00018236347750642028,64
response_first,25,19,6.234742784272385e-07,0.04532521484139399,0.04532521484139399,0.5,-1.942006790045525e-06,3.188955346900002e-06,64
response_first,21,19,7.819598494048965e-06,0.045294040367372695,0.045294040367372695,0.5,3.009777961436786e-05,-1.4458582626269942e-05,64
post_selector,1,18,-0.00010452552487549979,-0.04527688021767537,0.04527688021767537,0.5625,0.0007664706718060067,-0.0009755217215570062,64
response_mean,35,19,1.556052416162391e-05,0.04521924351504456,0.04521924351504456,0.53125,2.8011197628062617e-05,3.109850695185214e-06,64
response_mean,16,19,3.363415066814281e-05,0.0452073769001472,0.0452073769001472,0.515625,0.0001484340268689192,-8.116572553263359e-05,64
final_prompt,20,4,2.129212452928648e-05,0.045206639016740206,0.045206639016740206,0.515625,-2.1516552351379257e-05,6.410080140995218e-05,64
final_prompt,21,24,1.3293161202913949e-05,0.04514957030662053,0.04514957030662053,0.5,1.1576918723228914e-05,1.5009403682598994e-05,64
response_mean,21,20,5.269368057270879e-05,0.04514051969833755,0.04514051969833755,0.5,-0.0006659165846940103,0.0007713039458394279,64
public_task_span,24,29,-9.759318857048616e-06,-0.04504957580996822,0.04504957580996822,0.46875,-9.123037727930568e-05,7.171173956520845e-05,64
post_selector,1,0,0.00011448374334576315,0.04503862357295361,0.04503862357295361,0.546875,3.68684650311295e-05,0.0001920990216603968,64
post_selector,5,21,0.0003512350260734744,0.0450129165741763,0.0450129165741763,0.5,0.002513840483061342,-0.0018113704309143932,64
response_first,29,13,9.028267299979652e-06,0.044869845638906045,0.044869845638906045,0.5,-8.923652600144457e-05,0.00010729306060140386,64
response_first,30,6,1.2732376461594167e-05,0.04485920816646812,0.04485920816646812,0.515625,-0.00016356282498006285,0.0001890275779032512,64
final_prompt,31,11,2.7949507966697588e-05,0.044816707519755666,0.044816707519755666,0.5,-0.0002553570884629016,0.0003112561043962968,64
response_mean,34,27,6.439007194103394e-07,0.04479011666234393,0.04479011666234393,0.5,2.1394217952774852e-06,-8.516203564568059e-07,64
public_task_span,18,28,0.00010573339204711157,0.04469556672914509,0.04469556672914509,0.53125,-0.00016681099441484648,0.0003782777785090696,64
response_mean,28,15,1.184903669582026e-05,0.044679414679689416,0.044679414679689416,0.515625,-0.00012470272258722915,0.0001484007959788697,64
post_selector,1,29,-0.00018916378030554197,-0.044568700647735736,0.044568700647735736,0.578125,-0.0009754165221238593,0.0005970889615127754,64
post_selector,16,10,5.4633596391789866e-05,0.04454469947377119,0.04454469947377119,0.546875,-9.763573962119068e-05,0.0002069029324047704,64
response_mean,24,20,7.147059307040959e-06,0.04443626730767869,0.04443626730767869,0.5,-7.330862467823721e-05,8.760274329231914e-05,64
response_mean,25,4,-6.892095939293969e-06,-0.0444314246291258,0.0444314246291258,0.5,4.704543244387003e-08,-1.3831237311031806e-05,64
final_prompt,19,9,4.421792766606109e-06,0.04433647351411792,0.04433647351411792,0.5,1.5077743000804077e-06,7.335811233131816e-06,64
response_first,33,19,3.3140468076451566e-05,0.044312702992777044,0.044312702992777044,0.5,-0.0004180461655778062,0.0004843271017307094,64
public_task_span,11,5,-4.489249590730421e-06,-0.0442865266622617,0.0442865266622617,0.46875,-6.215050916576602e-06,-2.7634482648842383e-06,64
public_task_span,23,13,-4.640405950340044e-05,-0.04424663286969756,0.04424663286969756,0.4375,-0.00046649311389045263,0.0003736849948836518,64
final_prompt,23,24,1.3391899528869012e-05,0.04421477980706433,0.04421477980706433,0.515625,7.957929801704559e-05,-5.279549895930755e-05,64
post_selector,33,0,3.241486001570322e-05,0.04409821834608682,0.04409821834608682,0.515625,-0.00012462412314561726,0.00018945384317702372,64
response_mean,21,13,9.316969965311721e-06,0.04409478721191815,0.04409478721191815,0.53125,-2.5179851945753443e-06,2.1151925125198786e-05,64
response_first,25,28,1.1197057460770755e-05,0.04406751988186154,0.04406751988186154,0.5,-8.369343936464222e-05,0.00010608755428618373,64
final_prompt,30,6,1.0785153904178179e-05,0.044018034820483935,0.044018034820483935,0.515625,-9.152094673935425e-05,0.00011309125454771059,64
post_selector,4,28,0.0004148642947257048,0.04395738925689416,0.04395738925689416,0.515625,0.002927479676145594,-0.002097751086694184,64
response_mean,20,30,0.00019227338361815912,0.043936060183845806,0.043936060183845806,0.515625,-0.001507054845205847,0.0018916016124421653,64
final_prompt,22,31,0.00016450199109384995,0.04389075743852769,0.04389075743852769,0.5,-0.0007121988237486249,0.001041202805936325,64
response_first,19,21,-9.479623372504148e-06,-0.04374249146490615,0.04374249146490615,0.5,7.259573362714726e-05,-9.155498037215557e-05,64
response_first,22,6,3.9000397862306065e-06,0.04371220918109606,0.04371220918109606,0.515625,6.705041585065958e-06,1.0950379873952564e-06,64
public_task_span,11,0,-0.00013022556231589782,-0.043675013253429214,0.043675013253429214,0.484375,-0.00042358732753200803,0.00016313620290021245,64
post_selector,22,25,2.832018577691797e-05,0.04354924338395112,0.04354924338395112,0.5,-0.0001395487929585096,0.00019618916451234552,64
response_mean,34,6,1.0256658583785568e-05,0.04343509422058317,0.04343509422058317,0.5,-0.00012482371153052532,0.00014533702869809647,64
public_task_span,33,29,-2.018547115766782e-05,-0.04339861542243961,0.04339861542243961,0.5,-0.0002213740199294748,0.00018100307761413918,64
response_mean,31,22,8.308014685098898e-07,0.04331893051353147,0.04331893051353147,0.515625,-8.063193774887623e-06,9.724796711907402e-06,64
final_prompt,28,19,1.9417095245438774e-05,0.04325742859470858,0.04325742859470858,0.515625,-0.0002451103091516175,0.0002839444996424951,64
response_first,13,13,1.999271031366545e-08,0.04321352609983886,0.04321352609983886,0.5,-9.330063709123149e-08,1.332860577185624e-07,64
final_prompt,29,15,9.16480428258613e-06,0.04321040542404358,0.04321040542404358,0.484375,-6.423040986192587e-05,8.256001842709811e-05,64
response_first,21,26,1.3794804001321381e-06,0.04313060273167172,0.04313060273167172,0.515625,6.993146032030495e-06,-4.234185231766219e-06,64
response_mean,17,0,-4.4514807541412376e-05,-0.043067187129053844,0.043067187129053844,0.46875,-0.0004031887456221561,0.0003141591305393314,64
response_first,23,22,2.028155995503112e-05,0.0429527654761749,0.0429527654761749,0.5,-0.00017869887051346473,0.000219261990423527,64
public_task_span,12,11,-3.67861957784004e-05,-0.042934283517072507,0.042934283517072507,0.421875,-0.00031104127901924273,0.00023746888746244192,64
final_prompt,19,14,1.6126941318365894e-05,0.042902023541813224,0.042902023541813224,0.515625,8.406922461291141e-05,-5.181534197617961e-05,64
response_first,22,4,5.26317998605925e-06,0.04287422460997222,0.04287422460997222,0.53125,3.9439234640774454e-05,-2.8912874668655958e-05,64
response_mean,18,19,0.00010551694992954591,0.0428249494870984,0.0428249494870984,0.546875,-0.00044250590269712185,0.0006535398025562135,64
response_mean,33,7,1.56092246470506e-05,0.042799830881896025,0.042799830881896025,0.5,-0.00019712747052833378,0.00022834591982243499,64
post_selector,12,26,0.00033510670255054535,0.04274947517879231,0.04274947517879231,0.53125,-0.0002616935744299688,0.0009319069795310595,64
final_prompt,24,28,-2.7343536203264138e-05,-0.042720628119002554,0.042720628119002554,0.46875,-0.0003580160810088055,0.0003033290086022773,64
post_selector,3,5,-0.0003831851149946919,-0.042704921581076104,0.042704921581076104,0.5625,0.0020608143397744497,-0.002827184569763834,64
response_mean,27,30,0.00011300983760520208,0.0426473747922403,0.0426473747922403,0.5,-0.000711561030584559,0.0009375807057949633,64
final_prompt,29,0,0.00012368701572995942,0.04259527392267001,0.04259527392267001,0.515625,-0.0009823766304179876,0.0012297506618779062,64
response_first,32,11,2.0103299448231714e-05,0.04258669137116101,0.04258669137116101,0.515625,-0.0003011204917129067,0.00034132709060937015,64
response_mean,29,27,6.598250729439065e-05,0.04256874876766578,0.04256874876766578,0.515625,-0.0003746798975043864,0.0005066449120931677,64
response_first,14,28,-8.70009648678938e-06,-0.042533837357261,0.042533837357261,0.5,-3.5458135698717364e-05,1.8057942725138615e-05,64
final_prompt,35,21,-1.5255623679877317e-06,-0.042466833426031456,0.042466833426031456,0.484375,-1.5683944752709067e-05,1.2632820016733604e-05,64
final_prompt,30,29,-1.1654010450001806e-06,-0.04243075165028687,0.04243075165028687,0.5,-8.012293051251618e-07,-1.5295727848751994e-06,64
response_first,27,18,6.737470221195867e-05,0.04240827580721444,0.04240827580721444,0.546875,-0.0009134566171269165,0.001048206021550834,64
response_first,32,5,1.518651083642524e-05,0.04228014456093398,0.04228014456093398,0.515625,-0.00019752552771022108,0.00022789854938307157,64
post_selector,35,6,-2.1038480213065653e-05,-0.04191168924948696,0.04191168924948696,0.484375,-0.00018388025750937242,0.00014180329708324112,64
final_prompt,23,5,1.1530070821662818e-05,0.04189060920721389,0.04189060920721389,0.515625,-0.00010173611809703691,0.00012479625974036256,64
final_prompt,21,17,1.4761676538912365e-05,0.041588987745390084,0.041588987745390084,0.46875,0.0001915011096116181,-0.00016197775653379335,64
post_selector,14,0,9.366611493526567e-06,0.04150411212081348,0.04150411212081348,0.546875,1.991621206797952e-05,-1.1829890809263768e-06,64
public_task_span,14,0,-3.145487497135946e-07,-0.04149484992564328,0.04149484992564328,0.5,-4.013098163113682e-06,3.3840006636864928e-06,64
post_selector,12,10,0.00014324308904178136,0.041404937463496556,0.041404937463496556,0.5625,-0.0004634639517462438,0.0007499501298298065,64
public_task_span,29,6,-2.3355416033156868e-05,-0.04138059720696283,0.04138059720696283,0.484375,-0.0004037170710944033,0.00035700623902808963,64
final_prompt,34,31,1.741089710094969e-05,0.04131646027857466,0.04131646027857466,0.5,-0.0001833013459417779,0.0002181231401436773,64
post_selector,4,6,0.0003013841028405203,0.04129405990733098,0.04129405990733098,0.640625,0.002230789266377551,-0.0016280210606965106,64
post_selector,2,18,0.00012140997569076771,0.04129165043956,0.04129165043956,0.46875,0.0006536306173074944,-0.000410810665925959,64
public_task_span,20,0,1.1503506755155989e-05,0.0412703979625639,0.0412703979625639,0.5,-7.274692393366219e-05,9.575393744397418e-05,64
post_selector,12,16,-0.0001973042380996079,-0.04119287197067639,0.04119287197067639,0.5,0.00010657501843524706,-0.0005011834946344624,64
post_selector,19,19,0.00010489463329577655,0.04113984920810877,0.04113984920810877,0.46875,0.00019939055346185623,1.0398713129696873e-05,64
response_mean,33,1,3.285067862178035e-06,0.041051060966840254,0.041051060966840254,0.484375,-2.8521127319434794e-05,3.5091263043790864e-05,64
final_prompt,33,31,2.659315100573047e-05,0.04103582510210155,0.04103582510210155,0.5,-0.0003271856492119479,0.00038037195122340886,64
public_task_span,19,23,-6.61112635498259e-05,-0.041034943523103384,0.041034943523103384,0.5,-0.0005175301430426675,0.00038530761594301566,64
post_selector,3,15,-0.0007529123176936983,-0.04098363670996837,0.04098363670996837,0.5,0.0009868852903309779,-0.0024927099257183753,64
response_first,29,5,6.444093332902118e-05,0.04095032166996904,0.04095032166996904,0.546875,-0.000851281770337632,0.0009801636369956743,64
response_first,27,13,3.1988835644362287e-05,0.040947859119714575,0.040947859119714575,0.515625,-0.0005193700385461623,0.0005833477098348867,64
final_prompt,34,29,5.149266769419991e-06,0.04088687457410465,0.04088687457410465,0.515625,-5.3363188726496206e-05,6.36617222653362e-05,64
response_first,15,12,2.0765115635866593e-06,0.04088358063934365,0.04088358063934365,0.515625,1.1210586450258604e-05,-7.057563323085287e-06,64
public_task_span,13,4,-5.526495215235732e-06,-0.040883042152263745,0.040883042152263745,0.5,-5.470660335048688e-05,4.365361292001541e-05,64
final_prompt,25,13,2.109731440212702e-06,0.040880077974806694,0.040880077974806694,0.546875,-2.243116227870646e-06,6.462579108296049e-06,64
final_prompt,30,24,-9.742371446464958e-06,-0.04084645071661809,0.04084645071661809,0.53125,-0.00012827342141006183,0.00010878867851713191,64
response_mean,15,5,4.71639190209288e-05,0.040726958020929536,0.040726958020929536,0.5,-0.0004765745911754411,0.0005709024292172987,64
public_task_span,12,14,-1.3788404373826864e-05,-0.04061074191001343,0.04061074191001343,0.5,-4.992843139462282e-05,2.235162264696908e-05,64
final_prompt,28,5,0.0002770394921753922,0.04059530770342835,0.04059530770342835,0.5,0.0016510600380570313,-0.0010969810537062468,64
post_selector,22,14,-0.0001631001432542673,-0.04045445214777521,0.04045445214777521,0.515625,-0.0013638033124152437,0.0010376030259067093,64
response_mean,28,22,-1.9064897060161833e-05,-0.04043004430339144,0.04043004430339144,0.5,-0.00022810246809965874,0.00018997267397933507,64
post_selector,35,15,-0.00017116993694798557,-0.040400486957138784,0.040400486957138784,0.453125,-0.0009020401193993147,0.0005597002455033438,64
response_mean,20,28,9.629049236536854e-05,0.040255724422927186,0.040255724422927186,0.515625,0.0010288085995853,-0.0008362276148545629,64
post_selector,19,24,0.00010653300410013433,0.04020822104638776,0.04020822104638776,0.46875,0.0003197527798875031,-0.00010668677168723436,64
final_prompt,21,13,1.107706907532463e-05,0.04016654143108204,0.04016654143108204,0.5,1.4615745385524755e-05,7.538392765124496e-06,64
post_selector,5,1,0.00023941301060403095,0.04009812834916047,0.04009812834916047,0.515625,0.002166563534046858,-0.0016877375128387963,64
public_task_span,19,27,1.3188864684821056e-06,0.04004779665529072,0.04004779665529072,0.5,-1.5969027259643553e-05,1.8606800196607765e-05,64
response_mean,32,1,8.624496786062283e-06,0.04002452110113416,0.04002452110113416,0.484375,-0.0001093291432425664,0.00012657813681469097,64
post_selector,6,4,-0.00037560450437013217,-0.04001968102283891,0.04001968102283891,0.53125,0.001974608225282276,-0.0027258172340225407,64
response_mean,20,7,3.570104013306102e-05,0.04001346609002762,0.04001346609002762,0.515625,-0.00015568798596632798,0.00022709006623245002,64
post_selector,2,16,-0.0002058599129668406,-0.0400098073670114,0.0400098073670114,0.4375,-0.001566534279845647,0.0011548144539119658,64
response_first,16,15,-1.034333672578682e-05,-0.039946198158383475,0.039946198158383475,0.5,1.6013028471209752e-05,-3.669970192278339e-05,64
post_selector,2,30,0.00016966335169853826,0.039888556830681356,0.039888556830681356,0.515625,0.0006907731658429906,-0.000351446462445914,64
public_task_span,14,31,-2.8203387500987496e-05,-0.03988266503263933,0.03988266503263933,0.5,-0.0002066030892819969,0.00015019631428002188,64
response_first,15,13,3.128106463856639e-07,0.03985629758547952,0.03985629758547952,0.5,3.46167465070657e-06,-2.836053357935242e-06,64
response_first,15,5,1.8939771166515895e-05,0.03984277018100817,0.03984277018100817,0.515625,-0.00012247464201207894,0.0001603541843451107,64
final_prompt,29,30,-7.215044206532184e-08,-0.039757973079660267,0.039757973079660267,0.5,-1.3412662802636532e-07,-1.0174256104278356e-08,64
final_prompt,29,20,1.0758907365016057e-06,0.03975737907193569,0.03975737907193569,0.546875,-2.5951312636607327e-06,4.746912736663944e-06,64
public_task_span,33,31,-1.9560428427208077e-05,-0.03956599297172816,0.03956599297172816,0.5,-0.0002865893575289847,0.0002474685006745685,64
response_first,22,0,4.296928352686078e-06,0.039554672685260694,0.039554672685260694,0.546875,-3.494022325866146e-05,4.353407996403361e-05,64
response_first,12,31,3.0250488762806446e-06,0.03940730821961767,0.03940730821961767,0.5,-5.1527406981183016e-06,1.1202838450679592e-05,64
final_prompt,27,26,-8.802706815915877e-06,-0.039202733029019284,0.039202733029019284,0.484375,-8.380494909941631e-05,6.619953546758456e-05,64
response_first,21,25,4.076380431427369e-06,0.03914447451976541,0.03914447451976541,0.546875,-9.419337622775043e-06,1.757209848562978e-05,64
response_first,20,14,6.822672014017428e-07,0.039054180647818376,0.039054180647818376,0.5,-4.2703069818017525e-06,5.634841384605238e-06,64
final_prompt,23,12,6.115435525086208e-06,0.039044065721669866,0.039044065721669866,0.515625,-6.410111603826542e-05,7.633198708843784e-05,64
public_task_span,19,22,-1.832400403145417e-05,-0.039008937466360125,0.039008937466360125,0.5,-7.65529184718463e-05,3.9904910408937924e-05,64
public_task_span,21,29,9.911394897698757e-06,0.038993925086749814,0.038993925086749814,0.5,7.808728241796931e-07,1.904191697121781e-05,64
response_first,35,22,-8.871403269949377e-05,-0.038958809489119194,0.038958809489119194,0.5,-0.0006117847760833499,0.0004343567106843625,64
public_task_span,23,26,4.41876745753688e-05,0.03892813619676765,0.03892813619676765,0.53125,-0.0002381638987571832,0.0003265392479079208,64
post_selector,25,23,-1.624631306640214e-05,-0.03879564895296932,0.03879564895296932,0.59375,7.718303777436765e-05,-0.00010967566390717195,64
response_mean,18,20,2.0850987468171917e-05,0.03873973656617684,0.03873973656617684,0.5,0.00018606818261445167,-0.00014436620767810783,64
response_first,21,27,9.72427861255952e-06,0.0387279947693705,0.0387279947693705,0.53125,-0.00011329353549171202,0.00013274209271683105,64
response_first,29,2,2.3343506313716153e-05,0.03872592047851151,0.03872592047851151,0.515625,-0.00029562755821642455,0.00034231457084385686,64
response_mean,35,1,-9.634293860472098e-07,-0.03872582870966901,0.03872582870966901,0.484375,-2.63275001088914e-06,7.058912387947203e-07,64
response_mean,19,10,6.566732872670221e-05,0.038681691087635015,0.038681691087635015,0.5,-0.00036553595964504935,0.0004968706170984538,64
response_first,33,16,1.295293850489414e-05,0.03864616438558881,0.03864616438558881,0.53125,-0.00020887996106463876,0.00023478583807442705,64
post_selector,2,28,0.0003840898934868144,0.03858821847008083,0.03858821847008083,0.5,-7.695231761316573e-05,0.0008451321045867938,64
response_mean,17,28,8.838827199042496e-07,0.03858110444860311,0.03858110444860311,0.5,3.7922043532034877e-06,-2.024438913394988e-06,64
response_first,34,4,9.501820159126251e-06,0.03855460945466853,0.03855460945466853,0.5,-0.00011239303375986097,0.00013139667407811352,64
public_task_span,16,4,-6.55120231839798e-06,-0.03852482568574275,0.03852482568574275,0.5,9.71546137408037e-06,-2.2817866010876334e-05,64
post_selector,23,14,-5.200100713409764e-05,-0.03847541504927996,0.03847541504927996,0.515625,0.00017130795185947713,-0.0002753099661276724,64
public_task_span,13,21,-2.467464909726357e-06,-0.038438621006658825,0.038438621006658825,0.484375,-5.951980156735785e-06,1.01705033728307e-06,64
post_selector,6,25,0.00012849035192630059,0.038372530306534904,0.038372530306534904,0.53125,0.0007146206189645452,-0.0004576399151119437,64
post_selector,7,28,-1.0307152138002166e-05,-0.038361100167155354,0.038361100167155354,0.5,1.0251814046583852e-05,-3.086611832258818e-05,64
final_prompt,27,7,3.397538603166478e-05,0.03831155589924387,0.03831155589924387,0.546875,-0.00015227391122607512,0.00022022468328940475,64
response_first,30,9,5.804025164480846e-06,0.03825496665486342,0.03825496665486342,0.515625,-3.559924229534058e-05,4.720729262430227e-05,64
post_selector,0,25,0.00028796288233934694,0.03818692452080023,0.03818692452080023,0.46875,0.003637059842731081,-0.0030611340780523875,64
final_prompt,22,2,1.0561035196586259e-05,0.03817486536938199,0.03817486536938199,0.5,-4.702962951340916e-05,6.815169990658167e-05,64
public_task_span,18,5,2.1455581645570385e-05,0.03815883142919681,0.03815883142919681,0.53125,-6.69853770887149e-05,0.0001098965403798557,64
post_selector,5,18,0.00022677966535411412,0.03808062481724834,0.03808062481724834,0.5,0.002185733812439122,-0.0017321744817308936,64
response_first,22,11,5.662633242307481e-06,0.038063429751655414,0.038063429751655414,0.5625,-2.1276331153781545e-05,3.260159763839651e-05,64
response_mean,30,17,0.0001082022508853646,0.03805128756980227,0.03805128756980227,0.515625,-0.001029471726724279,0.0012458762284950082,64
response_mean,27,14,4.871512510362346e-05,0.03802792513154987,0.03802792513154987,0.515625,-0.0005453671815302913,0.0006427974317375382,64
final_prompt,28,13,-2.226140094308516e-05,-0.03798985274108793,0.03798985274108793,0.5,-0.00014121596552741131,9.669316364124102e-05,64
final_prompt,35,10,1.036813523569167e-05,0.03796914352986813,0.03796914352986813,0.5,-6.564326349688427e-05,8.637953396826759e-05,64
post_selector,33,4,7.845804975659557e-05,0.03796037352232212,0.03796037352232212,0.40625,-0.0013133818029018192,0.0014702979024150105,64
public_task_span,8,6,-1.5283569155145908e-05,-0.0379133505464263,0.0379133505464263,0.484375,-0.00012130286540922292,9.073572709893108e-05,64
public_task_span,11,18,-2.5241162347811177e-05,-0.03789577811291329,0.03789577811291329,0.453125,2.160491749238316e-05,-7.208724218800549e-05,64
final_prompt,19,3,4.042874184051758e-05,0.03788785098046263,0.03788785098046263,0.5,0.00018267996347275694,-0.0001018224797917218,64
response_mean,26,3,8.498340093862874e-06,0.03784649752639475,0.03784649752639475,0.5,2.598561195554463e-05,-8.988931767818883e-06,64
final_prompt,19,0,4.123828807678083e-05,0.037762193965256034,0.037762193965256034,0.546875,0.0001370745976600822,-5.459802150652056e-05,64
final_prompt,30,8,-3.624547525760037e-05,-0.037734069644952344,0.037734069644952344,0.5,-0.000368223674740862,0.00029573272422566137,64
post_selector,31,8,5.823994615637956e-05,0.0376877700957633,0.0376877700957633,0.546875,-0.0005720472727261781,0.0006885271650389372,64
public_task_span,20,12,-1.0207036268636165e-05,-0.03760826188203461,0.03760826188203461,0.515625,-5.131243415234976e-05,3.089836161507743e-05,64
public_task_span,19,29,1.800828295017412e-05,0.03749828111588134,0.03749828111588134,0.515625,7.043006326055982e-05,-3.441349736021159e-05,64
final_prompt,26,6,-2.7257397960055443e-05,-0.03749672597710636,0.03749672597710636,0.515625,-0.00024141459016390217,0.0001868997942437913,64
response_first,16,11,6.097772313751193e-07,0.03746965834260844,0.03746965834260844,0.5,-3.940844379712871e-06,5.16039884246311e-06,64
public_task_span,20,8,1.8846237594519128e-05,0.03743921092292957,0.03743921092292957,0.515625,-0.00012609175666964694,0.00016378423185868518,64
response_mean,28,24,5.542609287090273e-07,0.03737315242942862,0.03737315242942862,0.5,-2.4179356898912374e-06,3.526457547309292e-06,64
post_selector,35,27,-0.00016576590132899376,-0.03721746651433255,0.03721746651433255,0.484375,-0.0007728158561803907,0.0004412840535224031,64
post_selector,7,25,-5.0844993893404145e-05,-0.037164743574490226,0.037164743574490226,0.484375,-0.00013783688700641766,3.614689921960934e-05,64
post_selector,6,31,-0.00023603213651312693,-0.03716336084660289,0.03716336084660289,0.5,0.0008701442502570074,-0.0013422085232832612,64
response_first,28,19,5.11864050167878e-06,0.03715936007367782,0.03715936007367782,0.53125,-6.266898913053139e-05,7.290627013388897e-05,64
response_first,25,22,1.1161609023692943e-06,0.03715079456197983,0.03715079456197983,0.53125,-7.401173689913776e-06,9.633495494652365e-06,64
final_prompt,29,11,4.865691520805626e-07,0.03713937440573074,0.03713937440573074,0.53125,-5.3404237503329455e-06,6.313562054494071e-06,64
public_task_span,21,28,2.4556238599867155e-05,0.03703788118926163,0.03703788118926163,0.53125,-0.00017342284081677456,0.00022253531801650887,64
response_mean,22,13,6.235368346091168e-06,0.03680497124048301,0.03680497124048301,0.5,-6.418137354556991e-05,7.665211023775225e-05,64
response_mean,16,29,2.572968571712744e-05,0.036795019882824784,0.036795019882824784,0.53125,1.1742923902597545e-05,3.971644753165733e-05,64
response_mean,19,2,7.957253046697349e-05,0.03671021454561406,0.03671021454561406,0.515625,0.00018880986158363464,-2.9664800649687736e-05,64
public_task_span,11,8,-1.4523377558364327e-05,-0.03669116221346255,0.03669116221346255,0.484375,-0.00018510099562261566,0.000156054240505887,64
response_first,29,7,8.161009463946684e-05,0.03667126693590759,0.03667126693590759,0.515625,-0.0013957010769444938,0.0015589212662234274,64
response_mean,35,2,-2.9603068014727933e-06,-0.0366514464458189,0.0366514464458189,0.484375,-2.4225128527178022e-05,1.8304514924232437e-05,64
post_selector,24,27,0.0001260277167602937,0.03663599027029743,0.03663599027029743,0.484375,-0.0006326367511064655,0.000884692184627053,64
final_prompt,28,22,-3.057022513529917e-05,-0.03657334438242958,0.03657334438242958,0.5,-0.0002659384517755625,0.00020479800150496414,64
post_selector,8,6,0.00015698118659201882,0.03657038785834946,0.03657038785834946,0.53125,0.0005172999590285939,-0.00020333758584455618,64
response_mean,15,4,1.3212359306181093e-05,0.03652205355871926,0.03652205355871926,0.5,6.598429024507181e-06,1.9826289587855e-05,64
response_mean,24,27,1.0327077461624996e-05,0.03646830862119527,0.03646830862119527,0.5,-0.00010208118146691083,0.0001227353363901608,64
public_task_span,11,28,-6.7372362622109e-07,-0.03645034759267484,0.03645034759267484,0.5,-2.4431309952888114e-06,1.0956837428466315e-06,64
public_task_span,21,0,-1.2485361082781505e-06,-0.03644913559823228,0.03644913559823228,0.453125,-1.1111390278979194e-06,-1.3859331886583816e-06,64
response_first,10,18,3.2848970477057157e-05,0.03643221742250722,0.03643221742250722,0.53125,0.0001677320124144839,-0.00010203407146036956,64
post_selector,26,13,8.733221693547033e-05,0.03640234815358591,0.03640234815358591,0.421875,-0.0009049068048625312,0.0010795712387334719,64
public_task_span,31,28,-1.8626805058377825e-05,-0.03630837610034471,0.03630837610034471,0.484375,-0.0003373588406247763,0.0003001052305080206,64
response_mean,13,31,-3.81695349460806e-06,-0.03629869387535881,0.03629869387535881,0.4375,-5.1352287073302134e-05,4.3718380084086e-05,64
response_first,17,3,4.570789030819353e-06,0.03626963377598068,0.03626963377598068,0.5,-2.119758130447036e-05,3.033915936610907e-05,64
response_first,10,15,1.5941333003864282e-05,0.03619786927868733,0.03619786927868733,0.5,-1.8040072973203933e-06,3.3686673305049006e-05,64
response_first,22,30,-2.79300570582464e-06,-0.036155291698894136,0.036155291698894136,0.5,-2.019264832142037e-05,1.4606636909771087e-05,64
final_prompt,21,27,1.778574778654901e-05,0.03615027835536829,0.03615027835536829,0.515625,-0.0002688111680981542,0.00030438266367125225,64
public_task_span,28,3,-3.2236323249890296e-05,-0.03613788710912086,0.03613788710912086,0.5,-0.0005669745701197537,0.0005025019236199731,64
final_prompt,28,25,1.115370935167448e-06,0.03609540568155541,0.03609540568155541,0.578125,4.582888095683302e-07,1.772453060766566e-06,64
final_prompt,20,23,8.30197950563716e-06,0.03606900673668173,0.03606900673668173,0.5,-1.8112658381131255e-05,3.4716617392405576e-05,64
response_first,29,18,-3.032303027337949e-06,-0.036056435968671634,0.036056435968671634,0.484375,-6.30792460469684e-05,5.70146399922925e-05,64
post_selector,35,7,9.934939498633743e-06,0.03602874974733461,0.03602874974733461,0.484375,-8.752716894392601e-06,2.8622595891660083e-05,64
final_prompt,19,31,2.059503412965565e-05,0.03601484367015898,0.03601484367015898,0.546875,0.00010469600192663912,-6.350593366732783e-05,64
final_prompt,23,25,1.8593706499813682e-05,0.036009769995319796,0.036009769995319796,0.5,2.2520634047393346e-05,1.4666778952234012e-05,64
response_first,28,9,3.290771655884224e-05,0.03599458566563057,0.03599458566563057,0.53125,-0.00031518884134128396,0.0003810042744589684,64
response_first,35,1,-1.500947917065787e-06,-0.03595938362617875,0.03595938362617875,0.5,-8.612745034497493e-06,5.610849200365919e-06,64
post_selector,4,20,0.00028232805561856746,0.03595630817030413,0.03595630817030413,0.5,0.0016151554009411532,-0.0010504992897040185,64
public_task_span,15,26,-6.297980092995206e-07,-0.03592990181225134,0.03592990181225134,0.484375,-5.373345800308016e-06,4.113749781708975e-06,64
final_prompt,29,5,7.817625919414162e-05,0.03592810847813203,0.03592810847813203,0.546875,-0.0007474090871255526,0.0009037616055138358,64
public_task_span,35,24,1.5670896118539908e-05,0.03588187776027387,0.03588187776027387,0.546875,-0.00012255709407325442,0.00015389888631033423,64
response_mean,34,18,5.137814298450394e-07,0.03586659237623827,0.03586659237623827,0.515625,-9.024983000927023e-07,1.930061159782781e-06,64
public_task_span,18,10,2.4888329221533135e-05,0.0358250953128432,0.0358250953128432,0.546875,-0.00014578291711586639,0.00019555957555893267,64
public_task_span,20,31,-1.7192366101424994e-05,-0.035789912643345995,0.035789912643345995,0.5,-4.5487259399120477e-05,1.1102527196270454e-05,64
response_mean,28,6,-2.753140074674032e-05,-0.035775896064375395,0.035775896064375395,0.484375,-0.0002272662345603773,0.00017220343306689664,64
response_first,28,0,2.024624760820975e-05,0.03570883663556052,0.03570883663556052,0.53125,-0.0002195341637047685,0.000260026658921188,64
post_selector,34,4,1.2120338851670902e-05,0.03564253594844389,0.03564253594844389,0.515625,-0.00014360154000313816,0.00016784221770647998,64
response_first,30,2,-1.4736199034359745e-06,-0.03554974982901191,0.03554974982901191,0.5,-1.729211021483934e-06,-1.2180287853880145e-06,64
response_first,33,15,1.9994914964624565e-05,0.03552019900369095,0.03552019900369095,0.515625,-0.0002779559563350389,0.0003179457862642881,64
final_prompt,25,23,1.3105966218062866e-05,0.03540275078163399,0.03540275078163399,0.546875,5.0222155550717565e-05,-2.4010223114591817e-05,64
response_first,31,8,7.978713938426058e-06,0.035398236016366255,0.035398236016366255,0.515625,-0.00010205268154094151,0.00011801010941779362,64
final_prompt,22,3,8.426734666499048e-06,0.03539192864835275,0.03539192864835275,0.5,3.694188490043133e-05,-2.0088415567433233e-05,64
final_prompt,27,29,8.694491589266848e-05,0.035308888818098745,0.035308888818098745,0.515625,-0.0007479346495529069,0.0009218244813382439,64
public_task_span,7,24,-4.2941376250395925e-06,-0.035304772081704676,0.035304772081704676,0.5,4.7361804718051705e-06,-1.3324455721884356e-05,64
response_mean,18,25,2.8328538618894512e-05,0.03527786480338171,0.03527786480338171,0.5,0.00045533124942662845,-0.0003986741721888395,64
public_task_span,8,31,-5.584927947662662e-06,-0.03519224761650826,0.03519224761650826,0.484375,-2.469931848735963e-05,1.3529462592034311e-05,64
final_prompt,26,7,5.4149586503626846e-05,0.03515630412948242,0.03515630412948242,0.515625,-0.00020497353398240105,0.0003132727069896547,64
final_prompt,32,26,6.193554717981442e-07,0.03515619476499481,0.03515619476499481,0.5,3.6665453535533743e-06,-2.427834409957086e-06,64
response_first,11,31,-1.4399896258504155e-05,-0.03512312877309495,0.03512312877309495,0.5,5.8386415503269804e-05,-8.718620802027813e-05,64
final_prompt,34,4,5.728640076083335e-06,0.03510779889892958,0.03510779889892958,0.5,-5.301737223815952e-05,6.447465239032619e-05,64
public_task_span,11,4,-2.3614313022333864e-05,-0.035106087403595804,0.035106087403595804,0.5,-0.00013210139832153556,8.48727722768678e-05,64
post_selector,22,13,4.9544891226102776e-05,0.035055769854142195,0.035055769854142195,0.484375,-0.0007694694941164631,0.0008685592765686688,64
final_prompt,22,4,-1.4535614241141439e-05,-0.035019603288864595,0.035019603288864595,0.5625,-1.80035322046107e-05,-1.1067696277672201e-05,64
final_prompt,14,29,1.550992806186387e-06,0.03500448479519748,0.03500448479519748,0.53125,-1.0675664952940431e-05,1.3777650565313206e-05,64
final_prompt,21,6,6.337238914964634e-06,0.03498359050128971,0.03498359050128971,0.515625,-3.225455657229344e-05,4.492903440222272e-05,64
public_task_span,9,9,9.496104524941984e-07,0.03496596929163477,0.03496596929163477,0.5,3.1222351992710173e-06,-1.2230142942826205e-06,64
response_first,28,13,5.210309069525344e-06,0.03494425836588397,0.03494425836588397,0.53125,-4.211356826998559e-05,5.253418640903626e-05,64
response_first,30,11,1.1737795489355197e-05,0.034937177167542695,0.034937177167542695,0.515625,-9.297397332374207e-05,0.00011644956430245247,64
public_task_span,15,12,3.0636436349594094e-05,0.034920140721245614,0.034920140721245614,0.515625,0.0004604595897035047,-0.00039918671700431654,64
public_task_span,11,30,-6.22554665596982e-06,-0.034898547139012304,0.034898547139012304,0.5,-4.67772589445149e-05,3.432616563257525e-05,64
final_prompt,19,12,2.475715223226955e-05,0.03488638849007204,0.03488638849007204,0.5,0.00019400250948818515,-0.00014448820502364608,64
response_first,16,20,-8.613911717247902e-07,-0.034873464636266685,0.034873464636266685,0.5,-7.547629365944886e-07,-9.680194068550916e-07,64
public_task_span,21,15,-1.0922795354417841e-05,-0.03486726430110427,0.03486726430110427,0.5,-3.119668235740365e-05,9.351091648567966e-06,64
final_prompt,32,13,2.716589051486211e-06,0.03486620843353887,0.03486620843353887,0.46875,4.489099592318344e-05,-3.945781782021101e-05,64
response_first,10,19,2.954992396551509e-06,0.03485941386995508,0.03485941386995508,0.5,-2.1451508473542685e-05,2.7361493266645704e-05,64
response_mean,28,12,6.719345265082888e-05,0.03482920159368044,0.03482920159368044,0.515625,-1.8850407741404975e-05,0.0001532373130430629,64
response_mean,22,16,2.3790867999194846e-05,0.03480579747617829,0.03480579747617829,0.5,-0.0001664026030994075,0.00021398433909779714,64
final_prompt,31,6,6.599381595150751e-05,0.03473746364070101,0.03473746364070101,0.515625,6.148897045931616e-05,7.049866144369868e-05,64
response_mean,34,19,7.44765047784311e-05,0.03466808203018922,0.03466808203018922,0.5,-0.0006764392455806878,0.00082539225513755,64
public_task_span,31,31,-1.2248004395581794e-05,-0.03465673668236193,0.03465673668236193,0.46875,-0.0002421865374344369,0.0002176905286432733,64
response_first,11,23,-4.87392314063584e-07,-0.034559843467421594,0.034559843467421594,0.5,1.0563074859248898e-06,-2.0310921140520577e-06,64
response_first,33,25,-2.385136724570259e-06,-0.03452297946136184,0.03452297946136184,0.46875,-1.09169117195043e-05,6.146638270363785e-06,64
final_prompt,14,31,3.5095774819625837e-06,0.03446495791959357,0.03446495791959357,0.515625,-3.1766535357741286e-05,3.878569032166645e-05,64
final_prompt,29,16,5.281446419757224e-06,0.034391677399350305,0.034391677399350305,0.515625,-2.306273290741462e-05,3.362562574692906e-05,64
response_first,33,22,-5.992060891915113e-06,-0.034376887516498277,0.034376887516498277,0.5,-0.000118762610099997,0.00010677848831616677,64
response_first,21,22,-7.744309655777215e-07,-0.034361147510142256,0.034361147510142256,0.5,-1.201229562042272e-05,1.0463433689267276e-05,64
public_task_span,8,17,-8.809791779639286e-06,-0.03435192472065529,0.03435192472065529,0.5,4.705567039309732e-05,-6.467525395237588e-05,64
response_mean,16,4,1.7158763625954754e-05,0.034213070932103636,0.034213070932103636,0.5,-0.00013627630869450413,0.00017059383594641362,64
response_mean,31,2,6.880265573268944e-06,0.034208931340451304,0.034208931340451304,0.5,-7.994667384990216e-05,9.370720499644005e-05,64
final_prompt,31,31,-5.062082891524258e-06,-0.03419970248179965,0.03419970248179965,0.53125,-8.111567569810817e-05,7.099150991505965e-05,64
public_task_span,33,12,-3.42507689765641e-05,-0.03395846969972093,0.03395846969972093,0.46875,-0.0002437529110466025,0.00017525137309347427,64
final_prompt,28,0,1.8827024312879165e-06,0.033949321912403935,0.033949321912403935,0.53125,-2.093131917746001e-05,2.469672404003584e-05,64
final_prompt,33,2,1.287894775713575e-06,0.03394197941547979,0.03394197941547979,0.515625,-4.968234179610515e-07,3.0726129693882015e-06,64
public_task_span,21,9,1.6358998777835578e-05,0.033888375118414,0.033888375118414,0.5,-2.9043978202022764e-05,6.176197575769393e-05,64
response_mean,25,19,2.1004434813668562e-06,0.03385001114532251,0.03385001114532251,0.53125,-1.1777608648343447e-05,1.5978495611077157e-05,64
final_prompt,30,22,-4.236843949454215e-06,-0.03383037327135459,0.03383037327135459,0.5,-3.823554948210991e-05,2.9761861583201477e-05,64
public_task_span,16,14,-4.9823072004071895e-05,-0.03379096042942423,0.03379096042942423,0.5,-0.00031758207478559694,0.00021793593077745312,64
post_selector,4,23,-0.00024076568661257711,-0.03372434722454698,0.03372434722454698,0.453125,-0.0003202909138053546,-0.0001612404594197995,64
final_prompt,29,23,6.801695917602046e-07,0.033692915910308416,0.033692915910308416,0.5,-4.442313809249754e-06,5.802652992770163e-06,64
public_task_span,7,15,-1.5566001820843667e-06,-0.03366989307622687,0.03366989307622687,0.5,5.6581242233733064e-06,-8.77132458754204e-06,64
final_prompt,19,8,2.9991342955779782e-06,0.033664133582012326,0.033664133582012326,0.5,-1.3680365782419288e-05,1.967863437357524e-05,64
response_mean,15,16,1.3570571923084548e-05,0.03357962347692109,0.03357962347692109,0.5,-3.845894866580767e-06,3.098703871274988e-05,64
response_first,21,28,7.0698028480359055e-06,0.03354746312430077,0.03354746312430077,0.546875,-2.65421458607275e-05,4.068175155679931e-05,64
response_first,19,31,3.8670093651652176e-06,0.033482918693631125,0.033482918693631125,0.5,2.6451776442108163e-05,-1.8717757711777728e-05,64
response_first,33,14,1.8620217929310226e-05,0.03347989717797364,0.03347989717797364,0.515625,-0.00028573698750731776,0.00032297742336593824,64
response_first,33,31,3.047475024686708e-05,0.03345842222555923,0.03345842222555923,0.5,-0.00041197110749633027,0.0004729206079900644,64
response_first,27,24,-4.661520620170455e-06,-0.03339986536464053,0.03339986536464053,0.484375,-7.51499865145703e-05,6.582694527422939e-05,64
final_prompt,32,24,-2.8440203436721664e-06,-0.03339908522267492,0.03339908522267492,0.515625,1.2524422572825123e-05,-1.8212463260169457e-05,64
response_mean,34,24,1.7810576196089581e-06,0.03337634175753158,0.03337634175753158,0.515625,8.776476533963369e-06,-5.214361294745452e-06,64
public_task_span,12,12,-1.5118546912161248e-05,-0.03337482488980627,0.03337482488980627,0.5,9.95233449429682e-07,-3.1232327273752154e-05,64
final_prompt,31,26,2.8046328793606933e-05,0.033361698444106073,0.033361698444106073,0.484375,-0.00029310250010893224,0.0003491951576961461,64
final_prompt,28,29,-4.90639649797231e-07,-0.033359930199709835,0.033359930199709835,0.5,9.331951105195913e-07,-1.914474410114053e-06,64
response_first,10,25,-2.256364920460996e-07,-0.03334473338585588,0.03334473338585588,0.5,1.1126958894269734e-06,-1.5639688735191726e-06,64
post_selector,3,22,-0.00011327139509376216,-0.03327384383350155,0.03327384383350155,0.53125,-0.0008239637609221999,0.0005974209707346752,64
response_first,28,1,5.446785166893821e-06,0.033267144046965444,0.033267144046965444,0.5,-0.00010321211425433547,0.00011410568458812311,64
response_first,25,21,3.9525623662939324e-07,0.03317337540979211,0.03317337540979211,0.515625,-2.943801320043349e-06,3.7343137933021357e-06,64
final_prompt,34,8,2.725224135243513e-06,0.033163965763849675,0.033163965763849675,0.5,-1.5806421288289492e-05,2.125686955877652e-05,64
response_first,29,26,9.700416194391513e-05,0.03312682154948526,0.03312682154948526,0.515625,-0.0009295755389757527,0.0011235838628635831,64
final_prompt,30,5,5.068340556135809e-07,0.033092601763492005,0.033092601763492005,0.5,-3.927806929482358e-06,4.94147504070952e-06,64
response_mean,35,18,2.3030086595101303e-05,0.033079342781511235,0.033079342781511235,0.546875,6.556936932611664e-05,-1.950919613591402e-05,64
final_prompt,20,9,3.5756433760534714e-06,0.03306808435338748,0.03306808435338748,0.5,-6.833383736191159e-06,1.3984670488298102e-05,64
final_prompt,19,15,9.073422120307929e-06,0.033046884074210976,0.033046884074210976,0.5,3.0756426895089416e-05,-1.2609582654473565e-05,64
final_prompt,35,4,1.5131164445847288e-06,0.03303790188963879,0.03303790188963879,0.5,2.2653425730822874e-06,7.608903160871701e-07,64
response_first,30,26,2.2114981987888362e-06,0.03298299133213434,0.03298299133213434,0.53125,-2.008856418455724e-05,2.4511560582134914e-05,64
post_selector,31,21,6.232179384824372e-05,0.03294884659097456,0.03294884659097456,0.5,0.00016101544861157812,-3.637186091509062e-05,64
response_first,31,6,9.061251944331304e-06,0.032896265956921016,0.032896265956921016,0.515625,-0.00011162099713145192,0.00012974350102011454,64
response_first,28,7,-3.605935035009363e-06,-0.03286750410022395,0.03286750410022395,0.5,-4.14389523939253e-06,-3.067974830626194e-06,64
response_first,24,27,1.7449277947888628e-05,0.032849044236760785,0.032849044236760785,0.5,-0.00010816641497512216,0.00014306497087089942,64
final_prompt,23,17,2.7680163228183124e-07,0.032810551827790704,0.032810551827790704,0.5,9.386112864717688e-07,-3.8500802190810646e-07,64
final_prompt,25,22,1.5294500030879592e-06,0.032768396915273224,0.032768396915273224,0.5,5.518872058016914e-06,-2.4599720518409967e-06,64
final_prompt,33,7,3.786576229455979e-06,0.0327545860732518,0.0327545860732518,0.5,-1.9285891255550457e-05,2.685904371446241e-05,64
final_prompt,27,31,5.2391901590449807e-05,0.03274675539397677,0.03274675539397677,0.515625,-0.0005974821051495291,0.0007022659083304288,64
final_prompt,30,10,-2.040706988282317e-06,-0.03273861249611733,0.03273861249611733,0.484375,-1.0646663099577149e-05,6.565249123012511e-06,64
final_prompt,22,25,1.5762036582590987e-06,0.032721165003092655,0.032721165003092655,0.546875,-9.001158616683275e-06,1.2153565933201473e-05,64
response_first,21,5,2.0645055428762498e-05,0.03270918897189227,0.03270918897189227,0.5,-9.140039765042188e-05,0.00013269050850794688,64
final_prompt,30,26,1.392250055686903e-05,0.03266666737143451,0.03266666737143451,0.515625,-1.5507867203731035e-05,4.3352868317469096e-05,64
response_mean,29,22,-5.068292239230611e-06,-0.032648372124599014,0.032648372124599014,0.515625,-6.388397741828944e-05,5.374739293982822e-05,64
response_first,27,11,-3.0572970217684143e-06,-0.03264649824704277,0.03264649824704277,0.5,-3.299881029760683e-05,2.6884216254069995e-05,64
post_selector,3,6,0.00021280379849032303,0.03263712466292283,0.03263712466292283,0.453125,0.0021406510243196088,-0.0017150434273389627,64
response_first,20,6,-1.0649921193817136e-06,-0.03263331358005864,0.03263331358005864,0.46875,-1.1039519051792013e-05,8.909534813028586e-06,64
final_prompt,23,21,-2.8741328037536825e-06,-0.03260535666152292,0.03260535666152292,0.484375,-2.244975433995523e-05,1.6701488732447868e-05,64
response_mean,19,24,8.180959431314124e-05,0.0324685944023344,0.0324685944023344,0.515625,-0.0008173390248629005,0.000980958213489183,64
public_task_span,34,5,-3.178244605806027e-05,-0.03246828872224847,0.03246828872224847,0.5,-0.0005139201130077513,0.00045035522089163077,64
response_first,21,7,2.781407317797857e-07,0.032441830559768604,0.032441830559768604,0.5,-1.6761233609940973e-06,2.2324048245536687e-06,64
response_mean,30,16,-1.8482737232255336e-05,-0.032439274163877055,0.032439274163877055,0.5,-0.00025496069383732964,0.00021799521937281897,64
final_prompt,23,29,-2.662795736795312e-06,-0.03238710299397845,0.03238710299397845,0.4375,-6.009683374939433e-06,6.840919013488057e-07,64
public_task_span,21,2,-4.233788331476941e-06,-0.03237418996427461,0.03237418996427461,0.5,-8.458100637731719e-07,-7.621766599180711e-06,64
public_task_span,20,29,-2.3277864784174918e-05,-0.03234602553279301,0.03234602553279301,0.5,-0.00020152645811321083,0.00015497072854486107,64
public_task_span,27,16,-3.0708373742527295e-05,-0.032323066011740606,0.032323066011740606,0.5,-0.0005440252134576227,0.00048260846597256824,64
final_prompt,24,2,-3.654693443876004e-06,-0.03230584365367678,0.03230584365367678,0.515625,-7.111601667018367e-05,6.380662978243165e-05,64
post_selector,16,1,-7.860492678446826e-05,-0.03227982100658852,0.03227982100658852,0.5,-0.00037410472214106363,0.00021689486857212715,64
post_selector,25,3,-1.3891027947464895e-05,-0.03224225784186123,0.03224225784186123,0.546875,-0.00015247939836626507,0.00012469734247133534,64
public_task_span,22,22,7.235125316627209e-07,0.03222379091570264,0.03222379091570264,0.484375,1.977542495976309e-06,-5.305174326508677e-07,64
public_task_span,21,31,-3.379167264938539e-05,-0.03221035564585557,0.03221035564585557,0.453125,-0.00013328407203515985,6.570072673638903e-05,64
response_mean,32,15,7.310938372033922e-06,0.03220222422976591,0.03220222422976591,0.515625,6.869858862045844e-05,-5.4076711876390615e-05,64
response_first,9,26,-2.501389673168619e-06,-0.032185814932707446,0.032185814932707446,0.484375,-6.757060248218469e-06,1.7542809018812323e-06,64
response_mean,22,27,-6.75074215195126e-07,-0.03211293741640571,0.03211293741640571,0.5,-7.935269707104453e-06,6.585121276714202e-06,64
response_first,33,30,1.1152942363415994e-05,0.03209937902426347,0.03209937902426347,0.515625,-0.00020036617445382324,0.00022267205918065523,64
response_first,14,6,2.8611676611943446e-05,0.031973088009506496,0.031973088009506496,0.5,-3.819338257926641e-05,9.541673580315324e-05,64
final_prompt,22,1,1.6712669150817157e-06,0.031824017287230846,0.031824017287230846,0.5,-1.8466693347786024e-06,5.189203164942034e-06,64
public_task_span,33,13,-2.3934238015493746e-05,-0.03182044644794372,0.03182044644794372,0.5,-0.00041773014345378753,0.0003698616674228,64
response_first,28,12,3.095103068062678e-05,0.03181311554210159,0.03181311554210159,0.5,-0.000141751708270021,0.00020365376963127452,64
post_selector,19,27,-5.0310256483504646e-05,-0.031802591534447075,0.031802591534447075,0.53125,-0.00014129309056442124,4.067257759741191e-05,64
final_prompt,33,8,-6.4576644263094384e-06,-0.03167063382579102,0.03167063382579102,0.515625,-6.76862555337658e-05,5.4770926681146924e-05,64
response_mean,20,23,3.114290205985443e-05,0.031606450985715136,0.031606450985715136,0.515625,-0.00028119851367590804,0.0003434843177956169,64
response_mean,21,0,2.763124129501193e-07,0.03159124675951844,0.03159124675951844,0.5,-2.8081923488798566e-06,3.3608171747800952e-06,64
public_task_span,21,22,-1.0937621198081403e-05,-0.031581458353363207,0.031581458353363207,0.5,-0.00014560020463249318,0.00012372496223633038,64
public_task_span,29,9,-1.6337632814614887e-05,-0.03154583180488796,0.03154583180488796,0.484375,-0.0002468118100295985,0.00021413654440036872,64
post_selector,9,31,-0.0006557269400673258,-0.031494912055906786,0.031494912055906786,0.53125,0.0030814449255558464,-0.004392898805690496,64
public_task_span,11,21,-8.083508049594456e-07,-0.03145720560621456,0.03145720560621456,0.5,-8.474430103433406e-06,6.857728493514514e-06,64
response_first,14,29,2.870224170691563e-05,0.03144152841167783,0.03144152841167783,0.5,0.00017930447302204377,-0.00012189998960821253,64
final_prompt,29,31,3.8025845015001935e-06,0.03138970977550352,0.03138970977550352,0.5,-1.3721465165867753e-05,2.1326634168868134e-05,64
post_selector,8,26,-2.8368773200788772e-05,-0.03137698815452804,0.03137698815452804,0.640625,-0.0002242660630145167,0.00016752851661293913,64
post_selector,5,14,-0.00013207212396082208,-0.031363200664787934,0.031363200664787934,0.46875,0.0003133945683657719,-0.0005775388162874156,64
public_task_span,31,5,-3.5307784855833325e-05,-0.031338612381685435,0.031338612381685435,0.484375,-0.0005863558435521397,0.0005157402738404731,64
response_mean,16,15,-1.3509796190192263e-05,-0.03132554878615293,0.03132554878615293,0.484375,6.189460873427746e-05,-8.891420111466199e-05,64
response_mean,19,30,4.3154566810701714e-05,0.031291687557892175,0.031291687557892175,0.484375,0.0007635942347405786,-0.000677285101119175,64
response_first,34,18,8.642088573651564e-07,0.03127934051255902,0.03127934051255902,0.5,5.161535909792292e-07,1.2122641237510832e-06,64
public_task_span,16,25,-2.6882441943596866e-05,-0.031262856371498254,0.031262856371498254,0.5,-0.00010078031027659692,4.701542638940311e-05,64
post_selector,3,7,-0.00021659381218342919,-0.031195242498203674,0.031195242498203674,0.625,0.002422572650630138,-0.002855760274996996,64
post_selector,32,30,5.786513703753825e-07,0.031172295950871298,0.031172295950871298,0.515625,3.314233154583235e-07,8.258794252924417e-07,64
post_selector,13,5,0.0001041510768118328,0.03113265617613939,0.03113265617613939,0.5,0.00037185104156377816,-0.00016354888794011246,64
response_mean,31,9,3.18195379804753e-05,0.03113191530091126,0.03113191530091126,0.546875,-0.0005204713479542839,0.0005841104239152345,64
public_task_span,20,6,-1.808203955988951e-05,-0.031126356451679986,0.031126356451679986,0.5,-0.0002607276392154708,0.0002245635600956918,64
response_first,27,28,3.9199777802424995e-05,0.031124896908236714,0.031124896908236714,0.5,-0.00026949717084788743,0.0003478967264527375,64
final_prompt,1,13,-3.7564356773599563e-05,-0.031116235426641384,0.031116235426641384,0.5,-0.0005845360966532033,0.0005094073831060041,64
response_first,15,25,-6.022384440029782e-07,-0.031057359126094433,0.031057359126094433,0.5,-5.66390224321367e-06,4.4594253552077134e-06,64
final_prompt,25,29,8.50365864835965e-07,0.031050404123332105,0.031050404123332105,0.515625,-5.350289711712434e-06,7.051021441384364e-06,64
response_first,24,3,6.251802915357984e-07,0.031037725662220208,0.031037725662220208,0.515625,-6.268429061151437e-06,7.518789644223034e-06,64
final_prompt,24,24,-1.375442934658919e-05,-0.03101378383052415,0.03101378383052415,0.5,8.067045746428038e-05,-0.00010817931615745874,64
final_prompt,25,0,4.783690201292802e-06,0.030986453205033886,0.030986453205033886,0.46875,-4.559284843707371e-05,5.516022883965932e-05,64
post_selector,8,7,-7.572586946481301e-05,-0.030964351322351143,0.030964351322351143,0.5625,-0.0003001238765136762,0.00014867213758405,64
response_first,30,20,-7.073569577188101e-06,-0.03087669747701757,0.03087669747701757,0.5,-8.027993726499677e-05,6.613279811062058e-05,64
final_prompt,33,14,6.558973018399313e-05,0.030854642332828558,0.030854642332828558,0.53125,-0.00037149119452807003,0.0005026706548960562,64
response_first,10,2,-2.272847041239055e-06,-0.03084321668883459,0.03084321668883459,0.484375,-1.002991029963535e-05,5.484216217157237e-06,64
public_task_span,8,0,-9.132699688057066e-06,-0.030831903360610265,0.030831903360610265,0.5,-7.46390915082762e-05,5.637369213216207e-05,64
public_task_span,28,23,-2.145433427358986e-05,-0.030808402477524165,0.030808402477524165,0.5,-0.00039612941600351717,0.0003532207474563375,64
response_first,11,14,-2.631087113513687e-05,-0.03078918650771008,0.03078918650771008,0.5,-0.00035403644938013603,0.0003014147071098623,64
public_task_span,15,1,-2.658886114658969e-05,-0.03076578615013772,0.03076578615013772,0.5,6.294609738687924e-05,-0.0001161238196800586,64
response_mean,33,5,1.4826926417295548e-05,0.030735036737774536,0.030735036737774536,0.53125,-0.0002795191612676489,0.00030917301410224,64
final_prompt,27,24,-8.90526553121187e-05,-0.03072322828480271,0.03072322828480271,0.5,-0.00042790744737430627,0.0002498021367500687,64
public_task_span,18,13,-3.397155342099495e-05,-0.030692754321236866,0.030692754321236866,0.5,0.00027778401272368863,-0.00034572711956567853,64
public_task_span,20,10,5.4229817152392e-06,0.03068306588465684,0.03068306588465684,0.5,-9.444366895652173e-06,2.0290330326130568e-05,64
response_first,30,30,-6.863138963808524e-07,-0.030663630724225448,0.030663630724225448,0.5,-1.5859052382438676e-06,2.1327744548216288e-07,64
response_mean,35,20,1.6991543816409737e-05,0.03065666151829466,0.03065666151829466,0.5,-0.00016783432147346485,0.00020181740910628433,64
response_first,29,19,-7.254609215578967e-07,-0.03062676558155848,0.03062676558155848,0.5,-1.0177916493603334e-05,8.72699465048754e-06,64
response_first,23,14,4.8315005880528526e-06,0.030623096745091127,0.030623096745091127,0.515625,2.7188682810925427e-05,-1.7525681634819727e-05,64
final_prompt,27,20,2.9484578135456278e-05,0.030482948780414756,0.030482948780414756,0.5,-0.00014798188294661563,0.00020695103921752813,64
public_task_span,31,3,-5.766842514276266e-05,-0.030459381629329832,0.030459381629329832,0.5,-0.0010428145396872259,0.0009274776894017006,64
response_first,30,27,9.603597845855106e-06,0.03045465211274186,0.03045465211274186,0.5,-0.00023004883678363902,0.00024925603247534923,64
post_selector,16,18,-0.00016686750313965476,-0.030450083398190976,0.030450083398190976,0.46875,0.00024987096549011225,-0.0005836059717694219,64
response_first,23,20,1.5543316749213084e-06,0.030363431270682424,0.030363431270682424,0.515625,2.2800184069618875e-06,8.286449428807302e-07,64
response_first,26,29,7.0608940063674896e-06,0.030338954721568823,0.030338954721568823,0.515625,-2.172163590330291e-05,3.5843423916037895e-05,64
response_first,22,8,3.3126040079881877e-06,0.030286314063338746,0.030286314063338746,0.515625,-2.167792763429638e-05,2.8303135650272756e-05,64
response_first,30,29,-7.479507075913716e-07,-0.03027755379406834,0.03027755379406834,0.46875,-7.159339418194577e-06,5.663438003011834e-06,64
public_task_span,16,10,-1.9505780073811628e-05,-0.03026291970797117,0.03026291970797117,0.5,-0.00015381055936813741,0.00011479899922051415,64
public_task_span,27,28,-6.244451469683435e-05,-0.030223859821091083,0.030223859821091083,0.484375,-0.0009528622613288362,0.0008279732319351675,64
response_first,31,15,1.4353618269072837e-05,0.030160808022953723,0.030160808022953723,0.53125,-0.00011358399569869704,0.00014229123223684272,64
response_first,9,24,4.878493541584403e-06,0.030108792140038695,0.030108792140038695,0.515625,-2.25112482894445e-05,3.226823537261331e-05,64
response_mean,23,19,-1.4670948615961911e-06,-0.03006714709551134,0.03006714709551134,0.515625,-1.1415154148151242e-05,8.48096442495886e-06,64
public_task_span,17,15,8.944463729673657e-06,0.030049806038691073,0.030049806038691073,0.515625,-5.912205460844988e-05,7.701098206779718e-05,64
final_prompt,33,29,2.050539137599223e-05,0.029971669529275918,0.029971669529275918,0.515625,-9.05649499145489e-05,0.0001315757326665333,64
public_task_span,23,20,6.370317350953809e-06,0.029967695945228377,0.029967695945228377,0.5,3.19105251946873e-05,-1.916989049277968e-05,64
final_prompt,25,27,6.797678906877079e-06,0.029902304170499314,0.029902304170499314,0.546875,-6.23228254426001e-05,7.591818325635428e-05,64
final_prompt,21,2,1.4442227325157172e-06,0.029844528468484812,0.029844528468484812,0.5,1.7538258703121465e-06,1.1346195947192875e-06,64
final_prompt,25,4,2.3552664742940185e-06,0.029830323011945187,0.029830323011945187,0.5,8.695206588523358e-06,-3.984673639935322e-06,64
response_first,33,28,1.8212960412709696e-05,0.0298155654424735,0.0298155654424735,0.5,-0.00028564165359055803,0.0003220675744159774,64
response_mean,19,11,1.1238115575900541e-05,0.02979567620136803,0.02979567620136803,0.484375,-4.652479356082379e-05,6.900102471262485e-05,64
response_first,34,3,2.4355932509932804e-05,0.029765901715031302,0.029765901715031302,0.515625,-0.0005433376672953844,0.0005920495323152499,64
response_first,34,28,2.4438468472001628e-05,0.02974015509206993,0.02974015509206993,0.515625,-0.0003892184338383012,0.0004380953707823045,64
post_selector,35,5,0.000123853886179861,0.02971887620876255,0.02971887620876255,0.5,0.00017431556625524379,7.339220610447813e-05,64
final_prompt,23,27,1.400756417525099e-06,0.029645854284159417,0.029645854284159417,0.53125,6.048713430576122e-06,-3.2472005955259246e-06,64
public_task_span,21,10,2.7552741926225087e-05,0.029569341475498577,0.029569341475498577,0.5,5.0062210220847595e-05,5.043273631602578e-06,64
response_mean,35,27,5.0675071179250596e-06,0.029546915331401857,0.029546915331401857,0.515625,-6.900172502354593e-05,7.913673925939606e-05,64
response_mean,15,23,1.588288387210905e-05,0.029526295268299484,0.029526295268299484,0.5,-2.3815255190782624e-07,3.200392029612594e-05,64
final_prompt,30,11,6.375088923959592e-05,0.029412532577973736,0.029412532577973736,0.53125,0.00015016870565887538,-2.266692717968336e-05,64
response_first,35,13,6.17490468357862e-06,0.02931753795270773,0.02931753795270773,0.5,6.44930487396721e-05,-5.214323937251487e-05,64
final_prompt,20,24,-7.050055472745953e-08,-0.029291385092972508,0.029291385092972508,0.46875,-6.849624334392956e-07,5.439613239843766e-07,64
post_selector,1,28,-5.3362706430526606e-05,-0.029278383553051693,0.029278383553051693,0.5,0.0003900059497343713,-0.0004967313625954244,64
response_first,19,1,1.0141191708612496e-06,0.0292713269188054,0.0292713269188054,0.5,1.2978955084008703e-06,7.303428333216289e-07,64
response_first,26,16,1.3257628097563057e-06,0.029228350985705562,0.029228350985705562,0.484375,1.418018609910735e-05,-1.1528660479594738e-05,64
final_prompt,31,12,6.105718512116573e-06,0.02918263522831004,0.02918263522831004,0.546875,6.32609780950506e-05,-5.104954107081746e-05,64
post_selector,30,1,1.3579021242536498e-05,0.029069217878191656,0.029069217878191656,0.609375,-5.846245267094213e-05,8.562049515601516e-05,64
public_task_span,20,3,1.747285449482289e-05,0.028985229848296976,0.028985229848296976,0.53125,-0.00012276594929971126,0.0001577116582893571,64
final_prompt,26,5,-1.2234867881485789e-05,-0.028967397163785276,0.028967397163785276,0.5,-5.6581066928619154e-05,3.2111331165647576e-05,64
response_mean,30,29,-6.873733013889071e-07,-0.02896485707134347,0.02896485707134347,0.453125,-7.555866488928369e-06,6.1811198861505545e-06,64
post_selector,23,11,-5.659190242113031e-05,-0.028932262476828927,0.028932262476828927,0.515625,0.00029105249996062843,-0.0004042363048028891,64
final_prompt,30,1,3.6831472698387157e-06,0.028929793172583953,0.028929793172583953,0.5,-2.973025198116057e-05,3.7096546520838003e-05,64
response_first,31,30,3.4700849937507015e-05,0.02889119518012841,0.02889119518012841,0.5625,-0.0008222259284593479,0.000891627628334362,64
public_task_span,8,9,-2.8254211201777715e-06,-0.02887612420069522,0.02887612420069522,0.5,3.572883997547812e-05,-4.137968221583366e-05,64
final_prompt,25,21,5.148394052406789e-06,0.0288516347142968,0.0288516347142968,0.515625,-3.688126162159548e-05,4.717804972640904e-05,64
public_task_span,26,24,6.599295488741054e-06,0.02884415440830285,0.02884415440830285,0.5,-1.1192710189785155e-05,2.439130116726726e-05,64
response_first,30,13,1.3970212364709468e-06,0.02882903600179856,0.02882903600179856,0.5,-4.37357627447461e-06,7.167618747416505e-06,64
response_first,35,23,2.3652275558559718e-05,0.028823902811315253,0.028823902811315253,0.5,0.00017485552234574496,-0.0001275509712286255,64
final_prompt,35,3,3.931859964722639e-06,0.02880754918560876,0.02880754918560876,0.515625,-4.915314093509166e-07,8.355251338796196e-06,64
response_first,20,1,2.489833811126059e-06,0.028774072120470468,0.028774072120470468,0.5,4.7209587563686805e-06,2.5870886588343676e-07,64
post_selector,2,1,-8.459288073935659e-05,-0.02874884399954895,0.02874884399954895,0.34375,0.0010102700325660412,-0.0011794557940447543,64
public_task_span,22,30,-3.889691197400935e-05,-0.028692586609285003,0.028692586609285003,0.5,1.741900450725006e-05,-9.521282845526872e-05,64
public_task_span,19,10,-2.8585132213260886e-05,-0.02868254615087174,0.02868254615087174,0.5,-0.00025329943582617096,0.00019612917139964913,64
final_prompt,24,18,9.392835272592579e-05,0.02865836289887726,0.02865836289887726,0.5,-0.0006883415262564031,0.0008761982317082549,64
public_task_span,17,30,-1.2158007223206932e-06,-0.028651933940084792,0.028651933940084792,0.5,2.3578618879590165e-06,-4.789463332600402e-06,64
response_mean,27,0,-7.066392413435099e-07,-0.028647212094590313,0.028647212094590313,0.484375,-2.1148428572814737e-06,7.015643745944545e-07,64
post_selector,33,6,-0.00016314844106092417,-0.02864702157551162,0.02864702157551162,0.65625,-0.0017408658895874435,0.0014145690074655955,64
public_task_span,17,7,1.5642868334004578e-05,0.02863426478105753,0.02863426478105753,0.5,-9.751474522088485e-05,0.00012880048188889398,64
response_first,21,24,4.183677361878319e-06,0.028584238928929844,0.028584238928929844,0.5,2.449002940351859e-05,-1.612267467976196e-05,64
response_first,32,24,-1.0541556889620551e-06,-0.028556063660656116,0.028556063660656116,0.5,7.909609394118888e-06,-1.0017920772042999e-05,64
public_task_span,34,3,-5.597679228230859e-05,-0.028517890582275746,0.028517890582275746,0.484375,-0.0015241004221024546,0.0014121468375378375,64
final_prompt,33,10,5.390412025007771e-05,0.028494777172839453,0.028494777172839453,0.515625,-0.0009675503069956749,0.0010753585474958304,64
final_prompt,32,10,2.8297889912210962e-05,0.028460504417227306,0.028460504417227306,0.5,-0.00028192702848172817,0.00033852280830615005,64
response_mean,16,13,1.4047915556145796e-05,0.028402684782419245,0.028402684782419245,0.515625,-0.00010367675622546316,0.0001317725873377548,64
response_first,19,12,8.80767606759164e-06,0.028368494156809296,0.028368494156809296,0.5,0.00011142652211048615,-9.381116997530288e-05,64
final_prompt,29,9,1.3548949709724416e-05,0.028349048374530374,0.028349048374530374,0.5,-0.0001685425468167551,0.00019564044623620398,64
final_prompt,28,1,1.5897986941122625e-05,0.0283423476520777,0.0283423476520777,0.53125,-0.0002909597478719508,0.00032275572175419605,64
post_selector,32,22,1.0774326710818374e-05,0.028313444510226892,0.028313444510226892,0.578125,-4.765096809932397e-05,6.919962152096074e-05,64
response_first,35,2,-2.531073846512247e-06,-0.028305378531539173,0.028305378531539173,0.5,-1.547505735288795e-05,1.0412909659863453e-05,64
final_prompt,20,20,2.0354615628586834e-06,0.02829729085472758,0.02829729085472758,0.5,-1.826398050751713e-05,2.2334903633234493e-05,64
final_prompt,19,13,1.9467728634480204e-05,0.02828735382696823,0.02828735382696823,0.5,0.00017005066229101845,-0.00013111520502205807,64
final_prompt,34,24,1.7730639569891385e-06,0.028283049537314864,0.028283049537314864,0.5,5.696745461132187e-06,-2.150617547153908e-06,64
final_prompt,28,21,1.7757281057132245e-05,0.02828005848139118,0.02828005848139118,0.515625,3.303432731628121e-05,2.4802347979832785e-06,64
response_first,8,17,3.267362870928439e-06,0.028229636105005992,0.028229636105005992,0.515625,1.1987459060947012e-05,-5.452733319090134e-06,64
final_prompt,33,3,1.1397693810977216e-06,0.028228827862149447,0.028228827862149447,0.5,-1.5431868632731494e-05,1.7711407394926937e-05,64
response_first,25,23,3.446469918344519e-07,0.028217231959474794,0.028217231959474794,0.515625,-2.489884764145245e-06,3.1791787478141487e-06,64
final_prompt,28,6,2.7601846340978795e-05,0.028196585558489473,0.028196585558489473,0.515625,0.00034796448744598394,-0.00029276079476402633,64
post_selector,8,17,8.424366387771722e-05,0.02816700311112184,0.02816700311112184,0.5,0.00024669566846569063,-7.820834071025623e-05,64
response_mean,26,4,1.5290583405657217e-05,0.028151990928504806,0.028151990928504806,0.5,-0.00021967061115899515,0.00025025177797030954,64
post_selector,23,8,-3.447096332820066e-05,-0.028060906996076086,0.028060906996076086,0.453125,0.0005361688936318112,-0.0006051108202882124,64
final_prompt,29,3,-0.00014806951912760152,-0.028058188102477576,0.028058188102477576,0.5,-0.002331736210180666,0.0020355971719254622,64
final_prompt,27,23,3.737109864233246e-06,0.02800833787223489,0.02800833787223489,0.5,-1.558854955873096e-05,2.3062769287197455e-05,64
response_mean,19,13,9.198677025779099e-05,0.027937248784983028,0.027937248784983028,0.53125,0.0014926093026587967,-0.0013086357621432147,64
public_task_span,8,22,-4.52334757029059e-06,-0.027908911415307505,0.027908911415307505,0.5,-2.965468866033407e-06,-6.081226274547768e-06,64
public_task_span,33,15,-3.918269794666802e-05,-0.027822765142318462,0.027822765142318462,0.484375,-0.0007466775095963089,0.0006683121137029729,64
public_task_span,14,7,-2.0320382418501273e-05,-0.027723452149440525,0.027723452149440525,0.5,-0.00019131360295430818,0.00015067283811730562,64
final_prompt,25,18,7.558563765996951e-07,0.027630392270419024,0.027630392270419024,0.5,-4.91929237966815e-06,6.43100513286754e-06,64
public_task_span,16,5,-9.768098607310673e-06,-0.027610188804259892,0.027610188804259892,0.5,8.716845013622584e-05,-0.00010670464735084719,64
response_mean,29,1,5.4408101959782805e-05,0.027604815070462377,0.027604815070462377,0.5,-0.00010750280307544995,0.00021631900699501565,64
response_first,29,27,1.4666324432251963e-05,0.02759533689481964,0.02759533689481964,0.5625,-0.00025857667151283747,0.0002879093203773414,64
response_first,10,30,-1.0852477707596925e-06,-0.02756265446902432,0.02756265446902432,0.5,-1.2810918278203593e-05,1.0640422736684208e-05,64
response_mean,35,25,5.947457248111925e-05,0.027537095942421447,0.027537095942421447,0.5,-0.00034317090648981866,0.00046212005145205713,64
final_prompt,13,13,1.5127460528682229e-06,0.027527539361196274,0.027527539361196274,0.5,-1.6520285839753892e-05,1.9545777945490338e-05,64
public_task_span,15,14,3.4238585158189592e-06,0.027517553684886554,0.027517553684886554,0.5,5.396749480723213e-05,-4.711977777559421e-05,64
final_prompt,31,7,1.9001985265277696e-05,0.02742814709187744,0.02742814709187744,0.515625,-0.0001643337009227119,0.0002023376714532673,64
public_task_span,8,11,-3.5467029420023558e-06,-0.027421956044989343,0.027421956044989343,0.484375,8.975343234852425e-06,-1.606874911885714e-05,64
response_mean,25,0,3.5880395898857387e-07,0.027407839547210773,0.027407839547210773,0.484375,-4.358455981900988e-06,5.076063899878136e-06,64
public_task_span,13,28,1.1426987839512503e-05,0.02740696540679654,0.02740696540679654,0.5,-7.968932595758749e-05,0.0001025433016366125,64
response_mean,30,13,9.404125336239969e-07,0.02739392144308529,0.02739392144308529,0.5,-6.11166245789487e-06,7.992487525142863e-06,64
response_first,24,0,4.790883636474066e-07,0.027339244290599665,0.027339244290599665,0.5,-5.747589725046964e-06,6.705766452341777e-06,64
public_task_span,26,26,1.4708075923404156e-05,0.027293377255217445,0.027293377255217445,0.515625,-0.00023160137834564096,0.0002610175301924493,64
public_task_span,18,8,3.482864053693929e-05,0.027253448944594066,0.027253448944594066,0.5,-0.0002597220959614776,0.00032937937703535615,64
public_task_span,21,12,-1.8607007859825668e-05,-0.027196585048767007,0.027196585048767007,0.46875,-0.00012149460872023971,8.428059300058836e-05,64
response_first,31,11,-9.846214084061404e-06,-0.027194408965035492,0.027194408965035492,0.5,-0.00015894451712481766,0.0001392520889566948,64
post_selector,20,4,0.0005721786437789049,0.027183955456482216,0.027183955456482216,0.5,0.001176493533421316,-3.2136245863505436e-05,64
response_first,22,1,2.147998401368939e-06,0.02718059589084556,0.02718059589084556,0.5,7.301963592002475e-06,-3.0059667892645972e-06,64
response_first,34,23,3.9612504565411655e-07,0.027176909693139604,0.027176909693139604,0.5,-1.7712317514906317e-06,2.563481842798865e-06,64
response_first,10,7,8.461295146844537e-05,0.027131742756103326,0.027131742756103326,0.515625,-0.0010754094946605532,0.0012446353975974437,64
response_mean,16,25,-3.454752913967679e-05,-0.027130668384576704,0.027130668384576704,0.484375,-0.00020865183432760984,0.0001395567760482563,64
final_prompt,31,8,-5.028465056966407e-05,-0.0271106568401079,0.0271106568401079,0.5,-0.0005046461628808031,0.000404076861741475,64
response_mean,29,29,5.896714583286666e-07,0.027096518099001377,0.027096518099001377,0.515625,4.6559660518141754e-06,-3.476623135156842e-06,64
response_first,25,25,1.4251970412717346e-06,0.027051546255811253,0.027051546255811253,0.546875,3.6953316566709844e-06,-8.449375741275152e-07,64
response_first,33,2,1.367144051301376e-06,0.027045361291896757,0.027045361291896757,0.5,-7.808799466599052e-06,1.0543087569201802e-05,64
public_task_span,18,26,3.509657994981808e-05,0.027034975252979116,0.027034975252979116,0.5,-4.6463511353070136e-05,0.00011665667125270623,64
final_prompt,25,28,2.2888769763085855e-05,0.027029688813292835,0.027029688813292835,0.515625,-0.0002529155390220599,0.00029869307854823166,64
response_first,31,10,7.11762118044061e-06,0.027008312875966323,0.027008312875966323,0.5,-5.971589826003796e-05,7.395114062091919e-05,64
response_mean,28,21,3.27154582464602e-05,0.02698720968182278,0.02698720968182278,0.515625,-0.0007831389229977135,0.0008485698394906339,64
public_task_span,32,10,-2.370942456764409e-05,-0.026941051212434248,0.026941051212434248,0.484375,-0.0003429022290219921,0.00029548337988670394,64
response_mean,14,28,-3.5379168821233768e-06,-0.02691205585161836,0.02691205585161836,0.484375,-2.5361079906358884e-05,1.8285246142112127e-05,64
public_task_span,17,28,-2.9454581067513693e-06,-0.02687273082532043,0.02687273082532043,0.5,3.1231860475546887e-06,-9.014102261057422e-06,64
public_task_span,23,12,-1.0047312457571153e-05,-0.02687253298263982,0.02687253298263982,0.515625,-6.566740444213178e-05,4.55727795269895e-05,64
final_prompt,35,16,-1.918739485519126e-06,-0.0268670579306444,0.0268670579306444,0.421875,2.4491659360132465e-05,-2.832913833117072e-05,64
final_prompt,30,9,1.6063175394256656e-05,0.02686252354426019,0.02686252354426019,0.5,-1.9297524659128834e-05,5.142387544764218e-05,64
final_prompt,32,8,4.163325775152504e-05,0.026860931615008465,0.026860931615008465,0.5,-0.00039386561002175,0.0004771321255248001,64
public_task_span,35,27,2.70181044470464e-05,0.026849376587000987,0.026849376587000987,0.5,-0.00047757141874170145,0.0005316076276357943,64
public_task_span,24,28,-1.8670034478418475e-05,-0.026803089861884854,0.026803089861884854,0.5,-0.0002128791602444719,0.00017553909128763495,64
final_prompt,30,7,9.222142409733851e-07,0.026784232330915963,0.026784232330915963,0.53125,-5.186357441290587e-07,2.3630642260758284e-06,64
final_prompt,13,14,1.6902345691945028e-06,0.026784001448683165,0.026784001448683165,0.5,-2.7462658636085896e-06,6.126735001997594e-06,64
response_mean,30,1,3.879895473345377e-06,0.026750861099306758,0.026750861099306758,0.5,-2.8749606826739135e-05,3.650939777342989e-05,64
final_prompt,32,4,7.344818413910002e-06,0.02671743558386581,0.02671743558386581,0.515625,7.206534291980465e-05,-5.7375706091984644e-05,64
post_selector,3,16,-0.0003881890734191983,-0.026705816226609003,0.026705816226609003,0.5,-0.0044134524359833276,0.003637074289144931,64
final_prompt,33,9,2.3874470798540014e-05,0.02669960093834216,0.02669960093834216,0.5,-0.0001945120952768734,0.00024226103687395345,64
response_first,12,15,-3.7350530135444937e-06,-0.026636095278675918,0.026636095278675918,0.5,4.1487233204385704e-06,-1.1618829347527558e-05,64
response_first,33,17,1.271163540650204e-05,0.026605843045486,0.026605843045486,0.515625,-0.00025483510637512076,0.00028025837718812484,64
response_mean,28,27,9.879760796138726e-07,0.026602800255922127,0.026602800255922127,0.5,-7.006198330827829e-06,8.982150490055574e-06,64
response_mean,32,24,-8.465213454655895e-07,-0.026598196690047794,0.026598196690047794,0.5,7.79837165509889e-06,-9.49141434603007e-06,64
response_first,11,5,4.3288272202375995e-06,0.02659336538116363,0.02659336538116363,0.5,-6.217962260278193e-05,7.083727704325712e-05,64
final_prompt,20,5,-2.387658639690268e-06,-0.0264925404833991,0.0264925404833991,0.484375,-1.0325756306880155e-05,5.550439027499618e-06,64
response_first,31,14,1.5654002396555566e-05,0.026465174413107282,0.026465174413107282,0.515625,-0.0002092043915808873,0.00024051239637399847,64
public_task_span,7,3,-1.1696200999725901e-05,-0.026448447294125904,0.026448447294125904,0.484375,-6.665256842098365e-05,4.326016642153186e-05,64
response_mean,32,12,1.4397191534954432e-05,0.02643862626752974,0.02643862626752974,0.5,-6.526563083753556e-05,9.406001390744443e-05,64
public_task_span,33,28,-1.5554511946899997e-05,-0.02640874259920318,0.02640874259920318,0.484375,-0.00031988705586625545,0.00028877803197245545,64
final_prompt,19,27,8.450912503122943e-07,0.02638135010564434,0.02638135010564434,0.5,-1.3394154343869609e-05,1.5084336844494197e-05,64
response_first,34,10,8.002649281024787e-07,0.02635031084323571,0.02635031084323571,0.5,-7.842589013762336e-06,9.443118869967293e-06,64
post_selector,20,11,-1.1009596050829528e-05,-0.026341208629014345,0.026341208629014345,0.59375,-6.674242973758499e-05,4.472323763592594e-05,64
response_mean,15,10,3.793402441944279e-06,0.026317198121539084,0.026317198121539084,0.5,-7.574282159337765e-05,8.332962647726624e-05,64
final_prompt,29,27,8.81061678228426e-05,0.026292950099211166,0.026292950099211166,0.53125,-0.0014725398687005415,0.001648752204346227,64
response_first,28,25,1.5164362707753753e-06,0.026265499388331358,0.026265499388331358,0.5,-1.225020639594315e-05,1.52830789374939e-05,64
public_task_span,30,27,-2.441557307974672e-05,-0.026262553793696776,0.026262553793696776,0.484375,-0.0005065643472334743,0.0004577332010739809,64
public_task_span,13,12,2.9305749715824447e-08,0.026217312328892312,0.026217312328892312,0.484375,4.2881711315168047e-07,-3.702056137200316e-07,64
public_task_span,32,23,-4.831459250453918e-07,-0.026179034663826737,0.026179034663826737,0.46875,4.145298362345784e-06,-5.1115902124365675e-06,64
final_prompt,33,15,-0.00014125611414783745,-0.02614522515851192,0.02614522515851192,0.5,-0.0014090779513935532,0.0011265657230978782,64
public_task_span,20,19,3.381412261660235e-05,0.02608650535931401,0.02608650535931401,0.5,-9.776095521374687e-05,0.00016538920044695152,64
public_task_span,13,24,-1.3694412928086175e-05,-0.02606923671828179,0.02606923671828179,0.5,-0.00026834686786968024,0.00024095804201350787,64
final_prompt,21,1,4.717375858831474e-07,0.02601711589969072,0.02601711589969072,0.5,6.903333712671156e-06,-5.959858540904861e-06,64
response_first,22,3,5.556712039832671e-06,0.026006825576102854,0.026006825576102854,0.5,8.255551165340003e-06,2.8578729143253394e-06,64
response_first,22,22,3.668413370404485e-06,0.02600621522187861,0.02600621522187861,0.5,-4.7736856060957485e-05,5.5073682801766455e-05,64
public_task_span,17,19,3.487892081466577e-05,0.025961023861443926,0.025961023861443926,0.515625,0.00015149616774578792,-8.173832611645644e-05,64
response_first,23,0,7.405686375250298e-07,0.02594861448876282,0.02594861448876282,0.53125,2.3614603605892626e-06,-8.80323085539203e-07,64
public_task_span,12,0,4.250618530929784e-06,0.02589820022751806,0.02589820022751806,0.515625,-2.123502235917655e-05,2.973625942103612e-05,64
response_mean,15,29,2.2985876285013286e-05,0.025893137335367022,0.025893137335367022,0.5,-0.000389198109587584,0.00043516986215761066,64
public_task_span,33,14,-3.1765231142345625e-05,-0.02586237306379859,0.02586237306379859,0.484375,-0.0007502805719923141,0.0006867501097076228,64
public_task_span,31,7,-1.5040448829492684e-05,-0.025851170632965038,0.025851170632965038,0.484375,-0.0002541361466228203,0.00022405524896383498,64
response_first,20,3,2.160571597187393e-06,0.025753245715513642,0.025753245715513642,0.53125,3.356125893105345e-05,-2.924011573667866e-05,64
final_prompt,35,6,-3.011115609294745e-06,-0.025713443064690603,0.025713443064690603,0.5,-2.423848422949436e-05,1.821625301090487e-05,64
response_mean,34,9,2.8267735956441955e-06,0.02567510244360737,0.02567510244360737,0.5,-3.085437390381015e-05,3.650792109509854e-05,64
public_task_span,24,11,-6.57441353268736e-06,-0.02564517592428957,0.02564517592428957,0.484375,-0.0001323979595326652,0.0001192491324672905,64
public_task_span,17,4,9.742952727264704e-06,0.02563826776238658,0.02563826776238658,0.5,-3.910999680556584e-05,5.8595902260095254e-05,64
response_first,13,31,-6.6773646949501125e-06,-0.025611541975525388,0.025611541975525388,0.5,-3.742393391802546e-05,2.4069204528125226e-05,64
public_task_span,23,5,-1.507956568502767e-06,-0.025554732668525135,0.025554732668525135,0.484375,-2.99475438509881e-05,2.693163071398257e-05,64
response_mean,19,26,2.1550492135702154e-05,0.025539193812399965,0.025539193812399965,0.515625,-0.0002698345315365961,0.00031293551580800045,64
post_selector,14,8,3.489114442344967e-05,0.025535972968814647,0.025535972968814647,0.5,0.0004196201462036579,-0.0003498378573567586,64
response_first,10,8,3.3996747106338184e-06,0.0255266238171549,0.0255266238171549,0.5,-2.4102112035960107e-05,3.090146145722774e-05,64
post_selector,7,17,1.2946489960086732e-05,0.025518679860101465,0.025518679860101465,0.453125,0.00011129027552669383,-8.539729560652035e-05,64
response_first,28,15,8.574347702960949e-07,0.025511796741287552,0.025511796741287552,0.546875,-1.2942737953380856e-05,1.4657607493973046e-05,64
response_mean,16,2,5.6681759247112224e-05,0.02548482691681837,0.02548482691681837,0.5,0.0004368308993321259,-0.0003234673808379015,64
public_task_span,19,25,6.139699394223376e-06,0.025438971442427415,0.025438971442427415,0.515625,-8.887440924352578e-05,0.00010115380803197253,64
response_first,32,15,4.917615569864861e-06,0.025437318581617647,0.025437318581617647,0.5,3.202132438672409e-05,-2.2186093246994365e-05,64
response_first,32,22,1.9118893135328113e-07,0.025333811251896734,0.025333811251896734,0.5,8.773844797360653e-07,-4.950066170295031e-07,64
public_task_span,34,28,-2.2752116137774028e-05,-0.02533354515628546,0.02533354515628546,0.5,-0.00043446539075373187,0.00038896115847818387,64
final_prompt,32,21,-4.200592513825538e-07,-0.0253129634422689,0.0253129634422689,0.5,-9.147598234449085e-08,-7.486425204206172e-07,64
response_first,35,9,-1.7674861737758066e-05,-0.025285084073789675,0.025285084073789675,0.5,-0.0002906686540882172,0.00025531893061270103,64
final_prompt,35,18,-8.615962087792183e-06,-0.025267552395933122,0.025267552395933122,0.5,-6.723581373080822e-05,5.0003889555223836e-05,64
post_selector,8,27,-4.158186493441457e-05,-0.0252026366380428,0.0252026366380428,0.46875,-5.947465979262289e-05,-2.368907007620639e-05,64
response_mean,23,2,-2.4072339357440756e-06,-0.025137627974123954,0.025137627974123954,0.5,-2.5540949934563596e-05,2.0726482063075443e-05,64
public_task_span,19,26,8.955188491199393e-06,0.025135463737045467,0.025135463737045467,0.5,-0.00010595583728443925,0.00012386621426683803,64
post_selector,5,6,-0.00012755227544403435,-0.025126735236730893,0.025126735236730893,0.5,0.0017119648255174752,-0.001967069376405544,64
public_task_span,25,27,1.7209497400478848e-05,0.02510297025115961,0.02510297025115961,0.5,-0.00017859096260506983,0.00021300995740602757,64
response_mean,27,25,-1.3081182714813568e-05,-0.025079449856940824,0.025079449856940824,0.484375,-0.00034471317121639655,0.0003185508057867694,64
final_prompt,29,28,1.017032495553849e-06,0.025073889826133004,0.025073889826133004,0.5,-5.551395688030425e-06,7.585460679138123e-06,64
public_task_span,12,19,-5.518598300108375e-06,-0.02501758959374181,0.02501758959374181,0.5,-3.122770522165923e-05,2.019050862144249e-05,64
response_first,23,7,2.3901844770100046e-06,0.02500530791991577,0.02500530791991577,0.5,-3.218792721780741e-05,3.696829617182742e-05,64
post_selector,5,24,0.0002423279256617986,0.02499559661904425,0.02499559661904425,0.578125,0.0029584085750684434,-0.0024737527237448454,64
final_prompt,15,14,2.705549739800972e-07,0.024992130260526605,0.024992130260526605,0.5,5.313871724865749e-07,9.72277547361955e-09,64
public_task_span,18,14,2.00033000510348e-05,0.024946439732605363,0.024946439732605363,0.5,-0.00014918491388015364,0.00018919151398222325,64
response_mean,18,8,2.463726559654093e-05,0.024934473421204233,0.024934473421204233,0.5,-9.116592082137176e-06,5.839112327521902e-05,64
response_first,28,16,6.518755299107699e-06,0.02492870367117161,0.02492870367117161,0.5,-0.0001323719022820842,0.0001454094128802996,64
post_selector,16,3,1.6685770219739367e-05,0.024866530019616275,0.024866530019616275,0.453125,0.00029656414039889415,-0.00026319259995941546,64
response_first,27,6,4.2820474277505127e-07,0.024862850695096663,0.024862850695096663,0.5,-4.100155422293028e-06,4.956564907843131e-06,64
public_task_span,22,8,7.4715721893893315e-06,0.02482984596889783,0.02482984596889783,0.53125,5.879580339751324e-05,-4.3852659018734575e-05,64
response_first,19,29,1.6174075003750832e-06,0.024799506150435448,0.024799506150435448,0.5,8.383507559270286e-06,-5.148692558520117e-06,64
response_first,16,21,-7.406743947058203e-07,-0.02479311430229557,0.02479311430229557,0.5,-7.021615516578095e-06,5.540266727166454e-06,64
final_prompt,19,23,5.36185234523117e-06,0.02478804570859053,0.02478804570859053,0.5,7.397421632048882e-05,-6.325051163002648e-05,64
post_selector,15,26,6.995092348912673e-06,0.02478581904519053,0.02478581904519053,0.5,2.4108756406344868e-05,-1.0118571708519522e-05,64
response_first,33,23,1.0931849601546946e-05,0.02477231433329007,0.02477231433329007,0.53125,-0.000236269202673589,0.00025813290187668293,64
response_first,29,17,2.83857434623907e-06,0.024698176200890962,0.024698176200890962,0.5,-4.887609679825601e-05,5.455324549073416e-05,64
public_task_span,16,16,-1.761613157213958e-05,-0.02468313771302695,0.02468313771302695,0.5,-9.553049858368728e-05,6.029823543940814e-05,64
response_first,29,16,-2.886353286161577e-06,-0.024666869706498635,0.024666869706498635,0.5,-7.139826311685247e-05,6.562555654452933e-05,64
final_prompt,24,27,7.278274460987035e-05,0.024657234060483972,0.024657234060483972,0.5,-0.0007188534873421218,0.0008644189765618627,64
public_task_span,22,0,-1.4845770465397737e-05,-0.024649399261797406,0.024649399261797406,0.5,-0.00011241506626902521,8.272352533822975e-05,64
final_prompt,27,22,1.0244260238321876e-05,0.024648332836980064,0.024648332836980064,0.5,-2.4611896151321877e-05,4.510041662796561e-05,64
response_mean,17,1,-2.3343020529864602e-05,-0.024641059217316127,0.024641059217316127,0.5,-0.00027105299477624584,0.00022436695371651664,64
response_first,20,30,1.7874154849555564e-06,0.024614986968318337,0.024614986968318337,0.5,2.294092183774288e-06,1.2807387861368265e-06,64
response_first,28,8,7.102896381638572e-05,0.024596280450605537,0.024596280450605537,0.515625,0.000857740609149001,-0.0007156826815162298,64
response_mean,11,10,-4.11058986173906e-05,-0.02458297497010284,0.02458297497010284,0.484375,-0.0008616332561359509,0.0007794214589011696,64
response_first,9,12,3.2477770218969896e-05,0.024522649577721475,0.024522649577721475,0.5,-0.00044446458741730083,0.0005094201278552407,64
final_prompt,30,15,-6.761193503738708e-06,-0.024496856598979464,0.024496856598979464,0.484375,-7.671086268601354e-05,6.318847567853613e-05,64
public_task_span,34,30,-2.545655206632021e-05,-0.024493438929383184,0.024493438929383184,0.484375,-0.0005678491979779067,0.0005169360938452664,64
response_mean,20,3,-4.8895336703938357e-05,-0.02438697126385051,0.02438697126385051,0.5,0.0011254910766637788,-0.0012232817500716555,64
public_task_span,25,10,-3.516043966555731e-05,-0.024333220166743722,0.024333220166743722,0.5,-0.0008567765094084897,0.0007864556300773752,64
public_task_span,33,19,-3.262494374211877e-05,-0.024258594042177343,0.024258594042177343,0.5,-0.0006267226508498123,0.0005614727633655749,64
public_task_span,32,0,-2.859921914932945e-05,-0.024251797171245162,0.024251797171245162,0.5,-0.0005958545352768641,0.0005386560969782051,64
final_prompt,26,8,-1.86717958428062e-07,-0.02424687997529076,0.02424687997529076,0.484375,-2.8848088859945165e-06,2.5113729691383924e-06,64
public_task_span,10,25,-9.88131546364475e-07,-0.02421878070425832,0.02421878070425832,0.5,3.2450413982563273e-06,-5.221304490985278e-06,64
response_mean,20,27,5.639044047707357e-06,0.02414962243704331,0.02414962243704331,0.53125,-2.9407546662688354e-05,4.0685634758103075e-05,64
public_task_span,12,9,-2.5487612674617442e-05,-0.02414830519894103,0.02414830519894103,0.5,-0.00025720872326926326,0.00020623349792002834,64
public_task_span,28,0,-5.797150947726495e-06,-0.024148257950736458,0.024148257950736458,0.5,-0.00013797588462691844,0.00012638158273146544,64
post_selector,2,17,-0.00013877887249691867,-0.024068957418184534,0.024068957418184534,0.5625,-0.0010001897462643752,0.0007226320012705377,64
final_prompt,34,25,1.6287711446229685e-06,0.02405877584645182,0.02405877584645182,0.5,4.246476180466497e-06,-9.889338912205608e-07,64
public_task_span,13,17,-1.1626390914888333e-05,-0.024035892400401767,0.024035892400401767,0.484375,-9.721108563098062e-05,7.395830380120397e-05,64
final_prompt,22,8,9.56330495682533e-06,0.024013811782843324,0.024013811782843324,0.515625,-0.00010398491485829132,0.000123111524771942,64
public_task_span,34,1,-3.253443810536576e-05,-0.024013701215130488,0.024013701215130488,0.484375,-0.0006858139877294838,0.0006207451115187523,64
final_prompt,21,23,-9.653245740537386e-07,-0.023966474550525734,0.023966474550525734,0.484375,-1.83309908834417e-05,1.6400341735334223e-05,64
public_task_span,26,29,-9.423644314670391e-06,-0.023958389208201213,0.023958389208201213,0.515625,-8.526550891473878e-05,6.6418220285398e-05,64
response_mean,15,1,2.743234199442345e-05,0.023934073714973962,0.023934073714973962,0.5,0.00028824886157961924,-0.00023338417759077233,64
final_prompt,32,20,-3.074230278341281e-06,-0.02390688313397854,0.02390688313397854,0.5,-1.6576272400928652e-05,1.0427811844246092e-05,64
final_prompt,35,12,3.192255098838438e-05,0.02389002178741401,0.02389002178741401,0.5,-0.0001882657215901344,0.00025211082356690315,64
response_first,31,23,4.061497591578701e-07,0.023882717077500535,0.023882717077500535,0.5,-1.7109104533119535e-06,2.5232099716276934e-06,64
public_task_span,9,27,-9.602571481080652e-06,-0.023880992745721242,0.023880992745721242,0.484375,-1.407375566486865e-05,-5.131387297292648e-06,64
response_first,33,13,7.156018455135732e-06,0.023764556406509367,0.023764556406509367,0.515625,-0.00017676350421422628,0.00019107554112449777,64
response_mean,18,5,7.395246757368521e-05,0.023757520014823553,0.023757520014823553,0.484375,0.0002898159159485709,-0.00014191098080120057,64
post_selector,16,7,0.0002032501688518079,0.02371651616057816,0.02371651616057816,0.484375,0.0029872797167627093,-0.002580779379059094,64
response_first,25,9,3.001763957397867e-06,0.023686443320381067,0.023686443320381067,0.609375,-1.8103963668631312e-05,2.4107491583427046e-05,64
response_first,15,16,1.91327852672174e-07,0.023674642352887694,0.023674642352887694,0.53125,-2.0186620108830766e-06,2.4013177162274246e-06,64
public_task_span,24,30,-6.8672065083333324e-06,-0.023657964991775603,0.023657964991775603,0.484375,-1.9442370955851785e-05,5.707957939185117e-06,64
public_task_span,0,10,0.00013530741853174215,0.023652785094745797,0.023652785094745797,0.5,0.00029783288482575926,-2.721804776227517e-05,64
final_prompt,20,22,2.3606473575910064e-07,0.023625658722826282,0.023625658722826282,0.5,-1.70054606485337e-06,2.172675536371571e-06,64
final_prompt,20,28,3.3451088256694584e-05,0.023591825315791206,0.023591825315791206,0.5,3.2876050681805474e-05,3.4026125831583626e-05,64
response_first,9,22,0.0001853303510870359,0.02358211225794438,0.02358211225794438,0.5,0.0005610396146948875,-0.0001903789125208157,64
response_first,12,13,-3.025962507763162e-05,-0.0234550674401342,0.0234550674401342,0.5,-7.43229209092661e-05,1.3803670754002854e-05,64
post_selector,27,25,-2.3822391995052537e-05,-0.02344781193967829,0.02344781193967829,0.5,-0.0005795754259451998,0.0005319306419550948,64
public_task_span,33,16,-2.8978864975211173e-05,-0.023433072364219834,0.023433072364219834,0.5,-0.0007961125593282958,0.0007381548293778735,64
post_selector,18,20,0.00014849574745312533,0.02342963531188256,0.02342963531188256,0.5,5.236192373558581e-05,0.00024462957117066546,64
response_first,20,25,1.8859469719269804e-06,0.02342254100925155,0.02342254100925155,0.5,-9.810152505450774e-06,1.3582046449304738e-05,64
response_first,31,2,6.742168352500002e-06,0.023399318154201022,0.023399318154201022,0.484375,-1.304132956647803e-05,2.6525666271478033e-05,64
final_prompt,27,3,1.7508954996969806e-07,0.023398835722094752,0.023398835722094752,0.484375,-6.533980396739025e-07,1.0035771396132986e-06,64
public_task_span,29,5,-9.226120255333689e-06,-0.023377112369387477,0.023377112369387477,0.5,-0.00025078254952856524,0.0002323303090178979,64
public_task_span,27,13,-4.443045691004938e-05,-0.02337420643541438,0.02337420643541438,0.5,-0.001290588479605466,0.0012017275657853672,64
post_selector,19,4,-6.386892346198976e-05,-0.02333174075294018,0.02333174075294018,0.484375,-0.0010245482553727671,0.0008968104084487875,64
response_first,13,15,2.43078430060005e-05,0.023328717328296233,0.023328717328296233,0.515625,-0.00032119745151247775,0.00036981313752447876,64
response_first,17,1,-2.280381181662456e-06,-0.02331199223851058,0.02331199223851058,0.5,-4.570744670217206e-05,4.114668433884715e-05,64
public_task_span,21,7,5.963519242868642e-07,0.023308920949060306,0.023308920949060306,0.515625,-6.584368577478017e-06,7.777072426051745e-06,64
response_mean,22,28,-2.4129931830406923e-06,-0.023297310347390243,0.023297310347390243,0.5,-4.439993222148546e-05,3.9573945855404066e-05,64
final_prompt,19,2,9.567555594002356e-06,0.0232632598630897,0.0232632598630897,0.515625,0.000197623696976711,-0.00017848858578870628,64
response_first,30,15,1.5793109469090611e-06,0.023250953789848202,0.023250953789848202,0.5,1.4617281706817545e-05,-1.1458659812999423e-05,64
response_first,15,15,1.6223277998772545e-08,0.023244768192951865,0.023244768192951865,0.5,2.1153818013930348e-07,-1.790916241417584e-07,64
response_first,34,16,3.7470560982882765e-06,0.023199771385809403,0.023199771385809403,0.484375,-8.413805062444622e-05,9.163216282102277e-05,64
response_first,31,4,4.8286952392121735e-06,0.023189654735513675,0.023189654735513675,0.53125,-0.00011051636874979068,0.00012017375922821502,64
public_task_span,17,23,-4.325633199187917e-06,-0.02318085779805442,0.02318085779805442,0.5,-4.5014333409190345e-05,3.636306701081452e-05,64
public_task_span,23,24,5.252459686748665e-06,0.023163809819158273,0.023163809819158273,0.5,5.621074797089921e-05,-4.5705828597401884e-05,64
response_first,16,23,-1.9489667408815846e-06,-0.02314980391891873,0.02314980391891873,0.515625,-2.7960774502834425e-05,2.4062841021071254e-05,64
response_mean,18,14,2.1211975877121337e-05,0.02307456051452523,0.02307456051452523,0.515625,-0.0003969494289321918,0.0004393733806864345,64
response_first,27,26,-7.933606866565772e-06,-0.023017984448765863,0.023017984448765863,0.484375,-0.0001395888757542541,0.00012372166202112252,64
public_task_span,13,26,-1.1510194781294653e-05,-0.02300046426374765,0.02300046426374765,0.5,-3.5073404433206943e-05,1.205301487061763e-05,64
final_prompt,21,15,8.875348612484243e-06,0.02299826782187863,0.02299826782187863,0.515625,-0.00017497412363808251,0.00019272482086305103,64
response_mean,25,12,8.267170770175229e-07,0.022996464214485833,0.022996464214485833,0.484375,2.918453816391775e-07,1.361588772395868e-06,64
public_task_span,0,16,3.975505023845936e-05,0.02298407112268297,0.02298407112268297,0.5,0.0006528223384520812,-0.0005733122379751624,64
response_mean,23,16,1.0570925184072363e-06,0.022966894850849216,0.022966894850849216,0.53125,-9.627529408361936e-06,1.1741714445176409e-05,64
public_task_span,34,21,-4.253892257111589e-05,-0.022964614066746956,0.022964614066746956,0.484375,-0.0006333972760330463,0.0005483194308908146,64
response_first,16,13,3.298310502938208e-06,0.022955654623700437,0.022955654623700437,0.515625,-4.21147221913887e-05,4.8711343197265124e-05,64
response_first,3,15,-1.674483519309682e-05,-0.02292615861411419,0.02292615861411419,0.484375,-0.00016570854177186886,0.0001322188713856752,64
public_task_span,16,17,-9.054653446583601e-06,-0.022917708433840167,0.022917708433840167,0.484375,4.8270075694727596e-05,-6.63793825878948e-05,64
public_task_span,13,25,-3.515331513882922e-06,-0.022888186931615446,0.022888186931615446,0.5,2.1552346879612283e-05,-2.8583009907378138e-05,64
public_task_span,29,7,-1.1898265256601433e-05,-0.022874851751795336,0.022874851751795336,0.484375,-0.00030659157118859603,0.0002827950406753932,64
response_first,11,27,-3.2967400187550967e-06,-0.022752594104557912,0.022752594104557912,0.5,2.673157712250705e-05,-3.3325057160017236e-05,64
response_mean,15,13,6.859370250822638e-05,0.02273778681220492,0.02273778681220492,0.515625,-0.00016871339175850692,0.0003059007967749594,64
response_first,20,31,5.664351876433216e-07,0.022721217741463576,0.022721217741463576,0.5,-2.4633488315828345e-06,3.5962192068694776e-06,64
public_task_span,23,21,-9.599978966435715e-06,-0.022718117609454348,0.022718117609454348,0.5,-6.228657730389008e-05,4.308661937101865e-05,64
post_selector,5,22,0.00012791953895429557,0.022692578086966446,0.022692578086966446,0.53125,0.001800624187126206,-0.001544785109217615,64
response_first,18,10,-1.9676340556897262e-06,-0.022650517537128538,0.022650517537128538,0.484375,6.420188391585958e-06,-1.0355456502965412e-05,64
public_task_span,10,3,-5.528897759176299e-06,-0.022587353229567127,0.022587353229567127,0.5,1.517061082267163e-05,-2.6228406341024224e-05,64
public_task_span,17,8,3.985667171945783e-05,0.022559790362367445,0.022559790362367445,0.5,-0.00023192973276308753,0.00031164307620200305,64
response_first,31,7,3.887678587943789e-06,0.02255719017699185,0.02255719017699185,0.515625,-9.095882444397212e-05,9.87341816198597e-05,64
public_task_span,14,14,-1.2004657492067236e-05,-0.022548922327771424,0.022548922327771424,0.5,-0.00013932676984038892,0.00011531745485625448,64
response_mean,19,23,1.66077793437553e-05,0.02246775429380084,0.02246775429380084,0.515625,-3.405124880373126e-05,6.726680749124188e-05,64
post_selector,6,28,4.3111844206578925e-05,0.022426283893926216,0.022426283893926216,0.546875,0.0010206993019892022,-0.0009344756135760442,64
public_task_span,16,18,-1.8003622699327882e-05,-0.02236853071683139,0.02236853071683139,0.5,0.00018354311669098033,-0.00021955036208963616,64
final_prompt,20,19,5.149062644706735e-06,0.022364612153808708,0.022364612153808708,0.5,9.799183544600453e-06,4.98941744813018e-07,64
response_mean,27,10,-8.14590478625916e-07,-0.022361876139255953,0.022361876139255953,0.484375,-9.924560885109396e-06,8.295379927857564e-06,64
post_selector,33,5,2.029121606029394e-05,0.022349605265142958,0.022349605265142958,0.46875,-0.0004409488155942839,0.0004815312477148717,64
post_selector,3,28,0.00013441052090002012,0.02231656700758462,0.02231656700758462,0.421875,0.0018153473722577443,-0.0015465263304577036,64
response_first,28,23,1.177760304926853e-05,0.022299752794887176,0.022299752794887176,0.515625,-0.0003061000847992283,0.0003296552908977654,64
public_task_span,21,25,2.9342632842598032e-05,0.022282191284719928,0.022282191284719928,0.53125,-0.0003705417107084892,0.0004292269763936853,64
response_first,12,30,3.0246330884331485e-08,0.022258675370819395,0.022258675370819395,0.5,-4.7319644047583154e-07,5.336891022444945e-07,64
response_mean,20,2,5.5211832432178456e-05,0.022252952817379882,0.022252952817379882,0.515625,0.000480833009078186,-0.00037040934421382903,64
response_mean,18,22,2.706909072002746e-05,0.022248606213698487,0.022248606213698487,0.5,0.00038084682910264375,-0.0003267086476625888,64
response_first,23,5,1.8477650414190527e-06,0.022118029041609564,0.022118029041609564,0.5,-2.765208846255493e-05,3.1347618545393036e-05,64
final_prompt,25,19,-5.417660702278226e-07,-0.022035288693947302,0.022035288693947302,0.484375,-1.1548444945219671e-05,1.0464912804764026e-05,64
final_prompt,11,23,7.340981511561711e-07,0.022030356382431948,0.022030356382431948,0.5,-3.1796647874647717e-06,4.6478610897771135e-06,64
response_first,30,0,-6.63537707623917e-06,-0.02201431897556183,0.02201431897556183,0.5,-9.12618047550368e-05,7.799105060255846e-05,64
response_first,14,1,-5.147186072917975e-07,-0.0220020309097062,0.0220020309097062,0.5,4.997204428036639e-09,-1.0344344190116313e-06,64
final_prompt,30,30,2.2900031808581623e-06,0.021977676503985532,0.021977676503985532,0.5,2.3716944042452245e-05,-1.9136937680735922e-05,64
public_task_span,25,15,-2.3085270868278292e-06,-0.021974372929294148,0.021974372929294148,0.5,3.510154374451409e-05,-3.9718597918169743e-05,64
response_first,35,14,5.085622888146444e-06,0.021965274855893883,0.021965274855893883,0.5,-7.579530392830605e-05,8.596654970459893e-05,64
response_first,25,0,2.2925716081090286e-07,0.021965158693582097,0.021965158693582097,0.5,-2.7611651631787026e-06,3.219679484800508e-06,64
final_prompt,13,28,9.310316784194583e-07,0.02196151588401449,0.02196151588401449,0.5,-1.7305549363300088e-05,1.9167612720139005e-05,64
response_mean,33,3,5.796541245219812e-06,0.021919452166419565,0.021919452166419565,0.5,-8.261155471699509e-05,9.420463720743469e-05,64
final_prompt,22,7,-1.8384206370542172e-06,-0.02191183302125254,0.02191183302125254,0.515625,-1.2445319541135824e-05,8.768478267027393e-06,64
final_prompt,19,10,9.858669272945877e-06,0.0218968592915579,0.0218968592915579,0.5,2.5508314138276102e-05,-5.790975592384349e-06,64
final_prompt,1,31,2.7204114346090402e-05,0.021867195011986522,0.021867195011986522,0.5,-0.00042532328180299307,0.00047973151049517386,64
public_task_span,14,9,-2.867077341760798e-06,-0.021842608398429015,0.021842608398429015,0.484375,7.118116400302446e-06,-1.2852271083824042e-05,64
post_selector,10,9,-6.780456533305942e-05,-0.02183907890045557,0.02183907890045557,0.453125,-0.00041282038000644384,0.000277211249340325,64
post_selector,9,21,-1.560029704705421e-05,-0.021807653696803934,0.021807653696803934,0.453125,7.9541056038579e-05,-0.00011074165013268739,64
final_prompt,22,9,2.9913936714392673e-06,0.02180530957374442,0.02180530957374442,0.515625,-2.2288458126234723e-05,2.8271245469113258e-05,64
final_prompt,33,13,3.858994296023971e-05,0.02179107642660803,0.02179107642660803,0.53125,-0.0004362199379102032,0.0005133998238306826,64
public_task_span,21,14,-4.542286546895566e-06,-0.021779985916913727,0.021779985916913727,0.5,-4.9063851520261516e-05,3.997927842647039e-05,64
response_mean,18,11,-5.9278207800159415e-05,-0.021752376117564788,0.021752376117564788,0.515625,0.0016710950862943328,-0.0017896515018946517,64
post_selector,12,12,6.649085207754374e-05,0.021752144747658533,0.021752144747658533,0.546875,1.3961716831534395e-05,0.00011901998732355304,64
response_first,32,8,1.261351030734618e-05,0.021745637657021265,0.021745637657021265,0.5,-0.00035466400822767405,0.00037989102884236647,64
final_prompt,34,9,2.715056552911655e-06,0.021738950996250773,0.021738950996250773,0.5,-7.269896286742789e-06,1.27000093925661e-05,64
post_selector,33,3,-3.1069170518089446e-05,-0.021732664853764763,0.021732664853764763,0.5,-0.00010501996848686805,4.288162745068932e-05,64
final_prompt,23,2,-2.0234283226732777e-06,-0.021722422323680237,0.021722422323680237,0.484375,-2.4642710826582432e-05,2.059585418123588e-05,64
public_task_span,19,2,1.911597087200533e-05,0.02170537445551354,0.02170537445551354,0.515625,0.00023878910769779992,-0.00020055716595378923,64
post_selector,30,23,-2.525726813474061e-05,-0.021695432743220375,0.021695432743220375,0.5,-0.00018450036805006253,0.0001339858317805812,64
response_mean,8,23,-5.440122095023706e-06,-0.021655606267207812,0.021655606267207812,0.484375,-3.1318230412581356e-05,2.0437986222533965e-05,64
public_task_span,22,6,1.7202534309032805e-05,0.021644687629808288,0.021644687629808288,0.5,5.246481669019063e-05,-1.8059748072124995e-05,64
final_prompt,35,5,-1.1434421480771562e-06,-0.02163597904861896,0.02163597904861896,0.5,-2.389679559655633e-05,2.1609911300402018e-05,64
public_task_span,18,19,3.08172423615345e-05,0.021592470938811954,0.021592470938811954,0.5,-0.0001605188704161325,0.00022215335513920152,64
public_task_span,31,14,-2.02750605922112e-05,-0.02158986848811959,0.02158986848811959,0.5,-0.00035258814557436087,0.00031203802438993836,64
public_task_span,32,7,-2.8461855549721208e-05,-0.021580722039131556,0.021580722039131556,0.5,-0.0007066917310112127,0.0006497680199117704,64
response_first,2,28,-9.013805856738453e-05,-0.021555361764253152,0.021555361764253152,0.5,0.0008231944602812485,-0.0010034705774160174,64
public_task_span,32,11,-1.9787090877798995e-05,-0.021551860606976937,0.021551860606976937,0.484375,-0.0005010990189475525,0.00046152483719195454,64
response_mean,30,14,2.3740923538184688e-07,0.021551334903735904,0.021551334903735904,0.5,-1.986092165395803e-06,2.4609106361594964e-06,64
post_selector,14,25,-2.4290859983014474e-05,-0.021509569369209704,0.021509569369209704,0.53125,0.00033421740408810124,-0.0003827991240541302,64
public_task_span,8,4,-6.365371973512689e-06,-0.021505732718125066,0.021505732718125066,0.5,3.9836527093940166e-05,-5.2567271040965544e-05,64
public_task_span,33,20,-3.918114202860511e-05,-0.02146635684317517,0.02146635684317517,0.5,-0.0008791433986061502,0.0008007811145489402,64
response_mean,11,7,1.9982338017145266e-05,0.02141453792887705,0.02141453792887705,0.5,0.00019259549208073206,-0.00015263081604644153,64
public_task_span,8,19,-3.313535853521998e-05,-0.02139191044604558,0.02139191044604558,0.53125,-0.0002948781493614682,0.0002286074322910283,64
public_task_span,23,6,-1.3354892871573135e-06,-0.021342921588477597,0.021342921588477597,0.484375,-3.3537263789182684e-05,3.086628521486806e-05,64
post_selector,3,12,0.00012733388712150514,0.021330136814325714,0.021330136814325714,0.5,0.0019640208290638934,-0.0017093530548208838,64
public_task_span,25,30,-2.0824636521861697e-05,-0.021292435569790522,0.021292435569790522,0.5,-0.0005927669590164017,0.0005511176859726782,64
response_mean,31,27,-1.713197050889903e-07,-0.02124474958760104,0.02124474958760104,0.484375,-4.139739303354872e-06,3.7970998931768918e-06,64
response_first,25,14,5.337589072955511e-06,0.021188845364296344,0.021188845364296344,0.515625,-7.496227317459554e-05,8.563745132050654e-05,64
response_first,35,12,6.42320446786734e-06,0.02110791256717481,0.02110791256717481,0.53125,-7.484248226316942e-05,8.768889119890411e-05,64
public_task_span,15,18,1.5351379829556368e-06,0.021099457080837363,0.021099457080837363,0.5,5.833119359979696e-06,-2.7628433940684188e-06,64
response_first,17,19,3.005905455209331e-06,0.021094081801877045,0.021094081801877045,0.546875,-4.495911400680374e-05,5.09709249172224e-05,64
public_task_span,22,7,7.013999720579732e-06,0.021068849207098474,0.021068849207098474,0.5,6.687063660131725e-06,7.340935781027741e-06,64
response_first,22,17,6.264973137606704e-06,0.02101661382451972,0.02101661382451972,0.484375,-6.0353751223325045e-06,1.8565321397545916e-05,64
final_prompt,23,3,3.086640958826394e-06,0.0210149732021493,0.0210149732021493,0.5,2.376429347350385e-05,-1.7591011555851065e-05,64
public_task_span,6,20,-2.5305928375018763e-05,-0.020976305125220057,0.020976305125220057,0.5,0.00010061970442620002,-0.00015123156117623752,64
response_first,29,22,-2.7242662099514705e-06,-0.02097144662607196,0.02097144662607196,0.5,-4.315315413804995e-05,3.770462171814701e-05,64
response_mean,23,3,-1.2664324060537767e-06,-0.02096845737106444,0.02096845737106444,0.5,8.056702597510987e-06,-1.058956740961854e-05,64
post_selector,25,1,3.980145720555027e-06,0.020967832481706635,0.020967832481706635,0.5,-9.116052183343141e-05,9.912081327454147e-05,64
response_first,18,20,4.6322915370211604e-07,0.020958538847678225,0.020958538847678225,0.5,6.819829632576102e-06,-5.89337132517187e-06,64
post_selector,1,20,-0.00018509366054787041,-0.02092595761489389,0.02092595761489389,0.515625,0.004544629045994935,-0.004914816367090675,64
response_first,30,17,8.6044097997719e-06,0.020919754195738403,0.020919754195738403,0.53125,-0.00013637525944432336,0.00015358407904386717,64
response_mean,14,9,-7.660391702296644e-06,-0.02091142453051266,0.02091142453051266,0.5,-2.976517998830562e-05,1.444439658371231e-05,64
response_first,21,2,5.415811301645591e-07,0.02088692088943778,0.02088692088943778,0.5,-3.0740174850052426e-06,4.157179745334361e-06,64
public_task_span,16,19,-9.931316299119173e-06,-0.020875400483867216,0.020875400483867216,0.46875,-0.00010617509997245743,8.631246737421909e-05,64
post_selector,3,4,-0.00017386508716299377,-0.02086581539590758,0.02086581539590758,0.484375,0.002802260865792044,-0.0031499910401180317,64
public_task_span,18,15,1.40795186211979e-05,0.020825086931937235,0.020825086931937235,0.515625,-0.00017543453043344356,0.00020359356767583932,64
public_task_span,13,14,-4.503684749576557e-06,-0.020793479354500273,0.020793479354500273,0.5,-4.004089231557351e-05,3.103352281642039e-05,64
final_prompt,20,0,1.2625823359260175e-05,0.020778830126379034,0.020778830126379034,0.5,0.00011933631918735702,-9.408467246883667e-05,64
public_task_span,33,17,-2.5191910026476386e-05,-0.020765866911703203,0.020765866911703203,0.484375,-0.0007991212796695994,0.0007487374596166465,64
final_prompt,14,28,3.6359952559902788e-06,0.020752137379440448,0.020752137379440448,0.515625,-4.518762455062512e-05,5.245961506260567e-05,64
public_task_span,31,1,3.7609472656212518e-06,0.02074857319026613,0.02074857319026613,0.515625,-5.5595950016122545e-05,6.311784454736505e-05,64
response_first,21,8,2.4079450966511337e-06,0.02068555522903342,0.02068555522903342,0.5,8.048072658087566e-06,-3.232182464785296e-06,64
response_first,20,5,-1.3978572042122683e-06,-0.020674237635556435,0.020674237635556435,0.5,3.302432560300593e-06,-6.098146968725128e-06,64
response_first,11,21,6.535547569797021e-07,0.020670383156308633,0.020670383156308633,0.5,6.827639111861572e-07,6.243456027732464e-07,64
response_first,20,28,2.651369698014417e-06,0.020658714087336424,0.020658714087336424,0.5,2.2310730400925886e-05,-1.7007991004897056e-05,64
public_task_span,25,29,-1.5650148270678024e-06,-0.020633488413211637,0.020633488413211637,0.5,-2.3006770959453257e-05,1.9876741305317655e-05,64
final_prompt,26,1,3.759303945116233e-05,0.020610619556066977,0.020610619556066977,0.5,-0.0002484054857632285,0.00032359156466555317,64
response_first,31,26,1.8440314164518909e-06,0.02060308674471016,0.02060308674471016,0.515625,-2.34933222600332e-05,2.718138509293698e-05,64
public_task_span,5,29,-6.528126414196084e-05,-0.020599935062522463,0.020599935062522463,0.5,-0.00039288294647119997,0.0002623204181872783,64
public_task_span,3,18,-0.00014035158528713434,-0.02058998644109091,0.02058998644109091,0.5,-0.000752097723307078,0.0004713945527328095,64
response_first,15,6,-3.025678800838705e-07,-0.020583163419518213,0.020583163419518213,0.484375,-4.3775828473258105e-07,-1.673774754351598e-07,64
public_task_span,13,19,-1.3220743767301456e-05,-0.020531928981553163,0.020531928981553163,0.5,-4.458046987549895e-06,-2.1983440547053044e-05,64
public_task_span,12,22,-1.4327027201942959e-05,-0.020522676003687224,0.020522676003687224,0.46875,-0.00026975033506458613,0.00024109628066070022,64
response_first,27,20,5.135653282196823e-06,0.020478713724631732,0.020478713724631732,0.5,-6.366942034217947e-05,7.39407269065731e-05,64
response_mean,22,19,5.38639618241632e-07,0.020475683502725692,0.020475683502725692,0.53125,-9.319868127022346e-06,1.039714736350561e-05,64
public_task_span,33,10,-2.6627222268867348e-05,-0.020468130797255405,0.020468130797255405,0.484375,-0.0007654425699001536,0.0007121881253624188,64
response_mean,17,2,2.9826236414012917e-06,0.020464908691409923,0.020464908691409923,0.515625,2.818502184709036e-05,-2.2219774564287782e-05,64
final_prompt,31,27,3.1768408916846754e-06,0.020410288141817997,0.020410288141817997,0.5,-2.074036740395125e-05,2.70940491873206e-05,64
response_first,27,19,5.100766088618326e-06,0.020378993519749127,0.020378993519749127,0.53125,-0.00015286845405169014,0.0001630699862289268,64
final_prompt,34,14,-1.2288192920093808e-05,-0.020332035193901667,0.020332035193901667,0.5,-6.129226130724687e-05,3.671587546705924e-05,64
response_first,11,19,-3.3791242230984064e-06,-0.02031713176483522,0.02031713176483522,0.5,-1.591320301485722e-05,9.154954568660398e-06,64
response_first,23,29,-1.3435320056442769e-06,-0.020309989017207025,0.020309989017207025,0.515625,-8.357742416355516e-06,5.670678405066966e-06,64
public_task_span,16,21,2.1183875560372916e-06,0.02030425366687059,0.02030425366687059,0.5,-2.467438207531003e-05,2.8911157187384614e-05,64
response_mean,16,30,8.537912663089088e-06,0.020287822392772596,0.020287822392772596,0.5,0.00019216580221834799,-0.00017508997689216982,64
final_prompt,11,18,-5.80157256991073e-06,-0.020261410946995823,0.020261410946995823,0.5,-7.11162747393193e-05,5.951312959949784e-05,64
public_task_span,31,20,-1.3066226074446056e-05,-0.02025898112668215,0.02025898112668215,0.5,-0.0001347172410532869,0.00010858478890439482,64
response_mean,20,22,-1.6685714854254954e-06,-0.020245735522924968,0.020245735522924968,0.5,-3.8377427244991077e-05,3.5040284274140086e-05,64
response_first,28,31,7.697155979264645e-07,0.02021050778224362,0.02021050778224362,0.5,5.401744829237537e-07,9.992567129291757e-07,64
public_task_span,0,17,4.798317604582023e-05,0.02019947758924755,0.02019947758924755,0.5,0.0012801050615962404,-0.0011841387095046,64
public_task_span,17,29,-8.288601065941681e-06,-0.020167433132388092,0.020167433132388092,0.5,-0.00013594402480519765,0.00011936682267331429,64
response_mean,7,19,3.0989535844108513e-06,0.02015547153245605,0.02015547153245605,0.5,-1.987207872388932e-05,2.6069985892711027e-05,64
public_task_span,34,31,-8.78536241088884e-06,-0.020148347996457473,0.020148347996457473,0.484375,-0.00021270793149594903,0.00019513720667417133,64
final_prompt,31,23,2.48666549396256e-06,0.02011770478090976,0.02011770478090976,0.5,4.592151299220046e-06,3.8117968870507855e-07,64
public_task_span,25,6,-1.5771446442144118e-06,-0.020013943509550953,0.020013943509550953,0.5,-2.3670622113047447e-05,2.0516332824618625e-05,64
response_first,19,22,4.637176914456846e-06,0.020012895352596864,0.020012895352596864,0.5,-2.7894200229629854e-05,3.7168554058543545e-05,64
response_first,33,29,1.0887129747062065e-05,0.020011923110763816,0.020011923110763816,0.5,-0.0003219269929104178,0.0003437012524045419,64
response_mean,21,12,1.2789839502147908e-05,0.020008205244362868,0.020008205244362868,0.484375,0.00018221471373178945,-0.00015663503472749363,64
response_first,27,25,-1.1403752523623126e-05,-0.020005123208005852,0.020005123208005852,0.5,-0.00025385418666699623,0.00023104668161974998,64
public_task_span,24,12,-1.4724436596227965e-05,-0.019968085384358233,0.019968085384358233,0.484375,-0.00020522946078926828,0.00017578058759681238,64
post_selector,10,21,-2.4590883185745342e-05,-0.01996318737310415,0.01996318737310415,0.5625,0.0002986557410622249,-0.00034783750743371564,64
response_mean,35,12,1.160525607702184e-05,0.019936674431632433,0.019936674431632433,0.5,-0.0002703773734537942,0.00029358788560783787,64
response_first,11,8,-1.2294128737266869e-07,-0.019903272437045302,0.019903272437045302,0.484375,-1.1548439431408042e-06,9.089613683954667e-07,64
public_task_span,11,14,-2.361586393817596e-05,-0.019883533761842598,0.019883533761842598,0.5,0.00011596606464081555,-0.00016319779251716744,64
final_prompt,33,11,3.6874308079851696e-05,0.01988031046184959,0.01988031046184959,0.5,-0.0008690892977938298,0.0009428379139535332,64
response_first,14,19,-3.101416041318303e-06,-0.01986944371322582,0.01986944371322582,0.5,-6.259523888728279e-05,5.639240680464618e-05,64
response_first,33,4,4.142193802181969e-06,0.019867629792370146,0.019867629792370146,0.546875,-4.942338637192099e-05,5.7707773976284926e-05,64
final_prompt,27,18,7.965936129039077e-05,0.01986572646763033,0.01986572646763033,0.515625,-0.002798259658447896,0.002957578381028678,64
final_prompt,24,3,7.034488476160093e-07,0.019813742619666536,0.019813742619666536,0.515625,-4.748868974500459e-06,6.155766669732478e-06,64
response_first,23,25,3.116809125458197e-06,0.01980868717914488,0.01980868717914488,0.5,-2.5542614821462263e-05,3.1776233072378667e-05,64
response_first,26,14,2.4384125367760287e-06,0.019807829986195905,0.019807829986195905,0.5,-6.266464737335572e-05,6.754147244690779e-05,64
response_first,19,16,-3.284082652043312e-06,-0.01977809805602075,0.01977809805602075,0.5,-1.0034713113782433e-05,3.4665478096958027e-06,64
response_first,10,28,-7.48260526961092e-06,-0.019774452106440757,0.019774452106440757,0.5,-4.0523284042124244e-05,2.55580735029024e-05,64
public_task_span,14,23,-4.742025453195497e-06,-0.01976026269657169,0.01976026269657169,0.5,-6.402991311915085e-05,5.454586221275985e-05,64
final_prompt,27,6,5.4488624527897636e-06,0.019737763397105628,0.019737763397105628,0.5,-3.524470048433132e-05,4.614242538991085e-05,64
public_task_span,16,3,1.7886526620712855e-05,0.019735890306463576,0.019735890306463576,0.515625,7.652807471458468e-05,-4.075502147315894e-05,64
public_task_span,24,8,-7.835145197531189e-06,-0.019727997366495185,0.019727997366495185,0.5,-0.0001931864035213765,0.00017751611312631413,64
response_first,25,4,2.457939501708021e-06,0.019726466608455912,0.019726466608455912,0.5,-5.133790637058902e-07,5.429258067121934e-06,64
response_first,17,9,-9.418889419519056e-07,-0.019705349440252515,0.019705349440252515,0.5,-7.854458431210795e-06,5.9706805473069835e-06,64
response_first,11,30,-1.0682905156039277e-06,-0.01967198257809503,0.01967198257809503,0.5,-9.374444900343093e-06,7.237863869135238e-06,64
response_first,20,22,-1.0042386122674425e-06,-0.019654086009366547,0.019654086009366547,0.5,-1.321080020488559e-05,1.1202322980350703e-05,64
post_selector,9,29,-8.314415936182634e-05,-0.01962882768169992,0.01962882768169992,0.4375,0.0015293808191927313,-0.001695669137916384,64
response_mean,18,3,1.415273629846048e-06,0.019581847303680337,0.019581847303680337,0.5,1.3365226891433969e-05,-1.0534679631741877e-05,64
response_mean,16,10,-8.67334392750573e-07,-0.019581796894300875,0.019581796894300875,0.5,-1.5082507076157146e-05,1.3347838290656e-05,64
post_selector,4,18,0.0001909126008286016,0.019581105254984514,0.019581105254984514,0.453125,0.002706399518501725,-0.002324574316844522,64
response_mean,28,31,5.465099945922702e-07,0.019579100733588116,0.019579100733588116,0.484375,2.4462184171625267e-06,-1.3531984279779863e-06,64
final_prompt,22,28,1.9124475329592176e-05,0.019560253586746006,0.019560253586746006,0.5,-0.00012856564171669066,0.00016681459237587502,64
public_task_span,26,18,-1.1210677939743734e-05,-0.019548919308744143,0.019548919308744143,0.484375,-0.00023103483954399175,0.0002086134836645043,64
response_first,35,4,7.871000207160252e-07,0.01954004236943058,0.01954004236943058,0.5,-2.2311405700747855e-06,3.8053406115068356e-06,64
public_task_span,24,14,-2.064221507679895e-05,-0.019538928651369584,0.019538928651369584,0.5,-0.0004311137986405613,0.0003898293684869634,64
response_first,30,24,1.6402239424463667e-06,0.019523897191026776,0.019523897191026776,0.5,-5.917152273581012e-05,6.245197062070286e-05,64
response_mean,35,21,-7.605409564347568e-06,-0.01951479337548795,0.01951479337548795,0.5,-7.13489207555472e-05,5.613810162685205e-05,64
response_first,22,9,3.5815188539328357e-06,0.019464476955119842,0.019464476955119842,0.5,-2.6711171074108603e-05,3.387420878197427e-05,64
response_first,22,10,5.817488499815227e-07,0.019453145303858773,0.019453145303858773,0.53125,-3.906496033323492e-07,1.5541473032953945e-06,64
public_task_span,27,15,-1.0176914656760823e-05,-0.01945025333355818,0.01945025333355818,0.5,-0.00018827314124789926,0.00016791931193437768,64
public_task_span,7,25,-4.260445166442273e-06,-0.019401167476478583,0.019401167476478583,0.484375,-4.134539767620357e-05,3.2824507343319025e-05,64
public_task_span,35,4,2.6259494916277943e-06,0.019395766097921555,0.019395766097921555,0.5,1.6688674804745336e-05,-1.1436775821489756e-05,64
response_mean,11,0,-6.339026367641298e-05,-0.01938550714571647,0.01938550714571647,0.5,-0.0007585143102915028,0.0006317337829386769,64
response_mean,17,9,-3.3090822739758757e-06,-0.019339910683503783,0.019339910683503783,0.5,-4.3823399550996045e-05,3.7205235003044294e-05,64
response_first,20,19,1.7052033854279377e-05,0.01933561428265188,0.01933561428265188,0.5,0.0003358173726155593,-0.0003017133049070006,64
public_task_span,8,13,-5.856521511307998e-06,-0.01932849741373492,0.01932849741373492,0.5,4.489224102144114e-05,-5.6605284044057146e-05,64
public_task_span,32,8,-1.458679571441619e-05,-0.019299692257626445,0.019299692257626445,0.5,-0.0004796654784513221,0.00045049188702248977,64
response_first,31,29,1.308669970967688e-05,0.019298804588449715,0.019298804588449715,0.53125,-0.0003821647005679342,0.00040833809998728804,64
response_first,11,22,-8.318749294743728e-06,-0.01929512367353667,0.01929512367353667,0.5,-0.00012563168959899728,0.00010899419100950981,64
response_mean,29,28,-2.1328323285274564e-07,-0.019276491843599655,0.019276491843599655,0.5,-3.426772039460957e-07,-8.38892617593957e-08,64
public_task_span,8,28,-1.2529765669455625e-07,-0.01927176828201136,0.01927176828201136,0.5,-1.0263396319487583e-06,7.757443185596458e-07,64
response_mean,11,23,3.897008667761613e-06,0.01926007164249855,0.01926007164249855,0.5,1.6935720452693732e-05,-9.14170311717051e-06,64
final_prompt,33,27,-6.426314769214514e-07,-0.01924411090016702,0.01924411090016702,0.46875,-1.2857175704539259e-05,1.1571912750696356e-05,64
public_task_span,21,4,2.689170230493136e-06,0.01924346280502156,0.01924346280502156,0.5,-1.865410501977749e-05,2.4032445480763758e-05,64
post_selector,4,7,0.0002535016543845233,0.019220305203185302,0.019220305203185302,0.515625,0.003873692815318454,-0.0033666895065494066,64
response_first,28,27,1.1598852438518408e-06,0.019203517804601517,0.019203517804601517,0.5,-1.3821067625482981e-05,1.614083811318666e-05,64
final_prompt,27,27,4.531127046902202e-06,0.019154423768407768,0.019154423768407768,0.5,-8.302818446280583e-05,9.209043855661024e-05,64
response_first,10,14,0.00013853025666321362,0.019153161291308757,0.019153161291308757,0.5,-0.001568082981975753,0.0018451434953021808,64
post_selector,13,26,7.892452413215791e-05,0.019112090158580786,0.019112090158580786,0.5,0.00011554342927410331,4.2305618990212625e-05,64
response_mean,16,6,8.719770789864358e-06,0.01909861565867234,0.01909861565867234,0.515625,-0.00014487324131095148,0.00016231278289068017,64
final_prompt,20,6,2.6447457912574464e-06,0.019076800794856595,0.019076800794856595,0.546875,-6.994325258345355e-05,7.523274416596843e-05,64
response_mean,18,1,1.0573606914471979e-05,0.01907369888538415,0.01907369888538415,0.484375,0.0002823545678438362,-0.0002612073540148922,64
public_task_span,14,30,-1.2518544281181409e-06,-0.019046551463366607,0.019046551463366607,0.515625,1.4224416986505646e-05,-1.6728125842741924e-05,64
final_prompt,25,16,-8.795945376497048e-07,-0.019044628197132766,0.019044628197132766,0.5,4.432420354304756e-06,-6.191609429604166e-06,64
public_task_span,0,6,9.905563365464532e-05,0.019028462126505066,0.019028462126505066,0.5,0.001154261930423672,-0.0009561506631143813,64
response_first,34,17,-1.623447815291044e-05,-0.01902526807532301,0.01902526807532301,0.5,-0.00047364660167656473,0.00044117764537074383,64
response_first,17,4,-3.04088504723965e-08,-0.01902506334805691,0.01902506334805691,0.515625,-4.485705427659248e-07,3.877528418211318e-07,64
response_mean,22,23,2.8337295958630118e-06,0.018997915060110244,0.018997915060110244,0.515625,-1.6497795662929302e-05,2.2165254854655333e-05,64
final_prompt,34,20,2.282124142989495e-06,0.01899210201474098,0.01899210201474098,0.5,-7.256864137165184e-06,1.182111242314418e-05,64
final_prompt,31,4,5.413209464677631e-05,0.018976729361340018,0.018976729361340018,0.5,-0.0012424425813151,0.0013507067706086528,64
response_mean,26,0,8.760984201220489e-06,0.018970033052557768,0.018970033052557768,0.5,-4.703647755375901e-05,6.455844595619999e-05,64
final_prompt,20,18,5.52880149484298e-06,0.018966414817725537,0.018966414817725537,0.5,-8.345937715158217e-06,1.9403540704844167e-05,64
public_task_span,0,3,0.00010978501813951565,0.018959627438782663,0.018959627438782663,0.5,0.003044410856091394,-0.0028248408198123624,64
response_first,30,12,1.2975738741248378e-06,0.018958099606038965,0.018958099606038965,0.5,-1.2869751230934557e-05,1.5464898979184235e-05,64
response_first,23,1,1.2185965943012255e-06,0.0189546506897027,0.0189546506897027,0.5,8.549055564799063e-06,-6.111862376196611e-06,64
public_task_span,22,9,1.23049430840246e-05,0.018954422156416562,0.018954422156416562,0.5,-6.587681582446864e-06,3.119756775049612e-05,64
final_prompt,25,3,-4.222379175189417e-07,-0.018948856192725485,0.018948856192725485,0.46875,4.2726563265205186e-07,-1.2717414676899352e-06,64
public_task_span,13,27,-1.836432420532438e-05,-0.01893748368910578,0.01893748368910578,0.484375,8.74071174621209e-05,-0.0001241357658727697,64
response_mean,14,6,-3.774447850446453e-05,-0.018916614495003245,0.018916614495003245,0.484375,0.0004198239776087554,-0.0004953129346176845,64
post_selector,34,21,-0.00010627460869727572,-0.018909979178421413,0.018909979178421413,0.515625,-0.0014470775568042875,0.0012345283394097364,64
public_task_span,11,11,-1.059166220329519e-05,-0.01889035070074997,0.01889035070074997,0.453125,2.9393098884616364e-05,-5.0576423291206704e-05,64
response_first,29,25,2.2883702513345583e-05,0.018885384571101733,0.018885384571101733,0.515625,-0.0004290624528948564,0.00047482985792154757,64
public_task_span,20,17,1.1855823913718224e-05,0.01888073461933525,0.01888073461933525,0.5,0.00019264689819919133,-0.00016893525037175484,64
final_prompt,30,17,7.041523349471556e-05,0.01886319207531669,0.01886319207531669,0.515625,-0.0016858031340234187,0.0018266336010128502,64
response_mean,26,1,8.526980991518235e-06,0.018853743406438823,0.018853743406438823,0.5,6.53474844511876e-05,-4.829352246815116e-05,64
final_prompt,18,14,1.8038778364353125e-06,0.01884607030395311,0.01884607030395311,0.5,7.805880898098256e-06,-4.19812522522763e-06,64
response_first,16,16,1.4188075567748695e-06,0.018798396429585654,0.018798396429585654,0.5,1.1788580877689034e-05,-8.950965764139295e-06,64
public_task_span,8,27,-5.7062434279973565e-06,-0.018797886224232577,0.018797886224232577,0.5,-6.704899715258747e-05,5.5636510296592783e-05,64
response_mean,20,6,8.169256943797096e-06,0.018797876717235176,0.018797876717235176,0.5,-0.00022353327813106559,0.00023987179201865978,64
final_prompt,20,3,1.9778530713661154e-05,0.01879263328928397,0.01879263328928397,0.5,0.0004024557392767503,-0.0003628986778494279,64
public_task_span,35,14,5.1369519496804775e-05,0.01877043745912868,0.01877043745912868,0.5,-0.0010436776938149562,0.0011464167328085655,64
public_task_span,11,25,-2.8438557819734463e-06,-0.018762090862259176,0.018762090862259176,0.484375,-6.267086064327614e-06,5.793745003807161e-07,64
public_task_span,31,13,-2.3287575800166643e-05,-0.018753040366208878,0.018753040366208878,0.515625,-0.0006675164452189925,0.0006209412936186592,64
response_mean,15,30,1.7909715097611042e-06,0.018748437199232592,0.018748437199232592,0.5,-1.0075711543326349e-05,1.3657654562848556e-05,64
final_prompt,30,12,-1.2575033565554411e-06,-0.018733253909499117,0.018733253909499117,0.53125,-3.0806272661677653e-06,5.656205530568838e-07,64
response_mean,32,4,5.450654839475671e-06,0.01869353903117037,0.01869353903117037,0.515625,-8.22462284304481e-05,9.314753810939945e-05,64
response_first,25,18,-1.0221311441678212e-06,-0.018687038355705284,0.018687038355705284,0.5,7.34565645648421e-07,-2.7788279339840625e-06,64
final_prompt,34,7,2.4999227207451606e-05,0.01867034661146884,0.01867034661146884,0.5,-0.0003717653471539875,0.00042176380156889066,64
public_task_span,26,30,-3.92557353734702e-06,-0.0186571358256891,0.0186571358256891,0.5,-9.591197272128255e-05,8.806082564658851e-05,64
response_first,33,10,1.5999867400747454e-05,0.01863149212179268,0.01863149212179268,0.53125,-0.0004494076456466787,0.0004814073804481737,64
post_selector,26,15,0.0003107893389824282,0.018606445817495265,0.018606445817495265,0.578125,-0.006398415956937231,0.007019994634902087,64
response_mean,31,18,-4.905310362346427e-07,-0.018596756528836213,0.018596756528836213,0.5,-4.7346051701424585e-06,3.753543097673173e-06,64
response_first,12,19,8.663450671522724e-06,0.018574905496873247,0.018574905496873247,0.5,-7.259566882565944e-05,8.992257016870488e-05,64
response_first,10,0,-5.806441123468176e-07,-0.0185633648718356,0.0185633648718356,0.5,1.199263314788368e-05,-1.3153921372577315e-05,64
response_first,10,4,-9.920500815495669e-06,-0.018544661570559492,0.018544661570559492,0.5,-0.00013009628673898153,0.00011025528510799016,64
response_mean,17,25,-5.676002820109477e-05,-0.018485732262052048,0.018485732262052048,0.53125,-0.0006710324473715172,0.0005575123909693275,64
response_mean,25,6,1.0194771448367716e-05,0.01847707414924936,0.01847707414924936,0.5,-0.00018944218027171052,0.00020983172316844592,64
response_first,28,10,3.610259909682246e-06,0.018435356551204252,0.018435356551204252,0.5,-8.61087573866758e-05,9.33292772060403e-05,64
response_first,18,4,1.5384694620490357e-06,0.018434714446638557,0.018434714446638557,0.5,-4.499846454560021e-06,7.5767853786580905e-06,64
public_task_span,35,0,7.117803761503992e-06,0.018413065774726244,0.018413065774726244,0.5,7.703119263168431e-05,-6.279558510867634e-05,64
public_task_span,9,8,-5.759354593237731e-07,-0.018387613389023335,0.018387613389023335,0.5,-5.959591788951002e-06,4.807720870303456e-06,64
response_mean,30,0,-1.3392494565781103e-05,-0.01838597906592339,0.01838597906592339,0.5,-0.00019528636175891273,0.0001685013726273505,64
post_selector,7,19,2.5881188321358696e-06,0.01838515688561754,0.01838515688561754,0.46875,4.3157672279878963e-07,4.744660941472951e-06,64
public_task_span,2,8,-2.8370795917001415e-05,-0.018345265825632236,0.018345265825632236,0.484375,-0.00035396204475545193,0.00029722045292144916,64
final_prompt,33,25,6.193870717651981e-06,0.01832039110752849,0.01832039110752849,0.5,7.155333150871726e-06,5.2324082844322215e-06,64
response_first,34,31,3.2273259762430195e-06,0.01831926403875612,0.01831926403875612,0.53125,-9.506046126260537e-05,0.0001015151132150914,64
response_mean,32,22,9.536266531995352e-08,0.018292405167693905,0.018292405167693905,0.515625,1.0983418974319648e-07,8.089114089671057e-08,64
response_first,31,28,8.696185830104898e-06,0.018290473836011453,0.018290473836011453,0.515625,-0.00028640106381768436,0.0003037934354778941,64
public_task_span,26,17,-1.0151858987223634e-05,-0.0182693434949175,0.0182693434949175,0.5,-0.00023447989997292157,0.00021417618199847427,64
response_first,10,17,9.425218649994044e-06,0.018243742822037622,0.018243742822037622,0.484375,9.258913905795867e-06,9.591523394192241e-06,64
response_mean,13,29,2.1196644297540366e-06,0.0182422183257417,0.0182422183257417,0.5,-1.8837424477164006e-05,2.3076753336672083e-05,64
response_first,33,12,1.3834054698239234e-05,0.018239531610198645,0.018239531610198645,0.515625,-0.00030300154730865153,0.00033066965670512996,64
public_task_span,34,0,-1.0906716170212682e-05,-0.01823327617805266,0.01823327617805266,0.484375,-0.00022747351522410699,0.00020566008288368161,64
final_prompt,20,30,-7.386729521381245e-06,-0.018233095069772484,0.018233095069772484,0.5,-8.986662487585689e-05,7.509316583309436e-05,64
final_prompt,26,12,-2.4650851173608958e-06,-0.01819703470615613,0.01819703470615613,0.53125,-7.997188617989383e-05,7.504171594517203e-05,64
public_task_span,35,17,4.679789526561144e-06,0.018122170688529345,0.018122170688529345,0.5,3.018362167495015e-05,-2.0824042621827863e-05,64
response_first,21,29,1.5695834889602326e-06,0.018116949643365892,0.018116949643365892,0.515625,-1.4143964165203782e-05,1.7283131143124254e-05,64
response_mean,19,16,7.5902848948281674e-06,0.01810501847551241,0.01810501847551241,0.5,-4.150762197241362e-05,5.6688191762069965e-05,64
public_task_span,31,6,-1.6130048152266825e-05,-0.01809459819589093,0.01809459819589093,0.515625,-0.00040980779249364426,0.00037754769618911064,64
final_prompt,28,15,-3.6768437894370847e-06,-0.01808549727275755,0.01808549727275755,0.515625,-9.946388308888983e-05,9.211019551001566e-05,64
public_task_span,9,26,3.051822841371438e-05,0.018065631253505285,0.018065631253505285,0.5,-0.00018959806402563388,0.00025063452085306273,64
response_mean,18,12,7.314717777261267e-06,0.01805811159489647,0.01805811159489647,0.5,-5.813038114871719e-06,2.0442473669394254e-05,64
public_task_span,24,10,2.7976082037628755e-06,0.01805063628039949,0.01805063628039949,0.5,2.2940856069897967e-05,-1.734563966237221e-05,64
response_first,35,21,-9.717911666481103e-07,-0.018048454831597636,0.018048454831597636,0.484375,9.29969814933072e-07,-2.873552148229293e-06,64
response_mean,16,9,6.634385954381689e-06,0.0180348125306752,0.0180348125306752,0.515625,-7.585911225759849e-05,8.912788416636189e-05,64
public_task_span,33,30,-1.587402221048263e-05,-0.018031686006375797,0.018031686006375797,0.484375,-0.0005400501568146583,0.0005083021123936931,64
final_prompt,19,19,6.3142294948182915e-06,0.018028975613843402,0.018028975613843402,0.5,-2.4001747988226515e-05,3.6630206977863105e-05,64
public_task_span,12,10,-3.222117857148758e-05,-0.018013277530328917,0.018013277530328917,0.46875,-0.00010395383014836845,3.95114730053932e-05,64
response_first,12,7,2.848309918594797e-06,0.018005822327469452,0.018005822327469452,0.5,-3.5939537610814416e-05,4.1636157448004e-05,64
final_prompt,34,10,1.7475905451620991e-06,0.01797883725167714,0.01797883725167714,0.5,-1.3647135801871657e-05,1.7142316892195854e-05,64
public_task_span,5,2,0.00011741806520148751,0.01797434886820673,0.01797434886820673,0.5,-0.0009669946739450127,0.0012018308043479874,64
final_prompt,31,28,-7.291060319402967e-05,-0.017956332534416204,0.017956332534416204,0.5,-0.001241418231074922,0.0010955970246868626,64
public_task_span,1,6,-1.2780328688676563e-05,-0.017933663324870692,0.017933663324870692,0.5,-0.00021388663299147815,0.000188325975614125,64
response_first,27,10,-5.218762595405078e-07,-0.01791511591931484,0.01791511591931484,0.484375,-1.2126977168235844e-05,1.1083224649154827e-05,64
public_task_span,12,21,-4.573183105087905e-06,-0.017905089484994613,0.017905089484994613,0.5,-0.00011812501907112833,0.0001089786528609525,64
response_first,17,18,-2.0941985923179132e-06,-0.017904478165998928,0.017904478165998928,0.484375,2.9797363836788933e-05,-3.398576102142476e-05,64
public_task_span,1,0,2.0708186639237342e-05,0.01788141869626942,0.01788141869626942,0.5,-6.495494744728826e-06,4.7911868023203536e-05,64
public_task_span,16,27,2.908560418287875e-06,0.017876150472267083,0.017876150472267083,0.5,-1.5091129625942392e-05,2.0908250462518137e-05,64
public_task_span,29,11,-7.443395134032918e-06,-0.017859501128145366,0.017859501128145366,0.5,-0.00018899572700090394,0.00017410893673283807,64
public_task_span,24,6,1.1061848113054184e-06,0.017846176121712378,0.017846176121712378,0.515625,-1.8172774730372216e-05,2.0385144352983054e-05,64
response_first,28,17,9.043776572065985e-07,0.017836393814941155,0.017836393814941155,0.53125,-1.7810842223298492e-05,1.961959753771169e-05,64
response_first,15,14,8.226120440379958e-08,0.017830585779819854,0.017830585779819854,0.5,2.1491322704791926e-06,-1.9846098616715935e-06,64
public_task_span,35,31,4.4155644900453945e-06,0.01782028684167393,0.01782028684167393,0.515625,-8.10235742392145e-05,8.98547032193053e-05,64
final_prompt,18,28,7.223319153126334e-05,0.017814143165752284,0.017814143165752284,0.5,-8.051145414357498e-06,0.00015251752847688434,64
response_mean,17,31,4.601841254725823e-07,0.017812205289611232,0.017812205289611232,0.484375,-2.8519320487402373e-06,3.772300299685402e-06,64
response_first,33,26,-9.667973301941942e-07,-0.01780913804077662,0.01780913804077662,0.5,-5.864038143982483e-07,-1.3471908459901401e-06,64
public_task_span,2,3,-9.823925574892014e-05,-0.017804219582689046,0.017804219582689046,0.5,-0.00028918918542330597,9.271067392546591e-05,64
public_task_span,12,23,-1.588285249454201e-05,-0.01778373386310787,0.01778373386310787,0.484375,-0.00027041666726289543,0.00023865096227381136,64
response_first,12,21,-1.0405737498340384e-06,-0.017739138313447127,0.017739138313447127,0.5,-4.900774649740714e-05,4.692659899773907e-05,64
public_task_span,9,24,-1.8250821653964522e-07,-0.01773341887576485,0.01773341887576485,0.5,-2.171472146983433e-06,1.8064557139041426e-06,64
response_mean,22,31,1.5665923456260932e-05,0.01771929798281916,0.01771929798281916,0.5,-0.0001640572572796281,0.00019538910419215,64
response_first,33,6,2.999637740686096e-05,0.01771709546991382,0.01771709546991382,0.5,-0.0006533836940434313,0.0007133764488571531,64
public_task_span,11,2,-3.9268723412537085e-05,-0.017695773549917453,0.017695773549917453,0.5,0.00024324070909640901,-0.0003217781559214833,64
public_task_span,22,3,1.4361803550858469e-05,0.017694557531646445,0.017694557531646445,0.5,-4.561080640996862e-05,7.433441351168553e-05,64
public_task_span,28,2,-9.138817631540936e-06,-0.017686891906039632,0.017686891906039632,0.5,-0.00030905593030181673,0.00029077829503873487,64
response_first,15,11,-1.4905920933114741e-06,-0.01765312910999626,0.01765312910999626,0.5,-2.0810440039655317e-05,1.7829255853032372e-05,64
public_task_span,33,18,-2.862126257241296e-05,-0.017652045515411302,0.017652045515411302,0.484375,-0.00024140538698702281,0.00018416286184219695,64
response_first,9,16,-1.048907762426317e-06,-0.01764163693686509,0.01764163693686509,0.515625,-2.29545346996863e-05,2.0856719174833663e-05,64
response_first,9,14,8.809298742562359e-05,0.017571766758307343,0.017571766758307343,0.5,0.0005792698102595817,-0.0004030838354083348,64
final_prompt,30,2,3.3323165098351676e-06,0.017569241944081344,0.017569241944081344,0.53125,-3.63021999874046e-05,4.2966833007074934e-05,64
public_task_span,29,4,-6.679057378272433e-06,-0.017547179120272687,0.017547179120272687,0.484375,-0.0002087496563944746,0.00019539154163792977,64
response_first,18,19,2.6502203875899966e-07,0.01752277957637208,0.01752277957637208,0.5,2.839875163029859e-06,-2.3098310855118598e-06,64
public_task_span,28,19,-7.233514224932231e-06,-0.017508300378620636,0.017508300378620636,0.5,-0.00027083323539041154,0.00025636620694054706,64
final_prompt,19,28,1.4752995184605334e-05,0.017498392296838458,0.017498392296838458,0.515625,-0.0003352365520186026,0.0003647425423878132,64
post_selector,3,1,-0.00018586368241812654,-0.017497401259456136,0.017497401259456136,0.5,0.0011004065163433498,-0.001472133881179603,64
response_first,33,0,1.119445329323391e-06,0.017484423993443594,0.017484423993443594,0.515625,-1.4041372651261672e-05,1.6280263309908457e-05,64
response_first,10,16,1.541665437798631e-05,0.01747783706324746,0.01747783706324746,0.5,-0.0002142560588254073,0.0002450893675813799,64
response_mean,10,28,-3.839432338277558e-06,-0.01744938682507494,0.01744938682507494,0.484375,-2.7417141609466976e-05,1.9738276932911864e-05,64
response_first,28,6,-2.2084529973628763e-06,-0.017438049636990055,0.017438049636990055,0.5,-9.490483307665772e-06,5.0735773129400176e-06,64
response_first,19,9,2.8614807945359644e-07,0.01741551879074694,0.01741551879074694,0.5,1.998878687459183e-06,-1.4265825285519895e-06,64
public_task_span,32,5,-7.667822046640827e-06,-0.017383083537494876,0.017383083537494876,0.5,-0.00020003358395113366,0.00018469793985785202,64
public_task_span,33,6,-3.0652010536867376e-05,-0.017362371798164442,0.017362371798164442,0.484375,-0.0010053162586700372,0.0009440122375963027,64
public_task_span,28,25,-1.973719463421239e-06,-0.017360770167541076,0.017360770167541076,0.484375,-8.62683282321417e-06,4.679393896371692e-06,64
response_first,19,14,5.06375801023814e-06,0.017342874112392055,0.017342874112392055,0.484375,3.891440883310397e-06,6.236075137165864e-06,64
public_task_span,25,2,-6.645640837641806e-07,-0.017337191956178784,0.017337191956178784,0.5,-1.2824993746110004e-05,1.1495865578581644e-05,64
public_task_span,13,3,-1.9808291199295983e-05,-0.0173331519256188,0.0173331519256188,0.484375,-0.00029318398446775073,0.00025356740206915874,64
public_task_span,15,6,-9.773971498812881e-07,-0.01732924171329064,0.01732924171329064,0.5,-1.259353950899673e-05,1.0638745209234155e-05,64
public_task_span,16,24,3.191538053215216e-05,0.017328190107860724,0.017328190107860724,0.515625,-0.0004911920150334384,0.0005550227760977427,64
response_first,11,18,-3.8657904610782204e-06,-0.017320803595577746,0.017320803595577746,0.5,-6.044494784873214e-05,5.271336692657568e-05,64
final_prompt,27,9,-3.4404626148897574e-05,-0.017274342253099272,0.017274342253099272,0.5,-0.0006093364927437421,0.0005405272404459469,64
response_first,9,25,-4.8332351980207754e-05,-0.017274197541152534,0.017274197541152534,0.5,6.570235927937811e-05,-0.00016236706323979368,64
public_task_span,10,12,-1.1786461982403464e-05,-0.017256293757920912,0.017256293757920912,0.484375,-0.00020223860337863328,0.0001786656794138264,64
public_task_span,31,21,-7.308653948712163e-07,-0.017254585470575515,0.017254585470575515,0.484375,-1.5024640561023261e-05,1.3562909771280829e-05,64
final_prompt,30,21,1.6892267922234098e-05,0.017251256415393115,0.017251256415393115,0.5,-0.00012562859956233063,0.00015941313540679877,64
public_task_span,17,14,-6.807934710197857e-06,-0.017248352390331283,0.017248352390331283,0.5,-4.123019107281776e-05,2.7614321652422044e-05,64
final_prompt,34,11,3.589924730817984e-07,0.017238461390700555,0.017238461390700555,0.5,-4.300969521864317e-06,5.018954468027914e-06,64
public_task_span,6,8,-3.5327331715962894e-05,-0.017228883363505913,0.017228883363505913,0.5,-0.00010113876123794772,3.0484097806021964e-05,64
final_prompt,20,8,4.08128170192656e-06,0.017222054226764316,0.017222054226764316,0.546875,-3.724238194991112e-05,4.540494535376424e-05,64
response_first,9,21,2.9080770218530195e-06,0.0171531331412574,0.0171531331412574,0.515625,1.0741037840494675e-05,-4.924883796788634e-06,64
final_prompt,18,13,4.99819861943464e-06,0.017151782909380225,0.017151782909380225,0.5,0.00018099141698255046,-0.00017099501974368118,64
post_selector,4,1,0.00016991566371870627,0.017139567928751865,0.017139567928751865,0.515625,0.0015808846073923687,-0.0012410532799549561,64
response_first,11,28,-7.959073311525344e-08,-0.017124010394524165,0.017124010394524165,0.484375,1.2604724197728956e-07,-2.8522870820779644e-07,64
response_mean,19,25,4.0468300994684356e-05,0.017119937210561296,0.017119937210561296,0.5,-0.0014290483868535189,0.0015099849888428876,64
final_prompt,29,12,2.1862473658983382e-05,0.017077825492093503,0.017077825492093503,0.5,-0.0005038899198552669,0.0005476148671732337,64
public_task_span,23,16,-3.6540345718119415e-06,-0.0170694321244331,0.0170694321244331,0.5,-5.588543444910769e-06,-1.7195256987131222e-06,64
public_task_span,0,19,5.583019901678134e-05,0.01706020582285004,0.01706020582285004,0.5,-0.0001327324771409655,0.00024439287517452824,64
public_task_span,18,9,7.315783022930194e-06,0.017039323138747123,0.017039323138747123,0.5,-7.397501394734685e-05,8.860657999320727e-05,64
final_prompt,35,13,1.969939376068652e-06,0.017008574971044712,0.017008574971044712,0.515625,-2.0160628537260924e-05,2.410050728939823e-05,64
response_mean,35,13,2.0242187019900418e-06,0.01700756739328782,0.01700756739328782,0.5,7.545720563937751e-06,-3.4972831599576707e-06,64
final_prompt,29,13,4.4977660706974015e-06,0.016995506586716405,0.016995506586716405,0.53125,-0.00010505574704209615,0.00011405127918349094,64
public_task_span,31,9,-8.663161224834381e-06,-0.016938654007150004,0.016938654007150004,0.5,-0.00024623867739135505,0.0002289123549416863,64
final_prompt,30,27,-4.756724592881251e-05,-0.016938583994535936,0.016938583994535936,0.53125,-0.0014290733852249026,0.0013339388933672775,64
final_prompt,9,22,-2.8555388098561907e-06,-0.01692789509246317,0.01692789509246317,0.484375,-8.722700385980595e-06,3.0116227662682137e-06,64
public_task_span,15,27,-3.91992477943964e-06,-0.016910365017328316,0.016910365017328316,0.5,-6.362072031150396e-05,5.5780870752624665e-05,64
final_prompt,19,6,7.784298304612862e-06,0.01689707161180308,0.01689707161180308,0.5,-0.00023951236198625615,0.0002550809585954819,64
response_first,21,21,-2.643237291266587e-07,-0.016889178778343734,0.016889178778343734,0.484375,-4.825685696374649e-06,4.297038238121331e-06,64
final_prompt,30,16,3.811596707237191e-05,0.016880669068035353,0.016880669068035353,0.515625,-0.0007969764810695755,0.0008732084152143194,64
public_task_span,8,12,-3.930424327329177e-06,-0.016878950650471854,0.016878950650471854,0.484375,-6.849188548584089e-05,6.0631036831182536e-05,64
response_mean,16,7,3.8607115584459e-05,0.01686591700050359,0.01686591700050359,0.515625,-4.108249413547544e-05,0.00011829672530439347,64
public_task_span,28,27,-1.119025171192599e-06,-0.016858226547579742,0.016858226547579742,0.5,-1.4195737776389981e-05,1.1957687434004783e-05,64
response_mean,30,18,-1.0482389598109049e-05,-0.016817075325642507,0.016817075325642507,0.53125,-0.00032814855694594455,0.0003071837777497265,64
post_selector,1,25,-0.0004343887558206957,-0.016796235286958776,0.016796235286958776,0.5,0.0011946565355174157,-0.002063434047158806,64
response_mean,19,22,8.047490155147833e-06,0.01677621422993281,0.01677621422993281,0.53125,-9.472248984821194e-05,0.00011081747015850758,64
final_prompt,26,9,2.1353440615712305e-07,0.01677051806827449,0.01677051806827449,0.5,1.3388092696686726e-06,-9.117404573544264e-07,64
final_prompt,31,5,4.594106485455318e-05,0.016746579905941705,0.016746579905941705,0.515625,-0.0009250243820133563,0.0010169065117224623,64
response_first,19,11,-9.966852871893405e-07,-0.01673899374724095,0.01673899374724095,0.5,-1.104010260632708e-05,9.046732031948399e-06,64
final_prompt,18,0,2.788257802420834e-06,0.016727308269961445,0.016727308269961445,0.5,-2.551834131735943e-05,3.109485692220111e-05,64
response_first,9,10,7.483500297668042e-06,0.016713346877028818,0.016713346877028818,0.5,-0.0001633927803652392,0.0001783597809605753,64
public_task_span,14,17,3.1190046684053146e-05,0.016709066293220887,0.016709066293220887,0.5,-0.0007571130427095219,0.0008194931360776282,64
response_mean,34,8,-8.853457984499438e-07,-0.01668987957159926,0.01668987957159926,0.5,-1.5112570508786158e-05,1.334187891188627e-05,64
post_selector,23,15,2.2091995788281547e-05,0.016675827963930325,0.016675827963930325,0.53125,0.00040569522116127796,-0.00036151122958471497,64
response_mean,7,22,2.3242115048557756e-05,0.016657960822496043,0.016657960822496043,0.5,-0.0003724389252965912,0.0004189231553937067,64
public_task_span,19,9,-1.0485968459757165e-05,-0.016656789374591346,0.016656789374591346,0.515625,-0.0002473121526236109,0.00022634021570409657,64
final_prompt,20,26,-8.064526895168456e-07,-0.01664558402093152,0.01664558402093152,0.5,-5.975277531433676e-06,4.362372152399985e-06,64
response_first,12,27,2.5183962861725615e-06,0.016644368435017886,0.016644368435017886,0.5,-6.7993970560579955e-06,1.1836189628403112e-05,64
post_selector,5,3,9.450316929360383e-05,0.016626103262308317,0.016626103262308317,0.515625,0.0016275626821879974,-0.0014385563436007899,64
public_task_span,18,17,1.0088818385155342e-05,0.01660869090255064,0.01660869090255064,0.515625,-5.74892537770242e-05,7.766689054733488e-05,64
response_mean,34,22,7.0371999072406166e-06,0.016593270818355974,0.016593270818355974,0.5,-1.0086617749050005e-05,2.4161017563531224e-05,64
response_first,7,15,1.7186284395620532e-08,0.016565354123716583,0.016565354123716583,0.5,1.3690986477854494e-07,-1.0253729598730388e-07,64
response_mean,35,11,7.759110303597424e-06,0.016499657632497514,0.016499657632497514,0.5,-0.0002790626713249054,0.00029458089193210024,64
response_mean,19,4,7.821270628481286e-06,0.016493905741817645,0.016493905741817645,0.5,-0.00020955753825545537,0.00022520007951241797,64
public_task_span,22,4,3.930523007519474e-06,0.016476230695681965,0.016476230695681965,0.5,4.8586993443679e-05,-4.072594742864006e-05,64
response_first,33,11,2.1454578245538273e-05,0.016464195281204873,0.016464195281204873,0.53125,-0.0007699114730712277,0.0008128206295623043,64
response_first,18,22,-3.25171185977742e-06,-0.016447637307572555,0.016447637307572555,0.515625,-6.346025259062344e-05,5.6956828871068584e-05,64
final_prompt,35,25,-4.605132289727872e-06,-0.016440086327961286,0.016440086327961286,0.5,-0.00010369456413171933,9.448429955226358e-05,64
post_selector,0,9,-0.0001407171293976734,-0.016439998127525085,0.016439998127525085,0.5,0.0018035057728411593,-0.0020849400316365063,64
public_task_span,21,26,9.390892543592542e-06,0.016424141668868762,0.016424141668868762,0.515625,0.00014436195536404186,-0.0001255801702768568,64
final_prompt,33,24,1.4453789844995396e-05,0.01642360138882219,0.01642360138882219,0.46875,0.00013900309204472792,-0.00011009551235473716,64
public_task_span,28,16,-4.4924739768275235e-06,-0.01641638426200902,0.01641638426200902,0.5,-0.0001848768954459721,0.00017589194749231704,64
public_task_span,25,28,-8.273910225398049e-06,-0.016396730393215264,0.016396730393215264,0.5,-0.00032387158444176906,0.000307323763990973,64
response_mean,25,5,9.792730679663383e-07,0.01636882900940139,0.01636882900940139,0.53125,5.974798114016261e-07,1.3610663245310496e-06,64
response_first,23,9,1.8074976196662273e-05,0.01635349916381345,0.01635349916381345,0.484375,0.0001971747997231245,-0.00016102484732979995,64
final_prompt,10,14,-2.6125067051920114e-06,-0.016349065005380928,0.016349065005380928,0.5,-7.717015796514333e-05,7.19451445547593e-05,64
final_prompt,29,18,-3.589743982960822e-06,-0.016337936036302476,0.016337936036302476,0.515625,-0.00015218980433925913,0.00014501031637333746,64
public_task_span,2,11,-3.2573310818407024e-05,-0.01632400163393839,0.01632400163393839,0.515625,-0.0008739169315958588,0.0008087703099590449,64
public_task_span,10,7,-1.1719389476637977e-05,-0.01631306955135663,0.01631306955135663,0.5,5.744150348618703e-05,-8.088028243946298e-05,64
response_mean,29,20,-2.923154198697375e-07,-0.016277269746291168,0.016277269746291168,0.453125,-7.504364475607872e-06,6.919733635868397e-06,64
final_prompt,24,0,-1.3406727639164728e-07,-0.016272983798930538,0.016272983798930538,0.5,-3.947028737627534e-06,3.678894184844239e-06,64
public_task_span,20,23,-6.54306882097419e-06,-0.016261182150700302,0.016261182150700302,0.5,-0.00015552675938577314,0.00014244062174382474,64
response_first,12,0,-4.536518360964692e-07,-0.01625152533327378,0.01625152533327378,0.484375,-3.1085050977708306e-08,-8.762186212152301e-07,64
response_first,23,2,-4.6845528345290803e-07,-0.01624772646463053,0.01624772646463053,0.5,-6.884174339912084e-06,5.947263773006268e-06,64
response_first,14,26,-1.6216757980924204e-06,-0.016225582675407687,0.016225582675407687,0.5,1.8667013911507586e-05,-2.1910365507692423e-05,64
response_first,21,3,-1.398085572647832e-06,-0.016214968988365757,0.016214968988365757,0.515625,6.33346439826552e-06,-9.129635543561184e-06,64
public_task_span,12,24,2.835592340486287e-06,0.016194010816721578,0.016194010816721578,0.5,2.536783244976443e-05,-1.9696647768791856e-05,64
response_first,11,6,2.0471845267870868e-06,0.01618412810073352,0.01618412810073352,0.484375,8.55257142262363e-06,-4.458202369049456e-06,64
response_mean,32,17,-1.357088535768506e-06,-0.01617057234560685,0.01617057234560685,0.515625,-5.141512417593353e-05,4.8700947104396514e-05,64
final_prompt,1,28,5.377168099940526e-05,0.016151297383726535,0.016151297383726535,0.484375,-3.2691258279968894e-05,0.0001402346202787794,64
public_task_span,8,26,-1.0339254004063605e-05,-0.01613419522707461,0.01613419522707461,0.5,-0.0001337083376711028,0.00011302982966297553,64
response_mean,32,23,-1.6969922000953375e-07,-0.016130123953259363,0.016130123953259363,0.5,3.7728155461991264e-06,-4.112213986218194e-06,64
final_prompt,11,31,-7.204191661005208e-07,-0.016117649038228106,0.016117649038228106,0.5,8.627888632872276e-06,-1.0068726965073318e-05,64
public_task_span,24,23,1.0929140614728161e-06,0.016106876317311784,0.016106876317311784,0.5,-2.230401656788273e-05,2.448984469082836e-05,64
public_task_span,7,4,9.461942340749374e-09,0.016099864574051253,0.016099864574051253,0.546875,-8.59563691335552e-08,1.0488025381505395e-07,64
public_task_span,32,2,-2.4247806777564785e-05,-0.016063729523062616,0.016063729523062616,0.484375,-0.0008063401000981431,0.0007578444865430137,64
response_mean,20,26,8.903881848702316e-06,0.016052456277808484,0.016052456277808484,0.5,-0.00015638495187885989,0.00017419271557626457,64
response_first,31,0,4.5714705265717195e-06,0.01604622569195477,0.01604622569195477,0.515625,-0.00012007461509708813,0.00012921755615023157,64
public_task_span,23,30,-7.555033448624971e-06,-0.01602207912705303,0.01602207912705303,0.5,-0.00021123552187416936,0.0001961254549769194,64
final_prompt,19,25,1.1287473284918395e-06,0.016012938726539718,0.016012938726539718,0.5,-3.2288876411707814e-05,3.4546371068691484e-05,64
response_first,34,30,6.722068974335969e-06,0.01599309891751686,0.01599309891751686,0.5,-0.00023214807060864794,0.0002455922085573199,64
final_prompt,25,2,-2.3004167815088305e-07,-0.01597747818762661,0.01597747818762661,0.5,-1.8062200126678363e-06,1.3461366563660702e-06,64
response_mean,14,12,3.545411161099225e-05,0.01596381650317145,0.01596381650317145,0.5,0.00044478689153494815,-0.0003738786683129637,64
response_first,26,10,-2.0275107814882176e-07,-0.015950630142815607,0.015950630142815607,0.515625,-2.05707922162901e-06,1.6515770653313666e-06,64
public_task_span,26,16,2.8443798782931533e-06,0.01594841697989446,0.01594841697989446,0.515625,-3.298467481726597e-05,3.867343457385228e-05,64
public_task_span,29,27,-2.3576494641026143e-05,-0.015942834117852297,0.015942834117852297,0.484375,-0.0005013375466660397,0.00045418455738398754,64
response_first,20,4,6.4605253555735895e-06,0.01593187371802301,0.01593187371802301,0.515625,-5.00037981510217e-05,6.29248488621689e-05,64
response_mean,18,13,-2.1486987861868445e-05,-0.015914590879497408,0.015914590879497408,0.5,0.000805385188868938,-0.0008483591645926748,64
final_prompt,27,25,-5.2058161600145275e-05,-0.015912854227317894,0.015912854227317894,0.5,-0.00047136795910773127,0.0003672516359074407,64
final_prompt,27,1,-2.0660226596191933e-07,-0.01590677671754373,0.01590677671754373,0.5,-5.016670883151164e-06,4.6034663512273255e-06,64
final_prompt,11,6,2.2445349543466396e-06,0.015876899731498455,0.015876899731498455,0.5,-3.080585827318555e-05,3.529492818187882e-05,64
public_task_span,21,20,-8.500163858109366e-06,-0.01586356480547513,0.01586356480547513,0.5,-0.00019715520011229833,0.0001801548723960796,64
final_prompt,22,14,-2.4534253498133176e-05,-0.01585964508948098,0.01585964508948098,0.5,-0.0005685117266693695,0.0005194432196731031,64
public_task_span,11,9,4.338710990481333e-08,0.01584898547465158,0.01584898547465158,0.5,2.1813460371333806e-07,-1.313603839037114e-07,64
public_task_span,24,17,8.993109418040404e-06,0.015824021176354737,0.015824021176354737,0.5,0.00012479930319386022,-0.00010681308435777938,64
public_task_span,8,24,-5.768610208178754e-05,-0.015806408111175386,0.015806408111175386,0.5,-0.0005431343270174626,0.00042776212285388737,64
response_first,22,16,8.808048050926202e-07,0.015802457271330707,0.015802457271330707,0.5,-2.0068756953147147e-05,2.1830366563332388e-05,64
response_first,29,31,3.133956099077295e-07,0.015799759274103337,0.015799759274103337,0.5,-3.1559831512595338e-06,3.782774371074993e-06,64
response_mean,34,13,1.2648331448872358e-06,0.015793109858712226,0.015793109858712226,0.5,5.329216605783971e-06,-2.799550316009498e-06,64
response_mean,11,27,-9.800610428100333e-06,-0.015777492779230975,0.015777492779230975,0.5,0.0002113529003508832,-0.00023095412120708382,64
public_task_span,22,21,-2.447528345334055e-06,-0.015772351970148826,0.015772351970148826,0.5,-4.12447178632671e-05,3.6349661172599e-05,64
response_mean,7,5,-1.0907036056538136e-06,-0.015760146634744638,0.015760146634744638,0.5,9.281187843154512e-06,-1.1462595054462139e-05,64
response_first,26,5,-1.8635315068848968e-08,-0.01572859640744044,0.01572859640744044,0.5,3.4676356897023204e-08,-7.194698703472113e-08,64
public_task_span,16,22,1.22021415904606e-06,0.015716664619135165,0.015716664619135165,0.5,-2.288276141371117e-05,2.5323189731803295e-05,64
public_task_span,6,16,-6.315204518614608e-05,-0.015714572401269777,0.015714572401269777,0.5,0.0008309243494295435,-0.000957228439801836,64
final_prompt,27,5,1.0681108051388324e-06,0.015701290426150007,0.015701290426150007,0.5,8.493390168986161e-07,1.2868825933790466e-06,64
post_selector,5,23,0.00013047124639342547,0.01569905756983295,0.01569905756983295,0.5,0.002505780559204131,-0.0022448380664172804,64
response_mean,27,4,7.703661253798913e-06,0.01569716752691033,0.01569716752691033,0.5,-0.00019048149692932868,0.0002058888194369265,64
post_selector,20,5,4.0671962779022675e-05,0.015696092896110563,0.015696092896110563,0.484375,-0.0011666478094411814,0.0012479917349992266,64
public_task_span,27,8,-1.3542513443100462e-05,-0.015678244653760977,0.015678244653760977,0.5,-0.0003764916409636397,0.00034940661407743877,64
response_first,5,30,-2.1234799703504095e-05,-0.015677209710439816,0.015677209710439816,0.5,0.0003635596780782063,-0.00040602927748521446,64
public_task_span,32,6,-1.176279272385913e-05,-0.015665910681561396,0.015665910681561396,0.484375,-0.00045906155150986434,0.0004355359660621461,64
post_selector,25,27,9.721484275364849e-06,0.015644489415014635,0.015644489415014635,0.484375,-5.7222173381887984e-05,7.666514193261768e-05,64
post_selector,8,20,-5.961780516373385e-06,-0.01562957068114382,0.01562957068114382,0.53125,-0.00014434629383685302,0.00013242273280410623,64
response_mean,18,28,5.6552457408536635e-05,0.015622503580688792,0.015622503580688792,0.5,0.0009200360200338611,-0.000806931105216788,64
response_mean,30,10,-1.685002700923908e-06,-0.01561542177136741,0.01561542177136741,0.515625,-1.9258474026170507e-05,1.588846862432269e-05,64
public_task_span,10,20,-1.9211303879270356e-05,-0.01561333093142788,0.01561333093142788,0.5,0.00013049594781478527,-0.000168918555573326,64
response_first,35,29,-1.2467472515708238e-05,-0.0156073571199463,0.0156073571199463,0.5,5.1938930482724985e-05,-7.68738755141415e-05,64
public_task_span,34,7,-1.1617822110567957e-05,-0.015595816847989503,0.015595816847989503,0.46875,-0.0004525843378359903,0.00042934869361485443,64
response_first,24,20,1.3730760031187848e-06,0.015593788490356541,0.015593788490356541,0.5,-2.675483477786804e-05,2.9500986784105612e-05,64
response_first,6,19,-0.0001926646364154281,-0.015559794716338221,0.015559794716338221,0.5,0.0016677576204528965,-0.0020530868932837525,64
public_task_span,33,9,-1.49849865920234e-05,-0.015550311718482507,0.015550311718482507,0.5,-0.0004655192324207446,0.0004355492592366978,64
post_selector,5,9,-0.00033229522523470743,-0.015549070081764463,0.015549070081764463,0.5,0.0020072281477041434,-0.002671818598173559,64
public_task_span,18,6,4.952322086639419e-06,0.01553350194990888,0.01553350194990888,0.515625,1.840960288745338e-05,-8.504958714174528e-06,64
response_first,22,15,2.509103069311294e-06,0.015501969745065809,0.015501969745065809,0.5,-5.476435262609887e-06,1.0494641401232478e-05,64
response_first,13,27,-1.5191392321862572e-05,-0.015494114105643022,0.015494114105643022,0.5,-2.4303236386905643e-05,-6.079548256819556e-06,64
final_prompt,21,8,8.262960250249068e-06,0.01549026573660599,0.01549026573660599,0.515625,-8.118585543569841e-05,9.771177593619653e-05,64
final_prompt,29,21,1.1838848195106718e-06,0.015489141432766956,0.015489141432766956,0.484375,-1.2831416370315536e-05,1.5199186009336878e-05,64
final_prompt,11,26,3.0966581334717253e-06,0.015465836088578738,0.015465836088578738,0.484375,-3.526109367157912e-05,4.145440993852258e-05,64
public_task_span,20,1,6.315558835012926e-06,0.015451141849242919,0.015451141849242919,0.5,2.9830240464366034e-06,9.648093623589248e-06,64
response_first,32,12,3.991613993994139e-06,0.015447246635978486,0.015447246635978486,0.515625,-5.245213378657682e-05,6.04353617745651e-05,64
final_prompt,19,24,4.390411376675729e-07,0.015429536690596678,0.015429536690596678,0.5,-1.0694633132857234e-05,1.157271540819238e-05,64
final_prompt,35,15,1.395979143126529e-05,0.015423777109046952,0.015423777109046952,0.5,-0.0002860002787201553,0.0003139198615826859,64
response_first,32,25,-1.6232370967381145e-06,-0.015417728811573904,0.015417728811573904,0.5,1.3904612046639926e-05,-1.7151086240116155e-05,64
response_mean,17,8,1.8933638443733027e-06,0.015412601487327617,0.015412601487327617,0.5,-8.239367161812909e-07,4.6106644049279e-06,64
response_first,6,5,-3.0573999538317213e-05,-0.01540792137536226,0.01540792137536226,0.5,-0.00014218840442480632,8.10404053481719e-05,64
final_prompt,28,14,3.221276188011333e-06,0.015402788545515201,0.015402788545515201,0.515625,7.422100679831616e-05,-6.777845442229351e-05,64
final_prompt,9,25,1.4235631624576775e-06,0.015401371997928914,0.015401371997928914,0.5,5.911509333594958e-06,-3.0643830086796017e-06,64
response_mean,15,31,1.7592562358004656e-06,0.015393006317937542,0.015393006317937542,0.5,-1.6439678688578844e-05,1.9958191160179782e-05,64
public_task_span,17,5,1.290374495965788e-05,0.01537622935669071,0.01537622935669071,0.5,-9.13885005502348e-05,0.00011719599046955058,64
public_task_span,30,22,8.817470188657703e-06,0.015349993453980295,0.015349993453980295,0.515625,-0.00012962111213708788,0.00014725605251440324,64
post_selector,5,25,-0.00014807507977821562,-0.015340248333169165,0.015340248333169165,0.53125,0.0030802119108557027,-0.0033763620704121344,64
final_prompt,22,15,-1.0783243851618661e-05,-0.015335442950854598,0.015335442950854598,0.515625,-0.00021571217621383813,0.0001941456885106008,64
response_mean,14,1,4.135793574282739e-06,0.015335313016160666,0.015335313016160666,0.5,5.904392855882219e-05,-5.077234141025672e-05,64
public_task_span,20,26,1.2463093753470542e-05,0.015334518185088582,0.015334518185088582,0.515625,-0.0002072981242235824,0.0002322243117305235,64
post_selector,35,9,-5.087435783934684e-05,-0.015327310810561384,0.015327310810561384,0.5,-0.0009435678002773749,0.0008418190845986813,64
public_task_span,10,14,-1.361105660180486e-05,-0.015285968745850516,0.015285968745850516,0.484375,-5.821275408387946e-06,-2.1400837795221847e-05,64
public_task_span,1,26,3.4058753954008104e-05,0.015282343738719182,0.015282343738719182,0.5,0.0014062301634111998,-0.0013381126555031837,64
response_first,19,18,2.064555495451259e-07,0.015278526412841019,0.015278526412841019,0.5,-8.630918202356952e-07,1.276002919325947e-06,64
response_first,22,13,-7.57298209918709e-07,-0.01527042671284402,0.01527042671284402,0.53125,-2.9641040896421276e-05,2.8126444476583856e-05,64
final_prompt,20,29,5.651300511996164e-06,0.015268494372701022,0.015268494372701022,0.484375,-1.128123267334888e-05,2.2583833697341208e-05,64
response_mean,14,26,4.876802177022784e-05,0.01526574834376719,0.01526574834376719,0.484375,0.0005051209536759312,-0.00040758491013547545,64
final_prompt,7,14,-7.652283784408523e-06,-0.01526454572758641,0.01526454572758641,0.5,-2.653017872944155e-05,1.1225611160624494e-05,64
response_first,12,11,8.578797292102902e-06,0.015256894675145224,0.015256894675145224,0.484375,-8.733254321667892e-05,0.00010449013780088473,64
post_selector,7,30,2.6565635380387308e-06,0.0152467385800644,0.0152467385800644,0.453125,3.655486193564961e-05,-3.124173485957213e-05,64
response_first,22,7,1.0379562809232971e-06,0.015227153919508862,0.015227153919508862,0.515625,-2.2801101948730164e-06,4.356022756719613e-06,64
response_first,24,2,3.0179950272204086e-06,0.015222187726704235,0.015222187726704235,0.515625,-0.00011934369922526144,0.00012537968927970228,64
final_prompt,23,1,1.3505974720861208e-06,0.015210691771650329,0.015210691771650329,0.5,2.6782037366497173e-05,-2.4080842422324932e-05,64
public_task_span,19,11,-5.598017196460817e-06,-0.015165399276501191,0.015165399276501191,0.5,-7.513472428398781e-05,6.393868989106617e-05,64
public_task_span,7,16,-4.99887946148192e-07,-0.015146205387652625,0.015146205387652625,0.5,2.3907230115582934e-06,-3.390498903854677e-06,64
public_task_span,30,30,-8.685794909985328e-07,-0.015117646093081338,0.015117646093081338,0.5,-3.5003597531575485e-06,1.7632007711604846e-06,64
response_first,20,16,4.4938343890582354e-07,0.01511194273929487,0.01511194273929487,0.546875,-1.8758190023483203e-06,2.7745858801599665e-06,64
public_task_span,22,18,2.6839060183180798e-06,0.01508449396160472,0.01508449396160472,0.5,-5.478386469802811e-05,6.015167673466428e-05,64
response_mean,22,24,-1.2314178547964646e-06,-0.015071283148090043,0.015071283148090043,0.5,-2.3759735086056858e-05,2.129689937646393e-05,64
public_task_span,28,10,-1.5225386050588399e-05,-0.015070517509963096,0.015070517509963096,0.484375,-0.00015462195187863876,0.00012417117977746192,64
response_mean,15,14,-1.2187294039733002e-05,-0.015066661953785835,0.015066661953785835,0.546875,5.802408482224678e-05,-8.239867290171279e-05,64
final_prompt,11,5,2.0179583657413178e-06,0.015064480096378688,0.015064480096378688,0.5,-2.4420597014788226e-05,2.8456513746270867e-05,64
post_selector,16,19,-0.0001648796096560515,-0.015023230154341545,0.015023230154341545,0.46875,0.0013080101634841282,-0.0016377693827962312,64
response_first,32,2,9.26612221974248e-06,0.015023173978117293,0.015023173978117293,0.546875,-0.0003307032886823106,0.00034923553312179556,64
response_first,26,3,1.717687609923038e-06,0.01501995207177242,0.01501995207177242,0.515625,-8.96770302460974e-06,1.2403078244455817e-05,64
response_mean,24,28,2.0412168851184994e-05,0.015018647605598815,0.015018647605598815,0.5,-0.0007607096995343223,0.0008015340372366924,64
public_task_span,31,4,-1.2519137953862153e-05,-0.01500680217730942,0.01500680217730942,0.484375,-0.00035637572591439107,0.0003313374500066667,64
response_first,16,22,1.2352757039479911e-07,0.015000099525037195,0.015000099525037195,0.5,2.1601811539539995e-07,3.103702539419828e-08,64
public_task_span,14,12,-2.3421313244385557e-06,-0.01499400823870732,0.01499400823870732,0.484375,-9.070971259460196e-06,4.386708610583079e-06,64
response_first,21,23,-3.6998847008417973e-06,-0.014988387726793326,0.014988387726793326,0.5,-0.00013503952879999155,0.00012763975939830797,64
public_task_span,17,0,-5.920839384994295e-06,-0.014975343934140968,0.014975343934140968,0.46875,-0.00011179264083692391,9.99509620669353e-05,64
public_task_span,30,9,-1.3723186839343056e-05,-0.014973995635630743,0.014973995635630743,0.484375,-0.00013426247755886535,0.00010681610388017928,64
public_task_span,20,28,-7.6271655871109615e-06,-0.014970407969483924,0.014970407969483924,0.484375,0.0001570409085615854,-0.00017229523973580737,64
public_task_span,9,22,-1.6812356989243574e-05,-0.014962381735900109,0.014962381735900109,0.5,4.467698454391988e-05,-7.830169852240701e-05,64
post_selector,31,10,-4.305589027353527e-05,-0.014940853194560864,0.014940853194560864,0.484375,-0.0007017990792519456,0.000615687298704875,64
response_first,17,13,1.849423636457459e-07,0.014900512465638376,0.014900512465638376,0.515625,-2.3148645666992717e-07,6.013711839614189e-07,64
response_mean,12,21,-4.6561677891077146e-07,-0.014896716762656347,0.014896716762656347,0.515625,-2.33800452633659e-05,2.2448811705544358e-05,64
public_task_span,10,30,-3.0781002351433937e-06,-0.014895702194231622,0.014895702194231622,0.484375,2.6010525061789857e-05,-3.216672553207665e-05,64
response_mean,27,12,1.3298933083680075e-06,0.01488708318309105,0.01488708318309105,0.5,-1.3629336763181951e-05,1.628912337991797e-05,64
public_task_span,27,18,-1.0182214737138409e-05,-0.014886042200080085,0.014886042200080085,0.484375,-0.0003067693933189557,0.0002864049638446789,64
response_mean,5,13,-5.061215915702524e-05,-0.014883086947135854,0.014883086947135854,0.515625,-4.452294888122985e-07,-0.00010077908882523805,64
response_mean,13,2,5.746636770709242e-05,0.014880145048196071,0.014880145048196071,0.484375,-0.000614660897554119,0.0007295936329683036,64
public_task_span,28,22,1.8499937141308633e-05,0.014874323573422964,0.014874323573422964,0.5,-0.0005418282544269395,0.0005788281287095568,64
response_first,13,22,-3.8679360869764423e-07,-0.014863699956562594,0.014863699956562594,0.46875,-4.5766432208438346e-06,3.803056003448546e-06,64
public_task_span,16,0,1.7130056335193773e-05,0.014861943653362223,0.014861943653362223,0.5,0.00021173742220525511,-0.00017747730953486762,64
response_first,11,17,6.015900112289892e-06,0.014833104093586666,0.014833104093586666,0.5,-8.108790098047331e-05,9.31197012050531e-05,64
response_mean,30,22,-1.7282902717857217e-06,-0.014832506293542883,0.014832506293542883,0.5,-2.37699347280755e-05,2.0313354184504056e-05,64
response_mean,17,24,1.838424077504555e-05,0.01482154996882952,0.01482154996882952,0.515625,0.000118751519039503,-8.198303748941187e-05,64
response_first,19,26,-6.07654178086392e-08,-0.014817141473070373,0.014817141473070373,0.5,-1.460739438297054e-06,1.3392086026797756e-06,64
response_mean,27,26,-3.7056424844206993e-06,-0.014813454223830192,0.014813454223830192,0.5,-0.00012629743832802165,0.00011888615335918025,64
response_mean,35,0,7.228296453827008e-06,0.014811506748493422,0.014811506748493422,0.484375,-1.9040962797664546e-06,1.6360689187420426e-05,64
final_prompt,15,12,3.76782401190443e-06,0.014770331973129457,0.014770331973129457,0.5,5.528105702985778e-06,2.0075423208230857e-06,64
response_first,9,11,9.468006041395208e-07,0.014764623469610693,0.014764623469610693,0.5,-2.6463564879003898e-05,2.835716608728294e-05,64
public_task_span,7,23,-6.853876641342102e-06,-0.014749377428403784,0.014749377428403784,0.5,-0.0001024591691702748,8.875141588759058e-05,64
response_first,14,12,-3.612040373468517e-07,-0.014747644932958784,0.014747644932958784,0.5,-1.2141683644273371e-05,1.1419275569579668e-05,64
final_prompt,7,4,1.452225772968775e-08,0.014741883094866279,0.014741883094866279,0.5,-3.899322837952468e-07,4.189767992546223e-07,64
response_first,10,23,-6.587442840091623e-06,-0.014720799277937234,0.014720799277937234,0.484375,-0.00020093004241059445,0.0001877551567304112,64
response_first,30,19,-1.64440479011677e-06,-0.014719285685002128,0.014719285685002128,0.5,-1.601595181455455e-05,1.2727142234321011e-05,64
final_prompt,19,17,7.265508884301152e-06,0.014718979472540859,0.014718979472540859,0.5,-0.00011237673334107823,0.00012690775110968053,64
response_first,20,9,2.9511882360111485e-07,0.014716100081609226,0.014716100081609226,0.515625,-1.727286658592675e-06,2.3175243057949046e-06,64
public_task_span,6,11,-4.224929216434069e-05,-0.014706511272657912,0.014706511272657912,0.5,-0.0003671528356790001,0.0002826542513503187,64
public_task_span,35,22,-2.7290459911454723e-05,-0.014685034076399579,0.014685034076399579,0.5,-0.0004894371068075844,0.000434856186984675,64
final_prompt,28,30,-1.2124387467345984e-06,-0.014681189951464562,0.014681189951464562,0.484375,6.9762205612237155e-06,-9.401098054692909e-06,64
response_first,16,4,9.73243842850482e-07,0.014662623661620987,0.014662623661620987,0.5,1.2754439950414885e-05,-1.080795226471392e-05,64
public_task_span,30,8,-6.118926819454616e-06,-0.014656058866712568,0.014656058866712568,0.484375,-0.0001479278971601009,0.0001356900435211917,64
response_first,29,4,-7.626441401951141e-06,-0.014647579618562381,0.014647579618562381,0.5,-0.0004121572546864206,0.0003969043718825183,64
public_task_span,8,21,-7.979841484480552e-06,-0.01463672447078851,0.01463672447078851,0.484375,-0.00020603369830495205,0.00019007401533599095,64
response_first,31,1,-2.016659124137733e-07,-0.014631144720966249,0.014631144720966249,0.5,-3.4764796197350734e-06,3.073147794907527e-06,64
final_prompt,35,14,1.9362885268510365e-06,0.014599661552140451,0.014599661552140451,0.515625,-4.4298691591380276e-05,4.8171268645082346e-05,64
final_prompt,33,23,2.5690655547800376e-05,0.014555749086381953,0.014555749086381953,0.515625,-0.0007077660011418536,0.0007591473122374544,64
response_mean,15,2,-4.696031464846247e-05,-0.014554054708098318,0.014554054708098318,0.5,6.718585791532194e-05,-0.00016110648721224678,64
response_first,13,29,3.485383103903296e-06,0.014532155494488377,0.014532155494488377,0.53125,-5.796432287751558e-05,6.49350890853222e-05,64
response_first,29,30,-2.686318580913394e-07,-0.014524043597048538,0.014524043597048538,0.484375,1.0074914484903275e-06,-1.544755164673006e-06,64
public_task_span,10,27,-6.768810408176159e-06,-0.014508067983768635,0.014508067983768635,0.5,-0.00010017065619649314,8.663303538014082e-05,64
final_prompt,25,14,-7.4341510298872645e-06,-0.014494998226380435,0.014494998226380435,0.5,-0.00018052068026007677,0.00016565237820030226,64
response_first,31,19,1.2722558295751695e-06,0.014479002728408956,0.014479002728408956,0.5,-1.9928869278370114e-05,2.2473380937520453e-05,64
post_selector,0,4,0.00017251974350074046,0.014469475492417372,0.014469475492417372,0.5,0.0032290652015944873,-0.0028840257145930064,64
response_mean,20,4,7.618669496878161e-05,0.01441710631780705,0.01441710631780705,0.5,0.0014319972833618435,-0.0012796238934242804,64
response_first,27,8,5.491683339187148e-07,0.014411727137900867,0.014411727137900867,0.53125,-8.990749904569384e-06,1.0089086572406814e-05,64
final_prompt,23,19,-2.2049360381970484e-07,-0.014409229254446664,0.014409229254446664,0.515625,-4.686153907584867e-06,4.245166699945457e-06,64
public_task_span,21,30,1.5809566548334194e-05,0.01439737084496549,0.01439737084496549,0.484375,-7.429998868247796e-05,0.00010591912177914639,64
final_prompt,12,14,7.45859240680429e-06,0.014395100067825005,0.014395100067825005,0.5,-2.0034875234386687e-05,3.4952060047995276e-05,64
public_task_span,17,13,3.496516683304677e-06,0.01439192797091296,0.01439192797091296,0.515625,1.1016705229851436e-05,-4.023671863242065e-06,64
response_mean,30,15,4.70154503774374e-07,0.01438000209293041,0.01438000209293041,0.5,-2.685851541149377e-07,1.2088941616636858e-06,64
response_mean,17,6,5.191037303120748e-06,0.014375563962232697,0.014375563962232697,0.515625,-6.496463140592635e-05,7.534670601216783e-05,64
public_task_span,18,11,1.013737369249189e-05,0.014361286035582317,0.014361286035582317,0.5,4.157069110987756e-05,-2.1295943724893827e-05,64
response_first,33,21,-4.93678408019695e-06,-0.014358770344700865,0.014358770344700865,0.5,-0.0002902055966842043,0.0002803320285238103,64
response_first,14,9,9.550340223546928e-06,0.014355142427573485,0.014355142427573485,0.5,-5.2133483450235964e-05,7.12341638973298e-05,64
response_first,11,7,1.2276055940686762e-06,0.014348818091280505,0.014348818091280505,0.5,-1.7759845832184773e-05,2.0215057020322128e-05,64
final_prompt,1,15,2.2910252823721827e-06,0.014342291427288023,0.014342291427288023,0.5,-2.6862009462997858e-05,3.144406002774223e-05,64
final_prompt,18,18,8.640653742726754e-06,0.014342191576593919,0.014342191576593919,0.5,0.00017481648758986646,-0.00015753518010441298,64
public_task_span,12,28,3.424052238189387e-06,0.014340946515668427,0.014340946515668427,0.515625,1.2720794529734047e-05,-5.872690053355288e-06,64
response_first,16,10,4.561185740215021e-08,0.014331432521057062,0.014331432521057062,0.515625,-8.123345978106045e-07,9.035583126149049e-07,64
public_task_span,30,25,-5.235167918724299e-06,-0.01431505787429739,0.01431505787429739,0.5,-0.00010305862883796624,9.258829300051762e-05,64
public_task_span,35,23,-2.0243956896588784e-05,-0.014306915886217953,0.014306915886217953,0.484375,-0.00019757035079237377,0.00015708243699919623,64
response_first,35,20,-4.47058528152377e-06,-0.014296596676387134,0.014296596676387134,0.5,-0.00016748186226320824,0.00015854069170016067,64
response_first,23,18,-2.3562409623423264e-07,-0.014283399521406693,0.014283399521406693,0.5,-3.2134644598613704e-06,2.742216267392905e-06,64
response_first,7,20,-1.544296821976889e-06,-0.014276159385516166,0.014276159385516166,0.5,-3.7566059063464303e-06,6.680122623926574e-07,64
public_task_span,15,30,-6.111046786829656e-06,-0.014272287535892922,0.014272287535892922,0.5,-5.979467186988181e-05,4.757257829622251e-05,64
response_mean,10,2,-2.5498111426737212e-06,-0.014257555784816994,0.014257555784816994,0.5,3.616835329007256e-06,-8.716457614354704e-06,64
response_mean,30,31,-5.802016147537781e-07,-0.014256581795790075,0.014256581795790075,0.5,-1.1492360698637543e-05,1.0331957469129988e-05,64
public_task_span,24,25,7.834382995497556e-05,0.014241209494869737,0.014241209494869737,0.5,-0.002081343343888843,0.0022380310037987934,64
response_mean,31,10,7.782154398222297e-06,0.014231894079588069,0.014231894079588069,0.515625,-3.7882725337122065e-05,5.3447034133566624e-05,64
response_first,12,2,-9.49293990970568e-07,-0.014197528052452005,0.014197528052452005,0.5,-1.7038688611126354e-06,-1.9471912082850148e-07,64
public_task_span,9,31,9.349395191371647e-06,0.014187114212288863,0.014187114212288863,0.5,0.00016240427434332703,-0.00014370548396058373,64
response_first,9,15,3.257663411204427e-05,0.014181693745220119,0.014181693745220119,0.5,0.00022445922149926572,-0.0001593059532751771,64
response_first,19,0,1.5686851071464319e-06,0.014178930274375907,0.014178930274375907,0.46875,1.32106931118884e-05,-1.0073322897595535e-05,64
public_task_span,16,8,8.384282637042867e-07,0.014166866289691818,0.014166866289691818,0.515625,-1.488978568885222e-06,3.1658350962937956e-06,64
final_prompt,35,20,6.665962700933672e-06,0.014144648361198735,0.014144648361198735,0.5,-9.075693924387072e-05,0.00010408886464573805,64
final_prompt,9,14,-1.7835214976004882e-06,-0.01413474033335173,0.01413474033335173,0.5,-1.013501719171825e-05,6.567974196517271e-06,64
response_first,19,2,2.5380934260982617e-06,0.014121296065863662,0.014121296065863662,0.515625,4.292574479336203e-05,-3.7849557941165514e-05,64
public_task_span,22,24,-1.1147418490504427e-06,-0.014118067892699596,0.014118067892699596,0.46875,-2.965522753583755e-05,2.742574383773666e-05,64
final_prompt,18,1,5.105765922058706e-06,0.01410881751712701,0.01410881751712701,0.5,6.269885125220493e-05,-5.2487319408087525e-05,64
post_selector,2,12,-3.446276150498648e-05,-0.014108522555972265,0.014108522555972265,0.5,-7.772858953103751e-05,8.803066521064526e-06,64
final_prompt,34,23,-5.646052443353251e-07,-0.014087651916014632,0.014087651916014632,0.53125,2.3543170186712814e-06,-3.4835275073419325e-06,64
response_first,13,11,5.8321921869667e-07,0.014084999210114905,0.014084999210114905,0.5,3.5198659986665367e-06,-2.3534275612731975e-06,64
final_prompt,16,11,2.406021053502627e-07,0.014082277294156686,0.014082277294156686,0.515625,-2.6795732424034213e-06,3.1607774531039468e-06,64
response_first,24,24,-1.7462150026407838e-05,-0.014076049383902414,0.014076049383902414,0.5,2.426692299195938e-05,-5.919122304477501e-05,64
response_mean,16,0,1.0953159147670752e-05,0.014069476292727348,0.014069476292727348,0.5,9.727362692046079e-05,-7.536730862511932e-05,64
final_prompt,11,2,2.3692779905098866e-05,0.0140591005965263,0.0140591005965263,0.5,-0.0002608170962048422,0.00030820265601503986,64
response_first,1,29,1.7558472791271e-05,0.014039344976508404,0.014039344976508404,0.5,-0.0002849681395673511,0.0003200850851498931,64
final_prompt,15,31,4.6161277822420743e-07,0.014034275545722537,0.014034275545722537,0.5,-3.3632917961767812e-06,4.2865173526251965e-06,64
public_task_span,24,20,2.1331727566616975e-06,0.014032262797675391,0.014032262797675391,0.5,-4.0665878827882196e-05,4.493222434120558e-05,64
response_mean,18,31,2.7759615477406203e-05,0.014019658684261395,0.014019658684261395,0.5,0.00046185262908691104,-0.0004063333981320986,64
response_mean,17,16,-1.5048310956444447e-05,-0.014005857780311812,0.014005857780311812,0.5,7.422031262648959e-05,-0.00010431693453937848,64
public_task_span,29,2,-2.7664704248309325e-05,-0.013983379875251785,0.013983379875251785,0.5,-0.0009150495370704312,0.0008597201285738126,64
response_mean,32,25,-3.3737514968408844e-06,-0.013968001099988858,0.013968001099988858,0.5,2.8982413823535953e-05,-3.572991681721772e-05,64
final_prompt,18,3,1.116221071129765e-06,0.013958280853411855,0.013958280853411855,0.5,6.000034574066822e-06,-3.7675924318072913e-06,64
post_selector,5,7,-5.521942398445552e-05,-0.013842167273581734,0.013842167273581734,0.5,0.0009249921035916574,-0.0010354309515605686,64
final_prompt,29,29,1.1709295506515188e-06,0.01383859900537034,0.01383859900537034,0.5,1.222776916164918e-05,-9.885910060346143e-06,64
public_task_span,3,9,7.300530705833737e-05,0.013837970101733602,0.013837970101733602,0.53125,0.00033071637153625315,-0.00018470575741957816,64
public_task_span,8,1,-4.1361979583579255e-06,-0.013819497388848393,0.013819497388848393,0.484375,3.6247351090419257e-05,-4.451974700713513e-05,64
response_first,33,24,-2.0212209506100723e-06,-0.013798077459731975,0.013798077459731975,0.46875,-7.754741886862462e-06,3.7122999856423223e-06,64
public_task_span,31,15,-2.4050434831223507e-05,-0.01379502916139098,0.01379502916139098,0.5,-0.0005323289062744059,0.000484228036611959,64
final_prompt,17,25,-5.06578082592794e-07,-0.013781098473991083,0.013781098473991083,0.515625,-8.834521835864959e-06,7.82136567067937e-06,64
final_prompt,19,30,9.251768688040192e-06,0.013779659369123858,0.013779659369123858,0.5,0.00038769005413992675,-0.0003691865167638463,64
final_prompt,26,13,-2.7123933250555195e-06,-0.013772404087745887,0.013772404087745887,0.5,-0.00011873998494135568,0.00011331519829124467,64
public_task_span,34,23,-3.0228193281800486e-07,-0.01377051296637976,0.01377051296637976,0.5,2.6844908802559075e-06,-3.2890547458919173e-06,64
response_mean,9,2,-2.834447968783657e-06,-0.013768628266037428,0.013768628266037428,0.5,-6.474877136496722e-05,5.907987542739989e-05,64
final_prompt,21,22,-5.095570116964797e-07,-0.013768298215483261,0.013768298215483261,0.5,-1.3595212067228725e-05,1.2576098043835765e-05,64
response_first,34,20,-4.893058189736621e-07,-0.013753771068088044,0.013753771068088044,0.5,4.865393890440828e-06,-5.844005528388152e-06,64
response_first,11,11,-3.3619197665790722e-06,-0.013743379518748,0.013743379518748,0.5,-2.783480226753605e-05,2.111096273437791e-05,64
public_task_span,34,16,-5.1060178520833945e-06,-0.01373873310348758,0.01373873310348758,0.484375,-0.00011417229870856353,0.00010396026300439673,64
response_mean,11,16,-5.7503653806639126e-05,-0.013738080378072618,0.013738080378072618,0.5,0.0003891682281391562,-0.0005041755357524345,64
response_first,26,12,1.3544757848670311e-06,0.0137242200895716,0.0137242200895716,0.515625,-5.243210102888815e-05,5.5141052598622214e-05,64
response_mean,28,26,1.5072561154738645e-07,0.013723123376450179,0.013723123376450179,0.5,-3.514126234449577e-06,3.81557745754435e-06,64
public_task_span,8,30,-7.947936637716559e-07,-0.01370915942782761,0.01370915942782761,0.46875,-8.704114748065826e-06,7.114527420522517e-06,64
final_prompt,34,27,5.502613760187278e-07,0.01367943598807955,0.01367943598807955,0.5,2.7574873229216123e-06,-1.6569645708841563e-06,64
public_task_span,28,1,-3.6634369280436235e-06,-0.013679080745396553,0.013679080745396553,0.5,-0.0001669165462771849,0.00015958967242109766,64
response_first,28,29,-8.826861517255797e-07,-0.01367342532337482,0.01367342532337482,0.5,1.6029886182917365e-06,-3.368360921742893e-06,64
public_task_span,9,16,-1.4178396213536873e-05,-0.013671673140628783,0.013671673140628783,0.484375,0.00033459767655584537,-0.0003629544689829191,64
response_first,25,6,1.943501729333344e-06,0.013670425267059982,0.013670425267059982,0.515625,-7.545250105065689e-05,7.933950450932358e-05,64
response_first,11,4,-3.333649146952375e-06,-0.013661244807323562,0.013661244807323562,0.5,6.19711177023406e-05,-6.863841599624533e-05,64
response_first,14,7,1.1294051091678181e-05,0.01365533724555673,0.01365533724555673,0.515625,-0.00022409317944038846,0.0002466812816237448,64
response_mean,9,22,5.102474824525156e-05,0.013654897741628369,0.013654897741628369,0.515625,0.00011820015424744592,-1.6150657756942838e-05,64
public_task_span,6,2,-1.6805191535242635e-05,-0.013649359019905903,0.013649359019905903,0.484375,0.00017490291156718805,-0.00020851329463767327,64
response_mean,34,17,4.981120355296213e-06,0.01363606500920631,0.01363606500920631,0.5625,-0.00021536223039217157,0.000225324471102764,64
response_mean,30,5,8.070389299072288e-07,0.013632380676394266,0.013632380676394266,0.515625,-1.6434458984798985e-05,1.8048536844613442e-05,64
response_first,23,3,3.8643395328108454e-07,0.01362835136549561,0.01362835136549561,0.5,-2.6511191890676855e-06,3.4239870956298546e-06,64
response_mean,18,4,4.605411959345606e-06,0.01361649845913517,0.01361649845913517,0.5,-1.0956697224166871e-05,2.0167521142858067e-05,64
public_task_span,34,2,-2.148751354979776e-05,-0.013599188847249696,0.013599188847249696,0.5,-0.0008233537455452938,0.0007803787184456982,64
final_prompt,25,15,-1.0460425755808909e-05,-0.013596360009624857,0.013596360009624857,0.5,-0.00024952297189884,0.00022860212038722222,64
response_first,34,6,7.416079824905486e-06,0.01355940948611887,0.01355940948611887,0.5,-0.00023418182900058001,0.00024901398865039096,64
response_first,9,17,1.6679357486283896e-05,0.013521373373026842,0.013521373373026842,0.484375,-0.0001473621714467233,0.0001807208864192911,64
public_task_span,25,17,-1.0312134577372257e-06,-0.013520667173093779,0.013520667173093779,0.484375,-2.0885559138149017e-05,1.8823132222674564e-05,64
final_prompt,32,0,1.9093176888412272e-05,0.013513981378451128,0.013513981378451128,0.53125,-0.000504284256749084,0.0005424706105259087,64
post_selector,7,7,3.257754372927694e-07,0.013499553798899338,0.013499553798899338,0.46875,-1.2404161058307317e-06,1.891966980416271e-06,64
public_task_span,14,27,-1.1183233254996364e-05,-0.013495456687655002,0.013495456687655002,0.5,4.448896152097684e-05,-6.685542803096954e-05,64
final_prompt,11,7,1.5603274050585074e-06,0.01349099515242773,0.01349099515242773,0.5,-2.859975381851324e-05,3.1720408628630256e-05,64
response_mean,12,31,1.3316493607363063e-05,0.01347744161583124,0.01347744161583124,0.5,-0.000286445088931927,0.00031307807614665316,64
response_mean,35,15,9.73505484580156e-06,0.013464286179265823,0.013464286179265823,0.5,-0.0003936284301744099,0.0004130985398660131,64
public_task_span,22,28,-1.3656022929354558e-05,-0.01345348504115219,0.01345348504115219,0.484375,-0.0004557363954518038,0.00042842434959309466,64
final_prompt,23,9,-6.7197531734566345e-06,-0.013447740801378503,0.013447740801378503,0.5,0.0002025205785684874,-0.00021596008491540065,64
response_first,27,4,2.5694393457322356e-06,0.013447465190089823,0.013447465190089823,0.5,-5.678777631600433e-05,6.19266550074688e-05,64
response_first,25,15,-2.8918560701623088e-06,-0.013444322752800579,0.013444322752800579,0.5,4.921786853628754e-05,-5.5001580676612165e-05,64
response_first,17,23,6.587693803786795e-07,0.013443690228571151,0.013443690228571151,0.5,-9.40963786888096e-06,1.0727176629638318e-05,64
response_first,33,20,1.4006802643968841e-05,0.013442871330414486,0.013442871330414486,0.53125,-0.0005258602072899294,0.0005538738125778671,64
response_mean,2,31,-2.5558082370478834e-05,-0.013431299209338363,0.013431299209338363,0.515625,0.0001954597914846064,-0.0002465759562255641,64
public_task_span,21,1,-3.3643891583778895e-07,-0.013396236417850881,0.013396236417850881,0.515625,2.2077128392083978e-06,-2.8805906708839757e-06,64
public_task_span,26,21,4.552444750061113e-07,0.013392708138167729,0.013392708138167729,0.515625,-8.688820571478573e-06,9.599309521490795e-06,64
response_mean,14,5,1.9348917476232335e-05,0.013389973881898153,0.013389973881898153,0.515625,-0.00020148842895650887,0.00024018626390897354,64
response_first,25,17,2.2610427663494193e-07,0.013368975149547834,0.013368975149547834,0.5,-6.847423136946418e-06,7.299631690216302e-06,64
final_prompt,27,12,4.502251385926375e-06,0.0133658637826069,0.0133658637826069,0.5,-5.744987788602458e-05,6.645438065787734e-05,64
post_selector,15,2,-3.146775270578327e-05,-0.013364829169256848,0.013364829169256848,0.453125,0.0006044296460459001,-0.0006673651514574669,64
response_mean,19,5,-6.560899691977641e-06,-0.013361737806040703,0.013361737806040703,0.484375,-5.452879941003472e-05,4.140700002607946e-05,64
response_mean,22,30,-3.0136737905155352e-06,-0.013353623565861531,0.013353623565861531,0.5,-6.02623880467808e-05,5.423504046574974e-05,64
public_task_span,16,15,1.85992139449797e-05,0.013346659103404105,0.013346659103404105,0.5,-0.00030055312527110003,0.00033775155316105934,64
response_first,11,16,-7.036514034553274e-05,-0.013345449412265554,0.013345449412265554,0.5,-0.0003263848229835438,0.00018565454229247806,64
response_first,15,7,1.5859789925790154e-06,0.013322226842499264,0.013322226842499264,0.515625,-1.0069545055557805e-05,1.324150304071583e-05,64
public_task_span,16,11,-3.840584952286008e-07,-0.01332197158498333,0.01332197158498333,0.484375,3.7623070738845854e-06,-4.530424064341787e-06,64
final_prompt,14,12,9.82773065060931e-06,0.013320089083171406,0.013320089083171406,0.5,-0.00023884388906480908,0.0002584993503660277,64
response_first,17,2,8.170346461601134e-07,0.013313941709236476,0.013313941709236476,0.515625,1.0433634542993667e-06,5.907058380208602e-07,64
final_prompt,2,27,-6.510957746289217e-07,-0.013310204058573628,0.013310204058573628,0.5,3.1653411269874595e-06,-4.467532676245303e-06,64
response_mean,35,16,-1.645971451575209e-06,-0.013297693140165427,0.013297693140165427,0.5,-4.135158405914147e-06,8.432155027637276e-07,64
response_first,9,13,-2.1505930135383677e-05,-0.013270335614022476,0.013270335614022476,0.5,5.255305404716725e-05,-9.556491431793462e-05,64
public_task_span,17,12,4.152572614656548e-06,0.01326919761009923,0.01326919761009923,0.5,-7.641992237949706e-05,8.472506760881014e-05,64
public_task_span,24,26,2.5924502551778137e-05,0.013232345013121457,0.013232345013121457,0.5,-0.00109107039679655,0.0011429194019001063,64
response_first,12,4,-2.368288960495785e-06,-0.013229566953438979,0.013229566953438979,0.484375,-4.799878547599823e-05,4.3262207555006656e-05,64
response_first,21,20,-2.8996877290412423e-06,-0.013220950994618026,0.013220950994618026,0.5,-0.00013513040380528575,0.00012933102834720327,64
response_first,8,4,4.185606030658122e-06,0.013211320634719722,0.013211320634719722,0.484375,-0.00010163432943953167,0.00011000554150084789,64
response_first,19,15,9.56207941271177e-07,0.013202704615174369,0.013202704615174369,0.5,-2.0387426502542827e-06,3.951158532796635e-06,64
response_first,12,26,-2.2645463104713554e-06,-0.013163090972997,0.013163090972997,0.515625,-3.438801900300992e-05,2.9858926382067205e-05,64
response_first,20,23,-3.5899619987844723e-07,-0.013156611598223416,0.013156611598223416,0.5,-8.720904091319426e-06,8.002911691562531e-06,64
final_prompt,16,8,9.64532091528972e-07,0.013139246793417903,0.013139246793417903,0.5,-2.44031643887761e-05,2.633222857183405e-05,64
final_prompt,26,15,3.147944289594843e-05,0.01313388821870761,0.01313388821870761,0.515625,-0.0012628789618247236,0.0013258378476166204,64
public_task_span,32,3,-2.0313715140217112e-05,-0.013128636344278851,0.013128636344278851,0.5,-0.0008899510467017325,0.0008493236164212985,64
public_task_span,21,8,2.6153839343132742e-06,0.013114713044496278,0.013114713044496278,0.484375,6.56481203407059e-05,-6.041735247207934e-05,64
final_prompt,29,25,8.664553570269211e-05,0.013081482408311572,0.013081482408311572,0.53125,-0.001981839013751603,0.0021551300851569877,64
response_first,32,1,-1.069261145404703e-06,-0.01304865782288025,0.01304865782288025,0.5,-3.4279185570079975e-05,3.214066327927057e-05,64
post_selector,26,25,1.5912730304981168e-05,0.013046649507192342,0.013046649507192342,0.5625,0.00013979934192319104,-0.00010797388131322869,64
final_prompt,26,16,-4.5774022510190746e-06,-0.013036706853052069,0.013036706853052069,0.5,5.4199677833811596e-05,-6.335448233584974e-05,64
response_first,21,31,-6.715605760377359e-07,-0.013018676399919321,0.013018676399919321,0.515625,-1.528275531725573e-05,1.3939634165180255e-05,64
final_prompt,2,13,-3.747136929627586e-06,-0.01300602372229466,0.01300602372229466,0.5,7.491508654311512e-05,-8.240936040237029e-05,64
public_task_span,1,17,1.5423167496926293e-05,0.012997209748329875,0.012997209748329875,0.5,0.00027477313415147505,-0.0002439267991576224,64
response_first,19,27,-1.067632231510629e-07,-0.012985571058107919,0.012985571058107919,0.515625,-2.497803812451238e-06,2.2842773661491123e-06,64
response_mean,17,13,3.389576491484952e-06,0.012977737768983151,0.012977737768983151,0.484375,-4.8951619419316436e-05,5.573077240228633e-05,64
final_prompt,35,31,-1.985823246286224e-06,-0.012961862197171893,0.012961862197171893,0.46875,-3.653739895525462e-05,3.256575246268218e-05,64
response_mean,30,4,-2.1684210196246177e-06,-0.012954444993987619,0.012954444993987619,0.5,-3.051996350221719e-05,2.618312146296795e-05,64
response_mean,23,25,2.170119728359989e-06,0.012950910280563074,0.012950910280563074,0.484375,3.315074991403142e-06,1.0251644653168328e-06,64
response_mean,17,12,8.093724431995286e-06,0.012944323127954589,0.012944323127954589,0.5,-0.00021732997561230177,0.00023351742447629228,64
response_mean,12,29,4.411480745150425e-06,0.012944225324908146,0.012944225324908146,0.5,-0.00014623834704251027,0.0001550613085328111,64
public_task_span,11,3,-3.148828363919371e-05,-0.012937652823743975,0.012937652823743975,0.5,-0.0009399402588314656,0.000876963691553078,64
final_prompt,17,27,-4.465072379388546e-06,-0.012933462498511716,0.012933462498511716,0.5,-4.2022227262350945e-05,3.309208250357384e-05,64
public_task_span,25,31,-7.013638423815365e-06,-0.012931881454539459,0.012931881454539459,0.5,-9.634544767322957e-05,8.231817082559886e-05,64
public_task_span,29,8,-2.3714608232654533e-06,-0.012931104034795865,0.012931104034795865,0.5,-0.0001267282573280406,0.00012198533568150965,64
response_mean,10,14,4.862453715759687e-05,0.012907912805668938,0.012907912805668938,0.5,-0.0007790464951540186,0.0008762955694692126,64
response_first,25,1,-3.8007928537808766e-07,-0.012901768076220241,0.012901768076220241,0.5,-3.5234887292290296e-06,2.7633301584728542e-06,64
final_prompt,10,28,-3.594110921773604e-06,-0.01289499755668582,0.01289499755668582,0.5,6.786807443858391e-05,-7.505629628213112e-05,64
final_prompt,21,21,-4.256634866790916e-07,-0.012893658685793325,0.012893658685793325,0.5,-3.824615276923097e-06,2.973288303564914e-06,64
response_mean,18,16,-3.173778850391575e-06,-0.01288760162805725,0.01288760162805725,0.484375,-2.1073802827232526e-05,1.4726245126449379e-05,64
response_first,3,22,-1.5981305750755465e-05,-0.012872779663722078,0.012872779663722078,0.484375,-0.00016791531470515677,0.00013595270320364581,64
response_first,27,21,1.1325738853390027e-06,0.012846036102040218,0.012846036102040218,0.5,-1.7372517334024336e-05,1.963766510470234e-05,64
final_prompt,33,22,-8.303454251288113e-06,-0.012821557800413932,0.012821557800413932,0.515625,-0.00027693421179718575,0.00026032730329460956,64
final_prompt,35,29,-8.487636478094623e-06,-0.012788776498649733,0.012788776498649733,0.5,-7.1240556280851544e-06,-9.851217328104119e-06,64
final_prompt,8,9,-2.3205078747423613e-08,-0.012749619702514321,0.012749619702514321,0.484375,4.3273779226638e-07,-4.791479497612272e-07,64
public_task_span,9,4,-6.257425297916499e-07,-0.012748400138317491,0.012748400138317491,0.5,-5.673403848049347e-06,4.421918788466047e-06,64
public_task_span,23,10,1.0795164143926472e-05,0.012740223448029908,0.012740223448029908,0.5,-0.00025848454788502,0.0002800748761728729,64
public_task_span,27,2,-3.1015042623039346e-07,-0.012737809085417454,0.012737809085417454,0.484375,-1.027192354285944e-05,9.651622690398654e-06,64
public_task_span,19,15,5.297372808857546e-06,0.01273748666552293,0.01273748666552293,0.5,9.520094727121219e-05,-8.460620165349708e-05,64
public_task_span,29,13,-1.3805670420182396e-06,-0.012719679235094478,0.012719679235094478,0.5,-3.5760674137451974e-05,3.29995400534155e-05,64
public_task_span,35,16,-9.676394938662605e-07,-0.012717085791152698,0.012717085791152698,0.46875,-2.5418250288563027e-05,2.3482971300830506e-05,64
response_mean,16,5,-2.6238438408659302e-06,-0.012710038692900643,0.012710038692900643,0.53125,7.571058745268732e-05,-8.095827513441919e-05,64
public_task_span,30,7,-5.410469384518715e-06,-0.012702117269240571,0.012702117269240571,0.5,1.171785697800528e-06,-1.1992724466837969e-05,64
response_first,9,29,7.754806652826106e-06,0.012694641754415273,0.012694641754415273,0.515625,-1.4899135081239723e-05,3.0408748386891925e-05,64
response_mean,18,24,9.994723143331433e-06,0.012679363498564597,0.012679363498564597,0.546875,-7.216327935565637e-05,9.215272564231923e-05,64
response_first,7,1,-2.936652663273038e-06,-0.01267750208442296,0.01267750208442296,0.5,-3.760687650356331e-05,3.173357117701724e-05,64
post_selector,35,10,3.9574497350259396e-05,0.012670915138007686,0.012670915138007686,0.5,-0.0006731486901116939,0.0007522976848122124,64
final_prompt,16,25,1.1668079423541783e-05,0.01266732462851958,0.01266732462851958,0.5,-0.00020720221436931703,0.0002305383732164006,64
final_prompt,7,6,-3.3635128815490134e-07,-0.012659375377474077,0.012659375377474077,0.515625,-1.0370764812250854e-05,9.698062235941052e-06,64
response_first,33,1,1.646724911096085e-06,0.012642978834042484,0.012642978834042484,0.5,-5.657524150136531e-05,5.9868691323557486e-05,64
final_prompt,27,30,5.9907787544941364e-05,0.012642676189840364,0.012642676189840364,0.53125,-0.0012327420081419285,0.0013525575832318115,64
response_first,10,6,-9.262649882656343e-06,-0.012642270410925907,0.012642270410925907,0.5,-0.00020710065427919673,0.00018857535451388403,64
response_first,9,0,-4.3774342373126274e-08,-0.012622111927988185,0.012622111927988185,0.5,-8.235752275709274e-07,7.360265428246748e-07,64
response_first,35,10,2.7396022233005587e-06,0.012610643651322914,0.012610643651322914,0.515625,-6.629745826101685e-05,7.177666270761797e-05,64
response_first,9,30,9.973176129038364e-08,0.012605794526780428,0.012605794526780428,0.5,1.2694488870368392e-06,-1.069985364456072e-06,64
response_mean,12,9,5.100014014662561e-06,0.012601498116363144,0.012601498116363144,0.484375,-6.347035447616716e-05,7.367038250549228e-05,64
response_mean,17,21,-7.597072453785737e-06,-0.01255529983554875,0.01255529983554875,0.46875,-0.00010562700481386182,9.043285990629034e-05,64
response_mean,13,17,-1.3728350495507592e-05,-0.012554962924748303,0.012554962924748303,0.515625,-9.719232502902834e-05,6.973562403801315e-05,64
response_first,19,7,-3.7151735341479592e-06,-0.012551580473322561,0.012551580473322561,0.5,-8.701541355548344e-05,7.958506648718755e-05,64
response_first,27,14,1.0228366591042412e-05,0.01254685448903248,0.01254685448903248,0.5,-0.00033713578341118186,0.00035759251659326675,64
response_mean,19,0,2.7489470085128695e-05,0.01253037318001361,0.01253037318001361,0.546875,-7.593155351060736e-05,0.0001309104936808648,64
response_first,12,10,9.261692923697477e-06,0.012529342793886705,0.012529342793886705,0.5,0.000136607328499838,-0.00011808394265244303,64
final_prompt,14,19,2.018919076363241e-06,0.012519010437091896,0.012519010437091896,0.484375,-2.1389294033716152e-05,2.5427132186442638e-05,64
response_mean,28,4,-1.3872164572563146e-06,-0.012517932617687487,0.012517932617687487,0.46875,-2.8271122062039036e-05,2.5496689147526406e-05,64
response_first,19,4,-4.405204890646102e-06,-0.012502649964718919,0.012502649964718919,0.484375,-0.00015954822174533729,0.00015073781196404506,64
response_first,18,16,1.4065516040773234e-07,0.012501612278263942,0.012501612278263942,0.515625,2.1509972683020355e-06,-1.8696869474865707e-06,64
final_prompt,24,20,3.3143165865140647e-06,0.012478152794908066,0.012478152794908066,0.5,-5.909525793867812e-05,6.572389111170626e-05,64
public_task_span,7,12,-1.0971441952281948e-05,-0.012473164537475443,0.012473164537475443,0.5,8.639773659523452e-05,-0.00010834062049979842,64
public_task_span,24,27,7.111673403414917e-05,0.012442947723634072,0.012442947723634072,0.515625,-0.0015164584037847735,0.0016586918718530718,64
public_task_span,6,10,-1.2602505194080822e-05,-0.01244169095862754,0.01244169095862754,0.46875,-0.00018468261441739162,0.00015947760402922995,64
final_prompt,28,12,2.4644536551929436e-05,0.012431976340725046,0.012431976340725046,0.515625,-0.00015173793326539009,0.00020102700636924904,64
response_mean,18,17,8.057367679726042e-05,0.012399760460604403,0.012399760460604403,0.5,-0.0016154611106457934,0.0017766084642403142,64
response_first,21,17,1.8105975243532415e-06,0.012377256334329168,0.012377256334329168,0.5,2.632045007543854e-05,-2.2699255026732053e-05,64
response_mean,33,22,-2.725752210607189e-06,-0.012370976923790305,0.012370976923790305,0.5,-0.00016617393930571273,0.00016072243488449834,64
final_prompt,15,0,8.174222784876705e-06,0.012370915439588688,0.012370915439588688,0.5,-8.195810460164694e-05,9.830655017140029e-05,64
final_prompt,30,18,-4.0440452266848415e-06,-0.012362397373475968,0.012362397373475968,0.5,-0.00012858579975726211,0.00012049770930389246,64
post_selector,0,27,-8.597875421401742e-05,-0.012359974594085736,0.012359974594085736,0.53125,-0.002155021793441847,0.0019830642850138126,64
public_task_span,18,1,7.014380571484516e-06,0.012356628306655664,0.012356628306655664,0.5,-0.00011255232857366782,0.00012658108971663686,64
response_first,34,15,1.010730920825238e-05,0.012326166801131635,0.012326166801131635,0.5,-0.0002453480301483024,0.0002655626485648072,64
response_first,17,0,-2.1408146153575157e-06,-0.01232301885773839,0.01232301885773839,0.5,-6.744186856620765e-05,6.31602393354926e-05,64
final_prompt,30,31,-5.088559760223226e-07,-0.012316641753957636,0.012316641753957636,0.5,-1.8685175859899513e-05,1.7667463907854868e-05,64
public_task_span,29,26,-4.0935663491837616e-05,-0.012313651137619308,0.012313651137619308,0.484375,-0.0009267176810681051,0.00084484635408443,64
public_task_span,7,26,4.0119325603899325e-06,0.012307487904419982,0.012307487904419982,0.5,1.1644078767849196e-05,-3.620213647069358e-06,64
response_mean,18,23,-5.171994189368906e-05,-0.012266394087636004,0.012266394087636004,0.515625,-0.001586761258295151,0.0014833213745077728,64
public_task_span,16,7,1.8183842257715617e-05,0.012262379906216562,0.012262379906216562,0.5,0.00034307758687645933,-0.00030670990236102814,64
final_prompt,7,16,4.431561251294623e-08,0.012249760264230233,0.012249760264230233,0.5,8.341163635350313e-07,-7.454851385091388e-07,64
final_prompt,11,22,4.2129973110033727e-07,0.012249212528762052,0.012249212528762052,0.5,-2.6695446990742823e-06,3.5121441612749564e-06,64
response_first,13,25,5.776720541898227e-07,0.012210969180931197,0.012210969180931197,0.5,-7.895585895313298e-06,9.050930003692944e-06,64
public_task_span,23,14,1.1400140579099989e-05,0.012196974712234332,0.012196974712234332,0.5,0.0001009608463391483,-7.81605651809483e-05,64
public_task_span,20,2,1.2039410762549501e-05,0.012181394924978111,0.012181394924978111,0.5,-0.00020226510537214604,0.00022634392689724504,64
response_mean,14,24,3.0523502232433205e-06,0.012176744956776593,0.012176744956776593,0.5,1.4931324585621622e-06,4.611567987924499e-06,64
public_task_span,6,30,-3.1094930818656186e-05,-0.012167024509450076,0.012167024509450076,0.5,0.0005275811490719052,-0.0005897710107092175,64
response_mean,7,7,1.828258156422197e-06,0.012166929039601515,0.012166929039601515,0.5,3.380508501038246e-05,-3.0148568697538067e-05,64
post_selector,3,10,-6.74104994686782e-05,-0.012153594702854646,0.012153594702854646,0.515625,-0.00040425322367808726,0.00026943222474073124,64
response_mean,29,16,4.338761755216161e-06,0.012149597658610919,0.012149597658610919,0.53125,-0.0001950741852851641,0.00020375170879559642,64
response_first,4,3,0.00018554686903371725,0.012149396280326503,0.012149396280326503,0.5,0.0006090658716857563,-0.0002379721336183212,64
public_task_span,29,10,-3.9304689636310286e-07,-0.012148569893707467,0.012148569893707467,0.5,-6.1646427127470815e-06,5.378548920020876e-06,64
public_task_span,25,1,-2.588304369056521e-06,-0.012148229530567028,0.012148229530567028,0.5,-4.076076220370735e-05,3.558415346559431e-05,64
final_prompt,9,9,-3.7252791571479142e-06,-0.01214655851534855,0.01214655851534855,0.5,-2.2918436570758853e-05,1.5467878256463024e-05,64
final_prompt,8,3,-4.446721391102786e-07,-0.012144457816806354,0.012144457816806354,0.5,-7.29122655229452e-06,6.401882274073962e-06,64
public_task_span,33,2,6.941410674702124e-06,0.012143985458197018,0.012143985458197018,0.5,-8.091868676272777e-05,9.480150811213206e-05,64
public_task_span,22,11,1.698356891210438e-05,0.012138725829181319,0.012138725829181319,0.5,-0.0003869509791911607,0.00042091811701536956,64
response_mean,6,17,-7.070630545060841e-06,-0.012123382641425894,0.012123382641425894,0.5,0.0001240404703821655,-0.00013818173147228717,64
public_task_span,0,18,1.3382805263970903e-05,0.012123013674060162,0.012123013674060162,0.5,0.00041415231589778627,-0.00038738670536984444,64
final_prompt,28,26,-6.780749473023207e-08,-0.012115782178544815,0.012115782178544815,0.5,-4.0949255009081753e-07,2.7387756063035345e-07,64
response_first,20,29,-6.425952159272441e-08,-0.012112967846347312,0.012112967846347312,0.46875,-1.175252508089919e-06,1.0467334649044702e-06,64
public_task_span,27,0,2.409214630464682e-06,0.0121122113067873,0.0121122113067873,0.5,7.55072987885675e-05,-7.068886952763812e-05,64
response_mean,16,31,6.804650368507853e-06,0.012099943898706712,0.012099943898706712,0.5,-2.956532176767733e-05,4.317462250469303e-05,64
response_first,16,19,1.5865677482862392e-06,0.012046738355210362,0.012046738355210362,0.5,-1.706500910358468e-05,2.023814460015716e-05,64
public_task_span,9,3,-1.144941052193188e-06,-0.01203978228509532,0.01203978228509532,0.5,-3.3691907219685334e-05,3.1402025115298955e-05,64
public_task_span,10,16,-1.270975553779746e-05,-0.012020045985608638,0.012020045985608638,0.5,-0.00044172395428175766,0.00041630444320616273,64
final_prompt,31,16,7.563168935582735e-07,0.01199019649987132,0.01199019649987132,0.515625,-9.490083158419968e-06,1.1002716945536514e-05,64
response_first,14,4,-3.409204865076008e-06,-0.01197285001915038,0.01197285001915038,0.5,-0.00013525147834057786,0.00012843306861042583,64
public_task_span,7,13,-3.0859196158359386e-06,-0.011967461799273587,0.011967461799273587,0.5,-7.935868779875092e-07,-5.378252353684375e-06,64
final_prompt,11,4,-7.000591040196014e-08,-0.01196226392711409,0.01196226392711409,0.515625,1.1418136125485034e-07,-2.5419318205877056e-07,64
public_task_span,18,7,9.895094080994954e-06,0.011961511521687479,0.011961511521687479,0.515625,-0.0001471933811672131,0.000166983569329203,64
public_task_span,10,19,-3.5570296859099938e-06,-0.011959856038722924,0.011959856038722924,0.5,1.95505881492742e-05,-2.6664647521094192e-05,64
response_first,17,29,3.655029257032538e-08,0.01194593155914983,0.01194593155914983,0.5,6.069396878416455e-07,-5.338391027009948e-07,64
response_mean,18,0,1.4429530921254084e-06,0.011936398453774272,0.011936398453774272,0.5,-4.2943707910567404e-05,4.582961409481822e-05,64
public_task_span,7,17,1.8077369645685873e-06,0.01193566064885779,0.01193566064885779,0.5,-1.699975371138246e-05,2.0615227640519626e-05,64
response_mean,31,26,2.1407927590637e-06,0.01193493535304764,0.01193493535304764,0.5,-4.1620651586516945e-05,4.5902237104644345e-05,64
public_task_span,30,24,-5.379353865460802e-06,-0.011924056847461662,0.011924056847461662,0.46875,-0.00026955166185869104,0.0002587929541277694,64
public_task_span,33,5,-6.3736620177176514e-06,-0.011923939217201251,0.011923939217201251,0.5,-0.00035472354284135014,0.0003419762188059148,64
response_first,19,25,-3.216013851670861e-06,-0.01192116142834571,0.01192116142834571,0.5,-0.00010663723833202508,0.00010020521062868335,64
response_first,30,3,-1.2295769238310781e-06,-0.011894722568622137,0.011894722568622137,0.5,-4.422158258420293e-05,4.1762428736540774e-05,64
response_first,26,6,3.866994802590271e-06,0.011871606362025966,0.011871606362025966,0.5,-6.185298389026886e-05,6.958697349544942e-05,64
final_prompt,14,21,-4.358307421629533e-07,-0.011867970298623996,0.011867970298623996,0.5,-5.93721722455451e-07,-2.77939761870456e-07,64
response_mean,7,4,1.486556189256305e-08,0.01184098834205105,0.01184098834205105,0.5,-6.283831188724773e-08,9.256943567237386e-08,64
response_mean,14,27,3.167240265611836e-05,0.011832832250424436,0.011832832250424436,0.5,-6.718462282150285e-05,0.00013052942813373964,64
response_mean,35,10,2.7678578362585476e-06,0.011826973840881022,0.011826973840881022,0.5,-9.47946577980348e-05,0.00010033037347055193,64
response_first,1,19,-4.496346832645146e-06,-0.01182404627286609,0.01182404627286609,0.5,-0.00017798309067983616,0.00016899039701454585,64
final_prompt,28,31,-6.566092167757456e-07,-0.011819803189772883,0.011819803189772883,0.5,3.7747599890672225e-07,-1.6906944324582125e-06,64
response_first,9,20,4.6509012463506353e-05,0.011813493018036258,0.011813493018036258,0.5,0.0008113018593576311,-0.0007182838344306188,64
public_task_span,22,19,9.226544534615366e-06,0.011813178679412485,0.011813178679412485,0.5,-0.0002783030859063542,0.00029675617497558493,64
response_mean,14,29,2.1276714505801548e-05,0.011810681407433915,0.011810681407433915,0.5,0.00017388088599544686,-0.00013132745698384376,64
response_mean,10,0,-3.3823272360677947e-07,-0.01178781483812868,0.01178781483812868,0.5,5.414531813130452e-06,-6.090997260344011e-06,64
response_first,19,3,-6.761421227332928e-07,-0.011786552511443612,0.011786552511443612,0.515625,-7.81751362665508e-06,6.465229381188492e-06,64
public_task_span,7,9,-4.396240456117084e-07,-0.01178508212330505,0.01178508212330505,0.5,5.394152822191245e-06,-6.273400913414662e-06,64
final_prompt,19,4,2.348433918086541e-05,0.01175974404041529,0.01175974404041529,0.5,-0.0007036362076178133,0.0007506048859795441,64
post_selector,19,23,0.00012222240911796873,0.011743649705824569,0.011743649705824569,0.5,0.0014658460277132625,-0.0012214012094773252,64
response_mean,11,29,-1.5890504414499743e-06,-0.011728381464772277,0.011728381464772277,0.484375,-1.7741342389849635e-05,1.4563241506949678e-05,64
response_mean,27,22,7.773227821421357e-07,0.011724419555530082,0.011724419555530082,0.5,-1.3966809547125624e-05,1.5521455111409895e-05,64
public_task_span,9,5,-2.191943849539539e-06,-0.0117171376158992,0.0117171376158992,0.5,3.731599417732787e-05,-4.169988187640696e-05,64
final_prompt,19,26,5.645976770555001e-07,0.011714199968472226,0.011714199968472226,0.5,-2.0806468313591364e-05,2.1935663667702367e-05,64
public_task_span,0,9,8.983436600832838e-06,0.011706261794351695,0.011706261794351695,0.5,6.721402860420373e-05,-4.924715540253814e-05,64
final_prompt,22,30,8.504973266096871e-06,0.011687829720798501,0.011687829720798501,0.5,-0.00015509098648180627,0.000172100933014,64
response_first,34,9,9.77634954328122e-07,0.01168733621388711,0.01168733621388711,0.5,-2.797345007364938e-05,2.9928719982305622e-05,64
final_prompt,15,13,1.0981400180295606e-06,0.011677388777961175,0.011677388777961175,0.5,7.188422728175399e-06,-4.992142692116273e-06,64
response_first,18,17,7.327235131138199e-09,0.011663099343963623,0.011663099343963623,0.5,1.195162446995801e-07,-1.0486177443730371e-07,64
public_task_span,30,3,-3.3046367207161425e-06,-0.01166280957759369,0.01166280957759369,0.5,-0.0001054567073879216,9.884743394648934e-05,64
response_mean,33,2,7.033481494994502e-07,0.01165685008278431,0.01165685008278431,0.5,-1.1842838603130627e-06,2.5909801593119656e-06,64
response_first,11,29,-7.374003416762391e-07,-0.011647992828223971,0.011647992828223971,0.5,7.416046003072728e-06,-8.890846686425206e-06,64
public_task_span,11,23,3.0328775437763376e-06,0.011612183509449332,0.011612183509449332,0.484375,4.9200657940674303e-05,-4.313490285312162e-05,64
final_prompt,17,20,-1.4748196086600274e-07,-0.011609201192184268,0.011609201192184268,0.5,-1.9079852755510274e-06,1.613021353819022e-06,64
public_task_span,15,4,2.5083393779794515e-06,0.011599970463541324,0.011599970463541324,0.5,-7.032316909770823e-05,7.533984785366713e-05,64
response_mean,30,3,-1.0846991926825502e-06,-0.011599520655166324,0.011599520655166324,0.5,-3.442154093134814e-05,3.2252142545983036e-05,64
final_prompt,18,17,9.65481442348187e-07,0.011591864970328868,0.011591864970328868,0.5,1.541311360497273e-05,-1.3482150720276357e-05,64
public_task_span,10,8,-1.2667601367851857e-06,-0.011588077222171037,0.011588077222171037,0.5,-1.3239242207414357e-05,1.070572193384399e-05,64
response_mean,13,12,-1.6747963210717032e-08,-0.011578773278452914,0.011578773278452914,0.5,-3.640402547744337e-07,3.3054432835299963e-07,64
response_first,24,19,5.012118293735369e-07,0.011574858385275423,0.011574858385275423,0.515625,-3.997991717241535e-06,5.000415375988609e-06,64
response_mean,22,29,5.980186301705485e-07,0.011572566148000377,0.011572566148000377,0.5,-1.706299025272522e-05,1.8259027513066318e-05,64
final_prompt,33,1,1.075457987552611e-06,0.011566376017778558,0.011566376017778558,0.5,-2.6641846204709258e-05,2.8792762179814486e-05,64
response_first,10,13,-6.994473096707813e-06,-0.011560234689806994,0.011560234689806994,0.5,3.5312948057250005e-05,-4.930189425066561e-05,64
response_mean,29,14,5.200348255128082e-06,0.011545108133861632,0.011545108133861632,0.5,-0.00018448446496676182,0.00019488516147701798,64
response_first,13,1,1.7148730535156544e-05,0.011518049242225489,0.011518049242225489,0.484375,-0.00025301379014309295,0.000287311251213406,64
post_selector,35,13,5.4293241191771786e-05,0.011511645236623978,0.011511645236623978,0.5,-0.0002604082546895438,0.0003689947370730876,64
response_first,12,23,-7.313586820604678e-06,-0.011490499602014006,0.011490499602014006,0.5,-7.445681467288436e-05,5.9829641031675e-05,64
public_task_span,11,20,-5.876226509826667e-07,-0.011490114340882089,0.011490114340882089,0.5,-5.94245290130857e-06,4.767207599343237e-06,64
final_prompt,15,27,-1.8173314941805074e-07,-0.011470822781819358,0.011470822781819358,0.5,-9.886472227549348e-07,6.251809239188333e-07,64
response_mean,11,5,3.1910775675169106e-06,0.011463649204650242,0.011463649204650242,0.515625,-2.9593345146850268e-05,3.5975500281884096e-05,64
response_mean,34,26,8.666183930476071e-07,0.011444406188780766,0.011444406188780766,0.515625,2.5110355181801424e-06,-7.777987320849274e-07,64
post_selector,5,26,0.00012438806697900808,0.011443638547094568,0.011443638547094568,0.46875,0.0033212430134881145,-0.003072466879530098,64
public_task_span,25,9,9.76014666776001e-06,0.011442933536666006,0.011442933536666006,0.5,-4.731677677227458e-05,6.683707010779461e-05,64
final_prompt,17,0,-2.1990284722107363e-06,-0.011434464483882478,0.011434464483882478,0.5,-3.623280622377459e-05,3.1834749279353115e-05,64
public_task_span,32,17,1.2340538887658476e-05,0.011430073742126052,0.011430073742126052,0.5,-0.0005043851906520844,0.0005290662684274014,64
final_prompt,25,6,2.2164622350802074e-06,0.011423715972067245,0.011423715972067245,0.515625,-9.519798095423602e-05,9.963090542439645e-05,64
public_task_span,13,18,-4.30648094606636e-06,-0.01141635456425807,0.01141635456425807,0.5,-0.00012859970865973085,0.00011998674676759813,64
response_mean,27,23,-7.132403467835502e-08,-0.01140439948116093,0.01140439948116093,0.5,-1.3715560100990842e-06,1.2289079407423742e-06,64
final_prompt,27,19,-1.200307406179603e-05,-0.011387815584551486,0.011387815584551486,0.53125,-0.0006434105416701332,0.0006194043935465411,64
public_task_span,13,2,-2.4733199552428335e-05,-0.01138561753478306,0.01138561753478306,0.484375,-1.2697440070048047e-05,-3.6768959034808556e-05,64
response_mean,17,7,7.565132136727551e-06,0.011373491813016378,0.011373491813016378,0.5,-0.00021041465288362536,0.00022554491715708045,64
response_first,24,22,-8.971582246885924e-06,-0.011372066694402824,0.011372066694402824,0.5,-0.000247493920142,0.00022955075564822812,64
public_task_span,25,20,3.758979914896927e-06,0.011371246134339055,0.011371246134339055,0.5,4.259941010786771e-05,-3.508145027807387e-05,64
response_first,22,21,-6.614106098359766e-07,-0.011358148673267253,0.011358148673267253,0.5,-3.5051039503737514e-05,3.372821828406556e-05,64
response_first,7,12,-1.3088442329944883e-08,-0.011347013112931468,0.011347013112931468,0.5,-1.1216434003813446e-07,8.59874553782447e-08,64
public_task_span,31,24,7.173085577957995e-06,0.01134088889338986,0.01134088889338986,0.484375,-0.00022351999177771018,0.00023786616293362616,64
response_first,32,17,-6.474834890475409e-07,-0.011327383912348834,0.011327383912348834,0.5,-2.8758618441313085e-05,2.7463651463218e-05,64
final_prompt,15,30,-4.139745612974366e-07,-0.01132034540522161,0.01132034540522161,0.5,-6.033222291534912e-06,5.205273168940039e-06,64
response_first,5,31,4.7559632548651665e-05,0.01131596235839902,0.01131596235839902,0.515625,-0.0013250338433863345,0.0014201531084836376,64
public_task_span,13,15,-3.4732846110316083e-07,-0.011305648380487109,0.011305648380487109,0.5,-4.083418296827563e-06,3.3887613746212414e-06,64
response_mean,9,16,2.488793592192573e-05,0.011286411783914763,0.011286411783914763,0.5,-8.990221465409557e-05,0.00013967808649794703,64
final_prompt,23,11,5.397878283021261e-06,0.01127715999571051,0.01127715999571051,0.5,-9.456797204164693e-05,0.00010536372860768947,64
final_prompt,22,27,1.2112931546681693e-07,0.011267599830248796,0.011267599830248796,0.5,-2.7623756455597004e-06,3.0046342764933343e-06,64
final_prompt,8,21,1.1254278220462766e-07,0.011265096570357876,0.011265096570357876,0.515625,-3.403831073001129e-06,3.6289166374103843e-06,64
final_prompt,31,24,-6.291642648645309e-06,-0.01124929267333776,0.01124929267333776,0.5,-0.00013281353449200625,0.00012023024919471561,64
response_first,34,24,8.44393298393462e-07,0.011240556079775513,0.011240556079775513,0.5,1.8437454400550864e-05,-1.674866780376394e-05,64
response_mean,11,6,5.251234426847776e-06,0.01122592527768032,0.01122592527768032,0.515625,4.8942623266152407e-05,-3.8440154412456865e-05,64
response_mean,14,13,-1.4964109141139649e-05,-0.01121400017945798,0.01121400017945798,0.484375,-0.000440174552750236,0.0004102463344679567,64
public_task_span,17,31,-1.828369818213563e-06,-0.011210109246146698,0.011210109246146698,0.5,-6.7301217541205845e-06,3.07338211769345e-06,64
response_mean,18,27,1.3248145961594115e-05,0.011188759575878797,0.011188759575878797,0.5,0.00018559451933698054,-0.00015909822741379235,64
response_mean,17,20,1.0124840628114712e-06,0.011186193416199884,0.011186193416199884,0.5,-2.9174081475953035e-05,3.119904960157598e-05,64
response_first,15,20,1.8266025847424316e-07,0.0111587500049976,0.0111587500049976,0.5,-7.006090072536608e-07,1.0659295242021471e-06,64
public_task_span,17,25,7.802911568436184e-06,0.011158163134357595,0.011158163134357595,0.5,-2.3111675091053544e-05,3.871749822792592e-05,64
final_prompt,32,17,5.59220870854785e-06,0.011156795743504646,0.011156795743504646,0.5,-0.00020694127488239634,0.00021812569229949204,64
response_mean,31,0,4.5194628910363486e-06,0.011156531906107083,0.011156531906107083,0.515625,-0.0002569419498285915,0.0002659808756106642,64
public_task_span,29,25,-4.691804679168339e-05,-0.011148071665796969,0.011148071665796969,0.46875,-0.002545297273172725,0.0024514611795893584,64
response_first,19,20,8.141786480580679e-07,0.011130503144091355,0.011130503144091355,0.515625,1.3596254177620124e-05,-1.1967896881503988e-05,64
response_mean,19,27,2.7310311665469712e-05,0.011129501354754866,0.011129501354754866,0.515625,-0.0011708093075810514,0.0012254299309119908,64
response_first,14,8,-1.7717237597020004e-06,-0.011115963409858804,0.011115963409858804,0.484375,-6.5957531205658635e-06,3.0523056011618628e-06,64
final_prompt,32,3,5.168783354747664e-05,0.011099033667395553,0.011099033667395553,0.5,-0.0006802184179832625,0.0007835940850782157,64
response_mean,18,15,2.7675674630251194e-05,0.011095989884453284,0.011095989884453284,0.5,-0.00068298263974495,0.0007383339890054525,64
response_first,9,2,-3.857923047690254e-06,-0.011091958467427773,0.011091958467427773,0.484375,-0.0001147570906141378,0.00010704124451875731,64
final_prompt,34,2,2.5582879516149797e-05,0.011079934264991462,0.011079934264991462,0.5,0.00012020696703985621,-6.904120800755667e-05,64
response_first,20,10,-1.2741161320439787e-08,-0.011077722714297435,0.011077722714297435,0.53125,-2.2964198718999906e-07,2.041596645491195e-07,64
final_prompt,33,21,3.985891453334961e-06,0.011059395925947617,0.011059395925947617,0.5,-0.00014116102647675468,0.0001491328093834246,64
final_prompt,33,16,-1.5214194718279702e-05,-0.011043149728119404,0.011043149728119404,0.5,-0.0005361864150472595,0.0005057580256107,64
public_task_span,33,11,-3.735071140909083e-05,-0.01104301885735214,0.01104301885735214,0.5,-0.001803921954888179,0.001729220532069997,64
response_mean,11,13,-6.640146693832619e-06,-0.011039088787963865,0.011039088787963865,0.5,-9.481798770148494e-06,-3.798494617516737e-06,64
response_first,22,26,-1.8117098363716768e-06,-0.0110353415357486,0.0110353415357486,0.5,-3.889574469438561e-05,3.527232502164225e-05,64
response_mean,14,16,-1.2844891216440626e-05,-0.011034118185357928,0.011034118185357928,0.5,0.00016399524156440938,-0.00018968502399729066,64
response_mean,33,27,-6.088241093504092e-07,-0.011007254277692296,0.011007254277692296,0.484375,3.3065505249379928e-06,-4.524198743638811e-06,64
response_mean,16,26,-4.910511961500221e-06,-0.011005988887157668,0.011005988887157668,0.5,-9.201552893499587e-05,8.219450501199542e-05,64
final_prompt,10,26,3.1987160298285744e-07,0.011004482231047354,0.011004482231047354,0.5,-2.0917941867537593e-06,2.731537392719474e-06,64
response_first,17,21,-3.214193222689232e-08,-0.01096718902986662,0.01096718902986662,0.5,-4.3188091147783325e-07,3.675970470240486e-07,64
public_task_span,6,1,-3.559970173228595e-05,-0.010965617438436348,0.010965617438436348,0.5,0.0007544882646470595,-0.0008256876681116313,64
response_first,31,25,-4.4258832332431695e-07,-0.01096034720125584,0.01096034720125584,0.515625,-2.040121630386517e-05,1.9516039657216534e-05,64
response_mean,28,28,4.4608830762691523e-07,0.010953196501779913,0.010953196501779913,0.5,-1.482357976101006e-05,1.571575637626389e-05,64
final_prompt,20,31,3.820327378892888e-06,0.010935690825582389,0.010935690825582389,0.5,-8.847304479784555e-05,9.611369955563132e-05,64
response_first,13,9,-6.064551456568375e-07,-0.010930018428226048,0.010930018428226048,0.484375,-3.6985829297003555e-06,2.4856726383866797e-06,64
response_first,33,7,6.840675951031458e-06,0.010928573021167853,0.010928573021167853,0.5,-0.00021857588990312917,0.0002322572418051921,64
response_mean,11,24,3.9367996578221264e-05,0.01092805238523875,0.01092805238523875,0.5,0.0003629230468504863,-0.00028418705369404366,64
public_task_span,13,1,-1.8876162357628495e-05,-0.010921244744762765,0.010921244744762765,0.5,-0.000851505993068693,0.0008137536683534359,64
final_prompt,32,28,-4.167666091351993e-06,-0.01091967616300514,0.01091967616300514,0.5,9.403662284056271e-05,-0.00010237195502326671,64
response_first,15,19,7.352729713971929e-08,0.010895800848941796,0.010895800848941796,0.5,1.0495724911407944e-07,4.20973451653593e-08,64
final_prompt,33,17,2.0812294224020327e-05,0.01089444053714513,0.01089444053714513,0.5,-0.0007876982372181188,0.0008293228256661593,64
public_task_span,34,19,-3.0145256459942696e-05,-0.010877799251688627,0.010877799251688627,0.484375,-0.0009224211989930969,0.0008621306860732115,64
public_task_span,17,24,1.3189421224527167e-05,0.010867415107173036,0.010867415107173036,0.5,-0.00011722484305209215,0.00014360368550114645,64
response_mean,10,15,8.962602805690021e-06,0.010856971279743376,0.010856971279743376,0.53125,-1.5002917280072282e-05,3.292812289145235e-05,64
response_first,28,28,2.912007488475865e-07,0.010826955508498595,0.010826955508498595,0.5,-6.733142612347365e-06,7.315544110042538e-06,64
public_task_span,19,24,9.764288222405042e-07,0.010819180818963629,0.010819180818963629,0.5,-7.894811915818082e-08,2.03180576363919e-06,64
final_prompt,32,15,-5.649007448490192e-06,-0.01080804484213353,0.01080804484213353,0.5,-8.383846238757497e-05,7.254044749059461e-05,64
response_first,25,13,1.0647017063532748e-06,0.010803120313328468,0.010803120313328468,0.5,-2.128294386237883e-05,2.3412347275085372e-05,64
response_first,6,16,9.278127254219541e-05,0.010797217542593182,0.010797217542593182,0.5,0.0017016846541082532,-0.0015161221090238626,64
public_task_span,2,9,-5.817614510306081e-05,-0.01079647932130277,0.01079647932130277,0.5,-0.0005409536533988886,0.00042460136319276713,64
final_prompt,12,24,1.0477356227048517e-06,0.010782696698659267,0.010782696698659267,0.5,-2.5757759658527283e-06,4.671247211262432e-06,64
public_task_span,7,19,3.983604983659461e-07,0.010767647212575004,0.010767647212575004,0.5,-2.6754872806122876e-06,3.47220827734418e-06,64
public_task_span,17,21,-2.743410050240857e-06,-0.010764540823189868,0.010764540823189868,0.5,1.870452661024213e-05,-2.4191346710723864e-05,64
response_mean,14,17,2.0528057575578654e-05,0.010764415453489875,0.010764415453489875,0.5,-0.0007438379470840913,0.0007848940622352486,64
response_first,30,28,-2.0409291323630896e-07,-0.010754568709686723,0.010754568709686723,0.5,-5.1714247177869765e-06,4.763238891314359e-06,64
response_first,11,1,4.148973403060887e-06,0.010745728806741734,0.010745728806741734,0.515625,-1.337777393928865e-05,2.167572074541042e-05,64
response_mean,18,18,2.5937574406492212e-05,0.010734640051973103,0.010734640051973103,0.5,0.00010134630076662955,-4.9471151953645184e-05,64
final_prompt,14,25,-9.645715604023053e-08,-0.01073308810204704,0.01073308810204704,0.5,-1.9049728994247062e-06,1.712058587344245e-06,64
public_task_span,1,15,1.0654395737223525e-05,0.010727069228112935,0.010727069228112935,0.515625,-0.000293715127554598,0.0003150239190290451,64
response_mean,33,25,-3.969152203350816e-06,-0.010724629910837665,0.010724629910837665,0.484375,-7.153115620893557e-05,6.359285180223396e-05,64
post_selector,1,4,6.387485882448416e-06,0.010718699553336626,0.010718699553336626,0.5,7.305496546905e-05,-6.027999370415313e-05,64
response_mean,2,28,-1.641831795496317e-05,-0.010714074520066097,0.010714074520066097,0.5,0.00019129815200358172,-0.00022413478791350803,64
response_mean,15,25,-1.9806005184365273e-05,-0.010713249620745562,0.010713249620745562,0.5,-0.00019155695736117144,0.00015194494699244084,64
public_task_span,8,5,-1.0689876717149408e-06,-0.010712610999211279,0.010712610999211279,0.5,-6.817257826696822e-06,4.67928248326694e-06,64
response_mean,14,7,3.5382609894439105e-05,0.010701297608944175,0.010701297608944175,0.53125,0.00020991679502912493,-0.00013915157524024705,64
final_prompt,25,1,1.333017053184478e-06,0.010696562189036356,0.010696562189036356,0.5,-1.3235204733058234e-05,1.5901238839427195e-05,64
final_prompt,31,1,-1.2987460422621149e-06,-0.010695923923508759,0.010695923923508759,0.5,3.210794170626857e-05,-3.47054337907928e-05,64
response_first,25,12,-4.591573343759592e-08,-0.010690703922031735,0.010690703922031735,0.5,3.6130273883827613e-07,-4.5313420571346796e-07,64
final_prompt,9,18,-6.75426541363322e-08,-0.010687878830407655,0.010687878830407655,0.5,-2.2660578418154387e-06,2.1309725335427743e-06,64
response_mean,18,10,-1.6786094420242646e-05,-0.01068396602262583,0.01068396602262583,0.5,0.000987694435480036,-0.0010212666243205216,64
final_prompt,8,7,3.991501671411118e-06,0.010681566052747827,0.010681566052747827,0.5,-1.3113194199821095e-05,2.1096197542643365e-05,64
response_first,13,3,1.5403511497426853e-05,0.010656836007558058,0.010656836007558058,0.5,0.00026368479620941104,-0.0002328777732145574,64
response_mean,18,21,3.10769410134512e-05,0.010650314115625033,0.010650314115625033,0.53125,0.00010771594679682191,-4.55620647699197e-05,64
public_task_span,0,4,2.6754321879709466e-05,0.010649898730528537,0.010649898730528537,0.5,0.0005559833571169196,-0.0005024747133575006,64
response_mean,32,18,-9.99966687227445e-07,-0.010645878734574217,0.010645878734574217,0.5,-2.6234320444006192e-05,2.4234387069551302e-05,64
public_task_span,5,14,3.252502756367304e-05,0.010637644050693243,0.010637644050693243,0.515625,0.0007443801368935811,-0.0006793300817662349,64
final_prompt,11,14,2.369388766964778e-05,0.010625338896319404,0.010625338896319404,0.484375,-0.0004822298924409479,0.0005296176677802433,64
final_prompt,4,28,4.434887188154212e-06,0.01062468093987845,0.01062468093987845,0.5,2.694225770485723e-06,6.175548605822718e-06,64
response_mean,31,16,3.220347934984602e-07,0.010600950078988527,0.010600950078988527,0.5,-6.662363716714026e-06,7.306433303710946e-06,64
response_first,7,2,3.4592599149642294e-06,0.010598042231707216,0.010598042231707216,0.5,-0.00015776365944473886,0.00016468217927466733,64
response_first,9,6,-1.905972091265086e-08,-0.010597544930967717,0.010597544930967717,0.515625,-5.448777500305368e-07,5.067583082052352e-07,64
public_task_span,14,15,1.6501220670760328e-05,0.010574119794041732,0.010574119794041732,0.515625,6.283338370848538e-05,-2.983094236696474e-05,64
response_mean,14,14,1.3970465943198673e-05,0.010572389887874803,0.010572389887874803,0.484375,-0.00040888666762839366,0.00043682759951479104,64
final_prompt,1,30,2.1498954083650927e-05,0.010572009051639193,0.010572009051639193,0.515625,-0.0004904379129584376,0.0005334358211257393,64
final_prompt,8,25,8.084722935566607e-07,0.01056729924983548,0.01056729924983548,0.5,-4.322222594052643e-06,5.939167181165963e-06,64
public_task_span,33,4,-7.31729505787389e-06,-0.010558345568140315,0.010558345568140315,0.5,-0.00039044759250825636,0.00037581300239250857,64
public_task_span,1,19,2.6082967451653055e-05,0.010555916167609453,0.010555916167609453,0.5,-6.284711525949698e-05,0.00011501305016280318,64
public_task_span,27,31,-5.6983199101512315e-06,-0.010549246104291999,0.010549246104291999,0.5,-0.00017813620206651615,0.00016673956224621367,64
final_prompt,16,7,-1.674087855003313e-06,-0.010547949130328858,0.010547949130328858,0.5,-4.313234359186193e-05,3.978416788185532e-05,64
response_first,35,26,-2.488682548573579e-05,-0.010528226680332261,0.010528226680332261,0.5,-0.000480000306197322,0.0004302266552258504,64
response_first,30,7,4.546632759172553e-08,0.010526674644108292,0.010526674644108292,0.515625,9.266300473598221e-07,-8.356973921763711e-07,64
public_task_span,19,18,-7.969784974190852e-07,-0.01051559217547197,0.01051559217547197,0.5,-2.5294913939429974e-05,2.37009569445918e-05,64
public_task_span,25,14,-4.200145667708649e-06,-0.010514388082081036,0.010514388082081036,0.484375,0.00011589034238567404,-0.0001242906337210913,64
response_first,32,13,-2.9034049475740176e-07,-0.010514055994823369,0.010514055994823369,0.5,3.3053484287393076e-06,-3.886029418254111e-06,64
response_first,15,21,-7.088282814074215e-07,-0.01051062726023716,0.01051062726023716,0.5,-8.959379869111176e-06,7.541723306296335e-06,64
final_prompt,11,16,-2.0554730326715502e-06,-0.01050005946710893,0.01050005946710893,0.5,8.229997501983498e-05,-8.641092108517807e-05,64
final_prompt,28,24,-6.018100293656368e-07,-0.010497017118965793,0.010497017118965793,0.484375,4.47455801122478e-06,-5.6781780699560555e-06,64
response_mean,11,22,-3.816424623435967e-06,-0.010490483986522988,0.010490483986522988,0.484375,0.00010108852757183997,-0.00010872137681871191,64
public_task_span,9,20,-3.426111106816597e-06,-0.010488267978399652,0.010488267978399652,0.515625,-0.00012822239841624088,0.0001213701762026077,64
final_prompt,10,6,-1.9607316516974235e-06,-0.010475789316538297,0.010475789316538297,0.5,1.4227312021832001e-05,-1.8148775325226848e-05,64
public_task_span,8,3,-2.2278459255128773e-06,-0.010463221754254187,0.010463221754254187,0.5,-1.1356382401568552e-05,6.900690550542789e-06,64
response_first,7,3,2.558399683039697e-05,0.010456317275558576,0.010456317275558576,0.53125,0.0003638039524958122,-0.00031263595883501835,64
final_prompt,11,25,2.034038743654771e-06,0.010445352818911723,0.010445352818911723,0.5,-5.3489694437295864e-05,5.7557771924605404e-05,64
public_task_span,18,0,-2.2376496531223395e-06,-0.01044383481845877,0.01044383481845877,0.5,-7.21295579069106e-05,6.765425860066592e-05,64
response_first,10,29,-7.633127097508461e-06,-0.010394141906945317,0.010394141906945317,0.5,-0.00013588598312708018,0.00012061972893206326,64
final_prompt,31,30,1.7030263734342163e-05,0.01038344700819117,0.01038344700819117,0.5,-0.0007113266292435531,0.0007453871567122375,64
response_first,16,31,6.24690369432912e-08,0.010378337556670284,0.010378337556670284,0.5,-1.6060176455390263e-06,1.7309557194256087e-06,64
final_prompt,33,0,6.067600963868932e-07,0.010375629832417974,0.010375629832417974,0.515625,-3.204491179078851e-06,4.418011371852636e-06,64
response_first,30,22,-2.281053710362358e-07,-0.010374749017810308,0.010374749017810308,0.5,9.221146370919087e-07,-1.3783253791643801e-06,64
response_first,28,21,2.616697429403456e-06,0.010360695224605435,0.010360695224605435,0.5,-0.00012467489614208647,0.0001299082910008934,64
public_task_span,32,31,-6.676238513152936e-07,-0.010357631278232606,0.010357631278232606,0.453125,-1.0412427968730216e-05,9.07718026609963e-06,64
public_task_span,9,7,-2.241318270536336e-06,-0.010355957111927794,0.010355957111927794,0.5,3.572012997210299e-05,-4.020276651317566e-05,64
public_task_span,1,18,-1.7048243535103423e-05,-0.01034530920944292,0.01034530920944292,0.5,0.0003611397078202496,-0.0003952361948904565,64
post_selector,29,20,-2.311482262475782e-06,-0.01033747935763322,0.01033747935763322,0.46875,-4.950655534228426e-05,4.488359081733269e-05,64
public_task_span,24,31,-1.4852299500490448e-05,-0.010332870555616552,0.010332870555616552,0.5,-0.0006460450204030954,0.0006163404214021144,64
final_prompt,9,12,-7.834332791376531e-07,-0.010330731674391348,0.010330731674391348,0.5,5.8201193837749675e-06,-7.386985942050272e-06,64
public_task_span,24,22,1.960014060390336e-06,0.010329916969818076,0.010329916969818076,0.5,-7.617987103001209e-05,8.009989915079277e-05,64
final_prompt,34,15,-1.1227009963485616e-05,-0.010328955168438372,0.010328955168438372,0.5,-0.0001708993659121872,0.000148445345985216,64
response_first,27,22,9.26466441338892e-07,0.010321597336883422,0.010321597336883422,0.5,-1.7443442743574318e-05,1.9296375626252104e-05,64
response_mean,1,28,2.752751765911041e-05,0.010316370523978149,0.010316370523978149,0.5,-0.0004634610018001659,0.0005185160371183867,64
final_prompt,10,20,-2.539781007717544e-06,-0.010306211158661231,0.010306211158661231,0.5,-9.405192122355349e-05,8.897235920811838e-05,64
response_mean,22,18,-6.379548551649875e-07,-0.010301977902638502,0.010301977902638502,0.5,-1.4522851927268315e-05,1.324694221693834e-05,64
response_mean,9,5,3.8033163036721283e-06,0.010297075818347365,0.010297075818347365,0.5,1.634565478524786e-05,-8.739022177903606e-06,64
public_task_span,26,9,-7.627118066008913e-07,-0.010282313445862815,0.010282313445862815,0.5,7.2594074254077655e-06,-8.784831038609548e-06,64
response_first,14,10,2.763192128437807e-06,0.010265004697326698,0.010265004697326698,0.46875,-1.0469428389111019e-05,1.5995812645986628e-05,64
public_task_span,30,17,-3.914831540896411e-05,-0.010263681537910185,0.010263681537910185,0.5,-0.002025966718065291,0.0019476700872473629,64
final_prompt,9,0,9.110767251740981e-08,0.01026214161268981,0.01026214161268981,0.5,2.023516842086792e-06,-1.8413014970519725e-06,64
final_prompt,33,5,-4.6826876314332105e-06,-0.010260163460632377,0.010260163460632377,0.515625,-8.123992574838413e-05,7.187455048551775e-05,64
response_first,13,24,1.0662226088677369e-06,0.010256834881922175,0.010256834881922175,0.5,-5.9152783649157195e-06,8.04772358265119e-06,64
public_task_span,28,31,-1.784226469682169e-06,-0.010246521966201872,0.010246521966201872,0.5,6.013089205222251e-06,-9.581542144586584e-06,64
post_selector,5,20,-0.00010914882750511987,-0.01024480523446074,0.01024480523446074,0.5,0.0028234778219484715,-0.003041775476958712,64
final_prompt,12,10,3.2517008889908307e-06,0.010238922858472133,0.010238922858472133,0.5,-0.00011563207374364699,0.00012213547552162866,64
public_task_span,3,20,-6.807676254538586e-05,-0.010218722322177621,0.010218722322177621,0.5,0.0002083211875287844,-0.00034447471261955624,64
final_prompt,10,4,1.785587528496689e-06,0.0102150227356592,0.0102150227356592,0.5,-6.342630490507277e-05,6.699747996206614e-05,64
public_task_span,24,9,-7.595724582647267e-07,-0.01021276814107631,0.01021276814107631,0.5,-1.941566824825462e-05,1.7896523331725163e-05,64
public_task_span,17,17,1.233942748512475e-05,0.01020942701535647,0.01020942701535647,0.5,-0.0002444038877911245,0.00026908274276137397,64
public_task_span,25,8,-9.54042297962319e-06,-0.010209215482059077,0.010209215482059077,0.46875,-0.00029144222844477855,0.0002723613824855321,64
public_task_span,14,4,-8.795394251136701e-06,-0.010189813414294377,0.010189813414294377,0.5,-0.00012274851042093875,0.00010515772191866537,64
final_prompt,2,26,-2.2259373508856254e-05,-0.010182411571296913,0.010182411571296913,0.5,-0.0002486460689396906,0.0002041273219219782,64
public_task_span,8,18,-9.411190831079671e-07,-0.01017688650335319,0.01017688650335319,0.5,-1.836214477179752e-05,1.6479906605581582e-05,64
response_mean,12,19,3.177225607944248e-06,0.01017511043614256,0.01017511043614256,0.5,-8.335080110554615e-05,8.970525232143464e-05,64
post_selector,25,2,-5.3078149449024495e-06,-0.01017189875252323,0.01017189875252323,0.53125,-0.00012119524717491321,0.00011057961728510832,64
public_task_span,14,24,-2.1483353975812787e-06,-0.010166840322900267,0.010166840322900267,0.5,2.9302307211752658e-05,-3.3598978006915226e-05,64
response_first,23,19,-2.2173677649561796e-07,-0.010157557287079474,0.010157557287079474,0.484375,-4.620979922265178e-06,4.177506369273942e-06,64
response_first,22,29,5.445513693302928e-07,0.010155673561591437,0.010155673561591437,0.5,-1.2909727615806332e-05,1.3998830354466918e-05,64
response_first,18,8,-3.392499934308192e-06,-0.010149515312683129,0.010149515312683129,0.5,-5.9100833027516745e-05,5.2315833158900354e-05,64
response_mean,35,3,-1.1430322501840634e-06,-0.010147519822273576,0.010147519822273576,0.484375,-8.481092663707632e-06,6.195028163339502e-06,64
final_prompt,17,9,-1.4683968174697772e-06,-0.010129008621059594,0.010129008621059594,0.5,-4.890019226881418e-06,1.953225591941862e-06,64
final_prompt,18,15,4.1623768609618615e-07,0.010127700964417306,0.010127700964417306,0.484375,-8.451146570108787e-06,9.28362194230116e-06,64
response_first,16,24,2.30417299462879e-06,0.010125126031864568,0.010125126031864568,0.5,-0.00012073917559971661,0.00012534752158897418,64
response_mean,18,9,-2.5435507666314988e-05,-0.01012289481141873,0.01012289481141873,0.515625,-0.00021887104617233309,0.00016800003083970304,64
final_prompt,7,8,-3.354814225534344e-06,-0.010108024555613961,0.010108024555613961,0.5,-1.559284328322556e-05,8.883214832156885e-06,64
response_mean,8,20,1.3911241012485739e-06,0.01010678571238037,0.01010678571238037,0.5,-3.294859993728422e-05,3.5730848139781366e-05,64
public_task_span,30,15,-9.575357466902476e-07,-0.010104895428851774,0.010104895428851774,0.484375,-1.744427970605754e-05,1.5529208212677046e-05,64
response_mean,8,2,-2.2716901639793877e-05,-0.010080213613898001,0.010080213613898001,0.5,0.00010038637265097789,-0.00014582017593056548,64
final_prompt,21,0,3.981428449148888e-07,0.010079993746561622,0.010079993746561622,0.5,1.733290389439958e-06,-9.370046996101804e-07,64
public_task_span,6,17,7.94187417341139e-06,0.010066416955258081,0.010066416955258081,0.5,0.000154202888552386,-0.00013831914020556323,64
public_task_span,10,17,4.366409939397493e-06,0.010054741342507782,0.010054741342507782,0.5,5.579528988168294e-06,3.1532908906266855e-06,64
response_first,13,21,-1.708817726209233e-09,-0.010044546175259917,0.010044546175259917,0.5,-2.747468874630954e-08,2.4057053293891073e-08,64
response_first,13,18,-3.1099649504549825e-06,-0.010036173171918353,0.010036173171918353,0.5,-0.00011196434371639759,0.00010574441381548761,64
final_prompt,14,11,-1.8360300941797675e-06,-0.010029762808781222,0.010029762808781222,0.5,-5.643581096135647e-05,5.276375077299692e-05,64
response_first,3,8,9.223217057297196e-05,0.010025136732366751,0.010025136732366751,0.5,-0.0025470003456575688,0.002731464686803513,64
final_prompt,31,22,-1.1083581057364056e-06,-0.010021545810412808,0.010021545810412808,0.46875,1.0903338989009095e-05,-1.3120055200481904e-05,64
public_task_span,35,26,8.659123523100351e-06,0.009995173643964347,0.009995173643964347,0.5,-0.0003004149111802598,0.00031773315822646053,64
response_first,2,31,-5.949461694855504e-06,-0.009991295708913498,0.009991295708913498,0.5,7.39526499273889e-05,-8.58515733170999e-05,64
response_first,17,25,-6.849971686401229e-08,-0.009975172851257342,0.009975172851257342,0.5,-1.9016800576754367e-06,1.7646806239474122e-06,64
response_mean,11,30,-7.587885875193625e-07,-0.009968960506249708,0.009968960506249708,0.5,-2.393838997249489e-06,8.762618222107632e-07,64
public_task_span,4,27,1.0356351367590358e-05,0.009965598877074263,0.009965598877074263,0.515625,0.00030691308984386967,-0.000286200387108689,64
post_selector,3,29,-3.190488587278401e-05,-0.0099510279787969,0.0099510279787969,0.40625,0.0007062302865961112,-0.000770040058341679,64
final_prompt,9,28,9.122068789224613e-08,0.009950210083024394,0.009950210083024394,0.5,1.0418341744866655e-07,7.82579583358255e-08,64
final_prompt,14,10,7.066546601191811e-07,0.009948678993404571,0.009948678993404571,0.5,-4.187181929188801e-06,5.600491249427163e-06,64
response_mean,31,19,-1.0943837622779304e-06,-0.009928520162824866,0.009928520162824866,0.5,-2.811421359182975e-05,2.5925446067273888e-05,64
response_mean,12,2,-5.42188217879263e-07,-0.009905666832891341,0.009905666832891341,0.5,-7.3001744453898905e-06,6.215798009631364e-06,64
final_prompt,16,14,1.4354121958604665e-05,0.009902538664544469,0.009902538664544469,0.5,-0.0003863969159283344,0.00041510515984554373,64
public_task_span,27,25,-7.216498488560963e-06,-0.009900543748153232,0.009900543748153232,0.5,-0.00031107428821996867,0.00029664129124284673,64
response_first,3,14,-6.679418538623914e-05,-0.009882156230942948,0.009882156230942948,0.5,0.0014576150442735638,-0.0015912034150460416,64
response_first,34,8,-1.0346345220555638e-06,-0.009877368227516604,0.009877368227516604,0.5,-2.7006680511471137e-05,2.4937411467360013e-05,64
response_first,17,27,-9.055743781522477e-07,-0.009874874236379484,0.009874874236379484,0.515625,-3.8068859417699714e-05,3.625771066139521e-05,64
final_prompt,26,11,-6.319462499973667e-07,-0.009871027242805737,0.009871027242805737,0.5,-2.932677034407939e-08,-1.2345657296506548e-06,64
public_task_span,23,22,2.201777533631233e-06,0.009858656756593588,0.009858656756593588,0.5,-4.8074874939611946e-05,5.24784300068744e-05,64
response_mean,5,30,-1.5468198029109287e-05,-0.00985769033875727,0.00985769033875727,0.5,0.0004298212540447785,-0.00046075765010299716,64
final_prompt,12,30,8.939164786170727e-07,0.009854523570390957,0.009854523570390957,0.5,-4.180683731646112e-05,4.359467027369526e-05,64
response_first,30,23,-2.659811286775948e-07,-0.00984242202767621,0.00984242202767621,0.5,-2.222117132077983e-06,1.6901548747227935e-06,64
public_task_span,31,25,1.5853544255139917e-06,0.009840704881004287,0.009840704881004287,0.5,-8.072429022830247e-05,8.389499907933046e-05,64
final_prompt,8,20,-5.809354206575838e-07,-0.009834758341495185,0.009834758341495185,0.5,-3.743735305763407e-06,2.5818644644482385e-06,64
final_prompt,35,28,-6.170591859705673e-07,-0.009828844526720391,0.009828844526720391,0.484375,-1.5273790950230422e-05,1.4039672578289292e-05,64
response_mean,13,14,-1.125094598819769e-05,-0.009828324515001501,0.009828324515001501,0.53125,-7.81359122186117e-05,5.563402024221629e-05,64
response_first,20,15,5.28040590807534e-07,0.009826675022370123,0.009826675022370123,0.5,-2.4816076500397187e-05,2.5872157682012256e-05,64
final_prompt,6,1,-8.783493512967228e-06,-0.009810349703463886,0.009810349703463886,0.5,5.7803160871115625e-05,-7.537014789705005e-05,64
response_first,26,4,1.710520564298549e-06,0.009807740269999038,0.009807740269999038,0.5,-5.043434680373513e-05,5.385538793233222e-05,64
public_task_span,33,7,8.304323273478154e-06,0.009792905555504987,0.009792905555504987,0.5,-0.0002013362782235969,0.00021794492477055313,64
response_first,17,26,-1.0963178098686311e-06,-0.009776346055684748,0.009776346055684748,0.5,-2.491723157760232e-05,2.272459595786506e-05,64
response_first,7,25,-9.94026351008487e-07,-0.009766285798369386,0.009766285798369386,0.5,-5.632621082437222e-06,3.644568380420247e-06,64
final_prompt,20,16,-6.344323928458878e-07,-0.009755795066423182,0.009755795066423182,0.53125,-1.9427168439279057e-05,1.8158303653587285e-05,64
response_first,10,26,3.8367089132396295e-06,0.009749850971440672,0.009749850971440672,0.484375,-2.129980657634029e-06,9.803398484113275e-06,64
response_mean,30,19,7.987338221945928e-07,0.009737300309511926,0.009737300309511926,0.484375,-6.353529670373129e-06,7.950997314762318e-06,64
public_task_span,21,11,8.9343459421797e-06,0.009714192852271286,0.009714192852271286,0.515625,2.5083082164195265e-05,-7.214390279835877e-06,64
public_task_span,13,7,-9.114772865375276e-07,-0.00970841062408162,0.00970841062408162,0.46875,2.034141795092293e-05,-2.2164372523997984e-05,64
public_task_span,35,30,5.035215963285661e-06,0.009701600420195732,0.009701600420195732,0.5,0.00022145263210402604,-0.00021138220017745472,64
public_task_span,18,30,1.371359212498905e-05,0.009700513739588154,0.009700513739588154,0.5,-0.0003643789477791781,0.00039180613202915624,64
response_mean,32,28,-6.144383860368751e-06,-0.009698002036821769,0.009698002036821769,0.5,0.00016890110828171563,-0.00018118987600245314,64
final_prompt,27,4,7.247639132399613e-06,0.009692379398950625,0.009692379398950625,0.484375,-0.0004825680225621613,0.0004970633008269606,64
response_mean,16,3,6.6848022584088944e-06,0.009691954694773144,0.009691954694773144,0.5,0.0001822795478290137,-0.0001689099433121959,64
response_first,7,30,-3.521163272068861e-08,-0.009691166977984497,0.009691166977984497,0.5,-1.0044726401758908e-06,9.340493747345135e-07,64
response_mean,13,28,-3.3360261681992026e-06,-0.00968856984111055,0.00968856984111055,0.515625,-0.00010878303146454545,0.00010211097912814703,64
final_prompt,13,11,1.9507501036741825e-07,0.009685243687859472,0.009685243687859472,0.515625,6.938122680821834e-07,-3.0366224734734715e-07,64
public_task_span,29,28,6.637610567844199e-07,0.009673526930541299,0.009673526930541299,0.5,-1.2480876875993212e-05,1.3808398989562054e-05,64
response_first,17,31,1.3512260576935275e-09,0.009649368944024721,0.009649368944024721,0.484375,-2.9516127940214243e-08,3.22185800556013e-08,64
response_mean,19,6,2.4998252001735055e-06,0.009636816732573515,0.009636816732573515,0.5,-0.00010271076484968227,0.00010771041525002928,64
response_first,35,28,1.483367032050929e-05,0.009628234120796506,0.009628234120796506,0.5,8.849543519319649e-06,2.0817797121698957e-05,64
response_first,31,21,-1.0086752411098132e-07,-0.009625507636972975,0.009625507636972975,0.5,-7.3178932211703795e-06,7.116158172948417e-06,64
public_task_span,9,1,8.51843878991902e-07,0.00961474000193218,0.00961474000193218,0.5,-8.739116765345667e-06,1.044280452332948e-05,64
public_task_span,35,11,9.64348691923032e-06,0.009609193643059441,0.009609193643059441,0.5,-0.0002779035494313489,0.00029719052326980955,64
post_selector,21,4,6.551809065058417e-06,0.009581638026874732,0.009581638026874732,0.546875,3.061126244575322e-05,-1.750764431563636e-05,64
public_task_span,22,26,-6.821971965108235e-07,-0.009556025739266059,0.009556025739266059,0.515625,-4.03381970954734e-05,3.897380270245176e-05,64
final_prompt,19,18,5.638657967210002e-07,0.009544230083271288,0.009544230083271288,0.5,-7.2797475922901086e-06,8.407479185732109e-06,64
final_prompt,32,1,5.792511274189755e-06,0.009542783643480848,0.009542783643480848,0.53125,-0.0001172172023871085,0.000128802224935488,64
public_task_span,26,0,9.94230867944631e-06,0.009542516473358922,0.009542516473358922,0.5,-6.448909334723263e-05,8.43737107061252e-05,64
final_prompt,17,28,5.115035417446734e-08,0.009533563602352161,0.009533563602352161,0.5,5.387130190825927e-07,-4.3641231073365816e-07,64
response_first,14,11,-4.3601862671502285e-06,-0.009524719873086764,0.009524719873086764,0.5,-4.672195245802638e-06,-4.048177288497846e-06,64
final_prompt,14,7,4.0313141198547536e-06,0.009519146644635386,0.009519146644635386,0.5,-0.00011038799425477634,0.00011845062249448584,64
response_first,22,28,-1.0570761332948184e-06,-0.00950198969353091,0.00950198969353091,0.5,-3.996592295151079e-05,3.7851770684921155e-05,64
response_mean,11,25,3.1898680390413754e-06,0.009499567221241106,0.009499567221241106,0.515625,-0.00010467704669279906,0.0001110567827708818,64
public_task_span,22,20,6.935267265360932e-06,0.009496492763277622,0.009496492763277622,0.5,-0.00020642785602830317,0.000220298390559025,64
public_task_span,14,5,-4.2047502120148444e-06,-0.009473921719016426,0.009473921719016426,0.5,-4.677491961046496e-05,3.8365419186435274e-05,64
public_task_span,22,10,3.2581804134674533e-06,0.009425153893231113,0.009425153893231113,0.5,-8.201891614589016e-05,8.853527697282507e-05,64
public_task_span,22,13,-1.1124357115470093e-05,-0.009422911768305888,0.009422911768305888,0.5,-0.00010932909208348851,8.708037785254831e-05,64
public_task_span,11,19,1.0750268586434686e-07,0.00941956339950158,0.00941956339950158,0.53125,-3.954219181423468e-06,4.169224553152162e-06,64
final_prompt,27,2,-1.6783957335064775e-07,-0.009394679082152487,0.009394679082152487,0.5,-1.6393551902638137e-06,1.3036760435625183e-06,64
response_first,10,11,-1.8572471844850922e-06,-0.009394642771751756,0.009394642771751756,0.5,-1.7666434359765064e-06,-1.9478509329936695e-06,64
final_prompt,7,20,4.2711521075489145e-07,0.009389033586055667,0.009389033586055667,0.5,-6.1193515819013555e-06,6.9735820034111384e-06,64
response_first,31,12,5.812589165536414e-07,0.009378598659662524,0.009378598659662524,0.546875,-3.063991380258446e-05,3.180243163569174e-05,64
response_first,22,31,8.456383511653128e-06,0.009357797201589232,0.009357797201589232,0.5,-0.000247388979914825,0.00026430174693813124,64
response_mean,13,23,-5.150077839747258e-07,-0.009350474318926367,0.009350474318926367,0.484375,9.294474324402261e-06,-1.0324489892351711e-05,64
response_mean,14,4,-8.366516794918248e-06,-0.00934960469044769,0.00934960469044769,0.515625,-3.2799339123810856e-05,1.6066305533974374e-05,64
response_mean,33,21,7.542113962705934e-06,0.009339651286167344,0.009339651286167344,0.53125,-0.0005529472355191914,0.0005680314634446034,64
response_first,9,1,1.2985633475174946e-06,0.009336506937062823,0.009336506937062823,0.515625,-1.245917019334148e-06,3.843043714369135e-06,64
final_prompt,18,11,5.896461175324053e-06,0.009336187825762439,0.009336187825762439,0.5,0.00031577223899145366,-0.00030397931664080555,64
public_task_span,27,14,-4.0042405089480345e-06,-0.00933565061808388,0.00933565061808388,0.5,-0.00012450890153557572,0.00011650042051767965,64
response_first,12,24,1.1787187759182416e-07,0.00933279541793822,0.00933279541793822,0.5,-7.305567294224602e-06,7.54131104940825e-06,64
public_task_span,15,7,-2.1755012653535444e-06,-0.009324835400641095,0.009324835400641095,0.515625,-7.907402289218734e-05,7.472302036148027e-05,64
response_first,20,7,4.834549116600052e-07,0.009323260851806068,0.009323260851806068,0.5,-1.3897169537809412e-05,1.4864079361129424e-05,64
response_first,8,22,-6.952165222172583e-06,-0.009323183565529903,0.009323183565529903,0.5,0.00028528656275738116,-0.0002991908932017263,64
response_mean,12,25,-4.906451358977968e-06,-0.009316478125615929,0.009316478125615929,0.5,-0.0001514629061602979,0.00014165000344234195,64
post_selector,5,27,0.00011079058276663935,0.009308063597905893,0.009308063597905893,0.53125,0.003740980931070206,-0.0035193997655369276,64
final_prompt,21,20,8.704633728481635e-06,0.009299544307397633,0.009299544307397633,0.515625,-0.000267405695922193,0.0002848149633791563,64
public_task_span,23,3,6.950143870200011e-06,0.009295814970651836,0.009295814970651836,0.5,-6.543094968945937e-05,7.933123742985935e-05,64
response_first,10,10,-2.385227344348014e-05,-0.009282751019373306,0.009282751019373306,0.5,0.00024642025891807417,-0.00029412480580503434,64
final_prompt,11,11,-4.875707304546565e-07,-0.0092794928602488,0.0092794928602488,0.5,-8.911359259398541e-06,7.936217798489228e-06,64
public_task_span,12,20,8.785301361058698e-06,0.009272183872897225,0.009272183872897225,0.515625,-0.0002748465758486249,0.0002924171785707423,64
response_mean,8,31,-1.590449903687803e-05,-0.009266333214441345,0.009266333214441345,0.5,0.0003294471464414539,-0.00036125614451521003,64
response_first,30,8,-2.9105533201347305e-06,-0.009264230388571125,0.009264230388571125,0.515625,-0.00014189995511058266,0.00013607884847031317,64
response_first,26,2,-2.00791509996719e-06,-0.009263226462687436,0.009263226462687436,0.5,-4.8080024498625094e-05,4.406419429869072e-05,64
final_prompt,7,23,6.766975388934804e-07,0.009258311049926648,0.009258311049926648,0.5,-2.5392251984608608e-05,2.674564706239557e-05,64
response_first,12,6,6.278635481750755e-06,0.009257081488766753,0.009257081488766753,0.5,-9.174189801796083e-05,0.00010429916898146235,64
response_first,3,17,-7.213358117045784e-06,-0.009252426902245947,0.009252426902245947,0.5,0.00015677130727454621,-0.00017119802350863775,64
response_first,3,7,-2.764038280389427e-05,-0.009249016498026733,0.009249016498026733,0.5,0.0007189802296778645,-0.0007742609952856531,64
response_mean,17,23,2.6993723167814183e-06,0.009245918673119538,0.009245918673119538,0.53125,-1.3619127685149271e-05,1.9017872318712097e-05,64
final_prompt,17,18,-4.9455215957999455e-06,-0.009240131314633478,0.009240131314633478,0.515625,6.966981072764015e-05,-7.956085391924001e-05,64
final_prompt,9,10,-2.2396173449124035e-07,-0.009238991409890264,0.009238991409890264,0.5,1.7377618917180373e-06,-2.1856853607005178e-06,64
response_first,7,28,-4.667434296830334e-07,-0.009226046207665721,0.009226046207665721,0.5,-1.5077241641808966e-06,5.742373048148298e-07,64
response_first,25,7,3.2757810686234734e-07,0.009203015344090616,0.009203015344090616,0.5,-5.815965323563432e-06,6.471121537288127e-06,64
response_mean,29,18,2.080207877956138e-06,0.00920057750212721,0.00920057750212721,0.515625,-0.00012298919352813,0.00012714960928404228,64
response_first,3,16,-8.198620344046709e-05,-0.009193818880377826,0.009193818880377826,0.5,-0.0006838725967099847,0.0005199001898290502,64
response_first,7,6,9.244982379641442e-08,0.009191219558199347,0.009191219558199347,0.5,-2.530905874209566e-06,2.7158055218023947e-06,64
final_prompt,35,1,-4.5049887376185595e-07,-0.009188162190969719,0.009188162190969719,0.484375,1.0648196393954475e-05,-1.1549194141478187e-05,64
response_mean,9,6,-7.318780603782216e-08,-0.009185995604844796,0.009185995604844796,0.5,-3.447620713359356e-07,1.983864592602913e-07,64
public_task_span,18,24,5.848221235279041e-06,0.009180276901789177,0.009180276901789177,0.5,6.742524578838719e-05,-5.5728803317829106e-05,64
final_prompt,18,19,5.18558047701901e-06,0.009157986500657413,0.009157986500657413,0.515625,9.119361834563163e-05,-8.082245739159361e-05,64
public_task_span,22,14,3.2602118153585884e-05,0.00915377953612837,0.00915377953612837,0.5,-0.001274707494303578,0.00133991173061075,64
response_mean,11,31,-1.046598868015256e-05,-0.00915360129521996,0.00915360129521996,0.5,-0.00013968890971227888,0.00011875693235197373,64
final_prompt,31,25,4.387394199060759e-07,0.009143940573044811,0.009143940573044811,0.5,-1.4922995205776347e-05,1.58004740455885e-05,64
final_prompt,7,25,1.075611066881567e-06,0.009134651363207227,0.009134651363207227,0.5,6.695459205721076e-06,-4.54423707195794e-06,64
public_task_span,23,29,-2.0627359162932818e-06,-0.009132533855037582,0.009132533855037582,0.484375,-8.231455240084005e-06,4.105983407497445e-06,64
response_first,20,18,4.3296516594150897e-07,0.00912799503367487,0.00912799503367487,0.5,-3.055558167370229e-06,3.921488499253248e-06,64
public_task_span,16,12,-2.958224285974148e-06,-0.009115794508248592,0.009115794508248592,0.5,-6.203825660122729e-05,5.6121808029279e-05,64
final_prompt,6,9,2.1403092205189987e-06,0.009103313049527204,0.009103313049527204,0.5,-4.0086629951470866e-05,4.436724839250886e-05,64
public_task_span,23,23,-3.047431846426904e-06,-0.009086029839529908,0.009086029839529908,0.5,-2.7556212899068612e-05,2.1461349206214804e-05,64
final_prompt,18,5,-1.3727422469873911e-06,-0.009083673603933798,0.009083673603933798,0.5,8.49133670043925e-06,-1.123682119441404e-05,64
public_task_span,10,13,-9.143153874901567e-06,-0.009080198931909653,0.009080198931909653,0.5,0.00012242146840434068,-0.00014070777615414373,64
public_task_span,1,2,1.9165512640034403e-05,0.00907272753398515,0.00907272753398515,0.5,3.429227945161566e-05,4.03874582845316e-06,64
final_prompt,11,12,4.258169155947737e-06,0.00907213823715927,0.00907213823715927,0.5,-0.00010019443220697675,0.00010871077051887222,64
public_task_span,26,7,-1.1241280844848431e-05,-0.009070939485287153,0.009070939485287153,0.5,-0.00017550844859215938,0.0001530258869024625,64
response_first,32,23,-1.1273334621364478e-07,-0.00905428386629632,0.00905428386629632,0.5,1.0959967085000246e-06,-1.321463400927314e-06,64
final_prompt,32,18,-5.788970725019598e-07,-0.009053970712187697,0.009053970712187697,0.5,-2.2810826749262258e-05,2.165303260425834e-05,64
response_mean,9,31,-2.3736636762812892e-06,-0.009051213258367963,0.009051213258367963,0.5,-7.851611471209721e-05,7.376878735953463e-05,64
final_prompt,16,9,1.2648729352865167e-06,0.0089979799435947,0.0089979799435947,0.5,-5.351078016244465e-05,5.604052603301768e-05,64
public_task_span,17,9,1.3094563655609377e-05,0.0089821922299275,0.0089821922299275,0.5,-4.081149381818128e-05,6.700062112939998e-05,64
response_first,34,27,-2.5678042447907533e-07,-0.008980467867928681,0.008980467867928681,0.484375,2.232366909993288e-06,-2.7459277589514386e-06,64
public_task_span,20,13,3.90283150864312e-06,0.008976331765863956,0.008976331765863956,0.5,-0.00010003139732360812,0.00010783706034089433,64
public_task_span,28,7,-2.995725481012058e-06,-0.008972042323989233,0.008972042323989233,0.46875,8.302857713714921e-05,-8.902002809917334e-05,64
public_task_span,12,30,-3.750570812144203e-06,-0.00897000881573281,0.00897000881573281,0.5,-0.00012905373580450767,0.00012155259418021927,64
public_task_span,23,27,-5.09169410634763e-07,-0.008963093088627595,0.008963093088627595,0.5,-1.250646022299134e-05,1.1488121401721815e-05,64
post_selector,21,16,3.155858757962699e-05,0.00896241697329073,0.00896241697329073,0.59375,0.00021331321113391007,-0.0001501960359746562,64
public_task_span,20,20,-3.5995821008394377e-06,-0.008943140068292908,0.008943140068292908,0.5,-0.0001361025733785893,0.00012890340917691046,64
public_task_span,2,25,-4.810867721980182e-06,-0.008943073289126247,0.008943073289126247,0.484375,2.3866512492538314e-05,-3.3488247936498686e-05,64
response_first,28,14,4.451770507778193e-07,0.008942308251118391,0.008942308251118391,0.5,-4.6526969299741706e-07,1.3556237945530548e-06,64
public_task_span,9,15,8.428130968239381e-06,0.00893350475732248,0.00893350475732248,0.5,2.5734250812095737e-05,-8.877988875617015e-06,64
final_prompt,34,1,-2.048468832072495e-05,-0.008923418823781726,0.008923418823781726,0.5,-0.0004583575537253688,0.0004173881770839188,64
public_task_span,26,23,-3.188978439542355e-06,-0.008918188477849651,0.008918188477849651,0.5,-7.561778056697723e-05,6.92398236878925e-05,64
public_task_span,26,25,-2.9086063477732875e-06,-0.008915827945401343,0.008915827945401343,0.5,8.677888627061687e-05,-9.259609896616344e-05,64
response_first,27,0,-1.6295769000862492e-07,-0.008910875534779778,0.008910875534779778,0.5,-2.3194069171950105e-06,1.9934915371777606e-06,64
response_mean,15,17,1.1928580740063648e-05,0.008903774871516132,0.008903774871516132,0.5,-0.0003028357035219635,0.00032669286500209085,64
response_mean,31,17,-1.616180398400502e-07,-0.008902347473039352,0.008902347473039352,0.5,-4.687952113613392e-06,4.364716033933291e-06,64
public_task_span,18,27,1.164369291472968e-05,0.00889766487652649,0.00889766487652649,0.515625,0.00010602120664770212,-8.273382081824281e-05,64
response_first,30,14,6.149867104454643e-08,0.00888115605126711,0.00888115605126711,0.5,-8.25636593759782e-07,9.486339358488748e-07,64
response_mean,25,3,1.5793095187177641e-07,0.008880335145523928,0.008880335145523928,0.5,-4.088985484429486e-06,4.404847388173039e-06,64
final_prompt,31,0,1.4719703358426493e-05,0.00885217480641325,0.00885217480641325,0.5,-0.00037061496186651565,0.0004000543685833687,64
response_first,15,10,1.2028033413713501e-07,0.008836854373399894,0.008836854373399894,0.5,-3.204420096381e-06,3.44498076465527e-06,64
public_task_span,17,26,-1.1565135025647607e-05,-0.008836321127048352,0.008836321127048352,0.5,-0.00022117471075943284,0.0001980444407081376,64
response_first,30,10,-4.759596095003734e-07,-0.008818129599230921,0.008818129599230921,0.5,-1.0846614912904186e-05,9.89469569390344e-06,64
public_task_span,34,18,-3.0958392471802654e-07,-0.008788132665753467,0.008788132665753467,0.5,-8.37825893995614e-06,7.759091090520087e-06,64
public_task_span,25,11,-7.930231959104756e-06,-0.008773128365818872,0.008773128365818872,0.515625,-0.00043428147137089697,0.00041842100745268743,64
public_task_span,21,13,-5.995404535500973e-06,-0.008768184418190219,0.008768184418190219,0.5,-1.2521412827487335e-05,5.306037564853991e-07,64
final_prompt,35,22,1.3887719433112677e-05,0.008768071154962679,0.008768071154962679,0.515625,-0.0002462996399117358,0.0002740750787779613,64
response_mean,7,23,-7.638523243259007e-06,-0.00876704416585427,0.00876704416585427,0.484375,5.088270199865186e-06,-2.0365316686383198e-05,64
public_task_span,7,29,-3.213100541169088e-07,-0.008756267141847471,0.008756267141847471,0.5,9.411547409852163e-06,-1.005416751808598e-05,64
public_task_span,32,13,-1.2125974535572177e-06,-0.008739555114919523,0.008739555114919523,0.484375,-1.9486899191173082e-05,1.7061704284058652e-05,64
response_first,16,6,5.106323044394823e-07,0.008730042420300387,0.008730042420300387,0.515625,-1.690721580870867e-05,1.7928480417587638e-05,64
public_task_span,27,29,1.4676960745422786e-05,0.0087298811502328,0.0087298811502328,0.515625,-0.00014373553676705163,0.0001730894582578972,64
response_mean,9,28,-5.987338226985035e-06,-0.008729364418586542,0.008729364418586542,0.5,-0.00018009571607534585,0.00016812103962137579,64
final_prompt,12,31,6.584018734693086e-07,0.008726317857764834,0.008726317857764834,0.5,-1.4469155388486498e-05,1.5785959135425114e-05,64
final_prompt,23,23,-1.7827669580616855e-06,-0.00872102924427605,0.00872102924427605,0.5,-3.299463924122328e-05,2.9429105325099898e-05,64
public_task_span,5,0,-5.269878784020799e-06,-0.008716011286541207,0.008716011286541207,0.484375,-7.790900963299505e-05,6.736925206495348e-05,64
response_first,14,30,-2.1193623069813976e-06,-0.008707327830769324,0.008707327830769324,0.5,-1.660236148381704e-05,1.2363636869854247e-05,64
response_first,8,15,1.5794100818308005e-06,0.008703909679713642,0.008703909679713642,0.5,4.7283358526313145e-05,-4.412453836265154e-05,64
response_first,3,5,-7.671644853068796e-05,-0.008690930877939469,0.008690930877939469,0.5,0.002424779247949249,-0.002578212145010625,64
post_selector,6,14,-2.4640177343834884e-05,-0.008688385660527992,0.008688385660527992,0.59375,0.0009350977024950931,-0.0009843780571827626,64
response_mean,15,27,-2.9544502240253747e-06,-0.008679679736180956,0.008679679736180956,0.5,2.658850507941334e-05,-3.2497405527464084e-05,64
response_mean,10,23,-3.911528438042467e-06,-0.008669433390784492,0.008669433390784492,0.5,-0.00019596999482017323,0.00018814693794408832,64
response_first,13,2,1.1899174751307726e-05,0.00866862895435837,0.00866862895435837,0.5,-0.00045178731306803335,0.0004755856625706488,64
public_task_span,7,31,4.967632776235803e-07,0.008665501743419596,0.008665501743419596,0.5,-6.172562962089609e-06,7.1660895173367675e-06,64
final_prompt,1,10,-5.628423423334573e-06,-0.00865738789255929,0.00865738789255929,0.5,-7.483796616725495e-05,6.35811193205858e-05,64
response_mean,35,5,-2.2378571884473786e-07,-0.00865503215143266,0.00865503215143266,0.515625,-8.718335493540508e-06,8.270764055851032e-06,64
final_prompt,32,31,-6.388969268306249e-06,-0.008624365419495175,0.008624365419495175,0.5,0.00017464316533731875,-0.00018742110387393122,64
public_task_span,8,29,-9.672872067736384e-07,-0.008620956432519002,0.008620956432519002,0.5,-2.4773156326310923e-05,2.283858191276365e-05,64
public_task_span,15,29,-1.4920780813553136e-05,-0.008600773631341898,0.008600773631341898,0.5,-0.0006163162515804187,0.0005864746899533125,64
response_mean,29,30,-6.81150567061195e-08,-0.00859967437186875,0.00859967437186875,0.5,5.376461373884922e-07,-6.738762508007312e-07,64
final_prompt,16,10,2.1315502181106866e-06,0.008597944133082852,0.008597944133082852,0.5,-6.370226560646654e-05,6.79653660426879e-05,64
public_task_span,27,26,-8.518669346810336e-06,-0.008595776838674001,0.008595776838674001,0.5,-0.0001280550186493156,0.00011101767995569492,64
public_task_span,19,16,1.1462499060140476e-05,0.008592378904829352,0.008592378904829352,0.515625,-0.000173740687387178,0.00019666568550745893,64
public_task_span,26,28,3.5400601063899038e-06,0.008574215402245637,0.008574215402245637,0.484375,-2.53083862844484e-05,3.2388506497228215e-05,64
response_first,30,21,-3.9479266433829763e-07,-0.008573057803968519,0.008573057803968519,0.5,-8.862937136199156e-06,8.07335180752256e-06,64
final_prompt,11,29,-8.598491376678318e-07,-0.008562174431348785,0.008562174431348785,0.5,-2.714730703700612e-05,2.5427608761670453e-05,64
final_prompt,7,5,1.0240839998231358e-06,0.008555938542201512,0.008555938542201512,0.5,-2.345899746103286e-05,2.5507165460679132e-05,64
response_first,13,8,-7.720211215198916e-06,-0.008553508942701595,0.008553508942701595,0.515625,-5.277652417134791e-05,3.7336101740950046e-05,64
public_task_span,27,17,3.1194787197818757e-06,0.008550275287531429,0.008550275287531429,0.5,6.18128749465509e-05,-5.557391750698713e-05,64
final_prompt,15,5,6.360922100168713e-07,0.008535495582705981,0.008535495582705981,0.5,9.564872982538355e-06,-8.292688562504612e-06,64
public_task_span,16,30,8.825149052420628e-06,0.008534244206674792,0.008534244206674792,0.515625,0.0003524513176671232,-0.00033480101956228194,64
response_mean,13,15,1.0303885673583016e-05,0.008528774764740612,0.008528774764740612,0.5,3.9843422939624056e-05,-1.9235651592458064e-05,64
response_mean,32,21,7.159556503211206e-08,0.008528234330491356,0.008528234330491356,0.484375,-7.131575188168426e-07,8.563486488810668e-07,64
response_first,12,3,-1.1105135854453141e-05,-0.008520499169754276,0.008520499169754276,0.5,-0.00047011114020278433,0.00044790086849387815,64
response_first,8,20,9.297380074741503e-07,0.008517992713137686,0.008517992713137686,0.515625,-1.176195178231199e-05,1.362142779726029e-05,64
public_task_span,6,7,-5.6803561164995675e-05,-0.008514156623178778,0.008514156623178778,0.484375,-0.00010885327355935308,-4.753848770638381e-06,64
public_task_span,25,24,1.1580789305326342e-06,0.008506486887509383,0.008506486887509383,0.515625,2.2397478005597936e-06,7.641006050547992e-08,64
final_prompt,7,12,-4.8452784540094825e-06,-0.008498198641103382,0.008498198641103382,0.5,-0.000150070543895698,0.00014037998698767905,64
response_first,14,25,7.450230605770068e-07,0.00849667274098152,0.00849667274098152,0.46875,2.331555832268663e-05,-2.1825512201532617e-05,64
response_first,18,31,-4.9594909796771665e-06,-0.008494997487203833,0.008494997487203833,0.515625,-0.0001568012316965891,0.00014688224973723475,64
final_prompt,16,0,-3.679520261807854e-06,-0.008492372905734133,0.008492372905734133,0.5,2.2850290406503498e-05,-3.020933093011922e-05,64
response_mean,35,14,1.36434300657279e-06,0.008488460078291077,0.008488460078291077,0.5,-5.5742912081756295e-05,5.847159809490186e-05,64
post_selector,4,13,-9.491280161455116e-05,-0.008478993075960117,0.008478993075960117,0.46875,0.0028922477540618196,-0.003082073357290922,64
final_prompt,18,26,1.0000559882425889e-05,0.0084700722367686,0.0084700722367686,0.5,-0.00015518204099862457,0.00017518316076347643,64
response_first,12,9,-2.704390663402635e-06,-0.008467389969922134,0.008467389969922134,0.5,-6.368369596998126e-05,5.8274914643176e-05,64
final_prompt,15,24,-1.8993943129309507e-07,-0.008458206837389034,0.008458206837389034,0.5,1.6878768960282282e-06,-2.0677557586144184e-06,64
response_first,1,25,7.976327651700189e-07,0.008455723743646722,0.008455723743646722,0.5,-9.762515674082734e-06,1.1357781204422774e-05,64
final_prompt,13,15,1.1847860648117603e-07,0.00845546204400253,0.00845546204400253,0.5,-3.1906686857041677e-06,3.4276258986665198e-06,64
public_task_span,18,4,6.356859557853725e-06,0.008454725533218157,0.008454725533218157,0.515625,0.00012034245082757821,-0.0001076287317118708,64
response_first,7,16,-4.8715854461534036e-08,-0.008452178504994606,0.008452178504994606,0.5,-6.638278122750307e-07,5.663961033519627e-07,64
final_prompt,9,31,3.4778501856180837e-08,0.008448149739660665,0.008448149739660665,0.5,1.3440766233330237e-06,-1.274519619620662e-06,64
response_first,35,7,1.8769003418128683e-07,0.008445331852473675,0.008445331852473675,0.5,-2.5557830838351947e-06,2.931163152197769e-06,64
final_prompt,20,12,-2.2933015770817004e-06,-0.008443608057991384,0.008443608057991384,0.515625,2.1794786334789114e-05,-2.6381389488952528e-05,64
final_prompt,34,18,-4.6524763774918806e-07,-0.008437859433199475,0.008437859433199475,0.5,1.4524784887723222e-05,-1.54552801632216e-05,64
final_prompt,10,12,-2.8784070309486614e-06,-0.00842511741873305,0.00842511741873305,0.5,-8.420282028964077e-05,7.844600622774347e-05,64
response_first,12,28,-1.428307200511022e-06,-0.008423801235484502,0.008423801235484502,0.5,-1.7555840145178288e-05,1.4699225744156237e-05,64
public_task_span,13,9,-1.1322417776679114e-05,-0.008422035349453768,0.008422035349453768,0.484375,-0.0007549385336460281,0.0007322936980926699,64
public_task_span,7,18,-2.2458298190007924e-06,-0.00841996629121036,0.00841996629121036,0.5,1.286889619223529e-05,-1.7360555830236878e-05,64
response_first,13,14,2.9727049088978354e-07,0.0084109890221111,0.0084109890221111,0.5,-7.040087918853884e-06,7.634628900633451e-06,64
response_first,17,6,-4.022774504614878e-07,-0.00840732630184661,0.00840732630184661,0.515625,-6.146815195503783e-06,5.342260294580808e-06,64
post_selector,7,5,-9.584178116027368e-06,-0.008392295000908965,0.008392295000908965,0.46875,0.00012879343614712952,-0.00014796179237918424,64
public_task_span,12,26,3.5397085866916903e-06,0.008384472854296518,0.008384472854296518,0.5,-0.00013203425260140792,0.00013911366977479133,64
post_selector,9,28,0.00014001273797249725,0.008380366969877146,0.008380366969877146,0.390625,0.003553268044356635,-0.0032732425684116407,64
response_mean,29,23,-7.169475679802417e-08,-0.008379096976429789,0.008379096976429789,0.5,-4.618581442628056e-06,4.4751919290320075e-06,64
response_first,31,9,2.200480935244116e-06,0.00837445531914806,0.00837445531914806,0.5,-0.0001293239531605466,0.00013372491503103483,64
final_prompt,1,26,-3.3590811199246684e-07,-0.008368476511562438,0.008368476511562438,0.5,3.4274069093953585e-06,-4.099223133380292e-06,64
public_task_span,28,20,7.989042387639666e-07,0.008366443475516088,0.008366443475516088,0.5,-4.558742671177671e-05,4.718523518930465e-05,64
post_selector,11,8,-1.124616551351463e-05,-0.008362723211713538,0.008362723211713538,0.53125,0.000366785001006052,-0.0003892773320330813,64
public_task_span,28,21,1.1108975741078141e-05,0.008352367891766029,0.008352367891766029,0.5,-0.0005853945986018407,0.0006076125500839969,64
public_task_span,30,0,-5.95021447224998e-06,-0.008344830199096298,0.008344830199096298,0.5,-0.00022766950860384687,0.00021576907965934692,64
response_mean,12,27,-1.8610343204281307e-06,-0.0083401575988841,0.0083401575988841,0.5,-1.6029447465368705e-05,1.2307378824512438e-05,64
final_prompt,10,23,6.871639925517167e-06,0.008330511212813656,0.008330511212813656,0.5,-0.0003612626824178736,0.000375005962268908,64
response_mean,34,10,2.6513066586630885e-07,0.008322959230039468,0.008322959230039468,0.5,-4.8537186216890404e-06,5.383979953421658e-06,64
final_prompt,10,22,9.555024007550873e-07,0.00832124551164107,0.00832124551164107,0.5,-2.5293733187930612e-05,2.720473798944079e-05,64
final_prompt,32,16,-1.3644184946310938e-05,-0.008320189420567722,0.008320189420567722,0.5,-0.00035991019285573124,0.0003326218229631094,64
public_task_span,18,23,1.2454061106842405e-05,0.008318010181019974,0.008318010181019974,0.515625,0.000451600031738048,-0.00042669190952436314,64
public_task_span,20,11,1.2009445526923805e-06,0.008315011721533065,0.008315011721533065,0.5,-2.1939794464742018e-05,2.4341683570126775e-05,64
public_task_span,1,11,-3.5061588278037715e-05,-0.008314399568720272,0.008314399568720272,0.484375,0.00010793074034155326,-0.00017805391689762836,64
response_first,28,4,6.622998398615875e-07,0.008299043439739277,0.008299043439739277,0.5,-1.1910433613585421e-05,1.3235033293308599e-05,64
response_mean,8,12,8.380443432540581e-07,0.008298607203296846,0.008298607203296846,0.5,9.365142432212396e-06,-7.68905374570428e-06,64
final_prompt,16,4,-2.324814190046709e-07,-0.008298540844348005,0.008298540844348005,0.5,3.053558366161724e-06,-3.5185212041710656e-06,64
response_mean,8,16,2.1380967609723904e-06,0.008295386780419271,0.008295386780419271,0.5,-5.4756329063817674e-05,5.903252258576245e-05,64
final_prompt,14,9,-8.502029658075116e-08,-0.008294828124643942,0.008294828124643942,0.5,1.6053896523260391e-06,-1.7754302454875415e-06,64
final_prompt,17,4,1.1461173983213657e-06,0.008291806738705195,0.008291806738705195,0.53125,2.683906461697425e-05,-2.454682982033152e-05,64
response_first,34,19,-1.270030998056621e-05,-0.008289330309347033,0.008289330309347033,0.515625,-0.0005485274241436623,0.00052312680418253,64
final_prompt,1,4,-4.300678142494777e-07,-0.008277173063242839,0.008277173063242839,0.5,8.973582566797337e-06,-9.833718195296292e-06,64
public_task_span,1,31,-5.014245289203527e-05,-0.008271458482579843,0.008271458482579843,0.5,-0.0035328286539879445,0.0034325437482038744,64
public_task_span,35,6,4.442545105114065e-06,0.00826829944116415,0.00826829944116415,0.5,2.6444120521759388e-05,-1.7559030311531252e-05,64
public_task_span,13,13,5.22074401489504e-07,0.008259235841598078,0.008259235841598078,0.484375,-1.3082619773281334e-05,1.412676857626034e-05,64
public_task_span,7,27,-4.821495735994318e-07,-0.008252177035732356,0.008252177035732356,0.5,8.903911975720975e-06,-9.86821112291984e-06,64
response_first,19,30,1.4988839041057531e-06,0.00824830293051926,0.00824830293051926,0.5,5.7408481779918785e-05,-5.441071397170728e-05,64
final_prompt,35,8,7.881757937862498e-06,0.008245003367551637,0.008245003367551637,0.5,-0.000197790754100425,0.00021355426997614997,64
response_first,11,24,-7.633150005405134e-06,-0.008239027012499766,0.008239027012499766,0.5,-1.0495613764751845e-05,-4.7706862460584565e-06,64
final_prompt,28,28,-3.260091716583702e-07,-0.008229686293530523,0.008229686293530523,0.5,-2.3269501639333612e-05,2.261748329601687e-05,64
response_first,32,26,-3.716707510648413e-07,-0.008228628173939946,0.008228628173939946,0.5,3.180265082390988e-06,-3.923606584520671e-06,64
final_prompt,15,22,1.6898100696494112e-07,0.008223498130716864,0.008223498130716864,0.5,-3.7126719547586617e-06,4.050633968688544e-06,64
final_prompt,32,30,1.2186305298189425e-06,0.00822294443750938,0.00822294443750938,0.5,3.6383800591013806e-05,-3.394653953137592e-05,64
post_selector,26,3,-1.095038714993438e-05,-0.008221935597049954,0.008221935597049954,0.5,-3.852774534608442e-05,1.662697104621566e-05,64
public_task_span,0,11,-3.119066423096254e-05,-0.008213312672638006,0.008213312672638006,0.5,0.00024482038497808124,-0.0003072017134400063,64
post_selector,10,4,-1.4748687135582349e-05,-0.008212427467772187,0.008212427467772187,0.484375,-0.00035683868372869893,0.0003273413094575343,64
public_task_span,28,17,-8.40429265738524e-07,-0.008207386178965595,0.008207386178965595,0.5,-6.688945086351512e-05,6.520859233203806e-05,64
response_mean,35,9,3.959440164178388e-06,0.008207109515635141,0.008207109515635141,0.53125,-0.0002886284810301442,0.00029654736135850093,64
response_mean,3,22,-1.3370584838414028e-05,-0.008204440819345531,0.008204440819345531,0.5,-3.630903574957498e-05,9.567866072746883e-06,64
response_mean,30,23,-2.448759204298767e-07,-0.008202787233216829,0.008202787233216829,0.5,-3.487903882160026e-06,2.9981520413002727e-06,64
final_prompt,32,22,-1.0554429650223214e-06,-0.008201285641589662,0.008201285641589662,0.5,-2.5154717718563553e-05,2.3043831788518904e-05,64
response_mean,17,27,1.297438097935159e-05,0.008197844470162387,0.008197844470162387,0.5,-0.00024790000497885674,0.00027384876693755994,64
response_mean,32,26,-3.8332601093054056e-07,-0.00818967525827929,0.00818967525827929,0.5,4.550648313287283e-06,-5.3173003351483645e-06,64
response_first,25,27,5.008917923984683e-06,0.008187214373302165,0.008187214373302165,0.515625,-0.00030915381171324555,0.0003191716475612149,64
response_first,22,14,3.15221222990257e-06,0.008168676158334491,0.008168676158334491,0.5,-8.177081554094382e-05,8.807524000074892e-05,64
public_task_span,22,2,-6.8095487222386084e-06,-0.008158342196830369,0.008158342196830369,0.484375,-0.0003516100869092023,0.00033799098946472514,64
response_first,20,13,1.0916338410993376e-07,0.008157810334908845,0.008157810334908845,0.5,2.8582782007902097e-07,-6.750105185915345e-08,64
response_first,5,4,-3.278044857777179e-06,-0.008151526664395614,0.008151526664395614,0.5,8.687186266344048e-05,-9.342795237899484e-05,64
public_task_span,32,27,-5.1790430006756155e-06,-0.008150487568973871,0.008150487568973871,0.5,2.1879182895657507e-05,-3.22372688970087e-05,64
response_first,21,11,6.083419967772841e-08,0.008130400048654408,0.008130400048654408,0.546875,-3.049817210332151e-06,3.1714856096876076e-06,64
final_prompt,17,2,4.14086184719422e-06,0.008125596344905903,0.008125596344905903,0.5,-0.00010013368478212041,0.00010841540847650885,64
response_first,34,25,-4.423298634029213e-07,-0.008118017343369536,0.008118017343369536,0.5,1.2564698010902037e-06,-2.141129527896047e-06,64
response_mean,27,20,-1.8349084030005092e-06,-0.008116079214602874,0.008116079214602874,0.5,-4.451603922461483e-05,4.084622241861381e-05,64
public_task_span,9,2,-1.7530037439439383e-06,-0.008114579912895142,0.008114579912895142,0.5,3.993471000285185e-05,-4.3440717490739724e-05,64
final_prompt,30,3,6.75780597703611e-07,0.008106452256088336,0.008106452256088336,0.5,-3.392225198694145e-05,3.527381318234867e-05,64
final_prompt,8,8,-1.1401458266391273e-07,-0.00810177363315478,0.00810177363315478,0.5,5.750292757511488e-06,-5.978321922839314e-06,64
public_task_span,32,19,3.6724031815546924e-06,0.008085275005821154,0.008085275005821154,0.5,-0.00020586507707772762,0.00021320988344083702,64
final_prompt,17,15,1.7510894281253874e-06,0.008077126640263686,0.008077126640263686,0.484375,-1.725257106956879e-06,5.2274359632076555e-06,64
response_first,5,29,0.00013662378478329325,0.008075118794779464,0.008075118794779464,0.5,-0.0031850416417000755,0.0034582892112666607,64
response_first,18,1,-3.090142399747253e-07,-0.008059949507679364,0.008059949507679364,0.484375,1.7338519455731883e-05,-1.7956547935681334e-05,64
public_task_span,18,18,1.3927178144967965e-05,0.008051443967786545,0.008051443967786545,0.5,0.0001942501464782082,-0.0001663957901882722,64
public_task_span,7,2,1.6776491520414617e-06,0.00804651292767354,0.00804651292767354,0.5,6.827522520324108e-05,-6.491992689915818e-05,64
final_prompt,2,23,-4.830567547742053e-05,-0.008038947473560305,0.008038947473560305,0.5,0.0015275406756245719,-0.0016241520265794132,64
public_task_span,4,21,7.414480205625328e-05,0.008038170623727558,0.008038170623727558,0.5,9.730346209836226e-05,5.098614201414398e-05,64
response_mean,17,29,2.023686477056768e-06,0.008036183484290502,0.008036183484290502,0.5,4.234117830036581e-05,-3.829380534625229e-05,64
final_prompt,12,27,1.6146639154576685e-06,0.008034733464920648,0.008034733464920648,0.5,-2.7344577347314794e-05,3.0573905178230134e-05,64
final_prompt,30,0,-1.0810942512762931e-05,-0.008021999087833033,0.008021999087833033,0.515625,-6.820141788920731e-05,4.6579532863681445e-05,64
final_prompt,30,20,-7.293060434678125e-06,-0.008021824621724443,0.008021824621724443,0.5,-2.976150835819998e-05,1.5175387488843695e-05,64
public_task_span,33,3,5.3505457344773615e-06,0.008001212718886451,0.008001212718886451,0.515625,-0.00024185221582226547,0.0002525533072912202,64
response_first,8,19,1.0166484571530461e-05,0.007991441524546426,0.007991441524546426,0.5,-2.7677155230770362e-05,4.80101243738313e-05,64
final_prompt,18,10,3.750251153183601e-06,0.007990312231870142,0.007990312231870142,0.484375,0.0001843235277192378,-0.0001768230254128706,64
public_task_span,10,11,1.2769246495699993e-06,0.0079860980009374,0.0079860980009374,0.5,-3.304235997348373e-05,3.559620927262374e-05,64
response_first,1,9,4.639406324712938e-05,0.007979937817415374,0.007979937817415374,0.5,-0.001400080807798079,0.0014928689342923376,64
final_prompt,14,14,-4.963924737921843e-08,-0.007948942799872141,0.007948942799872141,0.484375,2.4063427872533794e-06,-2.5056212820118162e-06,64
final_prompt,16,19,1.1503991856896796e-06,0.00793491084576275,0.00793491084576275,0.5,-4.985535406375845e-05,5.215615243513781e-05,64
public_task_span,35,18,4.844328941545334e-06,0.007934632937622395,0.007934632937622395,0.5,-8.908266499928849e-05,9.877132288237915e-05,64
public_task_span,24,7,-2.4701461853737793e-07,-0.007923064121317817,0.007923064121317817,0.5,-5.341158839655691e-06,4.847129602580935e-06,64
response_first,14,2,4.6985181256704583e-07,0.00790924754391346,0.00790924754391346,0.5,-6.265643463623576e-06,7.205347088757666e-06,64
public_task_span,25,3,-3.23644314903504e-07,-0.007901866672604722,0.007901866672604722,0.484375,-1.2002907396890805e-06,5.530021098820725e-07,64
response_first,13,17,6.072747510186974e-06,0.007896198635672895,0.007896198635672895,0.484375,0.0001616677561742039,-0.00014952226115382992,64
response_first,8,24,5.124378003529533e-05,0.007894972370345256,0.007894972370345256,0.5,-0.0019248424941906532,0.002027330054261244,64
final_prompt,1,17,-7.700422429476684e-06,-0.007894627276614745,0.007894627276614745,0.5,-1.531556335976018e-05,-8.528149919316053e-08,64
final_prompt,11,1,5.158366320758083e-07,0.00789396678992492,0.00789396678992492,0.5,-2.284965307807494e-05,2.3881326342226558e-05,64
response_mean,19,20,1.4204960336871857e-06,0.007887264630430234,0.007887264630430234,0.5,6.442194489863034e-06,-3.6012024224886686e-06,64
response_first,34,13,1.1011420042415906e-06,0.00787597066572591,0.00787597066572591,0.5,2.6122390863759868e-06,-4.0995507789280564e-07,64
final_prompt,9,27,7.998809223854684e-07,0.007874415510909906,0.007874415510909906,0.5,-3.726872023432514e-06,5.326633868203444e-06,64
public_task_span,14,19,4.451718268685952e-06,0.007871934831207838,0.007871934831207838,0.515625,-0.00018955042287413295,0.00019845385941150482,64
response_first,11,25,2.9662207907714944e-06,0.007869923741292714,0.007869923741292714,0.5,-0.0001701660753496776,0.0001760985169312206,64
final_prompt,20,11,-9.370816567155771e-08,-0.007869859737573141,0.007869859737573141,0.5,-3.1276661154322483e-06,2.940249784089133e-06,64
public_task_span,23,31,5.597304948418948e-06,0.007866838372362987,0.007866838372362987,0.484375,8.354579938440692e-05,-7.235118948756903e-05,64
response_first,7,14,8.59297415445327e-08,0.007862208984276945,0.007862208984276945,0.5,1.4061639461715458e-06,-1.2343044630824809e-06,64
response_mean,18,6,9.94729353465408e-06,0.00786049711894763,0.00786049711894763,0.5,-7.332877390806846e-05,9.32233609773766e-05,64
response_mean,18,2,-1.5205779504864588e-05,-0.00784011163099938,0.00784011163099938,0.5,0.00012290132622183955,-0.00015331288523156883,64
response_first,29,14,2.6422088978998017e-06,0.007838200988244056,0.007838200988244056,0.515625,-0.00015261225479432458,0.0001578966725901242,64
response_mean,9,25,-3.792447932937396e-05,-0.007835040002976319,0.007835040002976319,0.5,-0.00018250116045238137,0.0001066522017936335,64
response_mean,9,3,4.839100995475827e-07,0.007825295114219708,0.007825295114219708,0.5,-6.142753392163906e-06,7.110573591259071e-06,64
final_prompt,11,10,1.3626166150969752e-06,0.007815874922531257,0.007815874922531257,0.5,-3.298959325093056e-05,3.571482648112452e-05,64
response_mean,12,7,2.0663587747524405e-06,0.007810623876117708,0.007810623876117708,0.5,4.9226850933461836e-06,-7.899675438413008e-07,64
response_first,24,17,1.2227332071309852e-06,0.007806548109701141,0.007806548109701141,0.515625,3.724760922807111e-05,-3.480214281380914e-05,64
public_task_span,34,29,-4.2487890823376424e-06,-0.007804507172295663,0.007804507172295663,0.5,-0.00023689971339990002,0.0002284021352352247,64
final_prompt,3,25,3.8655415977473673e-05,0.007797794144012497,0.007797794144012497,0.5,0.0012670407703580995,-0.001189729938403152,64
final_prompt,15,3,3.658727109721922e-06,0.007796326084034278,0.007796326084034278,0.5,0.00013591341848949,-0.00012859596427004615,64
response_mean,17,17,-2.2671244778395754e-05,-0.007793231559020018,0.007793231559020018,0.5,-0.0007195385660452105,0.0006741960764884189,64
response_first,30,16,-1.0063138233832941e-06,-0.007786576134081232,0.007786576134081232,0.53125,-3.643208754054654e-05,3.4419459893779956e-05,64
response_mean,7,29,2.7639492117265974e-07,0.007783881884750365,0.007783881884750365,0.5,-2.4043113455947365e-07,7.932209769047923e-07,64
response_first,12,20,-2.1388652839940892e-06,-0.007782589645087414,0.007782589645087414,0.5,-6.560639826601623e-05,6.132866769802805e-05,64
public_task_span,35,19,-7.909613486848929e-06,-0.007777787087572447,0.007777787087572447,0.5,-0.0002507031895220229,0.00023488396254832503,64
post_selector,24,17,1.5614910068961817e-05,0.0077640182794259695,0.0077640182794259695,0.484375,0.00018573427587398648,-0.0001545044557360629,64
public_task_span,35,29,5.181027518120593e-06,0.007763958197446885,0.007763958197446885,0.5,-0.0001527538133814125,0.00016311586841765373,64
final_prompt,1,3,4.670111479764598e-07,0.00776236448708049,0.00776236448708049,0.5,-8.132688890324667e-06,9.066711186277588e-06,64
response_first,14,3,-4.743744739242332e-06,-0.00773701205725387,0.00773701205725387,0.5,-9.125024917018798e-06,-3.624645614658961e-07,64
public_task_span,30,5,-6.346751320058378e-07,-0.007733332472057877,0.007733332472057877,0.5,-1.0919883493440687e-05,9.650533229429008e-06,64
response_first,22,23,-1.676670784434009e-07,-0.007731427381294253,0.007731427381294253,0.5,-5.607286269082579e-06,5.271952112195777e-06,64
response_mean,18,7,6.386969573666799e-06,0.007723417834923122,0.007723417834923122,0.515625,4.2507100374678524e-05,-2.9733161227344953e-05,64
final_prompt,16,26,4.395824362286673e-06,0.007721687108158115,0.007721687108158115,0.5,-0.0002161293132303413,0.0002249209619549147,64
response_first,15,17,1.915331110383538e-07,0.007702784739778699,0.007702784739778699,0.5,-5.4466979493271885e-06,5.829764171403896e-06,64
response_mean,34,25,6.298730284003367e-07,0.007691112170204348,0.007691112170204348,0.5,7.084370281514243e-06,-5.824624224713574e-06,64
final_prompt,4,13,9.674906181094534e-06,0.0076873727128597275,0.0076873727128597275,0.5,0.0003409928922337786,-0.0003216430798715895,64
public_task_span,9,11,-1.103115295110364e-06,-0.00768377259736157,0.00768377259736157,0.5,-3.502244697983236e-05,3.281621638961164e-05,64
public_task_span,22,1,3.0616442927584644e-06,0.0076748108583932625,0.0076748108583932625,0.5,-6.480404408634217e-06,1.2603692994151133e-05,64
final_prompt,4,17,-4.3819781581112945e-07,-0.007657990311652385,0.007657990311652385,0.5,8.214914430477377e-06,-9.091310062099636e-06,64
response_first,29,23,-4.410720322312045e-08,-0.007648524288071717,0.007648524288071717,0.5,-1.8347836956422725e-06,1.7465692891960316e-06,64
response_first,6,13,3.492661562632803e-05,0.007645122854341694,0.007645122854341694,0.5,0.0004388825454952936,-0.0003690293142426374,64
response_first,8,26,1.571520078868896e-05,0.007637111355407097,0.007637111355407097,0.5,-0.00018183100473834158,0.00021326140631571953,64
final_prompt,8,10,-3.936160197781641e-08,-0.007636831795158427,0.007636831795158427,0.5,1.8139189990051818e-06,-1.8926422029608148e-06,64
public_task_span,31,22,-1.2160778624138625e-06,-0.007636432625448251,0.007636432625448251,0.5,-6.218804583112677e-05,5.975589010629905e-05,64
public_task_span,13,30,3.1392792152433283e-06,0.007629301810784995,0.007629301810784995,0.5,-0.0001025949286486059,0.00010887348707909255,64
final_prompt,20,27,4.048366463395307e-06,0.007624820535713328,0.007624820535713328,0.5,-8.738360429559688e-05,9.548033722238749e-05,64
final_prompt,29,2,1.617187808732959e-05,0.007617787956972044,0.007617787956972044,0.515625,-0.0008316558469232435,0.0008639996030979026,64
response_mean,15,21,8.707351071277084e-07,0.007612876294431846,0.007612876294431846,0.5,3.661212986116355e-05,-3.487065964690814e-05,64
response_first,33,9,2.1137713019950223e-06,0.007611363060018543,0.007611363060018543,0.5,-0.00018204880507252113,0.00018627634767651117,64
final_prompt,9,13,-7.829173682687416e-07,-0.0076104256716050854,0.0076104256716050854,0.5,-3.196382431268919e-05,3.039798957615171e-05,64
response_first,13,12,-1.7253922110493924e-09,-0.007603699506567686,0.007603699506567686,0.484375,-1.025506930762976e-07,9.909990865419882e-08,64
response_mean,12,28,-7.952441478662752e-07,-0.007602916749978682,0.007602916749978682,0.5,-3.1630713124276854e-05,3.0040224828544305e-05,64
public_task_span,18,3,2.061086661345494e-07,0.00760119167008739,0.00760119167008739,0.5,-6.822484692718463e-07,1.094465801540945e-06,64
final_prompt,9,7,-2.429743091170171e-07,-0.007598245762351443,0.007598245762351443,0.5,8.040910842055382e-06,-8.526859460289415e-06,64
response_mean,13,10,-4.0326091948376084e-05,-0.007581477911509029,0.007581477911509029,0.484375,-0.0012049044985360414,0.001124252314639289,64
response_mean,17,10,5.689559884556014e-06,0.007578520301230184,0.007578520301230184,0.5,-4.375673324830182e-05,5.5135853017413845e-05,64
response_mean,13,7,-4.215488047521551e-06,-0.007577534994843394,0.007577534994843394,0.5,5.23010730830788e-05,-6.0732049178121855e-05,64
final_prompt,10,15,3.3786375297495397e-07,0.007569812844116947,0.007569812844116947,0.5,-4.9635866616881685e-06,5.6393141676380765e-06,64
response_mean,11,21,-6.343437348724198e-07,-0.007565076206641767,0.007565076206641767,0.5,-7.839746672288481e-06,6.5710592025436415e-06,64
public_task_span,29,24,-8.524140866937135e-06,-0.007564576787601216,0.007564576787601216,0.5,-0.00035634704909170186,0.0003392987673578276,64
final_prompt,22,19,-4.163572882029347e-07,-0.0075602763238679874,0.0075602763238679874,0.515625,-1.8584532895714186e-05,1.775181831930832e-05,64
response_first,16,2,3.844760332326114e-07,0.007547646997519347,0.007547646997519347,0.515625,-5.427217836026756e-06,6.196169902491979e-06,64
response_first,8,14,-1.714025984259809e-06,-0.007547062117614544,0.007547062117614544,0.5,0.00011785808715101261,-0.00012128613911953224,64
response_first,15,0,-7.261210612342999e-06,-0.007541407454600724,0.007541407454600724,0.46875,0.000160166489877164,-0.00017468891110185,64
public_task_span,6,0,-1.0938423656624779e-05,-0.0075411542171876424,0.0075411542171876424,0.46875,0.00018903797172243548,-0.00021091481903568498,64
final_prompt,35,11,-6.343510904124444e-06,-0.007540321575389065,0.007540321575389065,0.5,-0.00040369555972573714,0.00039100853791748826,64
response_mean,32,30,-1.5852976957844521e-06,-0.007510850754723649,0.007510850754723649,0.5,1.998124116651807e-05,-2.3151836558086972e-05,64
final_prompt,12,20,-9.388696184921237e-07,-0.007510182586118659,0.007510182586118659,0.5,-4.046196227136004e-05,3.858422303437579e-05,64
public_task_span,1,9,3.342549462103907e-05,0.007506757296583624,0.007506757296583624,0.5,0.0008106888344627658,-0.0007438378452206875,64
public_task_span,31,29,-7.4285198934364856e-06,-0.007505654739908643,0.007505654739908643,0.484375,-0.00056035478883129,0.000545497749044417,64
public_task_span,24,19,-1.3579555115938771e-05,-0.007503030080384621,0.007503030080384621,0.484375,-8.986605348582055e-05,6.270694325394296e-05,64
final_prompt,10,31,-1.0368825087414527e-06,-0.007500470005296493,0.007500470005296493,0.5,-3.665598137558396e-05,3.4582216358101054e-05,64
final_prompt,11,15,1.7352939721598462e-05,0.007495140079303047,0.007495140079303047,0.5,-0.00016334687461494376,0.00019805275405814057,64
final_prompt,11,8,1.008615626574283e-07,0.007489559897572869,0.007489559897572869,0.5,-3.846009384744775e-06,4.047732510059632e-06,64
public_task_span,17,11,3.580655902623844e-05,0.007486604048413336,0.007486604048413336,0.5,-0.0002247987795271908,0.0002964118975796674,64
response_first,8,31,1.1695311741274134e-05,0.007485116310458249,0.007485116310458249,0.5,0.00038951132182772467,-0.00036612069834517634,64
public_task_span,21,23,-4.307264589439266e-06,-0.00748358767699838,0.00748358767699838,0.5,-0.0002524031742723174,0.00024378864509343886,64
response_first,2,11,-1.7341681086654166e-06,-0.007480296342315715,0.007480296342315715,0.5,-6.87853639646895e-05,6.531702774735865e-05,64
response_first,34,0,3.139179966638063e-06,0.00747600698500473,0.00747600698500473,0.484375,-0.00015295742446140304,0.00015923578439467918,64
public_task_span,23,8,3.622917120083016e-06,0.007474334419448698,0.007474334419448698,0.5,0.00018836319691216017,-0.00018111736267199414,64
final_prompt,6,29,-2.1025410205761675e-05,-0.007471969721781883,0.007471969721781883,0.5,0.0006134933037174136,-0.000655544124128937,64
response_mean,16,8,-1.40221004585328e-07,-0.007463390246265844,0.007463390246265844,0.515625,-5.152241669748037e-06,4.8717996605773806e-06,64
public_task_span,34,11,5.875079295945949e-06,0.007447167900570914,0.007447167900570914,0.5,-0.00013670725638803544,0.00014845741497992727,64
response_mean,12,14,1.71921876415127e-05,0.007420456553738172,0.007420456553738172,0.5,-0.000395309470263787,0.0004296938455468124,64
public_task_span,22,27,-3.427747401474335e-07,-0.007419158363214785,0.007419158363214785,0.5,-9.507701236088906e-06,8.822151755794039e-06,64
public_task_span,25,12,-4.914323881164436e-07,-0.007416538152971699,0.007416538152971699,0.484375,4.401687988321507e-06,-5.3845527645543935e-06,64
final_prompt,10,27,1.7395950013820993e-08,0.007415335202492987,0.007415335202492987,0.5,-2.4370610862689546e-07,2.7849800865453744e-07,64
final_prompt,16,21,5.814791279580295e-07,0.0074086227426262375,0.0074086227426262375,0.5,-1.670594076586031e-05,1.7868899021776375e-05,64
final_prompt,22,16,2.366816943317608e-06,0.00740374165698956,0.00740374165698956,0.5,-0.00011425643469919152,0.00011899006858582674,64
final_prompt,32,23,-5.475630189272329e-07,-0.007399755844119747,0.007399755844119747,0.5,1.6505389055505984e-05,-1.7600515093360452e-05,64
response_mean,25,13,7.353671094266439e-07,0.007385595746572339,0.007385595746572339,0.5,-1.4123168398319554e-05,1.5593902617172843e-05,64
response_first,31,13,4.487248702385488e-06,0.007378581268547279,0.007378581268547279,0.53125,-0.0003888417699044733,0.00039781626730924424,64
post_selector,30,26,1.035031999662659e-05,0.00736654562972873,0.00736654562972873,0.53125,-0.00019957114784575322,0.00022027178783900643,64
final_prompt,17,22,9.801951819076243e-07,0.00736229854613674,0.00736229854613674,0.5,-9.284996508548128e-06,1.1245386872363363e-05,64
final_prompt,15,26,-8.78337935716901e-09,-0.0073588956906129425,0.0073588956906129425,0.484375,-7.347496389087382e-09,-1.0219262325250611e-08,64
response_mean,6,0,-1.677590762482495e-05,-0.007351766314453515,0.007351766314453515,0.5,0.0003655562331914656,-0.0003991080484411156,64
public_task_span,6,24,-1.5121370324779054e-05,-0.007348715635454737,0.007348715635454737,0.5,0.0005922046102568863,-0.0006224473509064445,64
response_mean,9,26,-1.2894724363880263e-06,-0.007347592681606276,0.007347592681606276,0.515625,-2.02448477466491e-05,1.766590287387305e-05,64
final_prompt,17,12,1.5220201134995737e-06,0.0073326697204871725,0.0073326697204871725,0.515625,-3.1525791428064015e-05,3.456983165506316e-05,64
public_task_span,27,4,-1.3682099506711836e-06,-0.007329474357142587,0.007329474357142587,0.5,-4.1418021282876613e-05,3.8681601381534256e-05,64
public_task_span,14,6,1.3910083907835453e-05,0.007327233524332256,0.007327233524332256,0.515625,0.00021515753178390708,-0.00018733736396823629,64
response_mean,22,26,-5.001102181282121e-07,-0.007324295657462783,0.007324295657462783,0.515625,-2.01867876512523e-05,1.9186567214995875e-05,64
response_first,32,14,2.1535524865558584e-06,0.007320844078718189,0.007320844078718189,0.5,4.799791827280314e-05,-4.3690813299691425e-05,64
response_first,22,25,1.9432975761830635e-07,0.00731021158524732,0.00731021158524732,0.515625,-4.990210811683273e-06,5.378870326919886e-06,64
public_task_span,27,22,-7.348312465181216e-06,-0.007295492693406268,0.007295492693406268,0.5,-0.00027253176267549064,0.0002578351377451281,64
public_task_span,30,29,-1.8477317098586354e-07,-0.007290317979437905,0.007290317979437905,0.484375,5.48756764828795e-06,-5.857113990259677e-06,64
post_selector,3,0,-5.2764218708038996e-05,-0.007279949159234997,0.007279949159234997,0.5,-8.816400077194051e-05,-1.7364436644137478e-05,64
public_task_span,32,12,1.940779839054686e-06,0.007274504022610149,0.007274504022610149,0.515625,-4.3006182750102745e-05,4.688774242821213e-05,64
final_prompt,3,10,7.990453013917876e-05,0.0072732223848048574,0.0072732223848048574,0.5,0.0018000310519710315,-0.0016402219916926747,64
public_task_span,3,3,1.2352409612505677e-05,0.0072614294883430975,0.0072614294883430975,0.5,0.0004022079665446693,-0.00037750314731965784,64
response_mean,10,11,-2.502489223840591e-06,-0.007260586019109111,0.007260586019109111,0.5,3.4629410947673606e-05,-3.9634389395354774e-05,64
response_mean,25,7,2.504511371623407e-07,0.0072543393673237455,0.0072543393673237455,0.5,-9.795588766808216e-07,1.480461151005503e-06,64
public_task_span,1,22,8.28237971290998e-05,0.007249178998305963,0.007249178998305963,0.5,0.0024280008510686414,-0.00226235325681044,64
public_task_span,7,14,-1.0309591743865631e-05,-0.007225184689691427,0.007225184689691427,0.5,-1.6768415662234354e-05,-3.850767825496881e-06,64
public_task_span,31,11,-2.087026587107745e-06,-0.007224738476008212,0.007224738476008212,0.5,-0.00011184989489263544,0.00010767584171841995,64
public_task_span,14,2,-3.304601250414317e-07,-0.007215044818741905,0.007215044818741905,0.5,-1.3462115703078084e-05,1.2801195452995221e-05,64
response_first,28,5,5.224900633038338e-06,0.00720517560375947,0.00720517560375947,0.484375,-0.0002012354316320789,0.00021168523289815552,64
response_first,1,20,1.1151423677805447e-05,0.00720218354435768,0.00720218354435768,0.5,0.00022209921007743756,-0.00019979636272182658,64
response_mean,9,24,3.3012724998171085e-06,0.007199293323678348,0.007199293323678348,0.5,-9.308327207684477e-06,1.591087220731872e-05,64
final_prompt,9,8,-5.4842075769556666e-08,-0.007195551153239663,0.007195551153239663,0.5,-1.0338162326206657e-06,9.241320810815523e-07,64
public_task_span,23,19,-5.956735549291033e-07,-0.007186246458846696,0.007186246458846696,0.5,-8.603883998149847e-06,7.412536888291639e-06,64
response_mean,27,27,1.0951400781769941e-06,0.0071857282043802425,0.0071857282043802425,0.484375,-8.928779266168365e-05,9.147807281803763e-05,64
response_first,16,8,-9.616960028324684e-08,-0.007184978039084401,0.007184978039084401,0.5,-3.8073615939993033e-06,3.6150223934328096e-06,64
final_prompt,2,31,5.2139103985383655e-05,0.00718429413614666,0.00718429413614666,0.5,0.0019287385634925126,-0.0018244603555217448,64
response_mean,13,20,-4.176865928692285e-07,-0.007181920795667219,0.007181920795667219,0.5,1.3120472402754931e-05,-1.3955845588493387e-05,64
final_prompt,13,25,8.242884064194562e-07,0.007181786697609603,0.007181786697609603,0.5,-1.7040621912648753e-05,1.8689198725487655e-05,64
public_task_span,25,23,-1.978192358363985e-06,-0.007169153192109424,0.007169153192109424,0.484375,-6.853479544586845e-05,6.457841072914048e-05,64
public_task_span,29,15,-8.698919344834649e-07,-0.007152492417896146,0.007152492417896146,0.515625,-4.464555090065543e-05,4.2905767031688514e-05,64
public_task_span,35,1,-7.098713012959522e-07,-0.007145343647503145,0.007145343647503145,0.484375,1.5277085822161287e-05,-1.669682842475319e-05,64
response_first,30,4,-1.1436222848788834e-06,-0.007141631657620368,0.007141631657620368,0.5,9.346484603150654e-06,-1.1633729172908421e-05,64
response_first,8,13,-3.381110218469795e-05,-0.007135110648751399,0.007135110648751399,0.5,-0.0008585937684983836,0.0007909715641289875,64
public_task_span,30,11,-4.555808459369955e-06,-0.007123136516289,0.007123136516289,0.46875,-0.00020389351357151758,0.00019478189665277768,64
response_first,23,23,-8.414585863615855e-07,-0.007122381408626456,0.007122381408626456,0.5,-3.723096210704235e-05,3.554804493431919e-05,64
public_task_span,10,24,-3.869472266157387e-06,-0.007115026336868445,0.007115026336868445,0.5,0.00012125885541535628,-0.00012899779994767104,64
final_prompt,13,4,2.294034402439138e-07,0.007112745219178368,0.007112745219178368,0.5,7.642224744586201e-06,-7.183417864098374e-06,64
final_prompt,32,12,2.5140388970595396e-06,0.007111003368111178,0.007111003368111178,0.546875,5.1027547669931e-05,-4.599946987581192e-05,64
response_first,29,20,1.0375163128628628e-07,0.007109842231131833,0.007109842231131833,0.5,-9.553820490282305e-06,9.761323752854878e-06,64
public_task_span,23,7,5.631954991243951e-07,0.007102621671861775,0.007102621671861775,0.515625,-1.745579754697106e-05,1.8582188545219855e-05,64
final_prompt,0,3,9.230170689989559e-06,0.0070958385847058455,0.0070958385847058455,0.5,0.00032719787304812673,-0.00030873753166814767,64
public_task_span,31,19,-1.3579385722593724e-06,-0.007095253963321125,0.007095253963321125,0.5,-2.4087009933281704e-05,2.137113278876295e-05,64
public_task_span,15,16,1.990549776563995e-06,0.007086924281915445,0.007086924281915445,0.5,2.3958654878695743e-05,-1.997755532556775e-05,64
public_task_span,12,7,-2.248023974971947e-06,-0.007086355395962243,0.007086355395962243,0.5,-3.1998042686591696e-05,2.7501994736647795e-05,64
response_first,5,9,8.383109161504682e-06,0.007085528907159643,0.007085528907159643,0.5,5.9534513638925015e-05,-4.276829531591564e-05,64
response_first,20,17,6.862187240663786e-08,0.0070752839295283665,0.0070752839295283665,0.515625,1.2698277540579284e-06,-1.1325840092446526e-06,64
response_mean,11,15,4.224934036755896e-05,0.007074572338291415,0.007074572338291415,0.5,0.0008527959289494829,-0.0007682972482143651,64
final_prompt,17,3,1.7760817172507161e-06,0.00706221857869793,0.00706221857869793,0.5,-1.971781989596039e-05,2.326998333046183e-05,64
public_task_span,6,13,-4.443035322764953e-05,-0.007061359636928129,0.007061359636928129,0.5,0.0015607075310981595,-0.0016495682375534586,64
post_selector,0,15,-5.769748349848073e-05,-0.007057090456227698,0.007057090456227698,0.453125,-0.0012132083684264125,0.0010978134014294513,64
public_task_span,15,11,1.1482683532893545e-06,0.007056230504900817,0.007056230504900817,0.5,-4.97434998578641e-05,5.20400365644428e-05,64
final_prompt,18,4,2.523337343518506e-07,0.007046199304204602,0.007046199304204602,0.5,1.4435277932989266e-06,-9.388603245952254e-07,64
public_task_span,15,13,7.033900715215626e-07,0.007044521929119808,0.007044521929119808,0.5,3.941802754069762e-05,-3.80112473976545e-05,64
response_first,1,14,-1.790637270459653e-05,-0.007041954703951645,0.007041954703951645,0.5,0.00016272582251985476,-0.0001985385679290477,64
response_mean,25,18,-3.196687501373947e-07,-0.007040707404500173,0.007040707404500173,0.484375,-7.441789520608122e-06,6.8024520203333326e-06,64
response_first,1,6,-1.1828731658178077e-05,-0.007040515395892273,0.007040515395892273,0.5,0.00026825966051545935,-0.0002919171238318156,64
post_selector,22,19,-8.414357034780627e-05,-0.007010198749471064,0.007010198749471064,0.5,-0.002418730815406879,0.0022504436747112656,64
response_mean,9,4,8.49091406962932e-07,0.007002932457988757,0.007002932457988757,0.5,-3.2234864761441576e-05,3.393304757536744e-05,64
response_mean,15,24,1.696850651086995e-07,0.006997464476924591,0.006997464476924591,0.5,-4.851949376494247e-06,5.191319506711646e-06,64
response_first,31,22,-9.739535755670659e-08,-0.0069900135192612,0.0069900135192612,0.484375,-7.65511396139118e-06,7.460323246277767e-06,64
public_task_span,16,29,-7.3853234425751705e-06,-0.00698131913255105,0.00698131913255105,0.5,0.00010672213466022486,-0.00012149278154537519,64
public_task_span,5,4,5.10875888721803e-05,0.006973872575893595,0.006973872575893595,0.5,0.001300001551499012,-0.0011978263737546513,64
final_prompt,9,5,-2.738395039614261e-07,-0.006968018028010311,0.006968018028010311,0.5,3.0381007434243656e-06,-3.585779751347218e-06,64
final_prompt,29,14,-1.660571967935045e-06,-0.006965298003895976,0.006965298003895976,0.5,-7.953814906612824e-05,7.621700513025814e-05,64
public_task_span,2,31,-4.981929760105935e-05,-0.006963877232834686,0.006963877232834686,0.5,8.400814476773447e-05,-0.00018364673996985322,64
final_prompt,13,20,-5.7483415361048174e-08,-0.006946319862894066,0.006946319862894066,0.5,-1.2319256121884337e-06,1.1169587814663373e-06,64
public_task_span,28,8,2.443076141390959e-06,0.006946132572868964,0.006946132572868964,0.484375,-3.327503623040008e-05,3.8161188513182e-05,64
public_task_span,3,1,3.718549123733292e-05,0.006944950308814395,0.006944950308814395,0.5,0.001259553057025175,-0.0011851820745505093,64
response_mean,14,19,5.685324140355396e-06,0.006937682632094709,0.006937682632094709,0.5,-0.00034043398954962715,0.00035180463783033797,64
final_prompt,23,20,3.497354725813773e-07,0.0069369520115581665,0.0069369520115581665,0.515625,1.4172377404975902e-06,-7.177667953348347e-07,64
response_first,14,0,-1.0652155602031133e-07,-0.006935243204077069,0.006935243204077069,0.5,-1.8313051199925212e-06,1.6182620079518983e-06,64
public_task_span,10,26,2.1513199044432577e-06,0.006928200128023323,0.006928200128023323,0.5,6.439889602911742e-06,-2.1372497940252217e-06,64
response_first,27,23,8.335457657437938e-09,0.006925581577321291,0.006925581577321291,0.5,-2.5697505279254074e-07,2.736459681074166e-07,64
final_prompt,13,10,-2.1758631874009483e-06,-0.006921275416224274,0.006921275416224274,0.5,-0.00011699207243507864,0.00011264034606027674,64
final_prompt,14,3,2.0038056547377902e-07,0.00691263983185364,0.00691263983185364,0.5,5.3476256312023907e-08,3.472848746355339e-07,64
final_prompt,33,28,5.643001941278328e-06,0.006907210419016306,0.006907210419016306,0.5,-0.0002605664139991781,0.0002718524178817348,64
response_mean,11,3,7.7077343121336e-06,0.006903005650713594,0.006903005650713594,0.5,-0.0004180340492894102,0.00043344951791367747,64
public_task_span,30,23,1.2206262908873408e-05,0.006896510836490894,0.006896510836490894,0.5,-0.0003596909627958656,0.0003841034886136126,64
response_mean,13,16,2.1616828689727168e-05,0.0068835489602694,0.0068835489602694,0.5,-0.0014518597704409083,0.0014950934278203623,64
response_first,2,16,1.6405765563835947e-05,0.006872582001035579,0.006872582001035579,0.5,-0.0003509179332468156,0.0003837294643744875,64
response_first,9,4,5.089636942994223e-07,0.006867122580512838,0.006867122580512838,0.5,5.633589182707205e-06,-4.615661794108362e-06,64
public_task_span,30,20,-1.068232631951695e-05,-0.006862949509653113,0.006862949509653113,0.5,-0.0003346291632624278,0.00031326451062339383,64
public_task_span,16,28,1.0954206572932185e-05,0.0068613116154002405,0.0068613116154002405,0.5,0.0002710767885218894,-0.000249168375376025,64
response_first,32,29,-1.7252161796941117e-06,-0.0068519354384127176,0.0068519354384127176,0.5,6.0221417243149555e-05,-6.367184960253777e-05,64
response_first,6,10,-1.83097381523101e-05,-0.006849972928340564,0.006849972928340564,0.515625,-0.0005684895295416776,0.0005318700532370574,64
response_first,28,11,-3.3445054441526224e-06,-0.006847698176219587,0.006847698176219587,0.53125,-0.00020762163467224294,0.00020093262378393766,64
final_prompt,32,14,-4.4806911318984405e-06,-0.006845045214454569,0.006845045214454569,0.5,0.00016304758264595938,-0.00017200896490975626,64
final_prompt,1,9,-1.1878159966724644e-05,-0.0068404433951947475,0.0068404433951947475,0.5,-0.0002708719239308157,0.00024711560399736645,64
response_mean,12,17,9.381907375419858e-07,0.006821402721863319,0.006821402721863319,0.5,-1.9261806414754587e-05,2.1138187889838555e-05,64
response_first,2,4,-8.182135587730331e-06,-0.006819776801321265,0.006819776801321265,0.5,0.0003342725676702662,-0.0003506368388457269,64
response_first,7,24,-1.6337662600562908e-07,-0.006818610736113919,0.006818610736113919,0.5,-7.012350096147202e-07,3.7448175760346203e-07,64
response_mean,33,26,5.013675092876454e-07,0.006810126359653736,0.006810126359653736,0.5,-9.15192401861286e-07,1.9179274204365767e-06,64
response_first,18,15,1.3372598993421914e-08,0.006802668938262979,0.006802668938262979,0.5,-4.975089539921429e-07,5.242541519789867e-07,64
response_mean,21,1,-8.746228274958412e-08,-0.006800008826654179,0.006800008826654179,0.484375,-1.5026304112097932e-06,1.327705845710625e-06,64
final_prompt,9,26,4.618904014819236e-08,0.006793876638444922,0.006793876638444922,0.5,-1.4450828018652828e-06,1.5374608821616675e-06,64
final_prompt,35,30,-2.747202643154558e-06,-0.006787374534443064,0.006787374534443064,0.5,7.372382651736263e-05,-7.921823180367173e-05,64
final_prompt,12,3,8.176781420849874e-07,0.0067857372339399525,0.0067857372339399525,0.5,-3.734550955412538e-05,3.898086583829535e-05,64
response_first,19,6,2.1935363747641494e-06,0.006777793536582893,0.006777793536582893,0.515625,-0.00013074849516668562,0.00013513556791621393,64
public_task_span,24,24,1.2301448805375923e-05,0.006762114098992631,0.006762114098992631,0.515625,6.90721972205269e-05,-4.446929960977503e-05,64
final_prompt,8,1,7.766342946521586e-07,0.0067583607238813105,0.0067583607238813105,0.5,-1.838014122768004e-05,1.9933409816984354e-05,64
response_mean,13,27,-5.465413778433832e-06,-0.006757130739198728,0.006757130739198728,0.5,5.00084115629288e-06,-1.5931668713160536e-05,64
public_task_span,25,19,-1.895188290745864e-07,-0.006753444171689857,0.006753444171689857,0.5,3.7368515108937572e-06,-4.11588916904293e-06,64
response_mean,35,24,-2.709798081922855e-06,-0.006734613423462607,0.006734613423462607,0.5,-7.878916403568835e-05,7.336956787184264e-05,64
response_mean,7,16,1.1111021791521125e-07,0.006732935222954677,0.006732935222954677,0.5,-1.7465078343548157e-06,1.9687282701852382e-06,64
final_prompt,18,30,1.132243596658282e-05,0.006730412087754075,0.006730412087754075,0.5,0.0009270204263884625,-0.0009043755544552969,64
response_first,17,30,-4.310877876889663e-08,-0.006723742606058403,0.006723742606058403,0.5,3.460402950850039e-07,-4.3225785262279715e-07,64
final_prompt,17,31,1.4555519789460902e-08,0.006717479569870849,0.006717479569870849,0.5,1.9284104402217395e-07,-1.6373000444325214e-07,64
public_task_span,2,26,-6.59091892885627e-06,-0.006715943172559426,0.006715943172559426,0.5,0.00011017416727554687,-0.00012335600513325935,64
response_first,35,16,1.6622150269600289e-06,0.006705239116862163,0.006705239116862163,0.5,-2.502657889634842e-05,2.835100895026847e-05,64
final_prompt,30,14,-9.968736947030266e-08,-0.0067013014515657065,0.0067013014515657065,0.515625,-4.4671708110399766e-07,2.4734234216339246e-07,64
final_prompt,16,18,-9.005967740454516e-07,-0.006699210574593779,0.006699210574593779,0.5,1.9463607372923325e-05,-2.1264800921014228e-05,64
response_first,23,21,5.495083996707883e-07,0.006689573253520923,0.006689573253520923,0.5,-3.161586107580162e-05,3.27148778751432e-05,64
public_task_span,20,4,-2.771396566463488e-06,-0.00668545727424507,0.00668545727424507,0.5,-2.984181401189511e-05,2.429902087896813e-05,64
public_task_span,26,27,4.389962214197271e-06,0.006683853013750127,0.006683853013750127,0.5,-0.00033947097881533936,0.00034825090324373386,64
response_mean,30,20,-1.1856505466317162e-06,-0.0066727122235221035,0.0066727122235221035,0.5,-2.7193391929351558e-05,2.4822090836088126e-05,64
response_first,9,9,-5.153277982098696e-07,-0.006662541690140348,0.006662541690140348,0.484375,-3.801848413331071e-05,3.6987828536890975e-05,64
response_mean,19,18,3.484806541115094e-07,0.00666242768454097,0.00666242768454097,0.5,-8.653956712120985e-06,9.350918020344005e-06,64
public_task_span,5,31,-4.566750340018308e-05,-0.006661550740525413,0.006661550740525413,0.453125,0.0013996109519212076,-0.001490945958721573,64
final_prompt,27,21,5.1082897698499835e-06,0.006634164955927225,0.006634164955927225,0.5,-0.00012521087228378126,0.00013542745182348125,64
response_mean,17,11,-1.953850642168106e-06,-0.006608187667003055,0.006608187667003055,0.5,1.6520850294904834e-05,-2.042855157924105e-05,64
public_task_span,26,19,1.792030616344186e-06,0.006604330732743656,0.006604330732743656,0.5,-3.666966904347226e-05,4.0253730276160624e-05,64
final_prompt,7,13,6.506068075302358e-07,0.006601494726036357,0.006601494726036357,0.5,-9.672893497744992e-06,1.0974107112805464e-05,64
response_mean,9,18,4.973497141234654e-06,0.006592187165185973,0.006592187165185973,0.5,5.776104512734627e-05,-4.781405084487695e-05,64
response_first,18,9,1.3889591308223321e-06,0.006589171694543335,0.006589171694543335,0.5,-5.679124933521407e-05,5.956916759685873e-05,64
response_first,4,0,8.09443081379892e-05,0.006584962919245167,0.006584962919245167,0.484375,-0.0016512268193764528,0.0018131154356524311,64
final_prompt,26,10,1.6812414571631962e-08,0.0065796227357025625,0.0065796227357025625,0.484375,-2.8890404024650707e-07,3.22528869389771e-07,64
response_mean,26,6,1.9145529677233462e-06,0.0065787798052687595,0.0065787798052687595,0.5,-5.3814225793740696e-05,5.7643331729187383e-05,64
response_mean,13,25,3.8128061987643667e-06,0.00657803807033907,0.00657803807033907,0.5,-3.0670385058304513e-06,1.0692650903359205e-05,64
final_prompt,35,26,-3.4621889426529815e-06,-0.006577840914760553,0.006577840914760553,0.46875,-0.00025844554147623375,0.0002515211635909278,64
final_prompt,34,13,-2.26688328552882e-07,-0.006573604665215463,0.006573604665215463,0.5,1.8859931572023925e-06,-2.3393698143081565e-06,64
final_prompt,18,25,1.1569827904603113e-06,0.006565211735979364,0.006565211735979364,0.5,-1.0679261350790863e-05,1.299322693171148e-05,64
final_prompt,3,15,5.5452852507192224e-05,0.00655919019692329,0.00655919019692329,0.5,0.002169607285964069,-0.002058701580949684,64
response_mean,7,24,-2.3703475449110556e-07,-0.006556007094923566,0.006556007094923566,0.5,6.177145763786029e-06,-6.6512152727682405e-06,64
final_prompt,8,12,2.8437003152186844e-07,0.006554918200706407,0.006554918200706407,0.5,1.6047080009684835e-05,-1.54783399466411e-05,64
final_prompt,19,16,2.136260718539551e-06,0.006546260173080201,0.006546260173080201,0.5,-2.935859038189381e-05,3.3631111818972915e-05,64
public_task_span,17,3,-9.639672271074953e-06,-0.006545997753555185,0.006545997753555185,0.5,-0.0004446499824552969,0.0004253706379131469,64
public_task_span,29,0,-9.690780643723651e-06,-0.006533913843841769,0.006533913843841769,0.484375,-0.0006808727694078559,0.0006614912081204085,64
response_mean,32,29,2.8324045615624927e-06,0.006529210330583517,0.006529210330583517,0.5,7.755541582809688e-05,-7.18906067049719e-05,64
final_prompt,1,11,-2.0074567146365053e-05,-0.006528426291450007,0.006528426291450007,0.5,0.0007775803023832778,-0.0008177294366760076,64
response_mean,10,10,9.621870049154689e-06,0.006512482259939066,0.006512482259939066,0.5,-3.357332934683749e-05,5.281706944514685e-05,64
response_mean,20,0,-5.437285153673565e-06,-0.006507866433512599,0.006507866433512599,0.5,0.0004208780966336981,-0.00043175266694104523,64
response_first,4,31,-2.6702924174087463e-06,-0.006493404205913763,0.006493404205913763,0.5,0.00015516396524615893,-0.00016050455008097644,64
final_prompt,16,16,7.927183105503611e-07,0.00649015762881732,0.00649015762881732,0.5,9.361197044199876e-06,-7.775760423099152e-06,64
response_mean,9,15,9.805903573579489e-06,0.006489276145528752,0.006489276145528752,0.5,0.00016131563825182437,-0.00014170383110466536,64
response_first,13,19,3.5183335285121774e-06,0.006488686368823842,0.006488686368823842,0.5,-0.00016969885825801693,0.00017673552531504127,64
response_mean,12,20,-2.5952735995834846e-06,-0.006488502310513587,0.006488502310513587,0.5,-0.00020602344102370096,0.000200832893824534,64
public_task_span,30,6,-3.2102490763486624e-06,-0.006471157702577281,0.006471157702577281,0.5,-0.00018810655876677016,0.00018168606061407284,64
public_task_span,30,10,1.1410035085653642e-06,0.0064650701438545444,0.0064650701438545444,0.5,-1.243210385836554e-05,1.4714110875496272e-05,64
response_mean,20,25,-1.5445082226522532e-06,-0.006457058154863,0.006457058154863,0.5,-1.830864539442059e-05,1.5219628949116078e-05,64
public_task_span,25,13,1.2624664122977752e-06,0.006453623116467052,0.006453623116467052,0.5,-4.656656301449119e-05,4.9091495839086744e-05,64
response_mean,12,24,7.679239843129751e-06,0.0064311078062065825,0.0064311078062065825,0.5,4.42595601271085e-05,-2.890108044084892e-05,64
public_task_span,27,12,1.836188403101992e-06,0.006429922198400534,0.006429922198400534,0.5,-2.7087218768430055e-05,3.0759595574634045e-05,64
response_mean,30,30,1.5974225675563481e-07,0.006424404333649884,0.006424404333649884,0.453125,-5.802956422940042e-06,6.122440936451312e-06,64
response_mean,12,23,-1.7399938769802556e-06,-0.006416473035409082,0.006416473035409082,0.5,-3.7085685562480166e-05,3.360569780851965e-05,64
response_first,7,0,-5.430210762826829e-06,-0.006415503306413767,0.006415503306413767,0.5,-9.765370191417466e-05,8.679328038852099e-05,64
final_prompt,19,20,1.679730701198423e-07,0.006409527622920001,0.006409527622920001,0.5,-2.4536007003916893e-06,2.789546840631374e-06,64
public_task_span,1,10,-2.39416767726703e-05,-0.0064091799784485514,0.0064091799784485514,0.5,-0.0009962007607100627,0.0009483174071647219,64
final_prompt,9,15,-7.002049642360252e-07,-0.006408145586642932,0.006408145586642932,0.5,1.3154822227077414e-05,-1.4555232155549471e-05,64
final_prompt,14,20,-3.47315051383313e-07,-0.006406603274912975,0.006406603274912975,0.5,2.2048686787734545e-07,-9.151169706439723e-07,64
final_prompt,23,0,-5.849536250918549e-07,-0.0064049017722849055,0.0064049017722849055,0.5,-2.102719747653665e-05,1.9857290226352936e-05,64
response_mean,22,3,3.1879785638033464e-06,0.006400399267675763,0.006400399267675763,0.484375,6.457732524722743e-05,-5.820136811962075e-05,64
final_prompt,25,12,-3.854328269885671e-07,-0.006399027410536398,0.006399027410536398,0.515625,-1.999562641687351e-06,1.2286969877102172e-06,64
response_first,13,20,-1.519055246032792e-07,-0.006371867968368589,0.006371867968368589,0.5,-6.517306445625195e-07,3.4791959535596106e-07,64
response_mean,8,1,-4.880678716293023e-06,-0.006367185041429265,0.006367185041429265,0.5,0.00011006897329934775,-0.00011983033073193374,64
final_prompt,2,6,-2.031955045822027e-05,-0.006361437396652997,0.006361437396652997,0.5,0.0005917841226619468,-0.0006324232235783874,64
response_mean,6,10,-1.0049847332998401e-05,-0.006355013245309174,0.006355013245309174,0.5,-1.036603862303217e-05,-9.73365604296466e-06,64
response_mean,15,20,1.4852141703149685e-06,0.006354076142270077,0.006354076142270077,0.5,-3.526862428770139e-05,3.8239052628331324e-05,64
final_prompt,32,11,-2.4377726731475142e-05,-0.006350950641828228,0.006350950641828228,0.5,-0.001211657476233078,0.001162902022770128,64
response_first,12,14,4.851044536736022e-06,0.006349842786843272,0.006349842786843272,0.515625,-0.000144135622932144,0.00015383771200561613,64
response_mean,26,9,1.5700078392910655e-07,0.006349241872067447,0.006349241872067447,0.5,-1.7873490492092967e-06,2.10135061706751e-06,64
response_mean,15,11,4.481627081531802e-05,0.00634394957385091,0.00634394957385091,0.5,0.0005528879789267233,-0.0004632554372960874,64
response_first,17,7,-7.145085589838538e-07,-0.006337638728620833,0.006337638728620833,0.484375,-2.59093100112273e-05,2.44802928932596e-05,64
response_mean,13,1,2.4492899910904295e-05,0.006333464000411175,0.006333464000411175,0.5,-0.0005165150046195849,0.0005655008044413935,64
response_first,35,15,-2.711936758717928e-06,-0.006333340949935968,0.006333340949935968,0.484375,-0.000162750601702995,0.00015732672818555916,64
response_first,3,20,2.3606338800160904e-05,0.00633218629044779,0.00633218629044779,0.5,-0.0006453528294514436,0.0006925655070517656,64
response_mean,16,24,1.7950874280364348e-06,0.006325773958773205,0.006325773958773205,0.484375,-6.240449238248333e-05,6.59946672385562e-05,64
public_task_span,10,6,1.039997869155212e-06,0.006321311745247266,0.006321311745247266,0.5,4.198649048701918e-05,-3.990649474870875e-05,64
final_prompt,1,23,-3.238477290765e-07,-0.00631682014932501,0.00631682014932501,0.5,-3.4353947739874098e-06,2.7876993158344106e-06,64
final_prompt,30,28,-1.9093594971764105e-07,-0.006315252398221015,0.006315252398221015,0.5,-5.106948918864873e-06,4.725077019429591e-06,64
final_prompt,9,21,3.252811779922456e-07,0.006312736556558292,0.006312736556558292,0.5,2.5480045792388947e-05,-2.482948343640446e-05,64
public_task_span,7,21,-1.3653841506281541e-06,-0.006298285261943373,0.006298285261943373,0.515625,-5.0457079851178676e-05,4.772631154992237e-05,64
final_prompt,17,16,-2.134134831515257e-06,-0.006294470875178243,0.006294470875178243,0.5,3.125909699974533e-05,-3.552736666277585e-05,64
response_first,14,17,4.389026344142181e-06,0.006293491495010555,0.006293491495010555,0.53125,-0.0002864422776838007,0.00029522033037208506,64
response_first,5,2,-0.00032877139165066367,-0.006290948022935675,0.006290948022935675,0.5,-0.0030156556749716366,0.002358112891670313,64
response_first,11,15,2.3618002614965227e-05,0.006288955960648066,0.006288955960648066,0.5,0.0002708485317270895,-0.00022361252649715906,64
public_task_span,6,27,-1.4519012438536327e-05,-0.006285701469934262,0.006285701469934262,0.5,0.0008541781371604802,-0.0008832161620375528,64
response_first,20,27,3.364664507899983e-06,0.006279790444820854,0.006279790444820854,0.5,2.772931111403108e-06,3.956397904396871e-06,64
final_prompt,12,6,6.998835715444165e-07,0.006275869596142857,0.006275869596142857,0.5,-2.5305124609071694e-05,2.670489175216053e-05,64
response_mean,35,30,1.2534660527328775e-06,0.006274249289125963,0.006274249289125963,0.484375,3.117980031674603e-05,-2.867286821128028e-05,64
response_first,16,9,2.703991412994098e-07,0.0062739381150284865,0.0062739381150284865,0.5,-2.0841275500059864e-05,2.138207378265868e-05,64
response_first,14,15,-1.618772103035953e-06,-0.006267426323788159,0.006267426323788159,0.5,2.2553399048759327e-05,-2.5790943254831226e-05,64
response_first,4,29,5.831818270962929e-06,0.006249743653822542,0.006249743653822542,0.5,-5.341626911103297e-05,6.50799056529588e-05,64
final_prompt,26,3,3.0379055715430863e-06,0.006247330703702945,0.006247330703702945,0.5,-5.2308786962385694e-05,5.8384598105471876e-05,64
response_mean,12,3,-1.1948076007686166e-05,-0.0062436939540818455,0.0062436939540818455,0.5,-0.0009051974939211368,0.0008813013419057644,64
response_first,5,0,-1.4008055586597972e-05,-0.006243363360698117,0.006243363360698117,0.5,-0.00016653650891385133,0.0001385203977406554,64
response_first,35,17,1.6727051388410689e-06,0.006241971506157933,0.006241971506157933,0.5,-2.83843369288657e-05,3.172974720654782e-05,64
response_first,22,24,-5.092233621444403e-07,-0.006241530378589755,0.006241530378589755,0.484375,-1.8424899941747315e-05,1.7406453217458435e-05,64
response_first,3,9,-5.125185271026732e-05,-0.006237849341823747,0.006237849341823747,0.5,-6.786760786780632e-05,-3.4636097552728264e-05,64
response_first,34,2,-7.398518391709644e-06,-0.006235433950412159,0.006235433950412159,0.515625,-0.000617609159235114,0.0006028121224516947,64
public_task_span,2,19,2.2546810214403134e-05,0.006234926114670336,0.006234926114670336,0.5,0.0006268968572839938,-0.0005818032368551875,64
public_task_span,25,26,-5.702394446414239e-06,-0.006234092648962624,0.006234092648962624,0.515625,-0.0005364479193303631,0.0005250431304375348,64
response_first,32,9,-9.897307791146645e-07,-0.0062268117517978745,0.0062268117517978745,0.515625,-8.626845374236404e-05,8.428899218413471e-05,64
public_task_span,3,2,1.2202579455331566e-05,0.006225865659934135,0.006225865659934135,0.5,0.0006237410525500191,-0.0005993358936393559,64
response_mean,13,3,1.712345692794873e-05,0.006223797465030769,0.006223797465030769,0.5,0.000220573576370945,-0.00018632666251504738,64
response_first,13,0,-9.428640908029803e-07,-0.006222413084632215,0.006222413084632215,0.5,-5.126299812729285e-05,4.93772699456869e-05,64
response_first,1,22,9.818175385593262e-06,0.006213499204271373,0.006213499204271373,0.5,9.415864224138017e-05,-7.452229147019365e-05,64
response_mean,3,9,-3.341555202496092e-05,-0.006212059737535605,0.006212059737535605,0.5,0.0004065715475007937,-0.0004734026515507157,64
final_prompt,15,15,3.596043569564205e-07,0.0062083765775850395,0.0062083765775850395,0.5,4.418080521867544e-06,-3.6988718079546986e-06,64
response_first,14,20,3.533608321502904e-07,0.0062025478392750385,0.0062025478392750385,0.5,-6.262976683042332e-06,6.969698347342912e-06,64
public_task_span,7,0,-2.555940227463576e-06,-0.0062021120372047055,0.0062021120372047055,0.5,7.450851217072483e-05,-7.962039262565197e-05,64
public_task_span,11,10,-2.9268935008923183e-06,-0.0061995646366871755,0.0061995646366871755,0.5,8.139835586007986e-05,-8.72521428618645e-05,64
public_task_span,10,4,-7.0725900513875475e-06,-0.006196093314692101,0.006196093314692101,0.5,-0.0001476815323257901,0.00013353635222301499,64
response_first,21,0,-1.1805432187372857e-08,-0.0061924870219103815,0.0061924870219103815,0.5,-2.0289084012858893e-07,1.7927997575384325e-07,64
response_first,32,0,2.8922349883884606e-06,0.006180638699052679,0.006180638699052679,0.5,-0.00026403656784165655,0.00026982103781843356,64
response_first,15,18,3.627041422760158e-08,0.006172297999313647,0.006172297999313647,0.5,-1.1857754034227952e-06,1.2583162318779983e-06,64
post_selector,27,7,1.4751109119965391e-05,0.006167272012477609,0.006167272012477609,0.515625,-3.848137930618432e-05,6.798359754611529e-05,64
final_prompt,13,23,-8.171166143711151e-08,-0.006165575729582996,0.006165575729582996,0.5,-2.0667737601343106e-06,1.9033504372600873e-06,64
public_task_span,1,16,1.585162817718321e-05,0.006154592020646458,0.006154592020646458,0.484375,0.00019900881397915158,-0.00016730555762478508,64
response_first,11,10,3.481491717142077e-06,0.0061535846273268755,0.0061535846273268755,0.515625,-0.00011959030030083423,0.00012655328373511841,64
public_task_span,1,28,-1.5599688254040305e-05,-0.006135519043113317,0.006135519043113317,0.5,-0.0007545656924321379,0.0007233663159240571,64
public_task_span,7,6,-4.3152264872503565e-08,-0.006127208048333188,0.006127208048333188,0.5,-6.043988278747748e-07,5.180942981297676e-07,64
public_task_span,6,9,-4.833435923503454e-06,-0.006122442261902564,0.006122442261902564,0.484375,3.290870427007313e-05,-4.257557611708005e-05,64
final_prompt,10,2,-1.1533810493347186e-06,-0.006118729866617886,0.006118729866617886,0.5,6.9530756263729815e-06,-9.259837725042426e-06,64
response_mean,12,18,-2.7056968974640373e-05,-0.006115019819215121,0.006115019819215121,0.5,-0.0002897011363529406,0.0002355871984036603,64
public_task_span,32,20,-2.537945817953281e-07,-0.006094887003180836,0.006094887003180836,0.5,-7.415196705553992e-06,6.9076075419633355e-06,64
final_prompt,2,24,-2.6818834157888826e-05,-0.006091084377538781,0.006091084377538781,0.5,0.0007130575904739188,-0.0007666952587896961,64
final_prompt,13,1,-1.3995898484624789e-06,-0.006077223363679566,0.006077223363679566,0.5,-4.007316351816759e-05,3.7273983821242626e-05,64
final_prompt,10,10,4.814899057240045e-07,0.0060746843039883565,0.0060746843039883565,0.5,-5.3743804073774814e-06,6.337360218825491e-06,64
final_prompt,1,20,-1.3800279702992277e-05,-0.00607065870232712,0.00607065870232712,0.5,-0.0007992492319317322,0.0007716486725257475,64
response_first,16,29,-6.372963383668219e-07,-0.006065243300748237,0.006065243300748237,0.515625,-1.4695292520622695e-05,1.3420699843889048e-05,64
final_prompt,12,1,-1.1216561688315026e-06,-0.006057008377442211,0.006057008377442211,0.5,9.484097063248883e-06,-1.1727409400911892e-05,64
final_prompt,29,17,8.347043376518056e-07,0.006056597022795036,0.006056597022795036,0.5,-3.7527470567501084e-05,3.91968792428047e-05,64
public_task_span,32,24,-4.962630555367802e-07,-0.0060557911301170895,0.0060557911301170895,0.484375,-1.0016726719184713e-05,9.024200608111154e-06,64
final_prompt,3,6,-8.397520400293913e-05,-0.006055496659447067,0.006055496659447067,0.5,0.003383585287465958,-0.0035515356954718366,64
public_task_span,10,31,8.828984846331254e-06,0.006054060216702347,0.006054060216702347,0.5,1.7539471627965668e-05,1.184980646968273e-07,64
public_task_span,25,7,-1.0548964723966492e-07,-0.0060515377513355876,0.0060515377513355876,0.5,-7.333261692110682e-06,7.122282397631352e-06,64
response_mean,7,1,-1.3205208233597215e-06,-0.006049277066187707,0.006049277066187707,0.5,-2.4920385840236756e-05,2.227934419351732e-05,64
final_prompt,8,24,3.113995990133443e-05,0.006044968102675553,0.006044968102675553,0.5,-0.0010215707807219561,0.001083850700524625,64
response_first,31,27,4.6612072424068174e-08,0.006043035974273366,0.006043035974273366,0.515625,-3.2482516232335e-06,3.3414757680816365e-06,64
final_prompt,18,20,1.5888354596386085e-06,0.006038593889853603,0.006038593889853603,0.5,5.956012728346215e-05,-5.638245636418492e-05,64
response_first,18,30,-1.029980580820543e-06,-0.006022339280721725,0.006022339280721725,0.515625,5.1463878889984274e-05,-5.352384005162536e-05,64
final_prompt,1,2,-7.837913017287262e-06,-0.006013184215394161,0.006013184215394161,0.5,-0.000285201830592981,0.0002695260045584064,64
public_task_span,27,7,-3.350657607369824e-06,-0.006012872118814315,0.006012872118814315,0.515625,-0.00020620372924893141,0.0001995024140341918,64
final_prompt,19,11,5.768187065739817e-07,0.006009906425551181,0.006009906425551181,0.5,-1.2646247910202672e-05,1.3799885323350628e-05,64
response_mean,4,29,3.6791341244687368e-06,0.006002985905791439,0.006002985905791439,0.5,5.37062010152985e-05,-4.634793276636101e-05,64
response_first,15,30,6.87728043402559e-08,0.005998439533325204,0.005998439533325204,0.46875,-2.7473809254274784e-06,2.88492653410799e-06,64
public_task_span,32,18,3.297752300565924e-06,0.005993535751790692,0.005993535751790692,0.5,-0.00024500595827701684,0.0002516014628781487,64
public_task_span,9,10,-1.1509202266752095e-06,-0.005988170107689689,0.005988170107689689,0.5,-3.1714116943246145e-05,2.9412276489895732e-05,64
final_prompt,7,9,-4.6216143800823536e-07,-0.005986380297036547,0.005986380297036547,0.5,1.2776722314810387e-05,-1.3701045190826861e-05,64
final_prompt,6,26,-5.286313808029817e-06,-0.005983629889005098,0.005983629889005098,0.5,0.00025650499492256844,-0.00026707762253862813,64
response_mean,12,13,-1.4887926454321945e-05,-0.005975846057458211,0.005975846057458211,0.5,-0.00017974109732678132,0.0001499652444181375,64
response_first,6,3,-9.057115676124974e-06,-0.005964094392035246,0.005964094392035246,0.5,1.1732108760040608e-05,-2.9846340112290597e-05,64
response_first,16,26,-2.8855965865614804e-06,-0.005963683540334054,0.005963683540334054,0.5,-7.886556704759849e-05,7.309437387447554e-05,64
public_task_span,20,14,3.1374125910591037e-06,0.005961788507807194,0.005961788507807194,0.5,-0.00010806948569097237,0.00011434431087309058,64
public_task_span,4,30,2.7224134100835426e-05,0.00596089414036949,0.00596089414036949,0.484375,0.0007970631486386897,-0.0007426148804370188,64
response_mean,8,13,-5.888674422743924e-06,-0.005960450763372142,0.005960450763372142,0.515625,-0.0001260960343642941,0.00011431868551880618,64
public_task_span,0,31,2.7892005164181294e-05,0.005960214396164001,0.005960214396164001,0.5,0.0013733139348914782,-0.0013175299245631153,64
public_task_span,29,30,2.53412508754991e-07,0.0059438522058538465,0.0059438522058538465,0.5,-3.8001456914571463e-06,4.306970708967128e-06,64
public_task_span,15,0,-9.504257832303111e-06,-0.005934172994332103,0.005934172994332103,0.5,-0.00031681527070758126,0.00029780675504297504,64
final_prompt,7,10,-1.5563375654892297e-07,-0.00592712345580335,0.00592712345580335,0.5,1.2690596236097917e-06,-1.5803271367076377e-06,64
final_prompt,11,30,-2.692914335960002e-07,-0.005917700937282631,0.005917700937282631,0.5,-1.2472810169577373e-05,1.1934227302385374e-05,64
final_prompt,10,7,-3.336956524420269e-07,-0.00591761646406964,0.00591761646406964,0.5,-1.1201586914920994e-05,1.0534195610036941e-05,64
response_first,1,12,1.157001497630714e-05,0.005905049027541775,0.005905049027541775,0.5,-0.0002011213746300252,0.00022426140458263948,64
response_mean,14,8,3.4037743716877795e-06,0.005901322293826836,0.005901322293826836,0.515625,-0.00015669824460928203,0.00016350579335265756,64
final_prompt,28,4,1.1092055274262868e-06,0.005890035459696791,0.005890035459696791,0.484375,-3.8327300217129484e-05,4.054571127198205e-05,64
response_mean,10,27,1.264404801305435e-06,0.005889462538415634,0.005889462538415634,0.5,-1.8127570797326906e-05,2.0656380399937773e-05,64
response_first,26,8,4.3456637399685887e-08,0.0058886089101539895,0.0058886089101539895,0.5,-7.72135109627925e-07,8.590483844272967e-07,64
public_task_span,19,13,8.137536269715009e-06,0.005885421422317317,0.005885421422317317,0.5,-0.0003315450107947836,0.00034782008333421365,64
response_first,9,28,2.0072453299474983e-06,0.005884789087049358,0.005884789087049358,0.484375,-8.213812938783988e-05,8.615262004773487e-05,64
response_first,2,19,2.5816938432397937e-05,0.005872141962134216,0.005872141962134216,0.515625,-0.0004037051767227198,0.0004553390535875157,64
response_mean,14,21,2.1618344590026037e-06,0.005869486634413816,0.005869486634413816,0.5,0.00010482190759829999,-0.0001004982386802948,64
final_prompt,1,1,-1.9907551177309385e-05,-0.005863231006701095,0.005863231006701095,0.5,-0.00024726606352487796,0.00020745096117025946,64
response_first,32,27,1.1020083547846382e-06,0.0058569605768739345,0.0058569605768739345,0.5,-5.396306733032693e-06,7.600323442601963e-06,64
response_mean,11,9,-1.0508934238381687e-06,-0.005849334767416605,0.005849334767416605,0.484375,2.3460326232793257e-05,-2.5562113080469593e-05,64
public_task_span,30,19,1.8807579635936065e-06,0.005836071587432011,0.005836071587432011,0.5,-5.478669072544495e-05,5.854820665263218e-05,64
public_task_span,28,13,-5.506028855963962e-06,-0.005834689235082568,0.005834689235082568,0.5,-0.00026719845982370565,0.00025618640211177773,64
public_task_span,29,21,1.6057349512265504e-06,0.00583214574676056,0.00583214574676056,0.5,-9.019279377751464e-05,9.340426367996774e-05,64
public_task_span,24,15,4.469861892178559e-06,0.005830077605598009,0.005830077605598009,0.484375,0.00024852234446370327,-0.00023958262067934615,64
final_prompt,11,27,-4.691650445920459e-08,-0.005826775658811661,0.005826775658811661,0.5,8.872567178741519e-07,-9.810897267925611e-07,64
public_task_span,25,21,2.095202717096818e-06,0.005825821529238029,0.005825821529238029,0.5,-0.00010150081016036162,0.00010569121559455529,64
public_task_span,9,29,-2.8939507217280155e-06,-0.005816003810403169,0.005816003810403169,0.5,8.027103640983574e-05,-8.605893785329178e-05,64
final_prompt,13,30,1.9224043512622302e-07,0.00580421313946602,0.00580421313946602,0.5,-6.230887009905928e-06,6.615367880158374e-06,64
response_mean,10,21,1.968124706761777e-06,0.005799958836492906,0.005799958836492906,0.5,0.00012363990572337202,-0.00011970365630984846,64
response_mean,12,6,-5.536251705965965e-06,-0.005794485024936166,0.005794485024936166,0.484375,-0.00014406058835447145,0.0001329880849425395,64
final_prompt,33,30,-6.122470040291279e-06,-0.005793259625782502,0.005793259625782502,0.5,-0.0004451840277397294,0.0004329390876591469,64
response_first,7,17,1.4524279379202198e-07,0.00578630253570725,0.00578630253570725,0.484375,-2.546659658264616e-06,2.83714524584866e-06,64
final_prompt,13,7,2.918538228857501e-07,0.00578542577560428,0.00578542577560428,0.5,-3.1622177516499586e-06,3.7459253974214604e-06,64
response_mean,9,30,6.97871564980801e-08,0.005785338756498679,0.005785338756498679,0.515625,-4.015294631454225e-06,4.154868944450385e-06,64
response_mean,8,28,-1.068511295445812e-06,-0.005766187884824629,0.005766187884824629,0.5,5.35131887744323e-05,-5.565021136532393e-05,64
response_first,8,28,-3.1384696797057194e-07,-0.005765502987411679,0.005765502987411679,0.515625,1.0181411305153073e-05,-1.0809105241094218e-05,64
post_selector,27,23,3.3835390240706646e-06,0.005760249842222505,0.005760249842222505,0.5,-0.0001989389593290871,0.00020570603737722848,64
response_first,6,12,-1.5813309801164125e-05,-0.00575603753068786,0.00575603753068786,0.5,-0.0007523805215896345,0.0007207539019873063,64
response_first,1,1,-1.8307331629332874e-05,-0.00575045318863873,0.00575045318863873,0.5,0.0001596029433130755,-0.00019621760657174113,64
public_task_span,8,7,-2.361106908213883e-06,-0.005744022427131107,0.005744022427131107,0.5,-7.260543316078602e-05,6.788321934435824e-05,64
public_task_span,12,8,-1.3555373925586429e-06,-0.005740547633474078,0.005740547633474078,0.5,1.7841201952247013e-05,-2.0552276737364296e-05,64
response_first,15,26,-2.4960882250013583e-09,-0.005740188484604757,0.005740188484604757,0.5,2.7653267786753588e-08,-3.2645444236756305e-08,64
final_prompt,15,2,-4.880950655203913e-06,-0.005737008686368331,0.005737008686368331,0.5,-6.100314931244663e-05,5.124124800203878e-05,64
final_prompt,14,13,1.2381397027606715e-06,0.005730007240618472,0.005730007240618472,0.5,-5.596425557996695e-05,5.844053498548829e-05,64
final_prompt,24,22,-4.3231766539984285e-06,-0.005727454410393727,0.005727454410393727,0.5,-0.00014552337779604374,0.00013687702448804688,64
final_prompt,14,8,2.886819743248451e-07,0.00572683651177092,0.00572683651177092,0.5,-1.0961235602738317e-05,1.1538599551388007e-05,64
public_task_span,2,16,-3.77745018340532e-05,-0.005722369295031666,0.005722369295031666,0.5,-0.001712195793515975,0.0016366467898478686,64
response_mean,11,28,-1.5158825306138534e-07,-0.005719205525713711,0.005719205525713711,0.515625,1.0028667105661432e-06,-1.3060432166889143e-06,64
response_mean,16,23,1.8898747384808712e-05,0.005710445424642048,0.005710445424642048,0.5,-0.0012574719175972825,0.0012952694123669001,64
response_mean,13,0,3.87057525585804e-06,0.00570835860713467,0.00570835860713467,0.5,-0.00018071063220758158,0.00018845178271929768,64
post_selector,17,24,5.97121688770101e-05,0.005705643574971173,0.005705643574971173,0.5625,-0.0008330754644703189,0.0009524998022243387,64
final_prompt,33,4,-4.28265320806312e-06,-0.005700616415368872,0.005700616415368872,0.5,-8.934459492593782e-05,8.077928850981155e-05,64
response_first,1,11,2.268178650410705e-05,0.005700053368630412,0.005700053368630412,0.5,3.790773916187255e-08,4.532566526905212e-05,64
response_mean,9,8,-1.6426640740967874e-06,-0.005690670069230611,0.005690670069230611,0.5,-0.00010283157473621766,9.95462465880241e-05,64
response_first,27,12,-2.4856188929334166e-07,-0.005689284571135996,0.005689284571135996,0.5,-6.1955431078786205e-06,5.698419329291937e-06,64
final_prompt,20,15,4.727347004514801e-06,0.0056850822550012755,0.0056850822550012755,0.515625,-0.0005469316865855704,0.0005563863805946001,64
response_mean,15,19,3.5295003186749713e-06,0.005679256050208629,0.005679256050208629,0.5,0.0001958856094006371,-0.0001888266087632872,64
public_task_span,18,25,3.544933065316636e-06,0.005676130554515549,0.005676130554515549,0.5,0.00019337163746512289,-0.00018628177133448966,64
public_task_span,31,0,-6.044348992868077e-06,-0.005675743712085378,0.005675743712085378,0.5,-0.0005227145120443062,0.0005106258140585701,64
final_prompt,13,5,3.016386926906524e-07,0.005674108956362315,0.005674108956362315,0.5,2.3646834392844406e-06,-1.7614060539031358e-06,64
response_mean,13,19,3.365303712142203e-06,0.0056574345726839465,0.0056574345726839465,0.5,-6.158880808016201e-05,6.831941550444642e-05,64
post_selector,4,15,4.481593123274231e-05,0.005655037409615813,0.005655037409615813,0.5,0.002345842428439931,-0.002256210565974447,64
response_first,14,21,-3.179772534152192e-07,-0.005653629114086017,0.005653629114086017,0.5,-2.4738156696424964e-06,1.8378611628120583e-06,64
final_prompt,9,19,4.697651379004255e-09,0.005652435533854762,0.005652435533854762,0.5,-1.1621359496949423e-07,1.2560889772750272e-07,64
response_mean,8,22,-2.424501417408766e-06,-0.005650656436697007,0.005650656436697007,0.5,-7.567088414361264e-05,7.082188130879514e-05,64
post_selector,3,14,-7.722915142948858e-05,-0.005649115326224103,0.005649115326224103,0.46875,0.004674884229643779,-0.004829342532502756,64
final_prompt,7,1,-1.1300198821109292e-06,-0.0056277092969929795,0.0056277092969929795,0.5,-2.8088181807101725e-05,2.5828142042879877e-05,64
final_prompt,29,1,-4.948712103218759e-06,-0.005624851169771086,0.005624851169771086,0.46875,-0.00018188745070802178,0.00017199002650158428,64
final_prompt,13,31,-3.2488134138455426e-07,-0.005622440610609271,0.005622440610609271,0.5,-1.1797185607064241e-05,1.1147422924295133e-05,64
response_first,16,18,-1.0550866136362919e-06,-0.005621125721472108,0.005621125721472108,0.5,7.450837392750301e-05,-7.66185471547756e-05,64
final_prompt,1,29,-5.29185899722902e-06,-0.00562039755132305,0.00562039755132305,0.5,-1.2285639286350469e-05,1.701921291892455e-06,64
response_first,18,0,-8.633364956267542e-08,-0.005616860632120718,0.005616860632120718,0.5,-3.516261783076402e-06,3.343594483951051e-06,64
response_first,35,6,-1.0334966873400963e-06,-0.005616333896175092,0.005616333896175092,0.5,-2.449161115691633e-05,2.2424617782236128e-05,64
response_mean,10,5,5.0410224048339065e-06,0.005613793759591937,0.005613793759591937,0.484375,-0.00032824856452861185,0.00033833060933827967,64
response_first,10,9,1.3222590496295744e-05,0.005598277193777601,0.005598277193777601,0.5,-1.3223434507476039e-06,2.7767524443339064e-05,64
response_first,28,24,1.2246943015270517e-07,0.005594479530500358,0.005594479530500358,0.5,-3.4987040464784513e-06,3.7436429067838617e-06,64
public_task_span,25,16,9.531028410947329e-08,0.005590730743038495,0.005590730743038495,0.46875,1.575743596049506e-06,-1.3851230278305593e-06,64
final_prompt,12,0,-4.218751428189199e-07,-0.005589383674585849,0.005589383674585849,0.5,9.056374210556828e-06,-9.90012449619467e-06,64
response_first,3,6,-3.31623002125511e-05,-0.005585032823612134,0.005585032823612134,0.5,0.0014110726880289725,-0.0014773972884540752,64
final_prompt,23,6,1.8048783090307552e-07,0.005571749597593656,0.005571749597593656,0.515625,-2.371005280110694e-06,2.731980941916845e-06,64
response_first,9,5,3.4729725939525424e-06,0.005565134850719767,0.005565134850719767,0.5,4.786956924361402e-05,-4.09236240557089e-05,64
response_mean,1,29,5.480886102301541e-06,0.0055574862033390396,0.0055574862033390396,0.5,-0.0002057156289083609,0.0002166774011129639,64
response_first,17,24,1.2810853604614972e-06,0.005554000688864672,0.005554000688864672,0.5,-4.3649958001872155e-05,4.621212872279515e-05,64
response_mean,10,6,-4.3645518417178475e-06,-0.005552978841432362,0.005552978841432362,0.5,-0.00022411497229768372,0.00021538586861424803,64
public_task_span,8,20,1.3558490081794809e-06,0.0055501140323563816,0.0055501140323563816,0.5,-3.3538992283853876e-05,3.625069030021284e-05,64
final_prompt,5,7,1.125857352235544e-05,0.005549079490652044,0.005549079490652044,0.515625,0.0005641256939270404,-0.0005416085468823294,64
public_task_span,12,25,6.971501775865363e-08,0.005541153277171658,0.005541153277171658,0.5,-4.1722509536157304e-07,5.566551308788803e-07,64
response_mean,35,4,1.60898196099879e-07,0.005535824749839011,0.005535824749839011,0.5,1.5229234122671187e-06,-1.2011270200673607e-06,64
response_first,8,8,2.636446083670303e-07,0.005522656342273395,0.005522656342273395,0.5,-4.36161144534708e-06,4.8889006620811415e-06,64
public_task_span,1,21,1.3693465007231213e-05,0.005513899169245692,0.005513899169245692,0.5,0.0001350751335848937,-0.00010768820357043128,64
final_prompt,16,1,3.575121496622759e-07,0.005503281510098876,0.005503281510098876,0.5,-8.644563422419584e-06,9.359587721744135e-06,64
final_prompt,35,19,2.6863685889154463e-06,0.005501029438809432,0.005501029438809432,0.5,-0.00011505203110572253,0.00012042476828355343,64
public_task_span,11,31,2.3436018636848088e-06,0.005493155936585909,0.005493155936585909,0.5,-7.123775594664356e-05,7.592495967401316e-05,64
public_task_span,1,12,1.72582858795078e-05,0.005489252065687497,0.005489252065687497,0.5,-0.000495218486321397,0.0005297350580804125,64
final_prompt,9,4,1.9565401032650692e-07,0.005488417993442107,0.005488417993442107,0.5,-2.848229854635065e-06,3.239537875288079e-06,64
response_first,12,18,-2.845801282091721e-05,-0.0054843201096002854,0.0054843201096002854,0.5,-0.0006556908992933967,0.0005987748736515625,64
public_task_span,14,28,5.449609261618945e-07,0.005482179205917163,0.005482179205917163,0.5,1.536640320409507e-05,-1.4276481351771281e-05,64
response_first,7,4,-4.272654674508651e-09,-0.005476408560636076,0.005476408560636076,0.5,-6.064836433061771e-08,5.21030549816004e-08,64
public_task_span,11,13,-2.170596417271612e-06,-0.005472529081633936,0.005472529081633936,0.5,0.00018411327164356904,-0.00018845446447811228,64
final_prompt,2,8,-5.821487320643742e-06,-0.005471548904881769,0.005471548904881769,0.5,-6.1000315326959346e-05,4.935734068567189e-05,64
final_prompt,6,15,-7.058460624874478e-06,-0.005470067438980868,0.005470067438980868,0.5,0.0002860752537117208,-0.00030019217496146986,64
public_task_span,8,16,3.5764730909904966e-07,0.005468637608588244,0.005468637608588244,0.5,4.042780290087239e-06,-3.32748567188914e-06,64
response_mean,15,15,6.541746557786406e-07,0.005461811242417634,0.005461811242417634,0.515625,9.585837766222787e-06,-8.277488454665504e-06,64
public_task_span,16,13,-2.222597004220572e-06,-0.005461757768733334,0.005461757768733334,0.5,0.00012870503451265256,-0.00013315022852109374,64
final_prompt,6,0,-1.3265311622497774e-06,-0.005461455203761437,0.005461455203761437,0.5,-1.2927463558303837e-05,1.027440123380427e-05,64
final_prompt,16,12,3.3420238310100146e-07,0.0054599222026684106,0.0054599222026684106,0.5,-1.0138037055185123e-05,1.0806441821387125e-05,64
final_prompt,20,10,6.657336264467464e-07,0.005440335112096261,0.005440335112096261,0.5,-7.526312087335621e-06,8.857779340229112e-06,64
final_prompt,15,20,4.0081107499588605e-07,0.005430650147697814,0.005430650147697814,0.5,1.2493541248657481e-05,-1.1691919098665707e-05,64
final_prompt,28,11,1.701312066870736e-05,0.005425020715010943,0.005425020715010943,0.484375,-0.001623496818865513,0.0016575230602029279,64
public_task_span,34,24,-2.1243561150214457e-06,-0.005423274221535447,0.005423274221535447,0.5,-1.88683661690429e-05,1.4619653939000013e-05,64
public_task_span,9,13,3.0380679163501904e-06,0.0054231190661074066,0.0054231190661074066,0.5,-0.00011203787107660466,0.00011811400690930505,64
public_task_span,8,25,-2.79392952507177e-06,-0.0054227532028997254,0.0054227532028997254,0.5,3.8262936868692685e-05,-4.385079591883619e-05,64
public_task_span,33,25,1.1789936707015489e-06,0.005415771462284283,0.005415771462284283,0.5,-2.116522091453208e-05,2.3523208255935173e-05,64
response_first,13,7,-9.131246940773627e-07,-0.005399149149577517,0.005399149149577517,0.5,-2.6298056468465606e-05,2.4471807080310878e-05,64
response_mean,10,17,3.008872909045931e-06,0.00538089620825285,0.00538089620825285,0.515625,0.00013437818552119774,-0.00012836043970310585,64
response_mean,24,22,2.481860633457816e-06,0.005375878021284033,0.005375878021284033,0.5,-0.00016944276080719376,0.00017440648207410936,64
final_prompt,20,17,-2.3341575996512807e-06,-0.005375029417067054,0.005375029417067054,0.5,0.00011528869615062899,-0.00011995701134993156,64
final_prompt,10,5,1.6743001651775547e-07,0.0053665540384809605,0.0053665540384809605,0.515625,-9.537592688957375e-06,9.872452721992886e-06,64
final_prompt,9,1,2.607925466700784e-07,0.00536447799991901,0.00536447799991901,0.5,-1.612317612398035e-05,1.6644761217320506e-05,64
response_mean,33,8,-5.370170015349812e-07,-0.0053628382638717725,0.0053628382638717725,0.5,-5.460848194615196e-05,5.353444794308199e-05,64
response_first,24,18,1.3362076970223162e-05,0.005361360291423673,0.005361360291423673,0.5,-0.000399010421460838,0.00042573457540128433,64
final_prompt,17,26,-1.5563778106315128e-06,-0.005360846081810563,0.005360846081810563,0.5,2.2454935333343613e-06,-5.358249154597407e-06,64
final_prompt,28,8,2.5752171950454943e-06,0.005353885596807158,0.005353885596807158,0.546875,-6.73758404445701e-05,7.252627483466112e-05,64
response_first,7,13,9.020065760978479e-08,0.005353497856289264,0.005353497856289264,0.5,-9.78754876257426e-07,1.1591561914769959e-06,64
final_prompt,17,17,6.0142010624982415e-06,0.005348449212292667,0.005348449212292667,0.515625,4.8452073315274495e-05,-3.6423671190278e-05,64
public_task_span,26,12,1.4754718904499303e-06,0.005347135720132152,0.005347135720132152,0.53125,-0.0001554995988044235,0.00015845054258532333,64
public_task_span,27,21,-3.4816143852328094e-06,-0.005344404818718428,0.005344404818718428,0.515625,-3.380397538420501e-05,2.6840746613739414e-05,64
public_task_span,2,24,8.429318768322031e-06,0.005339045868021687,0.005339045868021687,0.5,0.0001328248617937885,-0.00011596622425714444,64
response_mean,28,29,-2.1579103304247838e-07,-0.005329777677091721,0.005329777677091721,0.484375,-1.1315661367916618e-06,6.999840707067051e-07,64
public_task_span,0,8,1.3420503819366018e-05,0.005328762939435965,0.005328762939435965,0.515625,3.352262865519764e-05,-6.681621016465573e-06,64
response_first,7,9,-7.20123090047764e-08,-0.0053246503663364605,0.0053246503663364605,0.5,6.976728819552136e-06,-7.120753437561689e-06,64
response_mean,8,24,1.1892914699273465e-05,0.005321914315681673,0.005321914315681673,0.5,-0.0006599744410777813,0.0006837602704763281,64
public_task_span,27,11,-1.5751656974299566e-06,-0.005320330122023317,0.005320330122023317,0.5,-0.00015589179747619344,0.0001527414660813335,64
response_mean,7,3,-2.170529842260619e-05,-0.005319990150623988,0.005319990150623988,0.5,4.412939597386265e-05,-8.753999281907498e-05,64
public_task_span,11,1,3.064796146645456e-06,0.0053190780222434,0.0053190780222434,0.5,0.00024341010794158455,-0.00023728051564829363,64
response_mean,1,9,1.0339859727535701e-05,0.00531511532119275,0.00531511532119275,0.515625,-0.0006112534902058572,0.0006319332096609285,64
response_mean,10,16,4.42315786131348e-06,0.005314975522825822,0.005314975522825822,0.5,-0.00035158837818015354,0.0003604346939027805,64
public_task_span,15,31,1.7181548628265888e-06,0.005313270813565015,0.005313270813565015,0.5,-0.00018441959537083023,0.0001878559050964834,64
response_mean,8,6,2.431348184473353e-05,0.005309241881154485,0.005309241881154485,0.5,-0.0001516318225185453,0.00020025878620801257,64
final_prompt,3,19,-7.510897887641108e-05,-0.005303276206651612,0.005303276206651612,0.5,0.003761312464348531,-0.003911530422101353,64
response_mean,34,12,-1.5340584695860988e-06,-0.005298973039853984,0.005298973039853984,0.5,-6.3760319335378195e-06,3.307914994365622e-06,64
post_selector,5,10,6.489004954346542e-05,0.005292906412807086,0.005292906412807086,0.5,0.004136303101404325,-0.004006523002317393,64
response_first,17,12,8.484640829928627e-07,0.005292549064932425,0.005292549064932425,0.5,-6.002123996039296e-05,6.17181681263787e-05,64
public_task_span,10,18,-2.6096499823313667e-06,-0.005291794646046383,0.005291794646046383,0.5,0.00011181665286129911,-0.00011703595282596184,64
public_task_span,9,18,2.461942685278246e-07,0.005290885690861726,0.005290885690861726,0.5,-1.0403326172078386e-05,1.0895714709134035e-05,64
final_prompt,9,17,7.505001775598425e-08,0.005281904951160212,0.005281904951160212,0.5,-1.6055185838581565e-06,1.755618619370125e-06,64
public_task_span,21,24,4.797703013536594e-06,0.005280320474297426,0.005280320474297426,0.515625,0.00020153199216110096,-0.0001919365861340278,64
public_task_span,3,17,3.3014930068021885e-05,0.00528028497674947,0.00528028497674947,0.5,0.0016940966143011,-0.001628066754165056,64
final_prompt,16,30,1.6604715256087918e-06,0.005276534077379571,0.005276534077379571,0.5,-2.2425269435189664e-05,2.5746212486407258e-05,64
public_task_span,28,18,2.142278049181201e-06,0.005276067940443602,0.005276067940443602,0.5,-0.00013308416600919332,0.0001373687221075557,64
public_task_span,18,21,-1.5342454389615605e-05,-0.005265801313467698,0.005265801313467698,0.5,0.00016609779413555628,-0.00019678270291478747,64
response_first,6,30,-1.768392257872522e-05,-0.005261139157021693,0.005261139157021693,0.5,0.0005410239809862149,-0.0005763918261436652,64
response_mean,3,8,4.141315730521065e-05,0.005259824778824598,0.005259824778824598,0.5,-0.0008464413112960688,0.00092926762590649,64
response_first,9,27,-2.155697529814686e-06,-0.0052577430991621165,0.0052577430991621165,0.484375,7.559745608887224e-05,-7.99088511485016e-05,64
public_task_span,22,29,2.206718454545161e-05,0.005252302402914623,0.005252302402914623,0.5,-0.0005783483356935843,0.0006224827047844873,64
response_first,17,28,-2.36544349663248e-08,-0.005235182498789272,0.005235182498789272,0.5,-8.315096335920202e-07,7.842007636593706e-07,64
response_first,23,16,-6.527240259401879e-08,-0.005235035490263916,0.005235035490263916,0.5,-6.460444978984015e-07,5.154996927103641e-07,64
final_prompt,1,6,5.383422831075558e-06,0.005226371096997055,0.005226371096997055,0.5,-0.00021864938753424494,0.00022941623319639603,64
public_task_span,12,17,3.751177700907803e-06,0.005226327732947476,0.005226327732947476,0.5,-0.00010511422078706876,0.00011261657618888437,64
response_first,18,23,1.8957966929720745e-07,0.005223150625189263,0.005223150625189263,0.5,8.745702366757842e-07,-4.954108980813693e-07,64
response_first,7,18,-1.2454997886395758e-06,-0.005218613339791658,0.005218613339791658,0.5,5.5265934634010065e-05,-5.775693421128921e-05,64
final_prompt,33,26,3.078258856714996e-07,0.005213687368376983,0.005213687368376983,0.5,1.5960273174220498e-06,-9.803755460790519e-07,64
public_task_span,7,10,-5.825911557622724e-07,-0.005208674339707099,0.005208674339707099,0.5,5.897422852249419e-07,-1.7549245967494816e-06,64
response_mean,31,1,-3.006674660365019e-07,-0.005200051168713946,0.005200051168713946,0.484375,-1.1657762286176483e-05,1.105642735410348e-05,64
final_prompt,6,27,-9.277563151497277e-06,-0.0051948217249531276,0.0051948217249531276,0.5,0.00034051996271955773,-0.0003590750890225523,64
response_mean,12,16,-1.7064203348101918e-06,-0.005192160930258309,0.005192160930258309,0.5,-1.0366884453099282e-05,6.954043783478885e-06,64
public_task_span,6,21,-1.473891097703283e-05,-0.005179231099694444,0.005179231099694444,0.5,0.0007468821895599718,-0.0007763600115140376,64
public_task_span,29,19,-1.0233848115600246e-06,-0.005179025467138585,0.005179025467138585,0.5,-9.36669675865774e-06,7.319927135537689e-06,64
response_first,4,22,1.6246596715065414e-05,0.005173335920995389,0.005173335920995389,0.5,0.0006697450380670687,-0.000637251844636938,64
public_task_span,31,17,1.236961196585805e-06,0.005169484825958081,0.005169484825958081,0.5,-4.810159526868239e-05,5.0575517661853985e-05,64
public_task_span,2,5,1.834460636018965e-05,0.005166977363699937,0.005166977363699937,0.5,0.00045326079271033404,-0.00041657157998995485,64
response_mean,16,28,-1.109989307224407e-05,-0.0051609536702296715,0.0051609536702296715,0.515625,0.001135577590048311,-0.0011577773761927992,64
final_prompt,12,12,7.136063118173012e-07,0.005158968758343578,0.005158968758343578,0.515625,-1.5217683881017578e-05,1.664489650465218e-05,64
final_prompt,18,8,-2.9677846669097124e-06,-0.005155553381197063,0.005155553381197063,0.5,-0.0002857052049875957,0.0002797696356537762,64
public_task_span,19,17,-1.6669796423243492e-06,-0.005150009897651045,0.005150009897651045,0.5,-6.799275433877253e-05,6.465879505412384e-05,64
post_selector,2,29,-4.458276089280475e-05,-0.0051385575385956995,0.0051385575385956995,0.4375,0.0022401411479222575,-0.002329306669707868,64
response_first,15,23,-2.2310147507198508e-08,-0.005116650370085973,0.005116650370085973,0.5,-1.1703670015350554e-06,1.1257467065206583e-06,64
public_task_span,4,4,-6.922691500221866e-05,-0.005115156903030627,0.005115156903030627,0.5,0.001851231780165116,-0.001989685610169553,64
response_first,10,1,2.2167050701659095e-06,0.005111846525322213,0.005111846525322213,0.5,4.6954482968420585e-05,-4.252107282808877e-05,64
public_task_span,26,3,-5.314846021051098e-07,-0.005109554738641506,0.005109554738641506,0.484375,-6.851623311373642e-06,5.788654107163419e-06,64
response_first,29,21,-1.7944020669320062e-07,-0.005109091175343597,0.005109091175343597,0.5,-6.169933101318747e-06,5.811052687932346e-06,64
response_first,2,3,-3.950976679334517e-05,-0.005107391673654555,0.005107391673654555,0.5,-0.0007570507877972,0.0006780312542105096,64
response_mean,15,0,-6.147567546579944e-06,-0.005106662821320626,0.005106662821320626,0.484375,9.317773219664341e-05,-0.00010547286728980327,64
final_prompt,11,19,-2.825739784374397e-07,-0.005106455573083471,0.005106455573083471,0.5,-6.2115899481756945e-06,5.646441991300813e-06,64
response_first,18,18,5.495460861371093e-08,0.0051032287033760905,0.0051032287033760905,0.515625,1.973588969306217e-06,-1.863679752078795e-06,64
final_prompt,16,15,1.2769287423007296e-06,0.005092059959377968,0.005092059959377968,0.5,-9.739319375510683e-05,9.99470512397083e-05,64
response_first,8,1,4.704105322160472e-06,0.005091773473530626,0.005091773473530626,0.484375,-7.252444720506905e-05,8.193265784938998e-05,64
public_task_span,15,8,6.442401627281254e-06,0.005089365908119615,0.005089365908119615,0.5,-0.00032858423764991877,0.00034146904090448125,64
response_first,7,31,-2.0972629499761923e-06,-0.0050838852177585575,0.0050838852177585575,0.5,-9.057607940120998e-05,8.63815535012576e-05,64
response_first,16,25,2.7562687137115455e-06,0.005076416872624805,0.005076416872624805,0.5,0.00023136815434553,-0.0002258556169181069,64
final_prompt,32,9,-1.0337082585522045e-06,-0.005075341271037742,0.005075341271037742,0.5,-2.889133702411235e-05,2.6823920507007943e-05,64
response_mean,8,9,1.489859258181083e-07,0.0050728309609343845,0.0050728309609343845,0.5,8.471643340609807e-06,-8.173671488973589e-06,64
public_task_span,12,3,4.540221198116539e-06,0.005071466190739836,0.005071466190739836,0.515625,-0.0001646930977585791,0.00017377354015481213,64
final_prompt,18,9,1.843097265923442e-06,0.005062011094173449,0.005062011094173449,0.5,-0.00016281346597677793,0.0001664996605086248,64
response_first,19,23,-6.247267947375824e-07,-0.005059206273590741,0.005059206273590741,0.5,3.6357465887694394e-05,-3.760691947716955e-05,64
response_mean,3,3,-1.2643260106411786e-05,-0.005059173345974152,0.005059173345974152,0.5,0.0007418667682941238,-0.0007671532885069475,64
public_task_span,34,13,4.3218039991238473e-07,0.005058474045121956,0.005058474045121956,0.5,-2.136125408469064e-05,2.2225614884515403e-05,64
public_task_span,30,1,2.286101789649695e-06,0.005058434730833108,0.005058434730833108,0.515625,-0.0002532629669076169,0.00025783517048691624,64
response_first,8,12,-1.3855984093424922e-07,-0.005057366749952338,0.005057366749952338,0.5,1.090739721121281e-05,-1.1184516893081309e-05,64
public_task_span,4,25,3.533597191562665e-05,0.005052057281715199,0.005052057281715199,0.515625,0.0018895410612458211,-0.0018188691174145682,64
response_first,12,8,-1.6150204373864403e-06,-0.005049498838622372,0.005049498838622372,0.5,-8.182835244947513e-06,4.952794370174616e-06,64
final_prompt,15,1,-2.3468483050257823e-06,-0.005037699512713103,0.005037699512713103,0.5,-0.0001095298393920551,0.00010483614278200353,64
final_prompt,3,9,1.7483627743792218e-05,0.005034061314103302,0.005034061314103302,0.5,6.509933155031254e-05,-3.01320760627281e-05,64
response_first,15,27,9.875024409300396e-10,0.005032571169809815,0.005032571169809815,0.515625,-4.9925516443227735e-08,5.190052132508782e-08,64
final_prompt,8,23,3.2568283358821906e-07,0.005026566630537351,0.005026566630537351,0.5,8.507306915813529e-06,-7.855941248637092e-06,64
public_task_span,15,24,-1.1639928061420412e-06,-0.005016310193464973,0.005016310193464973,0.5,-3.4847294500640834e-05,3.2519308888356745e-05,64
public_task_span,34,9,8.270148100562454e-06,0.005014159014571067,0.005014159014571067,0.5,-0.00042752031004055933,0.0004440606062416844,64
response_mean,13,24,-2.3145300929213117e-06,-0.005012340662071153,0.005012340662071153,0.5,-1.884994799183936e-05,1.4220887805996731e-05,64
response_first,27,30,-2.2006950075555953e-06,-0.005008008192632348,0.005008008192632348,0.5,-6.951293744349748e-05,6.511154742838632e-05,64
response_mean,10,18,4.3782174543581745e-06,0.004989737697574937,0.004989737697574937,0.484375,0.00016449543545604944,-0.00015573900054733307,64
response_mean,15,22,2.1299948116367264e-07,0.004988810955809298,0.004988810955809298,0.5,-7.040303557919958e-07,1.130029318119341e-06,64
public_task_span,35,2,-1.2796726878124278e-06,-0.004984593155427431,0.004984593155427431,0.5,-9.475337265031624e-06,6.915991889406765e-06,64
final_prompt,1,24,7.012349669815841e-06,0.004976298819025084,0.004976298819025084,0.5,0.00014629651559515936,-0.00013227181625552763,64
final_prompt,12,26,7.811301543347626e-07,0.004972801255414132,0.004972801255414132,0.5,-3.224043268800712e-05,3.380269299667663e-05,64
public_task_span,33,23,-9.409954827780526e-06,-0.004969832583151425,0.004969832583151425,0.484375,-0.0005945738266745827,0.0005757539170190217,64
response_mean,27,2,2.6994698032467568e-08,0.004967852962640829,0.004967852962640829,0.515625,7.557261483270797e-09,4.6432134581664286e-08,64
final_prompt,12,5,1.428264368996679e-07,0.0049622486415657075,0.0049622486415657075,0.5,-6.657768366835626e-06,6.943421240634962e-06,64
response_first,11,3,8.781971700959356e-06,0.004954696670238403,0.004954696670238403,0.5,-0.0006191557786223625,0.0006367197220242813,64
post_selector,3,30,-5.209469713918506e-05,-0.004951052473717735,0.004951052473717735,0.546875,0.0027470625757359873,-0.0028512519700143574,64
public_task_span,23,9,7.395787179117157e-06,0.004938169836133149,0.004938169836133149,0.5,0.00031761755963086814,-0.0003028259852726338,64
response_first,21,15,-4.938699191830285e-07,-0.0049350177854891875,0.0049350177854891875,0.5,-1.0813540768595038e-05,9.82580093022898e-06,64
public_task_span,17,18,4.333326387497095e-06,0.004928746290005813,0.004928746290005813,0.5,-2.469648552505527e-05,3.336313830004942e-05,64
response_mean,11,20,3.999733451110515e-06,0.004925802159719811,0.004925802159719811,0.5,0.00016409684735663134,-0.00015609738045441036,64
public_task_span,5,12,1.1774862286990765e-05,0.004922237014118348,0.004922237014118348,0.515625,0.0006112597038736617,-0.0005877099792996803,64
response_mean,15,26,-3.137627579974378e-08,-0.004921248363182893,0.004921248363182893,0.5,-1.7004023327160667e-06,1.6376497811165791e-06,64
response_first,32,20,1.3880308813440912e-07,0.004920866878420864,0.004920866878420864,0.5,7.708298142006242e-07,-4.932236379318055e-07,64
public_task_span,30,12,-4.717156798489632e-07,-0.004916089943540634,0.004916089943540634,0.5,-2.822611645569558e-05,2.728268509599766e-05,64
final_prompt,31,9,-1.5651559806431777e-05,-0.004914304649781142,0.004914304649781142,0.5,-0.0011085000005550687,0.0010771968809422051,64
public_task_span,35,15,-1.2064272596037389e-05,-0.00490937651825435,0.00490937651825435,0.515625,-0.00019045847875532148,0.00016632993356324667,64
public_task_span,1,4,-2.3101156330046836e-06,-0.004908311822067818,0.004908311822067818,0.5,3.052342526643438e-05,-3.5143656532443745e-05,64
public_task_span,26,14,9.994107585918096e-07,0.0049070470000555,0.0049070470000555,0.515625,-8.27065741759591e-05,8.470539569314273e-05,64
final_prompt,7,17,2.45736600844645e-07,0.004903494444630812,0.004903494444630812,0.484375,-2.756197943653472e-06,3.247671145342763e-06,64
final_prompt,5,14,-1.5530278687945153e-05,-0.004902154272706366,0.004902154272706366,0.5,0.0008650029394630133,-0.0008960634968389036,64
post_selector,6,26,-1.689679629635044e-05,-0.004895785072091888,0.004895785072091888,0.484375,0.001068532757926724,-0.001102326350519425,64
public_task_span,34,15,-1.2035352483509451e-05,-0.004894380143576119,0.004894380143576119,0.5,-0.00015713737957413125,0.00013306667460711246,64
final_prompt,14,2,-1.3802684861777147e-06,-0.004893154825103953,0.004893154825103953,0.5,3.22513756144975e-06,-5.985674533805193e-06,64
public_task_span,16,6,-1.1206727776891421e-06,-0.004892911817611216,0.004892911817611216,0.5,7.681536044400937e-05,-7.905670599938765e-05,64
response_first,6,26,1.3706983736479748e-05,0.004891405859532546,0.004891405859532546,0.5,-5.306170351103114e-05,8.047567098399064e-05,64
final_prompt,15,10,3.7417861165240063e-07,0.004890026708064329,0.004890026708064329,0.5,4.497268804469138e-06,-3.7489115811643356e-06,64
final_prompt,12,25,3.0206219747697105e-08,0.004879303193355194,0.004879303193355194,0.5,-7.715929086771212e-07,8.320053481725154e-07,64
final_prompt,8,14,2.3435322305147342e-07,0.0048751871330196695,0.0048751871330196695,0.5,1.8785316569849867e-05,-1.831661012374692e-05,64
response_mean,3,15,-2.5616489210731122e-05,-0.0048746295043329115,0.0048746295043329115,0.5,0.0008671125610817557,-0.0009183455395032178,64
response_first,13,30,-1.1596922888656991e-07,-0.00487178834774582,0.00487178834774582,0.5,-7.27602179040332e-06,7.04408333263018e-06,64
final_prompt,3,8,3.162775010423274e-05,0.004870948240562884,0.004870948240562884,0.5,0.0014584340151486816,-0.0013951785149402156,64
response_mean,2,25,-3.095065039818224e-06,-0.004864623364522892,0.004864623364522892,0.5,5.6715722166699415e-05,-6.290585224633585e-05,64
public_task_span,27,6,9.530169791064296e-07,0.004856157172314331,0.004856157172314331,0.5,-2.6039805334220066e-05,2.7945839292432913e-05,64
public_task_span,16,26,-8.828510544840973e-06,-0.00485218398542836,0.00485218398542836,0.5,0.0002907205853261937,-0.00030837760641587566,64
final_prompt,4,0,-4.9823163408291944e-05,-0.004849134344576503,0.004849134344576503,0.515625,0.002845575977062257,-0.0029452223038788404,64
response_first,2,1,-1.989746306208629e-05,-0.004844890787511708,0.004844890787511708,0.5,0.0014713624550495015,-0.0015111573811736742,64
public_task_span,29,22,-5.922840500713047e-06,-0.004839308354412657,0.004839308354412657,0.5,-0.0005235993048699913,0.0005117536238685653,64
public_task_span,3,0,-3.6003046261606254e-05,-0.004839055431801316,0.004839055431801316,0.5,0.0007958842688822343,-0.0008678903614054468,64
final_prompt,28,20,2.5837230168696487e-06,0.004833837908504394,0.004833837908504394,0.515625,-0.0002318549522897089,0.00023702239832344815,64
final_prompt,8,16,1.106090223856882e-07,0.004831241905241291,0.004831241905241291,0.484375,3.1537341556031606e-06,-2.9325161108317843e-06,64
response_first,31,16,4.2245453357664426e-07,0.004830249851110734,0.004830249851110734,0.5,-1.2407060978597961e-05,1.3251970045751247e-05,64
response_mean,17,18,-1.2512799685271454e-06,-0.004823736199389775,0.004823736199389775,0.5,4.548860658813886e-05,-4.7991166525193146e-05,64
public_task_span,28,11,-2.921765712928889e-06,-0.00482179354197356,0.00482179354197356,0.5,-0.000341858366027723,0.00033601483460186525,64
final_prompt,17,30,4.342587267558429e-08,0.004817626118985899,0.004817626118985899,0.515625,4.332080649760428e-07,-3.4635631962487423e-07,64
response_first,13,16,-9.576029924572942e-06,-0.004812768193049361,0.004812768193049361,0.5,-0.001134491153152311,0.001115339093303165,64
response_mean,25,25,-5.807275556437701e-06,-0.004807443414670959,0.004807443414670959,0.578125,-0.0003546966745489008,0.00034308212343602543,64
response_mean,10,8,8.579081054384318e-07,0.004805667749968001,0.004805667749968001,0.5,1.0962770602333688e-06,6.195391506435118e-07,64
response_first,17,17,4.325984725989229e-07,0.00480527331466952,0.00480527331466952,0.515625,-4.6203020907844715e-05,4.706821785304256e-05,64
response_mean,10,31,6.114790721763771e-06,0.0048043324538606,0.0048043324538606,0.515625,-5.0692179684119656e-05,6.292176112764723e-05,64
public_task_span,6,22,-1.9416510440349946e-05,-0.004804072472769604,0.004804072472769604,0.5,0.001212689958265397,-0.001251522979146097,64
response_mean,6,19,-2.116755422321872e-05,-0.004791290053964927,0.004791290053964927,0.5,0.00013793246762359697,-0.00018026757607003452,64
final_prompt,18,27,-7.744054215684004e-07,-0.004790413145183113,0.004790413145183113,0.515625,3.967104058233129e-05,-4.1219851425468106e-05,64
response_first,13,10,1.4705404964855041e-06,0.004787609015545399,0.004787609015545399,0.5,-8.864695382725309e-05,9.158803482022409e-05,64
public_task_span,23,25,-7.568694400071079e-07,-0.004781372503389225,0.004781372503389225,0.484375,7.280734234881113e-05,-7.432108122882536e-05,64
public_task_span,19,8,-6.137522632369796e-07,-0.004779260727414041,0.004779260727414041,0.5,-2.0801212826881267e-05,1.957370830040731e-05,64
response_first,34,12,8.972029945619209e-07,0.004776807286119595,0.004776807286119595,0.5,-6.168974323377891e-06,7.963380312501724e-06,64
final_prompt,35,2,-1.1519337022078555e-06,-0.004775292044521252,0.004775292044521252,0.5,-5.4418863328456175e-05,5.211499592404045e-05,64
final_prompt,14,17,3.4474628591828046e-06,0.004762616735115676,0.004762616735115676,0.5,-7.812252079019686e-05,8.50174465085625e-05,64
final_prompt,15,28,-9.803352440940237e-08,-0.004758550201561223,0.004758550201561223,0.5,-2.030980596146037e-06,1.8349135473272327e-06,64
response_first,19,28,6.678424000486496e-07,0.0047526185290335775,0.0047526185290335775,0.5,2.027067222342706e-05,-1.893498742332976e-05,64
public_task_span,20,25,-4.707213065553123e-06,-0.004744720175053142,0.004744720175053142,0.5,1.3154499356468722e-05,-2.2568925487574995e-05,64
response_mean,28,7,-1.3166298231226392e-05,-0.004743101464241146,0.004743101464241146,0.53125,-0.0001609813443792541,0.0001346487479168012,64
final_prompt,10,30,-2.3344017918594059e-07,-0.004743053817566075,0.004743053817566075,0.5,-1.1157016146507053e-05,1.0690135788135172e-05,64
response_mean,10,20,1.1645947779485124e-06,0.004734365501702506,0.004734365501702506,0.5,8.313360012832893e-06,-5.984170456935858e-06,64
final_prompt,2,2,-2.9371412892944377e-05,-0.0047323346770603,0.0047323346770603,0.5,0.001876045325843724,-0.0019347881516296127,64
public_task_span,34,10,-3.8624834815015735e-06,-0.0047295608799451504,0.0047295608799451504,0.5,-0.0001469563230784844,0.00013923135611548126,64
final_prompt,30,13,8.885828606221664e-07,0.004719870889033151,0.004719870889033151,0.5,-1.5068961829551523e-06,3.284061904199485e-06,64
public_task_span,10,9,-4.079007794638015e-06,-0.004712619947824482,0.004712619947824482,0.515625,-1.5883918422319048e-05,7.72590283304299e-06,64
final_prompt,5,16,-4.532553361968742e-05,-0.0047084554836109805,0.0047084554836109805,0.5,0.002762227137736763,-0.002852878204976138,64
response_mean,2,14,-2.1564894268515534e-05,-0.004707782209878785,0.004707782209878785,0.5,0.001064837801095569,-0.0011079675896326002,64
public_task_span,34,14,2.345047960254165e-06,0.004700242830000876,0.004700242830000876,0.5,-4.8631030040276516e-05,5.332112596078483e-05,64
final_prompt,4,21,2.9377930331978366e-05,0.004697137596605485,0.004697137596605485,0.5,0.00039072975778255007,-0.00033197389711859366,64
final_prompt,6,17,7.485035382599845e-07,0.0046919675278165604,0.0046919675278165604,0.515625,4.3780056685701005e-05,-4.2283049609181036e-05,64
response_mean,29,21,1.7559995058036293e-07,0.004689168777462591,0.004689168777462591,0.515625,-4.961101581102412e-06,5.312301482263138e-06,64
response_first,30,18,2.973966957134341e-07,0.004678595254587804,0.004678595254587804,0.5,6.703944507078548e-06,-6.10915111565168e-06,64
public_task_span,34,12,3.0372189030533393e-07,0.004676100584192291,0.004676100584192291,0.484375,-4.537475319919272e-06,5.144919100529939e-06,64
final_prompt,4,18,1.1852326480283137e-06,0.004667375032656182,0.004667375032656182,0.5,6.944036653066897e-05,-6.706990123461236e-05,64
response_mean,6,11,-3.4505865187379526e-05,-0.004666635927495859,0.004666635927495859,0.5,-0.00040030623495111565,0.00033129450457635616,64
final_prompt,16,24,3.6558758438271427e-06,0.0046642965553306825,0.0046642965553306825,0.5,-5.015870556239549e-06,1.232762224389384e-05,64
public_task_span,17,20,1.4951267530749195e-06,0.004657621110718321,0.004657621110718321,0.5,6.69374403514682e-05,-6.394718684531833e-05,64
response_mean,16,1,-2.7608250547903914e-06,-0.004655806864183728,0.004655806864183728,0.5,-1.7907684195972762e-05,1.2386034086391952e-05,64
final_prompt,6,19,3.559164724722128e-06,0.004650630019785896,0.004650630019785896,0.515625,0.0001398561389578359,-0.00013273780950839165,64
public_task_span,15,17,9.380686094577539e-07,0.00465010519193986,0.00465010519193986,0.53125,-3.5879257893553585e-06,5.464063008270858e-06,64
response_first,13,28,-5.825504558737785e-07,-0.004644651289516077,0.004644651289516077,0.515625,-6.337665229238292e-05,6.221155138063537e-05,64
response_first,15,29,3.2072813382820514e-07,0.004631908096928617,0.004631908096928617,0.5,-2.4763545866333336e-05,2.5405002133989747e-05,64
public_task_span,6,23,-5.331698048392168e-06,-0.004630162005990376,0.004630162005990376,0.5,0.00034970439537571876,-0.00036036779147250315,64
final_prompt,12,4,-9.332014769841232e-07,-0.004627089404146876,0.004627089404146876,0.5,-5.0644747489054145e-05,4.877834453508589e-05,64
public_task_span,31,8,-2.368671630386699e-06,-0.004621468737933692,0.004621468737933692,0.5,-0.00014027483211973325,0.00013553748885895982,64
response_first,31,31,1.2829440834148979e-06,0.004621020694126968,0.004621020694126968,0.515625,-0.0001814628296869737,0.00018402871785380348,64
response_mean,9,14,1.34681595227448e-05,0.004615840707481681,0.004615840707481681,0.5,5.6306622354895835e-05,-2.9370303309406154e-05,64
final_prompt,22,13,3.554446834627972e-07,0.004612936067783008,0.004612936067783008,0.5,-2.95766070621479e-05,3.0287496429073494e-05,64
final_prompt,6,7,6.19950014879548e-06,0.004612297456127199,0.004612297456127199,0.5,0.00025453574062340144,-0.00024213674032581045,64
final_prompt,2,18,-3.0170082482075902e-05,-0.004609535157397264,0.004609535157397264,0.5,0.0018161000361942602,-0.001876440201158412,64
public_task_span,20,27,1.0558011126706208e-05,0.0046067800880236235,0.0046067800880236235,0.5,-4.707921834778121e-05,6.819524060119368e-05,64
response_first,35,25,1.4539041330866536e-05,0.0045922460425777785,0.0045922460425777785,0.515625,-0.00012673895434999038,0.00015581703701172367,64
public_task_span,1,20,-1.6838072042440756e-05,-0.004590830530257652,0.004590830530257652,0.5,-0.0007870008848840193,0.0007533247407991374,64
post_selector,5,19,-2.991502651638765e-05,-0.004590085888384936,0.004590085888384936,0.5,0.002032323325693134,-0.0020921533787259094,64
response_mean,6,24,-1.3592541108668765e-05,-0.004579335030131557,0.004579335030131557,0.5,0.0010116697376361013,-0.0010388548198534387,64
final_prompt,5,8,-8.547362995130022e-07,-0.00457818542319435,0.00457818542319435,0.484375,-9.08313268153706e-06,7.373660082511059e-06,64
final_prompt,30,23,4.016112598016072e-07,0.004576785871758553,0.004576785871758553,0.5,-1.7397408100802693e-05,1.820063062040591e-05,64
response_mean,17,22,2.1728124011113477e-06,0.004570101567605603,0.004570101567605603,0.5,-0.00020875647078354614,0.00021310209558576883,64
final_prompt,5,23,5.4308754897646654e-05,0.004566952067110161,0.004566952067110161,0.5,0.0034244186544469847,-0.003315801144651691,64
response_first,13,6,-3.2722334708592144e-07,-0.004563634589555549,0.004563634589555549,0.5,-1.8653480538016814e-06,1.2109013596298368e-06,64
public_task_span,0,7,2.2738240659231297e-05,0.004559227561930976,0.004559227561930976,0.5,0.00036765022014150324,-0.00032217373882304065,64
public_task_span,20,9,1.6034108511992292e-06,0.004553139710828358,0.004553139710828358,0.5,-7.4533220413313306e-06,1.0660143743729803e-05,64
final_prompt,26,29,-4.920862693320965e-06,-0.004552768960925366,0.004552768960925366,0.515625,-0.00016571409992137946,0.00015587237453473747,64
final_prompt,15,29,4.755427767133975e-07,0.00455169833393231,0.00455169833393231,0.5,-1.2733650578411837e-05,1.368473613183863e-05,64
final_prompt,21,12,-1.4181459846446327e-06,-0.0045407653476227435,0.0045407653476227435,0.5,7.792659380355561e-05,-8.07628857728449e-05,64
public_task_span,6,4,-4.299850843380757e-05,-0.004539955079737996,0.004539955079737996,0.5,0.0023896673810668402,-0.0024756643979344547,64
response_mean,6,27,-1.0079817002405371e-05,-0.004528106861031979,0.004528106861031979,0.5,0.0007008035572653074,-0.0007209631912701179,64
final_prompt,15,8,5.428381655251079e-07,0.004526337119505064,0.004526337119505064,0.5,-9.554676353217316e-06,1.064035268426753e-05,64
response_first,13,23,-1.0410849426989441e-07,-0.004526113070753782,0.004526113070753782,0.484375,-1.3613278895263647e-06,1.1531109009865759e-06,64
response_first,21,14,-4.873297427810737e-07,-0.004524557558399448,0.004524557558399448,0.484375,-1.4421550304173969e-05,1.3446890818611823e-05,64
public_task_span,0,13,3.897529677488094e-05,0.004520938139044449,0.004520938139044449,0.5,-0.00024540472077205165,0.00032335531432181326,64
response_mean,10,29,7.1318936534176745e-06,0.00452082226952006,0.00452082226952006,0.5,-0.0003551081154000798,0.00036937190270691514,64
post_selector,26,10,7.71760880977113e-07,0.00450986935446486,0.00450986935446486,0.5,9.632762612456927e-06,-8.089240850502702e-06,64
final_prompt,34,17,6.479841431430869e-06,0.004505283553191983,0.004505283553191983,0.515625,1.7218790162679967e-06,1.1237803846593714e-05,64
public_task_span,5,28,7.609646672793711e-06,0.004503126924375994,0.004503126924375994,0.5,-0.0007009710761849353,0.0007161903695305227,64
public_task_span,6,29,-1.1068273124690056e-05,-0.004497727852960808,0.004497727852960808,0.5,0.0004088499936187853,-0.0004309865398681653,64
response_mean,7,28,2.276480358886572e-06,0.004491876050154849,0.004491876050154849,0.5,4.725486633103795e-06,-1.7252591533065766e-07,64
response_mean,12,8,-9.790744570643682e-07,-0.004490990062308701,0.004490990062308701,0.5,-4.660780632546894e-05,4.464965741134021e-05,64
response_first,31,24,-5.060878720508196e-07,-0.004490222929705599,0.004490222929705599,0.5,-4.313989836644616e-05,4.2127722622344515e-05,64
final_prompt,8,15,-5.109019980386801e-07,-0.004485080727618549,0.004485080727618549,0.5,1.3085968703307101e-05,-1.4107772699384455e-05,64
final_prompt,31,13,1.3913560906071536e-05,0.004475676162074616,0.004475676162074616,0.53125,-0.0014217657480912588,0.001449592869903402,64
final_prompt,8,2,2.3339217136584395e-07,0.00447427796409961,0.00447427796409961,0.5,-3.2889823557995616e-06,3.7557666985312504e-06,64
final_prompt,15,21,-1.9020743025066622e-07,-0.004466490388560226,0.004466490388560226,0.515625,-4.7918614995978714e-06,4.411446639096539e-06,64
final_prompt,2,21,-5.539585299630008e-05,-0.004463732264679228,0.004463732264679228,0.5,0.0032774488217910363,-0.003388240527783637,64
public_task_span,34,8,8.864479241309352e-06,0.004456054145511806,0.004456054145511806,0.5,-0.0002884108653233781,0.0003061398238059969,64
final_prompt,2,3,-1.9651632101159343e-05,-0.004443925847721675,0.004443925847721675,0.5,0.00021564681446760935,-0.00025495007866992815,64
final_prompt,22,29,1.7252934867390597e-06,0.004441052798809408,0.004441052798809408,0.5,-6.548759938596251e-05,6.893818635944063e-05,64
final_prompt,4,10,5.1820859425749346e-06,0.004440415272178685,0.004440415272178685,0.484375,0.0002998937743541209,-0.0002895296024689711,64
public_task_span,35,28,-1.0798189578089015e-06,-0.004434294372002489,0.004434294372002489,0.5,-6.800345454392924e-05,6.584381662831141e-05,64
response_first,35,30,-3.099244622721614e-06,-0.004433595953443231,0.004433595953443231,0.484375,6.929395567566819e-05,-7.549244492111139e-05,64
response_first,21,6,4.668651172380761e-07,0.0044316960806375875,0.0044316960806375875,0.5,-3.0065745363557938e-05,3.099947559803409e-05,64
post_selector,22,9,8.291339327116121e-06,0.0044279440349592305,0.0044279440349592305,0.515625,-0.0008320656779687739,0.0008486483566230061,64
public_task_span,2,6,-5.258714736558576e-06,-0.0044215995839509145,0.0044215995839509145,0.5,8.209732186510276e-06,-1.87271616596274e-05,64
final_prompt,34,22,1.5987791357469484e-06,0.004418550655379379,0.004418550655379379,0.5,4.286801163288207e-05,-3.967045336138819e-05,64
public_task_span,24,3,-1.354469247871748e-07,-0.004415665438454787,0.004415665438454787,0.484375,-9.573729812473175e-06,9.302835962898826e-06,64
response_first,1,23,-1.5695994079582815e-05,-0.004415506756359876,0.004415506756359876,0.5,0.0004217429232085156,-0.00045313491136768125,64
response_first,34,26,2.1032985841856982e-07,0.004410246958364251,0.004410246958364251,0.5,-7.582876037302685e-06,8.003535754139821e-06,64
public_task_span,7,30,-9.9386966212478e-08,-0.004399952723301988,0.004399952723301988,0.5,-2.686199422896607e-06,2.487425490471651e-06,64
response_mean,2,3,-2.6004869141618855e-05,-0.004399366295355387,0.004399366295355387,0.5,-3.187607944710007e-05,-2.013365883613775e-05,64
response_first,1,18,4.8926995077629046e-06,0.004392980693945863,0.004392980693945863,0.5,-7.489781273761832e-05,8.468321175314409e-05,64
response_first,9,19,2.849233027307197e-07,0.004389662512314335,0.004389662512314335,0.5,-2.023658493043909e-05,2.080643153590053e-05,64
final_prompt,1,7,-1.031580609382882e-06,-0.004383956792078445,0.004383956792078445,0.5,-1.3029758520139501e-05,1.0966597301373753e-05,64
response_mean,0,3,5.890961801923457e-06,0.004375897692025722,0.004375897692025722,0.5,0.0005932617859798281,-0.0005814798623759813,64
final_prompt,14,4,4.387609688900129e-07,0.00436757157121598,0.00436757157121598,0.5,-2.3607977730929835e-05,2.448549966870986e-05,64
public_task_span,2,14,-1.156744474428077e-05,-0.004367098762213338,0.004367098762213338,0.5,0.0006521915056509896,-0.0006753263951395513,64
response_first,4,24,3.8402473364830395e-05,0.004367095135113297,0.004367095135113297,0.5,0.002125936982338307,-0.0020491320356086466,64
response_mean,34,23,4.7429892901876484e-07,0.004361908867188025,0.004361908867188025,0.5,-2.149854435628983e-05,2.244714221432736e-05,64
response_mean,10,1,2.9208117666734384e-06,0.004358372881522194,0.004358372881522194,0.5,8.334906578966249e-05,-7.750744225631562e-05,64
response_first,31,17,-1.0898629199106716e-07,-0.004344141646251255,0.004344141646251255,0.515625,-5.7917264797411386e-06,5.573753895759004e-06,64
public_task_span,32,4,8.013715842056485e-07,0.004340768640389842,0.004340768640389842,0.5,-5.091693765281911e-06,6.69443693369321e-06,64
public_task_span,31,16,-6.884879155677471e-08,-0.004336628982267702,0.004336628982267702,0.5,-3.157510576556888e-06,3.019812993443338e-06,64
final_prompt,7,29,9.259967015395887e-08,0.004331019862395397,0.004331019862395397,0.5,2.3409161116205723e-06,-2.1557167713126546e-06,64
response_mean,9,21,7.943115178929154e-07,0.0043303867012051715,0.0043303867012051715,0.5,-1.9354781670685632e-05,2.094340470647146e-05,64
response_mean,7,9,-1.401191411787371e-07,-0.004329883007408364,0.004329883007408364,0.5,8.497250519215371e-06,-8.777488801572847e-06,64
response_first,9,18,2.560987809372293e-06,0.004324277032227256,0.004324277032227256,0.5,-0.0001062522175061427,0.00011137419312488727,64
final_prompt,13,9,3.381966280356974e-07,0.004321091886315464,0.004321091886315464,0.5,-9.029530474498098e-07,1.5793463035212041e-06,64
public_task_span,2,28,3.509224188746581e-05,0.004321091197095571,0.004321091197095571,0.5,-0.0008020676687010564,0.0008722521524759872,64
public_task_span,34,22,2.6699221678003675e-07,0.0043208552948721364,0.0043208552948721364,0.5,-1.559071830569823e-05,1.612470273925831e-05,64
public_task_span,27,10,3.1440899874709413e-06,0.004318786288351646,0.004318786288351646,0.5,-0.0004249959329171992,0.00043128411289214115,64
public_task_span,13,16,8.567533768659373e-06,0.004315357083999391,0.004315357083999391,0.5,-0.0006676131388303188,0.0006847482063676374,64
response_mean,32,19,-2.9902969345007185e-07,-0.004314709957101646,0.004314709957101646,0.5,-1.7547538504910216e-05,1.6949479118010074e-05,64
response_first,31,18,-1.5640480910390963e-07,-0.004308201675083122,0.004308201675083122,0.5,-7.622363568769572e-06,7.3095539505617526e-06,64
response_first,18,2,1.1350019235517755e-07,0.004301943542153755,0.004301943542153755,0.5,-7.841472040580167e-06,8.068472425290522e-06,64
final_prompt,4,2,2.456980610077283e-05,0.00428622502431348,0.00428622502431348,0.5,0.001484812811213503,-0.0014356731990119572,64
response_mean,5,2,-8.144436287693896e-05,-0.004278912809914259,0.004278912809914259,0.5,0.00021240228670648146,-0.00037529101246036025,64
response_mean,6,8,-3.813445982813916e-05,-0.004274693317413945,0.004274693317413945,0.5,-0.00024045061582000308,0.00016418169616372498,64
response_first,12,22,-1.014808219679253e-07,-0.004274045319743692,0.004274045319743692,0.5,-1.106231260905588e-05,1.085935096512003e-05,64
final_prompt,16,2,7.325159572229513e-07,0.004261429983324522,0.004261429983324522,0.5,3.452034516725969e-05,-3.305531325281379e-05,64
response_first,3,19,-4.503545727629812e-05,-0.004261421485528496,0.004261421485528496,0.5,0.002870188193696782,-0.002960259108249377,64
final_prompt,12,11,1.6771840023496976e-06,0.004260643632713699,0.004260643632713699,0.5,-0.000118817111456334,0.00012217147946103342,64
final_prompt,19,22,-8.206386610256208e-07,-0.0042597026969132265,0.0042597026969132265,0.5,1.737144430068483e-06,-3.3784217521197254e-06,64
public_task_span,35,9,1.021056777972181e-05,0.004251910118415781,0.004251910118415781,0.5,-0.0001020454219542531,0.00012246655751369686,64
response_mean,3,18,-2.3392141883957988e-05,-0.004251649872500196,0.004251649872500196,0.5,-0.0009016275944304565,0.0008548433106625404,64
final_prompt,17,23,1.6570571403814796e-07,0.004250380351997152,0.004250380351997152,0.5,-1.5414208291965322e-06,1.8728322572728275e-06,64
final_prompt,9,6,-4.539721842888865e-08,-0.00424511007761058,0.00424511007761058,0.5,3.801668455594154e-07,-4.709612824171927e-07,64
public_task_span,1,27,1.271512519451383e-05,0.0042361463276615954,0.0042361463276615954,0.515625,0.0016366230920538856,-0.0016111928416648576,64
final_prompt,13,17,3.751083852424397e-07,0.004233883579629245,0.004233883579629245,0.5,-5.363878585734966e-07,1.2866046290583778e-06,64
public_task_span,13,8,5.41632971362785e-06,0.004225533635652646,0.004225533635652646,0.484375,0.000573366615753896,-0.0005625339563266403,64
response_first,2,9,-1.2954336852996883e-05,-0.004213696726882427,0.004213696726882427,0.5,-0.0003319116694910845,0.00030600299578509066,64
response_mean,16,18,3.783231022685849e-06,0.004210779555473555,0.004210779555473555,0.5,0.00023719946102573758,-0.0002296329989803659,64
response_first,2,0,-2.4080401999522104e-05,-0.0042098416990053455,0.0042098416990053455,0.515625,0.0011049720542359903,-0.001153132858235035,64
response_mean,2,26,-5.52152232557498e-06,-0.004198752312105818,0.004198752312105818,0.5,0.00010544772703725623,-0.00011649077168840623,64
response_first,18,11,-4.4958731848300344e-07,-0.004190540871137405,0.004190540871137405,0.5,1.570502794833651e-05,-1.6604202585302516e-05,64
response_mean,27,9,1.187382963510683e-06,0.00418984366180931,0.00418984366180931,0.5,-7.029852054073303e-05,7.267328646775441e-05,64
public_task_span,24,16,-1.067592484104991e-05,-0.004184776408216153,0.004184776408216153,0.5,-0.0010281338563799983,0.0010067820066978984,64
response_first,35,0,-3.956400178139955e-06,-0.004183887460073072,0.004183887460073072,0.515625,-0.0002164392426493537,0.00020852644229307383,64
public_task_span,28,30,-2.7262863113718657e-06,-0.004175330770515716,0.004175330770515716,0.5,3.4208718716406236e-05,-3.9661291339149954e-05,64
final_prompt,24,21,2.170773313990625e-06,0.00416749346787185,0.00416749346787185,0.5,-0.00011779762189689066,0.00012213916852487185,64
final_prompt,19,7,2.767357727859361e-06,0.004163780996437705,0.004163780996437705,0.5,-0.00012895939653389686,0.0001344941119896156,64
final_prompt,17,11,-2.2279937184046894e-06,-0.00416106246682424,0.00416106246682424,0.5,-0.00010825177923833125,0.00010379579180152187,64
response_mean,8,27,3.875343281842127e-06,0.004153170735698125,0.004153170735698125,0.53125,0.00013682054941456892,-0.0001290698628508846,64
post_selector,2,27,-4.5808483264404994e-05,-0.00415210408255223,0.00415210408255223,0.5,0.0012704089313047033,-0.0013620258978335122,64
final_prompt,13,12,-1.5698345401382596e-10,-0.004147812177351424,0.004147812177351424,0.5,-2.810135457664842e-09,2.49616854963719e-09,64
public_task_span,4,28,-1.6242860510820556e-05,-0.004142522049208563,0.004142522049208563,0.5,0.0013637134579766908,-0.0013961991789983317,64
response_mean,12,4,-8.265696806119467e-06,-0.004140793335828246,0.004140793335828246,0.5,-0.0010133958962796588,0.00099686450266742,64
final_prompt,12,2,-1.519456134246866e-07,-0.0041293005394574134,0.0041293005394574134,0.5,2.6005026825259847e-06,-2.904393909375358e-06,64
response_first,22,19,1.0919907467083652e-07,0.0041237293877718585,0.0041237293877718585,0.5,-7.682759473936183e-06,7.901157623277856e-06,64
response_mean,16,22,-3.1606199115661346e-06,-0.004114367697197838,0.004114367697197838,0.5,-0.0003177745107904998,0.0003114532709673676,64
final_prompt,19,29,1.66477873620091e-06,0.004105621692654574,0.004105621692654574,0.5,-0.00015204009599754643,0.00015536965346994825,64
response_first,29,12,1.101734790154307e-05,0.004099855829873899,0.004099855829873899,0.515625,-0.0003166789506394516,0.0003387136464425378,64
response_first,15,22,1.3041316471173987e-08,0.0040939170369842385,0.0040939170369842385,0.5,-5.588450182614224e-07,5.849276512037704e-07,64
response_first,2,2,2.878224540836256e-05,0.004092768270955441,0.004092768270955441,0.5,0.001911024790388168,-0.001853460299571443,64
final_prompt,14,30,2.3777604951773313e-07,0.004086325850103464,0.004086325850103464,0.5,2.3377655793439077e-06,-1.8622134803084415e-06,64
public_task_span,31,12,1.030144517249464e-06,0.00408616377318743,0.00408616377318743,0.5,-7.868090949613029e-05,8.074119853062922e-05,64
response_mean,9,7,5.492768764304363e-07,0.004079890606766973,0.004079890606766973,0.5,2.041034031208058e-05,-1.9311786559219712e-05,64
response_mean,22,21,-2.6915215301090584e-07,-0.0040752252235930694,0.0040752252235930694,0.484375,-3.607590761589546e-05,3.553760330987365e-05,64
response_mean,13,21,2.5162009364976257e-08,0.004073929749831775,0.004073929749831775,0.5,2.1810905792563062e-07,-1.677850391956781e-07,64
response_mean,8,3,-1.185066139436869e-06,-0.004070760678700632,0.004070760678700632,0.5,-0.00013818571187581785,0.00013581557959694413,64
response_first,35,27,2.7385908652004293e-07,0.004062470758726135,0.004062470758726135,0.484375,-2.0658786525010412e-05,2.1206504698050496e-05,64
response_mean,18,30,2.8627689971470185e-05,0.004059786823685865,0.004059786823685865,0.53125,0.00041800965118454693,-0.00036075427124160624,64
public_task_span,26,2,-8.19363594929074e-06,-0.00405678526788769,0.00405678526788769,0.5,-0.00011708868987625313,0.00010070141797767168,64
final_prompt,7,30,-2.0799021172024368e-08,-0.004050207138017123,0.004050207138017123,0.5,-2.3523769243638526e-07,1.9363965009233652e-07,64
final_prompt,16,17,2.921489965483594e-07,0.0040501666790974415,0.0040501666790974415,0.5,5.603390604806414e-07,2.3958932616077345e-08,64
final_prompt,3,11,2.891499752877654e-05,0.004050039420181232,0.004050039420181232,0.5,-0.0018253966409247282,0.0018832266359822812,64
response_mean,10,7,1.0554878826950402e-05,0.00404656689472588,0.00404656689472588,0.5,-0.0009273476425732804,0.0009484574002271814,64
final_prompt,16,22,3.0184307888680775e-06,0.0040452218818825365,0.0040452218818825365,0.5,-0.0002217696201114425,0.0002278064816891786,64
final_prompt,7,21,-1.112389327316026e-06,-0.004039127144783772,0.004039127144783772,0.5,8.006620373634485e-05,-8.229098239097692e-05,64
response_first,25,5,-2.641558012320574e-07,-0.004028401917127251,0.004028401917127251,0.515625,-2.0088057453900515e-05,1.95597458514364e-05,64
public_task_span,26,11,2.520217492483072e-07,0.004021815235592511,0.004021815235592511,0.5,2.4993152578667524e-06,-1.995271759370138e-06,64
final_prompt,10,11,-2.4264204512267574e-07,-0.004020850404684905,0.004020850404684905,0.5,-2.9215524364149334e-06,2.436268346169582e-06,64
final_prompt,11,24,2.2186651449495843e-07,0.004019519542591261,0.004019519542591261,0.5,-2.4937074272200856e-05,2.5380807301190772e-05,64
response_first,8,27,-7.275973075594928e-06,-0.004019093687781208,0.004019093687781208,0.5,3.0129656806833526e-05,-4.468160295802322e-05,64
final_prompt,9,30,8.607190515874663e-08,0.004019044687185269,0.004019044687185269,0.5,5.005326386253728e-06,-4.8331825759362346e-06,64
response_first,18,24,-5.8533362379264986e-08,-0.004002683578638912,0.004002683578638912,0.5,-6.6065872461607e-07,5.4359199985754e-07,64
final_prompt,6,10,1.8692451249070516e-06,0.004001361885789495,0.004001361885789495,0.5,-6.4693121657915e-05,6.84316119077291e-05,64
final_prompt,19,5,-1.4068532436755036e-06,-0.003993362970594044,0.003993362970594044,0.5,-5.669605707224682e-05,5.388235058489584e-05,64
response_mean,3,16,-2.3728225642117174e-05,-0.003989637427738139,0.003989637427738139,0.5,-0.00036402710975379373,0.00031657065846955916,64
public_task_span,26,1,8.633618563179868e-06,0.003986352707780915,0.003986352707780915,0.5,-0.00011370829452061944,0.00013097553164697918,64
public_task_span,10,23,-4.941211955158529e-06,-0.0039807840100981266,0.0039807840100981266,0.5,-0.00017122197459684837,0.0001613395506865313,64
final_prompt,15,18,3.043687613057955e-08,0.003973304819498314,0.003973304819498314,0.5,-6.487136161581475e-07,7.095873684193066e-07,64
final_prompt,7,2,5.8662536162046414e-08,0.003966568903525283,0.003966568903525283,0.5,-3.992690039922309e-06,4.110015112246401e-06,64
response_mean,1,15,4.32966726294003e-06,0.003964118681374056,0.003964118681374056,0.5,-0.00014307593482953927,0.00015173526935541938,64
response_first,21,13,-2.9183213179351242e-08,-0.003959222543190488,0.003959222543190488,0.5,8.38800276348195e-07,-8.971667027068975e-07,64
response_first,10,21,-8.600568435250298e-07,-0.003956714213922702,0.003956714213922702,0.5,7.183554407672857e-05,-7.355565776377863e-05,64
response_mean,15,6,3.279057068541394e-06,0.003944972538799444,0.003944972538799444,0.5,-1.9863683860415906e-05,2.6421797997498698e-05,64
final_prompt,6,5,4.45730893261403e-06,0.0039420368896016765,0.0039420368896016765,0.5,0.00016617808523734066,-0.00015726346737211252,64
public_task_span,6,6,4.0624960092828e-05,0.003938957998027535,0.003938957998027535,0.5,0.0011447396973380906,-0.0010634897771524346,64
public_task_span,9,0,1.0142030077949844e-06,0.003933636390579266,0.003933636390579266,0.5,-2.7091334686696636e-05,2.9119740702286602e-05,64
final_prompt,18,24,2.3420920491786709e-07,0.003926989281064669,0.003926989281064669,0.5,-1.15152627877501e-05,1.1983681197585834e-05,64
final_prompt,14,1,-7.803618018442648e-08,-0.003919439294004189,0.003919439294004189,0.5,7.32748503651237e-07,-8.888208640200901e-07,64
response_mean,2,10,2.3531714759884772e-05,0.003916964444259037,0.003916964444259037,0.5,0.0011247376787650914,-0.0010776742492453217,64
response_mean,35,17,6.884117738058818e-07,0.003915973597595274,0.003915973597595274,0.5,6.241020628292186e-06,-4.864197080680422e-06,64
final_prompt,31,18,1.3640777751913275e-07,0.003913758246697812,0.003913758246697812,0.515625,-8.65155169549049e-06,8.924367250528756e-06,64
response_first,23,27,-1.1506870123344168e-07,-0.003912264816178311,0.003912264816178311,0.515625,-4.733773486972367e-06,4.503636084505483e-06,64
public_task_span,28,6,2.7302426133229415e-06,0.00390941166060457,0.00390941166060457,0.5,5.682893061022812e-06,-2.224078343769119e-07,64
final_prompt,16,3,-2.4209513682581934e-07,-0.003901112116861861,0.003901112116861861,0.5,7.036591341604331e-06,-7.5207816152559725e-06,64
final_prompt,3,12,-3.554538937322973e-05,-0.003900056276232953,0.003900056276232953,0.5,0.0024238443549684553,-0.0024949351337149143,64
response_first,23,17,6.059492250155606e-07,0.0038935887464875752,0.0038935887464875752,0.5,-2.872952109106324e-06,4.0848505591374366e-06,64
response_first,19,17,1.1552609180398576e-07,0.00388750875411034,0.00388750875411034,0.5,1.5292187072191155e-07,7.813031288605998e-08,64
response_first,35,5,-3.3315524206189894e-07,-0.003883420889662241,0.003883420889662241,0.5,-1.9290494833508546e-05,1.8624184349384746e-05,64
response_mean,8,25,-4.501731382331952e-06,-0.0038819095159887827,0.0038819095159887827,0.484375,-0.00018524086772230675,0.00017623740495764282,64
response_mean,5,0,-5.625570338455555e-06,-0.0038774865529137164,0.0038774865529137164,0.5,0.0003364293152117129,-0.000347680455888624,64
public_task_span,6,14,-2.2632300897383367e-05,-0.003875221548693803,0.003875221548693803,0.5,0.0014723470849276124,-0.0015176116867223791,64
response_first,16,7,-1.8422940684122943e-06,-0.0038750013280978803,0.0038750013280978803,0.5,5.1013392521783585e-05,-5.469798065860814e-05,64
final_prompt,15,9,3.671987656186679e-07,0.0038738375442290297,0.0038738375442290297,0.5,3.871140847934356e-07,3.472834464439032e-07,64
final_prompt,15,6,5.23844256861139e-08,0.0038672538284450064,0.0038672538284450064,0.5,-2.7305172096703245e-06,2.8352860610425523e-06,64
response_mean,1,5,-2.186858182546716e-06,-0.0038648774520444436,0.0038648774520444436,0.5,-3.9203193864533216e-05,3.482947749943978e-05,64
post_selector,1,10,-1.3385717466000247e-05,-0.003861632324747901,0.003861632324747901,0.453125,-0.00034113330184481084,0.0003143618669128104,64
response_first,6,22,-1.4431954696184383e-05,-0.003861610117410998,0.003861610117410998,0.5,0.0009870300127659,-0.001015893922158269,64
public_task_span,20,22,-1.04376556464054e-06,-0.0038572991970099403,0.0038572991970099403,0.5,-7.004070948822675e-05,6.79531783589457e-05,64
final_prompt,17,10,-2.558345386198542e-06,-0.003855390981591898,0.003855390981591898,0.484375,-0.00022328457453111994,0.0002181678837587229,64
response_mean,23,27,-8.13941412047825e-08,-0.003853540859328896,0.003853540859328896,0.515625,-3.9204431629968894e-06,3.7576548805873244e-06,64
final_prompt,0,8,7.106747943903097e-06,0.0038474367505169963,0.0038474367505169963,0.5,-0.00044326044007902195,0.00045747393596682815,64
public_task_span,3,7,-4.4388081505534116e-05,-0.003843319819140635,0.003843319819140635,0.5,0.0019748049089685265,-0.002063581071979595,64
public_task_span,10,29,-3.944100626547298e-06,-0.003842549130910805,0.003842549130910805,0.5,5.469847292261044e-05,-6.258667417570505e-05,64
final_prompt,11,3,1.671670725044848e-05,0.0038382224601725802,0.0038382224601725802,0.5,-0.0018679676868487,0.0019014011013495967,64
public_task_span,30,28,-4.385274223745248e-07,-0.0038346953972212446,0.0038346953972212446,0.515625,-1.3127112424621993e-05,1.2250057579872944e-05,64
response_first,16,12,2.5182040985582313e-07,0.0038331239428138777,0.0038331239428138777,0.484375,-7.270526509727694e-06,7.77416732943934e-06,64
public_task_span,29,20,-9.95531763686849e-07,-0.003832753139736397,0.003832753139736397,0.5,-9.958370947059215e-05,9.759264594321843e-05,64
response_mean,11,19,-1.199952691877681e-06,-0.00382505209374034,0.00382505209374034,0.5,0.0001102099495255872,-0.00011260985490934257,64
final_prompt,2,30,1.6143501852643953e-05,0.003822708403937134,0.003822708403937134,0.5,0.0006396316130121795,-0.0006073446093068917,64
final_prompt,15,11,2.2340822169963685e-07,0.0038202047865978643,0.0038202047865978643,0.5,5.152698975051043e-06,-4.705882531651767e-06,64
final_prompt,3,14,3.1980128468942545e-05,0.0038201751953559123,0.0038201751953559123,0.5,0.0022061162192983457,-0.00214215596236046,64
response_mean,2,9,-1.4271859981820239e-05,-0.0038171178537615867,0.0038171178537615867,0.5,-0.0003450216572673406,0.0003164779373037,64
response_first,15,28,4.364908789966648e-08,0.003815983449355067,0.003815983449355067,0.5,2.071977604600761e-06,-1.984679428801428e-06,64
response_mean,26,2,7.199124638671467e-07,0.003813669006402634,0.003813669006402634,0.515625,-0.00010500045709703013,0.00010644028202476443,64
public_task_span,14,25,-1.7981476503318028e-06,-0.0038116211049671065,0.0038116211049671065,0.5,5.2989108326079e-05,-5.658540362674257e-05,64
final_prompt,1,21,5.375906766854604e-06,0.003811212846433163,0.003811212846433163,0.5,0.00021794264102936224,-0.00020719082749565314,64
response_first,2,5,-6.1774242112690365e-06,-0.0038072670279263926,0.0038072670279263926,0.484375,0.000436506407595514,-0.0004488612560180521,64
final_prompt,6,25,2.4262305032606642e-05,0.0038061086222123657,0.0038061086222123657,0.5,0.0018645880213625622,-0.0018160634112973492,64
public_task_span,25,5,2.484774768144805e-07,0.0038032960040515185,0.0038032960040515185,0.46875,-1.458128667763575e-05,1.507824163126471e-05,64
response_first,20,8,-4.3228991719601595e-08,-0.003800732047138966,0.003800732047138966,0.515625,-1.0428364887182795e-06,9.563785052790763e-07,64
public_task_span,0,28,1.136982427851558e-05,0.003799515771923295,0.003799515771923295,0.5,0.0009297403394157124,-0.0009070006908586813,64
final_prompt,6,6,1.2838759175787517e-05,0.0037982380297475605,0.0037982380297475605,0.5,0.0005169919149921062,-0.0004913143966405313,64
response_mean,7,21,-1.3941230463434124e-06,-0.0037947703814170033,0.0037947703814170033,0.515625,-3.2953298614301995e-05,3.0165052521615166e-05,64
response_mean,11,17,6.17834939475638e-06,0.0037919469181825947,0.0037919469181825947,0.5,-0.00024858161850715077,0.00026093831729666355,64
public_task_span,2,17,-7.34004424885143e-06,-0.0037811101711466492,0.0037811101711466492,0.5,0.0004084688407601753,-0.00042314892925787815,64
response_mean,7,27,-6.608230762594758e-08,-0.003765991495638204,0.003765991495638204,0.5,4.233452727930853e-06,-4.365617343182748e-06,64
final_prompt,8,0,5.051470850483589e-07,0.003755725291491087,0.003755725291491087,0.5,3.312374718688145e-05,-3.2113453016784725e-05,64
response_mean,13,8,1.2958183560842125e-05,0.0037494722093030994,0.0037494722093030994,0.5,0.0013738969219048032,-0.0013479805547831187,64
response_mean,12,10,-1.4464883349770503e-05,-0.0037470221833635574,0.0037470221833635574,0.5,-0.001123326967331185,0.001094397200631644,64
response_first,17,5,-3.756552189299588e-07,-0.003742174769889906,0.003742174769889906,0.484375,-2.083676932329038e-05,2.0085458885430466e-05,64
response_first,2,10,3.366545024618918e-05,0.003740144981962653,0.003740144981962653,0.5,-0.0006350165494950374,0.0007023474499874158,64
response_mean,35,7,1.4204633203007688e-07,0.003735719983833974,0.003735719983833974,0.5,-6.265198578603304e-06,6.5492912426634575e-06,64
public_task_span,30,26,-2.35199377129936e-06,-0.0037340664507167806,0.0037340664507167806,0.5,6.104130864058808e-05,-6.574529618318678e-05,64
response_first,20,21,-1.7429847787159653e-07,-0.0037295723641664886,0.0037295723641664886,0.5,-1.7931678826240544e-05,1.758308187049735e-05,64
response_mean,34,14,1.2667346709317539e-06,0.003729109424197439,0.003729109424197439,0.484375,0.00010748798740677095,-0.00010495451806490742,64
response_mean,35,6,2.969667889372683e-07,0.0037244320727325745,0.0037244320727325745,0.5,-1.0301436077548097e-06,1.6240771856293455e-06,64
response_first,4,7,4.6503176235999574e-05,0.00372033754172474,0.00372033754172474,0.5,0.003209475810763253,-0.003116469458291254,64
response_first,35,8,-4.802152943737501e-06,-0.0037143454658286764,0.0037143454658286764,0.5,-0.00026887019339482505,0.00025926588750735,64
response_first,14,24,-4.565448534781092e-07,-0.0037086667567732905,0.0037086667567732905,0.5,-1.927963330672407e-05,1.836654359976785e-05,64
final_prompt,12,16,-2.0935858628926316e-06,-0.003704082422378985,0.003704082422378985,0.5,-0.00016118240819194233,0.0001569952364661571,64
response_first,18,12,-3.018912053673529e-07,-0.0037027282787697913,0.0037027282787697913,0.515625,-1.437012186044638e-05,1.3766339449711676e-05,64
public_task_span,31,18,-3.117910409851864e-07,-0.003693809589778194,0.003693809589778194,0.5,2.0619331735380417e-06,-2.6855152555084153e-06,64
final_prompt,23,15,4.0003794055006104e-07,0.0036929757321644673,0.0036929757321644673,0.5,-4.135544141447713e-05,4.215551729557725e-05,64
response_mean,10,19,-6.129093890216906e-07,-0.0036898529540971893,0.0036898529540971893,0.5,-5.155145072420818e-05,5.0325631946164794e-05,64
response_first,1,5,-1.1250883744707597e-06,-0.003684448723484028,0.003684448723484028,0.5,-1.9075459931687207e-06,-3.426307557728055e-07,64
public_task_span,1,5,9.959429007726544e-06,0.0036814000684166513,0.0036814000684166513,0.5,8.780771167948755e-05,-6.788885366403432e-05,64
response_first,6,11,2.7331450837660837e-05,0.003672761214453699,0.003672761214453699,0.5,-0.0012011672224616623,0.0012558301241369842,64
public_task_span,34,17,-8.06023763283476e-07,-0.0036438683906634974,0.0036438683906634974,0.5,-6.092281819290252e-05,5.931077066633556e-05,64
final_prompt,5,0,4.55490828698463e-06,0.003633863215940752,0.003633863215940752,0.5,0.0003308159152766152,-0.00032170609870264594,64
public_task_span,5,8,-1.0317800843034414e-05,-0.0036317276394419846,0.0036317276394419846,0.5,0.00015598990648868445,-0.00017662550817475322,64
public_task_span,4,20,-2.8006712454960116e-05,-0.0036296494773665052,0.0036296494773665052,0.5,0.002060822949715639,-0.002116836374625559,64
public_task_span,26,13,-2.3848690489077874e-06,-0.0036281029398873674,0.0036281029398873674,0.515625,-0.00013232291667007533,0.00012755317857225982,64
response_first,34,22,2.8707167132290126e-07,0.003628071340517737,0.003628071340517737,0.5,2.680423281730492e-05,-2.6230089474659118e-05,64
final_prompt,2,9,-7.39595907361731e-06,-0.003624443899940398,0.003624443899940398,0.5,7.559560617665723e-05,-9.038752432389191e-05,64
response_mean,12,12,-1.4948635112015178e-06,-0.003621627555670531,0.003621627555670531,0.5,-0.00012274882749351807,0.000119759100471115,64
response_mean,3,19,-2.4757106075410642e-05,-0.0036194526470351234,0.0036194526470351234,0.515625,0.0012698019672825749,-0.0013193161794333962,64
public_task_span,20,15,-1.8968062818233808e-06,-0.003616205377873159,0.003616205377873159,0.5,-0.00026150595647321247,0.00025771234390956565,64
public_task_span,33,24,2.419041720714616e-06,0.003613207218545193,0.003613207218545193,0.5,6.844777180959585e-05,-6.360968836816665e-05,64
response_mean,16,12,4.393007657199707e-06,0.003611864120156475,0.003611864120156475,0.484375,-0.00028634276714001577,0.0002951287824544152,64
public_task_span,28,28,-2.9181370564573425e-07,-0.0036076404138323586,0.0036076404138323586,0.484375,-1.0905119438574428e-05,1.0321492027282961e-05,64
response_mean,18,29,1.5154461834757799e-05,0.0036015783279133733,0.0036015783279133733,0.5,0.0015570617633784312,-0.0015267528397089154,64
response_first,1,17,6.161310011516374e-06,0.0036009977662808832,0.0036009977662808832,0.5,-0.00010195350478171405,0.00011427612480474687,64
final_prompt,15,23,1.5621884585925812e-07,0.0035985925177812006,0.0035985925177812006,0.5,-5.282486668534148e-06,5.594924360252663e-06,64
response_first,3,4,2.280390617670307e-05,0.0035964062347385883,0.0035964062347385883,0.515625,0.0007250451726577062,-0.0006794373603042999,64
response_mean,26,8,2.7046613837455827e-08,0.003593962121797089,0.003593962121797089,0.484375,-1.4639100918145687e-06,1.5180033194894804e-06,64
response_first,27,5,1.7503057847400618e-07,0.003586508850487251,0.003586508850487251,0.5,-2.035613221096021e-05,2.0706193367908218e-05,64
response_first,3,21,3.280154214735614e-05,0.0035842613255145576,0.0035842613255145576,0.5,0.0020056505745742583,-0.0019400474902795458,64
response_first,30,31,1.6987365825162957e-07,0.0035827984240653686,0.0035827984240653686,0.484375,-8.661296590155802e-06,9.00104390665906e-06,64
public_task_span,33,8,1.3759231478594378e-06,0.00358105947937318,0.00358105947937318,0.5,-0.0001656007430028558,0.00016835258929857465,64
response_first,8,16,-1.2704487062373425e-07,-0.0035792168723352306,0.0035792168723352306,0.5,-7.406958502540474e-06,7.152868761293005e-06,64
response_mean,4,3,2.710165790631913e-05,0.003573809706009103,0.003573809706009103,0.5,0.0011536228485056234,-0.001099419532692985,64
public_task_span,27,27,1.7066608961633729e-06,0.0035736916176551895,0.0035736916176551895,0.515625,-0.0001697249072094438,0.00017313822900177054,64
public_task_span,4,24,2.1667688088193148e-05,0.0035727699882181028,0.0035727699882181028,0.515625,0.001769557058651095,-0.0017262216824747083,64
final_prompt,8,18,1.7731903056983356e-08,0.0035663215671444502,0.0035663215671444502,0.5,-1.8167268933666492e-07,2.1713649545063163e-07,64
response_mean,14,22,-7.00869065895237e-07,-0.003565937552216694,0.003565937552216694,0.5,6.096228435124346e-05,-6.236402248303394e-05,64
final_prompt,5,15,-1.852552850323784e-05,-0.0035609221007891338,0.0035609221007891338,0.5,0.0012255716137588297,-0.0012626226707653054,64
response_mean,9,23,7.218641826511668e-06,0.0035544785878124487,0.0035544785878124487,0.5,4.779652272189036e-06,9.657631380834245e-06,64
final_prompt,16,20,-4.0425311453799833e-07,-0.003552240370512512,0.003552240370512512,0.5,-2.2642708699997475e-05,2.1834202470921486e-05,64
response_mean,1,14,-6.06956564298285e-06,-0.0035513307447327482,0.0035513307447327482,0.5,-3.260112862335939e-05,2.046199733739372e-05,64
public_task_span,7,8,-1.0967719390495974e-06,-0.0035513254312346558,0.0035513254312346558,0.5,1.3806317156191198e-05,-1.5999861034290397e-05,64
response_mean,14,30,-7.743102514741084e-07,-0.003550194433353695,0.003550194433353695,0.5,-1.820778049933288e-05,1.6659159996384655e-05,64
response_mean,13,13,-2.4029556833221063e-06,-0.003543986010066738,0.003543986010066738,0.5,0.00012591871928080227,-0.00013072463064744651,64
public_task_span,9,6,-7.115446010175219e-08,-0.0035385156561736826,0.0035385156561736826,0.5,-3.4296864157568052e-06,3.287377495553301e-06,64
response_mean,15,8,9.526831490800058e-06,0.0035383278286301805,0.0035383278286301805,0.5,-0.0003437230861891281,0.0003627767491707282,64
response_mean,8,14,1.3595758900948906e-06,0.0035251162587897765,0.0035251162587897765,0.5,0.00019170807036060104,-0.00018898891858041124,64
public_task_span,0,2,5.892401532037455e-06,0.0035211615248817206,0.0035211615248817206,0.5,0.00011659996380330936,-0.00010481516073923437,64
final_prompt,14,16,3.46560270257356e-07,0.0035201396886850272,0.0035201396886850272,0.5,-2.0026063140221734e-05,2.0719183680736442e-05,64
final_prompt,1,12,4.7101173094680645e-07,0.0035188244361322465,0.0035188244361322465,0.5,-1.5139476886363122e-05,1.608150034825673e-05,64
public_task_span,20,24,4.3417429651631184e-07,0.003517101746191964,0.003517101746191964,0.515625,-4.270267521632133e-05,4.357102380935395e-05,64
final_prompt,7,31,-8.223271379390714e-07,-0.0035161459545310736,0.0035161459545310736,0.5,1.1491233294680719e-05,-1.3135887570558874e-05,64
public_task_span,17,22,-2.966437477881759e-06,-0.003509709062234295,0.003509709062234295,0.5,-0.00015652312958990878,0.00015059025463414524,64
public_task_span,9,12,-1.930245616677513e-06,-0.0035018950297459437,0.0035018950297459437,0.5,0.00016314417371176112,-0.0001670046649451162,64
public_task_span,22,25,-4.5218257582635654e-07,-0.0035015339271475617,0.0035015339271475617,0.5,-3.9834736355709126e-05,3.893037120405641e-05,64
response_mean,5,8,-8.325034741549365e-07,-0.003493227003829453,0.003493227003829453,0.5,-3.24404318234819e-05,3.077542487517203e-05,64
response_mean,13,26,2.9378006729560054e-06,0.0034928518437937826,0.0034928518437937826,0.5,-3.39951620844706e-05,3.9870763430382573e-05,64
response_mean,13,4,-8.325322369253781e-07,-0.003490711342296502,0.003490711342296502,0.5,2.3356847066226574e-05,-2.5021911540077337e-05,64
response_first,19,19,4.0236407983077117e-07,0.0034844914864253277,0.0034844914864253277,0.5,-1.745854379464858e-05,1.8263271954310116e-05,64
response_first,3,29,2.9701457833655135e-05,0.0034844689278604865,0.0034844689278604865,0.484375,0.002390585077591813,-0.002331182161924503,64
response_mean,17,19,-1.5666300896564164e-06,-0.0034792182465931175,0.0034792182465931175,0.484375,3.266817475377793e-05,-3.580143493309074e-05,64
response_mean,3,17,-3.232551250675626e-06,-0.0034785462558857643,0.0034785462558857643,0.5,0.00021539514023061678,-0.00022186024273196798,64
response_mean,14,25,2.6609940704291165e-06,0.003477987670301781,0.003477987670301781,0.5,0.0002018734107593876,-0.00019655142261852933,64
public_task_span,23,18,-6.309509217343968e-07,-0.0034748508627037928,0.0034748508627037928,0.5,-4.690763830702994e-06,3.4288619872341967e-06,64
public_task_span,18,29,1.3624587154480693e-05,0.0034742700827065653,0.0034742700827065653,0.5,0.0007450991424775375,-0.0007178499681685761,64
response_first,12,16,-6.118177679996975e-07,-0.0034674267300100507,0.0034674267300100507,0.5,-4.227065778648724e-05,4.104702225048786e-05,64
response_first,18,28,-1.583508094429013e-06,-0.0034548013769119517,0.0034548013769119517,0.5,9.982104188565727e-06,-1.314912037742375e-05,64
public_task_span,4,0,3.6264835216573464e-05,0.0034491129886162217,0.0034491129886162217,0.5,0.0015835860685911214,-0.0015110563981579747,64
final_prompt,4,1,3.3933286886166395e-05,0.0034430444999514506,0.0034430444999514506,0.5,0.0022984946153883318,-0.002230628041616,64
response_first,2,8,-1.0395069693913358e-05,-0.003441495127762753,0.003441495127762753,0.5,0.0008461030884063831,-0.0008668932277942098,64
final_prompt,15,19,5.422754867367985e-08,0.003438600093826281,0.003438600093826281,0.5,1.0016481866159666e-08,9.843861548119961e-08,64
response_first,15,3,-1.447189788446245e-06,-0.003436221072306755,0.003436221072306755,0.5,8.031024572119515e-05,-8.320462529808764e-05,64
final_prompt,12,18,7.584989361933566e-06,0.0034304370005728006,0.0034304370005728006,0.484375,-9.438772940482541e-05,0.00010955770812869255,64
response_mean,2,24,-5.79806146561034e-06,-0.003428562730613205,0.003428562730613205,0.5,0.0004982508980901721,-0.0005098470210213926,64
final_prompt,14,24,4.461288085599745e-07,0.0034260181355982916,0.0034260181355982916,0.5,8.613347119954e-07,3.0922905124550654e-08,64
public_task_span,6,5,6.678568752250597e-06,0.0034244269205974762,0.0034244269205974762,0.5,8.43563611851688e-06,4.921501385984328e-06,64
public_task_span,4,10,1.8432625438437886e-05,0.0034230964996830853,0.0034230964996830853,0.515625,0.0015782779664732577,-0.001541412715596382,64
public_task_span,27,24,-5.034794412490654e-06,-0.003422674529433328,0.003422674529433328,0.484375,-7.546189044659256e-05,6.539230162161129e-05,64
final_prompt,31,29,1.3469791156240648e-05,0.0034188387721096948,0.0034188387721096948,0.5,-0.00111733202356845,0.0011442716058809312,64
response_mean,12,11,1.0482473498989413e-05,0.0034182953569642316,0.0034182953569642316,0.5,-0.0005825422063025895,0.0006035071533005683,64
public_task_span,23,2,8.288066055706653e-07,0.0034164950260519157,0.0034164950260519157,0.5,-3.797541148741499e-05,3.9633024698556315e-05,64
response_mean,30,12,1.4092057654039505e-07,0.0034102273370056452,0.0034102273370056452,0.5,-5.898846382024113e-06,6.1806875351049035e-06,64
final_prompt,12,15,4.062382572574398e-07,0.0034017028440437415,0.0034017028440437415,0.5,-3.246251367271652e-05,3.32749901872314e-05,64
final_prompt,6,18,-2.5306336510753133e-06,-0.0033868448897276843,0.0033868448897276843,0.5,0.00018701998592973387,-0.00019208125323188452,64
response_first,1,10,7.0398564275804765e-06,0.0033805485230541,0.0033805485230541,0.515625,-0.0005530744783754768,0.0005671541912306378,64
response_first,18,7,-6.569797639244257e-08,-0.003380368704854836,0.003380368704854836,0.53125,-3.039019402351073e-06,2.907623449566188e-06,64
response_first,4,27,-1.5252126644326044e-05,-0.003378232433131637,0.003378232433131637,0.5,0.0012803171610471509,-0.0013108214143358029,64
public_task_span,25,0,2.8846698114638704e-06,0.0033706224298137573,0.0033706224298137573,0.5,-0.0005675965730915502,0.0005733659127144779,64
response_first,5,8,-9.683606094768059e-08,-0.0033593538751366817,0.0033593538751366817,0.5,-9.434135108676855e-07,7.497413889723248e-07,64
response_mean,28,30,1.7213446312874476e-07,0.00335726711794702,0.00335726711794702,0.5,-1.3794176197732117e-05,1.4138445123989608e-05,64
final_prompt,10,9,1.7250894757095632e-07,0.003341458619711933,0.003341458619711933,0.515625,-5.068128871244294e-06,5.413146766386205e-06,64
public_task_span,1,8,1.455952588003435e-05,0.0033351421028117298,0.0033351421028117298,0.5,0.0008981165810837439,-0.000868997529323675,64
public_task_span,10,2,-3.9445558286702823e-07,-0.0033295321922195763,0.0033295321922195763,0.484375,-1.984344180527307e-05,1.905453063953901e-05,64
final_prompt,13,0,-2.614304541743739e-07,-0.003322631390822653,0.003322631390822653,0.5,-4.372799303098865e-06,3.84993839475012e-06,64
response_mean,12,15,3.6517284911491145e-06,0.0033205078345967974,0.0033205078345967974,0.5,0.0003109385935431296,-0.00030363513656083134,64
response_mean,14,31,-2.2911372070682903e-06,-0.003306813498656324,0.003306813498656324,0.484375,0.0001990394412132361,-0.00020362171562737268,64
response_first,6,23,2.8636779916253895e-06,0.003305255547501098,0.003305255547501098,0.5,-4.793492098542111e-05,5.3662276968671904e-05,64
public_task_span,27,23,7.117592758728122e-06,0.0033047547267815213,0.0033047547267815213,0.5,-0.0008290599071187781,0.0008432950926362344,64
response_mean,2,11,-1.2202442576401847e-06,-0.003303196704659344,0.003303196704659344,0.5,-0.00010742358426794731,0.00010498309575266695,64
response_first,5,14,-1.5953221009110387e-05,-0.003301303278037949,0.003301303278037949,0.515625,-0.0018255048998980642,0.0017935984578798436,64
public_task_span,6,15,-5.7438119256425794e-06,-0.0033010781174933716,0.0033010781174933716,0.5,0.0003198837375748689,-0.000331371361426154,64
public_task_span,32,1,1.2170073659906557e-06,0.003300599011872694,0.003300599011872694,0.5,-9.292150025429774e-05,9.535551498627906e-05,64
response_first,25,16,6.823361786700843e-08,0.0032967208361965473,0.0032967208361965473,0.5,2.844612936314657e-07,-1.4799405789744924e-07,64
public_task_span,6,19,9.110926839640768e-06,0.0032966544291729632,0.0032966544291729632,0.484375,0.0007098848254827314,-0.0006916629718034498,64
response_first,12,29,-9.092189401371797e-08,-0.0032948689929572445,0.0032948689929572445,0.5,-9.691055339544619e-06,9.509211551517183e-06,64
response_first,16,3,2.3920873548499307e-07,0.003293369745808383,0.003293369745808383,0.484375,2.549751664026545e-05,-2.5019099169295465e-05,64
final_prompt,3,4,1.8772956764220384e-05,0.0032921332778885104,0.0032921332778885104,0.5,0.0015471909123334594,-0.0015096449988050188,64
response_first,7,23,-3.749032799767782e-07,-0.0032891282285048853,0.0032891282285048853,0.5,-4.9558167830801654e-05,4.88083612708481e-05,64
public_task_span,27,30,-4.791073479279006e-06,-0.0032775410043118553,0.0032775410043118553,0.5,4.879403059022345e-05,-5.837617754878145e-05,64
post_selector,3,23,2.3312415578399597e-05,0.0032701680756471946,0.0032701680756471946,0.515625,0.00018023040320257742,-0.00013360557204577822,64
response_first,26,1,-9.472498732085056e-07,-0.0032669447832672275,0.0032669447832672275,0.484375,1.4531617580362379e-05,-1.6426117326779394e-05,64
final_prompt,2,0,-1.9742441509151398e-05,-0.0032644427138434477,0.0032644427138434477,0.5,0.00031698110615253775,-0.00035646598917084054,64
final_prompt,3,17,-2.0160729604864558e-05,-0.0032595785618425377,0.0032595785618425377,0.5,0.0016444296619511183,-0.0016847511211608474,64
public_task_span,35,25,5.805000910181804e-06,0.0032490112392937827,0.0032490112392937827,0.484375,-3.322730481160414e-05,4.48373066319678e-05,64
response_first,3,11,6.331590702757348e-05,0.0032465520501425223,0.0032465520501425223,0.515625,-0.004210287908790625,0.004336919722845772,64
response_mean,27,24,1.0027677035387149e-06,0.0032464488654314724,0.0032464488654314724,0.484375,-0.00016272553648375449,0.0001647310718908319,64
final_prompt,11,20,6.14998327819194e-08,0.0032389495569787987,0.0032389495569787987,0.5,2.1976559168024323e-06,-2.0746562512385935e-06,64
response_first,3,2,-3.3116511986040287e-06,-0.0032388250930477933,0.0032388250930477933,0.5,0.0002569086723269614,-0.00026353197472416944,64
response_first,20,26,3.40010501531719e-06,0.0032354685819131245,0.0032354685819131245,0.5,-9.594386938260315e-05,0.00010274407941323753,64
final_prompt,4,25,-1.9461633200988952e-05,-0.0032317192082415426,0.0032317192082415426,0.5,0.0017106607447203563,-0.0017495840111223342,64
public_task_span,15,3,-4.4650660129272705e-06,-0.0032316957487140887,0.0032316957487140887,0.5,0.0003123690339634673,-0.00032129916598932183,64
response_first,29,1,-9.950342985144746e-07,-0.003224657099636537,0.003224657099636537,0.5,-6.4631225882298375e-06,4.47305399120089e-06,64
final_prompt,6,12,1.0895180366749473e-06,0.0032230821639636616,0.0032230821639636616,0.5,5.678972706846678e-05,-5.461069099511692e-05,64
public_task_span,3,10,-2.3955521101014373e-05,-0.0032194971790723698,0.0032194971790723698,0.5,-0.0003275946219218809,0.00027968357971985304,64
public_task_span,33,27,-1.529467112960778e-07,-0.0032160613981607753,0.0032160613981607753,0.484375,-1.062143070384904e-05,1.0315537281256883e-05,64
response_first,18,21,4.1711323461875856e-07,0.0032105654864793874,0.0032105654864793874,0.5,-1.7844129857277845e-05,1.8678356326515365e-05,64
public_task_span,27,5,6.031763177762548e-07,0.0032100645141583104,0.0032100645141583104,0.5,-5.796375603494262e-05,5.917010867049513e-05,64
response_first,21,1,-8.006174567753988e-08,-0.0032094908432006445,0.0032094908432006445,0.5,1.7780303664949315e-06,-1.9381538578500113e-06,64
response_mean,10,3,2.689701545935425e-07,0.0032027863278173063,0.0032027863278173063,0.5,1.7166414181695595e-05,-1.6628473872508508e-05,64
response_first,4,1,3.7728248571509406e-05,0.0032009846399222376,0.0032009846399222376,0.515625,0.003070017402933432,-0.002994560905790413,64
final_prompt,13,16,7.995270721047133e-07,0.0031948462227775584,0.0031948462227775584,0.5,-6.805981013257641e-05,6.965886427678583e-05,64
public_task_span,3,5,3.7373505591634364e-05,0.0031925142764773562,0.0031925142764773562,0.5,0.0027607033439238796,-0.002685956332740611,64
final_prompt,32,29,2.0234859050542882e-06,0.0031907672661485565,0.0031907672661485565,0.5,0.0002009868264849387,-0.0001969398546748301,64
response_first,25,2,4.068990477890108e-08,0.003190762539733706,0.003190762539733706,0.5,-2.7171129275416206e-06,2.798492737099423e-06,64
public_task_span,0,30,1.7151689462476503e-05,0.003190385697665067,0.003190385697665067,0.5,0.0018232096335850437,-0.0017889062546600906,64
final_prompt,8,30,2.5414198034836015e-07,0.0031792204946185236,0.0031792204946185236,0.5,4.350082349447704e-06,-3.841798388750983e-06,64
final_prompt,3,7,3.6536383788644735e-05,0.0031752242041893945,0.0031752242041893945,0.5,0.0030292388942427875,-0.0029561661266654976,64
response_first,18,14,1.1321148463020075e-07,0.003173677854968895,0.003173677854968895,0.515625,-8.262099782996302e-06,8.488522752256703e-06,64
response_mean,1,26,1.126390634453457e-05,0.0031723859212064768,0.0031723859212064768,0.5,0.0017866148882603426,-0.0017640870755712735,64
public_task_span,32,29,6.653639843523422e-07,0.003171491527665492,0.003171491527665492,0.515625,-3.427789357601289e-05,3.5608621544717585e-05,64
response_first,32,4,-3.8617361041964595e-07,-0.003168805668373724,0.003168805668373724,0.5,-3.672967545752365e-05,3.5957328236684355e-05,64
response_first,20,0,1.1968923896326283e-07,0.003167909899080161,0.003167909899080161,0.515625,-3.1239104671945235e-06,3.3632889451210483e-06,64
final_prompt,20,25,1.6407900602671893e-06,0.0031602422294067125,0.0031602422294067125,0.5,-5.923389062445e-05,6.251547074498437e-05,64
final_prompt,1,27,2.02546216314626e-05,0.003158710104665985,0.003158710104665985,0.5,0.0010111736191902216,-0.0009706643759272968,64
public_task_span,9,14,-4.847541276832278e-06,-0.0031553508853523794,0.0031553508853523794,0.484375,-0.0006460302611230628,0.0006363351785693982,64
response_mean,35,29,-1.5045566215148284e-06,-0.0031513339376900325,0.0031513339376900325,0.484375,-2.741006483119778e-05,2.4400951588168137e-05,64
final_prompt,8,17,3.890319248962741e-07,0.003148954727843385,0.003148954727843385,0.5,-5.610057769490996e-07,1.3390696267416419e-06,64
final_prompt,2,7,-2.134370319595867e-06,-0.0031475161050657638,0.0031475161050657638,0.5,0.00016235425317745602,-0.00016662299381664777,64
response_mean,7,8,3.2111694281164796e-07,0.0031453898152669206,0.0031453898152669206,0.5,-1.776450375245833e-05,1.8406737638081628e-05,64
response_mean,12,22,3.1958262525389924e-07,0.0031417238034603502,0.0031417238034603502,0.5,-5.4162209721638724e-05,5.4801374972146526e-05,64
response_first,16,5,-5.929922153313793e-08,-0.003137476192173921,0.003137476192173921,0.5,6.793547164818392e-06,-6.912145607884668e-06,64
response_mean,13,11,-1.3937407743458476e-06,-0.003136958219215332,0.003136958219215332,0.5,1.799383295520127e-05,-2.0781314503892974e-05,64
response_mean,7,12,1.6675238612151588e-07,0.0031368133339603485,0.0031368133339603485,0.5,1.1164610214109416e-06,-7.829562491679098e-07,64
final_prompt,6,21,-8.98196685739425e-06,-0.003136551003039827,0.003136551003039827,0.5,0.0006401595710485682,-0.0006581235047633565,64
response_mean,11,8,-2.2250223707822514e-07,-0.003136243053105114,0.003136243053105114,0.5,1.9167259836192745e-05,-1.96122643103492e-05,64
public_task_span,0,15,-3.4713302738999998e-06,-0.003134387701572663,0.003134387701572663,0.5,6.434143506339377e-05,-7.128409561119373e-05,64
final_prompt,6,14,-8.927814178604789e-06,-0.0031319599275273246,0.0031319599275273246,0.5,0.0005088218968012407,-0.0005266775251584501,64
response_mean,35,31,1.1550282579261758e-06,0.0031250626980374187,0.0031250626980374187,0.5,-0.00019350748152645113,0.00019581753804230349,64
response_first,29,29,1.785249281738288e-08,0.0031235174137503787,0.0031235174137503787,0.5,2.2336364580155532e-06,-2.1979314723807875e-06,64
public_task_span,35,13,3.4887925721738977e-06,0.003122888619613052,0.003122888619613052,0.5,0.00017211672820848536,-0.0001651391430641376,64
final_prompt,3,23,9.92416676126297e-06,0.003120981156780515,0.003120981156780515,0.5,0.0008449188792383191,-0.0008250705457157933,64
public_task_span,19,12,-2.402375002931887e-06,-0.0031092171921737106,0.0031092171921737106,0.5,-0.00022556547673957205,0.0002207607267337083,64
response_first,3,12,-1.8120645449928364e-05,-0.0030924531870187965,0.0030924531870187965,0.5,0.0009243038531394713,-0.000960545144039328,64
final_prompt,8,5,-9.006549106499476e-08,-0.0030782783092295645,0.0030782783092295645,0.515625,1.1691256105442872e-06,-1.3492565926742764e-06,64
final_prompt,8,4,6.203196107907794e-07,0.003064718990966647,0.003064718990966647,0.5,-3.896511384481961e-05,4.0205753066401154e-05,64
final_prompt,12,23,-6.739809350549553e-07,-0.003062300319338544,0.003062300319338544,0.5,-6.688868279523542e-05,6.554072092512552e-05,64
response_mean,1,25,2.7509531719327934e-07,0.0030613521797922287,0.0030613521797922287,0.5,3.8660955397167256e-06,-3.3159049053301677e-06,64
public_task_span,19,30,2.4740336357380788e-06,0.0030591703453861584,0.0030591703453861584,0.5,0.00010801815278680242,-0.00010307008551532625,64
response_first,2,30,-1.284816244151324e-05,-0.0030516788841255804,0.0030516788841255804,0.5,0.0006854396851849815,-0.0007111360100680079,64
response_first,13,5,6.143840778343166e-07,0.003050224773837777,0.003050224773837777,0.5,8.481933605252359e-06,-7.253165449583725e-06,64
final_prompt,27,10,-4.645394255939951e-07,-0.0030476276007420757,0.0030476276007420757,0.515625,-3.686359514175314e-05,3.593451629056515e-05,64
final_prompt,1,14,-3.986171577708542e-06,-0.0030439762704637468,0.0030439762704637468,0.5,0.0001230288744409198,-0.0001310012175963369,64
public_task_span,15,2,7.706059477633793e-06,0.003040206069566811,0.003040206069566811,0.5,0.00011749959230656504,-0.0001020874733512977,64
final_prompt,10,3,-3.6107286404891155e-07,-0.003040092994365925,0.003040092994365925,0.515625,3.4164622775321862e-06,-4.138608005630008e-06,64
final_prompt,13,24,6.789296094213173e-07,0.003040029690647749,0.003040029690647749,0.5,-1.1697085824382252e-05,1.3054945043224893e-05,64
response_first,6,29,7.917229595471892e-06,0.0030289382710119907,0.0030289382710119907,0.5,4.128848740948433e-05,-2.5454028218540627e-05,64
final_prompt,11,13,-2.929160700678247e-07,-0.003023946746241119,0.003023946746241119,0.5,3.400423611309395e-05,-3.45900682532296e-05,64
final_prompt,9,16,-7.85502436428942e-08,-0.0030208851078697293,0.0030208851078697293,0.5,-6.759774464626389e-06,6.602673977340601e-06,64
final_prompt,7,0,-5.983674213895949e-07,-0.0030182351425070836,0.0030182351425070836,0.5,-4.5026121256337564e-05,4.382938641355838e-05,64
public_task_span,16,23,-3.4312427032830435e-07,-0.003015833830147091,0.003015833830147091,0.5,-1.4168969528321405e-05,1.3482720987664793e-05,64
response_first,9,3,-2.9171321358489877e-08,-0.003008081941292637,0.003008081941292637,0.5,-4.925767953523064e-07,4.342341526353266e-07,64
public_task_span,2,21,-1.4279907190940143e-05,-0.003007776569925326,0.003007776569925326,0.515625,0.002302164091815922,-0.0023307239061978015,64
public_task_span,25,22,1.2539760518820618e-06,0.0030029794128811414,0.0030029794128811414,0.5,-2.5907449526122998e-05,2.8415401629887146e-05,64
final_prompt,0,6,3.0824535315325116e-06,0.0029994071749705736,0.0029994071749705736,0.5,0.0003860709966829518,-0.0003799060896198868,64
response_mean,32,27,-7.603232461437186e-07,-0.00299720087644553,0.00299720087644553,0.5,1.9046401575892477e-05,-2.0567048068179924e-05,64
response_first,2,29,-2.775098710117662e-05,-0.0029958817055533446,0.0029958817055533446,0.5,0.0024915034227888187,-0.0025470053969911728,64
public_task_span,0,0,1.954392064362328e-05,0.002993266858071297,0.002993266858071297,0.5,-0.0019917634490411594,0.0020308512903284065,64
response_mean,7,10,9.779597576198285e-08,0.002993034828782805,0.002993034828782805,0.484375,-1.3299506349540025e-06,1.5255425864779681e-06,64
response_mean,11,2,1.2285078128133305e-06,0.0029823257813414135,0.0029823257813414135,0.5,2.3767140646741457e-06,8.030156095251189e-08,64
public_task_span,13,6,2.473800577719112e-07,0.0029801744893299138,0.0029801744893299138,0.5,1.1225065179580493e-05,-1.073030506403667e-05,64
response_first,4,28,1.230172347277018e-05,0.002979889652092577,0.002979889652092577,0.5,0.0008704585452505875,-0.0008458550983050471,64
public_task_span,0,5,5.331221473170946e-06,0.002971213741605177,0.002971213741605177,0.5,0.00029343897040234033,-0.00028277652745599836,64
response_first,5,13,4.329308922025024e-06,0.0029648450585009387,0.0029648450585009387,0.5,-0.0003693458966153844,0.0003780045144594344,64
response_mean,1,16,3.954362455264126e-06,0.0029624122258269047,0.0029624122258269047,0.5,-0.00011543526852618731,0.0001233439934367155,64
response_mean,10,25,-5.207699125254508e-07,-0.0029586644529151175,0.0029586644529151175,0.5,5.491704936132855e-05,-5.5958589186379456e-05,64
final_prompt,4,29,-1.0829196526226988e-06,-0.002958404361184234,0.002958404361184234,0.5,4.258193473559403e-05,-4.474777404083942e-05,64
response_mean,9,27,2.2577009986036626e-06,0.002957784658484724,0.002957784658484724,0.5,-1.3388758816284413e-05,1.790416081349171e-05,64
final_prompt,2,14,-1.6956514627968866e-05,-0.002953751858958637,0.002953751858958637,0.5,0.001593672530361806,-0.0016275855596177438,64
public_task_span,1,3,5.7166016631523755e-06,0.0029408206706378367,0.0029408206706378367,0.5,0.00012407855319906166,-0.00011264534987275694,64
public_task_span,1,23,1.961935049621421e-05,0.0029282747181275247,0.0029282747181275247,0.5,0.0016049112455220782,-0.00156567254452965,64
response_first,6,27,6.1021346482435e-06,0.0029265964237889727,0.0029265964237889727,0.5,0.0003042042590095603,-0.00029199998971307336,64
public_task_span,28,12,-5.343668476618157e-07,-0.0029233870991334275,0.0029233870991334275,0.5,-0.00011373504412402096,0.00011266631042869732,64
public_task_span,28,26,-9.104383025260177e-08,-0.002922669953029227,0.002922669953029227,0.515625,-1.4502820022244123e-05,1.432073236173892e-05,64
response_first,21,9,1.3480437388536505e-07,0.0029225303103643696,0.0029225303103643696,0.53125,-8.97083837969472e-06,9.24044712746545e-06,64
response_mean,6,22,-6.980538273642094e-06,-0.002918839949866727,0.002918839949866727,0.5,0.0007059586314426062,-0.0007199197079898906,64
final_prompt,17,24,-1.0223452591152544e-06,-0.002907934469088071,0.002907934469088071,0.515625,-3.628195372584829e-05,3.423726320761779e-05,64
public_task_span,28,14,-8.991637514561197e-07,-0.0029051757513896817,0.0029051757513896817,0.5,-0.00014328522229331878,0.00014148689479040656,64
final_prompt,18,22,2.192923147951435e-06,0.002900928777863645,0.002900928777863645,0.5,0.0001019570336211276,-9.757118732522475e-05,64
response_mean,7,15,-2.6597675173434254e-08,-0.002899996561955003,0.002899996561955003,0.5,-9.298022973780462e-08,3.978487939093622e-08,64
public_task_span,24,2,-8.837854466093147e-07,-0.0028967019274191955,0.0028967019274191955,0.5,-3.422289023547869e-05,3.2455319342260074e-05,64
response_mean,2,5,-6.29209262115158e-06,-0.0028926977283819147,0.0028926977283819147,0.5,0.00017276736252823125,-0.00018535154777053438,64
final_prompt,13,26,-6.656629807391195e-07,-0.0028923829388645115,0.0028923829388645115,0.5,-4.996159202619479e-05,4.8630266064716544e-05,64
final_prompt,9,2,8.35418063616089e-08,0.002888806009951142,0.002888806009951142,0.53125,3.891916549036978e-06,-3.72483293631376e-06,64
public_task_span,1,24,-1.9177394278806215e-05,-0.002888577713275177,0.002888577713275177,0.5,0.0007901365606812718,-0.0008284913492388844,64
response_first,4,23,1.8117122181137172e-05,0.0028871996290472635,0.0028871996290472635,0.5,0.0016451088351914268,-0.0016088745908291525,64
response_first,6,0,-4.7802932385843935e-06,-0.0028871097992036426,0.0028871097992036426,0.5,0.00024413422397629372,-0.00025369481045346253,64
response_mean,7,25,3.2934872251949366e-07,0.00288525573099044,0.00288525573099044,0.5,2.7770508040702847e-05,-2.711181059566386e-05,64
final_prompt,13,29,2.697820207204705e-07,0.0028846800550734538,0.0028846800550734538,0.5,-2.641206214092947e-05,2.6951626182370407e-05,64
public_task_span,14,3,-1.082836718066759e-07,-0.0028842909451891924,0.0028842909451891924,0.484375,-9.341948526747875e-06,9.12538118313452e-06,64
public_task_span,23,11,1.9092863112754743e-06,0.002880520553784992,0.002880520553784992,0.484375,0.00010291525791216905,-9.909668528961813e-05,64
public_task_span,6,31,-1.2761234074784372e-05,-0.0028797811950467805,0.0028797811950467805,0.5,0.000994250185158303,-0.0010197726533078717,64
response_first,6,25,-7.544398158649342e-06,-0.002878127344666182,0.002878127344666182,0.5,0.0006379483802447737,-0.0006530371765620724,64
public_task_span,24,0,-1.8061115269927506e-07,-0.0028779780213458728,0.0028779780213458728,0.5,-2.6034808229262388e-05,2.5673585923863836e-05,64
public_task_span,18,16,2.8184465463730317e-06,0.0028743147320922846,0.0028743147320922846,0.5,0.00018099580711349055,-0.00017535891402074453,64
response_mean,1,27,1.1506475857455485e-05,0.0028742054662735527,0.0028742054662735527,0.5,0.0017450471277697783,-0.0017220341760548668,64
response_first,16,30,3.7021604270937805e-07,0.002867011508553588,0.002867011508553588,0.5,6.329887639820636e-05,-6.255844431278759e-05,64
response_first,2,7,3.469102824737915e-05,0.0028658530492650784,0.0028658530492650784,0.5,0.003460168037690889,-0.0033907859811961307,64
response_first,4,25,-8.130460628311283e-06,-0.002861458482262729,0.002861458482262729,0.5,0.0006690801128570528,-0.0006853410341136753,64
final_prompt,4,19,-2.0910310013281066e-05,-0.0028605456706541914,0.0028605456706541914,0.5,0.0018300110532436654,-0.0018718316732702278,64
response_first,3,3,-6.626637969021551e-06,-0.0028562074997359323,0.0028562074997359323,0.5,0.0007089136106514942,-0.0007221668865895375,64
response_mean,6,31,1.553855395286394e-05,0.0028558178156518183,0.0028558178156518183,0.5,0.0011962151897932938,-0.0011651380818875658,64
public_task_span,24,4,8.690320782998126e-07,0.0028554433096695904,0.0028554433096695904,0.515625,-0.00011991814153587021,0.00012165620569246985,64
response_first,15,2,-2.145053258568136e-06,-0.0028495543284040832,0.0028495543284040832,0.484375,-8.342190085386725e-05,7.913179433673094e-05,64
public_task_span,25,18,-3.707216933435141e-08,-0.0028438091475918143,0.0028438091475918143,0.5,1.804287052209474e-06,-1.8784313908781767e-06,64
public_task_span,35,10,3.3683299989218693e-06,0.0028421797816346956,0.0028421797816346956,0.5,-0.0003260318208049187,0.00033276848080276256,64
public_task_span,34,27,-3.7168695143717654e-07,-0.0028389589003849462,0.0028389589003849462,0.5,2.671555648703132e-05,-2.7458930389905672e-05,64
final_prompt,17,1,1.6881290321197072e-06,0.0028353717099313326,0.0028353717099313326,0.5,-0.00012806080258086908,0.00013143706064510846,64
response_mean,1,18,2.404111000941626e-06,0.002834221947969061,0.002834221947969061,0.5,-0.0003585532977012705,0.0003633615197031538,64
final_prompt,5,12,-1.432593307981267e-05,-0.0028335124232184233,0.0028335124232184233,0.5,0.0012073935804437566,-0.0012360454466033822,64
response_first,35,31,-1.909875209094032e-06,-0.0028290366605792368,0.0028290366605792368,0.515625,-0.0002759487178991369,0.0002721289674809488,64
public_task_span,35,7,-1.3664336506735708e-07,-0.00282512368497254,0.00282512368497254,0.5,-5.617675071789563e-06,5.344388341654849e-06,64
response_first,28,20,8.02297392976517e-08,0.002820492328064467,0.002820492328064467,0.515625,-8.322286078052993e-06,8.482745556648297e-06,64
response_mean,21,3,4.026139777121069e-07,0.0028176840340788482,0.0028176840340788482,0.515625,-1.3814164503850109e-05,1.4619392459274321e-05,64
response_first,16,28,-2.874267437381868e-07,-0.002813114991968205,0.002813114991968205,0.515625,1.0820340207826057e-05,-1.1395193695302433e-05,64
public_task_span,33,1,-1.1882225408110856e-06,-0.002811747699529915,0.002811747699529915,0.5,-0.00020206857061566032,0.0001996921255340382,64
response_first,2,14,-1.372619226458656e-05,-0.002801768993215029,0.002801768993215029,0.5,0.0012637946419999805,-0.0012912470265291531,64
response_first,14,18,-1.0817393558670033e-06,-0.002801483519828651,0.002801483519828651,0.5,7.95622090663443e-05,-8.172568777807831e-05,64
public_task_span,5,15,1.3713492080562654e-05,0.002793698469090573,0.002793698469090573,0.5,0.0005015763672418124,-0.00047414938308068663,64
response_first,7,29,3.56245379862229e-08,0.002793627069425141,0.002793627069425141,0.5,-1.3219635945915797e-06,1.3932126705640258e-06,64
response_first,6,31,1.849479508563782e-05,0.0027858899293677426,0.0027858899293677426,0.5,0.0017375622930444474,-0.0017005727028731718,64
final_prompt,4,30,8.855153737384255e-06,0.002783151406380687,0.002783151406380687,0.5,0.0008433813268311538,-0.0008256710193563851,64
final_prompt,14,23,5.573156158807137e-07,0.0027784234240517017,0.0027784234240517017,0.515625,-3.541839123499134e-05,3.6533022466752766e-05,64
final_prompt,9,3,-4.1661550653770973e-08,-0.00277751842970754,0.00277751842970754,0.5,-1.2818792356483755e-06,1.1985561343408335e-06,64
response_first,10,12,1.618980604692936e-06,0.002766499683350407,0.002766499683350407,0.484375,-6.836140164523591e-05,7.159936285462177e-05,64
response_first,20,2,-7.714752427979786e-07,-0.0027613292862116254,0.0027613292862116254,0.5,-7.540254142667261e-05,7.385959094107668e-05,64
response_mean,27,1,1.9445362653414122e-08,0.0027570233621492207,0.0027570233621492207,0.484375,-2.0014973358684074e-06,2.0403880611752356e-06,64
final_prompt,13,18,-9.006475920614321e-08,-0.0027562941469659675,0.0027562941469659675,0.5,2.0262579312202433e-06,-2.2063874496325298e-06,64
response_first,2,25,-3.310162355770125e-06,-0.0027549509584604893,0.0027549509584604893,0.484375,0.0004014006390207158,-0.000408020963732256,64
response_mean,13,22,-2.437059265493068e-07,-0.002753101374781373,0.002753101374781373,0.53125,-3.062131355590549e-05,3.013390170280687e-05,64
response_first,1,27,1.6502388461961165e-05,0.002750643483374774,0.002750643483374774,0.5,0.0024298755306517593,-0.0023968707537278373,64
response_first,16,27,-4.228843053514898e-07,-0.0027499812126486616,0.0027499812126486616,0.5,-3.9605615526737535e-05,3.8759846916034555e-05,64
public_task_span,5,5,9.405681339558377e-06,0.00274977112346305,0.00274977112346305,0.5,0.0004410217952681823,-0.0004222104325890656,64
response_mean,27,3,-7.74270159098478e-09,-0.002741633859387538,0.002741633859387538,0.5,1.387399919394738e-07,-1.542253951214434e-07,64
response_first,8,10,-1.3556103795053787e-08,-0.002731505194679317,0.002731505194679317,0.5,-9.21632505423986e-07,8.945202978338784e-07,64
response_first,8,7,8.304165021404792e-06,0.0027223966901819704,0.0027223966901819704,0.484375,0.0012034989340463588,-0.0011868906040035493,64
response_mean,11,12,5.6051621868449255e-06,0.002718629039462915,0.002718629039462915,0.5,0.0002564615479059389,-0.000245251223532249,64
public_task_span,35,3,-1.5904470274140819e-06,-0.002714790347583292,0.002714790347583292,0.5,7.535268196078124e-05,-7.853357601560937e-05,64
public_task_span,33,0,1.5453592823216734e-06,0.0027133921268428004,0.0027133921268428004,0.484375,-9.254734413842883e-05,9.56380627030722e-05,64
response_mean,2,4,-2.7085802116724104e-06,-0.002712697142307495,0.002712697142307495,0.5,0.0002913220017148855,-0.00029673916213823027,64
response_first,5,16,2.4587295683899362e-06,0.0027121127203629677,0.0027121127203629677,0.5,0.0002678372629816257,-0.00026291980384484585,64
final_prompt,3,29,8.959189017338247e-06,0.0027109224187514655,0.0027109224187514655,0.5,0.000897000377335637,-0.0008790819993009604,64
response_first,17,8,2.9282954727705146e-08,0.0027016877592150237,0.0027016877592150237,0.5,1.3335367725630931e-06,-1.2749708631076828e-06,64
public_task_span,13,10,4.0538385519515736e-06,0.0026990835481457342,0.0026990835481457342,0.5,-0.0005278293008359426,0.0005359369779398457,64
public_task_span,15,19,-1.0569516462068187e-06,-0.002698921405166211,0.002698921405166211,0.5,7.496521311621977e-05,-7.70791164086334e-05,64
public_task_span,13,11,6.443902300645732e-08,0.0026982734255310997,0.0026982734255310997,0.484375,5.729207998683705e-06,-5.600329952670791e-06,64
response_first,6,7,-1.0387971997260288e-05,-0.0026981695376536653,0.0026981695376536653,0.5,0.000712734356056898,-0.0007335103000514187,64
final_prompt,6,22,4.097191776962473e-06,0.002696721778973079,0.002696721778973079,0.5,0.0002583980221970563,-0.0002502036386431313,64
public_task_span,4,17,2.2017952687749046e-05,0.002679797240876001,0.002679797240876001,0.5,0.0020571682161971794,-0.0020131323108216817,64
public_task_span,35,21,8.469744443516539e-07,0.0026658662317944645,0.0026658662317944645,0.5,-0.0001657910347603143,0.0001674849836490176,64
public_task_span,35,12,6.967158697084787e-06,0.0026654162179866477,0.0026654162179866477,0.5,-0.0010047704417956822,0.0010187047591898517,64
response_mean,11,18,-2.5452861791556533e-06,-0.002658214885770775,0.002658214885770775,0.5,5.895923550274963e-06,-1.0986495908586188e-05,64
final_prompt,32,2,-2.5022054614952946e-06,-0.0026538004136404123,0.0026538004136404123,0.5,-0.00038135728937049065,0.0003763528784475,64
response_first,14,13,1.4106896060207401e-06,0.002647987057288446,0.002647987057288446,0.484375,-0.00019581046615255724,0.00019863184536459872,64
response_mean,8,4,3.927561465393213e-06,0.0026462655017754984,0.0026462655017754984,0.5,3.296466456961068e-05,-2.5109541638824415e-05,64
response_first,11,2,-1.3046961839758105e-06,-0.0026359472700498176,0.0026359472700498176,0.5,6.145418296910489e-05,-6.406357533705648e-05,64
response_mean,15,7,-5.891498290107718e-06,-0.002628660298589197,0.002628660298589197,0.515625,-0.0006554842207151372,0.0006437012241349213,64
final_prompt,3,27,6.687227923410518e-06,0.002628391412331215,0.002628391412331215,0.5,0.0006956566218150337,-0.0006822821659682126,64
response_first,7,21,-8.935921869205703e-07,-0.0026245017298967893,0.0026245017298967893,0.5,1.500142661824992e-05,-1.6788610992091078e-05,64
final_prompt,35,9,8.181643806866812e-07,0.0026235107017343255,0.0026235107017343255,0.5,-8.695359292687147e-05,8.858992168824484e-05,64
public_task_span,3,19,-2.036319892795269e-05,-0.002620425140469834,0.002620425140469834,0.5,0.0018961438254336744,-0.00193687022328958,64
response_mean,5,9,2.0247243810546884e-06,0.0026168034810278478,0.0026168034810278478,0.5,4.723234633274686e-05,-4.318289757063752e-05,64
response_first,34,21,3.610063686208272e-06,0.0026162220961505893,0.0026162220961505893,0.5,-0.0005804117499792267,0.0005876318773516433,64
public_task_span,14,13,-2.873795324379479e-06,-0.0026157059456162575,0.0026157059456162575,0.515625,-0.00022520712559524465,0.00021945953494648563,64
response_mean,3,1,-4.920559149465255e-06,-0.0025941213631958844,0.0025941213631958844,0.5,0.0005886856015422386,-0.000598526719841169,64
response_mean,8,0,8.274697393053905e-06,0.002591536050690615,0.002591536050690615,0.5,0.0009408761288795864,-0.0009243267340934784,64
response_mean,14,10,-6.628632036152722e-06,-0.002588179489741505,0.002588179489741505,0.5,-0.0007919415565993219,0.0007786842925270165,64
response_first,14,22,1.4346368004712928e-07,0.0025793624590589614,0.0025793624590589614,0.5,9.382984018200208e-06,-9.09605665810595e-06,64
response_first,10,27,5.742261066650327e-07,0.0025781317059846757,0.0025781317059846757,0.53125,-4.324521870556838e-05,4.439367091889845e-05,64
public_task_span,30,31,2.0312819515143224e-07,0.0025779214697577543,0.0025779214697577543,0.5,-1.3340798204810833e-05,1.37470545951137e-05,64
response_mean,2,6,-5.944868462394334e-06,-0.002576539744967156,0.002576539744967156,0.5,0.0003794346648646847,-0.0003913244017894733,64
final_prompt,10,16,1.4331470765689169e-07,0.0025695709012950275,0.0025695709012950275,0.5,-1.0995031857415305e-05,1.1281661272729087e-05,64
public_task_span,6,3,-6.04560500505933e-06,-0.0025689371759336096,0.0025689371759336096,0.5,0.0002357190169277594,-0.00024781022693787816,64
response_first,33,8,1.6804062852367337e-07,0.002566197576362271,0.002566197576362271,0.484375,-3.249863630116481e-05,3.2834717558212153e-05,64
public_task_span,5,19,2.307600470885594e-05,0.002563486443844106,0.002563486443844106,0.5,0.0023687565753789438,-0.0023226045659612313,64
response_mean,2,27,-4.800996975970267e-06,-0.002561249162402205,0.002561249162402205,0.5,0.00021519551955862814,-0.00022479751351056873,64
public_task_span,26,22,5.20816499262731e-07,0.002554902187359975,0.002554902187359975,0.5,-1.1831023726920088e-05,1.2872656725445551e-05,64
final_prompt,34,19,-4.350401923144693e-06,-0.0025527573680986042,0.0025527573680986042,0.515625,-0.0007764891342958236,0.0007677883304495342,64
final_prompt,31,19,-1.7072954960864782e-06,-0.002531688022192938,0.002531688022192938,0.484375,-0.00018510732661524099,0.00018169273562306806,64
response_mean,9,19,3.5911675411065986e-07,0.002529237837282072,0.002529237837282072,0.484375,-4.847809830720737e-05,4.91963318154287e-05,64
public_task_span,2,13,-5.060664989284432e-06,-0.0025224122157915837,0.0025224122157915837,0.5,-5.771144060407168e-07,-9.54421557252816e-06,64
response_first,8,5,2.4848780810918685e-07,0.002519574126126228,0.002519574126126228,0.5,-1.5096670125552396e-05,1.5593645741770766e-05,64
final_prompt,18,6,4.203996013510985e-07,0.002519074345566793,0.002519074345566793,0.5,-1.7328592150534072e-05,1.8169391353236274e-05,64
post_selector,8,25,1.841441189759122e-06,0.002517924743198908,0.002517924743198908,0.515625,-4.0461487515118354e-05,4.41443698946366e-05,64
response_first,16,14,3.853538146355086e-07,0.0025159989945333235,0.0025159989945333235,0.515625,-2.1745767298852605e-05,2.2516474928123622e-05,64
response_first,2,26,-1.2340142347999965e-06,-0.0025045611772772144,0.0025045611772772144,0.5,-1.6998882529153112e-05,1.4530854059553126e-05,64
response_first,18,25,6.762847171160036e-08,0.002504531980654042,0.002504531980654042,0.5,5.364082602099529e-06,-5.228825658676328e-06,64
final_prompt,6,8,1.8691648619908432e-06,0.002504030336801966,0.002504030336801966,0.5,-1.8085824194725097e-05,2.1824153918706834e-05,64
response_first,13,4,3.537905115508398e-07,0.0025020682973919696,0.0025020682973919696,0.5,5.360634077071503e-06,-4.653053053969817e-06,64
public_task_span,3,11,-3.512682451400776e-05,-0.002500095796272829,0.002500095796272829,0.5,-0.0017363489314448032,0.0016660952824167873,64
response_first,1,0,-7.096283297868753e-06,-0.0024998133545570803,0.0024998133545570803,0.5,-4.539635483525009e-05,3.12037882395125e-05,64
response_first,2,21,2.547249459894832e-05,0.002497587637815029,0.002497587637815029,0.5,0.001974666534806603,-0.0019237215456087064,64
post_selector,9,15,-4.070427166873874e-06,-0.002494429339250241,0.002494429339250241,0.40625,0.00014542789358528506,-0.00015356874791903284,64
response_first,10,3,2.075149154747045e-07,0.0024883815288825237,0.0024883815288825237,0.5,2.211741912106025e-05,-2.1702389290110845e-05,64
response_mean,9,1,5.997751486558074e-07,0.002487626786716786,0.002487626786716786,0.5,-2.8479945740397497e-05,2.967949603770909e-05,64
final_prompt,5,18,-8.156432159012455e-06,-0.0024786443211385276,0.0024786443211385276,0.5,0.001077275144780275,-0.0010935880090983,64
final_prompt,18,16,-6.722767409428343e-08,-0.002475313649176791,0.002475313649176791,0.5,2.4057717595837858e-06,-2.540227107772353e-06,64
response_first,22,18,2.0259858502048107e-07,0.002474771194774123,0.002474771194774123,0.5,-1.8032906154983402e-05,1.8438103325024364e-05,64
response_mean,0,18,3.711917088364043e-06,0.0024715814882977985,0.0024715814882977985,0.5,0.0006366223988152157,-0.0006291985646384874,64
final_prompt,16,23,-4.0172835724672104e-06,-0.0024675082155282755,0.0024675082155282755,0.5,-0.0004744309298985156,0.00046639636275358124,64
response_first,12,25,1.2819786121554015e-08,0.0024631944254856764,0.0024631944254856764,0.5,-1.917163871212324e-06,1.942803443455432e-06,64
final_prompt,5,13,1.176124192169936e-05,0.002462707569681667,0.002462707569681667,0.5,0.0012630591347715264,-0.0012395366509281274,64
public_task_span,33,26,-3.5211053272852125e-07,-0.002458534355728918,0.002458534355728918,0.5,5.315757789456455e-07,-1.2357968444026846e-06,64
final_prompt,4,16,9.452824770048499e-06,0.002456962329124105,0.002456962329124105,0.5,0.0009785490774447737,-0.0009596434279046766,64
response_mean,10,12,-1.9462167983906934e-06,-0.002449656269955042,0.002449656269955042,0.5,-8.401079321628387e-05,8.011835961950252e-05,64
response_first,8,6,7.770284355492307e-06,0.0024370375755044136,0.0024370375755044136,0.484375,0.00029813003857270354,-0.000282589469861719,64
public_task_span,18,20,-7.64016158427988e-06,-0.0024362818451244567,0.0024362818451244567,0.5,0.0007372178806690276,-0.0007524982038375874,64
response_first,6,21,1.0036892945210717e-05,0.0024334198967103844,0.0024334198967103844,0.5,0.001028776593557277,-0.0010087028076668555,64
public_task_span,22,5,3.277218525004308e-06,0.002431530816312403,0.002431530816312403,0.5,-0.0006739351783835177,0.0006804896154335261,64
final_prompt,34,3,-1.1927924788321642e-05,-0.002431058945984101,0.002431058945984101,0.5,-0.0019925748129025907,0.0019687189633259467,64
public_task_span,0,14,2.5879722670648394e-05,0.002422150686045751,0.002422150686045751,0.5,-8.616602281108444e-05,0.00013792546815238102,64
response_mean,12,5,6.567628645344636e-07,0.0024219047423621777,0.0024219047423621777,0.5,-4.230400617188475e-05,4.361753190095368e-05,64
response_first,15,24,4.463722058645203e-09,0.0024149567710693392,0.0024149567710693392,0.5,-1.4660122271692444e-07,1.5552866683421485e-07,64
response_first,3,18,-2.1154497517276462e-05,-0.0024143746553783743,0.0024143746553783743,0.5,0.0003030211009900092,-0.00034533009602456235,64
response_first,2,12,8.023444024723471e-06,0.002413373149647499,0.002413373149647499,0.5,-0.0009600991070328626,0.0009761459950823094,64
final_prompt,5,19,2.4388606561845643e-05,0.0024102172358019588,0.0024102172358019588,0.5,0.002902360827647504,-0.002853583614523814,64
final_prompt,13,27,-1.2523155419377724e-06,-0.0024097536686805026,0.0024097536686805026,0.5,-0.00011112326501461105,0.00010861863393073552,64
public_task_span,4,18,1.892981617857741e-05,0.002400700188659504,0.002400700188659504,0.5,0.0018256843477502311,-0.0017878247153930765,64
response_mean,19,7,-1.024265202429689e-06,-0.002394882253556166,0.002394882253556166,0.5,-9.065620270120938e-05,8.860767229635e-05,64
response_first,5,7,-6.4683986238378566e-06,-0.0023886350702024364,0.0023886350702024364,0.5,0.0007434569999986628,-0.0007563937972463387,64
final_prompt,12,28,4.160410327358477e-08,0.002388513965390103,0.002388513965390103,0.5,-3.9916196215017424e-07,4.823701686973432e-07,64
final_prompt,3,3,1.750824230839379e-05,0.0023852334321066092,0.0023852334321066092,0.5,0.0019834584345517136,-0.0019484419499349254,64
response_mean,9,17,-5.889261956330065e-06,-0.0023840883295986426,0.0023840883295986426,0.5,-0.00025158809330604374,0.00023980956939338366,64
public_task_span,14,29,-6.393229341513668e-07,-0.002382549841345728,0.002382549841345728,0.5,-2.811403328451504e-05,2.6835387416212314e-05,64
response_mean,32,14,-3.663493544029618e-07,-0.0023819646565709537,0.0023819646565709537,0.5,1.9590968122435714e-05,-2.0323666831241655e-05,64
final_prompt,10,8,-4.3298072682773424e-08,-0.0023811989049032033,0.0023811989049032033,0.5,-4.471867157462839e-06,4.3852710120972915e-06,64
public_task_span,30,14,-5.098169708617206e-08,-0.002379965226591328,0.002379965226591328,0.5,9.606779372006713e-07,-1.0626413313730154e-06,64
response_mean,7,11,-4.252991630030252e-07,-0.0023798063193915687,0.0023798063193915687,0.5,2.5510469981775656e-05,-2.6361068307781707e-05,64
final_prompt,26,0,-2.8752083380826954e-06,-0.0023774905389184484,0.0023774905389184484,0.5,-0.00020498999947448103,0.00019923958279831564,64
response_first,19,10,1.878844670935243e-07,0.0023770381437566656,0.0023770381437566656,0.515625,-2.4855688138813444e-06,2.861337748068394e-06,64
response_mean,4,25,-1.2812488421333067e-05,-0.002376203942464115,0.002376203942464115,0.5,0.0014238229232432743,-0.0014494479000859402,64
response_first,9,8,2.610394318484383e-07,0.002375605997124434,0.002375605997124434,0.5,-4.3259451544481846e-05,4.378153040817872e-05,64
response_first,32,31,9.78008074521869e-07,0.002370392380745994,0.002370392380745994,0.5,4.6981568630143754e-05,-4.50255524811e-05,64
final_prompt,32,27,-7.042472134367014e-07,-0.00235507189795142,0.00235507189795142,0.5,7.866521809772512e-05,-8.007371252459852e-05,64
final_prompt,16,27,1.6089934717925153e-07,0.002354944913024646,0.002354944913024646,0.5,-2.0359652594945686e-05,2.0681451289304192e-05,64
final_prompt,14,6,7.863086892620822e-08,0.002354198667996963,0.002354198667996963,0.5,-7.018348952668799e-06,7.175610690521216e-06,64
response_mean,3,10,1.2151608643754604e-05,0.0023465658551534035,0.0023465658551534035,0.5,0.00013055364070170298,-0.00010625042341419385,64
public_task_span,23,15,-1.135979886155698e-06,-0.0023431620147864353,0.0023431620147864353,0.46875,0.00011590744475142441,-0.0001181794045237358,64
response_mean,8,18,6.623711215068488e-07,0.002341847466856511,0.002341847466856511,0.5,-2.8611696052403155e-06,4.18591184825402e-06,64
public_task_span,15,15,-2.3735051967941976e-07,-0.002339446410243869,0.002339446410243869,0.5,2.8598875246640175e-05,-2.9073576285999014e-05,64
response_mean,1,20,5.378013156585903e-06,0.002333104787653739,0.002333104787653739,0.5,0.0002155168476747344,-0.0002047608213615626,64
response_mean,21,2,-3.980514975424655e-07,-0.0023236738391422835,0.0023236738391422835,0.515625,-4.914635132990385e-05,4.835024833481892e-05,64
response_mean,23,9,7.30062311049296e-06,0.0023197755461400703,0.0023197755461400703,0.53125,-0.0006310385979304547,0.0006456398441514405,64
response_first,32,18,-3.195423232714558e-07,-0.0023182646359287836,0.0023182646359287836,0.5,-3.649248537839412e-05,3.585340073185121e-05,64
final_prompt,9,29,1.2847522867556642e-07,0.0023178028669841176,0.0023178028669841176,0.515625,-1.4495794019354447e-05,1.4752744476705581e-05,64
response_first,1,26,-1.4081064364281906e-05,-0.0023157165304057564,0.0023157165304057564,0.5,0.002049730315775347,-0.0020778924445039107,64
final_prompt,4,5,4.180864152658587e-06,0.0023138508365588544,0.0023138508365588544,0.5,0.00041732012641660754,-0.00040895839811129026,64
final_prompt,12,29,2.522074851211933e-07,0.00231058148292536,0.00231058148292536,0.5,-2.3150585207069896e-05,2.3655000177312283e-05,64
final_prompt,29,22,2.4121254682516414e-07,0.0023098829552591904,0.0023098829552591904,0.453125,-6.233093336047625e-05,6.281335845412657e-05,64
response_first,6,14,1.4598656889572791e-05,0.0023023441871567667,0.0023023441871567667,0.5,0.0011816145306511368,-0.0011524172168719915,64
final_prompt,10,24,3.963061772089467e-07,0.0023014022434826122,0.0023014022434826122,0.5,-3.239840054902235e-05,3.319101290344025e-05,64
public_task_span,32,16,1.1564611668250717e-06,0.002296423649600387,0.002296423649600387,0.5,-0.0001705563045106743,0.0001728692268443245,64
public_task_span,2,12,-8.841750968709302e-06,-0.0022938406903165297,0.0022938406903165297,0.515625,-6.99795637046792e-05,5.22960617672604e-05,64
response_mean,35,8,1.9322769730875056e-06,0.0022930219898676988,0.0022930219898676988,0.5,-0.00021270966681185625,0.00021657422075803127,64
public_task_span,8,23,1.9353246898387134e-06,0.002292463883291617,0.002292463883291617,0.5,-0.00024486302481817746,0.0002487336741978549,64
response_mean,12,0,2.7202065666501284e-07,0.0022828255522279292,0.0022828255522279292,0.5,1.032012596623622e-05,-9.7760846529062e-06,64
public_task_span,8,14,-5.806568879017456e-07,-0.00228208692331369,0.00228208692331369,0.5,-8.828816135067172e-06,7.667502359263678e-06,64
response_first,32,16,3.033961775123803e-07,0.0022809071847026425,0.0022809071847026425,0.5,-2.2050127881805867e-05,2.2656920236830627e-05,64
response_mean,1,6,-2.8498816391280896e-06,-0.0022785581637669128,0.0022785581637669128,0.5,8.241249452110315e-05,-8.811225779935937e-05,64
response_mean,9,20,4.733905370815736e-06,0.0022767568990278435,0.0022767568990278435,0.5,0.0005411123383964795,-0.0005316445276548482,64
response_mean,2,1,-1.129595693782822e-05,-0.002273439725077439,0.002273439725077439,0.515625,0.0018493714596843245,-0.001871963373559981,64
final_prompt,17,5,-4.6627263827656403e-07,-0.002273019621610724,0.002273019621610724,0.5,-2.160563690267888e-05,2.0673091626125744e-05,64
response_first,27,3,3.450351115930035e-09,0.0022566423003090638,0.0022566423003090638,0.5,-3.517309021816578e-08,4.2073792450025835e-08,64
public_task_span,1,30,2.5521112547684275e-06,0.002256440990680628,0.002256440990680628,0.5,-0.0005754212143074101,0.000580525436816947,64
response_first,8,18,-1.925295975984533e-07,-0.0022548642933809785,0.0022548642933809785,0.5,1.0743501377417762e-05,-1.112856057261467e-05,64
response_first,4,18,-2.591478369139838e-05,-0.0022543499521824896,0.0022543499521824896,0.5,0.002954857425720553,-0.00300668699310335,64
final_prompt,8,29,-1.8951368474482734e-07,-0.0022532878048623873,0.0022532878048623873,0.5,1.4864722061246142e-05,-1.5243749430735797e-05,64
public_task_span,30,4,-1.09099289603803e-07,-0.0022511075137385986,0.0022511075137385986,0.5,5.892151193617824e-06,-6.11034977282543e-06,64
response_mean,0,7,2.7740084078689996e-06,0.0022508769172667116,0.0022508769172667116,0.5,0.0004373908504930878,-0.0004318428336773499,64
response_first,7,5,9.11636348633058e-08,0.0022468232603761362,0.0022468232603761362,0.484375,3.175850764616675e-07,-1.3525780673505672e-07,64
public_task_span,5,23,1.3444796422852731e-05,0.0022452032147586717,0.0022452032147586717,0.53125,0.001599336561412213,-0.001572446968566508,64
response_first,8,23,-2.8202410362758353e-07,-0.0022444871172563855,0.0022444871172563855,0.515625,-1.963749639344116e-05,1.9073448186185994e-05,64
final_prompt,9,20,4.1350153878667826e-07,0.00224399746197258,0.00224399746197258,0.5,7.210966487032252e-06,-6.383963409458892e-06,64
response_first,9,31,5.604925346069933e-08,0.0022352356154585733,0.0022352356154585733,0.53125,-1.5599207681127325e-06,1.6720192750341312e-06,64
response_mean,22,14,3.8457324080788885e-06,0.0022273907528368555,0.0022273907528368555,0.515625,-0.0003792449051616083,0.00038693636997776603,64
final_prompt,18,31,-3.185942205167759e-06,-0.002225592913093482,0.002225592913093482,0.5,2.577713803472873e-05,-3.21490224450641e-05,64
response_mean,3,7,-1.3321061633321443e-05,-0.002219005254601108,0.002219005254601108,0.5,0.0016225273179983875,-0.00164916944126503,64
response_first,34,11,-2.41340032403059e-08,-0.0022183370426046155,0.0022183370426046155,0.5,-2.2368971031028195e-06,2.1886290966222077e-06,64
final_prompt,7,18,-2.859706569365463e-07,-0.0022153539557985056,0.0022153539557985056,0.5,8.052096177376363e-06,-8.624037491249453e-06,64
response_first,24,28,-1.1302777238582127e-06,-0.0022071405670507655,0.0022071405670507655,0.5,-0.00011402786731194633,0.00011176731186422993,64
response_mean,7,13,5.422951687705806e-08,0.0022064924185135125,0.0022064924185135125,0.5,-1.131980084778661e-06,1.2404391185327768e-06,64
public_task_span,10,28,2.2005929167793579e-07,0.0022058562791349447,0.0022058562791349447,0.515625,3.4035110729759057e-06,-2.9633924896200337e-06,64
response_first,11,13,-9.832670002656373e-07,-0.0022017125033777863,0.0022017125033777863,0.5,2.7584001145290093e-06,-4.724934115060284e-06,64
final_prompt,3,31,-1.976728594854291e-05,-0.0021950549389576396,0.0021950549389576396,0.5,0.0022190556151144964,-0.002258590187011582,64
response_mean,3,13,-1.574541238368737e-05,-0.002193163170020144,0.002193163170020144,0.5,0.0011497844025143687,-0.0011812752272817438,64
response_mean,9,13,-3.20202798320969e-06,-0.0021906123173287104,0.0021906123173287104,0.515625,0.00011920828455912373,-0.00012561234052554314,64
public_task_span,17,16,1.3958383533499906e-06,0.0021826635787966704,0.0021826635787966704,0.5,3.736007192855283e-05,-3.4568395221852856e-05,64
public_task_span,2,10,-1.8002443539441538e-05,-0.0021802087725478455,0.0021802087725478455,0.5,0.003652476465504131,-0.003688481352583014,64
response_first,21,30,5.085001646429815e-07,0.0021799653150488736,0.0021799653150488736,0.5,-9.213045004229965e-05,9.314745037158561e-05,64
public_task_span,9,21,-5.721390152729434e-07,-0.0021796454036190262,0.0021796454036190262,0.5,1.5302986412282026e-05,-1.6447264442827906e-05,64
public_task_span,7,5,1.0327859456493666e-07,0.0021764567501612914,0.0021764567501612914,0.5,7.710360023337972e-06,-7.503802834208099e-06,64
response_mean,10,9,-6.369673428710087e-06,-0.002172932148845502,0.002172932148845502,0.5,-1.6377729480157984e-05,3.638382622737728e-06,64
public_task_span,31,26,5.568622327686578e-07,0.002169380270215166,0.002169380270215166,0.5,-0.00010724991102505294,0.00010836363549059028,64
response_first,27,1,6.6819545452290185e-09,0.002162578500650516,0.002162578500650516,0.5,-9.219861176745781e-07,9.353500267650361e-07,64
response_first,32,28,-1.2055008937781212e-06,-0.0021568760205034937,0.0021568760205034937,0.5,0.00017555657632327813,-0.0001779675781108344,64
response_first,5,28,-4.539531232695439e-06,-0.0021558572789185187,0.0021558572789185187,0.5,0.0005785309609223045,-0.0005876100233876952,64
final_prompt,16,6,6.66724702114152e-08,0.0021465214077591604,0.0021465214077591604,0.53125,-3.975537481437643e-07,5.308986885665945e-07,64
final_prompt,30,4,-4.667639359454663e-07,-0.0021416537396053243,0.0021416537396053243,0.46875,-2.010642015193634e-05,1.917289228004542e-05,64
final_prompt,18,7,-8.029059586070721e-07,-0.0021374687889075864,0.0021374687889075864,0.5,-6.869339608784105e-05,6.708758417062689e-05,64
final_prompt,8,19,1.2337935117898453e-07,0.0021354699973588193,0.0021354699973588193,0.5,-4.881893062247394e-06,5.128651764605362e-06,64
response_mean,8,19,2.019312887572824e-06,0.002135041040631584,0.002135041040631584,0.5,6.180140735523338e-05,-5.7762781580087685e-05,64
final_prompt,10,19,4.376997821974706e-07,0.0021314447762334305,0.0021314447762334305,0.5,-6.56502170386193e-05,6.652561660301426e-05,64
final_prompt,4,4,1.4632206443821014e-05,0.0021294478517466576,0.0021294478517466576,0.5,0.001926992858216181,-0.0018977284453285395,64
final_prompt,22,18,1.573035035537468e-07,0.002125224035407229,0.002125224035407229,0.5,-8.410395480499434e-06,8.725002487606928e-06,64
response_mean,6,5,-7.674796506758425e-06,-0.00212389222014299,0.00212389222014299,0.53125,0.0006756330767529945,-0.0006909826697665113,64
public_task_span,27,20,-3.798879333769624e-06,-0.002122514070814686,0.002122514070814686,0.5,-0.0002478014866937839,0.0002402037280262447,64
response_mean,34,20,2.2920278297317012e-07,0.002116969726677722,0.002116969726677722,0.5,5.889363364987466e-06,-5.430957799041125e-06,64
response_mean,7,14,5.822073489980539e-08,0.002116629383885766,0.002116629383885766,0.5,3.167084344113391e-06,-3.0506428743137803e-06,64
response_first,15,31,3.103015622230032e-08,0.0021154291767178065,0.0021154291767178065,0.484375,-3.349684014608556e-06,3.4117443270531567e-06,64
response_first,8,9,1.0412385620352647e-07,0.0021108239371617934,0.0021108239371617934,0.515625,1.5079045589058826e-05,-1.4870797876651774e-05,64
response_mean,14,0,-3.733680742357137e-08,-0.002105229320729559,0.002105229320729559,0.5,-2.9586230851919026e-06,2.88394947034476e-06,64
public_task_span,25,4,-3.076207804047545e-07,-0.0021050449144924266,0.0021050449144924266,0.5,-3.1050691177365636e-05,3.0435449616556117e-05,64
public_task_span,7,1,6.400516667791812e-07,0.0021012627351007463,0.0021012627351007463,0.5,-1.811779156923458e-05,1.939789490279294e-05,64
public_task_span,30,18,-1.1138019999611126e-06,-0.002100291220760688,0.002100291220760688,0.5,-0.00023033456045594292,0.00022810695645602064,64
final_prompt,5,29,-9.551435823598785e-06,-0.002074895520891888,0.002074895520891888,0.5,0.0011339417369527012,-0.0011530446085998985,64
response_mean,6,9,1.9855151549557102e-06,0.002073253588229904,0.002073253588229904,0.5,-0.0004375609396447415,0.00044153196995465284,64
final_prompt,4,8,2.617062551734978e-05,0.0020727721402700825,0.0020727721402700825,0.5,0.0035688926560624133,-0.003516551405027714,64
final_prompt,22,21,1.1001120583437507e-06,0.002070251783861362,0.002070251783861362,0.5,-8.530021023033439e-05,8.750043434702185e-05,64
public_task_span,30,16,-4.3201798689563036e-06,-0.0020697104538759704,0.0020697104538759704,0.515625,-0.0008315903432958145,0.0008229499835579019,64
response_mean,5,29,2.3053789846019194e-05,0.0020675046757780984,0.0020675046757780984,0.5,0.0007239888363983593,-0.0006778812567063203,64
public_task_span,12,2,8.556830835015543e-07,0.0020670506410929335,0.0020670506410929335,0.5,-6.7549568939275e-05,6.926093510627812e-05,64
response_first,26,9,1.5824201682392544e-07,0.0020661123660380668,0.0020661123660380668,0.5,-1.3235352582789456e-05,1.3551836616437306e-05,64
response_first,4,30,-5.524014341059912e-06,-0.002058294599077309,0.002058294599077309,0.5,0.0009388266316818719,-0.0009498746603639916,64
response_mean,7,2,-1.6447488633240024e-06,-0.0020557291786462376,0.0020557291786462376,0.5,-0.00013593598669102964,0.00013264648896438153,64
response_first,7,26,4.5950946514555703e-07,0.0020484391296072186,0.0020484391296072186,0.5,1.3019769539822656e-05,-1.2100750609531535e-05,64
final_prompt,2,5,-7.297800721058707e-06,-0.0020465532910129577,0.0020465532910129577,0.5,0.0010132488009730828,-0.0010278444024151999,64
public_task_span,22,16,8.93734977576548e-07,0.002043804670975803,0.002043804670975803,0.5,1.333586988038435e-05,-1.1548399925231263e-05,64
public_task_span,20,16,1.073547309715113e-06,0.0020424441115200753,0.0020424441115200753,0.5,-4.6218230181688255e-05,4.8365324801118484e-05,64
public_task_span,26,6,-2.10962889468938e-06,-0.002041559414575807,0.002041559414575807,0.5,8.098908347165592e-05,-8.520834126103468e-05,64
response_mean,6,12,-8.216931746574607e-06,-0.0020405764057941068,0.0020405764057941068,0.5,-0.0019201436552975472,0.0019037097918043976,64
final_prompt,6,13,1.104465366097299e-05,0.0020368386538620773,0.0020368386538620773,0.5,0.0014802580388391154,-0.001458168731517169,64
public_task_span,15,10,-2.368076934544542e-07,-0.0020342559377621965,0.0020342559377621965,0.5,-4.316463287067823e-05,4.269101748376932e-05,64
response_first,4,21,-1.507206616224385e-05,-0.0020342024557695464,0.0020342024557695464,0.5,0.0009815563462325502,-0.0010117004785570375,64
final_prompt,8,28,1.2215469524790077e-08,0.0020334099699586537,0.0020334099699586537,0.484375,2.492347164206876e-06,-2.467916225157296e-06,64
response_mean,25,1,5.8106358835799496e-08,0.002032831344778566,0.002032831344778566,0.5,-5.519630406071157e-07,6.681757582787147e-07,64
final_prompt,2,12,-6.2407214045406725e-06,-0.0020313663929199424,0.0020313663929199424,0.5,0.0008291540420941634,-0.0008416354849032447,64
response_mean,1,13,-6.6454160787587425e-06,-0.0020302937617309065,0.0020302937617309065,0.515625,0.00016419165922343214,-0.00017748249138094957,64
final_prompt,14,26,8.490270175811331e-08,0.0020297800330070555,0.0020297800330070555,0.5,1.4753468349212698e-06,-1.305541431405044e-06,64
final_prompt,3,22,6.406404281739006e-06,0.002026472857007112,0.002026472857007112,0.5,0.00014798590927968128,-0.0001351731007162031,64
final_prompt,18,12,2.818737101494593e-07,0.0020162348364179622,0.0020162348364179622,0.515625,-1.8554128047298647e-05,1.9117875467597573e-05,64
response_mean,22,25,8.235499748792524e-08,0.0020136651694490928,0.0020136651694490928,0.515625,-9.59776293996117e-06,9.76247293493702e-06,64
public_task_span,4,19,1.6774419236749156e-05,0.0020135070283952418,0.0020135070283952418,0.515625,0.0017543787053000523,-0.0017208298668265538,64
public_task_span,17,2,4.125153282071848e-06,0.0020085897680422486,0.0020085897680422486,0.5,-0.0003996018285761187,0.00040785213514026253,64
final_prompt,5,4,9.729101307696052e-06,0.002003702632510517,0.002003702632510517,0.5,0.0012793633253238542,-0.0012599051227084618,64
response_first,14,16,-6.389489612983927e-07,-0.0020020948009388945,0.0020020948009388945,0.515625,5.092083205226751e-05,-5.219872997486429e-05,64
final_prompt,5,31,1.6305200460979644e-06,0.0019996557751277137,0.0019996557751277137,0.5,0.00021135741002354126,-0.00020809636993134536,64
response_first,19,8,-3.216050536991588e-08,-0.001997308371285328,0.001997308371285328,0.5,-2.8845732380489153e-06,2.8202522273090835e-06,64
public_task_span,0,27,1.5525794879068773e-05,0.0019971070060202617,0.0019971070060202617,0.5,-0.003158651612466197,0.0031897032022243344,64
public_task_span,5,7,-8.558522949893873e-06,-0.0019936693173406065,0.0019936693173406065,0.5,0.0008910685637602111,-0.0009081856096599991,64
response_mean,6,2,8.722238817423101e-06,0.0019923095820462626,0.0019923095820462626,0.5,0.001180388750071864,-0.001162944272437018,64
response_mean,16,21,-5.638350160073162e-07,-0.001991963988019131,0.001991963988019131,0.5,-0.00010225297432951691,0.0001011253042975023,64
final_prompt,5,30,-1.3268594472042077e-06,-0.001991800016801533,0.001991800016801533,0.5,0.00017385311825534797,-0.0001765068371497564,64
final_prompt,8,22,5.430158012131869e-08,0.001977839276703045,0.001977839276703045,0.5,3.842904902739974e-06,-3.734301742497337e-06,64
public_task_span,26,31,-2.4289229258954415e-06,-0.0019776178576010888,0.0019776178576010888,0.5,-0.0005982210959700413,0.0005933632501182504,64
public_task_span,19,6,1.0988656867996896e-05,0.0019755768715555796,0.0019755768715555796,0.5,-0.0007458534382749284,0.0007678307520109218,64
response_first,20,11,5.881498843507363e-09,0.001970791352593297,0.001970791352593297,0.5,-8.095916681494231e-07,8.213546658364379e-07,64
response_mean,6,21,7.180570719356942e-06,0.001967625583444582,0.001967625583444582,0.5,0.000972267091128743,-0.0009579059496900292,64
response_mean,10,22,6.407390174002392e-07,0.0019667591198010807,0.0019667591198010807,0.5,-0.00010979536364173198,0.00011107684167653244,64
response_first,12,5,-2.666620559909731e-07,-0.0019663234292184076,0.0019663234292184076,0.484375,-9.903652284031557e-06,9.37032817204961e-06,64
public_task_span,2,23,-4.968109806210833e-06,-0.0019657760889510985,0.0019657760889510985,0.5,0.0011471759398773318,-0.0011571121594897533,64
public_task_span,19,20,-8.240101578849135e-08,-0.001964336525255707,0.001964336525255707,0.5,1.7170498495033826e-05,-1.733530052661081e-05,64
final_prompt,25,17,1.7471813862608667e-07,0.001957849076018162,0.001957849076018162,0.5,-3.9775396089671266e-05,4.012483236692343e-05,64
final_prompt,17,6,-3.8912978084222036e-07,-0.0019573491223217913,0.0019573491223217913,0.5,-1.616721368691241e-05,1.538895412522798e-05,64
response_mean,1,0,3.659438334578124e-06,0.001957116706420835,0.001957116706420835,0.5,0.00010963286331388442,-0.00010231398664472811,64
response_first,28,26,6.935135843377793e-08,0.0019548216158929706,0.0019548216158929706,0.5,-1.0856397693714825e-05,1.0995100410582381e-05,64
public_task_span,33,21,9.71383087742099e-07,0.00195436306952986,0.00195436306952986,0.484375,-0.00027224617952012687,0.00027418894569561104,64
response_mean,1,11,4.8245856305521834e-06,0.0019524749013305363,0.0019524749013305363,0.484375,0.0003532927221385709,-0.0003436435508774666,64
response_first,10,24,-2.198133870467024e-07,-0.001951158370143986,0.001951158370143986,0.5,-1.431967238828916e-05,1.3880045614195747e-05,64
response_mean,20,24,1.7023143783490013e-08,0.001947820524137073,0.001947820524137073,0.546875,-1.450405662239973e-06,1.484451949806953e-06,64
public_task_span,29,14,-5.430466103469532e-07,-0.0019473834115372052,0.0019473834115372052,0.5,-0.00010792249361201475,0.00010683640039132081,64
public_task_span,5,13,-1.4598843790735957e-05,-0.001947047618188691,0.001947047618188691,0.5,0.000983482006631672,-0.0010126796942131438,64
response_first,3,24,-2.2390059939427073e-05,-0.0019435655543737038,0.0019435655543737038,0.515625,0.003275567808941546,-0.003320347928820401,64
public_task_span,29,29,4.476501089799085e-07,0.0019363818378019314,0.0019363818378019314,0.5,7.529119284298971e-05,-7.43958926250299e-05,64
final_prompt,31,2,-2.524663614173414e-06,-0.0019361282328015151,0.0019361282328015151,0.5,7.138593718990623e-05,-7.64352644182531e-05,64
public_task_span,10,21,2.318816768826652e-06,0.001932290063842903,0.001932290063842903,0.5,0.0007433435166603644,-0.0007387058831227111,64
final_prompt,6,24,-1.153536288711469e-05,-0.0019296625134729525,0.0019296625134729525,0.5,0.0016026121827508173,-0.0016256829085250462,64
response_mean,0,16,3.803919753407737e-06,0.0019295472916055615,0.0019295472916055615,0.5,0.0008756127826927532,-0.0008680049431859376,64
final_prompt,3,5,-1.7389575141634438e-05,-0.0019235075598871016,0.0019235075598871016,0.5,0.002301140339696431,-0.0023359194899796993,64
response_mean,16,27,2.63227292406695e-07,0.0019209731182386876,0.0019209731182386876,0.484375,-3.563306421483495e-05,3.615951879964834e-05,64
response_mean,3,21,1.4956900486140078e-05,0.0019194776259403826,0.0019194776259403826,0.5,0.0017340005360893009,-0.0017040867351170207,64
response_first,27,2,8.260490957923139e-09,0.0019193851005306379,0.0019193851005306379,0.5,-2.829314098562463e-07,2.994523917720926e-07,64
public_task_span,15,5,2.7825535653490956e-07,0.001919208405021989,0.001919208405021989,0.5,-8.213240562322636e-06,8.769751275392456e-06,64
response_first,35,11,7.755938895551234e-07,0.0019179967600526226,0.0019179967600526226,0.5,-0.00023224684628073063,0.0002337980340598409,64
public_task_span,8,15,3.9104565985316703e-07,0.001913678357740406,0.001913678357740406,0.515625,-2.5022303361758736e-05,2.5804394681465074e-05,64
response_mean,14,18,8.600782166443145e-07,0.0019123844695749885,0.0019123844695749885,0.5,1.3728753401665993e-05,-1.2008596968377357e-05,64
response_mean,0,17,5.570953362621855e-06,0.0019079851306102542,0.0019079851306102542,0.5,0.0009640098542149471,-0.0009528679474897033,64
response_mean,1,10,-3.1986201065593823e-06,-0.001907880625756771,0.001907880625756771,0.5,-0.0004638925238395875,0.0004574952836264688,64
response_mean,19,19,7.317603092371153e-07,0.001906056154473249,0.001906056154473249,0.515625,-9.213530546502797e-05,9.359882608350222e-05,64
response_first,5,22,-1.8157265685662147e-05,-0.001905087592218839,0.001905087592218839,0.515625,0.002573359887264823,-0.0026096744186361476,64
response_mean,3,14,-1.6714032881282796e-05,-0.0019015402724078426,0.0019015402724078426,0.5,0.0021956293176117513,-0.0022290573833743162,64
final_prompt,14,22,2.991351166770073e-09,0.0019007850437925632,0.0019007850437925632,0.5,-1.8604577256553512e-07,1.9202847489907526e-07,64
public_task_span,28,15,4.964222171098717e-07,0.001899917023655815,0.001899917023655815,0.5,-0.00012395138764984364,0.00012494423208406338,64
final_prompt,12,13,-1.7882477010386207e-07,-0.0018880499984638968,0.0018880499984638968,0.5,-3.7430748520244e-05,3.707309898003628e-05,64
final_prompt,23,16,6.7897270028538514e-09,0.001881493492307806,0.001881493492307806,0.5,5.9389289930322775e-08,-4.580983592461507e-08,64
response_mean,17,26,7.283026917545495e-06,0.001876401952876408,0.001876401952876408,0.515625,0.0004062288831505604,-0.00039166282931546925,64
public_task_span,1,29,2.540897185096506e-06,0.0018726523157095922,0.0018726523157095922,0.515625,-0.00047397982780239176,0.00047906162217258475,64
response_first,16,1,2.0820974100395866e-07,0.0018693534402966616,0.0018693534402966616,0.5,-3.144931741871068e-05,3.1865736900718594e-05,64
public_task_span,19,4,1.2640899512914093e-05,0.001866920284078179,0.001866920284078179,0.5,-0.0015448812919203153,0.0015701630909461437,64
response_first,1,21,-5.326968675940563e-06,-0.0018601984284563953,0.0018601984284563953,0.5,0.0005519194965017939,-0.000562573433853675,64
response_mean,4,28,6.812580068072855e-06,0.0018587338447035521,0.0018587338447035521,0.5,0.0004841688896703908,-0.00047054372953424516,64
final_prompt,11,0,1.2046214123936328e-06,0.0018584921052229564,0.0018584921052229564,0.5,3.209316128049012e-05,-2.9683918455702843e-05,64
final_prompt,16,31,-2.70322630057477e-07,-0.001858039260660287,0.001858039260660287,0.5,2.4328533527286893e-05,-2.4869178787401857e-05,64
response_first,4,6,-2.0053224204728912e-05,-0.0018461394353886562,0.0018461394353886562,0.5,0.0031284685203445354,-0.0031685749687539936,64
public_task_span,3,12,1.902010095022888e-05,0.001844547431141888,0.001844547431141888,0.5,0.002810424748616932,-0.002772384546716474,64
response_first,5,19,-6.813996719760482e-06,-0.0018436714583586983,0.0018436714583586983,0.5,0.0009607853726265555,-0.0009744133660660764,64
response_first,32,3,-1.0034436854779015e-06,-0.0018300678275217643,0.0018300678275217643,0.5,-0.00034538465683906037,0.0003433777694681046,64
public_task_span,5,16,-6.194990874060918e-06,-0.0018261166224781147,0.0018261166224781147,0.5,0.0008638327180961032,-0.000876222699844225,64
response_mean,4,31,-9.013143085220162e-07,-0.0018259277503559672,0.0018259277503559672,0.5,0.00017345626588392992,-0.00017525889450097394,64
final_prompt,17,29,2.6436381972416764e-08,0.0018195685501408096,0.0018195685501408096,0.515625,5.150730132186254e-06,-5.097857368241421e-06,64
response_first,6,15,7.967377314336568e-06,0.0018188297341813979,0.0018188297341813979,0.5,0.000974959308223348,-0.0009590245535946748,64
response_first,1,28,3.773217258637153e-06,0.0018155975859059728,0.0018155975859059728,0.5,-0.0007306525899366419,0.0007381990244539161,64
response_first,7,11,-1.6180069906209215e-07,-0.0018153870309007899,0.0018153870309007899,0.5,-3.360895618700338e-06,3.037294220576156e-06,64
final_prompt,16,5,-3.2536028982121934e-08,-0.001814149961588461,0.001814149961588461,0.515625,-3.2687337849779396e-06,3.2036617270136958e-06,64
response_mean,4,21,-1.314941619057024e-05,-0.0018067683455046358,0.0018067683455046358,0.5,0.0009358851566503376,-0.000962183989031478,64
final_prompt,4,14,2.271879804993421e-05,0.0018064033246723403,0.0018064033246723403,0.5,0.003605109684258428,-0.0035596720881585597,64
public_task_span,35,8,7.816659490348285e-06,0.0018056453627872413,0.0018056453627872413,0.5,-0.000501849412103175,0.0005174827310838718,64
final_prompt,10,13,-2.635549662928157e-07,-0.001803066597196339,0.001803066597196339,0.5,7.58958640290036e-06,-8.116696335485995e-06,64
public_task_span,29,3,-2.5799654395146186e-06,-0.0018030319811466332,0.0018030319811466332,0.5,-0.0008336982127729914,0.0008285382818939621,64
response_mean,31,24,-1.6799987178863763e-07,-0.001796625586101323,0.001796625586101323,0.5,-4.1267739106828186e-05,4.0931739363250906e-05,64
response_first,33,5,1.1340298442568466e-06,0.001785820138877034,0.001785820138877034,0.515625,-0.000219186060348859,0.00022145412003737267,64
response_mean,34,15,1.408295247521297e-06,0.0017853698666142586,0.0017853698666142586,0.53125,-0.0003422193767619177,0.00034503596725696034,64
final_prompt,35,24,-2.7309909000984195e-07,-0.0017837890735667974,0.0017837890735667974,0.5,-2.7382842517907084e-05,2.68366443378874e-05,64
response_first,17,22,-7.464234386134194e-08,-0.0017829283978883345,0.0017829283978883345,0.5,-6.158239244768993e-06,6.008954557046309e-06,64
public_task_span,7,11,4.958458816868212e-07,0.001775014089253758,0.001775014089253758,0.5,-4.47884244749722e-05,4.5780116238345845e-05,64
response_mean,1,19,-2.4202054191835287e-06,-0.0017742849008977313,0.0017742849008977313,0.5,-6.589596887352005e-05,6.105555803515299e-05,64
response_mean,5,3,1.2751523399859017e-05,0.0017722604421474299,0.0017722604421474299,0.5,0.0019146400195495547,-0.0018891369727498367,64
public_task_span,9,17,-5.967824563435293e-07,-0.0017573998369095343,0.0017573998369095343,0.5,-0.00015957324103510064,0.00015837967612241359,64
response_first,8,30,-2.213668722105943e-06,-0.0017564492518101634,0.0017564492518101634,0.5,0.0004863065769313708,-0.0004907339143755827,64
final_prompt,3,26,-1.1005519482406385e-06,-0.0017539801321616337,0.0017539801321616337,0.5,0.00015847711397753528,-0.00016067821787401653,64
response_first,14,31,-1.35117488753127e-06,-0.0017526940272820403,0.0017526940272820403,0.5,0.00014364958951772812,-0.0001463519392927906,64
response_mean,6,4,-1.77484180312543e-05,-0.0017461254255650776,0.0017461254255650776,0.5,0.0027416345983510846,-0.002777131434413593,64
public_task_span,3,6,-2.4771364451223578e-05,-0.001744645285716973,0.001744645285716973,0.5,0.0009426230240024061,-0.000992165752904853,64
response_first,10,22,5.489791874435752e-07,0.0017426074594068582,0.0017426074594068582,0.5,-8.268080637207194e-05,8.377876474695907e-05,64
final_prompt,3,20,3.688534889078121e-06,0.0017402053222121006,0.0017402053222121006,0.5,-0.00034018811675195,0.0003475651865301061,64
final_prompt,7,22,-6.057887276225629e-07,-0.0017384726876070672,0.0017384726876070672,0.5,-4.5785537622572765e-05,4.4573960167327646e-05,64
final_prompt,1,5,2.546100930089784e-08,0.0017351912900429502,0.0017351912900429502,0.5,-8.615449829108002e-07,9.124670015125957e-07,64
final_prompt,7,7,1.4507536505448168e-08,0.0017329129352472343,0.0017329129352472343,0.5,-1.4656829918635594e-06,1.4946980648744557e-06,64
final_prompt,4,23,-1.1818190159825631e-05,-0.0017317685901717579,0.0017317685901717579,0.5,0.0016123232226164057,-0.0016359596029360567,64
public_task_span,10,5,-2.48318713146725e-07,-0.0017315060198267803,0.0017315060198267803,0.484375,-2.044108293829868e-05,1.994444551200523e-05,64
public_task_span,32,25,2.7213286557519933e-07,0.001730410208884009,0.001730410208884009,0.5,2.877217184503299e-05,-2.8227906113882595e-05,64
public_task_span,18,2,2.3268046334143758e-07,0.0017278215866875638,0.0017278215866875638,0.5,-3.5135493646968485e-05,3.560085457365136e-05,64
response_mean,1,3,-3.7283298297656763e-06,-0.001724337854504555,0.001724337854504555,0.5,-0.0003515067473927188,0.0003440500877331874,64
response_first,3,27,2.485586946931735e-05,0.0017201628572130706,0.0017201628572130706,0.5,0.0038986291920082242,-0.003848917453069589,64
final_prompt,35,7,1.9473617385301623e-08,0.0017172009805508876,0.0017172009805508876,0.515625,-3.823432706440144e-06,3.862379941210747e-06,64
public_task_span,3,23,-1.345647433481905e-05,-0.0017151133836261902,0.0017151133836261902,0.5,0.0018389823890174685,-0.0018658953376871068,64
final_prompt,17,21,-1.8342041130142201e-07,-0.001714418860964041,0.001714418860964041,0.5,-2.666775981196235e-05,2.6300918989359514e-05,64
response_first,5,5,9.858343219090694e-06,0.0017108472970582432,0.0017108472970582432,0.5,0.0009579059296811471,-0.0009381892432429656,64
response_mean,17,3,8.699796580906129e-07,0.001707751070072429,0.001707751070072429,0.515625,-6.606574925172556e-05,6.780570856790677e-05,64
public_task_span,22,31,-7.772603566988753e-06,-0.001702788852808225,0.001702788852808225,0.5,-0.00013381466123973685,0.0001182694541057594,64
final_prompt,3,13,-1.674511650406798e-05,-0.0016910158106125007,0.0016910158106125007,0.5,0.0026597144629363447,-0.0026932046959444816,64
public_task_span,3,22,-8.970098861025042e-06,-0.001689565251446347,0.001689565251446347,0.5,-0.0009684157630545,0.00095047556533245,64
response_first,22,27,7.260692669316505e-08,0.0016887850549902712,0.0016887850549902712,0.5,-9.510529245912725e-06,9.655743099299055e-06,64
response_first,30,5,-1.6253832057901628e-07,-0.0016873409391639047,0.0016873409391639047,0.5,-2.650282006299532e-05,2.617774342183729e-05,64
response_first,6,1,6.641337677133454e-06,0.001686340488497181,0.001686340488497181,0.515625,0.001103532493289084,-0.0010902498179348168,64
public_task_span,10,22,-4.313751560400273e-07,-0.001684936375612193,0.001684936375612193,0.5,-7.077068130455927e-05,6.990793099247921e-05,64
public_task_span,0,29,6.605288945137614e-06,0.0016841757642825565,0.0016841757642825565,0.5,2.7912028599562442e-06,1.0419375030318876e-05,64
public_task_span,21,21,5.352787866371751e-07,0.0016806928243752702,0.0016806928243752702,0.5,-0.0001003660959213226,0.00010143665349459693,64
public_task_span,5,27,-1.7698429019218174e-05,-0.0016788283668031107,0.0016788283668031107,0.5,0.0030278130070655585,-0.0030632098651039957,64
response_first,18,13,-8.890287972517039e-07,-0.0016773617760617238,0.0016773617760617238,0.5,0.00031397868679047944,-0.00031575674438498284,64
final_prompt,7,24,-6.09160508702189e-08,-0.0016747959769293586,0.0016747959769293586,0.5,-3.437921805016231e-06,3.316089703275793e-06,64
response_mean,33,0,1.1556068102760988e-07,0.0016697312459280148,0.0016697312459280148,0.515625,-6.020617036023218e-06,6.251738398078435e-06,64
response_first,2,15,-5.002959369449948e-06,-0.001667820413721058,0.001667820413721058,0.5,7.982680835994069e-05,-8.983272709884057e-05,64
public_task_span,2,7,-5.485107749335718e-06,-0.0016655708113540192,0.0016655708113540192,0.5,0.0008096254841802992,-0.0008205956996789706,64
public_task_span,4,3,1.5279656508938888e-05,0.001660560016386526,0.001660560016386526,0.515625,0.001931781756866269,-0.0019012224438483914,64
response_mean,5,1,-1.0718553312470225e-05,-0.001659715913635932,0.001659715913635932,0.5,0.0016497085216542547,-0.0016711456282791951,64
response_first,18,26,-3.672087416324726e-07,-0.001654418866968554,0.001654418866968554,0.46875,-3.867106011056525e-05,3.7936642627300295e-05,64
public_task_span,9,23,-8.028666798002974e-07,-0.0016540550304722,0.0016540550304722,0.5,4.9566712732483424e-05,-5.117244609208403e-05,64
public_task_span,20,7,3.8073716268400487e-07,0.0016447585280155665,0.0016447585280155665,0.5,-7.836160182249865e-05,7.912307614786665e-05,64
public_task_span,28,24,-7.553381919926908e-08,-0.0016419493673801857,0.0016419493673801857,0.5,-3.5059474612363017e-06,3.3548798228377636e-06,64
public_task_span,24,1,-9.411360224408406e-08,-0.0016367368134747242,0.0016367368134747242,0.5,-1.153855447455393e-05,1.1350327270065762e-05,64
response_first,2,6,-2.044620259769432e-06,-0.0016276190657153638,0.0016276190657153638,0.484375,0.00035348391793377123,-0.00035757315845330996,64
response_first,1,7,3.141989282095854e-07,0.0016164115311827485,0.0016164115311827485,0.5,-2.5634670237195786e-05,2.6263068093614937e-05,64
final_prompt,2,19,1.4902710063322173e-05,0.0016127066849772826,0.0016127066849772826,0.5,0.002537800425670875,-0.0025079950055442316,64
final_prompt,22,26,1.7290852838427183e-07,0.0016123371833499532,0.0016123371833499532,0.53125,-1.738220737479441e-05,1.7728024431562947e-05,64
final_prompt,22,24,2.252650119742408e-07,0.0016117920990845682,0.0016117920990845682,0.484375,-1.8768383029057894e-05,1.9218913053006372e-05,64
response_mean,12,30,1.1135966673202213e-06,0.0016107283447636114,0.0016107283447636114,0.5,-5.388561999097497e-05,5.611281332561543e-05,64
final_prompt,10,1,-1.5257614904672637e-07,-0.00160831807739303,0.00160831807739303,0.5,2.596964873191359e-05,-2.627480103000705e-05,64
response_first,35,18,1.2904574759844248e-06,0.0016081393094648639,0.0016081393094648639,0.515625,-3.641318835434367e-05,3.8994103306312574e-05,64
response_first,7,27,7.864240814114964e-09,0.0016048629030451277,0.0016048629030451277,0.5,3.7610220005035444e-07,-3.603737184221245e-07,64
public_task_span,10,0,1.5275907117188068e-07,0.0015964807045386565,0.0015964807045386565,0.5,1.0272075087411716e-05,-9.966556945067953e-06,64
response_mean,8,8,4.108036932848336e-08,0.0015962427332025537,0.0015962427332025537,0.515625,-4.5476792251974985e-06,4.629839963854465e-06,64
final_prompt,7,11,6.81748701926453e-08,0.0015900492428244006,0.0015900492428244006,0.5,8.249217444241246e-06,-8.112867703855956e-06,64
response_first,11,12,2.0705692804727635e-06,0.0015897190074209801,0.0015897190074209801,0.46875,0.00013318680612428607,-0.00012904566756334054,64
response_first,32,21,2.3022067807687563e-08,0.0015844876310986164,0.0015844876310986164,0.484375,-2.5160192649309465e-06,2.5620634005463216e-06,64
response_mean,8,5,-1.156507877911629e-06,-0.0015824250801463084,0.0015824250801463084,0.515625,-2.356813070038047e-05,2.125511494455718e-05,64
response_mean,8,11,1.4280840332243942e-07,0.001579703573903087,0.001579703573903087,0.5,-9.767401252259046e-07,1.2623569318707877e-06,64
response_mean,2,2,1.0059206033474115e-05,0.001576832826172126,0.001576832826172126,0.5,0.0017698078736430032,-0.0017496894615760547,64
response_mean,3,6,-1.435715398657219e-05,-0.0015731195320977552,0.0015731195320977552,0.5,0.0019780077000177707,-0.002006722007990915,64
public_task_span,4,29,-2.83151439361886e-06,-0.0015626615589260805,0.0015626615589260805,0.5,-9.729934936331634e-05,9.163632057607881e-05,64
response_mean,13,18,-5.803809699524567e-07,-0.0015594441431654204,0.0015594441431654204,0.5,-6.554962965310657e-05,6.438886771320163e-05,64
final_prompt,35,23,1.99233727470944e-06,0.0015572647807073799,0.0015572647807073799,0.484375,-0.0004165491045569087,0.0004205337791063276,64
response_mean,10,13,-8.349902600406367e-07,-0.0015561016575328876,0.0015561016575328876,0.5,1.2585616786956242e-05,-1.4255597307037498e-05,64
response_mean,5,28,-2.151616598665098e-06,-0.001554585041215559,0.001554585041215559,0.5,0.0003711279900926453,-0.0003754312232899755,64
response_first,3,1,1.962871465370623e-06,0.0015544693004500216,0.0015544693004500216,0.5,0.0002874052224797131,-0.00028347947954897193,64
response_first,5,10,-2.073058607265639e-05,-0.0015541298999825215,0.0015541298999825215,0.5,0.0036110459658402747,-0.0036525071379855875,64
response_first,22,20,3.0472019716374396e-06,0.0015539445020587058,0.0015539445020587058,0.5,-0.0006948578629817375,0.0007009522669250125,64
response_mean,14,20,-1.6281819626002714e-07,-0.001553048638296701,0.001553048638296701,0.5,-2.2337226255332137e-06,1.9080862330131594e-06,64
final_prompt,7,27,2.2343613181874442e-08,0.001551802071191761,0.001551802071191761,0.5,9.231512763108185e-07,-8.784640499470698e-07,64
final_prompt,15,16,2.7226057852658202e-08,0.0015461624648533414,0.0015461624648533414,0.5,5.298826124544577e-07,-4.7543049674914105e-07,64
response_first,16,0,2.1908976322152153e-07,0.0015459281539199005,0.0015459281539199005,0.5,2.3870378754508165e-05,-2.3432199228065118e-05,64
response_first,15,9,-2.728739144364223e-09,-0.0015451050184920043,0.0015451050184920043,0.5,-4.748439607626942e-07,4.6938648247396575e-07,64
response_first,4,12,2.0998867853450282e-05,0.001539428817622021,0.001539428817622021,0.5,0.004115360427022078,-0.004073362691315179,64
response_mean,2,19,8.116161552612503e-06,0.0015328559517079486,0.0015328559517079486,0.5,0.0007545539046987064,-0.0007383215815934813,64
response_first,5,25,1.7668058262642955e-05,0.0015306926710216139,0.0015306926710216139,0.5,0.003309247410925287,-0.0032739112944000018,64
response_mean,25,16,3.192779018970221e-08,0.0015227438291824922,0.0015227438291824922,0.515625,-1.997937104646972e-06,2.061792685026376e-06,64
response_first,0,3,2.930761183958198e-06,0.0015224206195472466,0.0015224206195472466,0.5,0.000618891706835695,-0.0006130301844677786,64
response_mean,6,23,1.1775650818898964e-06,0.0015214302093571302,0.0015214302093571302,0.5,7.766551289024252e-05,-7.531038272646269e-05,64
final_prompt,4,15,1.6741813169571414e-05,0.0015211727257347383,0.0015211727257347383,0.5,0.0030779160915699382,-0.0030444324652307954,64
public_task_span,30,21,9.137652341493145e-07,0.001520570440691342,0.001520570440691342,0.5,-0.00020015485370093587,0.0002019823841692345,64
response_first,27,7,1.6592025531252283e-07,0.001519235098192308,0.001519235098192308,0.5,-4.638920177056752e-05,4.6721042281192574e-05,64
public_task_span,34,26,-7.599294349211864e-08,-0.0015168356237907862,0.0015168356237907862,0.484375,1.4202450984149279e-06,-1.572230985399166e-06,64
public_task_span,25,25,1.7290813048224224e-07,0.001514706691045592,0.001514706691045592,0.5,-2.4415702227986266e-05,2.4761518488950757e-05,64
response_first,20,24,1.2531975457363842e-08,0.001513187883700265,0.001513187883700265,0.5,-2.3669368687251335e-07,2.6175763778724104e-07,64
final_prompt,11,9,3.178435736828078e-09,0.001508174840858157,0.001508174840858157,0.5,-4.2086270823915584e-07,4.27219579712812e-07,64
public_task_span,5,17,8.275863592642138e-06,0.0015066320658016297,0.0015066320658016297,0.5,0.001396419516368047,-0.0013798677891827624,64
response_mean,13,6,-2.1680250483830254e-07,-0.0015011432813030877,0.0015011432813030877,0.5,3.0901736636215996e-05,-3.1335341645892604e-05,64
response_mean,7,20,2.9958130198836706e-07,0.0015005283785469825,0.0015005283785469825,0.515625,-7.740163209745352e-05,7.800079470143026e-05,64
response_first,6,18,-6.968906518525168e-06,-0.0014991177190360598,0.0014991177190360598,0.5,0.0010969549730361922,-0.0011108927860732428,64
public_task_span,3,28,1.1460873906802096e-05,0.0014949357226113416,0.0014949357226113416,0.5,0.0017231258138963384,-0.0017002040660827338,64
final_prompt,22,20,2.526717253201557e-06,0.0014939716059111374,0.0014939716059111374,0.5,-0.00043531077426450625,0.00044036420877090936,64
response_first,13,26,1.2342011359591475e-06,0.0014918796400730115,0.0014918796400730115,0.5,-4.1919801333275075e-05,4.4388203605193485e-05,64
response_first,7,10,-6.510762773226787e-08,-0.00149117114171338,0.00149117114171338,0.5,7.794321163599083e-06,-7.924536419063618e-06,64
final_prompt,5,10,-2.569717878486569e-05,-0.0014893600347968075,0.0014893600347968075,0.5,0.004787094691664606,-0.004838489049234338,64
response_first,14,5,-1.274278474738669e-06,-0.0014839357373796483,0.0014839357373796483,0.515625,-0.00021618460459648216,0.0002136360476470048,64
response_first,4,19,-1.7757772184262468e-05,-0.0014819361411208566,0.0014819361411208566,0.5,0.0027506902424647875,-0.0027862057868333124,64
response_first,24,21,-6.175612270437449e-07,-0.0014810879541654303,0.0014810879541654303,0.5,-0.0001391140758641906,0.00013787895341010311,64
response_first,5,21,-1.1575124176490376e-05,-0.001478838162179209,0.001478838162179209,0.5,0.0022442830015734026,-0.0022674332499263835,64
response_mean,5,15,-5.193025572226265e-06,-0.0014767678514636434,0.0014767678514636434,0.5,0.000629264628514654,-0.0006396506796591064,64
public_task_span,4,23,1.357627479592425e-05,0.001476199124906612,0.001476199124906612,0.5,0.001588598031958118,-0.0015614454823662698,64
response_first,15,4,3.6873474940080087e-08,0.0014745212270249378,0.0014745212270249378,0.515625,-5.9799680762750995e-06,6.05371502615526e-06,64
public_task_span,9,19,7.778588440032763e-09,0.0014712533793320732,0.0014712533793320732,0.515625,-1.8425119989728955e-06,1.858069175852961e-06,64
response_mean,14,3,-5.348558715921737e-07,-0.001469962338906547,0.001469962338906547,0.5,-1.0194424248781252e-05,9.124712505596887e-06,64
public_task_span,9,25,1.6855692592835866e-06,0.0014677991657312322,0.0014677991657312322,0.5,0.00025685312903079086,-0.00025348199051222374,64
final_prompt,1,18,-3.389914127216736e-07,-0.0014671172660733114,0.0014671172660733114,0.5,-6.62601883050224e-05,6.558220547957905e-05,64
public_task_span,4,22,-7.351445674431392e-06,-0.0014654870137750919,0.0014654870137750919,0.5,-0.002590712130768196,0.0025760092394193335,64
public_task_span,34,25,5.960180260493251e-08,0.0014648853191720653,0.0014648853191720653,0.5,6.003580779180533e-06,-5.884377173970667e-06,64
final_prompt,13,19,1.4697859285095882e-07,0.0014629296446825742,0.0014629296446825742,0.5,-5.479079419498367e-06,5.773036605200283e-06,64
response_first,9,23,-2.8075057230135037e-06,-0.0014516807304089843,0.0014516807304089843,0.5,-0.00032810886216339864,0.00032249385071737163,64
final_prompt,7,26,7.34742684471712e-08,0.001451564509481793,0.001451564509481793,0.5,-9.048771289599244e-06,9.195719826493587e-06,64
public_task_span,6,12,5.785926987301169e-06,0.00145077358614912,0.00145077358614912,0.515625,0.0012225203099660467,-0.0012109484559914448,64
response_mean,4,24,7.73977126300614e-06,0.0014385087319070352,0.0014385087319070352,0.5,0.001508770496002401,-0.0014932909534763894,64
response_mean,11,4,-1.047147861752707e-06,-0.0014382028327668177,0.0014382028327668177,0.5,0.00021157203855182144,-0.00021366633427532687,64
response_mean,4,5,-3.7824835317188136e-06,-0.0014321707572648988,0.0014321707572648988,0.5,0.0006806970336583788,-0.0006882620007218165,64
public_task_span,22,15,-3.3439537219192e-06,-0.0014282055058782762,0.0014282055058782762,0.5,-0.0012644209127756496,0.0012577330053318112,64
response_mean,21,14,7.779860879961049e-07,0.0014276542021007524,0.0014276542021007524,0.5,-2.7969369966736635e-05,2.9525342142728834e-05,64
response_mean,7,6,4.765503547300483e-08,0.0014259810420875036,0.0014259810420875036,0.5,-4.28100713633954e-06,4.376317207285549e-06,64
response_first,2,27,2.2437834559266246e-06,0.0014209992729052124,0.0014209992729052124,0.5,0.00014753764116904203,-0.0001430500742571888,64
final_prompt,11,21,-9.155064617458112e-08,-0.001420357833774208,0.001420357833774208,0.484375,-1.192414731576027e-05,1.1741046023411107e-05,64
response_mean,32,31,-4.601258751796938e-07,-0.0014139403267363021,0.0014139403267363021,0.5,1.9551855530137507e-05,-2.047210728049688e-05,64
response_mean,6,13,8.620388143755074e-06,0.0014116769017382018,0.0014116769017382018,0.5,0.0011344407594151634,-0.0011171999831276532,64
final_prompt,34,16,5.351248546502129e-07,0.0014027945104031273,0.0014027945104031273,0.5,-9.239635301126635e-05,9.346660272056679e-05,64
response_mean,10,4,2.564457645351612e-06,0.0014016284323662958,0.0014016284323662958,0.5,-1.6448635506092373e-05,2.1577550796795625e-05,64
response_mean,1,21,-9.453424354546923e-07,-0.0013993594475814168,0.0013993594475814168,0.5,0.00012352587145868747,-0.00012541655632959689,64
public_task_span,28,9,4.6407183163200805e-07,0.0013983827719690938,0.0013983827719690938,0.5,-8.730704803383058e-05,8.82351916970946e-05,64
final_prompt,0,7,-4.537811037152802e-06,-0.0013936323169410764,0.0013936323169410764,0.5,0.0009786185946722792,-0.0009876942167465848,64
response_first,29,28,1.0559645602370438e-08,0.0013934189430223254,0.0013934189430223254,0.5,-4.496004422094302e-07,4.7071973341417106e-07,64
public_task_span,22,12,5.693436833048725e-07,0.001387774491143701,0.001387774491143701,0.5,4.0196203372023736e-05,-3.905751600541399e-05,64
public_task_span,16,2,-3.8621374187576556e-07,-0.001385760101702307,0.001385760101702307,0.5,3.271344382937019e-05,-3.348587131312172e-05,64
response_first,6,24,-5.9843932831422746e-06,-0.001379978457912291,0.001379978457912291,0.5,0.0014237127870728532,-0.0014356815736391376,64
final_prompt,1,19,-3.813685225399939e-07,-0.0013797522587141217,0.0013797522587141217,0.5,-3.663298127776331e-05,3.587024423268331e-05,64
final_prompt,12,7,1.7625075088069888e-07,0.0013761641095439445,0.0013761641095439445,0.515625,-2.84937959804632e-05,2.8846297482224592e-05,64
response_first,33,3,-5.410531684936874e-07,-0.0013704223268770077,0.0013704223268770077,0.5,-9.40538247959902e-05,9.297171845900281e-05,64
public_task_span,29,17,1.9442045413587653e-06,0.0013654422245111698,0.0013654422245111698,0.484375,0.00015109191463124447,-0.00014720350554852703,64
response_mean,4,30,2.1435466806062433e-06,0.0013633856850177504,0.0013633856850177504,0.5,0.00045043557656754057,-0.00044614848320632814,64
response_mean,2,15,-4.3483778426890685e-06,-0.0013605299747054937,0.0013605299747054937,0.5,0.00023838542983867814,-0.0002470821855240562,64
response_mean,3,23,-8.64846879267188e-06,-0.0013603694195833563,0.0013603694195833563,0.5,0.0017034774828061901,-0.0017207744203915337,64
response_mean,1,30,-2.2993990569390905e-06,-0.0013600578804611387,0.0013600578804611387,0.5,-0.0008399581820412937,0.0008353593839274156,64
public_task_span,17,1,3.0550268093078157e-06,0.0013527463947445432,0.0013527463947445432,0.5,-0.0005369449854697437,0.0005430550390883594,64
response_mean,1,4,-1.1896008800591325e-07,-0.0013509835646048666,0.0013509835646048666,0.5,1.0281408094662825e-05,-1.0519328270674653e-05,64
final_prompt,12,19,-1.7167326404878993e-07,-0.0013509731351022724,0.0013509731351022724,0.5,-4.0710064126855744e-05,4.0366717598758165e-05,64
final_prompt,29,4,1.8865976016925663e-06,0.0013497111723519012,0.0013497111723519012,0.515625,-0.0008800883697403822,0.0008838615649437672,64
final_prompt,2,17,-1.8170494513494143e-06,-0.0013486602824308986,0.0013486602824308986,0.484375,0.00020051942010470002,-0.0002041535190073989,64
public_task_span,4,14,7.734190148768819e-06,0.0013483847355734236,0.0013483847355734236,0.5,0.0012750171772495532,-0.0012595487969520158,64
public_task_span,34,4,5.988320026519036e-07,0.0013458900181951823,0.0013458900181951823,0.5,-0.00015870536208238033,0.00015990302608768413,64
response_mean,2,7,8.088269396466243e-06,0.001345411168790855,0.001345411168790855,0.5,0.0016227775806783046,-0.001606601041885372,64
final_prompt,6,20,-1.2117619689924042e-06,-0.0013419177085166557,0.0013419177085166557,0.5,0.0002454322118410285,-0.0002478557357790133,64
public_task_span,5,11,-1.1370584616084405e-05,-0.0013417539309628506,0.0013417539309628506,0.5,0.002666511492861884,-0.002689252662094053,64
public_task_span,23,0,1.9613889890030876e-06,0.0013392441525361108,0.0013392441525361108,0.5,-0.0003708809572344562,0.00037480373521246247,64
final_prompt,16,29,-3.2646676118780943e-07,-0.00133577870399571,0.00133577870399571,0.515625,-1.0551365221546874e-05,9.898431699171249e-06,64
response_first,3,31,-1.8573633752794194e-05,-0.0013276057924813047,0.0013276057924813047,0.5,0.0038699138318634098,-0.003907061099368999,64
response_mean,4,0,-1.1694066415657506e-05,-0.0013273699790959568,0.0013273699790959568,0.5,0.0007872761343605969,-0.0008106642671919125,64
response_mean,31,11,1.4683355402626689e-06,0.001327060165903327,0.001327060165903327,0.515625,-0.0003963369890698108,0.0003992736601503361,64
final_prompt,7,19,2.70904507715386e-08,0.00132304648724001,0.00132304648724001,0.5,-1.5004859648115598e-06,1.554666866354637e-06,64
response_first,5,6,4.847605133307981e-06,0.0013176715053221449,0.0013176715053221449,0.5,0.0010084227974260758,-0.00099872758715946,64
response_mean,9,11,5.249184198424326e-07,0.0013150308737786855,0.0013150308737786855,0.5,-0.00017345656715404945,0.0001745064039937343,64
response_mean,25,2,3.0774842230130373e-08,0.0013118662559080422,0.0013118662559080422,0.5,-3.276530748053119e-06,3.3380804325133795e-06,64
response_first,10,20,7.403650670117612e-08,0.0013113503580102711,0.0013113503580102711,0.5,-3.349622375029751e-06,3.497695388432103e-06,64
final_prompt,17,8,-1.4478206367478173e-07,-0.0013103462708320465,0.0013103462708320465,0.5,-8.478986387670357e-06,8.189422260320794e-06,64
final_prompt,2,25,-4.349569280750099e-06,-0.0013082029959843328,0.0013082029959843328,0.5,0.0003928232836187905,-0.0004015224221802907,64
final_prompt,3,2,-2.082737410091036e-06,-0.0013021346157794573,0.0013021346157794573,0.5,0.00031843576653045006,-0.0003226012413506321,64
final_prompt,5,22,7.742571355608043e-06,0.0013012169210290627,0.0013012169210290627,0.5,0.0017260039989537234,-0.0017105188562425077,64
final_prompt,28,16,3.346048060882346e-07,0.0013006748384401512,0.0013006748384401512,0.546875,-0.00013073510649517188,0.00013140431610734834,64
response_mean,1,31,1.649363753133677e-06,0.0012981356721596092,0.0012981356721596092,0.5,-0.0002839388478150537,0.000287237575321321,64
public_task_span,5,20,5.054796019971885e-06,0.0012954152408187593,0.0012954152408187593,0.5,0.0006274501993175375,-0.0006173406072775938,64
final_prompt,3,30,-1.643772446868687e-05,-0.0012950934501650409,0.0012950934501650409,0.5,0.00354905653534843,-0.003581931984285803,64
final_prompt,31,17,1.2508286317834624e-07,0.0012879185823136204,0.0012879185823136204,0.515625,-3.640985562469399e-05,3.666002135105068e-05,64
post_selector,4,11,-1.3411099189401116e-05,-0.001287610878964273,0.001287610878964273,0.546875,0.0027314679609844444,-0.0027582901593632457,64
public_task_span,32,30,-1.5407374575999722e-07,-0.0012871323713532351,0.0012871323713532351,0.5,-2.5839223269477614e-05,2.5531075777957626e-05,64
response_mean,4,20,-1.045574117597317e-05,-0.0012871305370352468,0.0012871305370352468,0.5,0.0019596082565840403,-0.001980519738935986,64
public_task_span,6,28,5.567764219448516e-06,0.001286593701469273,0.001286593701469273,0.5,-2.8918309908478013e-05,4.00538383473751e-05,64
final_prompt,9,23,-2.738526916346018e-08,-0.0012853875518646083,0.0012853875518646083,0.5,1.0141098059079923e-05,-1.0195868597406843e-05,64
final_prompt,14,15,9.50789171818222e-08,0.001284623233047365,0.001284623233047365,0.5,1.8805117406370582e-05,-1.861495957200694e-05,64
response_mean,4,27,-6.677614805994381e-06,-0.0012831906299801156,0.0012831906299801156,0.5,0.0014939635094606265,-0.001507318739072615,64
public_task_span,24,21,5.217289071890632e-07,0.0012829830946293143,0.0012829830946293143,0.5,-0.00012870375030614998,0.00012974720812052812,64
public_task_span,10,1,-1.5248397175939558e-06,-0.0012768798485046642,0.0012768798485046642,0.5,0.00023699861412752144,-0.0002400482935627093,64
public_task_span,2,22,2.4981918613788373e-06,0.001274176469627573,0.001274176469627573,0.5,0.0007150138162614718,-0.000710017432538714,64
public_task_span,33,22,1.3598928489937524e-06,0.0012708120467300249,0.0012708120467300249,0.5,-0.0005725276205339343,0.0005752474062319219,64
response_first,4,26,-1.421688102709942e-05,-0.0012696507441831955,0.0012696507441831955,0.5,0.003089410036409392,-0.0031178437984635907,64
response_mean,0,19,2.091163196381377e-06,0.0012686560815390077,0.0012686560815390077,0.5,0.0006363090278682517,-0.0006321267014754889,64
final_prompt,5,17,-2.5787767299322863e-06,-0.0012657786865014908,0.0012657786865014908,0.5,0.0005664585160047834,-0.0005716160694646481,64
response_mean,2,16,-3.515768185024783e-06,-0.0012629165774078837,0.0012629165774078837,0.5,-0.00020330870756877462,0.00019627717119872506,64
final_prompt,6,30,-3.975827894468748e-06,-0.001262846275842751,0.001262846275842751,0.5,0.00023547752425655318,-0.00024342918004549073,64
response_first,35,24,3.348807240366053e-07,0.0012622643735568158,0.0012622643735568158,0.515625,-6.500997460534655e-05,6.567973605341976e-05,64
response_mean,16,14,-1.1537940736081822e-06,-0.0012585938348014154,0.0012585938348014154,0.515625,-0.00023713393238720035,0.00023482634423998406,64
response_mean,5,31,1.1247478141741731e-05,0.0012564238136125877,0.0012564238136125877,0.515625,0.0019168857361364791,-0.0018943907798529961,64
response_first,7,19,1.0782136428305474e-07,0.001255168697012189,0.001255168697012189,0.5,-5.8396192912359204e-06,6.0552620198020265e-06,64
response_first,7,7,1.1315220760366174e-08,0.0012546367019687008,0.0012546367019687008,0.5,6.015896349964578e-07,-5.789591934757254e-07,64
response_first,4,5,4.556383146336667e-06,0.0012530531484348532,0.0012530531484348532,0.5,0.0009928825284078024,-0.000983769762115129,64
response_mean,3,27,1.1928151707248677e-05,0.001249542983000629,0.001249542983000629,0.5,0.002408353644568713,-0.0023844973411542157,64
response_mean,9,29,1.8878569107929244e-06,0.0012482412487530685,0.0012482412487530685,0.5,-6.096803190306152e-06,9.872517011891987e-06,64
final_prompt,28,18,5.716750592912034e-07,0.001246456996894841,0.001246456996894841,0.515625,-0.00017124709870584932,0.00017239044882443172,64
public_task_span,8,10,1.305402292942046e-07,0.0012463735553702993,0.0012463735553702993,0.484375,-1.4565113588095776e-05,1.4826194046684183e-05,64
final_prompt,2,4,-1.061877492248588e-05,-0.0012436030416347124,0.0012436030416347124,0.5,0.002491336683306109,-0.002512574233151081,64
public_task_span,2,2,8.21896537672994e-06,0.0012434844511291555,0.0012434844511291555,0.5,0.0007001905105426061,-0.0006837525797891467,64
response_first,1,24,2.636308636281266e-06,0.0012414553559466533,0.0012414553559466533,0.5,7.99354456830656e-05,-7.466282841050314e-05,64
response_mean,32,13,3.8627092635579386e-08,0.001234139357847836,0.001234139357847836,0.5,4.348465182602013e-06,-4.271210997330854e-06,64
public_task_span,2,4,-6.924458375586162e-07,-0.0012300745743895707,0.0012300745743895707,0.5,0.00012798712759832083,-0.00012937201927343806,64
response_mean,8,7,3.7479221646234472e-06,0.001226491767889305,0.001226491767889305,0.5,0.0013851215408067124,-0.0013776256964774657,64
public_task_span,28,29,-7.569769877562392e-08,-0.0012156836739138535,0.0012156836739138535,0.5,1.908647163869049e-06,-2.0600425614202964e-06,64
response_first,32,7,9.29830093809327e-07,0.0012114619391393362,0.0012114619391393362,0.53125,-0.000442350957428028,0.0004442106176156467,64
response_mean,3,24,-1.0095771358464628e-05,-0.0012106419076057342,0.0012106419076057342,0.5,0.0022837715432615386,-0.002303963085978468,64
final_prompt,12,8,-1.213866767122401e-07,-0.0012077436275573805,0.0012077436275573805,0.5,-6.485975518447349e-06,6.243202165022871e-06,64
public_task_span,34,20,-3.1246699449618543e-08,-0.0011938213314363975,0.0011938213314363975,0.5,-4.038839762189346e-06,3.976346363290109e-06,64
response_mean,7,31,-6.169341304432031e-07,-0.001191985181593683,0.001191985181593683,0.5,-3.281265662735821e-05,3.157878836647184e-05,64
response_first,4,20,-1.1280234502916014e-05,-0.001191215582077742,0.001191215582077742,0.5,0.002516420270694656,-0.002538980739700488,64
response_first,17,10,-4.880248525292272e-07,-0.0011908506130734887,0.0011908506130734887,0.5,-2.3630514988324265e-05,2.265446528326583e-05,64
final_prompt,3,18,-9.678107744546627e-06,-0.0011853601861182954,0.0011853601861182954,0.5,0.001653877878197828,-0.0016732340936869217,64
final_prompt,0,20,-2.856966602846891e-06,-0.0011815765625377982,0.0011815765625377982,0.5,-0.00028497729363152497,0.00027926336042583124,64
response_mean,5,12,-5.460513420988008e-06,-0.0011806521090049892,0.0011806521090049892,0.484375,0.0007802280524629231,-0.0007911490793048993,64
response_mean,5,16,7.428980211444968e-06,0.0011799490729380829,0.0011799490729380829,0.5,0.0017865062377495733,-0.0017716482773266831,64
final_prompt,7,28,1.540241356678962e-08,0.0011793525324944503,0.0011793525324944503,0.5,2.525589238189241e-06,-2.4947844110556616e-06,64
response_mean,3,5,9.649918666810513e-06,0.0011771498729379482,0.0011771498729379482,0.5,0.002218739691556947,-0.002199439854223326,64
response_mean,9,12,-1.470718416380765e-06,-0.001173464727440788,0.001173464727440788,0.5,-0.00017656680120124886,0.00017362536436848732,64
public_task_span,32,26,-1.1073052519346925e-07,-0.0011725423944306302,0.0011725423944306302,0.5,2.2161486413090013e-05,-2.2382947463476954e-05,64
response_first,6,20,-7.177975703595856e-06,-0.001172443603883482,0.001172443603883482,0.5,0.0015186039486252438,-0.0015329599000324348,64
response_first,17,16,-3.1972897573324535e-07,-0.0011711181580524256,0.0011711181580524256,0.484375,5.772154857197346e-05,-5.8361006523439957e-05,64
response_mean,5,4,2.458557560202512e-06,0.0011693080013718304,0.0011693080013718304,0.5,0.0005332931465318294,-0.0005283760314114243,64
response_first,5,11,-1.6331733149863373e-05,-0.0011669879653284701,0.0011669879653284701,0.5,0.003933419345230505,-0.003966082811530233,64
public_task_span,31,27,-7.294551096508212e-08,-0.0011659490645181505,0.0011659490645181505,0.5,-2.135944777137255e-05,2.1213556749442388e-05,64
public_task_span,26,4,-1.7875731828047575e-07,-0.001164139750638416,0.001164139750638416,0.5,-6.002364534650578e-05,5.966613070994483e-05,64
response_first,8,29,2.450271267661361e-06,0.0011636055145011776,0.0011636055145011776,0.515625,-1.6347245491494237e-05,2.124778802681704e-05,64
response_mean,1,1,-2.3772809072387146e-06,-0.0011546328326728405,0.0011546328326728405,0.5,0.00010534660032135719,-0.00011010116213583477,64
response_first,6,9,-1.1085485311905795e-06,-0.001154524965179991,0.001154524965179991,0.5,-0.0003563250302249675,0.00035410793316258625,64
public_task_span,10,10,-4.918292688665028e-07,-0.0011543573799277387,0.0011543573799277387,0.5,2.3476968635807025e-05,-2.4460627173540037e-05,64
response_mean,3,28,8.93620153874584e-06,0.0011540042307290643,0.0011540042307290643,0.5,0.00209481101416032,-0.0020769386110828284,64
response_mean,2,0,-5.604410034725014e-06,-0.0011535017792418032,0.0011535017792418032,0.5,0.0006256744927668531,-0.0006368833128363031,64
response_mean,13,30,7.769291698782533e-08,0.0011534330775145787,0.0011534330775145787,0.5,-1.6071617380931703e-05,1.6227003214907353e-05,64
final_prompt,10,18,-4.550946641681354e-08,-0.001152250277475711,0.001152250277475711,0.5,-1.181187394649707e-05,1.1720855013663443e-05,64
final_prompt,3,0,-1.7673955881060535e-06,-0.001143180400304613,0.001143180400304613,0.5,-2.6828231057156272e-05,2.3293439880944165e-05,64
public_task_span,2,27,-3.0033625080266738e-06,-0.0011388546340285628,0.0011388546340285628,0.5,0.00016837056318763432,-0.00017437728820368756,64
response_mean,30,28,2.7064956497551875e-08,0.0011371148670485903,0.0011371148670485903,0.515625,-7.331623834259635e-06,7.385753747254739e-06,64
final_prompt,2,28,-5.087528876404016e-06,-0.0011368922079771774,0.0011368922079771774,0.5,0.0011528154317943483,-0.001162990489547156,64
final_prompt,34,5,-2.0140432752668803e-05,-0.0011362241310381984,0.0011362241310381984,0.5,-0.0023880002554505994,0.0023477193899452626,64
post_selector,30,18,6.106024557091223e-07,0.0011360019903578376,0.0011360019903578376,0.4375,-0.00016314547610816788,0.0001643666810195861,64
response_first,17,15,7.192519646507067e-08,0.0011221690867292819,0.0011221690867292819,0.5,-1.0437812711925906e-05,1.0581663104856048e-05,64
final_prompt,3,1,-5.192294338485931e-06,-0.0011203630521338947,0.0011203630521338947,0.5,0.0008297933673020467,-0.0008401779559790189,64
response_first,3,23,-6.0706615840821695e-06,-0.0011184649324138343,0.0011184649324138343,0.5,0.00116805775360263,-0.0011801990767707944,64
response_mean,0,28,2.4089431462925452e-06,0.0011165721624538806,0.0011165721624538806,0.5,0.0011431964612711285,-0.0011383785749785433,64
public_task_span,18,22,1.8206383174397371e-06,0.0011155794848786054,0.0011155794848786054,0.5,-0.0003074353571719143,0.00031107663380679375,64
response_first,16,17,6.338855485062255e-08,0.0011101258658873668,0.0011101258658873668,0.484375,5.634343608566166e-06,-5.5075664988649196e-06,64
public_task_span,31,10,-3.5636549000735696e-07,-0.0011095329703852,0.0011095329703852,0.5,8.195713235170386e-06,-8.908444215185113e-06,64
final_prompt,6,4,7.76301021687654e-06,0.0011062333526050392,0.0011062333526050392,0.5,0.0007262812141561907,-0.0007107551937224377,64
public_task_span,4,7,1.8033017113344143e-05,0.0011054290194452805,0.0011054290194452805,0.5,0.004360567329740685,-0.0043245012955139975,64
response_mean,0,15,-8.993836217953199e-07,-0.0011033840417710877,0.0011033840417710877,0.5,-0.0002553858162173031,0.00025358704897371245,64
response_mean,8,15,1.8176433514417645e-07,0.0011005960260428882,0.0011005960260428882,0.5,4.8679910378267474e-05,-4.831638170797912e-05,64
public_task_span,3,8,1.3644661521538875e-05,0.001098275752685587,0.001098275752685587,0.5,0.00013923953520133723,-0.00011195021215825937,64
public_task_span,29,18,1.868872914248078e-07,0.0010933909725173423,0.0010933909725173423,0.515625,-6.961714279893672e-05,6.999091738178634e-05,64
public_task_span,3,21,-1.1209900549146844e-05,-0.0010923949726821206,0.0010923949726821206,0.5,-0.0025190379819832625,0.002496618180884969,64
final_prompt,9,24,5.1959361258013285e-09,0.0010876671768915332,0.0010876671768915332,0.484375,-7.632374590116342e-07,7.73629331263237e-07,64
response_mean,8,10,-6.541675645621581e-09,-0.0010837633018990686,0.0010837633018990686,0.5,-1.9369201709196204e-06,1.9238368196283773e-06,64
public_task_span,7,28,2.7732454555007174e-08,0.0010813861865334663,0.0010813861865334663,0.5,3.4873945651270333e-06,-3.4319296560170187e-06,64
final_prompt,0,1,-4.81577808386882e-06,-0.0010766651786810932,0.0010766651786810932,0.5,0.000894096861884456,-0.0009037284180521937,64
final_prompt,6,16,2.666987711565387e-06,0.0010766106545482793,0.0010766106545482793,0.484375,4.124244151172422e-05,-3.590846608859347e-05,64
final_prompt,4,26,1.118128739108085e-05,0.001059759968779384,0.001059759968779384,0.5,0.0028854203601440687,-0.002863057785361907,64
public_task_span,4,5,-6.020443379381305e-06,-0.0010595762375640184,0.0010595762375640184,0.5,0.0014340504931169657,-0.0014460913798757281,64
post_selector,6,9,1.439939296692107e-06,0.0010588242986254658,0.0010588242986254658,0.5,0.0002894773742809719,-0.0002865974956875876,64
response_mean,6,25,3.1610543374033977e-06,0.0010579068047061517,0.0010579068047061517,0.5,0.0009170064495265106,-0.0009106843408517038,64
response_mean,3,30,-9.89784979310343e-06,-0.0010565803959057692,0.0010565803959057692,0.515625,0.0026527158780709215,-0.0026725115776571285,64
public_task_span,3,13,9.38700031838369e-06,0.0010559411144465747,0.0010559411144465747,0.5,0.002661874255863936,-0.0026431002552271686,64
response_mean,35,28,8.217521099140664e-07,0.0010494836704436187,0.0010494836704436187,0.5,-1.8441474821881258e-05,2.0084979041709384e-05,64
response_mean,4,23,-6.3745387706161914e-06,-0.0010481019535134117,0.0010481019535134117,0.5,0.0015760263422635113,-0.0015887754198047437,64
response_first,27,27,-1.3304605772588726e-07,-0.0010477730747071366,0.0010477730747071366,0.5,-5.2011037610090024e-05,5.174494549463824e-05,64
public_task_span,29,12,-1.0911438153184596e-07,-0.0010405905084362429,0.0010405905084362429,0.5,-5.482407613043326e-05,5.4605847367369573e-05,64
response_mean,6,14,8.06377647677816e-06,0.0010367680101843137,0.0010367680101843137,0.5,0.0015962241741363063,-0.00158009662118275,64
public_task_span,22,17,5.276142474054047e-07,0.0010330517197997611,0.0010330517197997611,0.5,-0.000268924070951444,0.00026997929944625485,64
response_mean,6,15,3.3799451557538153e-06,0.0010306200074633504,0.0010306200074633504,0.5,0.0006657992944383434,-0.0006590394041268359,64
public_task_span,32,28,-1.023496452069194e-07,-0.0010168909533598274,0.0010168909533598274,0.5,-3.086829832454714e-05,3.06635990341333e-05,64
public_task_span,28,5,8.077704478592321e-07,0.0010159125543435566,0.0010159125543435566,0.5,-0.00025495534646323957,0.00025657088735895803,64
response_first,3,26,-5.18336764798456e-06,-0.0010139609384454094,0.0010139609384454094,0.5,0.001879751700471362,-0.001890118435767331,64
response_mean,14,11,1.079798494173015e-06,0.0010086254313649056,0.0010086254313649056,0.5,-0.00023924156448629246,0.00024140116147463843,64
final_prompt,8,27,2.4091991690601813e-07,0.001007250511908736,0.001007250511908736,0.5,-4.112781971342443e-05,4.1609659547236474e-05,64
public_task_span,14,16,-1.1139513844719503e-06,-0.001006401887989484,0.001006401887989484,0.5,-0.0004114524995202278,0.00040922459675128383,64
public_task_span,32,21,2.7932355806014795e-07,0.0010043970987751445,0.0010043970987751445,0.5,-0.00017343466788585532,0.00017399331500197562,64
public_task_span,2,20,2.6254047043011274e-06,0.0010042632341675198,0.0010042632341675198,0.5,0.0008612008314230412,-0.000855950022014439,64
response_mean,13,9,-5.508802587385198e-07,-0.001001775216414567,0.001001775216414567,0.484375,-7.919133668109451e-05,7.808957616361747e-05,64
response_first,5,1,-8.393609277839863e-06,-0.000998529634019686,0.000998529634019686,0.5,0.0021308614986992507,-0.0021476487172549306,64
response_mean,6,28,-2.933405994554972e-06,-0.0009976345177438559,0.0009976345177438559,0.5,0.00038123024478408345,-0.00038709705677319334,64
final_prompt,10,17,-4.506838990782725e-08,-0.0009975083440146835,0.0009975083440146835,0.5,2.5500476169778994e-05,-2.559061294959465e-05,64
public_task_span,5,9,4.416771844262528e-06,0.000992992834941042,0.000992992834941042,0.5,0.0003428977215662562,-0.0003340641778777311,64
response_mean,5,11,-1.2199066077302981e-05,-0.000992138593755903,0.000992138593755903,0.5,0.0033985028094321,-0.0034229009415867066,64
public_task_span,3,27,-6.184135600056039e-06,-0.0009920438113155561,0.0009920438113155561,0.5,0.001247575598426927,-0.0012599438696270391,64
response_mean,6,20,-2.057852725557643e-06,-0.0009916683245042774,0.0009916683245042774,0.5,0.0004829007684747976,-0.0004870164739259128,64
response_mean,4,19,-1.1042217920475021e-05,-0.0009889329542743653,0.0009889329542743653,0.5,0.0027302405824230092,-0.002752325018263959,64
response_first,8,3,3.2537718652574777e-07,0.0009878376480875056,0.0009878376480875056,0.5,-0.0001096965847864194,0.00011034733915947089,64
final_prompt,3,24,6.213470896911447e-06,0.0009876787967469764,0.0009876787967469764,0.5,0.0013616615842693097,-0.0013492346424754866,64
response_first,4,4,1.0893079888778256e-05,0.000985930998627897,0.000985930998627897,0.5,0.0004426846790011028,-0.00042089851922354703,64
response_first,6,6,1.0217134331466497e-05,0.0009854765071598925,0.0009854765071598925,0.5,0.0025148571039608283,-0.002494422835297895,64
response_first,7,8,2.11329620469769e-08,0.000982683955794466,0.000982683955794466,0.5,3.203075479518702e-06,-3.1608095554247484e-06,64
response_mean,32,20,-1.533193483282947e-08,-0.0009783115593109538,0.0009783115593109538,0.5,-1.0816472695296397e-06,1.0509833998639806e-06,64
response_mean,6,3,-1.8859745978258634e-06,-0.0009767264227621179,0.0009767264227621179,0.5,0.0002200370954597117,-0.0002238090446553634,64
response_mean,4,4,4.994248229196936e-06,0.0009742347557286721,0.0009742347557286721,0.515625,0.0001922697811096377,-0.00018228128465124375,64
final_prompt,16,28,-1.2908486723805566e-07,-0.0009731718361676089,0.0009731718361676089,0.5,1.4290312492448354e-05,-1.4548482226924472e-05,64
final_prompt,5,11,-1.305140904150708e-05,-0.0009670955529242065,0.0009670955529242065,0.515625,0.003897522998158813,-0.0039236258162418285,64
final_prompt,6,11,-4.59556940768911e-06,-0.0009658110034510677,0.0009658110034510677,0.5,-0.0011601216392591626,0.0011509305004437844,64
final_prompt,3,28,1.0868760540455055e-06,0.0009640188298227739,0.0009640188298227739,0.515625,0.00026461105307618005,-0.000262437300968089,64
response_mean,7,30,4.918206286643999e-08,0.0009587207766606811,0.0009587207766606811,0.484375,-8.89390165072562e-07,9.87754290805442e-07,64
final_prompt,1,22,-5.638709410602098e-08,-0.0009562301227750244,0.0009562301227750244,0.5,6.939404585179311e-06,-7.052178773391354e-06,64
response_first,1,31,-1.5285661447276996e-07,-0.0009546779730488549,0.0009546779730488549,0.484375,-5.6421449130528837e-05,5.611573590158329e-05,64
response_first,14,27,-4.7444302708783517e-07,-0.000950977787742711,0.000950977787742711,0.46875,2.1617954530481844e-05,-2.256684058465753e-05,64
public_task_span,3,25,-3.809412646653843e-06,-0.0009422394467560173,0.0009422394467560173,0.5,0.0012227485749462985,-0.0012303674002396062,64
response_mean,1,23,1.4733923308062746e-06,0.0009388276761942759,0.0009388276761942759,0.484375,0.0005645224227919039,-0.0005615756381302914,64
response_mean,5,21,-9.067522910304222e-06,-0.0009382955261423296,0.0009382955261423296,0.5,0.002737891645665499,-0.002756026691486107,64
response_first,4,13,-1.3066934116073717e-05,-0.0009370570301045926,0.0009370570301045926,0.5,0.004069649648044998,-0.004095783516277145,64
public_task_span,1,14,-2.0659081201286167e-06,-0.000936448268951158,0.000936448268951158,0.5,-0.00035122433109791495,0.0003470925148576577,64
final_prompt,2,1,2.528646291467758e-06,0.0009337491078720169,0.0009337491078720169,0.5,0.0009449314329685727,-0.0009398741403856369,64
response_mean,11,26,-1.1173350458221508e-06,-0.0009316892079269659,0.0009316892079269659,0.5,-0.00041645170085757193,0.00041421703076592766,64
response_first,2,13,4.389123205321855e-06,0.0009314397442509178,0.0009314397442509178,0.5,0.0002131289729731999,-0.00020435072656255633,64
response_first,5,15,2.159988071072746e-06,0.0009228624916444613,0.0009228624916444613,0.5,-0.000362543316441579,0.0003668632925837246,64
response_mean,3,25,1.0576762178967497e-05,0.0009220648190158338,0.0009220648190158338,0.5,0.00326637116177151,-0.003245217637413575,64
response_mean,13,5,-4.200962848677887e-07,-0.0009217741049492727,0.0009217741049492727,0.5,1.343696794726648e-06,-2.1838893644621915e-06,64
response_first,8,0,-1.8556238501276593e-06,-0.0009215231492240941,0.0009215231492240941,0.5,-6.770289837732881e-05,6.399165067707342e-05,64
final_prompt,4,11,-1.0600071846055513e-05,-0.0009130250296641225,0.0009130250296641225,0.5,0.0028210120640324117,-0.0028422122077245227,64
final_prompt,18,21,-4.794075039213743e-07,-0.0009129143679729625,0.0009129143679729625,0.515625,5.767988295700213e-05,-5.8638697964844846e-05,64
response_mean,1,2,2.363853127456718e-06,0.000912415206509197,0.000912415206509197,0.5,0.00014018525689606993,-0.00013545755064115652,64
final_prompt,14,0,6.959615106439018e-09,0.0009090980472984022,0.0009090980472984022,0.5,1.705168646282119e-07,-1.5659763441533414e-07,64
response_mean,5,14,2.9307047952926036e-06,0.0009078422960241409,0.0009078422960241409,0.5,-0.00039800499507690155,0.00040386640466748687,64
response_mean,4,12,7.5297423336451175e-06,0.0009065856661561815,0.0009065856661561815,0.5,0.0023682099304096417,-0.0023531504457423515,64
public_task_span,15,28,6.957981213604469e-08,0.0009011514812327458,0.0009011514812327458,0.5,1.650727597279111e-06,-1.5115679730070226e-06,64
response_first,11,26,-1.8274798207738975e-07,-0.0009008053099382474,0.0009008053099382474,0.5,-3.9953692350987314e-05,3.958819638683254e-05,64
final_prompt,2,16,6.571987796633581e-06,0.0008999643676149403,0.0008999643676149403,0.5,0.0018344368636462774,-0.0018212928880530104,64
final_prompt,5,1,4.919640559816925e-06,0.0008990080463029052,0.0008990080463029052,0.5,0.001322111887930081,-0.0013122726068104471,64
final_prompt,17,7,-3.1516799481010624e-07,-0.0008954666493544456,0.0008954666493544456,0.5,3.566881332352909e-07,-9.870241228555e-07,64
response_mean,5,18,-5.016974682800664e-06,-0.000890443819563075,0.000890443819563075,0.5,0.0015940592211336404,-0.0016040931704992415,64
public_task_span,4,13,5.470319592857536e-06,0.0008813487901313682,0.0008813487901313682,0.5,0.0016039805159380307,-0.0015930398767523154,64
response_first,3,30,1.0047583657523795e-05,0.0008795751355211003,0.0008795751355211003,0.5,0.003329873083885099,-0.003309777916570051,64
response_first,5,17,7.376598318844602e-07,0.0008794454393433993,0.0008794454393433993,0.515625,0.00020247177496912562,-0.00020099645530535673,64
response_first,14,23,2.652981493148299e-06,0.0008756645313775978,0.0008756645313775978,0.5,-0.00016600465278317027,0.00017131061576946695,64
final_prompt,4,7,1.506394813333145e-05,0.000868322961880041,0.000868322961880041,0.5,0.004901022039696555,-0.004870894143429892,64
final_prompt,13,22,-8.099814152728868e-09,-0.0008671792690788596,0.0008671792690788596,0.5,-4.4170155888423324e-07,4.255019305787755e-07,64
final_prompt,10,25,-2.4234637407718024e-08,-0.0008650052534223958,0.0008650052534223958,0.5,6.102142862093546e-07,-6.586835610247911e-07,64
response_mean,10,24,2.328637492608163e-06,0.0008630473134460709,0.0008630473134460709,0.5,0.0004026940546282278,-0.0003980367796430115,64
final_prompt,14,27,1.9661651862179497e-08,0.0008603977471349987,0.0008603977471349987,0.5,-6.880930962793741e-06,6.9202542665181e-06,64
final_prompt,2,11,-1.2620496363524851e-06,-0.0008589376381786496,0.0008589376381786496,0.5,0.0001649198206905713,-0.00016744391996327616,64
response_mean,1,7,-4.0111171983471975e-07,-0.0008581017445229016,0.0008581017445229016,0.5,1.6826485079939362e-05,-1.7628708519608775e-05,64
final_prompt,1,8,-1.2832115316976022e-06,-0.0008574561105536561,0.0008574561105536561,0.5,0.0005616031739918838,-0.0005641695970552789,64
final_prompt,12,21,3.3761875784358057e-07,0.000849831283703956,0.000849831283703956,0.5,-0.00012434030668372563,0.00012501554419941277,64
response_first,4,15,-8.880859240887598e-06,-0.0008488793006655715,0.0008488793006655715,0.484375,0.0030075052445681684,-0.003025266963049944,64
response_first,3,25,1.2485803154052176e-05,0.0008481603906788757,0.0008481603906788757,0.5,0.003979375422431994,-0.003954403816123889,64
response_mean,4,1,1.117302372221924e-05,0.0008477874592414033,0.0008477874592414033,0.515625,0.003068955552407714,-0.003046609504963276,64
response_mean,1,22,2.2779167920828345e-06,0.0008457540820976887,0.0008457540820976887,0.5,0.00031930438126435615,-0.00031474854768019037,64
public_task_span,19,5,-1.3553435564984929e-06,-0.0008440785752827281,0.0008440785752827281,0.5,6.357628444674685e-05,-6.628697155974372e-05,64
final_prompt,4,24,7.04881176716353e-06,0.000841724703695988,0.000841724703695988,0.5,0.002371470012803908,-0.002357372389269581,64
response_mean,6,29,2.443027369732298e-06,0.0008349465407740952,0.0008349465407740952,0.5,0.00024076595946099724,-0.0002358799047215327,64
response_mean,3,29,4.844307795790208e-06,0.0008346671588996378,0.0008346671588996378,0.484375,0.001708159287318249,-0.0016984706717266683,64
response_first,0,17,7.812486728625427e-07,0.0008260192820239525,0.0008260192820239525,0.5,0.0004934158087053008,-0.0004918533113595757,64
public_task_span,26,20,2.3784741643214914e-07,0.0008241337295452451,0.0008241337295452451,0.515625,-3.905514279267146e-05,3.953083762553577e-05,64
response_first,1,30,-9.900841178007129e-07,-0.000822224140384503,0.000822224140384503,0.5,-0.00028563661908265285,0.0002836564508470514,64
final_prompt,5,28,-5.789067941464271e-06,-0.0008208668210624415,0.0008208668210624415,0.5,0.0020048722490173493,-0.0020164503849002782,64
response_mean,8,17,6.924914259801712e-06,0.0008207908843756936,0.0008207908843756936,0.5,0.0026097744821527028,-0.0025959246536330994,64
public_task_span,30,2,3.2890420697691925e-07,0.0008180577478866719,0.0008180577478866719,0.515625,-0.00017150156872957465,0.00017215937714352847,64
public_task_span,27,1,-3.012382876477204e-08,-0.0008164266333155298,0.0008164266333155298,0.515625,-7.536697694376926e-06,7.476450036847382e-06,64
final_prompt,17,13,-3.119448166438639e-08,-0.0008152467858661664,0.0008152467858661664,0.515625,-8.167536748258024e-06,8.10514778492925e-06,64
final_prompt,13,21,8.046673327655251e-10,0.000812541267586496,0.000812541267586496,0.5,1.0270688033386932e-07,-1.0109754566833827e-07,64
response_mean,11,11,8.412939678219418e-07,0.0008113388478370435,0.0008113388478370435,0.5,3.4420528208996235e-05,-3.2737940273352365e-05,64
final_prompt,0,4,-1.9614890334188664e-06,-0.0008110821894788592,0.0008110821894788592,0.5,0.0011553899239515669,-0.0011593129020184046,64
response_first,17,20,1.4522994362664576e-08,0.0008106247841665997,0.0008106247841665997,0.5,-4.05807288572646e-06,4.0871188744517895e-06,64
response_mean,17,4,-2.731966333154986e-06,-0.0008085444952586211,0.0008085444952586211,0.515625,0.0005932573415066198,-0.0005987212741729297,64
response_first,4,14,-8.15793282527206e-06,-0.0008049020633600965,0.0008049020633600965,0.5,0.002468418635544381,-0.0024847345011949247,64
public_task_span,34,6,-3.63523895432312e-07,-0.0007994238528430274,0.0007994238528430274,0.5,-0.00012339122577031432,0.00012266417797944968,64
response_first,20,20,-1.0507299919027097e-08,-0.0007980453367257396,0.0007980453367257396,0.5,-4.4766101297000205e-06,4.4555955298619665e-06,64
final_prompt,8,13,9.390873856340502e-08,0.0007920815518712248,0.0007920815518712248,0.5,-6.420705631170234e-06,6.608523108297044e-06,64
response_first,11,9,-4.6230182794028255e-08,-0.0007905694748212476,0.0007905694748212476,0.5,-1.3431818016939038e-05,1.3339357651350981e-05,64
response_first,25,3,3.920291646863916e-09,0.000784993513293202,0.000784993513293202,0.484375,-1.6517608294464026e-06,1.6596014127401304e-06,64
response_mean,34,11,1.675329031058947e-08,0.0007808153005991037,0.0007808153005991037,0.5,-4.687437581196718e-06,4.720944161817897e-06,64
response_first,8,21,2.2385805209523824e-08,0.0007762975263283151,0.0007762975263283151,0.5,-8.627686952422664e-06,8.672458562841712e-06,64
response_mean,0,5,1.2358286767296506e-06,0.0007745577545997498,0.0007745577545997498,0.5,0.0007877097159507563,-0.0007852380585972969,64
response_mean,8,29,1.995687171072781e-06,0.0007730766962967778,0.0007730766962967778,0.515625,0.00064653064009689,-0.0006425392657547441,64
public_task_span,29,16,-1.8128685042079052e-07,-0.0007706518501911434,0.0007706518501911434,0.5,-9.374390720039631e-05,9.338133349955473e-05,64
public_task_span,4,2,-9.879937351797274e-06,-0.0007679611963872512,0.0007679611963872512,0.5,0.002887085145630412,-0.002906845020334006,64
response_mean,6,26,1.279820935446384e-06,0.0007662433020022176,0.0007662433020022176,0.5,0.0003814242518274032,-0.00037886460995651056,64
response_mean,14,23,-1.2839818737078084e-06,-0.0007656330736548881,0.0007656330736548881,0.5,-8.250057999248755e-05,7.993261624507188e-05,64
response_mean,10,30,2.526619482532948e-07,0.000758473300005362,0.000758473300005362,0.515625,8.195704856461233e-05,-8.145172466810575e-05,64
response_mean,17,5,-7.43921191316505e-07,-0.0007551489401225742,0.0007551489401225742,0.5,-0.00022036991322238396,0.00021888207083975094,64
response_first,32,19,-4.5496847176291195e-08,-0.0007530844877847883,0.0007530844877847883,0.5,-1.1606182397369607e-05,1.1515188703017026e-05,64
response_mean,26,11,1.0839094954917528e-08,0.0007519874937380469,0.0007519874937380469,0.5,-1.986905132866923e-06,2.008583322776758e-06,64
response_mean,11,14,1.2515531579985784e-06,0.0007518822611398265,0.0007518822611398265,0.5,-0.000295871147500284,0.00029837425381628116,64
final_prompt,35,0,7.915004971437326e-07,0.0007517882095807795,0.0007517882095807795,0.5,-9.532333206152501e-05,9.690633305581246e-05,64
response_first,5,3,8.41275482344069e-06,0.0007510941587741464,0.0007510941587741464,0.5,0.003103373123394715,-0.003086547613747834,64
response_first,19,24,-4.090591124191754e-08,-0.0007467135036195392,0.0007467135036195392,0.5,-7.934083266658292e-06,7.852271444174457e-06,64
response_first,2,23,5.213630629441793e-06,0.0007452487039846018,0.0007452487039846018,0.5,0.0022398469245672238,-0.00222941966330834,64
response_mean,26,5,-8.956152442041605e-08,-0.0007450914577806662,0.0007450914577806662,0.484375,-2.7605943614615926e-05,2.7426820565775096e-05,64
public_task_span,16,31,2.968342300810976e-07,0.0007448971207187392,0.0007448971207187392,0.5,1.3003706840204734e-05,-1.2410038380042523e-05,64
response_mean,8,21,-5.0326093517481084e-08,-0.000744604402933914,0.000744604402933914,0.5,-1.3185846000851225e-05,1.3085193813816264e-05,64
public_task_span,3,30,8.127672117555756e-06,0.0007387306985450894,0.0007387306985450894,0.5,0.002845357257683657,-0.0028291019134485465,64
response_first,0,8,1.6570884326889886e-06,0.0007361872079815222,0.0007361872079815222,0.5,0.0003382198192411875,-0.00033490564237580926,64
response_first,3,0,1.6204576240867112e-06,0.000734624479390732,0.000734624479390732,0.484375,0.0006459957439801592,-0.0006427548287319859,64
post_selector,2,3,5.300338671082789e-06,0.0007335763440740308,0.0007335763440740308,0.453125,0.00015371416520792189,-0.00014311348786575642,64
final_prompt,17,14,1.1249437647954528e-07,0.0007278684951278043,0.0007278684951278043,0.515625,-2.8072031454818396e-07,5.057090675072779e-07,64
response_mean,5,26,9.804643013927453e-06,0.0007268755595815855,0.0007268755595815855,0.5,0.003844814184958528,-0.0038252048989306725,64
final_prompt,4,12,-8.507804068357298e-06,-0.0007226381823657572,0.0007226381823657572,0.5,0.0034100977979960494,-0.0034271134061327644,64
response_first,0,19,1.0978792488446098e-06,0.0007155246617497233,0.0007155246617497233,0.5,0.0005395865673563007,-0.0005373908088586115,64
response_first,3,13,3.53480936609858e-06,0.0007107347007171866,0.0007107347007171866,0.5,0.00021092532551848445,-0.00020385570678628745,64
final_prompt,5,5,5.0486687541749856e-06,0.0007039040758607353,0.0007039040758607353,0.5,0.001207703273394153,-0.0011976059358858031,64
response_first,5,23,8.655880719740617e-06,0.0007038042291198939,0.0007038042291198939,0.5,0.003494427183795777,-0.0034771154223562956,64
response_mean,1,17,8.266943041171512e-07,0.0007021527423089131,0.0007021527423089131,0.5,0.00024082401068879373,-0.00023917062208055935,64
response_first,28,22,2.2827634892858884e-07,0.0006998014905995107,0.0006998014905995107,0.5,-0.00010580551679594985,0.00010626206949380701,64
response_mean,7,17,-4.4912326300322536e-08,-0.000698316708385865,0.000698316708385865,0.5,-2.008811020459019e-05,1.9998285551989542e-05,64
response_mean,4,26,-4.5046635932563094e-06,-0.0006982614154811224,0.0006982614154811224,0.515625,0.001758533514475864,-0.0017675428416623771,64
response_first,10,31,-2.75111460719589e-07,-0.0006976100364800764,0.0006976100364800764,0.515625,5.28212126482637e-05,-5.337143556970288e-05,64
final_prompt,30,19,1.6842579952402502e-07,0.0006966174921873032,0.0006966174921873032,0.5,1.1455745151614679e-07,2.2229414753192104e-07,64
public_task_span,4,11,4.947978595732923e-06,0.0006954439428047386,0.0006954439428047386,0.5,0.0015759886427986268,-0.001566092685607161,64
public_task_span,12,16,3.7033350963930995e-07,0.0006953635532445301,0.0006953635532445301,0.484375,2.2275307856044896e-05,-2.1534640836766273e-05,64
public_task_span,6,25,-4.5388915168612055e-06,-0.0006931232497577884,0.0006931232497577884,0.5,0.0013943922058388134,-0.001403469988872536,64
response_mean,9,0,-4.2287524593337535e-08,-0.000691746435296991,0.000691746435296991,0.5,-1.3917790852242447e-05,1.3833215803055772e-05,64
response_mean,9,9,-6.322969170306605e-08,-0.0006910703627658927,0.0006910703627658927,0.5,-4.662578277247038e-05,4.649932338906424e-05,64
public_task_span,3,16,4.850109689871914e-06,0.0006908524897523178,0.0006908524897523178,0.5,-0.0012100524036213595,0.001219752623001103,64
public_task_span,21,6,3.8440975913473966e-07,0.0006865727373720714,0.0006865727373720714,0.515625,0.00016267410592262632,-0.00016190528640435683,64
final_prompt,21,3,-1.8848913896353234e-07,-0.0006832937356003783,0.0006832937356003783,0.5,0.00013179315237719347,-0.00013217013065512052,64
response_first,17,11,5.8185776198662046e-08,0.000682883619438185,0.000682883619438185,0.5,-1.0572967710228935e-05,1.0689339262626258e-05,64
public_task_span,5,30,1.8200375961895414e-06,0.0006791654909251183,0.0006791654909251183,0.5,0.0007364931202573673,-0.0007328530450649883,64
response_first,12,17,1.1546876521813394e-07,0.0006782348733643756,0.0006782348733643756,0.5,-2.2033569848631404e-05,2.226450737906767e-05,64
public_task_span,3,15,6.522788680739114e-06,0.0006766108480773613,0.0006766108480773613,0.5,0.0020786467848665792,-0.0020656012075051,64
final_prompt,2,20,-5.037811547482481e-06,-0.0006760996797073786,0.0006760996797073786,0.5,0.0020267713862267365,-0.002036847009321701,64
public_task_span,23,17,1.3459509773356172e-07,0.0006722947483468878,0.0006722947483468878,0.5,2.4252228058684348e-05,-2.3983037863217238e-05,64
response_mean,5,25,5.90432091484845e-06,0.0006684679386880463,0.0006684679386880463,0.5,0.0024922379179770342,-0.0024804292761473373,64
response_first,34,14,1.9525896278174752e-07,0.000666601434345694,0.000666601434345694,0.5,2.2427429939852167e-05,-2.203691201428868e-05,64
response_mean,12,1,-2.843712536564107e-07,-0.0006651100683371534,0.0006651100683371534,0.5,5.3232536629366724e-05,-5.380127913667955e-05,64
response_mean,12,26,5.049942046757061e-07,0.0006620107734071201,0.0006620107734071201,0.5,-0.0002897223330364624,0.0002907323214458138,64
public_task_span,19,19,-5.456981853015541e-07,-0.0006607332684506988,0.0006607332684506988,0.5,-0.00017406207462043123,0.00017297067824982815,64
response_mean,3,2,7.16103158997347e-07,0.0006574313878917158,0.0006574313878917158,0.515625,0.0002564742367212626,-0.00025504203040326793,64
response_mean,20,29,2.309605861238248e-06,0.000656869079543717,0.000656869079543717,0.5,0.00011499960146467815,-0.00011038038974220171,64
public_task_span,3,24,-4.510993221626142e-06,-0.00065623012001121,0.00065623012001121,0.5,0.0018058169989672063,-0.001814838985410459,64
response_first,12,12,-1.1474975281256971e-07,-0.000655116789971669,0.000655116789971669,0.484375,1.8912841028389324e-05,-1.9142340534014463e-05,64
public_task_span,4,8,5.74486512050585e-06,0.0006546574011889934,0.0006546574011889934,0.5,0.002190095266087166,-0.002178605535846154,64
post_selector,2,4,1.8379414541436301e-06,0.0006524540077786987,0.0006524540077786987,0.5,0.00037982698631821535,-0.00037615110340992816,64
response_mean,1,12,1.0356689017421616e-06,0.0006497880478239669,0.0006497880478239669,0.5,5.800031794932816e-05,-5.59289801458437e-05,64
final_prompt,5,2,-3.874483809334565e-06,-0.0006474454455973112,0.0006474454455973112,0.5,0.00035770192334894384,-0.0003654508909676124,64
response_mean,7,0,-1.0025833034874086e-06,-0.0006462572451791556,0.0006462572451791556,0.5,-6.854204639237984e-05,6.653687978540496e-05,64
response_first,4,17,-6.763854571544513e-06,-0.0006456178670732167,0.0006456178670732167,0.46875,0.002885823538690606,-0.002899351247833695,64
response_first,7,22,-6.15117642152469e-07,-0.0006449562944531724,0.0006449562944531724,0.484375,-0.00019330320264998187,0.00019207296736567693,64
response_first,0,16,7.356361493213261e-07,0.0006356373996920405,0.0006356373996920405,0.5,0.0005205367192502024,-0.0005190654469515597,64
post_selector,1,21,-8.17312684375294e-06,-0.0006327794416785232,0.0006327794416785232,0.5,0.0009130678372457628,-0.0009294140909332687,64
public_task_span,4,1,6.6930770117339024e-06,0.0006326867099494309,0.0006326867099494309,0.484375,0.002278327345266009,-0.0022649411912425417,64
final_prompt,13,3,1.4564523098914548e-07,0.0006317277037715811,0.0006317277037715811,0.5,-4.91302301952508e-05,4.9421520657229095e-05,64
final_prompt,22,23,4.11411917865272e-08,0.0006303518988377472,0.0006303518988377472,0.5,-1.9433501734052683e-05,1.951578411762574e-05,64
response_first,6,28,-2.7018841137779834e-06,-0.0006243144465403299,0.0006243144465403299,0.5,0.0008900454649847329,-0.0008954492332122888,64
public_task_span,26,15,-3.515900743873765e-07,-0.0006169303672334963,0.0006169303672334963,0.5,-0.00020591264865287633,0.0002052094685041016,64
final_prompt,15,4,-1.5420965837620315e-08,-0.0006158277293230412,0.0006158277293230412,0.5,-5.786140434338449e-06,5.755298502663209e-06,64
response_first,27,9,2.3631082513463372e-07,0.000615764694160489,0.000615764694160489,0.5,-5.6386800906679923e-05,5.685942255694917e-05,64
public_task_span,2,15,2.623011823741305e-06,0.0006137993470251262,0.0006137993470251262,0.5,-0.00035342118644621234,0.00035866721009369473,64
response_mean,0,8,-6.208920240203205e-07,-0.0006130341701236215,0.0006130341701236215,0.5,0.0003578125651983718,-0.0003590543492464125,64
public_task_span,6,26,-9.748428055930236e-07,-0.0006125585090015977,0.0006125585090015977,0.5,0.00028460603425627964,-0.00028655571986746563,64
response_mean,3,26,4.007665211250874e-06,0.0006092770805272433,0.0006092770805272433,0.5,0.001925354047671129,-0.001917338717248627,64
response_mean,3,11,7.405382348220292e-06,0.0006053085058266165,0.0006053085058266165,0.5,-0.0021483958553289934,0.0021632066200254346,64
public_task_span,26,5,-2.3788959424709733e-07,-0.000604140952144835,0.000604140952144835,0.5,-0.00018191473077420944,0.00018143895158571522,64
response_first,5,24,6.884940830782392e-06,0.0006010418017443111,0.0006010418017443111,0.5,0.0029973129226164037,-0.0029835430409548397,64
public_task_span,2,18,2.983015292556062e-06,0.000595384753899603,0.000595384753899603,0.5,0.0026453569371369503,-0.0026393909065518385,64
response_mean,7,26,-2.788369783945639e-07,-0.000594969066453903,0.000594969066453903,0.5,7.758206083963776e-05,-7.813973479642685e-05,64
final_prompt,5,26,-8.757528348729213e-06,-0.000593914302787779,0.000593914302787779,0.5,0.004097925741007195,-0.004115440797704654,64
response_mean,0,31,4.1688940654806514e-07,0.0005928473578685873,0.0005928473578685873,0.5,0.0002611454046927893,-0.00026031162587969323,64
response_first,0,30,1.2275712606458502e-06,0.0005897716771009093,0.0005897716771009093,0.5,0.0009085749695714036,-0.000906119827050112,64
final_prompt,13,6,4.647768037009477e-08,0.000582743638102375,0.000582743638102375,0.5,1.2170805717906551e-05,-1.2077850357166365e-05,64
final_prompt,13,2,-1.5717404266724726e-07,-0.0005815590635026809,0.0005815590635026809,0.5,-1.7424090913203433e-05,1.7109742827868937e-05,64
response_first,0,27,-5.767411494162476e-06,-0.0005812460709600601,0.0005812460709600601,0.5,-0.0043261610553599755,0.00431462623237165,64
public_task_span,16,9,-3.047607606349342e-07,-0.0005784081781390156,0.0005784081781390156,0.5,-0.0001707162364255013,0.00017010671490423146,64
response_first,14,14,2.2478764094292894e-07,0.0005779201896550262,0.0005779201896550262,0.5,-0.00017289489801440496,0.00017334447329629083,64
response_mean,32,16,8.812162376990364e-08,0.0005764811763001451,0.0005764811763001451,0.5,-4.1518273519609303e-05,4.169451676714911e-05,64
response_first,5,12,-1.8578575691182223e-06,-0.0005763077120398657,0.0005763077120398657,0.5,0.0005273229980957723,-0.0005310387132340087,64
response_first,5,27,-7.787516267391019e-06,-0.0005746850904844118,0.0005746850904844118,0.5,0.0036184382200872243,-0.003634013252622005,64
final_prompt,5,3,2.8640724849553125e-06,0.0005700913380808416,0.0005700913380808416,0.5,0.0013457711734190495,-0.0013400430284491386,64
response_mean,16,17,4.350883955302331e-07,0.0005680923248300527,0.0005680923248300527,0.484375,0.00025174230904665595,-0.00025087213225559544,64
response_mean,19,17,4.1053090172066145e-07,0.0005678544980215665,0.0005678544980215665,0.515625,-5.5151901506174616e-05,5.597296330961591e-05,64
response_mean,3,4,4.110315785506779e-06,0.0005663062407248005,0.0005663062407248005,0.5,0.0016233463247772263,-0.0016151256932062123,64
response_first,1,4,-1.760363943503741e-08,-0.0005640670514909985,0.0005640670514909985,0.5,-5.0445695478629204e-06,5.009362268992845e-06,64
response_first,4,10,-5.693273124055898e-06,-0.0005622542427066936,0.0005622542427066936,0.5,0.002701283701753697,-0.002712670248001809,64
final_prompt,3,21,6.021634817410623e-07,0.0005617651082803539,0.0005617651082803539,0.5,0.00016757525145295185,-0.00016637092448946967,64
response_mean,2,13,-1.8527389329465647e-06,-0.0005615496014095514,0.0005615496014095514,0.515625,1.850016997195501e-05,-2.2205647837848276e-05,64
response_mean,18,26,2.31336730394231e-06,0.0005605969493055553,0.0005605969493055553,0.515625,-0.0007780245646244873,0.000782651299232372,64
public_task_span,2,0,-3.135082806695206e-06,-0.0005566022828348541,0.0005566022828348541,0.5,-0.0009288698565796843,0.0009225996909662938,64
public_task_span,27,3,4.091566552237652e-08,0.0005564800590400102,0.0005564800590400102,0.5,-3.2156479846889716e-05,3.223831117793447e-05,64
public_task_span,4,26,-3.973146704089087e-06,-0.0005552411948789452,0.0005552411948789452,0.5,0.0018415557624393722,-0.0018495020558475504,64
response_first,26,11,1.1066482841215792e-08,0.0005541652095410328,0.0005541652095410328,0.5,-1.412257930155647e-06,1.4343908958380782e-06,64
public_task_span,0,20,9.407240213412102e-07,0.0005532800562327881,0.0005532800562327881,0.5,-0.0001476359448133858,0.0001495173928560682,64
public_task_span,30,13,9.142036105393328e-08,0.0005531786868594689,0.0005531786868594689,0.5,-2.797387674035979e-05,2.815671746246765e-05,64
public_task_span,17,27,-5.802640998825047e-07,-0.0005529788291318096,0.0005529788291318096,0.515625,-0.0004666809811624056,0.00046552045296264057,64
public_task_span,2,1,-3.4974218579042786e-06,-0.0005523478685412409,0.0005523478685412409,0.5,0.0013711782848986323,-0.0013781731286144406,64
response_first,26,0,-3.025425030534611e-07,-0.0005500139268041778,0.0005500139268041778,0.5,-6.46656480967032e-05,6.406056309059625e-05,64
response_first,3,10,4.823690233015862e-06,0.0005471556675027805,0.0005471556675027805,0.5,0.002323271573459348,-0.0023136241929933164,64
public_task_span,3,4,-5.4736019592369935e-06,-0.0005440063971574665,0.0005440063971574665,0.5,0.0027550865279408745,-0.002766033731859348,64
response_mean,2,22,3.8128630421857415e-06,0.0005347769588671224,0.0005347769588671224,0.5,0.0019153230714437156,-0.0019076973453593439,64
response_mean,6,7,-4.097986675329437e-06,-0.0005292176812280321,0.0005292176812280321,0.5,0.001290522341150797,-0.0012987183145014563,64
response_first,2,22,-3.615703462856324e-06,-0.0005290490012193986,0.0005290490012193986,0.5,0.0016567660786677187,-0.001663997485593431,64
public_task_span,29,23,-1.899973085531437e-07,-0.0005277515078366311,0.0005277515078366311,0.5,-0.00015130175279407844,0.00015092175817697215,64
response_first,19,5,2.874539859523086e-07,0.0005205169900169468,0.0005205169900169468,0.484375,3.098271827185406e-05,-3.0407810299949408e-05,64
final_prompt,0,11,-9.136022072390887e-08,-0.000518745446722962,0.000518745446722962,0.5,6.888109896861757e-05,-6.906381941006538e-05,64
final_prompt,4,20,2.172150288969033e-06,0.0005185055145813518,0.0005185055145813518,0.5,0.0010086255870191973,-0.001004281286441259,64
response_first,18,6,-2.6120283713737535e-09,-0.0005179697161114474,0.0005179697161114474,0.515625,4.74011001561081e-07,-4.792350583038285e-07,64
response_first,0,11,-2.981719262572032e-07,-0.0005165317937580497,0.0005165317937580497,0.5,1.2267986676312874e-05,-1.286433052882728e-05,64
response_first,1,15,1.519589204690148e-06,0.0005126875524262434,0.0005126875524262434,0.5,2.2481754967879666e-05,-1.944257655849947e-05,64
response_first,1,2,1.1840093066000675e-06,0.0005108348549669007,0.0005108348549669007,0.5,-0.0002814587351167501,0.0002838267537299499,64
response_mean,4,2,5.930196948613579e-06,0.0005089684885869016,0.0005089684885869016,0.5,0.0031990850229704007,-0.0031872246290731735,64
public_task_span,19,7,5.975307431062374e-07,0.0005076871896369612,0.0005076871896369612,0.5,-0.0001581908582011125,0.00015938591968732497,64
response_first,2,17,8.173628884914621e-07,0.0005015796386154186,0.0005015796386154186,0.5,-0.00020572888752210937,0.00020736361329909232,64
public_task_span,31,2,3.4462118491859604e-07,0.0004985406687776236,0.0004985406687776236,0.5,-0.00020632874475267032,0.00020701798712250753,64
final_prompt,12,17,-6.051607215549106e-08,-0.0004980386591408858,0.0004980386591408858,0.5,-7.3183784934392526e-06,7.197346349128272e-06,64
final_prompt,18,23,2.2311610337019162e-07,0.0004970927731590051,0.0004970927731590051,0.5,9.927202700053482e-05,-9.882579479379445e-05,64
public_task_span,18,12,-4.3734235077693814e-07,-0.0004962348873305889,0.0004962348873305889,0.515625,-0.00013577769959738416,0.0001349030148958303,64
final_prompt,16,13,-1.1753581930126819e-07,-0.0004959239092503767,0.0004959239092503767,0.5,-1.8134834590445682e-05,1.7899762951843138e-05,64
public_task_span,1,25,-1.9068793335500037e-06,-0.0004934246146357565,0.0004934246146357565,0.5,0.0003448701754677969,-0.000348683934134897,64
final_prompt,8,11,-4.997068003854243e-08,-0.0004933324692077334,0.0004933324692077334,0.5,-1.3719113724158478e-05,1.3619172364081391e-05,64
response_first,30,1,-9.439662562237634e-08,-0.0004918055577771803,0.0004918055577771803,0.5,-5.782474988789639e-05,5.7635956636651635e-05,64
public_task_span,24,18,6.805339580762815e-07,0.00048636313230362066,0.00048636313230362066,0.5,-0.0001623238404135858,0.00016368490832973834,64
final_prompt,12,9,5.990564488845941e-08,0.0004853718620875648,0.0004853718620875648,0.5,-4.254739607744311e-05,4.266720736722003e-05,64
response_first,9,7,-9.844953297033499e-09,-0.0004840365792763605,0.0004840365792763605,0.5,1.5276061020585985e-06,-1.5472960086526655e-06,64
response_first,2,18,1.2385226000295529e-06,0.0004832303056149168,0.0004832303056149168,0.515625,0.0011998189911537065,-0.0011973419459536472,64
response_mean,5,7,-1.6299247818148273e-06,-0.00047886655819185395,0.00047886655819185395,0.5,0.0008399289854423809,-0.0008431888350060105,64
response_mean,4,14,4.659772457671785e-06,0.0004785113911808268,0.0004785113911808268,0.5,0.0025651052856119506,-0.0025557857406966066,64
final_prompt,14,5,-6.036651712183793e-08,-0.0004784475096250376,0.0004784475096250376,0.5,5.2888850177602444e-05,-5.300958321184612e-05,64
response_mean,0,6,2.718018095062595e-07,0.0004776888800659246,0.0004776888800659246,0.5,0.00022246596017794107,-0.00022192235655892854,64
response_first,0,5,-9.19537342267872e-07,-0.00047381308100552126,0.00047381308100552126,0.5,0.0005630365994875174,-0.0005648756741720533,64
response_mean,8,26,-7.324833859453112e-07,-0.0004730338230757993,0.0004730338230757993,0.5,-0.0002800613401632218,0.0002785963733913313,64
response_first,5,18,-4.774478838957992e-06,-0.0004718226305214617,0.0004718226305214617,0.5,0.0029902807964390186,-0.0029998297541169346,64
public_task_span,0,22,-1.2173882169562341e-07,-0.00046985343561365463,0.00046985343561365463,0.5,1.99901837731821e-05,-2.0233661416573357e-05,64
final_prompt,28,23,-5.102197064830958e-07,-0.0004685392328502832,0.0004685392328502832,0.5,-0.0003807340999628599,0.0003797136605498937,64
final_prompt,10,21,-2.0989591576209672e-07,-0.0004683147308307313,0.0004683147308307313,0.515625,-3.503050083964867e-05,3.4610709008124484e-05,64
final_prompt,32,25,-2.5343268816868235e-08,-0.0004653342586063302,0.0004653342586063302,0.5,8.389373817863088e-06,-8.440060355496826e-06,64
public_task_span,0,12,-3.230088623240807e-06,-0.0004647505866862002,0.0004647505866862002,0.5,-0.0002447342558298282,0.00023827407858334677,64
final_prompt,5,24,4.53817096967798e-06,0.0004603601538668123,0.0004603601538668123,0.5,0.0026474356282051295,-0.002638359286265774,64
response_first,8,11,-5.842542804972217e-08,-0.0004600228319452103,0.0004600228319452103,0.5,-1.3845294688466643e-06,1.2676786127472267e-06,64
response_mean,10,26,1.476346369601804e-07,0.000459397087010826,0.000459397087010826,0.5,-5.608312562799152e-05,5.637839490191188e-05,64
public_task_span,32,9,-1.3396606846091727e-07,-0.00045396871281176563,0.00045396871281176563,0.5,-0.00010619966496959958,0.00010593173283267775,64
final_prompt,0,30,-1.0595413186830253e-06,-0.000452219192999558,0.000452219192999558,0.5,0.0009473591298956058,-0.0009494782125329716,64
final_prompt,0,19,5.43916939929216e-07,0.00045138954946276837,0.00045138954946276837,0.5,0.0006485267367679309,-0.0006474389028880725,64
response_first,3,28,-3.2234415812111648e-06,-0.00044957490782576053,0.00044957490782576053,0.5,0.0018434867215546581,-0.0018499336047170809,64
public_task_span,31,23,-5.664196578354623e-08,-0.0004490909343807706,0.0004490909343807706,0.5,-4.138300710104353e-06,4.02501677853726e-06,64
final_prompt,1,0,-2.1305795598840877e-06,-0.0004440973976421478,0.0004440973976421478,0.484375,-0.00046580239722970385,0.00046154123810993557,64
response_first,4,8,-6.029189307812759e-06,-0.0004397289100235715,0.0004397289100235715,0.5,0.0036805672036734913,-0.003692625582289117,64
response_first,33,27,-3.38908421349868e-08,-0.0004380481854970861,0.0004380481854970861,0.5,2.1497454667941562e-05,-2.1565236352211536e-05,64
response_mean,8,30,1.3007247616784383e-06,0.00043477093371682723,0.00043477093371682723,0.5,0.0012679331412073064,-0.0012653316916839494,64
response_first,20,12,4.561229615830851e-08,0.00043222269698027103,0.00043222269698027103,0.5,3.3418425914525536e-05,-3.332720132220892e-05,64
final_prompt,0,21,-2.0194738681290577e-06,-0.0004304865012107035,0.0004304865012107035,0.5,-0.00038090763155196046,0.00037686868381570245,64
public_task_span,1,7,6.453064997853956e-07,0.00043009435360764686,0.00043009435360764686,0.484375,0.00037799439814988485,-0.00037670378515031406,64
final_prompt,11,28,1.1024624768651847e-08,0.0004274695371076233,0.0004274695371076233,0.5,2.022954504354857e-06,-2.0009052548175532e-06,64
response_mean,5,20,-3.078927989001723e-06,-0.0004234542928144008,0.0004234542928144008,0.5,0.0020220492406224514,-0.002028207096600455,64
public_task_span,23,1,-1.041862560731556e-07,-0.0004222698911359554,0.0004222698911359554,0.5,2.3977099772237853e-06,-2.6060824893701066e-06,64
response_mean,0,11,-1.2499845070496833e-07,-0.00041980414543420935,0.00041980414543420935,0.5,7.111374952726733e-05,-7.136374642867724e-05,64
response_mean,15,3,-5.849124136126066e-07,-0.00041771286760180175,0.00041771286760180175,0.5,0.00020547564054140607,-0.00020664546536863126,64
final_prompt,15,17,1.9829583307970654e-08,0.0004163213242024738,0.0004163213242024738,0.5,-1.1644962377485148e-05,1.168462154410109e-05,64
public_task_span,4,31,-1.5074715520276612e-06,-0.0004150495491128586,0.0004150495491128586,0.484375,0.0009702547413326097,-0.0009732696844366649,64
final_prompt,5,25,-3.6564028960161307e-06,-0.00041209728144645,0.00041209728144645,0.5,0.002246926412226456,-0.0022542392180184877,64
response_first,5,26,6.1474332824220605e-06,0.0004084712152570036,0.0004084712152570036,0.5,0.004244103557084607,-0.004231808690519762,64
response_mean,31,25,-9.53635748146553e-09,-0.00040689338789314547,0.00040689338789314547,0.515625,-1.2236723833325414e-05,1.2217651118362483e-05,64
response_mean,1,8,9.464001777864303e-07,0.00040498947449228864,0.00040498947449228864,0.5,0.00010581833703327527,-0.00010392553667770231,64
response_mean,0,2,1.7365255189365455e-07,0.00040159656816603424,0.00040159656816603424,0.5,-0.00010681832600310795,0.00010716563110689527,64
final_prompt,0,5,4.312896635390415e-07,0.0004009894162353137,0.0004009894162353137,0.5,-0.00017862653476186254,0.00017948911408894057,64
response_first,28,30,1.7944415731108165e-08,0.0003994081623249566,0.0003994081623249566,0.5,-6.199787776495214e-07,6.558676091117377e-07,64
response_mean,0,0,1.2673008313867382e-06,0.0003990722865568511,0.0003990722865568511,0.5,-0.0015953060501487702,0.0015978406518115437,64
response_mean,2,8,7.330836524470786e-07,0.0003967379782526656,0.0003967379782526656,0.5,0.0004780641756951809,-0.0004765980083902867,64
public_task_span,3,26,-3.7076001717660555e-06,-0.0003941930307168922,0.0003941930307168922,0.5,0.0023292462110475753,-0.002336661411391107,64
response_mean,5,22,-3.180659859943467e-06,-0.0003925377951649709,0.0003925377951649709,0.5,0.0022373936940311935,-0.002243755013751081,64
final_prompt,4,31,-1.78419625737638e-07,-0.00038766809007889186,0.00038766809007889186,0.5,0.00010112614765490009,-0.00010148298690637538,64
public_task_span,28,4,-8.1282450991569e-08,-0.0003859795249187471,0.0003859795249187471,0.5,-4.8341861202050276e-05,4.817929630006714e-05,64
final_prompt,0,2,1.1501324479422088e-06,0.000377474735820455,0.000377474735820455,0.5,-3.62833961844344e-05,3.858366108031876e-05,64
response_mean,0,22,-5.152851372203172e-07,-0.00037695388276395066,0.00037695388276395066,0.5,-0.00042476656017240307,0.0004237359898979625,64
public_task_span,4,16,2.467525519028713e-06,0.0003767442655444705,0.0003767442655444705,0.5,0.0014207403000910009,-0.0014158052490529439,64
final_prompt,7,3,1.7153570297169003e-07,0.00037410243283798373,0.00037410243283798373,0.5,-9.175349259748681e-05,9.209656400343022e-05,64
response_first,1,8,-1.9940489437340295e-06,-0.00037346324045071656,0.00037346324045071656,0.5,0.001629742408113092,-0.0016337305060005595,64
final_prompt,32,19,-2.9274701776988302e-08,-0.0003734569580405667,0.0003734569580405667,0.5,-2.6928398710873572e-05,2.6869849307319595e-05,64
response_first,15,1,1.5196405911847423e-07,0.00037329124102978206,0.00037329124102978206,0.5,8.656170302856174e-05,-8.625777491032483e-05,64
final_prompt,4,22,1.678603439359428e-06,0.0003729116668360967,0.0003729116668360967,0.5,0.0002798320783768,-0.00027647487149808114,64
response_mean,6,6,4.0105878724799e-06,0.00036950049035545837,0.00036950049035545837,0.5,0.002754267708951384,-0.002746246533206425,64
final_prompt,4,3,2.1195069166155879e-07,0.00036907526611745236,0.00036907526611745236,0.5,0.00012900948900095697,-0.00012858558761763385,64
final_prompt,0,0,4.844667273572222e-06,0.00036671735888126663,0.00036671735888126663,0.5,-0.005731512879719937,0.0057412022142670814,64
final_prompt,5,20,3.337118883456206e-07,0.0003656133835497701,0.0003656133835497701,0.5,0.0002632198389562705,-0.00026255241517957924,64
response_mean,7,18,-1.2481871181416284e-07,-0.0003635400313514469,0.0003635400313514469,0.5,5.76558043121543e-05,-5.790544173578263e-05,64
final_prompt,6,31,1.2630226819948233e-07,0.00036057052084854333,0.00036057052084854333,0.5,8.447052266546317e-05,-8.421791812906419e-05,64
final_prompt,0,27,-8.343995432391095e-07,-0.0003585666363255134,0.0003585666363255134,0.5,-0.001185351313324625,0.001183682514238147,64
response_first,1,16,3.6461256058267365e-07,0.0003512741603570156,0.0003512741603570156,0.5,-0.0001506381668150404,0.00015136739193620573,64
public_task_span,18,31,-6.498617040099996e-07,-0.0003511948003843056,0.0003511948003843056,0.515625,-0.00025965763143178674,0.00025835790802376677,64
response_mean,0,25,8.735378287395417e-07,0.0003493399476500878,0.0003493399476500878,0.5,0.0010311530795661162,-0.0010294060039086372,64
final_prompt,4,6,1.7985537397178283e-06,0.0003481579728657258,0.0003481579728657258,0.5,0.0014357511049638608,-0.0014321539974844247,64
final_prompt,5,21,8.406419524968557e-07,0.0003430197837611797,0.0003430197837611797,0.5,0.0007025318137294801,-0.0007008505298244864,64
public_task_span,5,1,-1.892341742856644e-06,-0.0003425683459744719,0.0003425683459744719,0.515625,0.0016239540109381722,-0.0016277386944238857,64
final_prompt,8,31,4.7653685442128335e-09,0.0003416245160510799,0.0003416245160510799,0.5,-2.2652723359328775e-06,2.274803073021303e-06,64
public_task_span,26,8,2.1703996823029548e-08,0.00033994683459133906,0.00033994683459133906,0.5,-3.7773787653350155e-08,8.118178129940925e-08,64
final_prompt,2,10,1.9445451471235492e-06,0.0003393582283637673,0.0003393582283637673,0.5,0.001802676601073449,-0.0017987875107792015,64
response_mean,5,24,3.6103358524973168e-06,0.0003364028309755979,0.0003364028309755979,0.484375,0.0029538681360463657,-0.00294664746434137,64
response_mean,4,9,3.621034466052067e-06,0.0003361966032039109,0.0003361966032039109,0.5,0.002584463756647907,-0.002577221687715803,64
response_first,6,8,-4.869121767115498e-06,-0.00033611035409122485,0.00033611035409122485,0.5,0.0027892600555787656,-0.002798998299112997,64
response_mean,1,24,-5.491092451874924e-07,-0.0003335091357740686,0.0003335091357740686,0.5,0.00025314828963018444,-0.00025424650812055937,64
response_mean,0,9,1.2810943417207454e-08,0.0003317942520326536,0.0003317942520326536,0.5,1.3580176357663731e-05,-1.3554554470829316e-05,64
public_task_span,3,14,3.244493200325752e-06,0.00032931655580648885,0.00032931655580648885,0.5,0.0023840119329179435,-0.0023775229465172916,64
response_mean,0,20,4.1082239477189527e-07,0.0003289717281077123,0.0003289717281077123,0.5,-0.00013602288527180315,0.0001368445300613469,64
response_mean,0,30,3.237628334338447e-07,0.00032818944052489255,0.00032818944052489255,0.5,0.000479236832234157,-0.00047858930656728926,64
final_prompt,21,14,3.634295353786702e-08,0.0003277346673348771,0.0003277346673348771,0.5,-1.3976501577412669e-05,1.4049187484488406e-05,64
response_mean,4,6,-3.1854312965155958e-06,-0.00032652770181419515,0.00032652770181419515,0.5,0.002845145923401994,-0.0028515167859950253,64
response_mean,15,9,-6.995907853005916e-07,-0.00032559595376908625,0.00032559595376908625,0.5,-0.0007244195897726283,0.0007230204082020271,64
response_first,32,30,-7.454707428669796e-08,-0.00032417589975251236,0.00032417589975251236,0.5,5.05216285091534e-05,-5.067072265772679e-05,64
response_first,18,29,-1.6931790014203339e-07,-0.0003238434038718449,0.0003238434038718449,0.5,-5.639209803133428e-06,5.300574002849341e-06,64
response_mean,16,16,-1.4213617304945795e-07,-0.0003229326701160247,0.0003229326701160247,0.5,5.292281707625888e-05,-5.320708942235781e-05,64
response_mean,2,12,9.41554390013785e-07,0.0003224214007637887,0.0003224214007637887,0.5,-2.9890716177744333e-05,3.177382495777174e-05,64
response_mean,6,18,-9.536770448867775e-07,-0.00031506981251840034,0.00031506981251840034,0.5,0.0006853047711956788,-0.0006872121252854525,64
response_mean,14,15,-2.305346242736399e-07,-0.00031154728915593977,0.00031154728915593977,0.5,-6.634345572820924e-05,6.588238647966193e-05,64
final_prompt,4,27,3.1357656098429144e-06,0.0003114631157053199,0.0003114631157053199,0.5,0.0028607761980765723,-0.0028545046668568873,64
public_task_span,0,25,1.4567258404007987e-06,0.00031122270266077407,0.00031122270266077407,0.5,0.0024111487327900098,-0.002408235281109208,64
response_mean,3,0,8.939532563055088e-07,0.00031010503837408535,0.00031010503837408535,0.5,0.0005982445582049066,-0.0005964566516922957,64
public_task_span,5,22,-1.852862169469927e-06,-0.00030634610651994595,0.00030634610651994595,0.5,0.001548091864606249,-0.0015517975889451892,64
final_prompt,0,18,1.0642706911328408e-06,0.0003059053447718911,0.0003059053447718911,0.5,0.0019008899071195407,-0.001898761365737275,64
response_first,18,5,-1.0457519294959533e-08,-0.00030400443771549755,0.00030400443771549755,0.515625,6.76109234376554e-06,-6.782007382355459e-06,64
final_prompt,1,25,-1.5645491657267013e-07,-0.0003039043365910725,0.0003039043365910725,0.5,0.00023217801935969276,-0.00023249092919283806,64
response_first,0,29,-4.4181069824942855e-07,-0.00030261138206984814,0.00030261138206984814,0.5,0.0006726435094606009,-0.0006735271308570996,64
final_prompt,3,16,2.9069124138905375e-06,0.0003021451891633875,0.0003021451891633875,0.5,0.0007690749916946559,-0.0007632611668668749,64
final_prompt,0,17,8.300812623998621e-07,0.00030135564785805844,0.00030135564785805844,0.5,0.0015722677453595493,-0.0015706075828347491,64
final_prompt,15,7,4.5310059698521366e-08,0.0002981090960030935,0.0002981090960030935,0.5,-3.187732215792588e-05,3.1967942277322914e-05,64
response_first,6,2,2.5483714125637937e-06,0.00028979080641483725,0.00028979080641483725,0.5,0.0023545877702417853,-0.002349491027416657,64
response_mean,9,10,4.1109591108854656e-07,0.0002896559379679445,0.0002896559379679445,0.5,-0.0005952202335776934,0.0005960424253998704,64
final_prompt,5,9,1.4933393686064394e-06,0.0002889270433651333,0.0002889270433651333,0.5,0.00015128549421205314,-0.00014829881547484048,64
response_mean,35,26,1.8144328351055595e-07,0.00028864750983376933,0.00028864750983376933,0.5,-0.00012714811691693322,0.00012751100348395433,64
response_mean,6,30,-8.185688784553336e-07,-0.0002851014552901427,0.0002851014552901427,0.5,0.0007511353778681957,-0.0007527725156251065,64
response_mean,5,19,2.2413425995201994e-06,0.0002812020343851786,0.0002812020343851786,0.5,0.0021644259661570717,-0.0021599432809580313,64
public_task_span,4,6,2.4896849026820366e-06,0.0002783231879955168,0.0002783231879955168,0.53125,0.0023213794065668537,-0.0023164000367614894,64
public_task_span,9,28,-8.341512370484389e-09,-0.00027711617254428316,0.00027711617254428316,0.453125,3.6776828551389512e-06,-3.69436587987992e-06,64
response_mean,5,17,-7.416410880951927e-07,-0.00027611119910862694,0.00027611119910862694,0.5,0.0007124034027583524,-0.0007138866849345428,64
response_first,0,20,-4.453854671760413e-07,-0.0002749734256132103,0.0002749734256132103,0.5,-0.0004470435023904434,0.00044615273145609123,64
response_first,10,5,-1.5267085018195895e-07,-0.0002726163587983377,0.0002726163587983377,0.5,-0.0002452699529840056,0.00024496461128364173,64
public_task_span,29,31,3.503737389424193e-08,0.0002715995465748987,0.0002715995465748987,0.5,-3.52774013663222e-05,3.534747611411068e-05,64
response_mean,2,21,1.711734512360979e-06,0.00026506262706613073,0.00026506262706613073,0.5,0.0022153535828692847,-0.0022119301138445627,64
final_prompt,0,10,6.606171609746419e-09,0.00026218602258089736,0.00026218602258089736,0.5,6.714611117786262e-06,-6.701398774566769e-06,64
public_task_span,5,6,1.7796105566937831e-06,0.00026122370208254395,0.00026122370208254395,0.5,0.0017988353092732706,-0.0017952760881598832,64
public_task_span,3,31,-2.1683609929845117e-06,-0.00025865918780964024,0.00025865918780964024,0.515625,0.002092831226264043,-0.0020971679482500115,64
public_task_span,2,29,2.2744388843446914e-06,0.0002563485168310447,0.0002563485168310447,0.515625,0.002672084814548726,-0.0026675359367800367,64
final_prompt,12,22,-1.6203387075897173e-08,-0.0002546497273023015,0.0002546497273023015,0.5,-1.6209754221560583e-05,1.6177347447408787e-05,64
final_prompt,18,2,-6.587299594598e-08,-0.00025306989873556164,0.00025306989873556164,0.5,-3.841928378278842e-05,3.828753779089647e-05,64
final_prompt,27,8,-1.0894893875662001e-07,-0.0002530029126553829,0.0002530029126553829,0.515625,-5.778432932856641e-05,5.756643145105316e-05,64
response_mean,2,23,1.222355194844182e-06,0.0002518391134422618,0.0002518391134422618,0.5,0.0015062185239003143,-0.001503773813510626,64
final_prompt,2,29,-2.7050705284647775e-06,-0.0002511470015327649,0.0002511470015327649,0.5,0.0030709831357853615,-0.0030763932768422915,64
response_first,22,12,-9.82556969127862e-09,-0.0002480170054798376,0.0002480170054798376,0.5,-5.974105818042485e-06,5.954454678659928e-06,64
public_task_span,19,0,-4.951725713931441e-07,-0.00024718299937644215,0.00024718299937644215,0.5,-0.000602021068516468,0.0006010307233736817,64
final_prompt,6,2,1.489092483097378e-06,0.00024710884272627007,0.00024710884272627007,0.5,0.001802346887416188,-0.0017993687024499931,64
final_prompt,34,0,3.463692337407738e-07,0.0002429016973447982,0.0002429016973447982,0.5,-0.00043745580842368434,0.000438148546891166,64
public_task_span,32,14,-2.5938334149015513e-08,-0.0002384380721970407,0.0002384380721970407,0.5,-1.7862535287342595e-05,1.7810658619044564e-05,64
response_mean,4,11,1.8290729712956309e-06,0.00023299390856585606,0.00023299390856585606,0.5,0.0015680149881518567,-0.0015643568422092661,64
response_first,0,0,-3.408567863531248e-07,-0.00023115571182647903,0.00023115571182647903,0.5,-0.00040183610690292264,0.0004011543933302164,64
response_mean,0,13,7.185226422718296e-07,0.00022329860432703744,0.00022329860432703744,0.5,-0.0012152810377301499,0.0012167180830146935,64
response_mean,4,16,2.07911580218901e-06,0.00022253722543366745,0.00022253722543366745,0.5,0.0023455924820154975,-0.0023414342504111197,64
public_task_span,32,22,-1.1016845746562889e-07,-0.00021887947206051476,0.00021887947206051476,0.5,-0.00012131178300477813,0.00012109144608984688,64
public_task_span,0,26,1.6322064765889806e-07,0.00021728086025394534,0.00021728086025394534,0.5,0.00012215903916511928,-0.00012183259786980147,64
final_prompt,6,3,-3.279836846541574e-08,-0.00021249554466393816,0.00021249554466393816,0.5,-1.8523485322978019e-07,1.196381162989504e-07,64
response_mean,27,21,1.683434902532541e-08,0.00021042882735392403,0.00021042882735392403,0.484375,-2.0583703815187177e-05,2.061737251323783e-05,64
public_task_span,5,26,-2.675136329349662e-06,-0.00021026167267378814,0.00021026167267378814,0.5,0.0036014316783621325,-0.003606781951020833,64
response_mean,2,29,2.112074071189147e-06,0.00020867502832624612,0.00020867502832624612,0.5,0.003001299486641056,-0.002997075338498678,64
response_mean,0,21,3.013883542754645e-07,0.00020757764353472084,0.00020757764353472084,0.5,-7.506528709200196e-05,7.566806380055293e-05,64
response_first,18,27,6.427162357880434e-09,0.00020692695450381975,0.00020692695450381975,0.5,5.675046108599702e-06,-5.662191783883941e-06,64
response_first,1,3,-6.290028977709212e-07,-0.00020498590751947765,0.00020498590751947765,0.5,-0.0005473161108966501,0.0005460581051011082,64
response_mean,2,30,-1.0160365491169825e-06,-0.0002028992175193076,0.0002028992175193076,0.515625,0.0010471587484062264,-0.001049190821504461,64
public_task_span,2,30,-1.0500589269236147e-06,-0.0001998077145135501,0.0001998077145135501,0.5,0.001175734458229278,-0.001177834576083125,64
public_task_span,0,23,3.1357012630877496e-07,0.0001988891083949448,0.0001988891083949448,0.5,-0.00017319414109806305,0.00017382128135068055,64
response_mean,28,5,2.567826413678705e-07,0.0001980465830679735,0.0001980465830679735,0.515625,-0.00024486045640514296,0.00024537402168787873,64
response_first,0,23,2.0829156710575438e-07,0.00019791616662375678,0.00019791616662375678,0.5,-0.0003092880069743696,0.0003097045901085811,64
response_mean,4,17,1.923032868944791e-06,0.0001895261135781828,0.0001895261135781828,0.484375,0.0027079621631855948,-0.0027041160974477056,64
response_mean,4,7,-2.1152191038709134e-06,-0.00018773455439848876,0.00018773455439848876,0.5,0.002715256230658275,-0.0027194866688660157,64
public_task_span,1,13,-5.96520749237818e-07,-0.00018716926510884844,0.00018716926510884844,0.5,-0.0015270916774170274,0.0015258986359185517,64
response_mean,0,4,2.495098669906456e-07,0.00018715998556827196,0.00018715998556827196,0.5,0.0006143858990981156,-0.0006138868793641344,64
public_task_span,35,20,-1.8309219739927985e-07,-0.00018692125395492116,0.00018692125395492116,0.5,-0.0003938158606615395,0.00039344967626674094,64
final_prompt,0,31,3.3623837225360857e-07,0.0001865642979057016,0.0001865642979057016,0.5,0.0008763572586758287,-0.0008756847819313214,64
public_task_span,22,23,3.899334188872672e-09,0.00018430719537609473,0.00018430719537609473,0.484375,-3.7534837957764466e-06,3.761282464154192e-06,64
final_prompt,0,9,-1.3258977560156373e-07,-0.00018293100815266225,0.00018293100815266225,0.5,0.00017187297635245312,-0.00017213815590365626,64
final_prompt,6,28,3.279028533151123e-07,0.0001783978950058018,0.0001783978950058018,0.5,0.00046769022651461234,-0.00046703442080798195,64
response_first,0,6,2.3272241379375055e-07,0.00017810325820550075,0.00017810325820550075,0.5,0.0004835242598346688,-0.0004830588150070813,64
response_mean,15,28,-1.0728456345412298e-07,-0.00017765392585034182,0.00017765392585034182,0.5,-8.41658834359961e-06,8.20201921669137e-06,64
response_mean,3,12,-1.5903337384733703e-06,-0.0001728831470465355,0.0001728831470465355,0.5,0.001847049044954489,-0.001850229712431436,64
response_mean,0,12,-4.660687409281704e-07,-0.0001712520992932624,0.0001712520992932624,0.5,-0.0015540635067736407,0.0015531313692917843,64
response_first,0,10,-3.110976649610159e-07,-0.00017111528222267695,0.00017111528222267695,0.5,0.0004530590767899218,-0.00045368127211984374,64
response_mean,4,15,-1.8157136310046132e-06,-0.00017043263160126677,0.00017043263160126677,0.5,0.002998741749252081,-0.00300237317651409,64
response_mean,6,1,4.395551513895399e-07,0.00017002408307943817,0.00017002408307943817,0.5,0.0006224781027412956,-0.0006215989924385165,64
public_task_span,5,10,6.710934030688021e-07,0.00016898125540017558,0.00016898125540017558,0.5,0.0012893109360447624,-0.0012879687492386251,64
final_prompt,0,28,-6.277541615380347e-07,-0.00016860217858468676,0.00016860217858468676,0.5,0.0018908688925875885,-0.0018921244009106647,64
response_mean,0,23,1.1671181709443747e-07,0.000166251589406473,0.000166251589406473,0.5,-0.00011436423665145056,0.0001145976602856394,64
public_task_span,12,18,4.647117748343314e-07,0.00016115391544168996,0.00016115391544168996,0.5,-0.0004988701657566658,0.0004997995893063344,64
final_prompt,0,15,-4.161574906886125e-08,-0.00015826681172209357,0.00015826681172209357,0.5,-1.532661781311408e-05,1.5243386314976363e-05,64
response_first,17,14,-5.938890268622585e-09,-0.00015765230125265928,0.00015765230125265928,0.5,-1.8723708592435054e-06,1.8604930787062602e-06,64
response_first,6,17,-1.410968479819834e-07,-0.00015647740285444457,0.00015647740285444457,0.484375,0.0002397767418642451,-0.00024005893556020905,64
response_mean,4,8,1.4069087228546885e-06,0.00015505528578422744,0.00015505528578422744,0.5,0.0024227163953582874,-0.002419902577912577,64
response_mean,0,14,4.2495958041314336e-07,0.0001518882163302841,0.0001518882163302841,0.5,-0.000831363649922416,0.0008322135690832423,64
response_mean,4,22,-5.591555236648211e-07,-0.00014830656445808386,0.00014830656445808386,0.5,0.0004003258527518694,-0.00040144416379919923,64
response_mean,0,27,-8.273855201000125e-07,-0.00014820349956739317,0.00014820349956739317,0.5,-0.0028689016762655064,0.002867246905225306,64
public_task_span,4,9,1.09970915218539e-06,0.000147458753056651,0.000147458753056651,0.5,0.0015748109981359444,-0.0015726115798315736,64
final_prompt,13,8,9.156075008185581e-09,0.00014530946147263703,0.00014530946147263703,0.515625,-1.4155769463283183e-05,1.4174081613299554e-05,64
public_task_span,3,29,9.203213267077121e-07,0.00014265070917329214,0.00014265070917329214,0.5,0.0014934215241737656,-0.0014915808815203502,64
response_first,2,24,-4.780686140324291e-07,-0.00014240292639946636,0.00014240292639946636,0.5,0.0008913076999306088,-0.0008922638371586738,64
final_prompt,17,19,2.715404434836441e-08,0.00014066999413631855,0.00014066999413631855,0.5,1.7562951597935425e-05,-1.7508643509238703e-05,64
final_prompt,14,18,3.788591129747323e-08,0.00014060114888065256,0.00014060114888065256,0.5,7.430489858889971e-07,-6.672771632940422e-07,64
response_first,0,12,-4.616158548750122e-07,-0.00014051416523124354,0.00014051416523124354,0.5,-0.0008874110790202344,0.0008864878473104845,64
response_first,0,31,5.7947488587372674e-08,0.00013895500887998406,0.00013895500887998406,0.5,0.0001479535494581761,-0.00014783765448100135,64
final_prompt,2,15,-5.710480763829813e-07,-0.00013673903738813513,0.00013673903738813513,0.5,0.0006542300870933124,-0.000655372183246078,64
response_first,21,12,-6.003659791561884e-09,-0.0001360917104680677,0.0001360917104680677,0.53125,8.174517631687568e-06,-8.186524951270691e-06,64
public_task_span,27,19,-5.310891992469594e-08,-0.00013593974137820185,0.00013593974137820185,0.515625,-0.0001415526735399651,0.00014144645570011568,64
public_task_span,9,30,3.1346583106994785e-09,0.00013392941082735987,0.00013392941082735987,0.5,9.449255392368627e-06,-9.442986075747228e-06,64
public_task_span,15,9,1.0416044916171954e-07,0.00013379410767193223,0.00013379410767193223,0.515625,-0.00029336618149498157,0.000293574502393305,64
response_first,0,25,3.5310586099370574e-07,0.00013165982448066005,0.00013165982448066005,0.5,0.0010659287781891124,-0.001065222566467125,64
final_prompt,11,17,7.008395641812914e-09,0.00013054599967752943,0.00013054599967752943,0.5,-1.8673930014755158e-05,1.8687946806038786e-05,64
response_first,2,20,1.391482328468507e-06,0.00012994983886183042,0.00012994983886183042,0.5,0.0028490588192653437,-0.002846275854608406,64
public_task_span,19,14,1.4800343706034154e-07,0.00012816252799029032,0.00012816252799029032,0.515625,-0.0004850833893215001,0.0004853793961956208,64
response_mean,5,6,-5.755939973536373e-07,-0.00012136890478106538,0.00012136890478106538,0.515625,0.001320339899507412,-0.0013214910875021192,64
public_task_span,15,21,6.4524954258534436e-09,0.00012026746594606064,0.00012026746594606064,0.5,2.5874699645126304e-06,-2.5745649736609235e-06,64
public_task_span,26,10,4.1278553908341564e-09,0.00011935447591912783,0.00011935447591912783,0.5,1.3409677706022194e-06,-1.332712059820551e-06,64
response_first,5,20,1.2652644727502004e-06,0.00011774842748634955,0.00011774842748634955,0.5,0.0030881417151249436,-0.003085611186179443,64
response_mean,2,18,4.090907168605531e-07,0.00011558957011189367,0.00011558957011189367,0.5,0.0010886739437410155,-0.001087855762307294,64
public_task_span,5,3,4.061184881716897e-07,0.00011528714392704604,0.00011528714392704604,0.5,0.0009397886960869125,-0.0009389764591105688,64
final_prompt,10,0,-2.213880634371784e-09,-0.00011257764035152523,0.00011257764035152523,0.5,5.427860230611259e-06,-5.432287991880003e-06,64
final_prompt,0,29,3.9099541027073144e-07,0.00011148892089474265,0.00011148892089474265,0.5,-0.0010135333577636556,0.0010143153485841969,64
final_prompt,8,6,-7.329526852342993e-08,-0.00011044703805257812,0.00011044703805257812,0.5,-0.0002623859136292468,0.00026223932309219996,64
final_prompt,0,25,-2.546705672997005e-07,-0.00010767613219188602,0.00010767613219188602,0.5,0.0012086535584785356,-0.001209162899613135,64
response_first,4,16,1.1849529073485084e-06,0.00010651361914101363,0.00010651361914101363,0.5,0.002915217993177073,-0.0029128480873623756,64
response_mean,0,10,-6.796267370989709e-08,-0.00010645305295045856,0.00010645305295045856,0.5,0.00015906836733846656,-0.0001592042926858864,64
public_task_span,5,25,-1.1626270861554364e-06,-0.0001062776359705136,0.0001062776359705136,0.484375,0.0031307086501328714,-0.0031330339043051823,64
response_mean,0,29,1.7404818208824476e-07,0.00010121976485753974,0.00010121976485753974,0.5,0.0006916330457897705,-0.000691284949425594,64
response_mean,5,10,-1.1666919590412085e-06,-9.501226632468506e-05,9.501226632468506e-05,0.5,0.003421524735813373,-0.0034238581197314553,64
final_prompt,23,18,-3.0077220713181296e-09,-9.450394980282184e-05,9.450394980282184e-05,0.5,-7.517052427628953e-06,7.511036983486317e-06,64
response_first,4,9,-1.3499886790690509e-06,-9.30656296802282e-05,9.30656296802282e-05,0.5,0.0037832568687008452,-0.0037859568460589833,64
final_prompt,0,13,1.1956217347460483e-08,8.911100507798909e-05,8.911100507798909e-05,0.5,4.084667853020562e-05,-4.08227660955107e-05,64
final_prompt,15,25,2.754660499704187e-09,8.904447670416953e-05,8.904447670416953e-05,0.484375,-4.076278571574221e-06,4.0817878925736295e-06,64
public_task_span,0,24,1.2891723600290786e-07,8.878546757032398e-05,8.878546757032398e-05,0.5,2.716122980928428e-05,-2.6903395337278372e-05,64
public_task_span,13,0,-1.7769571059240204e-07,-8.876384533089433e-05,8.876384533089433e-05,0.5,-0.00024920817304519254,0.00024885278162400763,64
public_task_span,32,15,-1.6565763877691707e-08,-8.818047835708527e-05,8.818047835708527e-05,0.5,-8.361998880014664e-07,8.030683602460821e-07,64
public_task_span,4,12,-6.104978638149083e-07,-8.228679406836039e-05,8.228679406836039e-05,0.515625,0.002072716301881881,-0.00207393729760951,64
public_task_span,16,1,-4.913363227218145e-08,-8.219834340340947e-05,8.219834340340947e-05,0.5,0.0001741910800774214,-0.00017428934734196582,64
response_first,8,25,-5.317451722450478e-08,-8.03985317690116e-05,8.03985317690116e-05,0.5,-8.315634840980508e-05,8.304999937535607e-05,64
public_task_span,35,5,-2.5519966584966686e-08,-8.00608732161154e-05,8.00608732161154e-05,0.5,-4.541284397419212e-05,4.53618040410222e-05,64
final_prompt,5,27,-1.0154606116014216e-06,-7.979452445906835e-05,7.979452445906835e-05,0.5,0.0030267481524788196,-0.003028779073702023,64
response_mean,4,13,-5.13342456546031e-07,-7.764142007051525e-05,7.764142007051525e-05,0.5,0.001602434465894483,-0.0016034611508075752,64
final_prompt,7,15,2.4297150957863778e-09,7.677285694552026e-05,7.677285694552026e-05,0.5,-3.013972616372484e-06,3.0188320465640572e-06,64
response_first,12,1,-2.5599092618965838e-08,-7.549372720004758e-05,7.549372720004758e-05,0.5,7.024020396783805e-05,-7.029140215307599e-05,64
response_first,15,8,-1.271714609171813e-07,-7.53118129366669e-05,7.53118129366669e-05,0.5,-0.0006857597327325406,0.0006855053898107062,64
response_first,1,13,6.323165848760208e-07,7.449883593045188e-05,7.449883593045188e-05,0.5,0.0007957901169675175,-0.0007945254837977655,64
response_mean,14,2,1.0511655538775398e-08,7.359410340977826e-05,7.359410340977826e-05,0.5,-1.4563958529837757e-05,1.4584981840915313e-05,64
response_mean,6,16,4.3752515921098144e-07,7.317076550283799e-05,7.317076550283799e-05,0.5,0.000947448272199853,-0.0009465732218814311,64
response_first,6,4,-8.906208677204354e-07,-7.076437257703052e-05,7.076437257703052e-05,0.5,0.0033140105224447377,-0.0033157917641801786,64
response_mean,5,27,9.742628321882454e-07,6.919803116231012e-05,6.919803116231012e-05,0.5,0.003941588417205822,-0.0039396398915414466,64
final_prompt,8,26,-6.454320100156901e-08,-6.893675329171708e-05,6.893675329171708e-05,0.5,-9.963888805940939e-05,9.950980165740624e-05,64
final_prompt,18,29,2.243250492066026e-07,6.834504758082949e-05,6.834504758082949e-05,0.5,0.0007198184030130406,-0.0007193697529146273,64
public_task_span,27,9,-1.6301328289017707e-08,-6.630525312724801e-05,6.630525312724801e-05,0.5,-0.00017867848237071416,0.00017864587971413615,64
response_first,0,26,-4.979312961950623e-09,-6.411700395343717e-05,6.411700395343717e-05,0.5,-1.3966850701757168e-05,1.3956892075833267e-05,64
response_first,0,14,4.261673893773553e-07,6.122741740879907e-05,6.122741740879907e-05,0.5,-0.0005003383557777837,0.0005011906905565383,64
final_prompt,0,16,-2.326924004567607e-07,-5.857906876882084e-05,5.857906876882084e-05,0.5,0.002184269360441229,-0.002184734745242142,64
final_prompt,5,6,-2.633617590678183e-07,-5.7839105407741996e-05,5.7839105407741996e-05,0.5,0.0012742893099044728,-0.0012748160334226084,64
final_prompt,34,12,-2.2607309804382027e-08,-5.6510309647984865e-05,5.6510309647984865e-05,0.5,9.609016160468955e-07,-1.006116235655646e-06,64
final_prompt,0,23,-2.2062158677716142e-07,-5.59400021520446e-05,5.59400021520446e-05,0.5,-0.0012752608599839652,0.0012748196168104109,64
response_first,4,11,4.2872716221847677e-07,5.5874336887326724e-05,5.5874336887326724e-05,0.5,0.0014162140269036337,-0.0014153565725791965,64
response_first,18,3,3.065068199248344e-10,5.4817085132141314e-05,5.4817085132141314e-05,0.46875,5.096604418497463e-07,-5.090474282098967e-07,64
final_prompt,1,16,-9.01854946307343e-09,-5.450919555343906e-05,5.450919555343906e-05,0.5,-2.6751509153650873e-05,2.6733472054724733e-05,64
response_mean,2,20,-4.640708084502907e-07,-5.4080617921837644e-05,5.4080617921837644e-05,0.5,0.0024337817580999213,-0.002434709899716821,64
public_task_span,6,18,2.1731011656898197e-07,5.231813747236609e-05,5.231813747236609e-05,0.515625,0.0010700148814066848,-0.0010695802611735466,64
public_task_span,4,15,4.909447852665316e-07,5.177626364331806e-05,5.177626364331806e-05,0.5,0.0025086799741984665,-0.002507698084627933,64
response_mean,4,18,-4.900221028954861e-07,-5.121050768873272e-05,5.121050768873272e-05,0.5,0.002370334803345041,-0.0023713148475508323,64
response_first,4,2,5.976321517701336e-07,5.056062763963662e-05,5.056062763963662e-05,0.5,0.0031787112047823142,-0.003177515940478774,64
public_task_span,5,24,-4.3332329368467055e-07,-4.7156487827062925e-05,4.7156487827062925e-05,0.5,0.002624459470098363,-0.0026253261166857326,64
response_mean,4,10,3.647173798552658e-07,4.102005787369133e-05,4.102005787369133e-05,0.5,0.002085145437376926,-0.002084416002617216,64
final_prompt,9,11,2.8580871003211623e-10,4.005262408085653e-05,4.005262408085653e-05,0.5,5.184063667229566e-08,-5.126901925223127e-08,64
final_prompt,10,29,2.9043007992216833e-09,3.9159374250398164e-05,3.9159374250398164e-05,0.515625,-1.279551588595291e-05,1.280132448755135e-05,64
response_mean,5,23,3.896697648973508e-07,3.860300398145713e-05,3.860300398145713e-05,0.5,0.002865940078436322,-0.002865160738906527,64
response_mean,11,1,-2.7273927113951034e-08,-3.473783053442633e-05,3.473783053442633e-05,0.5,-5.634508033836296e-05,5.6290532484135064e-05,64
response_mean,0,26,3.61185357187341e-08,3.3814982788807765e-05,3.3814982788807765e-05,0.5,-0.00029447013093885624,0.0002945423680102937,64
response_first,8,2,-4.9511527322357134e-08,-3.215808886977853e-05,3.215808886977853e-05,0.484375,1.773319854691895e-05,-1.7832221601563666e-05,64
public_task_span,1,1,4.641697160624259e-08,2.9529690849935803e-05,2.9529690849935803e-05,0.5,0.0002751335669017906,-0.0002750407329585781,64
public_task_span,17,10,1.525258994672249e-07,2.710601844897308e-05,2.710601844897308e-05,0.5,-0.0012959202431375128,0.0012962252949364468,64
response_first,0,7,1.1528186399325407e-08,2.4205254138140206e-05,2.4205254138140206e-05,0.5,0.00021667550436174794,-0.00021665244798894933,64
response_mean,3,31,2.2301929902856284e-07,2.3598285562705406e-05,2.3598285562705406e-05,0.515625,0.002599701245685531,-0.0025992552070874743,64
public_task_span,5,21,1.3746239346714567e-07,1.829339149463246e-05,1.829339149463246e-05,0.5,0.0018533865923018515,-0.0018531116675149174,64
final_prompt,0,14,-2.0139850673430533e-08,-1.6842011853331134e-05,1.6842011853331134e-05,0.5,7.341852870013809e-05,-7.34588084014849e-05,64
response_mean,5,5,8.071401681178023e-08,1.5466007856645145e-05,1.5466007856645145e-05,0.5,0.000986240112979456,-0.0009860786849458325,64
public_task_span,0,21,-3.3898686531419475e-08,-1.516665032461978e-05,1.516665032461978e-05,0.5,0.00031715873774372603,-0.0003172265351167887,64
response_mean,0,24,-5.0034145712456385e-09,-1.4844133861412368e-05,1.4844133861412368e-05,0.5,2.1780882889288227e-05,-2.179088971843072e-05,64
public_task_span,29,1,-7.991616255689435e-09,-1.4179367259276602e-05,1.4179367259276602e-05,0.5,-0.0001297502321904041,0.00012973424895789271,64
response_mean,2,17,4.667890607303483e-08,1.3495297631354267e-05,1.3495297631354267e-05,0.5,9.549406968291092e-05,-9.540071187076474e-05,64
response_mean,17,15,-4.908406481162939e-08,-1.2931420955710967e-05,1.2931420955710967e-05,0.5,0.0002269701135446697,-0.00022706828167429302,64
response_mean,3,20,-3.798049873904438e-08,-1.2642925169280372e-05,1.2642925169280372e-05,0.5,-0.0005389156976889094,0.0005388397366914313,64
public_task_span,5,18,-1.0790472515411886e-07,-1.2497217394370574e-05,1.2497217394370574e-05,0.515625,0.002448139307489333,-0.0024483551169396404,64
final_prompt,4,9,-1.538910510069831e-07,-1.200776602766916e-05,1.200776602766916e-05,0.5,0.0032631852664053726,-0.0032634930485073857,64
response_first,0,13,6.733171176555655e-08,1.1768930527022869e-05,1.1768930527022869e-05,0.5,-0.0022474268043879407,0.002247561467811472,64
response_first,0,4,-1.7840648068758033e-08,-1.129831540852989e-05,1.129831540852989e-05,0.5,0.0005345730369299318,-0.0005346087182260693,64
final_prompt,2,22,-1.2830992091213134e-07,-1.109841349767263e-05,1.109841349767263e-05,0.5,0.003266334364298,-0.003266590984139824,64
final_prompt,0,12,2.7657733847948225e-09,1.083633508464017e-05,1.083633508464017e-05,0.5,-2.5580740839355813e-05,2.5586272386125423e-05,64
final_prompt,0,22,-4.656612873075275e-10,-9.558279070598831e-06,9.558279070598831e-06,0.5,1.0495271794745229e-05,-1.0496203117319846e-05,64
response_first,0,24,8.636334313011807e-09,9.483908182784119e-06,9.483908182784119e-06,0.5,-1.0670381016103086e-05,1.0687653684729079e-05,64
response_first,0,9,-4.487787919060793e-11,-2.4860730232688757e-06,2.4860730232688757e-06,0.5,3.071086752015617e-06,-3.0711765077739983e-06,64
final_prompt,0,24,7.128164734377984e-10,2.4014371017588075e-06,2.4014371017588075e-06,0.5,2.1901421973789108e-05,-2.189999634084224e-05,64
public_task_span,0,1,-1.2200871421844377e-09,-2.2383264900659703e-06,2.2383264900659703e-06,0.5,-0.00010185742667089688,0.00010185498649661248,64
response_first,0,28,-2.587796643638285e-11,-1.522434574452055e-06,1.522434574452055e-06,0.5,5.674149477385981e-06,-5.674201233318854e-06,64
final_prompt,6,23,-4.816342893493265e-10,-6.840516850587834e-07,6.840516850587834e-07,0.5,0.00018189690518966484,-0.00018189786845824356,64
response_first,0,15,7.275957614183426e-12,4.321491111753322e-07,4.321491111753322e-07,0.5,-4.249224730301648e-06,4.249239282216877e-06,64
pre_selector,3,29,2.168404344971009e-19,6.466666743752773e-17,6.466666743752773e-17,0.5,0.000845383075557041,-0.000845383075557041,64
pre_selector,12,9,-4.0657581468206416e-20,-5.297762069711715e-17,5.297762069711715e-17,0.5,-0.00013307854874255198,0.000133078548742552,64
pre_selector,21,0,-1.3552527156068805e-19,-5.081084874726428e-17,5.081084874726428e-17,0.5,-0.0005425325998658162,0.0005425325998658162,64
pre_selector,17,17,-3.2526065174565133e-19,-4.8175516332564303e-17,4.8175516332564303e-17,0.5,0.0030301376173156127,-0.0030301376173156127,64
pre_selector,17,7,-1.6263032587282567e-19,-4.7567546788359154e-17,4.7567546788359154e-17,0.5,0.00018876828835346368,-0.00018876828835346368,64
pre_selector,28,2,-2.168404344971009e-19,-4.469564934317508e-17,4.469564934317508e-17,0.5,-0.0027739955912693187,0.002773995591269319,64
pre_selector,32,5,-1.0842021724855044e-19,-4.303070767754007e-17,4.303070767754007e-17,0.5,-0.001739227403959347,0.0017392274039593467,64
pre_selector,30,22,-1.8973538018496328e-19,-4.2975207982137115e-17,4.2975207982137115e-17,0.5,-5.432136094895315e-05,5.432136094895315e-05,64
pre_selector,26,5,1.3552527156068805e-19,4.2023828634241797e-17,4.2023828634241797e-17,0.5,-0.00019375258216315435,0.00019375258216315438,64
pre_selector,9,12,-5.421010862427522e-20,-4.112989902915317e-17,4.112989902915317e-17,0.5,0.0006324804580799344,-0.0006324804580799344,64
pre_selector,3,28,-4.336808689942018e-19,-4.064316941859842e-17,4.064316941859842e-17,0.5,0.0029041043803488278,-0.002904104380348828,64
pre_selector,19,18,-2.710505431213761e-20,-3.892648358041226e-17,3.892648358041226e-17,0.5,-0.00012113941556890574,0.00012113941556890571,64
pre_selector,18,15,-1.0842021724855044e-19,-3.848449267609682e-17,3.848449267609682e-17,0.5,-1.1075448128391652e-05,1.1075448128391638e-05,64
pre_selector,13,2,1.0842021724855044e-19,3.8389134597053056e-17,3.8389134597053056e-17,0.5,-0.0007221666869554695,0.0007221666869554695,64
pre_selector,20,10,-5.421010862427522e-20,-3.828169805851021e-17,3.828169805851021e-17,0.5,-0.000307520373553411,0.00030752037355341106,64
pre_selector,17,28,-8.470329472543003e-21,-3.825051968496152e-17,3.825051968496152e-17,0.5,-3.506576354084703e-05,3.506576354084703e-05,64
pre_selector,24,21,-3.2526065174565133e-19,-3.744235980519795e-17,3.744235980519795e-17,0.5,-0.001574724708916609,0.0015747247089166094,64
pre_selector,26,0,1.0164395367051604e-19,3.630118313848776e-17,3.630118313848776e-17,0.5,-0.00020512778792180445,0.00020512778792180442,64
pre_selector,15,12,-1.0842021724855044e-19,-3.623074135119717e-17,3.623074135119717e-17,0.5,0.0003117527485301246,-0.0003117527485301246,64
pre_selector,25,15,-8.131516293641283e-20,-3.554089702146005e-17,3.554089702146005e-17,0.5,4.337415703047808e-05,-4.337415703047805e-05,64
pre_selector,20,13,-1.0842021724855044e-19,-3.502215071876208e-17,3.502215071876208e-17,0.5,-1.1470969184316376e-05,1.1470969184316295e-05,64
pre_selector,28,14,2.0328790734103208e-20,3.4949362104342003e-17,3.4949362104342003e-17,0.5,-0.00020906429381282852,0.00020906429381282852,64
pre_selector,21,2,1.3552527156068805e-19,3.491524471319831e-17,3.491524471319831e-17,0.5,-0.00019091404101345927,0.00019091404101345927,64
pre_selector,35,6,1.3552527156068805e-20,3.418404682837452e-17,3.418404682837452e-17,0.5,-5.433672845356837e-05,5.433672845356838e-05,64
pre_selector,35,29,5.421010862427522e-20,3.386661399570545e-17,3.386661399570545e-17,0.5,0.00036944320891052094,-0.00036944320891052094,64
pre_selector,20,16,5.421010862427522e-20,3.3297057521367456e-17,3.3297057521367456e-17,0.5,0.0005471120039146427,-0.0005471120039146427,64
pre_selector,18,3,6.776263578034403e-20,3.3195137686749627e-17,3.3195137686749627e-17,0.5,0.00024377893169002504,-0.00024377893169002507,64
pre_selector,0,20,4.336808689942018e-19,3.319508073254962e-17,3.319508073254962e-17,0.5,0.00031088984542292433,-0.00031088984542292477,64
pre_selector,3,23,1.6263032587282567e-19,3.3124328303390065e-17,3.3124328303390065e-17,0.5,0.0017449675142415593,-0.0017449675142415595,64
pre_selector,28,12,1.3010426069826053e-18,3.2552628372151146e-17,3.2552628372151146e-17,0.5,-0.008567046606913193,0.008567046606913192,64
pre_selector,25,0,-4.0657581468206416e-20,-3.2164290210712784e-17,3.2164290210712784e-17,0.5,-0.0007803477437846325,0.0007803477437846327,64
pre_selector,22,1,-3.3881317890172014e-20,-3.206774231672462e-17,3.206774231672462e-17,0.5,-3.4530901757536335e-05,3.453090175753633e-05,64
pre_selector,7,30,1.1858461261560205e-20,3.201646736110131e-17,3.201646736110131e-17,0.5,1.2167785826009367e-05,-1.2167785826009374e-05,64
pre_selector,0,1,1.6940658945086007e-20,3.192161029858814e-17,3.192161029858814e-17,0.5,7.596493696837811e-05,-7.596493696837812e-05,64
pre_selector,31,17,-5.421010862427522e-20,-3.18709625315937e-17,3.18709625315937e-17,0.5,-0.0001724091216601813,0.0001724091216601813,64
pre_selector,32,0,2.710505431213761e-19,3.171717889156678e-17,3.171717889156678e-17,0.5,-0.005120687623275416,0.005120687623275416,64
pre_selector,1,2,1.6263032587282567e-19,3.158304875207277e-17,3.158304875207277e-17,0.5,-0.0002940032645710874,0.00029400326457108735,64
pre_selector,4,1,-2.710505431213761e-19,-3.1572424757580137e-17,3.1572424757580137e-17,0.5,0.0017617685225559455,-0.0017617685225559455,64
pre_selector,0,18,5.421010862427522e-19,3.1528955616522815e-17,3.1528955616522815e-17,0.5,0.005780872568720934,-0.005780872568720934,64
pre_selector,4,8,1.6263032587282567e-19,3.1333490833341865e-17,3.1333490833341865e-17,0.5,0.0013527266573873774,-0.0013527266573873774,64
pre_selector,5,6,2.168404344971009e-19,3.097241179273889e-17,3.097241179273889e-17,0.5,0.0016428133994850248,-0.0016428133994850248,64
pre_selector,32,17,2.0328790734103208e-20,3.055679808028142e-17,3.055679808028142e-17,0.5,-0.0003369801597727657,0.0003369801597727658,64
pre_selector,5,4,1.0842021724855044e-19,3.030346372419684e-17,3.030346372419684e-17,0.5,0.0006989091893956458,-0.0006989091893956459,64
pre_selector,2,30,-1.6263032587282567e-19,-3.025088575568486e-17,3.025088575568486e-17,0.5,0.0010306781005056218,-0.0010306781005056218,64
pre_selector,11,24,-2.168404344971009e-19,-2.99868951742342e-17,2.99868951742342e-17,0.5,-0.0003560051409294906,0.0003560051409294908,64
pre_selector,19,21,2.710505431213761e-20,2.972486160741656e-17,2.972486160741656e-17,0.5,-0.0001476095276302637,0.0001476095276302637,64
pre_selector,30,30,-1.3552527156068805e-20,-2.967064802518353e-17,2.967064802518353e-17,0.5,0.0001173291334453,-0.0001173291334453,64
pre_selector,34,7,1.0842021724855044e-19,2.9648812566664635e-17,2.9648812566664635e-17,0.5,-0.0027582440816331343,0.0027582440816331343,64
pre_selector,12,23,2.0328790734103208e-20,2.9405545284824807e-17,2.9405545284824807e-17,0.5,-0.00011173173243150763,0.00011173173243150763,64
pre_selector,21,4,-1.6940658945086007e-20,-2.929535625868013e-17,2.929535625868013e-17,0.5,-1.586714370205518e-05,1.5867143702055195e-05,64
pre_selector,20,6,5.421010862427522e-20,2.9128633502739226e-17,2.9128633502739226e-17,0.5,-0.00029705237466260944,0.00029705237466260944,64
pre_selector,14,10,9.486769009248164e-20,2.902367232616378e-17,2.902367232616378e-17,0.5,0.00024895935712264985,-0.0002489593571226499,64
pre_selector,34,29,3.3881317890172014e-20,2.8791218908946214e-17,2.8791218908946214e-17,0.5,-0.0006894677753734596,0.0006894677753734595,64
pre_selector,10,7,-2.710505431213761e-20,-2.8697923257539683e-17,2.8697923257539683e-17,0.5,-7.29319926904309e-05,7.29319926904309e-05,64
pre_selector,20,15,4.336808689942018e-19,2.850243725045709e-17,2.850243725045709e-17,0.5,-0.0011138835543533817,0.0011138835543533813,64
pre_selector,25,2,-9.317362419797304e-21,-2.8459753844151115e-17,2.8459753844151115e-17,0.5,-8.52726604989427e-05,8.527266049894271e-05,64
pre_selector,35,5,1.3552527156068805e-19,2.804383813291471e-17,2.804383813291471e-17,0.5,-0.0004344489098002718,0.00043444890980027194,64
pre_selector,1,30,5.421010862427522e-20,2.800434250198103e-17,2.800434250198103e-17,0.5,-0.0008137524673656937,0.0008137524673656937,64
pre_selector,19,4,-1.3552527156068805e-19,-2.7759756075599446e-17,2.7759756075599446e-17,0.5,-0.00035192002542317185,0.0003519200254231718,64
pre_selector,11,3,-5.421010862427522e-20,-2.761329494243147e-17,2.761329494243147e-17,0.5,-0.0006504370212496665,0.0006504370212496667,64
pre_selector,4,28,-1.0842021724855044e-19,-2.757187126611814e-17,2.757187126611814e-17,0.5,0.0011581122180359575,-0.0011581122180359573,64
pre_selector,8,19,8.809142651444724e-20,2.7435288144343048e-17,2.7435288144343048e-17,0.5,-8.943932334659377e-05,8.943932334659385e-05,64
pre_selector,7,21,1.3552527156068805e-20,2.7420494093001573e-17,2.7420494093001573e-17,0.5,-0.00012629213597392484,0.00012629213597392484,64
pre_selector,12,28,5.421010862427522e-20,2.7406140666227106e-17,2.7406140666227106e-17,0.5,-0.0001387229694955795,0.00013872296949557944,64
pre_selector,22,21,-4.336808689942018e-19,-2.7308177185182763e-17,2.7308177185182763e-17,0.5,0.00030555060948244013,-0.00030555060948244035,64
pre_selector,22,29,-6.505213034913027e-19,-2.7263161689708895e-17,2.7263161689708895e-17,0.5,-0.0018627165118232248,0.0018627165118232252,64
pre_selector,3,7,2.168404344971009e-19,2.714381751271086e-17,2.714381751271086e-17,0.5,0.002059992919384949,-0.002059992919384949,64
pre_selector,28,7,-6.776263578034403e-20,-2.696922501609837e-17,2.696922501609837e-17,0.5,-0.0007563548033431323,0.0007563548033431325,64
pre_selector,3,4,-2.168404344971009e-19,-2.6836346761250492e-17,2.6836346761250492e-17,0.5,0.0018148705239582454,-0.0018148705239582454,64
pre_selector,23,15,-4.0657581468206416e-20,-2.682352464962665e-17,2.682352464962665e-17,0.5,0.0001690219951342393,-0.0001690219951342393,64
pre_selector,33,1,2.710505431213761e-20,2.6790112862292162e-17,2.6790112862292162e-17,0.5,-0.0003751124640984907,0.0003751124640984907,64
pre_selector,27,30,5.421010862427522e-20,2.6710001367319924e-17,2.6710001367319924e-17,0.5,-0.0007649168010175173,0.0007649168010175172,64
pre_selector,26,9,5.929230630780102e-21,2.6572557686513753e-17,2.6572557686513753e-17,0.5,-4.375705975689761e-05,4.375705975689761e-05,64
pre_selector,32,10,-3.2526065174565133e-19,-2.651005542586765e-17,2.651005542586765e-17,0.5,-0.0067770465102512095,0.0067770465102512095,64
pre_selector,13,26,-3.3881317890172014e-20,-2.6481388624409868e-17,2.6481388624409868e-17,0.5,-0.00025477847884758647,0.0002547784788475864,64
pre_selector,15,25,-5.421010862427522e-20,-2.6318535455265015e-17,2.6318535455265015e-17,0.5,0.0005401632770371906,-0.0005401632770371907,64
pre_selector,31,16,-7.623296525288703e-21,-2.6291442663539177e-17,2.6291442663539177e-17,0.5,4.102159209648722e-06,-4.102159209648729e-06,64
pre_selector,3,10,1.8973538018496328e-19,2.6228013744757862e-17,2.6228013744757862e-17,0.5,0.0006584279581147717,-0.0006584279581147717,64
pre_selector,11,13,-4.0657581468206416e-20,-2.6062161076569766e-17,2.6062161076569766e-17,0.5,0.0006150359986349854,-0.0006150359986349854,64
pre_selector,32,18,-6.776263578034403e-21,-2.5961725303447385e-17,2.5961725303447385e-17,0.5,-2.04350476451347e-05,2.04350476451347e-05,64
pre_selector,30,11,-3.2526065174565133e-19,-2.5946334398288612e-17,2.5946334398288612e-17,0.5,-0.0021152118424651967,0.0021152118424651975,64
pre_selector,1,3,-1.6263032587282567e-19,-2.5878937944516336e-17,2.5878937944516336e-17,0.5,-0.0002084437510348,0.00020844375103479994,64
pre_selector,27,26,2.168404344971009e-19,2.5738381364797836e-17,2.5738381364797836e-17,0.5,-0.00019681908452185,0.00019681908452185,64
pre_selector,35,25,-2.710505431213761e-20,-2.5714254882949146e-17,2.5714254882949146e-17,0.5,-0.00045716975273532725,0.0004571697527353273,64
pre_selector,35,19,3.2526065174565133e-19,2.5702770514279314e-17,2.5702770514279314e-17,0.5,-0.0026855596806854127,0.0026855596806854122,64
pre_selector,4,3,-1.0842021724855044e-19,-2.533675237495019e-17,2.533675237495019e-17,0.5,0.0005634637800540064,-0.0005634637800540064,64
pre_selector,22,24,-1.0842021724855044e-19,-2.533011975380564e-17,2.533011975380564e-17,0.5,0.0002249114295409313,-0.00022491142954093128,64
pre_selector,24,28,1.0842021724855044e-19,2.5314731715817484e-17,2.5314731715817484e-17,0.5,-0.0025018241140059936,0.002501824114005994,64
pre_selector,19,1,3.3881317890172014e-20,2.5266439496336232e-17,2.5266439496336232e-17,0.5,-4.962270395476311e-06,4.9622703954763385e-06,64
pre_selector,18,30,-1.8973538018496328e-19,-2.5246998517267542e-17,2.5246998517267542e-17,0.5,-7.798978549544992e-05,7.798978549544981e-05,64
pre_selector,14,31,2.879912020664621e-20,2.5101628247819104e-17,2.5101628247819104e-17,0.5,-0.00020532240887404212,0.00020532240887404212,64
pre_selector,26,1,-1.0842021724855044e-19,-2.5050196795739213e-17,2.5050196795739213e-17,0.5,0.00022653849009657512,-0.000226538490096575,64
pre_selector,12,6,-5.421010862427522e-20,-2.4895643464533413e-17,2.4895643464533413e-17,0.5,0.00032390736305386536,-0.0003239073630538653,64
pre_selector,10,12,-3.3881317890172014e-20,-2.4749869205357272e-17,2.4749869205357272e-17,0.5,-0.0005575805189437213,0.0005575805189437213,64
pre_selector,21,5,-5.421010862427522e-20,-2.4666994964471924e-17,2.4666994964471924e-17,0.5,0.00066831036383517,-0.00066831036383517,64
pre_selector,11,17,1.3552527156068805e-20,2.4600414273358497e-17,2.4600414273358497e-17,0.5,-3.187180391250893e-05,3.187180391250893e-05,64
pre_selector,22,22,4.0657581468206416e-20,2.4589309229616347e-17,2.4589309229616347e-17,0.5,0.00042685419430199377,-0.00042685419430199377,64
pre_selector,9,11,2.710505431213761e-20,2.451718969334625e-17,2.451718969334625e-17,0.5,-4.0815310057946286e-05,4.0815310057946286e-05,64
pre_selector,15,19,-2.710505431213761e-20,-2.4510825305915288e-17,2.4510825305915288e-17,0.5,0.0001827860114644836,-0.00018278601146448357,64
pre_selector,15,2,-2.710505431213761e-20,-2.44634219221553e-17,2.44634219221553e-17,0.5,-3.402025504328429e-05,3.402025504328428e-05,64
pre_selector,18,18,1.6940658945086007e-20,2.4448436966786866e-17,2.4448436966786866e-17,0.5,0.0002232904352865563,-0.0002232904352865563,64
pre_selector,1,12,2.168404344971009e-19,2.4323209386613754e-17,2.4323209386613754e-17,0.5,-0.0016518112461199187,0.0016518112461199187,64
pre_selector,23,8,-5.421010862427522e-20,-2.4293216063365567e-17,2.4293216063365567e-17,0.5,0.0006800583514632191,-0.0006800583514632191,64
pre_selector,33,27,-8.470329472543003e-21,-2.4177580759164896e-17,2.4177580759164896e-17,0.5,-7.888216759965974e-05,7.888216759965974e-05,64
pre_selector,15,16,-2.710505431213761e-20,-2.41617222618367e-17,2.41617222618367e-17,0.5,-7.158050721049514e-07,7.15805072104992e-07,64
pre_selector,16,23,1.0842021724855044e-19,2.4161265177510773e-17,2.4161265177510773e-17,0.5,0.0002909829854615938,-0.0002909829854615938,64
pre_selector,11,28,3.3881317890172014e-21,2.4154928421326458e-17,2.4154928421326458e-17,0.5,-3.160392452632397e-06,3.1603924526323952e-06,64
pre_selector,2,0,-1.0842021724855044e-19,-2.4141744822632202e-17,2.4141744822632202e-17,0.5,0.0013431121187750346,-0.0013431121187750346,64
pre_selector,12,1,-2.371692252312041e-20,-2.4096799489784605e-17,2.4096799489784605e-17,0.5,0.00011395016008462815,-0.00011395016008462814,64
pre_selector,24,12,-2.168404344971009e-19,-2.4020448393805015e-17,2.4020448393805015e-17,0.5,0.0016609882732154617,-0.001660988273215462,64
pre_selector,14,21,-2.710505431213761e-20,-2.3887501530319373e-17,2.3887501530319373e-17,0.5,-3.793888481595313e-05,3.793888481595309e-05,64
pre_selector,35,11,5.421010862427522e-20,2.3751413549353508e-17,2.3751413549353508e-17,0.5,-0.0006768977473256958,0.0006768977473256957,64
pre_selector,16,1,1.3552527156068805e-20,2.3742615746991865e-17,2.3742615746991865e-17,0.5,0.0001298780093747882,-0.00012987800937478824,64
pre_selector,7,19,-3.3881317890172014e-21,-2.3722950774197154e-17,2.3722950774197154e-17,0.5,3.6903577438354913e-06,-3.690357743835493e-06,64
pre_selector,2,24,1.6263032587282567e-19,2.3674138723007816e-17,2.3674138723007816e-17,0.5,0.0007205605870694811,-0.0007205605870694812,64
pre_selector,15,30,2.117582368135751e-21,2.3529840659974507e-17,2.3529840659974507e-17,0.5,1.1922451591317418e-05,-1.1922451591317418e-05,64
pre_selector,23,3,1.3552527156068805e-20,2.348199603216283e-17,2.348199603216283e-17,0.5,0.00019812776190519343,-0.00019812776190519343,64
pre_selector,27,23,1.6940658945086007e-20,2.334147960738389e-17,2.334147960738389e-17,0.5,-0.00010707909223128408,0.0001070790922312841,64
pre_selector,16,28,-1.0842021724855044e-19,-2.3323722118592804e-17,2.3323722118592804e-17,0.5,0.0013663656791322672,-0.0013663656791322674,64
pre_selector,13,13,-6.776263578034403e-20,-2.3288331963573302e-17,2.3288331963573302e-17,0.5,-0.00021881699467484378,0.00021881699467484375,64
pre_selector,24,4,5.421010862427522e-20,2.324555003861463e-17,2.324555003861463e-17,0.5,-0.00038275171391432525,0.00038275171391432525,64
pre_selector,13,20,6.776263578034403e-21,2.322213331428639e-17,2.322213331428639e-17,0.5,7.35773410269699e-05,-7.35773410269699e-05,64
pre_selector,20,2,4.0657581468206416e-20,2.3167460275338652e-17,2.3167460275338652e-17,0.5,0.00040520484071747485,-0.0004052048407174749,64
pre_selector,8,25,5.082197683525802e-21,2.3127366679035056e-17,2.3127366679035056e-17,0.5,-5.40874279977158e-05,5.40874279977158e-05,64
pre_selector,24,8,5.421010862427522e-19,2.3079087131396704e-17,2.3079087131396704e-17,0.5,-0.010153586423257354,0.010153586423257355,64
pre_selector,24,29,-2.168404344971009e-19,-2.3055028546556523e-17,2.3055028546556523e-17,0.5,-0.007030812870652853,0.007030812870652852,64
pre_selector,11,0,-2.439454888092385e-19,-2.304037428688247e-17,2.304037428688247e-17,0.5,0.00121366849634795,-0.0012136684963479501,64
pre_selector,20,31,4.0657581468206416e-20,2.2969998108128022e-17,2.2969998108128022e-17,0.5,0.0003494795892038287,-0.00034947958920382877,64
pre_selector,15,7,2.0328790734103208e-20,2.2956915983811662e-17,2.2956915983811662e-17,0.5,1.9160992451374106e-05,-1.9160992451374066e-05,64
pre_selector,23,14,1.0842021724855044e-19,2.285730988818549e-17,2.285730988818549e-17,0.5,0.00014419079434445045,-0.0001441907943444504,64
pre_selector,29,0,-7.589415207398531e-19,-2.2774888447402025e-17,2.2774888447402025e-17,0.5,-0.011763383023207999,0.011763383023208,64
pre_selector,30,17,4.336808689942018e-19,2.2770882009532033e-17,2.2770882009532033e-17,0.5,-0.01201580699125768,0.01201580699125768,64
pre_selector,26,20,1.3552527156068805e-20,2.2707823297085413e-17,2.2707823297085413e-17,0.5,7.326116610784336e-05,-7.326116610784336e-05,64
pre_selector,10,18,1.3552527156068805e-20,2.26780566798404e-17,2.26780566798404e-17,0.5,3.0508599593308855e-05,-3.0508599593308868e-05,64
pre_selector,15,11,-5.082197683525802e-21,-2.2667744552675986e-17,2.2667744552675986e-17,0.5,3.477955590368598e-05,-3.4779555903685985e-05,64
pre_selector,23,1,4.0657581468206416e-20,2.2559380420307325e-17,2.2559380420307325e-17,0.5,0.0002737425838858906,-0.0002737425838858906,64
pre_selector,24,22,3.2526065174565133e-19,2.248707476599133e-17,2.248707476599133e-17,0.5,0.0015878331832937156,-0.0015878331832937154,64
pre_selector,2,2,-2.168404344971009e-19,-2.2368558078475527e-17,2.2368558078475527e-17,0.5,0.002850540942745285,-0.002850540942745285,64
pre_selector,8,3,-1.0164395367051604e-20,-2.2224792135668684e-17,2.2224792135668684e-17,0.5,-0.0001187682000818196,0.00011876820008181959,64
pre_selector,2,22,2.168404344971009e-19,2.2211838578352766e-17,2.2211838578352766e-17,0.5,0.0026723667851910994,-0.0026723667851910994,64
pre_selector,29,22,2.710505431213761e-20,2.2184708611786615e-17,2.2184708611786615e-17,0.5,-0.0004963225965184156,0.0004963225965184156,64
pre_selector,2,10,-2.168404344971009e-19,-2.213202870631834e-17,2.213202870631834e-17,0.5,-0.00013080338976579372,0.00013080338976579394,64
pre_selector,28,1,6.776263578034403e-20,2.208818258188525e-17,2.208818258188525e-17,0.5,-0.0014822291486779782,0.0014822291486779782,64
pre_selector,5,30,5.421010862427522e-20,2.204877715443108e-17,2.204877715443108e-17,0.5,0.0006931026185270619,-0.0006931026185270618,64
pre_selector,15,24,-3.3881317890172014e-21,-2.1895653804994087e-17,2.1895653804994087e-17,0.5,-2.5746330948081477e-05,2.574633094808148e-05,64
pre_selector,18,12,-5.082197683525802e-21,-2.1894006881738998e-17,2.1894006881738998e-17,0.5,0.0001090988943133085,-0.00010909889431330851,64
pre_selector,35,3,9.486769009248164e-20,2.1864343062243902e-17,2.1864343062243902e-17,0.5,-0.0001625170079933093,0.00016251700799330918,64
pre_selector,6,31,-5.421010862427522e-20,-2.1805482105381232e-17,2.1805482105381232e-17,0.5,0.0002493833353582889,-0.0002493833353582888,64
pre_selector,1,19,-1.0842021724855044e-19,-2.1790748635583152e-17,2.1790748635583152e-17,0.5,0.0001234829032909922,-0.00012348290329099236,64
pre_selector,6,9,1.3552527156068805e-20,2.170907126852752e-17,2.170907126852752e-17,0.5,-0.0002228489324806889,0.0002228489324806889,64
pre_selector,35,28,-1.3552527156068805e-20,-2.1640045751971964e-17,2.1640045751971964e-17,0.5,-0.00013162619779904974,0.0001316261977990498,64
pre_selector,22,14,-8.131516293641283e-20,-2.1602719993400568e-17,2.1602719993400568e-17,0.5,-0.001522466191090624,0.0015224661910906243,64
pre_selector,14,8,-2.710505431213761e-20,-2.1558681710206177e-17,2.1558681710206177e-17,0.5,0.00020802869039469619,-0.00020802869039469616,64
pre_selector,16,2,-1.3552527156068805e-20,-2.153073496637259e-17,2.153073496637259e-17,0.5,2.3594472850148944e-05,-2.3594472850148947e-05,64
pre_selector,31,18,-1.0164395367051604e-20,-2.1370047438870472e-17,2.1370047438870472e-17,0.5,-3.304198799021855e-06,3.304198799021862e-06,64
pre_selector,34,13,-1.6940658945086007e-21,-2.135193388265486e-17,2.135193388265486e-17,0.5,2.3844354473158805e-06,-2.3844354473158797e-06,64
pre_selector,22,16,-4.0657581468206416e-20,-2.1336825894736396e-17,2.1336825894736396e-17,0.5,-4.043616354465979e-05,4.0436163544659834e-05,64
pre_selector,1,22,-4.336808689942018e-19,-2.1314279708833724e-17,2.1314279708833724e-17,0.5,-0.0022673502389807315,0.002267350238980731,64
pre_selector,6,21,2.710505431213761e-20,2.1311628619226646e-17,2.1311628619226646e-17,0.5,0.00018432391698297614,-0.00018432391698297611,64
pre_selector,17,3,-8.131516293641283e-20,-2.1233599079864675e-17,2.1233599079864675e-17,0.5,0.0009372478380100782,-0.0009372478380100782,64
pre_selector,25,22,8.470329472543003e-21,2.117787770324427e-17,2.117787770324427e-17,0.5,2.1335437850215366e-05,-2.133543785021537e-05,64
pre_selector,22,8,-4.0657581468206416e-20,-2.11498333397686e-17,2.11498333397686e-17,0.5,-0.00036684826773125255,0.00036684826773125255,64
pre_selector,31,25,2.0328790734103208e-20,2.110063931626418e-17,2.110063931626418e-17,0.5,-0.00029729777111243435,0.00029729777111243435,64
pre_selector,35,13,-9.486769009248164e-20,-2.1074248666873525e-17,2.1074248666873525e-17,0.5,0.00011748469114535314,-0.00011748469114535308,64
pre_selector,30,29,-8.470329472543003e-21,-2.1005900772334883e-17,2.1005900772334883e-17,0.5,-4.744235911857397e-05,4.744235911857397e-05,64
pre_selector,10,9,1.0842021724855044e-19,2.100287434141375e-17,2.100287434141375e-17,0.5,-0.0011814012541435585,0.0011814012541435585,64
pre_selector,34,28,-5.421010862427522e-20,-2.0978391004234537e-17,2.0978391004234537e-17,0.5,-0.001393327040204872,0.001393327040204872,64
pre_selector,28,6,8.131516293641283e-20,2.093326450014063e-17,2.093326450014063e-17,0.5,-0.0009097408546949706,0.0009097408546949706,64
pre_selector,28,20,3.3881317890172014e-21,2.0915741237738e-17,2.0915741237738e-17,0.5,-0.00011165423165946343,0.00011165423165946342,64
pre_selector,13,23,-1.6940658945086007e-20,-2.0871453548060265e-17,2.0871453548060265e-17,0.5,-8.998760313261421e-05,8.998760313261417e-05,64
pre_selector,0,14,1.0842021724855044e-19,2.0765588792628662e-17,2.0765588792628662e-17,0.5,-0.0001129464217228777,0.00011294642172287762,64
pre_selector,32,22,-2.0328790734103208e-20,-2.0744983926709297e-17,2.0744983926709297e-17,0.5,-2.544598282839061e-05,2.5445982828390624e-05,64
pre_selector,3,19,1.0842021724855044e-19,2.0729217577955058e-17,2.0729217577955058e-17,0.5,-1.7058482626404253e-06,1.7058482626407506e-06,64
pre_selector,25,4,6.776263578034403e-20,2.069129280563976e-17,2.069129280563976e-17,0.5,-0.0007466958741133562,0.0007466958741133562,64
pre_selector,28,19,2.710505431213761e-20,2.0670025058379106e-17,2.0670025058379106e-17,0.5,-0.000605801580604738,0.000605801580604738,64
pre_selector,4,18,-2.168404344971009e-19,-2.064238916121468e-17,2.064238916121468e-17,0.5,0.0027654197392621557,-0.0027654197392621557,64
pre_selector,24,6,-6.776263578034403e-21,-2.0560997665603068e-17,2.0560997665603068e-17,0.5,1.1792784107451831e-05,-1.1792784107451824e-05,64
pre_selector,3,3,5.421010862427522e-20,2.052373032293819e-17,2.052373032293819e-17,0.5,0.0008477030587528241,-0.000847703058752824,64
pre_selector,8,6,2.710505431213761e-20,2.0492852218213704e-17,2.0492852218213704e-17,0.5,0.0002297227365488645,-0.00022972273654886448,64
pre_selector,28,22,-4.0657581468206416e-20,-2.0468038952193184e-17,2.0468038952193184e-17,0.5,-0.00019491712009766528,0.00019491712009766526,64
pre_selector,34,31,-1.3552527156068805e-20,-2.0449364294318254e-17,2.0449364294318254e-17,0.5,-0.00036954851657353745,0.00036954851657353745,64
pre_selector,14,22,6.776263578034403e-21,2.0373932226066614e-17,2.0373932226066614e-17,0.5,-8.054403906508203e-06,8.0544039065082e-06,64
pre_selector,3,14,-2.168404344971009e-19,-2.0340586507212018e-17,2.0340586507212018e-17,0.5,0.0026690109721130423,-0.002669010972113042,64
pre_selector,13,5,6.776263578034403e-20,2.033972727123936e-17,2.033972727123936e-17,0.5,0.00041656717803561556,-0.00041656717803561567,64
pre_selector,29,30,-5.082197683525802e-21,-2.0333587946126505e-17,2.0333587946126505e-17,0.5,2.016195344366576e-05,-2.0161953443665754e-05,64
pre_selector,33,12,4.336808689942018e-19,2.0260416756624032e-17,2.0260416756624032e-17,0.5,-0.006933369004400421,0.006933369004400421,64
pre_selector,34,27,1.3552527156068805e-20,2.019824404515551e-17,2.019824404515551e-17,0.5,-3.774111200982397e-05,3.774111200982396e-05,64
pre_selector,14,1,1.3552527156068805e-20,2.0082764693122307e-17,2.0082764693122307e-17,0.5,-1.4109366929918751e-05,1.4109366929918744e-05,64
pre_selector,14,27,-6.098637220230962e-20,-2.0063034720650374e-17,2.0063034720650374e-17,0.5,8.29224518383748e-05,-8.292245183837463e-05,64
pre_selector,7,23,-2.710505431213761e-19,-1.997819798125397e-17,1.997819798125397e-17,0.5,-0.0014605594478780315,0.0014605594478780308,64
pre_selector,4,19,2.168404344971009e-19,1.99124879371465e-17,1.99124879371465e-17,0.5,0.0028366410997478085,-0.0028366410997478085,64
pre_selector,5,21,2.168404344971009e-19,1.989851329763621e-17,1.989851329763621e-17,0.5,0.0030960904496168916,-0.0030960904496168916,64
pre_selector,21,17,-8.131516293641283e-20,-1.985242726965499e-17,1.985242726965499e-17,0.5,0.002335226701688931,-0.002335226701688931,64
pre_selector,13,27,5.082197683525802e-20,1.9791090226142473e-17,1.9791090226142473e-17,0.5,9.167868847726423e-05,-9.167868847726417e-05,64
pre_selector,34,30,-5.421010862427522e-20,-1.9752050876587964e-17,1.9752050876587964e-17,0.5,-0.0012527018516266058,0.001252701851626606,64
pre_selector,17,9,-2.439454888092385e-19,-1.9709886415729824e-17,1.9709886415729824e-17,0.5,0.000870693576871419,-0.0008706935768714192,64
pre_selector,4,4,3.2526065174565133e-19,1.9709363579911464e-17,1.9709363579911464e-17,0.5,0.0012765466526616371,-0.0012765466526616376,64
pre_selector,27,5,-5.421010862427522e-20,-1.9609311676179482e-17,1.9609311676179482e-17,0.5,-0.000675926588883175,0.000675926588883175,64
pre_selector,14,7,-4.743384504624082e-20,-1.9589030705343634e-17,1.9589030705343634e-17,0.5,0.0002810385158227187,-0.0002810385158227188,64
pre_selector,35,4,1.3552527156068805e-20,1.9504694331579458e-17,1.9504694331579458e-17,0.5,1.4321039998316583e-05,-1.4321039998316563e-05,64
pre_selector,21,25,1.0842021724855044e-19,1.9380403931365616e-17,1.9380403931365616e-17,0.5,0.00080029344098875,-0.0008002934409887498,64
pre_selector,30,12,-2.0328790734103208e-20,-1.9347713889522052e-17,1.9347713889522052e-17,0.5,-0.00011361366068741305,0.00011361366068741305,64
pre_selector,4,24,-5.421010862427522e-20,-1.9302592955864625e-17,1.9302592955864625e-17,0.5,0.0006915136027600952,-0.0006915136027600952,64
pre_selector,8,27,-2.710505431213761e-20,-1.9276751651899713e-17,1.9276751651899713e-17,0.5,-0.00017556160673847827,0.00017556160673847825,64
pre_selector,6,28,1.3552527156068805e-20,1.924118549836695e-17,1.924118549836695e-17,0.5,0.00012333247877905403,-0.00012333247877905403,64
pre_selector,33,7,1.0164395367051604e-20,1.9167122296832167e-17,1.9167122296832167e-17,0.5,-0.00019947439250244628,0.00019947439250244628,64
pre_selector,30,1,2.710505431213761e-20,1.915469306135304e-17,1.915469306135304e-17,0.5,-0.00032823610126796497,0.00032823610126796497,64
pre_selector,22,7,-5.421010862427522e-20,-1.914706072346192e-17,1.914706072346192e-17,0.5,-0.000190795511116458,0.00019079551111645792,64
pre_selector,19,28,2.710505431213761e-20,1.910945904685275e-17,1.910945904685275e-17,0.5,0.0002661919061210819,-0.0002661919061210819,64
pre_selector,17,22,-6.776263578034403e-21,-1.9105277995932764e-17,1.9105277995932764e-17,0.5,9.960448278432885e-05,-9.960448278432886e-05,64
pre_selector,4,16,-2.168404344971009e-19,-1.9102252892347166e-17,1.9102252892347166e-17,0.5,0.003047170745503551,-0.0030471707455035513,64
pre_selector,24,13,-1.3552527156068805e-19,-1.9048122880438016e-17,1.9048122880438016e-17,0.5,-0.0006417044714908033,0.0006417044714908031,64
pre_selector,30,7,-1.3552527156068805e-20,-1.90237742247049e-17,1.90237742247049e-17,0.5,5.373761814552168e-05,-5.37376181455217e-05,64
pre_selector,3,18,1.0842021724855044e-19,1.8919577768803056e-17,1.8919577768803056e-17,0.5,-0.0011222120083402782,0.0011222120083402782,64
pre_selector,9,10,5.082197683525802e-21,1.8873118978297543e-17,1.8873118978297543e-17,0.5,1.007368814497811e-05,-1.00736881449781e-05,64
pre_selector,10,14,1.0842021724855044e-19,1.8841175627780617e-17,1.8841175627780617e-17,0.5,0.00028989480051677175,-0.00028989480051677197,64
pre_selector,20,21,-2.710505431213761e-20,-1.877588798723319e-17,1.877588798723319e-17,0.5,4.823336712432527e-05,-4.8233367124325254e-05,64
pre_selector,32,8,-2.168404344971009e-19,-1.876591634880265e-17,1.876591634880265e-17,0.5,-0.006777690636226897,0.006777690636226897,64
pre_selector,23,16,2.710505431213761e-20,1.8757510681048506e-17,1.8757510681048506e-17,0.5,8.957932777774398e-05,-8.957932777774402e-05,64
pre_selector,24,27,1.0842021724855044e-19,1.87272284896378e-17,1.87272284896378e-17,0.5,-0.00024051407672231854,0.00024051407672231892,64
pre_selector,33,6,1.6263032587282567e-19,1.870447553525587e-17,1.870447553525587e-17,0.5,-0.004077919729752431,0.004077919729752431,64
pre_selector,2,26,8.131516293641283e-20,1.8701206835385962e-17,1.8701206835385962e-17,0.5,0.0004672252835007376,-0.00046722528350073747,64
pre_selector,0,24,-1.0842021724855044e-19,-1.8689295371440234e-17,1.8689295371440234e-17,0.5,-5.982741276965931e-05,5.982741276965931e-05,64
pre_selector,17,12,-1.3552527156068805e-20,-1.867472701094654e-17,1.867472701094654e-17,0.5,-5.286970554152169e-05,5.286970554152171e-05,64
pre_selector,3,24,2.168404344971009e-19,1.8612019674017414e-17,1.8612019674017414e-17,0.5,0.0029942731621304007,-0.0029942731621304007,64
pre_selector,9,0,1.1858461261560205e-20,1.853086647593214e-17,1.853086647593214e-17,0.5,-0.0001377167009195511,0.00013771670091955105,64
pre_selector,10,21,-2.710505431213761e-20,-1.8438457455974164e-17,1.8438457455974164e-17,0.5,0.0007985780976014081,-0.000798578097601408,64
pre_selector,29,2,-2.168404344971009e-19,-1.840525808579849e-17,1.840525808579849e-17,0.5,-0.0026035575065179654,0.0026035575065179654,64
pre_selector,29,8,2.0328790734103208e-20,1.822536744090884e-17,1.822536744090884e-17,0.5,-0.0007486746208087176,0.0007486746208087175,64
pre_selector,4,2,5.421010862427522e-20,1.8216057298632914e-17,1.8216057298632914e-17,0.5,0.0002616771180328359,-0.0002616771180328359,64
pre_selector,3,26,-1.0842021724855044e-19,-1.821505504877548e-17,1.821505504877548e-17,0.5,0.0014938536255613127,-0.001493853625561313,64
pre_selector,18,2,-1.3552527156068805e-20,-1.8190570928766972e-17,1.8190570928766972e-17,0.5,-0.00016275919483633747,0.0001627591948363375,64
pre_selector,23,18,-3.3881317890172014e-21,-1.8140695795265977e-17,1.8140695795265977e-17,0.5,-2.202089325464511e-05,2.2020893254645113e-05,64
pre_selector,31,28,5.421010862427522e-19,1.8035533699719028e-17,1.8035533699719028e-17,0.5,-0.009437624452402798,0.009437624452402796,64
pre_selector,31,26,-2.710505431213761e-20,-1.793744235262725e-17,1.793744235262725e-17,0.5,-0.0004464929616005827,0.00044649296160058274,64
pre_selector,33,2,-6.776263578034403e-21,-1.7761003961696197e-17,1.7761003961696197e-17,0.5,1.146752754265295e-05,-1.146752754265295e-05,64
pre_selector,4,30,-1.0842021724855044e-19,-1.7753522612523147e-17,1.7753522612523147e-17,0.5,0.00038779399619670086,-0.00038779399619670075,64
pre_selector,20,12,-5.421010862427522e-20,-1.7735352566947144e-17,1.7735352566947144e-17,0.5,0.0004707267871708375,-0.00047072678717083744,64
pre_selector,17,10,2.168404344971009e-19,1.768922014931967e-17,1.768922014931967e-17,0.5,-0.0011872364120790718,0.0011872364120790722,64
pre_selector,4,0,-2.168404344971009e-19,-1.7595291969398112e-17,1.7595291969398112e-17,0.5,0.0025516723071632593,-0.0025516723071632597,64
pre_selector,21,6,2.710505431213761e-20,1.7529110419367164e-17,1.7529110419367164e-17,0.5,0.0009820062914513786,-0.0009820062914513786,64
pre_selector,2,20,1.0842021724855044e-19,1.7474374390182357e-17,1.7474374390182357e-17,0.5,0.0021033720477134717,-0.002103372047713472,64
pre_selector,32,4,-2.710505431213761e-20,-1.7458278449182226e-17,1.7458278449182226e-17,0.5,-0.000214953464819706,0.000214953464819706,64
pre_selector,17,13,6.776263578034403e-21,1.7443461319472347e-17,1.7443461319472347e-17,0.5,-5.892624812986026e-05,5.892624812986025e-05,64
pre_selector,1,0,1.0842021724855044e-19,1.7389549925809858e-17,1.7389549925809858e-17,0.5,-9.83862046268838e-05,9.83862046268838e-05,64
pre_selector,0,7,5.421010862427522e-19,1.736103682732159e-17,1.736103682732159e-17,0.5,0.001135225349571549,-0.0011352253495715493,64
pre_selector,24,30,1.0842021724855044e-19,1.7352511032626695e-17,1.7352511032626695e-17,0.5,-0.00042960826976923445,0.00042960826976923413,64
pre_selector,10,1,-5.421010862427522e-20,-1.735071689719375e-17,1.735071689719375e-17,0.5,0.00038476327245007497,-0.000384763272450075,64
pre_selector,18,28,-6.776263578034403e-20,-1.7296536586620485e-17,1.7296536586620485e-17,0.5,-7.03459463693531e-05,7.034594636935309e-05,64
pre_selector,35,7,1.3552527156068805e-20,1.7269964301670062e-17,1.7269964301670062e-17,0.5,-1.2033762686778152e-05,1.2033762686778111e-05,64
pre_selector,23,23,1.0842021724855044e-19,1.7243998521143334e-17,1.7243998521143334e-17,0.5,-0.0016560868825763217,0.0016560868825763217,64
pre_selector,16,8,2.710505431213761e-20,1.7194155851298604e-17,1.7194155851298604e-17,0.5,-0.00021583751367869238,0.00021583751367869238,64
pre_selector,15,31,2.710505431213761e-20,1.7189712021311177e-17,1.7189712021311177e-17,0.5,4.3743775677274966e-05,-4.374377567727502e-05,64
pre_selector,5,28,6.776263578034403e-21,1.718414627897907e-17,1.718414627897907e-17,0.5,0.00011919853795915736,-0.00011919853795915733,64
pre_selector,26,14,-5.421010862427522e-20,-1.7118655505553723e-17,1.7118655505553723e-17,0.5,-0.0014333385443023568,0.0014333385443023568,64
pre_selector,35,24,-5.421010862427522e-20,-1.711359682412321e-17,1.711359682412321e-17,0.5,-0.0007912899309303585,0.0007912899309303584,64
pre_selector,27,28,-1.0842021724855044e-19,-1.7100990435507442e-17,1.7100990435507442e-17,0.5,-0.0029542492666223353,0.0029542492666223353,64
pre_selector,16,24,-2.0328790734103208e-20,-1.708615999377927e-17,1.708615999377927e-17,0.5,0.000476009336125558,-0.00047600933612555805,64
pre_selector,9,22,-5.421010862427522e-20,-1.708136300999093e-17,1.708136300999093e-17,0.5,-0.0006866334952064765,0.0006866334952064764,64
pre_selector,19,3,-1.0842021724855044e-19,-1.7061929745177107e-17,1.7061929745177107e-17,0.5,0.00262915909115689,-0.0026291590911568896,64
pre_selector,27,2,1.3552527156068805e-20,1.7055079086612922e-17,1.7055079086612922e-17,0.5,-0.000132874552491556,0.00013287455249155603,64
pre_selector,8,18,3.3881317890172014e-21,1.6992995179746838e-17,1.6992995179746838e-17,0.5,4.902945477171518e-06,-4.902945477171525e-06,64
pre_selector,23,21,-4.336808689942018e-19,-1.6987737291979108e-17,1.6987737291979108e-17,0.5,-0.0028837196077802227,0.002883719607780222,64
pre_selector,25,12,3.3881317890172014e-21,1.695139196953698e-17,1.695139196953698e-17,0.5,6.4453788581866085e-06,-6.4453788581866e-06,64
pre_selector,16,27,6.776263578034403e-21,1.6914731899625993e-17,1.6914731899625993e-17,0.5,6.037831462891102e-05,-6.037831462891102e-05,64
pre_selector,29,1,-5.421010862427522e-20,-1.6885994345256038e-17,1.6885994345256038e-17,0.5,-0.00014224725964596252,0.00014224725964596252,64
pre_selector,31,13,-3.2526065174565133e-19,-1.687174007067787e-17,1.687174007067787e-17,0.5,-0.008571198768549917,0.008571198768549917,64
pre_selector,30,21,-5.421010862427522e-20,-1.6784163692647074e-17,1.6784163692647074e-17,0.5,0.000166422662005066,-0.00016642266200506595,64
pre_selector,26,7,1.0842021724855044e-19,1.6780135675938966e-17,1.6780135675938966e-17,0.5,-0.0018248146025143797,0.0018248146025143799,64
pre_selector,0,0,2.168404344971009e-19,1.677109362411802e-17,1.677109362411802e-17,0.5,-0.0018856003880500718,0.0018856003880500715,64
pre_selector,4,17,2.168404344971009e-19,1.6769682159171254e-17,1.6769682159171254e-17,0.5,0.003534637532084173,-0.003534637532084173,64
pre_selector,26,2,-5.421010862427522e-20,-1.672485540020398e-17,1.672485540020398e-17,0.5,-0.00010658022802090619,0.0001065802280209063,64
pre_selector,0,5,-1.0842021724855044e-19,-1.672322890270195e-17,1.672322890270195e-17,0.5,0.0019036755838897001,-0.0019036755838897,64
pre_selector,33,17,-1.0842021724855044e-19,-1.6688450418078085e-17,1.6688450418078085e-17,0.5,-0.00441800368935216,0.00441800368935216,64
pre_selector,11,12,2.710505431213761e-20,1.6594172552790445e-17,1.6594172552790445e-17,0.5,-0.0004179562147328275,0.0004179562147328275,64
pre_selector,14,13,5.421010862427522e-20,1.6554101212729028e-17,1.6554101212729028e-17,0.5,0.0004146058836340594,-0.0004146058836340594,64
pre_selector,4,29,2.710505431213761e-20,1.655323836390703e-17,1.655323836390703e-17,0.5,-0.00022200254170457194,0.0002220025417045719,64
pre_selector,4,14,-2.168404344971009e-19,-1.650331724180903e-17,1.650331724180903e-17,0.5,0.003018052637344227,-0.003018052637344228,64
pre_selector,4,15,2.168404344971009e-19,1.6448149315949874e-17,1.6448149315949874e-17,0.5,0.003644642613835447,-0.0036446426138354473,64
pre_selector,5,27,-2.168404344971009e-19,-1.6396768820772725e-17,1.6396768820772725e-17,0.5,0.0037978854943503306,-0.0037978854943503306,64
pre_selector,3,6,-2.168404344971009e-19,-1.639379695922874e-17,1.639379695922874e-17,0.5,0.0029480992652253153,-0.0029480992652253153,64
pre_selector,16,0,-1.3552527156068805e-20,-1.6387896374747708e-17,1.6387896374747708e-17,0.5,0.00019007483399490093,-0.0001900748339949009,64
pre_selector,2,3,1.0842021724855044e-19,1.6385031513043778e-17,1.6385031513043778e-17,0.5,-5.1032606279474767e-05,5.103260627947493e-05,64
pre_selector,5,5,-5.421010862427522e-20,-1.638468289532794e-17,1.638468289532794e-17,0.5,0.0005077490131952843,-0.0005077490131952845,64
pre_selector,12,11,-5.421010862427522e-20,-1.6237705857553286e-17,1.6237705857553286e-17,0.5,0.0012251744301465819,-0.0012251744301465816,64
pre_selector,35,8,1.0842021724855044e-19,1.6232749779469708e-17,1.6232749779469708e-17,0.5,-0.0013295236421981783,0.0013295236421981783,64
pre_selector,21,1,-6.776263578034403e-21,-1.618117054382029e-17,1.618117054382029e-17,0.5,-5.695917479903105e-06,5.695917479903122e-06,64
pre_selector,12,31,1.3552527156068805e-20,1.6174788460588135e-17,1.6174788460588135e-17,0.5,0.00011414800837882501,-0.00011414800837882498,64
pre_selector,18,0,-6.776263578034403e-21,-1.61589277194912e-17,1.61589277194912e-17,0.5,-6.098437825130617e-05,6.098437825130616e-05,64
pre_selector,24,14,5.421010862427522e-20,1.6147407374093134e-17,1.6147407374093134e-17,0.5,-0.0011461099820735286,0.0011461099820735286,64
pre_selector,9,25,1.0842021724855044e-19,1.6141893759666852e-17,1.6141893759666852e-17,0.5,0.0012767128500854605,-0.0012767128500854605,64
pre_selector,0,13,-1.0842021724855044e-19,-1.6108504274933745e-17,1.6108504274933745e-17,0.5,0.0013622472179122252,-0.0013622472179122247,64
pre_selector,5,13,1.0842021724855044e-19,1.6093975019265483e-17,1.6093975019265483e-17,0.5,0.0019193352859474574,-0.0019193352859474572,64
pre_selector,15,20,-2.710505431213761e-20,-1.6059478192959508e-17,1.6059478192959508e-17,0.5,-0.0004591827091644478,0.00045918270916444774,64
pre_selector,32,24,6.776263578034403e-21,1.6028341388622664e-17,1.6028341388622664e-17,0.5,1.4244267276803115e-05,-1.4244267276803122e-05,64
pre_selector,9,13,1.3552527156068805e-20,1.601442861542399e-17,1.601442861542399e-17,0.5,-0.00011959536641370893,0.00011959536641370891,64
pre_selector,19,6,2.168404344971009e-19,1.5969042248437083e-17,1.5969042248437083e-17,0.5,-0.0028348452615318816,0.002834845261531881,64
pre_selector,24,15,2.168404344971009e-19,1.595441623337174e-17,1.595441623337174e-17,0.5,0.0018877449911087658,-0.0018877449911087656,64
pre_selector,31,3,4.0657581468206416e-20,1.593366764767307e-17,1.593366764767307e-17,0.5,-0.0011200436711078223,0.0011200436711078223,64
pre_selector,8,10,1.3552527156068805e-20,1.58434352951305e-17,1.58434352951305e-17,0.5,0.00010653489516698253,-0.0001065348951669825,64
pre_selector,8,22,-5.082197683525802e-21,-1.5829455796467135e-17,1.5829455796467135e-17,0.5,-1.1473142876639607e-05,1.147314287663961e-05,64
pre_selector,5,15,1.0842021724855044e-19,1.5807836034016453e-17,1.5807836034016453e-17,0.5,0.0015242983208736357,-0.0015242983208736357,64
pre_selector,9,7,-8.470329472543003e-22,-1.5793686421735893e-17,1.5793686421735893e-17,0.5,1.3593650010090586e-06,-1.359365001009059e-06,64
pre_selector,17,14,-4.0657581468206416e-20,-1.5781348086089607e-17,1.5781348086089607e-17,0.5,-0.00010816161739057186,0.00010816161739057186,64
pre_selector,31,21,-5.082197683525802e-21,-1.569437044828292e-17,1.569437044828292e-17,0.5,-1.673762130849758e-05,1.673762130849759e-05,64
pre_selector,13,30,1.6263032587282567e-19,1.568763951790506e-17,1.568763951790506e-17,0.5,-0.0012324739873292873,0.0012324739873292873,64
pre_selector,14,4,1.0842021724855044e-19,1.567301075438463e-17,1.567301075438463e-17,0.5,0.0019948510198446313,-0.0019948510198446313,64
pre_selector,17,27,5.421010862427522e-20,1.5670314236498005e-17,1.5670314236498005e-17,0.5,5.943816177023071e-05,-5.943816177023075e-05,64
pre_selector,27,9,1.3552527156068805e-20,1.5648889488359468e-17,1.5648889488359468e-17,0.5,-0.0002994993865286,0.00029949938652860003,64
pre_selector,7,27,-1.3552527156068805e-20,-1.564562742586607e-17,1.564562742586607e-17,0.5,6.526071410916252e-05,-6.52607141091625e-05,64
pre_selector,33,28,-1.0842021724855044e-19,-1.563768931821304e-17,1.563768931821304e-17,0.5,-0.0037307399543351277,0.0037307399543351277,64
pre_selector,5,18,3.3881317890172014e-21,1.5610568865791468e-17,1.5610568865791468e-17,0.5,3.531916763676798e-05,-3.531916763676797e-05,64
pre_selector,11,18,-2.710505431213761e-20,-1.5578489098981427e-17,1.5578489098981427e-17,0.5,0.00024811721686999983,-0.00024811721686999983,64
pre_selector,18,24,-2.710505431213761e-20,-1.5564464779163657e-17,1.5564464779163657e-17,0.5,0.0004989709859728311,-0.000498970985972831,64
pre_selector,19,24,3.3881317890172014e-21,1.5560857041027198e-17,1.5560857041027198e-17,0.5,-2.046071494987322e-05,2.0460714949873224e-05,64
pre_selector,19,12,-1.0842021724855044e-19,-1.5503569805792713e-17,1.5503569805792713e-17,0.5,0.002219304456957597,-0.002219304456957597,64
pre_selector,9,26,-3.3881317890172014e-21,-1.5491857093795085e-17,1.5491857093795085e-17,0.5,9.557815701538646e-06,-9.557815701538646e-06,64
pre_selector,30,27,4.336808689942018e-19,1.5412497300127524e-17,1.5412497300127524e-17,0.5,-0.016984884423436562,0.016984884423436562,64
pre_selector,26,29,-4.0657581468206416e-20,-1.5380352580397044e-17,1.5380352580397044e-17,0.5,-0.0008629797830508218,0.000862979783050822,64
pre_selector,0,28,-2.168404344971009e-19,-1.5373732115480192e-17,1.5373732115480192e-17,0.5,0.00527429408975875,-0.00527429408975875,64
pre_selector,17,23,-2.710505431213761e-20,-1.5351107895126163e-17,1.5351107895126163e-17,0.5,-0.0003979189968958954,0.0003979189968958955,64
pre_selector,33,19,2.710505431213761e-19,1.5323733532460294e-17,1.5323733532460294e-17,0.5,-0.007661168907361544,0.007661168907361543,64
pre_selector,22,15,-6.776263578034403e-20,-1.5319483082914597e-17,1.5319483082914597e-17,0.5,-0.0006420856079785353,0.0006420856079785351,64
pre_selector,2,7,-1.3552527156068805e-20,-1.528429931856642e-17,1.528429931856642e-17,0.5,0.000166333548804675,-0.00016633354880467503,64
pre_selector,5,19,1.0842021724855044e-19,1.5284276717046966e-17,1.5284276717046966e-17,0.5,0.002619904935272625,-0.002619904935272625,64
pre_selector,16,30,-2.710505431213761e-20,-1.5259597871650336e-17,1.5259597871650336e-17,0.5,0.00031025970383780207,-0.00031025970383780207,64
pre_selector,21,31,6.776263578034403e-20,1.5238614192917137e-17,1.5238614192917137e-17,0.5,0.00038015423706383737,-0.0003801542370638375,64
pre_selector,3,0,2.710505431213761e-20,1.5178803971204724e-17,1.5178803971204724e-17,0.5,-0.0001312895765295219,0.0001312895765295219,64
pre_selector,12,21,-6.776263578034403e-21,-1.5164553381722304e-17,1.5164553381722304e-17,0.5,-0.0002578000703578961,0.0002578000703578961,64
pre_selector,25,7,1.6940658945086007e-21,1.515003436054132e-17,1.515003436054132e-17,0.5,-1.3225644806870429e-05,1.3225644806870429e-05,64
pre_selector,9,15,3.3881317890172014e-21,1.5126507940913362e-17,1.5126507940913362e-17,0.5,1.6652175645496312e-05,-1.665217564549631e-05,64
pre_selector,22,13,-4.0657581468206416e-20,-1.5123946334132097e-17,1.5123946334132097e-17,0.5,-0.0004594970960170012,0.0004594970960170012,64
pre_selector,22,6,5.421010862427522e-20,1.51028040342134e-17,1.51028040342134e-17,0.5,0.001608353111805609,-0.0016083531118056087,64
pre_selector,22,11,-5.421010862427522e-20,-1.5082281933092594e-17,1.5082281933092594e-17,0.5,-0.0006085436680223124,0.0006085436680223125,64
pre_selector,18,29,-5.421010862427522e-20,-1.5074915492394414e-17,1.5074915492394414e-17,0.5,-0.0008659971008455582,0.000865997100845558,64
pre_selector,5,26,-2.168404344971009e-19,-1.4995792358890367e-17,1.4995792358890367e-17,0.5,0.004191795829228788,-0.004191795829228789,64
pre_selector,15,15,-6.776263578034403e-21,-1.4982556101418733e-17,1.4982556101418733e-17,0.5,-4.4617161393038755e-05,4.461716139303877e-05,64
pre_selector,2,28,2.710505431213761e-20,1.4960381427630857e-17,1.4960381427630857e-17,0.5,1.549146327307655e-05,-1.5491463273076603e-05,64
pre_selector,21,24,5.421010862427522e-20,1.494739306466982e-17,1.494739306466982e-17,0.5,0.0010560059381532249,-0.001056005938153225,64
pre_selector,22,0,-1.0842021724855044e-19,-1.4932404853805883e-17,1.4932404853805883e-17,0.5,-0.00043101980554638105,0.0004310198055463814,64
pre_selector,6,20,-2.710505431213761e-20,-1.491712107920388e-17,1.491712107920388e-17,0.5,0.00023496711764890628,-0.0002349671176489063,64
pre_selector,22,23,3.3881317890172014e-21,1.4916906263397705e-17,1.4916906263397705e-17,0.5,-6.206353441483596e-05,6.206353441483594e-05,64
pre_selector,34,0,6.776263578034403e-20,1.4909169189647088e-17,1.4909169189647088e-17,0.5,-0.0017658945471339177,0.0017658945471339177,64
pre_selector,21,19,5.421010862427522e-20,1.4896363518214936e-17,1.4896363518214936e-17,0.5,0.00111506894063495,-0.00111506894063495,64
pre_selector,8,23,-1.2705494208814505e-21,-1.489269332173171e-17,1.489269332173171e-17,0.5,9.371067221756846e-06,-9.371067221756846e-06,64
pre_selector,12,27,-1.0164395367051604e-20,-1.4890222955900254e-17,1.4890222955900254e-17,0.5,-0.00015870440893194374,0.00015870440893194377,64
pre_selector,32,9,2.710505431213761e-20,1.4888997418361486e-17,1.4888997418361486e-17,0.5,-0.0006916482197993802,0.0006916482197993803,64
pre_selector,20,22,-3.2526065174565133e-19,-1.4870790921978016e-17,1.4870790921978016e-17,0.5,-0.0028008192311972375,0.002800819231197238,64
pre_selector,8,7,-2.710505431213761e-20,-1.484444780647596e-17,1.484444780647596e-17,0.5,-0.00047306019951064046,0.0004730601995106404,64
pre_selector,22,19,-8.131516293641283e-20,-1.4797636129144237e-17,1.4797636129144237e-17,0.5,-0.0016339713001798234,0.0016339713001798234,64
pre_selector,10,2,-6.776263578034403e-21,-1.476315663624315e-17,1.476315663624315e-17,0.5,0.00012424522265063124,-0.00012424522265063126,64
pre_selector,9,9,1.1858461261560205e-20,1.475743874629809e-17,1.475743874629809e-17,0.5,8.617237108410318e-05,-8.617237108410313e-05,64
pre_selector,7,3,1.3552527156068805e-20,1.4688437905812223e-17,1.4688437905812223e-17,0.5,-0.00011979392456850938,0.00011979392456850938,64
pre_selector,10,31,1.0164395367051604e-20,1.467595982684607e-17,1.467595982684607e-17,0.5,8.873581782608438e-05,-8.873581782608438e-05,64
pre_selector,1,16,-2.710505431213761e-20,-1.4636028986955813e-17,1.4636028986955813e-17,0.5,-2.0756261619668748e-05,2.075626161966872e-05,64
pre_selector,1,11,-5.421010862427522e-20,-1.462909024033552e-17,1.462909024033552e-17,0.5,-0.00022007070947436554,0.0002200707094743656,64
pre_selector,6,22,2.0328790734103208e-20,1.4621888819682943e-17,1.4621888819682943e-17,0.5,0.00036635919059335,-0.00036635919059335,64
pre_selector,29,13,8.131516293641283e-20,1.455578485420634e-17,1.455578485420634e-17,0.5,-0.003120166271401081,0.0031201662714010815,64
pre_selector,25,3,-3.3881317890172014e-21,-1.4522121091276345e-17,1.4522121091276345e-17,0.5,-7.16734309662505e-05,7.16734309662505e-05,64
pre_selector,26,18,-5.421010862427522e-20,-1.4415651956006076e-17,1.4415651956006076e-17,0.5,-0.00010665839363355629,0.00010665839363355623,64
pre_selector,32,31,-1.0164395367051604e-20,-1.440941118683227e-17,1.440941118683227e-17,0.5,-0.00013742820692641875,0.00013742820692641875,64
pre_selector,22,31,3.2526065174565133e-19,1.4369669194346524e-17,1.4369669194346524e-17,0.5,-0.002501036884495984,0.002501036884495985,64
pre_selector,14,14,-6.776263578034403e-21,-1.4363081093333537e-17,1.4363081093333537e-17,0.5,-0.00013720037350140504,0.00013720037350140502,64
pre_selector,1,28,2.710505431213761e-20,1.4304147501019826e-17,1.4304147501019826e-17,0.5,-0.00033471119383852175,0.0003347111938385218,64
pre_selector,20,4,6.776263578034403e-20,1.428875986762337e-17,1.428875986762337e-17,0.5,-9.979699098039982e-05,9.979699098040004e-05,64
pre_selector,20,1,5.421010862427522e-20,1.4206060144356475e-17,1.4206060144356475e-17,0.5,0.0006026067785569501,-0.0006026067785569499,64
pre_selector,35,16,6.776263578034403e-21,1.4202594950570604e-17,1.4202594950570604e-17,0.5,-1.5910899492162505e-05,1.5910899492162505e-05,64
pre_selector,21,23,2.168404344971009e-19,1.419230330716554e-17,1.419230330716554e-17,0.5,-0.0059967540728393855,0.0059967540728393855,64
pre_selector,19,10,5.421010862427522e-20,1.418400979833014e-17,1.418400979833014e-17,0.5,-0.0001352856816083749,0.0001352856816083749,64
pre_selector,28,5,-1.0842021724855044e-19,-1.416143775760084e-17,1.416143775760084e-17,0.5,-0.00268643143226653,0.0026864314322665303,64
pre_selector,14,20,-5.421010862427522e-20,-1.4116646615336965e-17,1.4116646615336965e-17,0.5,0.0002364543615840221,-0.00023645436158402198,64
pre_selector,29,23,-1.6940658945086007e-21,-1.411415160639956e-17,1.411415160639956e-17,0.5,-4.2585037135711444e-05,4.2585037135711444e-05,64
pre_selector,10,19,-6.776263578034403e-21,-1.4069633187527865e-17,1.4069633187527865e-17,0.5,-2.2369422367736274e-06,2.2369422367736274e-06,64
pre_selector,22,18,-6.776263578034403e-21,-1.4000731368800055e-17,1.4000731368800055e-17,0.5,-0.00023089370097292781,0.00023089370097292784,64
pre_selector,20,28,-1.0842021724855044e-19,-1.3990501238544186e-17,1.3990501238544186e-17,0.5,-0.0016772751841926939,0.0016772751841926939,64
pre_selector,12,0,-1.3552527156068805e-20,-1.3979009287080963e-17,1.3979009287080963e-17,0.5,7.427431955875312e-05,-7.427431955875313e-05,64
pre_selector,33,3,8.470329472543003e-21,1.3969573918213053e-17,1.3969573918213053e-17,0.5,-6.543942618009394e-05,6.543942618009394e-05,64
pre_selector,28,11,2.0328790734103208e-20,1.3940957264411293e-17,1.3940957264411293e-17,0.5,-0.0005676639520970374,0.0005676639520970375,64
pre_selector,25,11,-1.0842021724855044e-19,-1.3920099471196565e-17,1.3920099471196565e-17,0.5,-0.0002320703206350925,0.0002320703206350926,64
pre_selector,26,26,-2.168404344971009e-19,-1.3900084358295447e-17,1.3900084358295447e-17,0.5,-0.010993216295901175,0.010993216295901179,64
pre_selector,20,30,5.421010862427522e-20,1.3871670094213266e-17,1.3871670094213266e-17,0.5,-0.0006861127185402408,0.0006861127185402408,64
pre_selector,29,28,-6.776263578034403e-21,-1.385909759401849e-17,1.385909759401849e-17,0.5,-0.00022516525905301864,0.00022516525905301866,64
pre_selector,35,14,-2.710505431213761e-20,-1.384690500195771e-17,1.384690500195771e-17,0.5,-0.0009577734235790391,0.000957773423579039,64
pre_selector,9,27,1.3552527156068805e-20,1.384213793107434e-17,1.384213793107434e-17,0.5,-7.331761298701864e-05,7.331761298701864e-05,64
pre_selector,17,16,-1.3552527156068805e-20,-1.378748531399199e-17,1.378748531399199e-17,0.5,3.440808177400743e-05,-3.440808177400742e-05,64
pre_selector,21,26,5.421010862427522e-20,1.3771155605898228e-17,1.3771155605898228e-17,0.5,0.0002181731051678068,-0.00021817310516780686,64
pre_selector,1,8,-5.421010862427522e-20,-1.3753608925768327e-17,1.3753608925768327e-17,0.5,-7.293045928235631e-05,7.293045928235628e-05,64
pre_selector,3,16,2.710505431213761e-20,1.3610971584592047e-17,1.3610971584592047e-17,0.5,0.00011916533549083752,-0.00011916533549083756,64
pre_selector,6,13,-5.421010862427522e-20,-1.3584773243129571e-17,1.3584773243129571e-17,0.5,0.0007950590152177048,-0.0007950590152177047,64
pre_selector,11,25,2.964615315390051e-21,1.3553549535228111e-17,1.3553549535228111e-17,0.5,8.404627806150605e-06,-8.404627806150612e-06,64
pre_selector,14,23,1.3552527156068805e-20,1.3532759657809761e-17,1.3532759657809761e-17,0.5,-6.806918463557781e-06,6.806918463557778e-06,64
pre_selector,30,0,1.6263032587282567e-19,1.3528935417228598e-17,1.3528935417228598e-17,0.5,-0.0035920889931730935,0.0035920889931730935,64
pre_selector,15,22,-6.776263578034403e-21,-1.3522495109030382e-17,1.3522495109030382e-17,0.5,-9.788228544492331e-05,9.788228544492332e-05,64
pre_selector,5,2,1.0842021724855044e-19,1.3500778746594929e-17,1.3500778746594929e-17,0.5,-0.0009325214778073123,0.0009325214778073126,64
pre_selector,5,1,1.0842021724855044e-19,1.3482463104747857e-17,1.3482463104747857e-17,0.5,0.002345306105780755,-0.002345306105780755,64
pre_selector,3,5,1.0842021724855044e-19,1.3446260705613724e-17,1.3446260705613724e-17,0.5,0.002177892448734997,-0.002177892448734997,64
pre_selector,0,9,-4.0657581468206416e-20,-1.3427696177177807e-17,1.3427696177177807e-17,0.5,0.00030237432656576234,-0.0003023743265657625,64
pre_selector,5,9,-4.336808689942018e-19,-1.3380629463220431e-17,1.3380629463220431e-17,0.5,0.002826352254487575,-0.002826352254487575,64
pre_selector,8,13,-5.082197683525802e-21,-1.337579537191836e-17,1.337579537191836e-17,0.5,3.742080434676562e-05,-3.742080434676562e-05,64
pre_selector,32,14,1.3552527156068805e-20,1.3370293169181719e-17,1.3370293169181719e-17,0.5,3.500820002954062e-05,-3.5008200029540635e-05,64
pre_selector,19,11,-2.0328790734103208e-20,-1.3347581871302214e-17,1.3347581871302214e-17,0.5,6.548066085087269e-05,-6.54806608508727e-05,64
pre_selector,2,23,-1.0842021724855044e-19,-1.333864460020332e-17,1.333864460020332e-17,0.5,0.002288822664922914,-0.002288822664922914,64
pre_selector,33,18,1.0842021724855044e-19,1.328794196204548e-17,1.328794196204548e-17,0.5,-0.001003030993160772,0.0010030309931607717,64
pre_selector,19,25,5.082197683525802e-21,1.3269855570475168e-17,1.3269855570475168e-17,0.5,-0.0001983129536710974,0.00019831295367109738,64
pre_selector,31,0,-1.3552527156068805e-19,-1.3243245185286471e-17,1.3243245185286471e-17,0.5,-0.004525767697486997,0.004525767697486997,64
pre_selector,34,19,2.168404344971009e-19,1.3210683287630148e-17,1.3210683287630148e-17,0.5,-0.008383343156310712,0.008383343156310712,64
pre_selector,33,24,2.710505431213761e-20,1.318238498066632e-17,1.318238498066632e-17,0.5,0.0005364287826523601,-0.0005364287826523602,64
pre_selector,20,27,2.710505431213761e-20,1.3179739649200795e-17,1.3179739649200795e-17,0.5,-0.0005266225198283665,0.0005266225198283666,64
pre_selector,35,18,-4.0657581468206416e-20,-1.3166466328714561e-17,1.3166466328714561e-17,0.5,-0.00022933376021682194,0.0002293337602168218,64
pre_selector,25,26,-5.421010862427522e-20,-1.315666443036603e-17,1.315666443036603e-17,0.5,-0.0013470493759086643,0.0013470493759086648,64
pre_selector,9,5,2.710505431213761e-20,1.3107764626869436e-17,1.3107764626869436e-17,0.5,0.00048665781832821724,-0.0004866578183282173,64
pre_selector,8,11,-5.421010862427522e-20,-1.3083871947478102e-17,1.3083871947478102e-17,0.5,0.00021728836145484993,-0.00021728836145485,64
response_mean,0,1,6.776263578034403e-21,1.3003221575695675e-17,1.3003221575695675e-17,0.5,-0.00012740469446725564,0.0001274046944672557,64
pre_selector,2,12,-5.421010862427522e-20,-1.299815240081538e-17,1.299815240081538e-17,0.5,8.546466779081564e-05,-8.546466779081559e-05,64
pre_selector,8,31,1.6940658945086007e-21,1.298808283581767e-17,1.298808283581767e-17,0.5,-2.3655944744403727e-05,2.3655944744403727e-05,64
pre_selector,7,6,1.0587911840678754e-22,1.2975832635125308e-17,1.2975832635125308e-17,0.5,1.9887063174017783e-06,-1.9887063174017783e-06,64
pre_selector,35,30,-5.082197683525802e-21,-1.2932221602390538e-17,1.2932221602390538e-17,0.5,8.052679640968078e-05,-8.052679640968078e-05,64
pre_selector,29,26,-1.0842021724855044e-19,-1.2924663608306512e-17,1.2924663608306512e-17,0.5,-0.004083153617102641,0.004083153617102641,64
pre_selector,7,17,-3.3881317890172014e-21,-1.288188738070683e-17,1.288188738070683e-17,0.5,-1.5071473171713886e-06,1.5071473171713784e-06,64
pre_selector,27,31,1.3552527156068805e-20,1.2874121806261031e-17,1.2874121806261031e-17,0.5,-0.0004323121870583994,0.0004323121870583994,64
pre_selector,24,3,-6.776263578034403e-21,-1.2860454851793673e-17,1.2860454851793673e-17,0.5,-7.107447413545697e-05,7.107447413545699e-05,64
pre_selector,2,29,1.0842021724855044e-19,1.285516394422482e-17,1.285516394422482e-17,0.5,0.0025066489906748783,-0.0025066489906748783,64
pre_selector,24,24,-2.710505431213761e-20,-1.2836082948449383e-17,1.2836082948449383e-17,0.5,0.000840557855553906,-0.0008405578555539058,64
pre_selector,25,5,1.3552527156068805e-20,1.2819846500806467e-17,1.2819846500806467e-17,0.5,0.0001952995899045969,-0.00019529958990459692,64
pre_selector,25,28,-1.0842021724855044e-19,-1.281528483333008e-17,1.281528483333008e-17,0.5,-0.0019558814419724504,0.00195588144197245,64
pre_selector,2,13,-2.710505431213761e-20,-1.2812579155475094e-17,1.2812579155475094e-17,0.5,0.0004172378103248672,-0.0004172378103248672,64
pre_selector,25,27,-1.3552527156068805e-20,-1.2741652867310897e-17,1.2741652867310897e-17,0.5,-0.0005545498397623048,0.0005545498397623048,64
pre_selector,23,24,-6.776263578034403e-20,-1.2668186194669826e-17,1.2668186194669826e-17,0.5,0.00221870027235125,-0.00221870027235125,64
pre_selector,3,27,-1.0842021724855044e-19,-1.2577505575263606e-17,1.2577505575263606e-17,0.5,0.0019273560865258536,-0.0019273560865258536,64
pre_selector,23,19,6.776263578034403e-21,1.25646146032608e-17,1.25646146032608e-17,0.5,-0.00010855239793272175,0.00010855239793272175,64
pre_selector,23,25,5.421010862427522e-20,1.2519031510089188e-17,1.2519031510089188e-17,0.5,0.0004323897592257626,-0.0004323897592257625,64
pre_selector,23,9,2.710505431213761e-20,1.251775285174832e-17,1.251775285174832e-17,0.5,0.0008382569976674657,-0.0008382569976674657,64
pre_selector,9,1,3.3881317890172014e-21,1.248463822438647e-17,1.248463822438647e-17,0.5,2.3364449134517814e-05,-2.33644491345178e-05,64
pre_selector,1,25,4.336808689942018e-19,1.247027357263497e-17,1.247027357263497e-17,0.5,0.0020503696287050757,-0.002050369628705074,64
pre_selector,32,12,-3.3881317890172014e-20,-1.243942413540264e-17,1.243942413540264e-17,0.5,-0.00012972315016668753,0.00012972315016668756,64
pre_selector,30,20,5.421010862427522e-20,1.2401162226290002e-17,1.2401162226290002e-17,0.5,-0.001493700197897853,0.0014937001978978532,64
pre_selector,21,10,1.6940658945086007e-20,1.2398856754001819e-17,1.2398856754001819e-17,0.5,0.00014291769912232167,-0.00014291769912232172,64
pre_selector,28,13,2.710505431213761e-20,1.2371414238715511e-17,1.2371414238715511e-17,0.5,-0.0008288141532375258,0.0008288141532375257,64
pre_selector,20,17,1.3552527156068805e-20,1.2367045817230595e-17,1.2367045817230595e-17,0.5,6.0161857618361536e-05,-6.0161857618361495e-05,64
pre_selector,0,11,-4.336808689942018e-19,-1.2318487591525903e-17,1.2318487591525903e-17,0.5,0.002778498455882062,-0.002778498455882062,64
pre_selector,13,15,8.470329472543003e-22,1.2301417331167195e-17,1.2301417331167195e-17,0.5,1.2621868393122678e-05,-1.262186839312268e-05,64
pre_selector,23,28,-2.168404344971009e-19,-1.2283757789512745e-17,1.2283757789512745e-17,0.5,-0.008913361809391047,0.008913361809391047,64
pre_selector,33,20,-2.168404344971009e-19,-1.2269565538234651e-17,1.2269565538234651e-17,0.5,-0.009164591436274325,0.009164591436274325,64
pre_selector,29,29,-3.3881317890172014e-21,-1.2218554499635357e-17,1.2218554499635357e-17,0.5,-8.147665994329941e-06,8.147665994329938e-06,64
pre_selector,3,25,1.0842021724855044e-19,1.2196985334729313e-17,1.2196985334729313e-17,0.5,0.002407372888683307,-0.0024073728886833067,64
pre_selector,28,10,5.421010862427522e-20,1.2196433144807795e-17,1.2196433144807795e-17,0.5,-0.002194104039517675,0.0021941040395176744,64
pre_selector,16,25,2.710505431213761e-20,1.2186549943283425e-17,1.2186549943283425e-17,0.5,-0.0004433257636264845,0.00044332576362648437,64
pre_selector,30,23,4.0657581468206416e-20,1.2072128565444195e-17,1.2072128565444195e-17,0.5,-0.0005641748248308374,0.0005641748248308375,64
pre_selector,18,31,5.421010862427522e-20,1.2062284958284245e-17,1.2062284958284245e-17,0.5,0.0005221111641730968,-0.000522111164173097,64
pre_selector,19,16,2.710505431213761e-20,1.2026273489362364e-17,1.2026273489362364e-17,0.5,0.00018460979481460627,-0.00018460979481460624,64
pre_selector,0,12,8.131516293641283e-20,1.1977298202800209e-17,1.1977298202800209e-17,0.5,-0.00039545060280944363,0.00039545060280944395,64
pre_selector,19,30,2.0328790734103208e-20,1.196409917239697e-17,1.196409917239697e-17,0.5,0.0009064428722922182,-0.0009064428722922181,64
pre_selector,0,16,2.168404344971009e-19,1.195544665215269e-17,1.195544665215269e-17,0.5,0.004866612507612429,-0.00486661250761243,64
pre_selector,26,10,-3.3881317890172014e-21,-1.1944654474768265e-17,1.1944654474768265e-17,0.5,-2.6838619533003494e-05,2.683861953300349e-05,64
pre_selector,21,28,-2.710505431213761e-20,-1.1925320023731334e-17,1.1925320023731334e-17,0.5,0.0007832690298528031,-0.000783269029852803,64
pre_selector,34,21,2.710505431213761e-19,1.1915448627507002e-17,1.1915448627507002e-17,0.5,-0.00722585229959805,0.00722585229959805,64
pre_selector,18,21,5.421010862427522e-20,1.1906683167937084e-17,1.1906683167937084e-17,0.5,0.0018736784695647488,-0.0018736784695647486,64
pre_selector,6,8,1.3552527156068805e-20,1.1881478425283101e-17,1.1881478425283101e-17,0.5,-5.80388041271662e-06,5.803880412716613e-06,64
pre_selector,13,28,1.3552527156068805e-20,1.1863211666902918e-17,1.1863211666902918e-17,0.5,-3.0981645977628926e-06,3.098164597762913e-06,64
response_first,0,22,8.470329472543003e-22,1.1861773556000958e-17,1.1861773556000958e-17,0.5,-3.6750407136571783e-09,3.6750407136563313e-09,64
pre_selector,17,15,1.3552527156068805e-20,1.1851573791760883e-17,1.1851573791760883e-17,0.5,-0.00027872094506165316,0.00027872094506165316,64
pre_selector,23,10,-1.0842021724855044e-19,-1.1825799643697676e-17,1.1825799643697676e-17,0.5,0.0020115980441914837,-0.002011598044191483,64
pre_selector,14,29,2.710505431213761e-20,1.1773501164567796e-17,1.1773501164567796e-17,0.5,0.00021916895457252194,-0.00021916895457252194,64
pre_selector,11,14,2.710505431213761e-20,1.1746315754400772e-17,1.1746315754400772e-17,0.5,-0.0006995836456553618,0.0006995836456553619,64
pre_selector,32,11,-2.168404344971009e-19,-1.172798954073559e-17,1.172798954073559e-17,0.5,-0.009327621548436558,0.00932762154843656,64
pre_selector,4,12,1.0842021724855044e-19,1.1715919978209135e-17,1.1715919978209135e-17,0.5,0.0023332201981247735,-0.002333220198124773,64
pre_selector,21,12,4.0657581468206416e-20,1.1710084513756503e-17,1.1710084513756503e-17,0.5,0.0004200982111797153,-0.0004200982111797153,64
pre_selector,4,22,-5.421010862427522e-20,-1.1690667443168749e-17,1.1690667443168749e-17,0.5,-0.0032038571371230907,0.0032038571371230903,64
pre_selector,24,20,5.421010862427522e-20,1.1678739567030808e-17,1.1678739567030808e-17,0.5,-0.001224259226546557,0.0012242592265465572,64
pre_selector,31,7,-5.421010862427522e-20,-1.1641336281213796e-17,1.1641336281213796e-17,0.5,-0.002199990249209778,0.002199990249209778,64
pre_selector,2,31,-1.0842021724855044e-19,-1.160667605072138e-17,1.160667605072138e-17,0.5,0.001635486703889913,-0.0016354867038899127,64
pre_selector,10,8,-5.082197683525802e-21,-1.1595354343559483e-17,1.1595354343559483e-17,0.5,-0.0001276056163987868,0.0001276056163987868,64
pre_selector,9,8,2.0328790734103208e-20,1.1587067735685283e-17,1.1587067735685283e-17,0.5,-0.00020048481565025942,0.0002004848156502594,64
pre_selector,1,23,1.0842021724855044e-19,1.1582260768684838e-17,1.1582260768684838e-17,0.5,9.938629955286572e-05,-9.93862995528655e-05,64
pre_selector,35,31,1.0164395367051604e-20,1.1569929068741353e-17,1.1569929068741353e-17,0.5,-0.00020331201449150943,0.00020331201449150945,64
pre_selector,27,22,-2.710505431213761e-20,-1.156576230259481e-17,1.156576230259481e-17,0.5,-0.0007718225206190124,0.0007718225206190124,64
pre_selector,13,24,-3.3881317890172014e-21,-1.1563804571692832e-17,1.1563804571692832e-17,0.5,6.132911494310099e-07,-6.132911494310099e-07,64
pre_selector,25,31,-3.3881317890172014e-20,-1.155897153299234e-17,1.155897153299234e-17,0.5,-0.00010453702998348751,0.00010453702998348746,64
pre_selector,6,4,-4.0657581468206416e-20,-1.1501381075650294e-17,1.1501381075650294e-17,0.5,0.0007462443318217949,-0.0007462443318217949,64
pre_selector,5,31,-1.0842021724855044e-19,-1.1495539038422193e-17,1.1495539038422193e-17,0.5,0.0027466749197628806,-0.0027466749197628806,64
pre_selector,27,3,1.3552527156068805e-20,1.1457488416110314e-17,1.1457488416110314e-17,0.5,-1.7913083866018733e-05,1.7913083866018733e-05,64
pre_selector,29,6,2.710505431213761e-20,1.1415189266581929e-17,1.1415189266581929e-17,0.5,-0.0016706589703971656,0.0016706589703971656,64
pre_selector,0,30,-2.168404344971009e-19,-1.1405343170852166e-17,1.1405343170852166e-17,0.5,0.0044336161372484665,-0.004433616137248466,64
pre_selector,25,10,-2.168404344971009e-19,-1.1381536319863956e-17,1.1381536319863956e-17,0.5,-0.0037460394742083597,0.0037460394742083597,64
pre_selector,16,31,-1.3552527156068805e-20,-1.1359908720989399e-17,1.1359908720989399e-17,0.5,0.0001046966108333321,-0.00010469661083333217,64
pre_selector,31,24,-8.131516293641283e-20,-1.1348265577977286e-17,1.1348265577977286e-17,0.5,-0.0004788328951690216,0.0004788328951690216,64
pre_selector,16,7,-5.421010862427522e-20,-1.1302328041787785e-17,1.1302328041787785e-17,0.5,0.001476005080803569,-0.0014760050808035688,64
pre_selector,23,26,5.421010862427522e-20,1.1292616196243483e-17,1.1292616196243483e-17,0.5,-0.00224597730266395,0.00224597730266395,64
pre_selector,29,15,-5.421010862427522e-20,-1.1256905569181841e-17,1.1256905569181841e-17,0.5,-0.0030896477037458247,0.0030896477037458247,64
pre_selector,32,25,1.0164395367051604e-20,1.121834662868257e-17,1.121834662868257e-17,0.5,5.054394205216564e-05,-5.05439420521656e-05,64
pre_selector,20,23,-1.0842021724855044e-19,-1.1217478798587525e-17,1.1217478798587525e-17,0.5,0.0017787708784453497,-0.00177877087844535,64
pre_selector,11,19,-1.6940658945086007e-21,-1.1172666692616572e-17,1.1172666692616572e-17,0.5,-1.0246359238413026e-05,1.0246359238413024e-05,64
pre_selector,26,16,1.3552527156068805e-20,1.1164489350455708e-17,1.1164489350455708e-17,0.5,-2.00238609977731e-05,2.0023860997773072e-05,64
pre_selector,19,5,-8.470329472543003e-21,-1.1152858045518261e-17,1.1152858045518261e-17,0.5,-1.9732904547698334e-05,1.9732904547698334e-05,64
pre_selector,19,22,2.710505431213761e-20,1.1130585282476725e-17,1.1130585282476725e-17,0.5,0.0002549409218772781,-0.0002549409218772781,64
pre_selector,28,9,-5.421010862427522e-20,-1.1106733607452458e-17,1.1106733607452458e-17,0.5,-0.003281538593000694,0.0032815385930006938,64
pre_selector,9,28,-8.470329472543003e-22,-1.1104880147113472e-17,1.1104880147113472e-17,0.5,4.830906988219268e-06,-4.830906988219268e-06,64
pre_selector,17,5,2.710505431213761e-20,1.1070237799995614e-17,1.1070237799995614e-17,0.5,0.0007007924759818622,-0.0007007924759818622,64
pre_selector,12,8,2.0328790734103208e-20,1.107012828245345e-17,1.107012828245345e-17,0.5,0.0006639806488237602,-0.0006639806488237601,64
pre_selector,22,5,-1.0842021724855044e-19,-1.105097744279909e-17,1.105097744279909e-17,0.5,-0.0017963982863875591,0.0017963982863875593,64
pre_selector,27,18,-8.131516293641283e-20,-1.1050601448456008e-17,1.1050601448456008e-17,0.5,-0.0045558994752354556,0.0045558994752354556,64
pre_selector,0,22,-1.0842021724855044e-19,-1.1037597360713912e-17,1.1037597360713912e-17,0.5,0.0008564931486034753,-0.0008564931486034752,64
pre_selector,0,3,-1.3552527156068805e-20,-1.1033635859794023e-17,1.1033635859794023e-17,0.5,0.0003068811820412372,-0.00030688118204123723,64
pre_selector,7,1,6.776263578034403e-21,1.1023595012644097e-17,1.1023595012644097e-17,0.5,-9.612680514691874e-05,9.612680514691874e-05,64
pre_selector,13,21,4.235164736271502e-22,1.0976613911886565e-17,1.0976613911886565e-17,0.5,-3.094183512073838e-06,3.094183512073837e-06,64
pre_selector,15,28,1.3552527156068805e-20,1.092685270513042e-17,1.092685270513042e-17,0.5,0.0002727293340285469,-0.0002727293340285469,64
pre_selector,22,4,5.421010862427522e-20,1.092310826512968e-17,1.092310826512968e-17,0.5,-0.0003179581335644047,0.0003179581335644047,64
pre_selector,9,17,-6.776263578034403e-21,-1.090197055722825e-17,1.090197055722825e-17,0.5,-1.130589726016874e-05,1.1305897260168753e-05,64
pre_selector,26,27,5.421010862427522e-20,1.0875732757229602e-17,1.0875732757229602e-17,0.5,-0.0015870357310632062,0.0015870357310632064,64
pre_selector,7,26,-6.776263578034403e-21,-1.0858301632308911e-17,1.0858301632308911e-17,0.5,2.1525379452203126e-05,-2.1525379452203143e-05,64
final_prompt,0,26,-1.0842021724855044e-19,-1.0845823875254498e-17,1.0845823875254498e-17,0.5,-0.004320806010582578,0.004320806010582579,64
pre_selector,29,12,-1.0842021724855044e-19,-1.0841893810553393e-17,1.0841893810553393e-17,0.5,-0.007251832961628644,0.0072518329616286445,64
pre_selector,1,1,5.421010862427522e-20,1.0840024690351955e-17,1.0840024690351955e-17,0.5,0.00104990421095862,-0.0010499042109586199,64
pre_selector,27,20,-2.371692252312041e-20,-1.083258231740023e-17,1.083258231740023e-17,0.5,-0.00048573446838417805,0.0004857344683841781,64
pre_selector,31,5,-2.168404344971009e-19,-1.0831700036768952e-17,1.0831700036768952e-17,0.5,-0.007915313282865079,0.007915313282865079,64
pre_selector,16,18,1.3552527156068805e-20,1.0817346360756098e-17,1.0817346360756098e-17,0.5,0.0005928410064370656,-0.0005928410064370656,64
pre_selector,5,3,-2.710505431213761e-20,-1.0813881179645481e-17,1.0813881179645481e-17,0.5,0.000833245752801294,-0.000833245752801294,64
pre_selector,10,29,-1.3552527156068805e-20,-1.0808268968481262e-17,1.0808268968481262e-17,0.5,1.3450944607019613e-05,-1.3450944607019586e-05,64
pre_selector,4,11,1.0842021724855044e-19,1.079528000442291e-17,1.079528000442291e-17,0.5,0.002624143700813884,-0.002624143700813884,64
pre_selector,15,0,-1.3552527156068805e-20,-1.0768763841856127e-17,1.0768763841856127e-17,0.5,-0.00013422031042864045,0.00013422031042864042,64
pre_selector,14,19,-5.421010862427522e-20,-1.075120373945229e-17,1.075120373945229e-17,0.5,-0.0009362980017613156,0.0009362980017613157,64
pre_selector,20,9,6.776263578034403e-21,1.0725950055824899e-17,1.0725950055824899e-17,0.5,3.809480040217307e-05,-3.809480040217308e-05,64
pre_selector,31,30,-1.0842021724855044e-19,-1.0720351219976137e-17,1.0720351219976137e-17,0.5,-0.004884579175268284,0.004884579175268284,64
pre_selector,32,16,1.3552527156068805e-20,1.0716384486539343e-17,1.0716384486539343e-17,0.5,-0.00035974582715424307,0.0003597458271542431,64
pre_selector,12,15,1.3552527156068805e-20,1.0707884678920832e-17,1.0707884678920832e-17,0.5,5.25651821590031e-05,-5.256518215900314e-05,64
pre_selector,16,4,-6.776263578034403e-21,-1.0697158648275046e-17,1.0697158648275046e-17,0.5,0.00016563457757000312,-0.00016563457757000306,64
pre_selector,4,26,-5.421010862427522e-20,-1.0682385873303938e-17,1.0682385873303938e-17,0.5,0.001335053439106569,-0.0013350534391065685,64
pre_selector,25,16,-1.6940658945086007e-21,-1.0661751513551057e-17,1.0661751513551057e-17,0.5,-1.5992335079313924e-05,1.599233507931392e-05,64
pre_selector,26,24,-8.131516293641283e-20,-1.0647280792054532e-17,1.0647280792054532e-17,0.5,-0.0038537502769031362,0.0038537502769031362,64
pre_selector,9,29,-3.3881317890172014e-21,-1.0609091688538108e-17,1.0609091688538108e-17,0.5,0.00012962625260114322,-0.00012962625260114322,64
pre_selector,23,4,2.168404344971009e-19,1.0600695020681003e-17,1.0600695020681003e-17,0.5,-0.007602704572491348,0.007602704572491347,64
pre_selector,4,25,5.421010862427522e-20,1.0596064574838427e-17,1.0596064574838427e-17,0.5,0.0009596308664185746,-0.0009596308664185749,64
pre_selector,35,20,-6.776263578034403e-21,-1.0580640119345173e-17,1.0580640119345173e-17,0.5,-0.00016935817257033737,0.0001693581725703374,64
pre_selector,5,17,-6.776263578034403e-20,-1.0551697161974135e-17,1.0551697161974135e-17,0.5,0.0013166214048396625,-0.0013166214048396625,64
pre_selector,33,22,-2.710505431213761e-20,-1.0548891951852212e-17,1.0548891951852212e-17,0.5,-0.0016673407044436078,0.001667340704443608,64
pre_selector,27,6,-6.776263578034403e-21,-1.054357447752199e-17,1.054357447752199e-17,0.5,-0.0003135808560727862,0.00031358085607278616,64
pre_selector,13,4,1.3552527156068805e-20,1.0523522213216314e-17,1.0523522213216314e-17,0.5,0.0003044412205781594,-0.00030444122057815944,64
pre_selector,34,1,1.0842021724855044e-19,1.0499538112448032e-17,1.0499538112448032e-17,0.5,-0.0040365252280025595,0.0040365252280025595,64
pre_selector,20,26,1.3552527156068805e-20,1.0467197611870032e-17,1.0467197611870032e-17,0.5,-0.00047988730511859144,0.00047988730511859144,64
pre_selector,19,31,1.3552527156068805e-20,1.0465266171470297e-17,1.0465266171470297e-17,0.5,0.00016730200695745578,-0.0001673020069574558,64
pre_selector,2,17,-5.421010862427522e-20,-1.044920034159344e-17,1.044920034159344e-17,0.5,-0.0009503533947281441,0.000950353394728144,64
pre_selector,11,27,-5.929230630780102e-21,-1.043889989553547e-17,1.043889989553547e-17,0.5,-2.395541423537799e-05,2.3955414235377997e-05,64
pre_selector,10,17,2.710505431213761e-20,1.0409416301572333e-17,1.0409416301572333e-17,0.5,-0.001804971623641879,0.001804971623641879,64
pre_selector,4,6,-1.0842021724855044e-19,-1.0405942510854738e-17,1.0405942510854738e-17,0.5,0.0012210464665258782,-0.0012210464665258784,64
pre_selector,5,0,1.0164395367051604e-20,1.0405101220703247e-17,1.0405101220703247e-17,0.5,-9.319747005065191e-05,9.319747005065191e-05,64
pre_selector,0,29,1.0842021724855044e-19,1.0401214638535387e-17,1.0401214638535387e-17,0.5,0.00022392557002603162,-0.00022392557002603108,64
pre_selector,34,9,-4.0657581468206416e-20,-1.0357232531526742e-17,1.0357232531526742e-17,0.5,-0.00048448507732245323,0.00048448507732245334,64
pre_selector,29,18,2.0328790734103208e-20,1.0344349901586054e-17,1.0344349901586054e-17,0.5,-0.0006439992030209449,0.0006439992030209449,64
pre_selector,15,17,-1.6940658945086007e-21,-1.0297215846119004e-17,1.0297215846119004e-17,0.5,-4.848461560413109e-05,4.84846156041311e-05,64
pre_selector,32,29,-1.6940658945086007e-21,-1.0254821354031167e-17,1.0254821354031167e-17,0.5,2.6220998620379842e-05,-2.6220998620379846e-05,64
pre_selector,25,20,-6.776263578034403e-21,-1.0224980587779823e-17,1.0224980587779823e-17,0.5,-1.6208816759901396e-05,1.6208816759901402e-05,64
pre_selector,1,9,1.6263032587282567e-19,1.0212668155598151e-17,1.0212668155598151e-17,0.5,0.0028596644988283437,-0.002859664498828344,64
pre_selector,3,1,2.710505431213761e-20,1.0191047481623547e-17,1.0191047481623547e-17,0.5,0.00023724840139037186,-0.00023724840139037183,64
pre_selector,10,3,6.776263578034403e-21,1.0178420309804643e-17,1.0178420309804643e-17,0.5,-0.000157835579557289,0.00015783557955728904,64
pre_selector,14,18,2.710505431213761e-20,1.01777232885655e-17,1.01777232885655e-17,0.5,0.0008143137238221226,-0.0008143137238221226,64
pre_selector,30,9,5.421010862427522e-20,1.0155852429316582e-17,1.0155852429316582e-17,0.5,-0.0021734934252890283,0.0021734934252890283,64
pre_selector,25,8,-2.710505431213761e-20,-1.0124654740562298e-17,1.0124654740562298e-17,0.5,-0.0001957597160071688,0.00019575971600716875,64
pre_selector,31,31,5.421010862427522e-20,1.0124627145531448e-17,1.0124627145531448e-17,0.5,-0.0030367652943823218,0.0030367652943823218,64
pre_selector,23,17,-6.776263578034403e-21,-1.0100430005069946e-17,1.0100430005069946e-17,0.5,-1.361695694869101e-05,1.3616956948691038e-05,64
pre_selector,32,7,1.0842021724855044e-19,1.0094687464823652e-17,1.0094687464823652e-17,0.5,-0.0029958884415464187,0.0029958884415464187,64
pre_selector,14,3,-8.470329472543003e-22,-1.0094094562083761e-17,1.0094094562083761e-17,0.5,7.957027605695433e-06,-7.957027605695431e-06,64
pre_selector,7,8,6.776263578034403e-21,1.008400588041162e-17,1.008400588041162e-17,0.5,8.026371051528692e-05,-8.026371051528692e-05,64
pre_selector,25,23,1.3552527156068805e-20,1.0080077538317928e-17,1.0080077538317928e-17,0.5,7.849906387491906e-05,-7.849906387491906e-05,64
pre_selector,32,20,-3.3881317890172014e-21,-1.006320631561856e-17,1.006320631561856e-17,0.5,-9.332666650155555e-06,9.332666650155538e-06,64
pre_selector,10,13,-1.0842021724855044e-19,-1.0061685165095601e-17,1.0061685165095601e-17,0.5,0.0015087702922755748,-0.001508770292275575,64
pre_selector,0,10,1.0842021724855044e-19,9.997447218605109e-18,9.997447218605109e-18,0.5,-0.0002877965744119184,0.0002877965744119181,64
pre_selector,26,23,1.0164395367051604e-20,9.988725102744919e-18,9.988725102744919e-18,0.5,-0.0001512092521807094,0.00015120925218070942,64
pre_selector,10,27,-1.3552527156068805e-20,-9.977457089891041e-18,9.977457089891041e-18,0.5,-0.00033756431230357216,0.0003375643123035722,64
pre_selector,15,23,-3.3881317890172014e-21,-9.953195639372851e-18,9.953195639372851e-18,0.5,-4.514030206338321e-05,4.514030206338321e-05,64
pre_selector,17,21,1.6940658945086007e-21,9.952396735670851e-18,9.952396735670851e-18,0.5,-3.330846584503473e-05,3.330846584503473e-05,64
pre_selector,29,9,-1.0842021724855044e-19,-9.949220691792377e-18,9.949220691792377e-18,0.5,-0.005633602071611647,0.005633602071611647,64
pre_selector,7,31,-1.6940658945086007e-21,-9.88246129665888e-18,9.88246129665888e-18,0.5,-1.4205779507386055e-05,1.4205779507386057e-05,64
pre_selector,12,30,-2.710505431213761e-20,-9.86425429885237e-18,9.86425429885237e-18,0.5,-0.0004994973069187719,0.0004994973069187719,64
pre_selector,24,1,-3.3881317890172014e-21,-9.837670440535948e-18,9.837670440535948e-18,0.5,-0.00012649526706806478,0.00012649526706806478,64
pre_selector,13,3,-2.710505431213761e-20,-9.830700030945392e-18,9.830700030945392e-18,0.5,-1.914544191095315e-05,1.9145441910953137e-05,64
pre_selector,12,12,1.3552527156068805e-20,9.789816471029506e-18,9.789816471029506e-18,0.5,0.00042913700508504285,-0.00042913700508504285,64
pre_selector,12,5,-3.3881317890172014e-21,-9.763652962314122e-18,9.763652962314122e-18,0.5,3.28055921841041e-05,-3.280559218410411e-05,64
pre_selector,30,15,2.710505431213761e-20,9.76318914294105e-18,9.76318914294105e-18,0.5,-0.0003163385372317906,0.0003163385372317906,64
pre_selector,27,21,6.776263578034403e-21,9.735578247051829e-18,9.735578247051829e-18,0.5,-0.00019974063252447185,0.00019974063252447188,64
pre_selector,29,24,2.710505431213761e-20,9.734239433424258e-18,9.734239433424258e-18,0.5,-0.00116165254621589,0.0011616525462158902,64
pre_selector,25,18,3.3881317890172014e-21,9.726919632049432e-18,9.726919632049432e-18,0.5,-2.4834350824777323e-06,2.483435082477744e-06,64
pre_selector,29,16,-1.3552527156068805e-20,-9.700441602680741e-18,9.700441602680741e-18,0.5,-0.0008726526102691174,0.0008726526102691172,64
pre_selector,34,22,-1.6940658945086007e-21,-9.675225878375138e-18,9.675225878375138e-18,0.5,-3.5892451933256905e-05,3.5892451933256905e-05,64
pre_selector,32,21,-8.470329472543003e-21,-9.670180123235327e-18,9.670180123235327e-18,0.5,-0.00020140556443947486,0.00020140556443947488,64
pre_selector,8,4,2.117582368135751e-21,9.653209707225385e-18,9.653209707225385e-18,0.5,-1.2474123877838078e-05,1.2474123877838076e-05,64
pre_selector,24,23,1.0842021724855044e-19,9.63603871154522e-18,9.63603871154522e-18,0.5,-0.0024428822143818217,0.002442882214381822,64
pre_selector,33,0,-4.235164736271502e-21,-9.605694020687943e-18,9.605694020687943e-18,0.5,-8.940074690143423e-05,8.940074690143425e-05,64
pre_selector,15,29,2.117582368135751e-21,9.573829535487357e-18,9.573829535487357e-18,0.5,-1.732112480113005e-05,1.7321124801130055e-05,64
pre_selector,21,20,-5.421010862427522e-20,-9.555788785458682e-18,9.555788785458682e-18,0.5,-0.0024553764233132816,0.0024553764233132816,64
pre_selector,29,7,1.0842021724855044e-19,9.53429633871555e-18,9.53429633871555e-18,0.5,-0.005090330567327304,0.005090330567327304,64
pre_selector,11,22,-1.6940658945086007e-21,-9.533074406318507e-18,9.533074406318507e-18,0.5,4.191382708994524e-05,-4.1913827089945255e-05,64
pre_selector,23,13,2.168404344971009e-19,9.526380406003758e-18,9.526380406003758e-18,0.5,-0.0042303132795496,0.004230313279549601,64
pre_selector,12,16,-1.3552527156068805e-20,-9.519461480095243e-18,9.519461480095243e-18,0.5,-0.00011136631655972324,0.00011136631655972324,64
pre_selector,9,14,2.710505431213761e-20,9.51821601520365e-18,9.51821601520365e-18,0.5,-0.00040722193807595853,0.0004072219380759586,64
pre_selector,2,19,2.710505431213761e-20,9.502990164111844e-18,9.502990164111844e-18,0.5,-0.00025711903799673747,0.00025711903799673747,64
pre_selector,35,17,2.710505431213761e-20,9.477539829559577e-18,9.477539829559577e-18,0.5,-0.00026011474437837506,0.000260114744378375,64
pre_selector,18,10,-1.3552527156068805e-20,-9.477193018957959e-18,9.477193018957959e-18,0.5,0.0001473007341701199,-0.00014730073417011994,64
pre_selector,32,28,8.470329472543003e-22,9.466838733160213e-18,9.466838733160213e-18,0.5,4.044616844113515e-06,-4.044616844113515e-06,64
pre_selector,12,26,-1.0164395367051604e-20,-9.466346044021202e-18,9.466346044021202e-18,0.5,-0.00026229778268315905,0.00026229778268315905,64
pre_selector,20,20,1.3552527156068805e-20,9.465538198113806e-18,9.465538198113806e-18,0.5,-0.00021010009004384376,0.00021010009004384376,64
pre_selector,7,20,5.082197683525802e-21,9.462780685273522e-18,9.462780685273522e-18,0.5,-4.424097551236062e-05,4.424097551236061e-05,64
pre_selector,21,8,1.3552527156068805e-20,9.441189995005905e-18,9.441189995005905e-18,0.5,3.0753270948467284e-05,-3.0753270948467284e-05,64
pre_selector,21,7,-1.6940658945086007e-21,-9.43105143624073e-18,9.43105143624073e-18,0.5,5.184617066333994e-06,-5.18461706633399e-06,64
pre_selector,5,11,1.0842021724855044e-19,9.420198458600702e-18,9.420198458600702e-18,0.5,0.0017115767113864316,-0.0017115767113864313,64
pre_selector,25,1,3.3881317890172014e-21,9.40725531185005e-18,9.40725531185005e-18,0.5,-0.0001301880943174067,0.0001301880943174067,64
pre_selector,30,2,-2.710505431213761e-20,-9.401953610401452e-18,9.401953610401452e-18,0.5,-0.00043017946882173755,0.00043017946882173755,64
pre_selector,14,5,6.776263578034403e-21,9.401439623280213e-18,9.401439623280213e-18,0.5,0.000131411528855087,-0.000131411528855087,64
pre_selector,31,12,-1.3552527156068805e-20,-9.348760040737887e-18,9.348760040737887e-18,0.5,-0.0005233393280832256,0.0005233393280832256,64
pre_selector,28,8,-2.710505431213761e-20,-9.32662443571828e-18,9.32662443571828e-18,0.5,-0.000505146366776884,0.0005051463667768841,64
pre_selector,2,4,-2.710505431213761e-20,-9.318325284944906e-18,9.318325284944906e-18,0.5,0.0010513934739719752,-0.001051393473971975,64
pre_selector,16,29,-2.710505431213761e-20,-9.298611786476055e-18,9.298611786476055e-18,0.5,0.0003295989554317097,-0.0003295989554317098,64
pre_selector,30,25,-5.421010862427522e-20,-9.284189491183039e-18,9.284189491183039e-18,0.5,0.0003356090501256467,-0.0003356090501256468,64
pre_selector,24,26,5.421010862427522e-20,9.274452812619043e-18,9.274452812619043e-18,0.5,-0.001972469050087953,0.001972469050087953,64
pre_selector,27,15,2.710505431213761e-20,9.223216567556255e-18,9.223216567556255e-18,0.5,-0.0019648959751065896,0.0019648959751065896,64
pre_selector,7,2,1.3552527156068805e-20,9.201097701112513e-18,9.201097701112513e-18,0.5,0.00017447397112846366,-0.00017447397112846366,64
pre_selector,35,23,-5.421010862427522e-20,-9.195119993884059e-18,9.195119993884059e-18,0.5,-0.0003964127936342314,0.0003964127936342311,64
pre_selector,5,10,1.0842021724855044e-19,9.194921860016734e-18,9.194921860016734e-18,0.5,0.002530769997974844,-0.002530769997974844,64
pre_selector,33,31,-8.131516293641283e-20,-9.172988831251398e-18,9.172988831251398e-18,0.5,-0.005696363332390297,0.005696363332390297,64
pre_selector,2,1,-5.421010862427522e-20,-9.15318790629912e-18,9.15318790629912e-18,0.5,0.003272697613283508,-0.0032726976132835084,64
pre_selector,35,10,-5.421010862427522e-20,-9.119675841900935e-18,9.119675841900935e-18,0.5,9.799192412184281e-06,-9.799192412184281e-06,64
pre_selector,10,23,-1.3552527156068805e-20,-9.114574719218666e-18,9.114574719218666e-18,0.5,-0.00030046569736440947,0.00030046569736440947,64
pre_selector,25,13,1.6940658945086007e-21,9.069223946897389e-18,9.069223946897389e-18,0.5,7.613455795762178e-05,-7.613455795762178e-05,64
pre_selector,32,1,-2.710505431213761e-20,-9.068471601120342e-18,9.068471601120342e-18,0.5,-0.0009409355934621919,0.0009409355934621918,64
pre_selector,1,18,6.776263578034403e-21,9.0607533805374e-18,9.0607533805374e-18,0.5,0.00016382821013393454,-0.00016382821013393454,64
pre_selector,6,7,-5.421010862427522e-20,-9.043366900709965e-18,9.043366900709965e-18,0.5,-7.096465560608024e-05,7.09646556060803e-05,64
pre_selector,22,26,5.421010862427522e-20,9.025829073719967e-18,9.025829073719967e-18,0.5,-0.0007139254958019622,0.0007139254958019624,64
pre_selector,14,9,1.3552527156068805e-20,9.015588171490027e-18,9.015588171490027e-18,0.5,5.670362497751724e-06,-5.670362497751683e-06,64
pre_selector,33,29,1.0842021724855044e-19,8.985194083049126e-18,8.985194083049126e-18,0.5,-0.005906038284592779,0.005906038284592778,64
pre_selector,8,21,3.3881317890172014e-21,8.981449032131771e-18,8.981449032131771e-18,0.5,-2.0101869267824635e-05,2.010186926782465e-05,64
pre_selector,1,4,3.3881317890172014e-21,8.93555614735073e-18,8.93555614735073e-18,0.5,8.954168151826416e-06,-8.95416815182641e-06,64
pre_selector,25,9,1.3552527156068805e-20,8.913163502656725e-18,8.913163502656725e-18,0.5,-0.00026911527311311746,0.00026911527311311746,64
pre_selector,17,11,-5.421010862427522e-20,-8.912852565970951e-18,8.912852565970951e-18,0.5,-0.0010013609353336469,0.001001360935333647,64
pre_selector,34,2,-5.421010862427522e-20,-8.884290806176721e-18,8.884290806176721e-18,0.5,-0.0032323864761565216,0.0032323864761565216,64
pre_selector,13,0,6.776263578034403e-21,8.879012831447871e-18,8.879012831447871e-18,0.5,-0.00021212195838415596,0.00021212195838415596,64
pre_selector,34,26,-3.3881317890172014e-21,-8.87457259376119e-18,8.87457259376119e-18,0.5,2.0479543309198722e-05,-2.047954330919873e-05,64
pre_selector,11,16,1.3552527156068805e-20,8.859210208466142e-18,8.859210208466142e-18,0.5,-0.00010921277134910626,0.00010921277134910625,64
pre_selector,27,29,5.421010862427522e-20,8.834621730439872e-18,8.834621730439872e-18,0.5,-0.0022011849105183475,0.0022011849105183475,64
pre_selector,20,25,1.3552527156068805e-20,8.824287699068106e-18,8.824287699068106e-18,0.5,-0.0002671656093298125,0.0002671656093298125,64
pre_selector,0,31,8.131516293641283e-20,8.804680974519781e-18,8.804680974519781e-18,0.5,0.002481346396962172,-0.002481346396962172,64
pre_selector,3,21,2.710505431213761e-20,8.79459079967009e-18,8.79459079967009e-18,0.5,0.0001942546005011625,-0.00019425460050116245,64
pre_selector,16,3,-8.470329472543003e-22,-8.772917109811866e-18,8.772917109811866e-18,0.5,-3.664655707747701e-07,3.6646557077476923e-07,64
pre_selector,11,8,1.6940658945086007e-21,8.740765476263907e-18,8.740765476263907e-18,0.5,5.019147420169933e-05,-5.019147420169933e-05,64
pre_selector,2,8,-2.0328790734103208e-20,-8.730831876988329e-18,8.730831876988329e-18,0.5,0.0004246499956934484,-0.0004246499956934485,64
pre_selector,7,25,-3.3881317890172014e-21,-8.711483795013987e-18,8.711483795013987e-18,0.5,2.6076986614063274e-07,-2.607698661406192e-07,64
pre_selector,21,29,-1.3552527156068805e-20,-8.693289721264926e-18,8.693289721264926e-18,0.5,-0.0002475853489158948,0.0002475853489158948,64
pre_selector,11,31,-5.421010862427522e-20,-8.689045542689714e-18,8.689045542689714e-18,0.5,0.000508291657752127,-0.000508291657752127,64
pre_selector,17,25,-1.3552527156068805e-20,-8.651402136743264e-18,8.651402136743264e-18,0.5,0.00011821733642135334,-0.00011821733642135336,64
pre_selector,35,26,5.421010862427522e-20,8.626706618664757e-18,8.626706618664757e-18,0.5,-0.0031721450868644717,0.0031721450868644717,64
pre_selector,3,15,-1.3552527156068805e-20,-8.621128052041802e-18,8.621128052041802e-18,0.5,-0.0005527392886506126,0.0005527392886506128,64
pre_selector,34,11,-5.082197683525802e-21,-8.619693014682932e-18,8.619693014682932e-18,0.5,-2.439352419968123e-05,2.439352419968127e-05,64
pre_selector,1,15,-2.710505431213761e-20,-8.609404936868266e-18,8.609404936868266e-18,0.5,-0.0009021002406370776,0.0009021002406370778,64
pre_selector,25,30,1.0842021724855044e-19,8.6046682230224e-18,8.6046682230224e-18,0.5,-0.007141785041312653,0.007141785041312653,64
pre_selector,23,7,2.168404344971009e-19,8.600396060536859e-18,8.600396060536859e-18,0.5,-0.001962638125405653,0.0019626381254056534,64
pre_selector,22,2,5.421010862427522e-20,8.595745535544419e-18,8.595745535544419e-18,0.5,-0.001099695880839131,0.0010996958808391312,64
pre_selector,23,6,1.3552527156068805e-20,8.575966668854501e-18,8.575966668854501e-18,0.5,0.00010153326002181563,-0.00010153326002181563,64
pre_selector,28,26,3.3881317890172014e-21,8.571449111070757e-18,8.571449111070757e-18,0.5,0.00011206173326171701,-0.00011206173326171702,64
pre_selector,15,5,8.470329472543003e-22,8.510501816451416e-18,8.510501816451416e-18,0.5,1.1346940937068247e-05,-1.1346940937068244e-05,64
pre_selector,22,20,-5.421010862427522e-20,-8.47746635398495e-18,8.47746635398495e-18,0.5,0.00045548484195024675,-0.00045548484195024675,64
pre_selector,24,9,5.421010862427522e-20,8.365856228719768e-18,8.365856228719768e-18,0.5,0.00016566253179916245,-0.0001656625317991625,64
pre_selector,6,24,6.776263578034403e-21,8.320163619981539e-18,8.320163619981539e-18,0.5,0.00028337566436674986,-0.00028337566436674986,64
pre_selector,25,14,-2.710505431213761e-20,-8.317620932042887e-18,8.317620932042887e-18,0.5,-3.159302650601554e-05,3.1593026506015624e-05,64
pre_selector,12,20,3.3881317890172014e-21,8.278692513227762e-18,8.278692513227762e-18,0.5,-0.00012364365011306627,0.0001236436501130663,64
pre_selector,30,28,-1.3552527156068805e-20,-8.246977216683013e-18,8.246977216683013e-18,0.5,-0.00010955327434204368,0.00010955327434204378,64
pre_selector,21,11,-4.0657581468206416e-20,-8.246071350301174e-18,8.246071350301174e-18,0.5,0.0005410540470620656,-0.0005410540470620657,64
pre_selector,3,8,1.0842021724855044e-19,8.223664840979117e-18,8.223664840979117e-18,0.5,-0.0016619533416815028,0.001661953341681503,64
pre_selector,19,26,-8.470329472543003e-22,-8.218386739838455e-18,8.218386739838455e-18,0.5,9.211931342191567e-07,-9.211931342191584e-07,64
pre_selector,26,8,-1.6940658945086007e-21,-8.19796658281584e-18,8.19796658281584e-18,0.5,-1.7666608755464274e-05,1.766660875546427e-05,64
pre_selector,6,27,1.0587911840678754e-22,8.187338739443496e-18,8.187338739443496e-18,0.5,-2.894369586670109e-06,2.894369586670109e-06,64
pre_selector,11,26,-1.6940658945086007e-21,-8.181737442575272e-18,8.181737442575272e-18,0.5,-2.6137207214560198e-05,2.6137207214560198e-05,64
pre_selector,33,30,-1.0842021724855044e-19,-8.162425048948267e-18,8.162425048948267e-18,0.5,-0.0077223400730872275,0.007722340073087227,64
pre_selector,15,26,1.6940658945086007e-21,8.161938869604603e-18,8.161938869604603e-18,0.484375,5.5181686093405544e-05,-5.518168609340556e-05,64
pre_selector,0,21,-5.421010862427522e-20,-8.12368627969201e-18,8.12368627969201e-18,0.5,0.001580034440848975,-0.0015800344408489749,64
pre_selector,23,11,-1.0842021724855044e-19,-8.12014164329749e-18,8.12014164329749e-18,0.5,-0.00048043614697236927,0.00048043614697236884,64
pre_selector,25,25,-4.0657581468206416e-20,-8.115285522692167e-18,8.115285522692167e-18,0.5,-0.0018734168838818713,0.0018734168838818715,64
pre_selector,17,8,-1.3552527156068805e-20,-8.11079192448678e-18,8.11079192448678e-18,0.5,-0.00030481122485070315,0.00030481122485070315,64
pre_selector,0,27,4.0657581468206416e-20,8.05971680761151e-18,8.05971680761151e-18,0.5,-0.0016668720927555186,0.0016668720927555188,64
pre_selector,0,25,5.421010862427522e-20,8.01922668222091e-18,8.01922668222091e-18,0.5,0.003411345169297403,-0.003411345169297403,64
pre_selector,0,23,1.0842021724855044e-19,8.008414429518658e-18,8.008414429518658e-18,0.5,0.0006889829382998847,-0.0006889829382998842,64
pre_selector,14,12,-5.082197683525802e-21,-7.997056749097053e-18,7.997056749097053e-18,0.5,-2.527460628699303e-05,2.5274606286993038e-05,64
pre_selector,34,10,6.776263578034403e-21,7.967334911864273e-18,7.967334911864273e-18,0.5,6.547002817569296e-05,-6.547002817569299e-05,64
pre_selector,7,15,-2.710505431213761e-20,-7.96114911414686e-18,7.96114911414686e-18,0.5,0.00011440336675149057,-0.00011440336675149068,64
pre_selector,11,23,-8.470329472543003e-22,-7.927645759547206e-18,7.927645759547206e-18,0.5,-6.138097432995507e-06,6.138097432995507e-06,64
pre_selector,7,7,1.3234889800848443e-23,7.849868606875112e-18,7.849868606875112e-18,0.5,8.443359051923949e-07,-8.443359051923949e-07,64
pre_selector,20,8,-2.710505431213761e-20,-7.843918892102322e-18,7.843918892102322e-18,0.5,-0.00016651927398925152,0.0001665192739892515,64
pre_selector,31,27,1.6940658945086007e-21,7.798024089945586e-18,7.798024089945586e-18,0.5,4.113769989552857e-06,-4.1137699895528506e-06,64
pre_selector,33,4,1.3552527156068805e-20,7.775721439031889e-18,7.775721439031889e-18,0.5,-0.0012796211922249906,0.0012796211922249906,64
pre_selector,33,9,5.421010862427522e-20,7.771617910562785e-18,7.771617910562785e-18,0.5,-0.004197256166662527,0.004197256166662528,64
pre_selector,34,6,-6.776263578034403e-21,-7.729822710344762e-18,7.729822710344762e-18,0.5,6.794545060983634e-05,-6.794545060983631e-05,64
pre_selector,10,0,1.6940658945086007e-21,7.722036227107732e-18,7.722036227107732e-18,0.5,-9.914916063282393e-06,9.914916063282393e-06,64
pre_selector,30,4,-8.470329472543003e-22,-7.714632415186351e-18,7.714632415186351e-18,0.5,-6.457520282763834e-05,6.457520282763834e-05,64
pre_selector,12,4,8.131516293641283e-20,7.7118847350579e-18,7.7118847350579e-18,0.5,-0.0008447967193205967,0.0008447967193205971,64
pre_selector,27,0,-6.776263578034403e-21,-7.708370097474307e-18,7.708370097474307e-18,0.5,-4.314644138503805e-05,4.314644138503807e-05,64
pre_selector,6,10,5.082197683525802e-21,7.662021906001749e-18,7.662021906001749e-18,0.5,-3.764911434700476e-05,3.764911434700474e-05,64
pre_selector,2,27,-2.710505431213761e-20,-7.652820472595735e-18,7.652820472595735e-18,0.5,0.0007302051781152813,-0.0007302051781152813,64
pre_selector,1,29,-2.710505431213761e-20,-7.63332516899407e-18,7.63332516899407e-18,0.5,-0.000405005503125725,0.00040500550312572495,64
pre_selector,23,27,-3.3881317890172014e-21,-7.621753399884268e-18,7.621753399884268e-18,0.5,-3.9872029901748524e-05,3.9872029901748524e-05,64
pre_selector,1,7,5.421010862427522e-20,7.603837643892271e-18,7.603837643892271e-18,0.5,0.001974532635358611,-0.001974532635358611,64
pre_selector,1,5,-1.0842021724855044e-19,-7.595326922926998e-18,7.595326922926998e-18,0.5,0.0016746839974075564,-0.0016746839974075562,64
pre_selector,23,2,3.3881317890172014e-21,7.572873408857994e-18,7.572873408857994e-18,0.5,2.8907215892100773e-06,-2.890721589210057e-06,64
pre_selector,8,24,2.710505431213761e-20,7.564250427570136e-18,7.564250427570136e-18,0.5,-0.0009839496633503371,0.0009839496633503374,64
pre_selector,26,22,-1.6940658945086007e-21,-7.56408162679137e-18,7.56408162679137e-18,0.5,4.2865065097373584e-06,-4.28650650973736e-06,64
response_first,0,1,-3.3881317890172014e-21,-7.562525377400793e-18,7.562525377400793e-18,0.5,8.173423157131562e-05,-8.173423157131562e-05,64
pre_selector,8,16,1.3552527156068805e-20,7.504859820615286e-18,7.504859820615286e-18,0.5,-0.00018732246098806247,0.00018732246098806244,64
pre_selector,3,2,-1.0842021724855044e-19,-7.503638070519113e-18,7.503638070519113e-18,0.5,0.0014730706170666902,-0.0014730706170666906,64
pre_selector,13,1,-2.710505431213761e-20,-7.489869629727531e-18,7.489869629727531e-18,0.5,0.0009077002032427048,-0.0009077002032427048,64
pre_selector,35,2,-1.3552527156068805e-20,-7.48447499177729e-18,7.48447499177729e-18,0.5,-0.00023894492733235313,0.00023894492733235318,64
pre_selector,11,20,8.470329472543003e-22,7.435576168176847e-18,7.435576168176847e-18,0.5,2.7356266571124177e-05,-2.7356266571124177e-05,64
pre_selector,9,31,8.470329472543003e-22,7.426458979724627e-18,7.426458979724627e-18,0.5,3.390479816545202e-05,-3.390479816545202e-05,64
pre_selector,31,22,-5.082197683525802e-21,-7.42538284387064e-18,7.42538284387064e-18,0.5,-0.00010151125525226576,0.00010151125525226576,64
pre_selector,30,10,-1.3552527156068805e-20,-7.422446162423412e-18,7.422446162423412e-18,0.5,-0.00043194386216782705,0.00043194386216782705,64
pre_selector,11,29,-1.0587911840678754e-21,-7.412758753566088e-18,7.412758753566088e-18,0.5,2.5829504409087316e-05,-2.5829504409087313e-05,64
pre_selector,16,12,6.776263578034403e-21,7.39536395366328e-18,7.39536395366328e-18,0.5,0.00023770199368299306,-0.0002377019936829931,64
pre_selector,21,14,6.776263578034403e-21,7.308021398143937e-18,7.308021398143937e-18,0.5,0.00034809178077921247,-0.0003480917807792125,64
pre_selector,18,4,-1.3552527156068805e-20,-7.286904815397881e-18,7.286904815397881e-18,0.5,0.0005096976565255205,-0.0005096976565255206,64
pre_selector,25,17,3.3881317890172014e-21,7.282969063747648e-18,7.282969063747648e-18,0.5,-8.955491284723751e-05,8.955491284723749e-05,64
pre_selector,33,15,-2.168404344971009e-19,-7.280682037215077e-18,7.280682037215077e-18,0.5,-0.015856900834478417,0.015856900834478417,64
pre_selector,14,26,1.6940658945086007e-21,7.272675166608766e-18,7.272675166608766e-18,0.5,6.54028883673159e-05,-6.540288836731589e-05,64
pre_selector,6,17,-2.541098841762901e-21,-7.261682146387686e-18,7.261682146387686e-18,0.5,0.00010225815003649741,-0.00010225815003649741,64
pre_selector,27,24,-2.710505431213761e-20,-7.226936095806886e-18,7.226936095806886e-18,0.5,-6.364002911140026e-05,6.364002911140005e-05,64
pre_selector,29,17,-5.421010862427522e-20,-7.210063412014444e-18,7.210063412014444e-18,0.5,-0.001992853693081978,0.0019928536930819783,64
pre_selector,13,8,5.421010862427522e-20,7.1788069483509e-18,7.1788069483509e-18,0.5,-0.0020476217196119125,0.002047621719611912,64
pre_selector,27,16,2.710505431213761e-20,7.139678008618076e-18,7.139678008618076e-18,0.5,-0.0023762891651130822,0.0023762891651130822,64
pre_selector,19,13,-4.0657581468206416e-20,-7.108884409454785e-18,7.108884409454785e-18,0.5,0.00375679755961752,-0.00375679755961752,64
pre_selector,29,11,-5.421010862427522e-20,-7.092410789575662e-18,7.092410789575662e-18,0.5,-0.004169984771579009,0.004169984771579009,64
pre_selector,29,3,2.168404344971009e-19,7.014202307260195e-18,7.014202307260195e-18,0.5,-0.011922619334654872,0.011922619334654872,64
pre_selector,19,20,-8.470329472543003e-22,-6.94848619214443e-18,6.94848619214443e-18,0.5,3.869838877789252e-05,-3.869838877789252e-05,64
pre_selector,0,2,-8.470329472543003e-22,-6.938071941886845e-18,6.938071941886845e-18,0.5,6.685424557416809e-05,-6.685424557416809e-05,64
pre_selector,11,4,1.3552527156068805e-20,6.912421828757815e-18,6.912421828757815e-18,0.5,-0.0005231549803283971,0.0005231549803283971,64
pre_selector,21,18,2.710505431213761e-20,6.898286712260722e-18,6.898286712260722e-18,0.5,0.0004920853389194207,-0.0004920853389194207,64
pre_selector,8,9,-3.3881317890172014e-21,-6.875471489838604e-18,6.875471489838604e-18,0.5,3.156498360112187e-05,-3.156498360112187e-05,64
pre_selector,21,27,1.3552527156068805e-20,6.822258155829859e-18,6.822258155829859e-18,0.5,-0.00027874672196049054,0.0002787467219604906,64
pre_selector,21,3,2.710505431213761e-20,6.807554634282463e-18,6.807554634282463e-18,0.5,0.00013835232675773437,-0.00013835232675773454,64
pre_selector,26,3,-2.710505431213761e-20,-6.794496569597745e-18,6.794496569597745e-18,0.5,7.406422446364698e-05,-7.406422446364696e-05,64
pre_selector,34,17,1.3552527156068805e-20,6.793761363016007e-18,6.793761363016007e-18,0.5,-0.0014998468377597938,0.0014998468377597938,64
pre_selector,9,21,-3.3881317890172014e-21,-6.78924484991671e-18,6.78924484991671e-18,0.5,4.392277151054656e-05,-4.392277151054656e-05,64
pre_selector,22,12,3.3881317890172014e-21,6.7790460844675686e-18,6.7790460844675686e-18,0.5,4.1864474951577014e-05,-4.186447495157702e-05,64
pre_selector,12,3,1.3552527156068805e-20,6.750848102612429e-18,6.750848102612429e-18,0.5,-0.00042238027162965,0.00042238027162965007,64
pre_selector,13,19,-1.0164395367051604e-20,-6.73591805226284e-18,6.73591805226284e-18,0.5,0.0001642244678805591,-0.0001642244678805591,64
pre_selector,16,22,-2.710505431213761e-20,-6.708021559681278e-18,6.708021559681278e-18,0.5,-3.982587986684676e-05,3.982587986684687e-05,64
pre_selector,35,21,-3.3881317890172014e-21,-6.702399195359342e-18,6.702399195359342e-18,0.5,-1.7152799500769348e-05,1.7152799500769348e-05,64
pre_selector,27,11,6.776263578034403e-21,6.6621895528091535e-18,6.6621895528091535e-18,0.5,-0.0001240250639966674,0.00012402506399666736,64
pre_selector,14,16,6.776263578034403e-21,6.6521142130461366e-18,6.6521142130461366e-18,0.5,-0.000304467539535816,0.000304467539535816,64
pre_selector,18,27,3.3881317890172014e-21,6.6454835177301174e-18,6.6454835177301174e-18,0.5,0.00020034403746648695,-0.00020034403746648692,64
pre_selector,5,8,-1.0842021724855044e-19,-6.5734091006478165e-18,6.5734091006478165e-18,0.5,0.0013104205136187344,-0.0013104205136187344,64
pre_selector,32,2,-1.0842021724855044e-19,-6.556914290024703e-18,6.556914290024703e-18,0.5,-0.009646468810387866,0.009646468810387866,64
pre_selector,0,15,5.082197683525802e-21,6.547150778176065e-18,6.547150778176065e-18,0.5,0.00010749906050477188,-0.00010749906050477184,64
pre_selector,35,15,-2.710505431213761e-20,-6.54605379078465e-18,6.54605379078465e-18,0.5,-0.0005039647949160979,0.000503964794916098,64
pre_selector,13,14,1.0164395367051604e-20,6.4136906549752455e-18,6.4136906549752455e-18,0.5,0.00014964011006669847,-0.00014964011006669847,64
pre_selector,35,27,5.421010862427522e-20,6.3895182875098605e-18,6.3895182875098605e-18,0.5,-0.002044835859123859,0.002044835859123859,64
pre_selector,20,29,-2.710505431213761e-20,-6.383720091545873e-18,6.383720091545873e-18,0.5,-0.00042594928891048897,0.00042594928891048897,64
pre_selector,20,11,1.6940658945086007e-21,6.364308152624319e-18,6.364308152624319e-18,0.5,-1.7641334579852555e-06,1.7641334579852707e-06,64
pre_selector,8,8,6.776263578034403e-21,6.336758867549574e-18,6.336758867549574e-18,0.5,-0.00015735378292447132,0.00015735378292447137,64
pre_selector,0,19,5.421010862427522e-20,6.326706089331071e-18,6.326706089331071e-18,0.5,0.002048480853773059,-0.0020484808537730593,64
pre_selector,15,1,-2.710505431213761e-20,-6.30772098201567e-18,6.30772098201567e-18,0.5,0.0019049172769882656,-0.0019049172769882653,64
pre_selector,25,21,-6.776263578034403e-21,-6.272599335226632e-18,6.272599335226632e-18,0.5,-0.0001452304131817045,0.00014523041318170447,64
pre_selector,33,11,1.0842021724855044e-19,6.2559864262502384e-18,6.2559864262502384e-18,0.5,-0.009073592340428135,0.009073592340428134,64
pre_selector,33,21,2.710505431213761e-20,6.234308566707598e-18,6.234308566707598e-18,0.5,-0.0020704206108348314,0.002070420610834831,64
pre_selector,7,4,3.308722450212111e-24,6.211861558696362e-18,6.211861558696362e-18,0.5,2.552600741889677e-07,-2.552600741889677e-07,64
pre_selector,19,15,-1.3552527156068805e-20,-6.0848403401720825e-18,6.0848403401720825e-18,0.5,0.0005815673721371974,-0.0005815673721371974,64
pre_selector,33,8,6.776263578034403e-21,6.077326878396367e-18,6.077326878396367e-18,0.5,-0.000490789972900501,0.000490789972900501,64
pre_selector,20,0,2.710505431213761e-20,6.0557935571150255e-18,6.0557935571150255e-18,0.5,0.0016056980675784654,-0.0016056980675784654,64
pre_selector,20,3,1.3552527156068805e-20,6.020829149051869e-18,6.020829149051869e-18,0.5,0.0006154633520054465,-0.0006154633520054466,64
pre_selector,10,22,-8.470329472543003e-22,-6.019002507274421e-18,6.019002507274421e-18,0.5,-4.223047744742942e-05,4.2230477447429425e-05,64
pre_selector,10,28,-3.3881317890172014e-21,-6.0140046199740015e-18,6.0140046199740015e-18,0.5,0.00018988864030687844,-0.00018988864030687844,64
pre_selector,17,19,1.3552527156068805e-20,5.969114690499113e-18,5.969114690499113e-18,0.5,0.0008662697437102876,-0.0008662697437102875,64
pre_selector,14,24,6.776263578034403e-21,5.931761124706926e-18,5.931761124706926e-18,0.5,0.00021917080266575627,-0.00021917080266575627,64
pre_selector,24,2,6.776263578034403e-21,5.930914714455326e-18,5.930914714455326e-18,0.5,-0.0002907348730332109,0.0002907348730332109,64
pre_selector,16,16,-2.710505431213761e-20,-5.892479358299437e-18,5.892479358299437e-18,0.5,-0.00046458566794172797,0.000464585667941728,64
pre_selector,1,20,1.3552527156068805e-20,5.8851232354993216e-18,5.8851232354993216e-18,0.5,-0.00019134149624732268,0.00019134149624732265,64
pre_selector,7,22,2.710505431213761e-20,5.88234470749267e-18,5.88234470749267e-18,0.5,-0.0004060189203300875,0.0004060189203300876,64
pre_selector,13,6,6.352747104407253e-22,5.8642776326576184e-18,5.8642776326576184e-18,0.5,2.1975611616644855e-05,-2.197561161664486e-05,64
pre_selector,28,31,-6.776263578034403e-21,-5.829275818333991e-18,5.829275818333991e-18,0.5,9.8839660495279e-05,-9.883966049527897e-05,64
pre_selector,27,13,5.421010862427522e-20,5.811386224403906e-18,5.811386224403906e-18,0.5,-0.005780847081041396,0.005780847081041397,64
pre_selector,32,27,2.710505431213761e-20,5.8012003518674374e-18,5.8012003518674374e-18,0.5,0.00011258763697695939,-0.00011258763697695934,64
pre_selector,2,25,-2.710505431213761e-20,-5.750540044524771e-18,5.750540044524771e-18,0.5,-3.924572956749082e-05,3.9245729567490765e-05,64
pre_selector,34,18,8.470329472543003e-22,5.7411939196650776e-18,5.7411939196650776e-18,0.5,-3.408212694466564e-05,3.408212694466564e-05,64
pre_selector,14,30,-8.470329472543003e-22,-5.688850920888872e-18,5.688850920888872e-18,0.5,3.509906082397768e-05,-3.509906082397768e-05,64
pre_selector,2,9,-5.421010862427522e-20,-5.672497059880072e-18,5.672497059880072e-18,0.5,-0.002006288807024238,0.0020062888070242375,64
pre_selector,16,11,6.776263578034403e-21,5.648120125622601e-18,5.648120125622601e-18,0.5,-8.222347423725533e-05,8.222347423725537e-05,64
pre_selector,7,28,-8.470329472543003e-22,-5.6434339352102236e-18,5.6434339352102236e-18,0.5,-1.9196162384128676e-06,1.9196162384128676e-06,64
pre_selector,35,1,-4.235164736271502e-22,-5.62508414448155e-18,5.62508414448155e-18,0.5,-3.4182968988696033e-06,3.418296898869604e-06,64
pre_selector,6,6,6.776263578034403e-20,5.611462919215547e-18,5.611462919215547e-18,0.5,-0.00014389041461981855,0.0001438904146198191,64
pre_selector,2,6,-5.421010862427522e-20,-5.599271780988721e-18,5.599271780988721e-18,0.5,0.001277818621019825,-0.001277818621019825,64
pre_selector,14,0,1.6940658945086007e-21,5.598020125510348e-18,5.598020125510348e-18,0.5,-6.929316600689272e-05,6.929316600689272e-05,64
pre_selector,8,29,4.235164736271502e-22,5.5670924974023196e-18,5.5670924974023196e-18,0.5,1.0437951942767996e-06,-1.0437951942767979e-06,64
pre_selector,34,24,-8.470329472543003e-22,-5.5532493792889376e-18,5.5532493792889376e-18,0.5,1.0278477247992111e-05,-1.0278477247992111e-05,64
pre_selector,13,7,6.776263578034403e-21,5.5383633979025616e-18,5.5383633979025616e-18,0.5,0.00038163177941897186,-0.00038163177941897186,64
pre_selector,11,11,-1.3552527156068805e-20,-5.527498198105529e-18,5.527498198105529e-18,0.5,0.000359856634531761,-0.0003598566345317611,64
pre_selector,14,2,-3.3881317890172014e-21,-5.465372524473523e-18,5.465372524473523e-18,0.5,-3.493308395263747e-05,3.493308395263749e-05,64
pre_selector,26,11,-1.6940658945086007e-21,-5.3746429133691324e-18,5.3746429133691324e-18,0.5,4.434482207203751e-06,-4.4344822072037445e-06,64
pre_selector,16,14,-1.3552527156068805e-20,-5.3267898661094076e-18,5.3267898661094076e-18,0.5,0.00018888050544774434,-0.00018888050544774428,64
pre_selector,13,22,1.6940658945086007e-21,5.320464317228234e-18,5.320464317228234e-18,0.5,2.6135825464738053e-05,-2.613582546473806e-05,64
pre_selector,21,30,6.776263578034403e-21,5.30575775551814e-18,5.30575775551814e-18,0.5,-1.940282345458115e-05,1.940282345458115e-05,64
pre_selector,15,4,3.3881317890172014e-21,5.289265190320839e-18,5.289265190320839e-18,0.5,-1.764049284248201e-05,1.7640492842482015e-05,64
pre_selector,15,27,4.235164736271502e-22,5.274709087291789e-18,5.274709087291789e-18,0.5,-7.094104773846118e-06,7.094104773846118e-06,64
pre_selector,31,20,-5.421010862427522e-20,-5.243678188090951e-18,5.243678188090951e-18,0.5,-0.0015067188469401595,0.0015067188469401593,64
pre_selector,34,3,1.0842021724855044e-19,5.173409528980054e-18,5.173409528980054e-18,0.5,-0.013566017092671225,0.013566017092671225,64
pre_selector,18,23,3.3881317890172014e-21,5.165448255993877e-18,5.165448255993877e-18,0.5,6.593822763534004e-05,-6.593822763534003e-05,64
pre_selector,20,18,-6.776263578034403e-21,-5.159508535132481e-18,5.159508535132481e-18,0.5,0.00028916105566167093,-0.000289161055661671,64
pre_selector,28,24,-1.3552527156068805e-20,-5.154558221611194e-18,5.154558221611194e-18,0.5,-0.0004352122541604282,0.0004352122541604281,64
pre_selector,13,31,-4.235164736271502e-22,-5.108048778907713e-18,5.108048778907713e-18,0.5,3.177029952889082e-06,-3.1770299528890835e-06,64
pre_selector,17,26,-6.776263578034403e-21,-5.0968674249067326e-18,5.0968674249067326e-18,0.5,0.000462733501990428,-0.00046273350199042807,64
pre_selector,21,9,5.421010862427522e-20,5.061262991815651e-18,5.061262991815651e-18,0.5,-0.000997603136056572,0.000997603136056572,64
pre_selector,33,14,-5.421010862427522e-20,-4.97619611810807e-18,4.97619611810807e-18,0.5,-0.00385938651015747,0.0038593865101574686,64
pre_selector,1,14,-2.710505431213761e-20,-4.9285144831286744e-18,4.9285144831286744e-18,0.5,0.0012365153088467033,-0.001236515308846703,64
pre_selector,11,15,1.3552527156068805e-20,4.896035922454072e-18,4.896035922454072e-18,0.5,-0.0004522196113612233,0.0004522196113612234,64
pre_selector,28,29,-3.3881317890172014e-21,-4.857977697208433e-18,4.857977697208433e-18,0.5,0.00010464002525622187,-0.00010464002525622185,64
pre_selector,17,29,-3.3881317890172014e-21,-4.814528480223731e-18,4.814528480223731e-18,0.5,0.0003189649930845735,-0.00031896499308457354,64
pre_selector,29,19,-6.776263578034403e-21,-4.8116620517017754e-18,4.8116620517017754e-18,0.5,-0.00025553567502354236,0.00025553567502354236,64
pre_selector,8,2,5.293955920339377e-23,4.806372533535047e-18,4.806372533535047e-18,0.5,2.4130423668111693e-06,-2.413042366811169e-06,64
pre_selector,12,24,-2.541098841762901e-21,-4.755645386231693e-18,4.755645386231693e-18,0.5,-3.786168031183706e-05,3.7861680311837066e-05,64
pre_selector,28,16,-3.3881317890172014e-21,-4.74766198390524e-18,4.74766198390524e-18,0.5,-0.0004287183965061231,0.0004287183965061231,64
pre_selector,28,15,-1.3552527156068805e-20,-4.727790242721516e-18,4.727790242721516e-18,0.5,-0.0006719910816173025,0.0006719910816173026,64
pre_selector,6,0,-6.776263578034403e-21,-4.7182857793547155e-18,4.7182857793547155e-18,0.5,-9.840585335046872e-06,9.840585335046831e-06,64
pre_selector,21,13,-6.776263578034403e-21,-4.7129658068972434e-18,4.7129658068972434e-18,0.5,0.00041503025386190387,-0.00041503025386190387,64
pre_selector,13,10,3.3881317890172014e-21,4.692935044791132e-18,4.692935044791132e-18,0.5,0.0001796795068003153,-0.00017967950680031534,64
pre_selector,30,5,3.3881317890172014e-21,4.668149636448073e-18,4.668149636448073e-18,0.5,-0.00016635885731375793,0.00016635885731375788,64
pre_selector,12,18,2.710505431213761e-20,4.650640468122314e-18,4.650640468122314e-18,0.5,0.001037271598761429,-0.001037271598761429,64
pre_selector,30,14,-1.6940658945086007e-21,-4.625856898147019e-18,4.625856898147019e-18,0.5,-3.214157959520316e-05,3.214157959520316e-05,64
pre_selector,34,5,5.421010862427522e-20,4.57950715597578e-18,4.57950715597578e-18,0.5,-0.006563886396179422,0.006563886396179421,64
pre_selector,28,21,-6.776263578034403e-21,-4.5533823719151016e-18,4.5533823719151016e-18,0.5,-0.000724745092156791,0.0007247450921567909,64
pre_selector,11,2,2.710505431213761e-20,4.531473354907869e-18,4.531473354907869e-18,0.5,-0.0008919734609662506,0.0008919734609662507,64
pre_selector,8,20,-1.6940658945086007e-21,-4.502069030174543e-18,4.502069030174543e-18,0.5,-5.366118148231327e-05,5.366118148231327e-05,64
pre_selector,29,27,1.3552527156068805e-20,4.450853292508952e-18,4.450853292508952e-18,0.5,-0.0013457556133289405,0.0013457556133289407,64
pre_selector,32,26,-3.3881317890172014e-21,-4.37355233528339e-18,4.37355233528339e-18,0.5,-0.00010808832485055268,0.00010808832485055265,64
pre_selector,24,10,-6.776263578034403e-21,-4.347095096947711e-18,4.347095096947711e-18,0.5,0.0001690771896392031,-0.0001690771896392031,64
pre_selector,8,30,4.235164736271502e-22,4.322110133582056e-18,4.322110133582056e-18,0.5,1.717537796252447e-05,-1.7175377962524472e-05,64
pre_selector,26,13,-6.776263578034403e-21,-4.308893657849653e-18,4.308893657849653e-18,0.5,-0.00043588069183897503,0.0004358806918389749,64
pre_selector,11,1,3.3881317890172014e-21,4.304956506447144e-18,4.304956506447144e-18,0.5,0.00037067501034469423,-0.0003706750103446943,64
pre_selector,33,23,-5.421010862427522e-20,-4.303436084151518e-18,4.303436084151518e-18,0.5,-0.004412057809531682,0.004412057809531682,64
pre_selector,30,19,1.6940658945086007e-21,4.279161883131638e-18,4.279161883131638e-18,0.5,-3.4414933452347664e-05,3.441493345234765e-05,64
pre_selector,23,0,2.710505431213761e-20,4.271555482943004e-18,4.271555482943004e-18,0.5,-0.0020455630437936595,0.0020455630437936595,64
pre_selector,6,26,6.776263578034403e-21,4.251132059054332e-18,4.251132059054332e-18,0.5,8.431756941718124e-05,-8.431756941718127e-05,64
pre_selector,24,25,-2.710505431213761e-20,-4.227035886753261e-18,4.227035886753261e-18,0.5,-0.0010282167131663155,0.0010282167131663155,64
pre_selector,1,24,-2.710505431213761e-20,-4.172705808430303e-18,4.172705808430303e-18,0.5,-1.8933438695968878e-05,1.8933438695968986e-05,64
pre_selector,19,23,-1.3552527156068805e-20,-4.164411368251744e-18,4.164411368251744e-18,0.5,0.00041213660006176244,-0.00041213660006176244,64
pre_selector,8,28,-5.293955920339377e-23,-4.150683208802703e-18,4.150683208802703e-18,0.5,-1.0953204494512647e-06,1.0953204494512647e-06,64
pre_selector,2,16,1.3552527156068805e-20,4.13964248725897e-18,4.13964248725897e-18,0.5,-0.0009848411136772275,0.0009848411136772275,64
pre_selector,18,14,1.3552527156068805e-20,4.133133029628898e-18,4.133133029628898e-18,0.5,0.00062604187769464,-0.00062604187769464,64
pre_selector,16,26,-6.776263578034403e-21,-4.123213758510174e-18,4.123213758510174e-18,0.5,1.1436088243499967e-05,-1.1436088243499981e-05,64
pre_selector,31,4,-5.421010862427522e-20,-4.079245363047589e-18,4.079245363047589e-18,0.5,-0.00655660788470412,0.00655660788470412,64
pre_selector,10,10,-6.776263578034403e-21,-4.010091372296547e-18,4.010091372296547e-18,0.5,-0.00018303544857189698,0.00018303544857189695,64
pre_selector,11,7,8.470329472543003e-22,3.9683492193759175e-18,3.9683492193759175e-18,0.5,2.694782597245554e-05,-2.6947825972455543e-05,64
pre_selector,34,20,2.117582368135751e-22,3.938909113476192e-18,3.938909113476192e-18,0.5,-1.728590669358373e-05,1.7285906693583726e-05,64
pre_selector,28,23,2.710505431213761e-20,3.929198256863435e-18,3.929198256863435e-18,0.5,-0.003949838850530767,0.003949838850530767,64
pre_selector,24,16,5.421010862427522e-20,3.9290313146116465e-18,3.9290313146116465e-18,0.5,-0.0033730274335539243,0.0033730274335539235,64
pre_selector,28,17,-6.776263578034403e-21,-3.913187088962969e-18,3.913187088962969e-18,0.5,-0.0005130079898663147,0.0005130079898663146,64
pre_selector,25,19,8.470329472543003e-22,3.897276800841658e-18,3.897276800841658e-18,0.5,2.164730858555396e-06,-2.1647308585554026e-06,64
pre_selector,33,13,2.710505431213761e-20,3.814962380283285e-18,3.814962380283285e-18,0.5,-0.003961671616707434,0.003961671616707434,64
pre_selector,29,25,-5.421010862427522e-20,-3.7245549023314824e-18,3.7245549023314824e-18,0.5,-0.009222426218911978,0.009222426218911978,64
pre_selector,33,25,-3.3881317890172014e-21,-3.723417788654993e-18,3.723417788654993e-18,0.5,-0.0002986517183671659,0.000298651718367166,64
pre_selector,3,20,1.3552527156068805e-20,3.715657099950839e-18,3.715657099950839e-18,0.5,-0.0003025148507731437,0.0003025148507731437,64
pre_selector,24,31,-5.421010862427522e-20,-3.708682790827517e-18,3.708682790827517e-18,0.5,-0.008549817095627053,0.008549817095627053,64
pre_selector,3,22,-1.3552527156068805e-20,-3.693843705318677e-18,3.693843705318677e-18,0.5,-0.00011422403986216566,0.00011422403986216569,64
pre_selector,14,6,1.0164395367051604e-20,3.627070014984664e-18,3.627070014984664e-18,0.5,0.000319541086355455,-0.00031954108635545497,64
pre_selector,24,18,6.776263578034403e-21,3.583358518406241e-18,3.583358518406241e-18,0.5,-0.0004977749013050907,0.0004977749013050905,64
pre_selector,32,19,-1.6940658945086007e-21,-3.542617463118735e-18,3.542617463118735e-18,0.5,-3.815619129454748e-05,3.815619129454748e-05,64
pre_selector,12,17,-1.6940658945086007e-21,-3.472022090214377e-18,3.472022090214377e-18,0.5,-8.666987287141216e-05,8.666987287141213e-05,64
pre_selector,31,2,6.776263578034403e-21,3.4373508136158204e-18,3.4373508136158204e-18,0.5,-0.0007789369992678875,0.0007789369992678874,64
pre_selector,34,4,-3.3881317890172014e-21,-3.4113373601285007e-18,3.4113373601285007e-18,0.5,-0.00031601666887580936,0.00031601666887580936,64
pre_selector,12,29,-1.6940658945086007e-21,-3.3980516994533913e-18,3.3980516994533913e-18,0.5,5.9748967032642396e-05,-5.974896703264239e-05,64
pre_selector,6,30,-6.776263578034403e-21,-3.3573352717157645e-18,3.3573352717157645e-18,0.5,-2.479449540260004e-05,2.4794495402599985e-05,64
pre_selector,27,1,8.470329472543003e-22,3.3265467986246835e-18,3.3265467986246835e-18,0.5,-1.9285963844595017e-05,1.9285963844595017e-05,64
pre_selector,31,15,5.421010862427522e-20,3.31883974195875e-18,3.31883974195875e-18,0.5,-0.0016961679502856064,0.0016961679502856062,64
pre_selector,17,0,-6.776263578034403e-21,-3.3019927586642695e-18,3.3019927586642695e-18,0.5,0.0007181595074143625,-0.0007181595074143626,64
pre_selector,18,8,-3.3881317890172014e-21,-3.2898420054892797e-18,3.2898420054892797e-18,0.5,0.00019388793043614066,-0.0001938879304361406,64
pre_selector,32,15,-1.3552527156068805e-20,-3.281762382926773e-18,3.281762382926773e-18,0.5,-0.0007670978375245001,0.0007670978375245,64
pre_selector,25,6,1.6940658945086007e-21,3.2507690881636096e-18,3.2507690881636096e-18,0.5,-9.720312027639469e-05,9.72031202763947e-05,64
pre_selector,6,16,1.3552527156068805e-20,3.204303906719385e-18,3.204303906719385e-18,0.5,0.0013066715182503562,-0.0013066715182503564,64
pre_selector,27,10,3.3881317890172014e-21,3.1792695820896254e-18,3.1792695820896254e-18,0.5,-0.00025984569219871244,0.0002598456921987125,64
pre_selector,24,11,2.710505431213761e-20,3.1790606167092846e-18,3.1790606167092846e-18,0.5,-0.0014981312706368061,0.0014981312706368061,64
pre_selector,16,10,-6.776263578034403e-21,-2.9747999075623227e-18,2.9747999075623227e-18,0.5,-0.00035414066223893136,0.00035414066223893125,64
pre_selector,22,17,1.3552527156068805e-20,2.969540752659509e-18,2.969540752659509e-18,0.5,-0.0010545154364081074,0.0010545154364081074,64
pre_selector,22,30,5.421010862427522e-20,2.85204952185618e-18,2.85204952185618e-18,0.5,-0.0007317178969969921,0.0007317178969969917,64
pre_selector,32,23,4.235164736271502e-22,2.623045025209384e-18,2.623045025209384e-18,0.5,4.030168759072576e-05,-4.030168759072576e-05,64
pre_selector,13,12,-1.0339757656912846e-25,-2.531187414830057e-18,2.531187414830057e-18,0.5,-2.7049324169414746e-09,2.7049324169414746e-09,64
pre_selector,22,28,-2.710505431213761e-20,-2.499939170369019e-18,2.499939170369019e-18,0.5,-0.0009105970530072125,0.0009105970530072127,64
pre_selector,23,29,2.710505431213761e-20,2.4361602110231726e-18,2.4361602110231726e-18,0.5,0.0037273110428941315,-0.0037273110428941315,64
pre_selector,0,17,-2.710505431213761e-20,-2.2878741895408823e-18,2.2878741895408823e-18,0.5,0.0043709331512218185,-0.0043709331512218185,64
pre_selector,34,14,-8.470329472543003e-22,-2.2770447933446955e-18,2.2770447933446955e-18,0.5,4.606034599419386e-05,-4.606034599419386e-05,64
pre_selector,9,19,6.617444900424222e-24,2.130723711121173e-18,2.130723711121173e-18,0.5,-6.392126916665577e-08,6.392126916665575e-08,64
pre_selector,2,11,6.776263578034403e-21,2.0904242037210534e-18,2.0904242037210534e-18,0.5,-0.0011163203598698345,0.001116320359869834,64
pre_selector,30,18,-3.3881317890172014e-21,-2.0762236061326096e-18,2.0762236061326096e-18,0.5,-0.000808949800557425,0.000808949800557425,64
pre_selector,1,6,-6.776263578034403e-21,-2.03520200118822e-18,2.03520200118822e-18,0.5,8.485666330671876e-05,-8.485666330671878e-05,64
pre_selector,17,1,-3.3881317890172014e-21,-1.7206307410593451e-18,1.7206307410593451e-18,0.5,0.00041766153663046104,-0.0004176615366304611,64
pre_selector,19,14,2.710505431213761e-20,1.6566086211392155e-18,1.6566086211392155e-18,0.5,-0.00049534550635145,0.00049534550635145,64
pre_selector,33,16,0.0,0.0,0.0,0.5,-0.012611493686563306,0.012611493686563308,64
pre_selector,22,9,0.0,0.0,0.0,0.5,-0.00022957311921344538,0.00022957311921344538,64
pre_selector,22,3,0.0,0.0,0.0,0.5,0.0003908570943167337,-0.0003908570943167337,64
pre_selector,7,11,0.0,0.0,0.0,0.5,0.00015327746223192033,-0.0001532774622319203,64
pre_selector,7,10,0.0,0.0,0.0,0.5,-5.1136589718215923e-05,5.113658971821592e-05,64
pre_selector,32,13,0.0,0.0,0.0,0.5,1.1407832062106262e-05,-1.1407832062106242e-05,64
pre_selector,32,6,0.0,0.0,0.0,0.5,-0.004853862097661459,0.004853862097661459,64
pre_selector,32,3,0.0,0.0,0.0,0.5,-0.010552259234827926,0.01055225923482793,64
pre_selector,7,5,0.0,0.0,0.0,0.5,9.91959244913626e-05,-9.919592449136259e-05,64
pre_selector,4,27,0.0,0.0,0.0,0.5,0.002765529820862857,-0.002765529820862857,64
pre_selector,4,23,0.0,0.0,0.0,0.5,0.00018458488921170243,-0.00018458488921170254,64
pre_selector,20,14,0.0,0.0,0.0,0.5,-0.0007571854293928426,0.0007571854293928426,64
pre_selector,4,21,0.0,0.0,0.0,0.5,0.00028220340027474084,-0.00028220340027474046,64
pre_selector,18,5,0.0,0.0,0.0,0.5,0.0020292424233048123,-0.0020292424233048123,64
pre_selector,22,10,0.0,0.0,0.0,0.5,-0.0002496158704161606,0.0002496158704161606,64
pre_selector,13,18,0.0,0.0,0.0,0.5,-0.00010458258657307234,0.00010458258657307231,64
pre_selector,1,27,0.0,0.0,0.0,0.5,0.00304058688925579,-0.003040586889255791,64
pre_selector,1,26,0.0,0.0,0.0,0.5,0.0003297111397841999,-0.00032971113978419995,64
pre_selector,6,29,0.0,0.0,0.0,0.5,0.00027964806304226896,-0.00027964806304226896,64
pre_selector,6,25,0.0,0.0,0.0,0.5,0.0006375406774168312,-0.0006375406774168312,64
pre_selector,6,23,0.0,0.0,0.0,0.5,-2.6637090741137432e-05,2.6637090741137412e-05,64
pre_selector,7,9,0.0,0.0,0.0,0.5,-3.622524354796109e-05,3.622524354796109e-05,64
pre_selector,4,20,0.0,0.0,0.0,0.5,0.000476751672977128,-0.0004767516729771282,64
pre_selector,31,29,0.0,0.0,0.0,0.5,-0.004929689952405147,0.004929689952405147,64
pre_selector,8,1,0.0,0.0,0.0,0.5,6.687466793655933e-06,-6.687466793655923e-06,64
pre_selector,8,0,0.0,0.0,0.0,0.5,2.332285589545682e-05,-2.3322855895456815e-05,64
pre_selector,16,9,0.0,0.0,0.0,0.5,0.0012657029001274906,-0.0012657029001274906,64
pre_selector,16,6,0.0,0.0,0.0,0.5,1.0487194231233903e-05,-1.0487194231233903e-05,64
pre_selector,13,29,0.0,0.0,0.0,0.5,-4.190693459804615e-06,4.190693459804615e-06,64
pre_selector,16,20,0.0,0.0,0.0,0.5,1.1705889846784654e-05,-1.170588984678465e-05,64
pre_selector,16,19,0.0,0.0,0.0,0.5,0.002061994724499516,-0.0020619947244995157,64
pre_selector,2,5,0.0,0.0,0.0,0.5,-0.00024658567508593096,0.00024658567508593096,64
pre_selector,29,20,0.0,0.0,0.0,0.5,-2.314023731741714e-05,2.3140237317417134e-05,64
pre_selector,16,5,0.0,0.0,0.0,0.5,0.00015383326490334994,-0.00015383326490334994,64
pre_selector,17,31,0.0,0.0,0.0,0.5,-3.38357180140747e-06,3.38357180140747e-06,64
pre_selector,17,30,0.0,0.0,0.0,0.5,1.9032028546912013e-05,-1.903202854691201e-05,64
pre_selector,3,31,0.0,0.0,0.0,0.5,0.0008850111507854271,-0.0008850111507854271,64
pre_selector,3,30,0.0,0.0,0.0,0.5,0.0027122772914935965,-0.0027122772914935965,64
pre_selector,8,14,0.0,0.0,0.0,0.5,6.169654170658149e-06,-6.169654170658132e-06,64
pre_selector,13,17,0.0,0.0,0.0,0.5,-9.3814085630594e-05,9.381408563059399e-05,64
pre_selector,26,25,0.0,0.0,0.0,0.5,0.0013852535121259134,-0.0013852535121259132,64
pre_selector,28,18,0.0,0.0,0.0,0.5,-0.0008054356776483366,0.0008054356776483366,64
pre_selector,13,16,0.0,0.0,0.0,0.5,-0.0010312933045497595,0.0010312933045497593,64
pre_selector,13,9,0.0,0.0,0.0,0.5,0.001151613912952583,-0.0011516139129525832,64
pre_selector,26,21,0.0,0.0,0.0,0.5,5.050106597080733e-05,-5.050106597080733e-05,64
pre_selector,15,21,0.0,0.0,0.0,0.5,7.57582829464677e-05,-7.57582829464677e-05,64
pre_selector,15,18,0.0,0.0,0.0,0.5,-3.828101648649786e-05,3.828101648649785e-05,64
pre_selector,6,18,0.0,0.0,0.0,0.5,0.0003195799035893227,-0.0003195799035893227,64
pre_selector,26,28,0.0,0.0,0.0,0.5,0.0004885250509687253,-0.0004885250509687253,64
pre_selector,18,1,0.0,0.0,0.0,0.5,0.0004972078641003382,-0.0004972078641003382,64
pre_selector,18,26,0.0,0.0,0.0,0.5,0.001695768381978241,-0.001695768381978241,64
pre_selector,18,25,0.0,0.0,0.0,0.5,-0.00044001183687215634,0.00044001183687215634,64
pre_selector,34,12,0.0,0.0,0.0,0.5,7.905596248754573e-06,-7.905596248754552e-06,64
pre_selector,18,22,0.0,0.0,0.0,0.5,0.0002675192081369265,-0.00026751920813692656,64
pre_selector,4,9,0.0,0.0,0.0,0.5,0.001757242127496292,-0.0017572421274962922,64
pre_selector,4,7,0.0,0.0,0.0,0.5,0.004339617050959531,-0.004339617050959531,64
pre_selector,29,21,0.0,0.0,0.0,0.5,-6.994634600231476e-05,6.994634600231476e-05,64
pre_selector,8,12,0.0,0.0,0.0,0.5,3.132750862281297e-06,-3.1327508622812426e-06,64
pre_selector,8,5,0.0,0.0,0.0,0.5,-1.3624792870816762e-05,1.3624792870816762e-05,64
pre_selector,18,20,0.0,0.0,0.0,0.5,-7.434312647092115e-05,7.434312647092113e-05,64
pre_selector,19,27,0.0,0.0,0.0,0.5,9.391289040640291e-06,-9.391289040640291e-06,64
pre_selector,19,19,0.0,0.0,0.0,0.5,-0.0003117532978649197,0.0003117532978649197,64
pre_selector,19,17,0.0,0.0,0.0,0.5,0.00038232956285355656,-0.00038232956285355634,64
pre_selector,7,0,0.0,0.0,0.0,0.5,1.8795390587907272e-05,-1.879539058790728e-05,64
pre_selector,33,26,0.0,0.0,0.0,0.5,4.4219009396371374e-06,-4.421900939637138e-06,64
pre_selector,4,5,0.0,0.0,0.0,0.5,-0.00015619693840560568,0.0001561969384056056,64
pre_selector,16,13,0.0,0.0,0.0,0.5,0.00010569675851001371,-0.00010569675851001371,64
pre_selector,3,13,0.0,0.0,0.0,0.5,0.0018228368326163125,-0.0018228368326163127,64
pre_selector,9,6,0.0,0.0,0.0,0.5,9.826959939118751e-06,-9.826959939118751e-06,64
pre_selector,15,13,0.0,0.0,0.0,0.5,3.660551010397641e-05,-3.660551010397636e-05,64
pre_selector,15,10,0.0,0.0,0.0,0.5,0.00010734273746491406,-0.00010734273746491408,64
pre_selector,15,9,0.0,0.0,0.0,0.5,0.0001557447612867719,-0.00015574476128677188,64
pre_selector,15,8,0.0,0.0,0.0,0.5,-0.000517510701683925,0.000517510701683925,64
pre_selector,6,15,0.0,0.0,0.0,0.5,9.632149840399864e-05,-9.632149840399864e-05,64
pre_selector,26,15,0.0,0.0,0.0,0.5,-0.008344794288859671,0.008344794288859671,64
pre_selector,1,21,0.0,0.0,0.0,0.5,0.0004715073082479683,-0.0004715073082479687,64
pre_selector,10,20,0.0,0.0,0.0,0.5,-0.00025741329591255613,0.0002574132959125562,64
pre_selector,6,5,0.0,0.0,0.0,0.5,-0.00015171217819441883,0.00015171217819441877,64
pre_selector,27,8,0.0,0.0,0.0,0.5,-0.002371820070038645,0.002371820070038645,64
pre_selector,27,7,0.0,0.0,0.0,0.5,-0.001306235109950653,0.0013062351099506532,64
pre_selector,16,17,0.0,0.0,0.0,0.5,0.0002720740740187281,-0.0002720740740187281,64
pre_selector,16,15,0.0,0.0,0.0,0.5,0.0006327148730633781,-0.000632714873063378,64
pre_selector,15,6,0.0,0.0,0.0,0.5,-2.9148015073585205e-05,2.9148015073585202e-05,64
pre_selector,3,17,0.0,0.0,0.0,0.5,0.00027475216717221716,-0.00027475216717221716,64
pre_selector,16,21,0.0,0.0,0.0,0.5,0.001012100430671128,-0.0010121004306711283,64
pre_selector,3,12,0.0,0.0,0.0,0.5,0.0014848343990934293,-0.0014848343990934293,64
pre_selector,3,11,0.0,0.0,0.0,0.5,-0.003142278539598916,0.003142278539598915,64
pre_selector,3,9,0.0,0.0,0.0,0.5,-0.00044147504377176235,0.00044147504377176235,64
pre_selector,10,15,0.0,0.0,0.0,0.5,6.018060776114116e-05,-6.018060776114115e-05,64
pre_selector,10,11,0.0,0.0,0.0,0.5,-1.4998895494504925e-05,1.4998895494504924e-05,64
pre_selector,32,30,0.0,0.0,0.0,0.5,-8.51355295594658e-06,8.51355295594658e-06,64
pre_selector,10,5,0.0,0.0,0.0,0.5,-4.944353122482043e-06,4.944353122482043e-06,64
pre_selector,10,4,0.0,0.0,0.0,0.5,-3.0707321457155026e-05,3.070732145715503e-05,64
pre_selector,1,17,0.0,0.0,0.0,0.5,7.783281034789871e-06,-7.78328103478979e-06,64
pre_selector,28,4,0.0,0.0,0.0,0.5,-5.0897461278512204e-05,5.089746127851221e-05,64
pre_selector,28,3,0.0,0.0,0.0,0.5,-0.003649149162811188,0.003649149162811188,64
pre_selector,28,0,0.0,0.0,0.0,0.5,-0.005394505322328747,0.005394505322328747,64
pre_selector,27,27,0.0,0.0,0.0,0.5,-9.839992890192079e-05,9.839992890192076e-05,64
pre_selector,27,25,0.0,0.0,0.0,0.5,0.0005132928818056937,-0.0005132928818056937,64
pre_selector,10,6,0.0,0.0,0.0,0.5,-3.253520662838317e-05,3.253520662838317e-05,64
pre_selector,30,8,0.0,0.0,0.0,0.5,-0.0022744481830159124,0.0022744481830159124,64
pre_selector,30,6,0.0,0.0,0.0,0.5,-0.0005713361733796544,0.0005713361733796541,64
pre_selector,30,3,0.0,0.0,0.0,0.5,-0.0006518116915685743,0.0006518116915685742,64
pre_selector,29,31,0.0,0.0,0.0,0.5,-0.0001189253357551903,0.0001189253357551903,64
pre_selector,12,22,0.0,0.0,0.0,0.5,-8.353132761840361e-05,8.353132761840361e-05,64
pre_selector,12,19,0.0,0.0,0.0,0.5,1.0750472938531213e-05,-1.0750472938531216e-05,64
pre_selector,12,14,0.0,0.0,0.0,0.5,4.203544176562388e-05,-4.2035441765623845e-05,64
pre_selector,34,23,0.0,0.0,0.0,0.5,8.724473531174226e-06,-8.724473531174226e-06,64
pre_selector,14,28,0.0,0.0,0.0,0.5,7.168327465478436e-05,-7.168327465478437e-05,64
pre_selector,14,25,0.0,0.0,0.0,0.5,3.471927675491364e-05,-3.471927675491364e-05,64
pre_selector,14,17,0.0,0.0,0.0,0.5,-0.0005951002513029094,0.0005951002513029094,64
pre_selector,1,13,0.0,0.0,0.0,0.5,-0.000847588910801283,0.0008475889108012831,64
pre_selector,1,10,0.0,0.0,0.0,0.5,-0.00037711593176936964,0.0003771159317693697,64
pre_selector,6,14,0.0,0.0,0.0,0.5,0.001404710410497495,-0.0014047104104974951,64
pre_selector,33,10,0.0,0.0,0.0,0.5,-0.0047236900863935815,0.004723690086393581,64
pre_selector,13,25,0.0,0.0,0.0,0.5,-3.744693822227143e-05,3.744693822227144e-05,64
pre_selector,26,12,0.0,0.0,0.0,0.5,-0.0016665975781506625,0.0016665975781506625,64
pre_selector,35,12,0.0,0.0,0.0,0.5,-0.001119950233260172,0.0011199502332601722,64
pre_selector,28,27,0.0,0.0,0.0,0.5,8.70878693588577e-08,-8.70878693588577e-08,64
pre_selector,28,25,0.0,0.0,0.0,0.5,-0.00010421731167298758,0.00010421731167298756,64
pre_selector,26,31,0.0,0.0,0.0,0.5,-0.0052496534117380915,0.0052496534117380915,64
pre_selector,26,30,0.0,0.0,0.0,0.5,0.00040945808996183846,-0.00040945808996183835,64
pre_selector,26,6,0.0,0.0,0.0,0.5,-0.00010834140994120704,0.00010834140994120693,64
pre_selector,26,4,0.0,0.0,0.0,0.5,-0.0007302669400814726,0.0007302669400814724,64
pre_selector,25,29,0.0,0.0,0.0,0.5,-3.072471724862666e-05,3.072471724862666e-05,64
pre_selector,9,30,0.0,0.0,0.0,0.5,3.0251776195200364e-07,-3.0251776195200364e-07,64
pre_selector,12,13,0.0,0.0,0.0,0.5,0.0013888866869820001,-0.0013888866869820001,64
pre_selector,6,19,0.0,0.0,0.0,0.5,0.00012225309183122254,-0.0001222530918312226,64
pre_selector,24,5,0.0,0.0,0.0,0.5,-0.0006142006604932182,0.0006142006604932182,64
pre_selector,24,0,0.0,0.0,0.0,0.5,-9.926110237755718e-05,9.926110237755718e-05,64
pre_selector,23,31,0.0,0.0,0.0,0.5,-0.0001186066347145247,0.00011860663471452497,64
pre_selector,23,30,0.0,0.0,0.0,0.5,-0.004476973386772425,0.004476973386772425,64
pre_selector,33,5,0.0,0.0,0.0,0.5,-0.00023907448758107367,0.0002390744875810737,64
pre_selector,12,25,0.0,0.0,0.0,0.5,6.723274776909705e-07,-6.723274776909705e-07,64
pre_selector,6,12,0.0,0.0,0.0,0.5,-0.00032230045690084683,0.0003223004569008469,64
pre_selector,8,26,0.0,0.0,0.0,0.5,-3.271551759098815e-05,3.271551759098817e-05,64
pre_selector,8,17,0.0,0.0,0.0,0.5,0.0010998932484653562,-0.0010998932484653562,64
pre_selector,8,15,0.0,0.0,0.0,0.5,-2.586593564047304e-05,2.586593564047304e-05,64
pre_selector,27,4,0.0,0.0,0.0,0.5,0.0002348774651181833,-0.00023487746511818332,64
pre_selector,9,16,0.0,0.0,0.0,0.5,5.5458996257591045e-06,-5.545899625759096e-06,64
pre_selector,18,9,0.0,0.0,0.0,0.5,0.00039044211189318933,-0.0003904421118931894,64
pre_selector,18,7,0.0,0.0,0.0,0.5,0.00021158997151359015,-0.00021158997151359015,64
pre_selector,15,3,0.0,0.0,0.0,0.5,0.0016994986362988,-0.0016994986362988,64
pre_selector,35,22,0.0,0.0,0.0,0.5,-0.005654031614540119,0.005654031614540119,64
pre_selector,10,24,0.0,0.0,0.0,0.5,0.0005505322496901593,-0.0005505322496901593,64
pre_selector,19,0,0.0,0.0,0.0,0.5,0.0013207261690695062,-0.0013207261690695064,64
pre_selector,25,24,0.0,0.0,0.0,0.5,0.0014687978327856236,-0.0014687978327856239,64
pre_selector,27,19,0.0,0.0,0.0,0.5,-0.004170443462498938,0.004170443462498937,64
pre_selector,27,17,0.0,0.0,0.0,0.5,-0.0007446930985679245,0.0007446930985679245,64
pre_selector,10,26,0.0,0.0,0.0,0.5,-7.170481694633041e-06,7.170481694633048e-06,64
pre_selector,27,14,0.0,0.0,0.0,0.5,-0.001461999725506726,0.001461999725506726,64
pre_selector,18,6,0.0,0.0,0.0,0.5,0.0017813119629863478,-0.001781311962986348,64
pre_selector,24,7,0.0,0.0,0.0,0.5,0.0008790521605988001,-0.0008790521605988001,64
pre_selector,29,10,0.0,0.0,0.0,0.5,-0.0003042846622065341,0.0003042846622065341,64
pre_selector,29,5,0.0,0.0,0.0,0.5,-0.001740941566822553,0.0017409415668225533,64
pre_selector,29,4,0.0,0.0,0.0,0.5,-0.0014184841238602214,0.0014184841238602214,64
pre_selector,0,26,0.0,0.0,0.0,0.5,-0.005350202896806868,0.005350202896806868,64
pre_selector,29,14,0.0,0.0,0.0,0.5,-0.0009984939260902863,0.000998493926090286,64
pre_selector,0,8,0.0,0.0,0.0,0.5,0.0005414462793851185,-0.0005414462793851189,64
pre_selector,11,21,0.0,0.0,0.0,0.5,2.975410609451501e-06,-2.975410609451501e-06,64
pre_selector,0,4,0.0,0.0,0.0,0.5,0.004107497748918825,-0.004107497748918824,64
pre_selector,1,31,0.0,0.0,0.0,0.5,-0.0005953092234563033,0.0005953092234563033,64
pre_selector,18,19,0.0,0.0,0.0,0.5,0.0010834858276211686,-0.0010834858276211688,64
pre_selector,18,17,0.0,0.0,0.0,0.5,-5.772751308087257e-05,5.7727513080872586e-05,64
pre_selector,9,4,0.0,0.0,0.0,0.5,6.4051832282530086e-06,-6.4051832282530086e-06,64
pre_selector,19,7,0.0,0.0,0.0,0.5,-0.0004139265438425308,0.0004139265438425308,64
pre_selector,20,19,0.0,0.0,0.0,0.5,0.0005980655951134281,-0.0005980655951134282,64
pre_selector,19,8,0.0,0.0,0.0,0.5,6.473185931099134e-05,-6.473185931099134e-05,64
pre_selector,0,6,0.0,0.0,0.0,0.5,0.0035103474947391156,-0.0035103474947391156,64
pre_selector,9,2,0.0,0.0,0.0,0.5,5.657803194480258e-05,-5.657803194480256e-05,64
pre_selector,6,2,0.0,0.0,0.0,0.5,0.0008985639587990565,-0.0008985639587990564,64
pre_selector,6,11,0.0,0.0,0.0,0.5,8.119911581162126e-05,-8.119911581162129e-05,64
pre_selector,15,14,0.0,0.0,0.0,0.5,0.00010813754397529527,-0.00010813754397529524,64
pre_selector,19,2,0.0,0.0,0.0,0.5,0.0008486968927172616,-0.0008486968927172616,64
pre_selector,30,13,0.0,0.0,0.0,0.5,-0.00025530548487039323,0.00025530548487039323,64
pre_selector,11,30,0.0,0.0,0.0,0.5,-4.438269616001778e-05,4.4382696160017785e-05,64
pre_selector,10,30,0.0,0.0,0.0,0.5,-3.498426940494933e-05,3.498426940494932e-05,64
pre_selector,21,21,0.0,0.0,0.0,0.5,-0.0004360963976068843,0.00043609639760688434,64
pre_selector,21,16,0.0,0.0,0.0,0.5,0.0012414064985932648,-0.0012414064985932648,64
pre_selector,21,15,0.0,0.0,0.0,0.5,0.0008146288237185094,-0.0008146288237185094,64
pre_selector,18,11,0.0,0.0,0.0,0.5,0.000477826592941688,-0.0004778265929416879,64
pre_selector,20,24,0.0,0.0,0.0,0.5,-1.44108101949314e-05,1.44108101949314e-05,64
pre_selector,10,16,0.0,0.0,0.0,0.5,-8.748897789698867e-05,8.748897789698867e-05,64
pre_selector,34,16,0.0,0.0,0.0,0.5,-0.001499272068031097,0.0014992720680310969,64
pre_selector,34,15,0.0,0.0,0.0,0.5,-0.0006151515408419124,0.0006151515408419126,64
pre_selector,35,9,0.0,0.0,0.0,0.5,-0.0006286137941060532,0.0006286137941060531,64
pre_selector,27,12,0.0,0.0,0.0,0.5,-0.00019255972529207252,0.00019255972529207252,64
pre_selector,6,3,0.0,0.0,0.0,0.5,0.0006861844776722096,-0.0006861844776722096,64
pre_selector,34,8,0.0,0.0,0.0,0.5,-0.0003233997795177685,0.00032339977951776857,64
pre_selector,6,1,0.0,0.0,0.0,0.5,0.0002526377011236169,-0.00025263770112361685,64
pre_selector,19,29,0.0,0.0,0.0,0.5,0.0001641585313336435,-0.00016415853133364345,64
pre_selector,13,11,0.0,0.0,0.0,0.5,1.782293094265666e-05,-1.782293094265666e-05,64
pre_selector,34,25,0.0,0.0,0.0,0.5,0.00012540506759249132,-0.00012540506759249132,64
pre_selector,35,0,0.0,0.0,0.0,0.5,-4.9576090532348045e-05,4.957609053234802e-05,64
pre_selector,9,3,0.0,0.0,0.0,0.5,-0.0005315134658303491,0.0005315134658303492,64
pre_selector,10,25,0.0,0.0,0.0,0.5,3.259175429091812e-06,-3.259175429091812e-06,64
pre_selector,9,24,0.0,0.0,0.0,0.5,-7.023812213447186e-05,7.023812213447185e-05,64
pre_selector,9,23,0.0,0.0,0.0,0.5,-7.185037645733942e-06,7.185037645733956e-06,64
pre_selector,9,20,0.0,0.0,0.0,0.5,-5.821039121655148e-05,5.8210391216551484e-05,64
pre_selector,9,18,0.0,0.0,0.0,0.5,-1.4400494556805548e-05,1.4400494556805547e-05,64
pre_selector,21,22,0.0,0.0,0.0,0.5,-0.00341473316075279,0.003414733160752791,64
pre_selector,20,7,0.0,0.0,0.0,0.5,-0.00022995413564784982,0.00022995413564784987,64
pre_selector,20,5,0.0,0.0,0.0,0.5,-0.00031956497332430943,0.00031956497332430954,64
pre_selector,19,9,0.0,0.0,0.0,0.5,0.00018553295376477183,-0.00018553295376477194,64
pre_selector,23,20,0.0,0.0,0.0,0.5,0.00015020291175460082,-0.00015020291175460085,64
pre_selector,23,12,0.0,0.0,0.0,0.5,-0.0007540168880950813,0.000754016888095081,64
pre_selector,31,19,0.0,0.0,0.0,0.5,-0.0008399582184210874,0.0008399582184210874,64
pre_selector,11,10,0.0,0.0,0.0,0.5,-2.2423243763112755e-05,2.2423243763112755e-05,64
pre_selector,30,24,0.0,0.0,0.0,0.5,-0.0031814859903533583,0.0031814859903533587,64
pre_selector,31,14,0.0,0.0,0.0,0.5,-0.002355294637709416,0.0023552946377094156,64
pre_selector,31,11,0.0,0.0,0.0,0.5,-0.00031851936182647115,0.0003185193618264711,64
pre_selector,30,16,0.0,0.0,0.0,0.5,-0.0011760914421756594,0.0011760914421756591,64
pre_selector,31,9,0.0,0.0,0.0,0.5,-0.0009521547581243682,0.0009521547581243682,64
pre_selector,31,8,0.0,0.0,0.0,0.5,-0.003952429178752919,0.003952429178752918,64
pre_selector,31,6,0.0,0.0,0.0,0.5,-0.002318576698598906,0.002318576698598906,64
pre_selector,18,13,0.0,0.0,0.0,0.5,0.0005232358234934307,-0.0005232358234934308,64
pre_selector,23,5,0.0,0.0,0.0,0.5,-0.002292414224939401,0.0022924142249394004,64
pre_selector,22,27,0.0,0.0,0.0,0.5,-3.260574999329646e-05,3.260574999329646e-05,64
pre_selector,22,25,0.0,0.0,0.0,0.5,-0.00018149640578711714,0.00018149640578711714,64
pre_selector,7,29,0.0,0.0,0.0,0.5,6.41445575411173e-06,-6.41445575411173e-06,64
pre_selector,31,10,0.0,0.0,0.0,0.5,-0.000924430805753225,0.000924430805753225,64
pre_selector,5,29,0.0,0.0,0.0,0.5,0.000603369880991529,-0.0006033698809915289,64
pre_selector,5,25,0.0,0.0,0.0,0.5,0.0027906257346330754,-0.002790625734633075,64
pre_selector,5,24,0.0,0.0,0.0,0.5,0.0029041754060017176,-0.0029041754060017176,64
pre_selector,26,19,0.0,0.0,0.0,0.5,0.0003824259638349724,-0.0003824259638349723,64
pre_selector,26,17,0.0,0.0,0.0,0.5,-5.0990005547662506e-05,5.099000554766244e-05,64
pre_selector,11,9,0.0,0.0,0.0,0.5,-4.4489745398834657e-07,4.448974539883466e-07,64
pre_selector,11,6,0.0,0.0,0.0,0.5,-7.492670647479382e-05,7.492670647479385e-05,64
pre_selector,23,22,0.0,0.0,0.0,0.5,0.0011625934566836663,-0.0011625934566836663,64
pre_selector,5,20,0.0,0.0,0.0,0.5,0.0008012577782210339,-0.0008012577782210339,64
pre_selector,5,16,0.0,0.0,0.0,0.5,0.003989525717770435,-0.003989525717770434,64
pre_selector,5,14,0.0,0.0,0.0,0.5,0.00040494700078853125,-0.0004049470007885313,64
pre_selector,5,12,0.0,0.0,0.0,0.5,0.0006791948835598281,-0.0006791948835598281,64
pre_selector,5,7,0.0,0.0,0.0,0.5,0.0008063539225986504,-0.0008063539225986503,64
pre_selector,4,13,0.0,0.0,0.0,0.5,0.0013199400509620377,-0.0013199400509620377,64
pre_selector,4,10,0.0,0.0,0.0,0.5,0.002954375104309278,-0.0029543751043092778,64
pre_selector,7,12,0.0,0.0,0.0,0.5,-0.000553628273337372,0.0005536282733373719,64
pre_selector,11,5,0.0,0.0,0.0,0.5,-1.3231809532474617e-06,1.3231809532474617e-06,64
pre_selector,12,2,0.0,0.0,0.0,0.5,9.108769745580503e-06,-9.108769745580503e-06,64
pre_selector,5,23,0.0,0.0,0.0,0.5,0.00325112512700797,-0.00325112512700797,64
pre_selector,5,22,0.0,0.0,0.0,0.5,0.0024248828472082018,-0.0024248828472082018,64
pre_selector,14,15,0.0,0.0,0.0,0.5,-0.0010877564200200193,0.0010877564200200193,64
pre_selector,14,11,0.0,0.0,0.0,0.5,0.0001297990593229781,-0.00012979905932297814,64
pre_selector,24,17,0.0,0.0,0.0,0.5,3.1544032026509315e-06,-3.1544032026508773e-06,64
pre_selector,28,30,0.0,0.0,0.0,0.5,3.1525473332296644e-05,-3.152547333229665e-05,64
pre_selector,31,1,0.0,0.0,0.0,0.5,-2.804400810418178e-05,2.804400810418178e-05,64
pre_selector,17,24,0.0,0.0,0.0,0.5,0.0006370046939991675,-0.0006370046939991675,64
pre_selector,17,20,0.0,0.0,0.0,0.5,3.2809547803925896e-05,-3.2809547803925896e-05,64
pre_selector,17,18,0.0,0.0,0.0,0.5,0.0003423703838052181,-0.000342370383805218,64
pre_selector,17,6,0.0,0.0,0.0,0.5,7.499749699492174e-06,-7.499749699492133e-06,64
pre_selector,17,4,0.0,0.0,0.0,0.5,0.0007125388074200454,-0.0007125388074200454,64
pre_selector,17,2,0.0,0.0,0.0,0.5,-0.00030259655613917814,0.0003025965561391782,64
pre_selector,18,16,0.0,0.0,0.0,0.5,0.0002509227233531228,-0.00025092272335312284,64
pre_selector,31,23,0.0,0.0,0.0,0.5,-2.936402324836932e-06,2.9364023248369184e-06,64
pre_selector,28,28,0.0,0.0,0.0,0.5,-1.3299380270843557e-05,1.3299380270843557e-05,64
pre_selector,30,31,0.0,0.0,0.0,0.5,-8.731330979116967e-06,8.731330979116969e-06,64
pre_selector,30,26,0.0,0.0,0.0,0.5,-0.0015979816735125578,0.0015979816735125583,64
pre_selector,7,24,0.0,0.0,0.0,0.5,5.346241414371281e-05,-5.346241414371281e-05,64
pre_selector,7,18,0.0,0.0,0.0,0.5,6.728510174979692e-05,-6.728510174979692e-05,64
response_first,0,21,0.0,0.0,0.0,0.5,1.2289798007714126e-05,-1.2289798007714126e-05,64
response_first,0,18,0.0,0.0,0.0,0.5,1.4922984519216698e-06,-1.4922984519216698e-06,64
response_first,0,2,0.0,0.0,0.0,0.5,6.515962326143681e-06,-6.515962326143681e-06,64
pre_selector,24,19,0.0,0.0,0.0,0.5,-0.0003784179552894653,0.00037841795528946513,64
pre_selector,12,7,0.0,0.0,0.0,0.5,-3.0508243526123275e-05,3.0508243526123275e-05,64
pre_selector,7,16,0.0,0.0,0.0,0.5,9.873699156057134e-06,-9.873699156057132e-06,64
pre_selector,7,14,0.0,0.0,0.0,0.5,-0.00032907173954299136,0.0003290717395429914,64
pre_selector,7,13,0.0,0.0,0.0,0.5,-5.1550588977996995e-05,5.155058897799689e-05,64
pre_selector,2,21,0.0,0.0,0.0,0.5,0.0019157142560288583,-0.0019157142560288585,64
pre_selector,2,18,0.0,0.0,0.0,0.5,0.0002035340658039876,-0.0002035340658039875,64
pre_selector,2,15,0.0,0.0,0.0,0.5,0.0003442570741753989,-0.00034425707417539894,64
pre_selector,2,14,0.0,0.0,0.0,0.5,0.0010678661565179835,-0.0010678661565179835,64
pre_selector,12,10,0.0,0.0,0.0,0.5,0.00022547865501110068,-0.00022547865501110063,64
pre_selector,4,31,0.0,0.0,0.0,0.5,0.00044174218373882305,-0.00044174218373882305,64
